modes,method,seed,step,mode_tv,valid_fraction,coverage_1pct,coverage_relative
8,vanilla,0,0,1.0,0.0,0,0
8,vanilla,0,1000,0.9057999999999999,0.09419999999999995,8,8
8,vanilla,0,2000,0.5601,0.43989999999999996,8,8
8,vanilla,0,3000,0.376,0.624,8,8
8,vanilla,0,4000,0.29269999999999996,0.7213,8,8
8,vanilla,0,5000,0.2541,0.7736,8,8
8,vanilla,0,6000,0.22650000000000003,0.8068,8,8
8,vanilla,0,7000,0.21629999999999996,0.8137000000000001,8,8
8,vanilla,0,8000,0.1921,0.8406,8,8
8,vanilla,0,9000,0.19169999999999998,0.8434,8,8
8,vanilla,0,10000,0.17610000000000003,0.8595999999999999,8,8
8,vanilla,0,11000,0.16670000000000001,0.868,8,8
8,vanilla,0,12000,0.1582,0.8774,8,8
8,vanilla,0,13000,0.1521,0.8853,8,8
8,vanilla,0,14000,0.16829999999999998,0.8647,8,8
8,vanilla,0,15000,0.14440000000000003,0.8897999999999999,8,8
8,vanilla,0,16000,0.13649999999999998,0.8971,8,8
8,vanilla,0,17000,0.1344,0.8992,8,8
8,vanilla,0,18000,0.13280000000000003,0.8995,8,8
8,vanilla,0,19000,0.13429999999999997,0.893,8,8
8,vanilla,0,20000,0.1436,0.8864,8,8
8,vanilla,0,21000,0.13319999999999996,0.9028,8,8
8,vanilla,0,22000,0.1886,0.8447,8,8
8,vanilla,0,23000,0.1255,0.9071,8,8
8,vanilla,0,24000,0.12270000000000005,0.9159999999999999,8,8
8,vanilla,0,25000,0.12660000000000005,0.9179999999999999,8,8
8,vanilla,0,26000,0.12070000000000003,0.9107999999999999,8,8
8,vanilla,0,27000,0.11850000000000002,0.9155,8,8
8,vanilla,0,28000,0.11820000000000006,0.9162999999999999,8,8
8,vanilla,0,29000,0.122,0.909,8,8
8,vanilla,0,30000,0.11389999999999997,0.919,8,8
8,vanilla,0,31000,0.11649999999999998,0.919,8,8
8,vanilla,0,32000,0.11669999999999997,0.9187000000000001,8,8
8,vanilla,0,33000,0.11710000000000004,0.9098999999999999,8,8
8,vanilla,0,34000,0.10580000000000003,0.9299,8,8
8,vanilla,0,35000,0.10740000000000002,0.9318,8,8
8,vanilla,0,36000,0.13190000000000002,0.8772,8,8
8,vanilla,0,37000,0.10519999999999999,0.9202,8,8
8,vanilla,0,38000,0.09760000000000002,0.9359,8,8
8,vanilla,0,39000,0.10610000000000003,0.9308,8,8
8,vanilla,0,40000,0.09879999999999996,0.9347000000000001,8,8
8,vanilla,0,41000,0.09899999999999998,0.9321,8,8
8,vanilla,0,42000,0.10279999999999997,0.933,8,8
8,vanilla,0,43000,0.10140000000000002,0.9339999999999999,8,8
8,vanilla,0,44000,0.10769999999999998,0.9192,8,8
8,vanilla,0,45000,0.13240000000000005,0.9020999999999999,8,8
8,vanilla,0,46000,0.11089999999999998,0.9273,8,8
8,vanilla,0,47000,0.10359999999999998,0.9381,8,8
8,vanilla,0,48000,0.10300000000000006,0.9346999999999999,8,8
8,vanilla,0,49000,0.11029999999999998,0.9243,8,8
8,vanilla,0,50000,0.09999999999999999,0.9373,8,8
8,vanilla,1,0,1.0,0.0,0,0
8,vanilla,1,1000,0.8913,0.10870000000000002,5,5
8,vanilla,1,2000,0.6494,0.3506,7,7
8,vanilla,1,3000,0.4599,0.5401,8,8
8,vanilla,1,4000,0.3512,0.656,8,8
8,vanilla,1,5000,0.3228,0.7109000000000001,8,8
8,vanilla,1,6000,0.30310000000000004,0.7626999999999999,8,8
8,vanilla,1,7000,0.2814,0.7963,8,8
8,vanilla,1,8000,0.26380000000000003,0.8183,8,8
8,vanilla,1,9000,0.26180000000000003,0.8348,7,7
8,vanilla,1,10000,0.26180000000000003,0.8393999999999999,8,8
8,vanilla,1,11000,0.25260000000000005,0.8593999999999998,7,7
8,vanilla,1,12000,0.2592,0.8643,7,7
8,vanilla,1,13000,0.25360000000000005,0.8735999999999999,7,7
8,vanilla,1,14000,0.26830000000000004,0.845,7,7
8,vanilla,1,15000,0.2539,0.8673,7,7
8,vanilla,1,16000,0.24369999999999997,0.8848,6,6
8,vanilla,1,17000,0.2398,0.89,7,7
8,vanilla,1,18000,0.241,0.8949,6,6
8,vanilla,1,19000,0.24489999999999998,0.8918,6,6
8,vanilla,1,20000,0.24800000000000005,0.8902999999999999,6,6
8,vanilla,1,21000,0.23679999999999995,0.8988,6,6
8,vanilla,1,22000,0.23989999999999997,0.8925000000000001,6,6
8,vanilla,1,23000,0.24180000000000001,0.9074,6,6
8,vanilla,1,24000,0.24169999999999997,0.9086000000000001,6,6
8,vanilla,1,25000,0.24130000000000001,0.9114,6,6
8,vanilla,1,26000,0.2405,0.9102,6,6
8,vanilla,1,27000,0.2381,0.9156,6,6
8,vanilla,1,28000,0.2415,0.9089,6,6
8,vanilla,1,29000,0.2399,0.9167000000000001,6,6
8,vanilla,1,30000,0.23779999999999996,0.9044000000000001,6,6
8,vanilla,1,31000,0.2403,0.9208999999999999,6,6
8,vanilla,1,32000,0.23890000000000003,0.9255,6,6
8,vanilla,1,33000,0.2393,0.9115,6,6
8,vanilla,1,34000,0.24029999999999996,0.9208000000000001,6,6
8,vanilla,1,35000,0.2419,0.9213,6,6
8,vanilla,1,36000,0.24059999999999993,0.9223000000000001,6,6
8,vanilla,1,37000,0.2419,0.9263,6,6
8,vanilla,1,38000,0.24239999999999998,0.9209,6,6
8,vanilla,1,39000,0.24119999999999997,0.9279000000000001,6,6
8,vanilla,1,40000,0.242,0.9313,6,6
8,vanilla,1,41000,0.24169999999999994,0.9285000000000001,6,6
8,vanilla,1,42000,0.2414,0.9322,6,6
8,vanilla,1,43000,0.2429,0.9212,6,6
8,vanilla,1,44000,0.24210000000000004,0.9279999999999999,6,6
8,vanilla,1,45000,0.24259999999999998,0.9293,6,6
8,vanilla,1,46000,0.24239999999999998,0.9127000000000001,6,6
8,vanilla,1,47000,0.24159999999999995,0.9309000000000001,6,6
8,vanilla,1,48000,0.24210000000000004,0.9345,6,6
8,vanilla,1,49000,0.2414,0.9274,6,6
8,vanilla,1,50000,0.2502,0.8991,6,6
8,vanilla,2,0,1.0,0.0,0,0
8,vanilla,2,1000,0.9058999999999999,0.09409999999999996,5,5
8,vanilla,2,2000,0.6294,0.37060000000000004,7,7
8,vanilla,2,3000,0.5252,0.5161,8,8
8,vanilla,2,4000,0.42079999999999995,0.643,8,8
8,vanilla,2,5000,0.35740000000000005,0.7167999999999999,8,8
8,vanilla,2,6000,0.34319999999999995,0.7656000000000001,8,8
8,vanilla,2,7000,0.34440000000000004,0.7881,8,8
8,vanilla,2,8000,0.33729999999999993,0.8115000000000001,7,7
8,vanilla,2,9000,0.337,0.8293,7,7
8,vanilla,2,10000,0.3351,0.8358,6,6
8,vanilla,2,11000,0.32830000000000004,0.8436999999999999,6,6
8,vanilla,2,12000,0.3395,0.8492,6,6
8,vanilla,2,13000,0.31570000000000004,0.8642,6,6
8,vanilla,2,14000,0.31100000000000005,0.8772,6,6
8,vanilla,2,15000,0.3106,0.8728,6,6
8,vanilla,2,16000,0.3056,0.8845999999999999,6,6
8,vanilla,2,17000,0.2973,0.8934,6,6
8,vanilla,2,18000,0.2993,0.894,6,6
8,vanilla,2,19000,0.2943,0.9035,6,6
8,vanilla,2,20000,0.29450000000000004,0.8956999999999999,6,6
8,vanilla,2,21000,0.29159999999999997,0.9085,6,6
8,vanilla,2,22000,0.29350000000000004,0.9074,6,6
8,vanilla,2,23000,0.29159999999999997,0.8984000000000001,6,6
8,vanilla,2,24000,0.2902,0.9139999999999999,6,6
8,vanilla,2,25000,0.28629999999999994,0.9195000000000001,6,6
8,vanilla,2,26000,0.2844,0.9206,6,6
8,vanilla,2,27000,0.28869999999999996,0.918,6,6
8,vanilla,2,28000,0.29070000000000007,0.9165999999999999,6,6
8,vanilla,2,29000,0.2888,0.921,6,6
8,vanilla,2,30000,0.2894,0.9075,6,6
8,vanilla,2,31000,0.28609999999999997,0.9241,6,6
8,vanilla,2,32000,0.285,0.9253,6,6
8,vanilla,2,33000,0.28709999999999997,0.9239,6,6
8,vanilla,2,34000,0.2846,0.9267,6,6
8,vanilla,2,35000,0.28189999999999993,0.9327000000000001,6,6
8,vanilla,2,36000,0.2796,0.9206,6,6
8,vanilla,2,37000,0.28200000000000003,0.9297,6,6
8,vanilla,2,38000,0.2772,0.9318,6,6
8,vanilla,2,39000,0.29000000000000004,0.9092,6,6
8,vanilla,2,40000,0.27859999999999996,0.9342000000000001,6,6
8,vanilla,2,41000,0.282,0.9309000000000001,6,6
8,vanilla,2,42000,0.2764999999999999,0.9323000000000001,6,6
8,vanilla,2,43000,0.2829,0.9179,6,6
8,vanilla,2,44000,0.2788,0.9337,6,6
8,vanilla,2,45000,0.2763,0.9396,6,6
8,vanilla,2,46000,0.2751,0.9325,6,6
8,vanilla,2,47000,0.2744,0.9332,6,6
8,vanilla,2,48000,0.2753,0.9313,6,6
8,vanilla,2,49000,0.26990000000000003,0.942,6,6
8,vanilla,2,50000,0.27249999999999996,0.937,6,6
8,vanilla,3,0,1.0,0.0,0,0
8,vanilla,3,1000,0.9101999999999999,0.08979999999999999,6,6
8,vanilla,3,2000,0.5393,0.4607,8,8
8,vanilla,3,3000,0.35750000000000004,0.6425,8,8
8,vanilla,3,4000,0.27860000000000007,0.7310999999999999,8,8
8,vanilla,3,5000,0.23990000000000009,0.7812999999999999,8,8
8,vanilla,3,6000,0.21430000000000002,0.813,8,8
8,vanilla,3,7000,0.20420000000000005,0.8315999999999999,8,8
8,vanilla,3,8000,0.19690000000000002,0.8456,8,8
8,vanilla,3,9000,0.19319999999999998,0.8527,8,8
8,vanilla,3,10000,0.19300000000000003,0.8494999999999999,8,8
8,vanilla,3,11000,0.1713,0.8702,8,8
8,vanilla,3,12000,0.1731,0.8793,8,8
8,vanilla,3,13000,0.1605,0.8878,8,8
8,vanilla,3,14000,0.1627,0.8896000000000001,8,8
8,vanilla,3,15000,0.15410000000000001,0.8988,8,8
8,vanilla,3,16000,0.1547,0.8995,8,8
8,vanilla,3,17000,0.1541,0.8988,8,8
8,vanilla,3,18000,0.15389999999999998,0.8955000000000001,7,7
8,vanilla,3,19000,0.15380000000000005,0.9067999999999999,8,8
8,vanilla,3,20000,0.159,0.9132,8,8
8,vanilla,3,21000,0.1574,0.9077999999999999,7,7
8,vanilla,3,22000,0.15690000000000007,0.9132999999999999,8,8
8,vanilla,3,23000,0.15499999999999997,0.9079,8,8
8,vanilla,3,24000,0.1556,0.9212,8,8
8,vanilla,3,25000,0.154,0.9213,7,7
8,vanilla,3,26000,0.15890000000000004,0.9191999999999999,7,7
8,vanilla,3,27000,0.15650000000000003,0.9219999999999999,7,7
8,vanilla,3,28000,0.15789999999999998,0.9262,7,7
8,vanilla,3,29000,0.18310000000000007,0.8840999999999999,7,7
8,vanilla,3,30000,0.15600000000000003,0.9299,7,7
8,vanilla,3,31000,0.1555,0.9232,7,7
8,vanilla,3,32000,0.15000000000000002,0.9376,8,8
8,vanilla,3,33000,0.15289999999999998,0.9338000000000001,7,7
8,vanilla,3,34000,0.15090000000000003,0.9343999999999999,7,7
8,vanilla,3,35000,0.20729999999999998,0.8382000000000001,7,7
8,vanilla,3,36000,0.15830000000000002,0.9208999999999999,7,7
8,vanilla,3,37000,0.15319999999999995,0.9373000000000001,7,7
8,vanilla,3,38000,0.153,0.9439,7,7
8,vanilla,3,39000,0.15850000000000003,0.9315,7,7
8,vanilla,3,40000,0.15480000000000005,0.9337,7,7
8,vanilla,3,41000,0.1558,0.9265,7,7
8,vanilla,3,42000,0.15400000000000003,0.9333999999999999,7,7
8,vanilla,3,43000,0.15030000000000002,0.9248,7,7
8,vanilla,3,44000,0.1557000000000001,0.9268999999999998,7,7
8,vanilla,3,45000,0.2741,0.7924,7,7
8,vanilla,3,46000,0.14479999999999998,0.9400000000000001,7,7
8,vanilla,3,47000,0.1444,0.9394,7,7
8,vanilla,3,48000,0.14700000000000005,0.9289,7,7
8,vanilla,3,49000,0.1441,0.9339,7,7
8,vanilla,3,50000,0.15109999999999996,0.9371,7,7
8,vanilla,4,0,1.0,0.0,0,0
8,vanilla,4,1000,0.8911,0.1089,5,5
8,vanilla,4,2000,0.6328,0.36719999999999997,7,7
8,vanilla,4,3000,0.43080000000000007,0.5691999999999999,8,8
8,vanilla,4,4000,0.30240000000000006,0.7,8,8
8,vanilla,4,5000,0.24069999999999997,0.7619,8,8
8,vanilla,4,6000,0.21199999999999997,0.7909,8,8
8,vanilla,4,7000,0.1837,0.8223,8,8
8,vanilla,4,8000,0.17739999999999997,0.8355,8,8
8,vanilla,4,9000,0.17280000000000004,0.8485999999999999,8,8
8,vanilla,4,10000,0.16379999999999997,0.8619,8,8
8,vanilla,4,11000,0.16129999999999997,0.8704000000000001,8,8
8,vanilla,4,12000,0.15979999999999997,0.8805000000000001,8,8
8,vanilla,4,13000,0.1565,0.8889,8,8
8,vanilla,4,14000,0.1601,0.8818,8,8
8,vanilla,4,15000,0.15360000000000004,0.8875,8,8
8,vanilla,4,16000,0.14900000000000002,0.8997999999999999,8,8
8,vanilla,4,17000,0.14969999999999997,0.8956000000000001,7,7
8,vanilla,4,18000,0.15280000000000005,0.8991,7,7
8,vanilla,4,19000,0.14490000000000003,0.9056,7,7
8,vanilla,4,20000,0.15609999999999996,0.8827,7,7
8,vanilla,4,21000,0.14300000000000002,0.9095,7,7
8,vanilla,4,22000,0.14020000000000005,0.9127,7,7
8,vanilla,4,23000,0.14290000000000003,0.9068999999999999,7,7
8,vanilla,4,24000,0.14080000000000004,0.9178,7,7
8,vanilla,4,25000,0.14,0.9217,7,7
8,vanilla,4,26000,0.14810000000000004,0.9017,7,7
8,vanilla,4,27000,0.14629999999999999,0.9251,7,7
8,vanilla,4,28000,0.1475,0.9115000000000001,7,7
8,vanilla,4,29000,0.147,0.9252,7,7
8,vanilla,4,30000,0.1461,0.9286,7,7
8,vanilla,4,31000,0.14589999999999997,0.9319000000000001,7,7
8,vanilla,4,32000,0.1476,0.8996999999999999,7,7
8,vanilla,4,33000,0.14440000000000003,0.9308,7,7
8,vanilla,4,34000,0.197,0.8516,7,7
8,vanilla,4,35000,0.1481,0.9269,7,7
8,vanilla,4,36000,0.14780000000000001,0.9359999999999999,7,7
8,vanilla,4,37000,0.1489,0.9375,7,7
8,vanilla,4,38000,0.14550000000000002,0.9378,7,7
8,vanilla,4,39000,0.1514,0.9312,7,7
8,vanilla,4,40000,0.14419999999999997,0.9331,7,7
8,vanilla,4,41000,0.14509999999999998,0.9302,7,7
8,vanilla,4,42000,0.14589999999999997,0.928,7,7
8,vanilla,4,43000,0.15690000000000004,0.9158,7,7
8,vanilla,4,44000,0.14620000000000002,0.9359999999999999,7,7
8,vanilla,4,45000,0.1448,0.9427,7,7
8,vanilla,4,46000,0.14630000000000004,0.9383999999999999,7,7
8,vanilla,4,47000,0.14409999999999995,0.9411,7,7
8,vanilla,4,48000,0.1431,0.9425,7,7
8,vanilla,4,49000,0.18700000000000006,0.8827999999999999,7,7
8,vanilla,4,50000,0.1421,0.9264,7,7
8,rsgan,0,0,1.0,0.0,0,0
8,rsgan,0,1000,0.9093,0.0907,5,5
8,rsgan,0,2000,0.569,0.43100000000000005,8,8
8,rsgan,0,3000,0.389,0.611,8,8
8,rsgan,0,4000,0.2858,0.7188,8,8
8,rsgan,0,5000,0.24599999999999997,0.7719,8,8
8,rsgan,0,6000,0.2234,0.7996,8,8
8,rsgan,0,7000,0.21170000000000003,0.8210999999999999,8,8
8,rsgan,0,8000,0.20479999999999995,0.8320000000000001,8,8
8,rsgan,0,9000,0.19229999999999994,0.8510000000000001,8,8
8,rsgan,0,10000,0.19640000000000002,0.8533999999999999,8,8
8,rsgan,0,11000,0.18679999999999997,0.8695,8,8
8,rsgan,0,12000,0.17590000000000003,0.8744,8,8
8,rsgan,0,13000,0.16950000000000004,0.8814,8,8
8,rsgan,0,14000,0.1627,0.8815999999999999,8,8
8,rsgan,0,15000,0.16959999999999997,0.8746,8,8
8,rsgan,0,16000,0.15609999999999996,0.8937,8,8
8,rsgan,0,17000,0.15479999999999994,0.8972000000000001,8,8
8,rsgan,0,18000,0.14869999999999994,0.9006000000000001,8,8
8,rsgan,0,19000,0.14540000000000003,0.9035,8,8
8,rsgan,0,20000,0.14000000000000004,0.9077999999999999,8,8
8,rsgan,0,21000,0.13210000000000002,0.9138999999999999,8,8
8,rsgan,0,22000,0.13549999999999998,0.9093,8,8
8,rsgan,0,23000,0.12829999999999997,0.9127000000000001,8,8
8,rsgan,0,24000,0.15039999999999998,0.8897,8,8
8,rsgan,0,25000,0.1279,0.9095,8,8
8,rsgan,0,26000,0.14230000000000004,0.8916999999999999,8,8
8,rsgan,0,27000,0.1221,0.9194,8,8
8,rsgan,0,28000,0.12729999999999997,0.9167000000000001,8,8
8,rsgan,0,29000,0.12359999999999999,0.913,8,8
8,rsgan,0,30000,0.11979999999999999,0.9251,8,8
8,rsgan,0,31000,0.11920000000000001,0.9286,8,8
8,rsgan,0,32000,0.1975,0.8378,8,8
8,rsgan,0,33000,0.11970000000000001,0.9245,8,8
8,rsgan,0,34000,0.12149999999999998,0.9212,8,8
8,rsgan,0,35000,0.1697,0.871,8,8
8,rsgan,0,36000,0.12239999999999998,0.9189,8,8
8,rsgan,0,37000,0.12009999999999998,0.9209,8,8
8,rsgan,0,38000,0.11689999999999998,0.9107000000000001,8,8
8,rsgan,0,39000,0.11440000000000003,0.9309999999999999,8,8
8,rsgan,0,40000,0.10920000000000002,0.9298,8,8
8,rsgan,0,41000,0.1086,0.9356,8,8
8,rsgan,0,42000,0.10480000000000002,0.9339,8,8
8,rsgan,0,43000,0.1127,0.9062,8,8
8,rsgan,0,44000,0.1073,0.9298,8,8
8,rsgan,0,45000,0.10460000000000007,0.9347999999999999,8,8
8,rsgan,0,46000,0.24939999999999996,0.7612000000000001,8,8
8,rsgan,0,47000,0.1056,0.9374,8,8
8,rsgan,0,48000,0.10479999999999998,0.9361,8,8
8,rsgan,0,49000,0.10719999999999996,0.9349000000000001,8,8
8,rsgan,0,50000,0.10330000000000002,0.9385,8,8
8,rsgan,1,0,1.0,0.0,0,0
8,rsgan,1,1000,0.9122,0.08779999999999999,7,7
8,rsgan,1,2000,0.6004,0.39959999999999996,8,8
8,rsgan,1,3000,0.3869,0.6131,8,8
8,rsgan,1,4000,0.3025,0.6975,8,8
8,rsgan,1,5000,0.25949999999999995,0.7434000000000001,8,8
8,rsgan,1,6000,0.2174,0.7827,8,8
8,rsgan,1,7000,0.19760000000000003,0.8039,8,8
8,rsgan,1,8000,0.19540000000000005,0.8051999999999999,8,8
8,rsgan,1,9000,0.17479999999999998,0.8274,8,8
8,rsgan,1,10000,0.1689,0.8428,8,8
8,rsgan,1,11000,0.16270000000000004,0.8494999999999999,8,8
8,rsgan,1,12000,0.15710000000000002,0.8593999999999999,8,8
8,rsgan,1,13000,0.1445,0.8699,8,8
8,rsgan,1,14000,0.13769999999999993,0.8738000000000001,8,8
8,rsgan,1,15000,0.12990000000000007,0.8782999999999999,8,8
8,rsgan,1,16000,0.11950000000000002,0.8896,8,8
8,rsgan,1,17000,0.1119,0.8942,8,8
8,rsgan,1,18000,0.12019999999999999,0.8869,8,8
8,rsgan,1,19000,0.125,0.876,8,8
8,rsgan,1,20000,0.10270000000000004,0.9018999999999999,8,8
8,rsgan,1,21000,0.1018,0.9032,8,8
8,rsgan,1,22000,0.11929999999999999,0.8847,8,8
8,rsgan,1,23000,0.10110000000000002,0.9047999999999999,8,8
8,rsgan,1,24000,0.10529999999999996,0.8967,8,8
8,rsgan,1,25000,0.0925,0.9103,8,8
8,rsgan,1,26000,0.13319999999999996,0.8714000000000001,8,8
8,rsgan,1,27000,0.08629999999999996,0.9184000000000001,8,8
8,rsgan,1,28000,0.0938,0.9062,8,8
8,rsgan,1,29000,0.08680000000000002,0.9215,8,8
8,rsgan,1,30000,0.08990000000000001,0.9164,8,8
8,rsgan,1,31000,0.08819999999999999,0.9162,8,8
8,rsgan,1,32000,0.07990000000000005,0.9243999999999999,8,8
8,rsgan,1,33000,0.0845,0.9165,8,8
8,rsgan,1,34000,0.0756,0.9258,8,8
8,rsgan,1,35000,0.06830000000000001,0.9318,8,8
8,rsgan,1,36000,0.06330000000000001,0.9377,8,8
8,rsgan,1,37000,0.06,0.9424,8,8
8,rsgan,1,38000,0.07249999999999998,0.933,8,8
8,rsgan,1,39000,0.07469999999999996,0.9304000000000001,8,8
8,rsgan,1,40000,0.0682,0.9322,8,8
8,rsgan,1,41000,0.10929999999999998,0.8937,8,8
8,rsgan,1,42000,0.08580000000000004,0.9141999999999999,8,8
8,rsgan,1,43000,0.07239999999999996,0.9329000000000001,8,8
8,rsgan,1,44000,0.0746,0.9283,8,8
8,rsgan,1,45000,0.0625,0.9376,8,8
8,rsgan,1,46000,0.06939999999999999,0.9332,8,8
8,rsgan,1,47000,0.06259999999999996,0.9423,8,8
8,rsgan,1,48000,0.06020000000000002,0.9409,8,8
8,rsgan,1,49000,0.06279999999999994,0.9416000000000001,8,8
8,rsgan,1,50000,0.06340000000000001,0.9376,8,8
8,rsgan,2,0,1.0,0.0,0,0
8,rsgan,2,1000,0.9011,0.09889999999999999,6,6
8,rsgan,2,2000,0.5778,0.4222,8,8
8,rsgan,2,3000,0.39749999999999996,0.6025,8,8
8,rsgan,2,4000,0.3127,0.6974,8,8
8,rsgan,2,5000,0.2808,0.7388,8,8
8,rsgan,2,6000,0.2581,0.7791,8,8
8,rsgan,2,7000,0.25680000000000003,0.7995,8,8
8,rsgan,2,8000,0.2485,0.8082,8,8
8,rsgan,2,9000,0.23950000000000002,0.8311999999999999,8,8
8,rsgan,2,10000,0.2376,0.8385,8,8
8,rsgan,2,11000,0.22989999999999997,0.8503000000000001,8,8
8,rsgan,2,12000,0.2294,0.8582000000000001,8,8
8,rsgan,2,13000,0.2208,0.8649,8,8
8,rsgan,2,14000,0.21630000000000005,0.8765,7,7
8,rsgan,2,15000,0.2121,0.8772,8,8
8,rsgan,2,16000,0.21710000000000002,0.8702,7,7
8,rsgan,2,17000,0.20539999999999997,0.8876000000000001,8,8
8,rsgan,2,18000,0.2021,0.8953,8,8
8,rsgan,2,19000,0.19789999999999996,0.8968,8,8
8,rsgan,2,20000,0.2007,0.8923,7,7
8,rsgan,2,21000,0.19849999999999995,0.8969,8,8
8,rsgan,2,22000,0.20119999999999996,0.8864000000000001,7,7
8,rsgan,2,23000,0.196,0.9055,7,7
8,rsgan,2,24000,0.19130000000000003,0.9057999999999999,7,7
8,rsgan,2,25000,0.18830000000000002,0.9118999999999999,7,7
8,rsgan,2,26000,0.18439999999999995,0.9134000000000001,8,8
8,rsgan,2,27000,0.20070000000000002,0.8934,7,7
8,rsgan,2,28000,0.18619999999999998,0.9121,7,7
8,rsgan,2,29000,0.1811,0.9157,8,8
8,rsgan,2,30000,0.17950000000000002,0.9226,8,8
8,rsgan,2,31000,0.18070000000000003,0.9240999999999999,8,8
8,rsgan,2,32000,0.1776,0.9252,8,8
8,rsgan,2,33000,0.17630000000000004,0.9261999999999999,8,8
8,rsgan,2,34000,0.17459999999999998,0.9261,8,8
8,rsgan,2,35000,0.17509999999999998,0.9292,8,8
8,rsgan,2,36000,0.17819999999999997,0.9215000000000001,8,8
8,rsgan,2,37000,0.17320000000000005,0.9285999999999999,8,8
8,rsgan,2,38000,0.18000000000000005,0.9218999999999999,8,8
8,rsgan,2,39000,0.16680000000000003,0.9339999999999999,8,8
8,rsgan,2,40000,0.1684,0.9343,8,8
8,rsgan,2,41000,0.1653,0.9315,8,8
8,rsgan,2,42000,0.16250000000000003,0.9307,8,8
8,rsgan,2,43000,0.1616,0.9325,8,8
8,rsgan,2,44000,0.16859999999999997,0.9243,8,8
8,rsgan,2,45000,0.1594,0.9285,8,8
8,rsgan,2,46000,0.1579,0.9317,8,8
8,rsgan,2,47000,0.1603,0.9295,8,8
8,rsgan,2,48000,0.18610000000000002,0.9023,8,8
8,rsgan,2,49000,0.1522,0.9339,8,8
8,rsgan,2,50000,0.15460000000000002,0.9373,8,8
8,rsgan,3,0,1.0,0.0,0,0
8,rsgan,3,1000,0.9119999999999999,0.08799999999999997,5,5
8,rsgan,3,2000,0.6566000000000001,0.34340000000000004,7,7
8,rsgan,3,3000,0.43410000000000004,0.5659,8,8
8,rsgan,3,4000,0.32509999999999994,0.6756000000000001,8,8
8,rsgan,3,5000,0.28959999999999997,0.7270000000000001,8,8
8,rsgan,3,6000,0.2595,0.7665,8,8
8,rsgan,3,7000,0.2484,0.7987,8,8
8,rsgan,3,8000,0.24019999999999997,0.8139000000000001,8,8
8,rsgan,3,9000,0.22029999999999997,0.8141,8,8
8,rsgan,3,10000,0.219,0.8115,8,8
8,rsgan,3,11000,0.1871,0.8525,8,8
8,rsgan,3,12000,0.1805,0.8528,8,8
8,rsgan,3,13000,0.1713,0.8672,8,8
8,rsgan,3,14000,0.17929999999999996,0.8440000000000001,8,8
8,rsgan,3,15000,0.14909999999999998,0.8748,8,8
8,rsgan,3,16000,0.14520000000000002,0.8866999999999999,8,8
8,rsgan,3,17000,0.14429999999999998,0.8864000000000001,8,8
8,rsgan,3,18000,0.14260000000000003,0.8899999999999999,8,8
8,rsgan,3,19000,0.13670000000000002,0.9036,8,8
8,rsgan,3,20000,0.13180000000000003,0.9037999999999999,8,8
8,rsgan,3,21000,0.13590000000000002,0.9036,8,8
8,rsgan,3,22000,0.12850000000000003,0.9007999999999999,8,8
8,rsgan,3,23000,0.13690000000000002,0.8894,8,8
8,rsgan,3,24000,0.11800000000000001,0.9074,8,8
8,rsgan,3,25000,0.12109999999999996,0.9097000000000001,8,8
8,rsgan,3,26000,0.12229999999999999,0.9123,8,8
8,rsgan,3,27000,0.1228,0.9112,8,8
8,rsgan,3,28000,0.12129999999999999,0.9161,8,8
8,rsgan,3,29000,0.1398,0.8933,8,8
8,rsgan,3,30000,0.11549999999999999,0.9172,8,8
8,rsgan,3,31000,0.1161,0.9194,8,8
8,rsgan,3,32000,0.1109,0.9215,8,8
8,rsgan,3,33000,0.11390000000000003,0.9229999999999999,8,8
8,rsgan,3,34000,0.10920000000000005,0.9220999999999999,8,8
8,rsgan,3,35000,0.1039,0.9287,8,8
8,rsgan,3,36000,0.11820000000000003,0.9116,8,8
8,rsgan,3,37000,0.11580000000000001,0.9113,8,8
8,rsgan,3,38000,0.10169999999999998,0.9229,8,8
8,rsgan,3,39000,0.09760000000000003,0.9322999999999999,8,8
8,rsgan,3,40000,0.1286,0.895,8,8
8,rsgan,3,41000,0.10410000000000003,0.9318,8,8
8,rsgan,3,42000,0.09699999999999998,0.9249,8,8
8,rsgan,3,43000,0.09319999999999996,0.9328000000000001,8,8
8,rsgan,3,44000,0.3056,0.7111000000000001,8,8
8,rsgan,3,45000,0.08839999999999996,0.9287000000000001,8,8
8,rsgan,3,46000,0.0894,0.9343,8,8
8,rsgan,3,47000,0.10400000000000004,0.9170999999999999,8,8
8,rsgan,3,48000,0.0829,0.9372,8,8
8,rsgan,3,49000,0.0849,0.9363,8,8
8,rsgan,3,50000,0.0828,0.9386,8,8
8,rsgan,4,0,1.0,0.0,0,0
8,rsgan,4,1000,0.9093,0.0907,5,5
8,rsgan,4,2000,0.6553,0.3447,7,7
8,rsgan,4,3000,0.5608,0.43920000000000003,7,7
8,rsgan,4,4000,0.5647,0.5379,7,7
8,rsgan,4,5000,0.5513,0.6053999999999999,6,6
8,rsgan,4,6000,0.5451,0.7077,6,6
8,rsgan,4,7000,0.5584,0.7635,6,6
8,rsgan,4,8000,0.5721,0.7972,6,6
8,rsgan,4,9000,0.5893999999999999,0.8328000000000001,5,5
8,rsgan,4,10000,0.5809,0.8338000000000001,5,5
8,rsgan,4,11000,0.5848000000000001,0.8568,5,5
8,rsgan,4,12000,0.5868999999999999,0.8659000000000001,5,5
8,rsgan,4,13000,0.5872,0.8642999999999998,6,6
8,rsgan,4,14000,0.5873999999999999,0.8712000000000001,5,5
8,rsgan,4,15000,0.5940000000000001,0.8607,4,4
8,rsgan,4,16000,0.5894999999999999,0.8862000000000001,5,5
8,rsgan,4,17000,0.6012000000000001,0.9060999999999999,4,4
8,rsgan,4,18000,0.6013999999999999,0.9034,4,4
8,rsgan,4,19000,0.5947,0.8954,4,4
8,rsgan,4,20000,0.5964999999999999,0.8974,4,4
8,rsgan,4,21000,0.5972000000000001,0.8804999999999998,4,4
8,rsgan,4,22000,0.6046,0.9145999999999999,4,4
8,rsgan,4,23000,0.6019,0.9143000000000001,4,4
8,rsgan,4,24000,0.6026,0.9148,4,4
8,rsgan,4,25000,0.6071,0.8467,4,4
8,rsgan,4,26000,0.6062,0.9074,3,3
8,rsgan,4,27000,0.6043999999999999,0.9195,4,4
8,rsgan,4,28000,0.6003000000000001,0.9124,4,4
8,rsgan,4,29000,0.6005999999999999,0.9189,4,4
8,rsgan,4,30000,0.5804,0.7826,5,5
8,rsgan,4,31000,0.5960000000000001,0.7746,5,5
8,rsgan,4,32000,0.5712,0.8069,6,6
8,rsgan,4,33000,0.5488999999999999,0.8268,6,6
8,rsgan,4,34000,0.5521,0.8489,6,6
8,rsgan,4,35000,0.5647,0.8692,6,6
8,rsgan,4,36000,0.5737,0.8652,5,5
8,rsgan,4,37000,0.5716,0.8745,6,6
8,rsgan,4,38000,0.6636,0.5668,5,5
8,rsgan,4,39000,0.5753,0.8787,6,6
8,rsgan,4,40000,0.5754999999999999,0.8942,6,6
8,rsgan,4,41000,0.5851000000000001,0.8869,5,5
8,rsgan,4,42000,0.5843,0.8988,6,6
8,rsgan,4,43000,0.5848,0.8914000000000001,5,5
8,rsgan,4,44000,0.5838000000000001,0.8978999999999999,5,5
8,rsgan,4,45000,0.5871999999999999,0.8280000000000001,5,5
8,rsgan,4,46000,0.5854999999999999,0.8923000000000001,5,5
8,rsgan,4,47000,0.5901000000000001,0.8523999999999999,4,4
8,rsgan,4,48000,0.5840000000000001,0.903,5,5
8,rsgan,4,49000,0.5917,0.8920999999999999,5,5
8,rsgan,4,50000,0.5878,0.8995,5,5
8,paired,0,0,1.0,0.0,0,0
8,paired,0,1000,0.9222,0.07779999999999998,4,4
8,paired,0,2000,0.9085000000000001,0.09150000000000003,8,8
8,paired,0,3000,0.6538999999999999,0.34609999999999996,8,8
8,paired,0,4000,0.49470000000000003,0.5053,8,8
8,paired,0,5000,0.3637,0.6363,8,8
8,paired,0,6000,0.2861,0.7139,8,8
8,paired,0,7000,0.2449,0.7551,8,8
8,paired,0,8000,0.20719999999999997,0.7928000000000001,8,8
8,paired,0,9000,0.18230000000000002,0.8177,8,8
8,paired,0,10000,0.17020000000000002,0.8298,8,8
8,paired,0,11000,0.1613,0.8387,8,8
8,paired,0,12000,0.14579999999999996,0.8542000000000001,8,8
8,paired,0,13000,0.13650000000000004,0.8634999999999999,8,8
8,paired,0,14000,0.12420000000000003,0.8757999999999999,8,8
8,paired,0,15000,0.1217,0.8783,8,8
8,paired,0,16000,0.17059999999999997,0.8294,8,8
8,paired,0,17000,0.11409999999999998,0.8859,8,8
8,paired,0,18000,0.11719999999999997,0.8828,8,8
8,paired,0,19000,0.11019999999999999,0.8898,8,8
8,paired,0,20000,0.12629999999999997,0.8737,8,8
8,paired,0,21000,0.10239999999999996,0.8976000000000001,8,8
8,paired,0,22000,0.0999,0.9001,8,8
8,paired,0,23000,0.09729999999999997,0.9027000000000001,8,8
8,paired,0,24000,0.09359999999999996,0.9064000000000001,8,8
8,paired,0,25000,0.09790000000000004,0.9020999999999999,8,8
8,paired,0,26000,0.08679999999999999,0.9132,8,8
8,paired,0,27000,0.08539999999999995,0.9146000000000001,8,8
8,paired,0,28000,0.08679999999999999,0.9132,8,8
8,paired,0,29000,0.08010000000000003,0.9198999999999999,8,8
8,paired,0,30000,0.07779999999999998,0.9222,8,8
8,paired,0,31000,0.09889999999999999,0.9011,8,8
8,paired,0,32000,0.08240000000000001,0.9176,8,8
8,paired,0,33000,0.08190000000000006,0.9180999999999999,8,8
8,paired,0,34000,0.07529999999999995,0.9247000000000001,8,8
8,paired,0,35000,0.07710000000000003,0.9228999999999999,8,8
8,paired,0,36000,0.07339999999999997,0.9266000000000001,8,8
8,paired,0,37000,0.07109999999999997,0.9289000000000001,8,8
8,paired,0,38000,0.14159999999999998,0.8584,8,8
8,paired,0,39000,0.10050000000000002,0.8995,8,8
8,paired,0,40000,0.07020000000000001,0.9298,8,8
8,paired,0,41000,0.07009999999999997,0.9299000000000001,8,8
8,paired,0,42000,0.06669999999999998,0.9333,8,8
8,paired,0,43000,0.07040000000000002,0.9296,8,8
8,paired,0,44000,0.0753,0.9247,8,8
8,paired,0,45000,0.06509999999999998,0.9349000000000001,8,8
8,paired,0,46000,0.14070000000000002,0.8593,8,8
8,paired,0,47000,0.07569999999999999,0.9243,8,8
8,paired,0,48000,0.07940000000000003,0.9206,8,8
8,paired,0,49000,0.06299999999999997,0.937,8,8
8,paired,0,50000,0.06359999999999993,0.9364000000000001,8,8
8,paired,1,0,1.0,0.0,0,0
8,paired,1,1000,0.9285,0.07150000000000001,3,3
8,paired,1,2000,0.9142000000000001,0.08579999999999999,6,6
8,paired,1,3000,0.6475,0.35250000000000004,8,8
8,paired,1,4000,0.4933,0.5066999999999999,8,8
8,paired,1,5000,0.3929,0.6071,8,8
8,paired,1,6000,0.2885,0.7115,8,8
8,paired,1,7000,0.24710000000000004,0.7528999999999999,8,8
8,paired,1,8000,0.2156,0.7844,8,8
8,paired,1,9000,0.18280000000000005,0.8171999999999999,8,8
8,paired,1,10000,0.1667,0.8333,8,8
8,paired,1,11000,0.15690000000000004,0.8431,8,8
8,paired,1,12000,0.15560000000000002,0.8443999999999999,8,8
8,paired,1,13000,0.14139999999999997,0.8586,8,8
8,paired,1,14000,0.14989999999999995,0.8501000000000001,8,8
8,paired,1,15000,0.12480000000000001,0.8752,8,8
8,paired,1,16000,0.11959999999999997,0.8804000000000001,8,8
8,paired,1,17000,0.11649999999999996,0.8835000000000001,8,8
8,paired,1,18000,0.11439999999999997,0.8856,8,8
8,paired,1,19000,0.103,0.897,8,8
8,paired,1,20000,0.1129,0.8871,8,8
8,paired,1,21000,0.0968,0.9032,8,8
8,paired,1,22000,0.10289999999999999,0.8971,8,8
8,paired,1,23000,0.09820000000000004,0.9017999999999999,8,8
8,paired,1,24000,0.09799999999999999,0.902,8,8
8,paired,1,25000,0.08750000000000001,0.9125,8,8
8,paired,1,26000,0.08770000000000006,0.9122999999999999,8,8
8,paired,1,27000,0.0847,0.9153,8,8
8,paired,1,28000,0.08220000000000002,0.9178,8,8
8,paired,1,29000,0.0949,0.9051,8,8
8,paired,1,30000,0.0937,0.9063,8,8
8,paired,1,31000,0.07299999999999998,0.927,8,8
8,paired,1,32000,0.07200000000000004,0.9279999999999999,8,8
8,paired,1,33000,0.07290000000000002,0.9270999999999999,8,8
8,paired,1,34000,0.06970000000000005,0.9302999999999999,8,8
8,paired,1,35000,0.06830000000000001,0.9317,8,8
8,paired,1,36000,0.08640000000000002,0.9136,8,8
8,paired,1,37000,0.0816,0.9184,8,8
8,paired,1,38000,0.07250000000000001,0.9275,8,8
8,paired,1,39000,0.18930000000000002,0.8107,8,8
8,paired,1,40000,0.06519999999999998,0.9348000000000001,8,8
8,paired,1,41000,0.0828,0.9172,8,8
8,paired,1,42000,0.07250000000000001,0.9275,8,8
8,paired,1,43000,0.07410000000000003,0.9259,8,8
8,paired,1,44000,0.07699999999999999,0.923,8,8
8,paired,1,45000,0.05959999999999999,0.9404,8,8
8,paired,1,46000,0.062400000000000004,0.9376,8,8
8,paired,1,47000,0.059499999999999935,0.9405000000000001,8,8
8,paired,1,48000,0.06669999999999998,0.9333,8,8
8,paired,1,49000,0.06120000000000002,0.9388,8,8
8,paired,1,50000,0.06200000000000003,0.938,8,8
8,paired,2,0,1.0,0.0,0,0
8,paired,2,1000,0.9296,0.07040000000000002,2,2
8,paired,2,2000,0.9169,0.08309999999999995,6,6
8,paired,2,3000,0.7771999999999999,0.2228,8,8
8,paired,2,4000,0.53,0.47,8,8
8,paired,2,5000,0.4081,0.5919,8,8
8,paired,2,6000,0.3052,0.6948,8,8
8,paired,2,7000,0.25150000000000006,0.7484999999999999,8,8
8,paired,2,8000,0.21280000000000004,0.7871999999999999,8,8
8,paired,2,9000,0.1904,0.8096,8,8
8,paired,2,10000,0.16790000000000002,0.8321,8,8
8,paired,2,11000,0.1521,0.8479,8,8
8,paired,2,12000,0.1412,0.8588,8,8
8,paired,2,13000,0.1331,0.8669,8,8
8,paired,2,14000,0.12390000000000001,0.8761,8,8
8,paired,2,15000,0.12420000000000006,0.8757999999999999,8,8
8,paired,2,16000,0.11600000000000005,0.8839999999999999,8,8
8,paired,2,17000,0.10650000000000001,0.8935,8,8
8,paired,2,18000,0.10299999999999998,0.897,8,8
8,paired,2,19000,0.1109,0.8891,8,8
8,paired,2,20000,0.10070000000000001,0.8993,8,8
8,paired,2,21000,0.10899999999999999,0.893,8,8
8,paired,2,22000,0.09319999999999998,0.9068,8,8
8,paired,2,23000,0.09220000000000003,0.9077999999999999,8,8
8,paired,2,24000,0.08860000000000001,0.9114,8,8
8,paired,2,25000,0.08729999999999996,0.9127000000000001,8,8
8,paired,2,26000,0.08250000000000002,0.9175,8,8
8,paired,2,27000,0.15239999999999998,0.8476,8,8
8,paired,2,28000,0.07840000000000001,0.9216,8,8
8,paired,2,29000,0.08850000000000002,0.9115,8,8
8,paired,2,30000,0.08140000000000001,0.9186,8,8
8,paired,2,31000,0.09810000000000005,0.9018999999999999,8,8
8,paired,2,32000,0.09690000000000004,0.9030999999999999,8,8
8,paired,2,33000,0.07340000000000002,0.9266,8,8
8,paired,2,34000,0.07000000000000003,0.9302999999999999,8,8
8,paired,2,35000,0.0715,0.9333,8,8
8,paired,2,36000,0.0655,0.9375,8,8
8,paired,2,37000,0.06630000000000003,0.9337,8,8
8,paired,2,38000,0.06960000000000002,0.9339999999999999,8,8
8,paired,2,39000,0.0746,0.9254,8,8
8,paired,2,40000,0.06810000000000001,0.9347,8,8
8,paired,2,41000,0.06210000000000006,0.9404999999999999,8,8
8,paired,2,42000,0.06269999999999999,0.9403,8,8
8,paired,2,43000,0.05810000000000002,0.9439,8,8
8,paired,2,44000,0.09019999999999997,0.9119,8,8
8,paired,2,45000,0.058799999999999984,0.9431,8,8
8,paired,2,46000,0.06260000000000007,0.9385999999999999,8,8
8,paired,2,47000,0.05659999999999995,0.9446000000000001,8,8
8,paired,2,48000,0.05640000000000001,0.9457,8,8
8,paired,2,49000,0.05339999999999999,0.9493,8,8
8,paired,2,50000,0.05469999999999998,0.9454,8,8
8,paired,3,0,1.0,0.0,0,0
8,paired,3,1000,0.9287,0.07130000000000003,3,3
8,paired,3,2000,0.8996999999999999,0.10030000000000006,5,5
8,paired,3,3000,0.5651999999999999,0.4348000000000001,8,8
8,paired,3,4000,0.4667,0.5333,8,8
8,paired,3,5000,0.3799,0.6201,8,8
8,paired,3,6000,0.30190000000000006,0.6980999999999999,8,8
8,paired,3,7000,0.2463,0.7537,8,8
8,paired,3,8000,0.21140000000000003,0.7886,8,8
8,paired,3,9000,0.1906,0.8094,8,8
8,paired,3,10000,0.16859999999999997,0.8314,8,8
8,paired,3,11000,0.15459999999999996,0.8454,8,8
8,paired,3,12000,0.1674,0.8326,8,8
8,paired,3,13000,0.14140000000000005,0.8585999999999999,8,8
8,paired,3,14000,0.1307,0.8693,8,8
8,paired,3,15000,0.14800000000000002,0.852,8,8
8,paired,3,16000,0.13609999999999994,0.8639000000000001,8,8
8,paired,3,17000,0.11729999999999999,0.8827,8,8
8,paired,3,18000,0.10990000000000005,0.8900999999999999,8,8
8,paired,3,19000,0.10600000000000004,0.8939999999999999,8,8
8,paired,3,20000,0.10299999999999998,0.897,8,8
8,paired,3,21000,0.1139,0.8861,8,8
8,paired,3,22000,0.09489999999999998,0.9051,8,8
8,paired,3,23000,0.09860000000000001,0.9014,8,8
8,paired,3,24000,0.08879999999999999,0.9112,8,8
8,paired,3,25000,0.08560000000000001,0.9144,8,8
8,paired,3,26000,0.08620000000000003,0.9138,8,8
8,paired,3,27000,0.09549999999999996,0.9045000000000001,8,8
8,paired,3,28000,0.09280000000000001,0.9072,8,8
8,paired,3,29000,0.07380000000000003,0.9261999999999999,8,8
8,paired,3,30000,0.08140000000000003,0.9186,8,8
8,paired,3,31000,0.07699999999999999,0.923,8,8
8,paired,3,32000,0.07329999999999995,0.9267000000000001,8,8
8,paired,3,33000,0.06939999999999995,0.9306000000000001,8,8
8,paired,3,34000,0.0907,0.9093,8,8
8,paired,3,35000,0.08770000000000006,0.9122999999999999,8,8
8,paired,3,36000,0.10230000000000003,0.8976999999999999,8,8
8,paired,3,37000,0.06979999999999997,0.9302,8,8
8,paired,3,38000,0.06989999999999999,0.9301,8,8
8,paired,3,39000,0.06479999999999998,0.9352,8,8
8,paired,3,40000,0.07129999999999997,0.9287000000000001,8,8
8,paired,3,41000,0.06359999999999999,0.9364,8,8
8,paired,3,42000,0.08969999999999999,0.9103,8,8
8,paired,3,43000,0.07689999999999998,0.9231,8,8
8,paired,3,44000,0.10119999999999998,0.8988,8,8
8,paired,3,45000,0.08189999999999997,0.9181,8,8
8,paired,3,46000,0.06320000000000002,0.9368,8,8
8,paired,3,47000,0.06010000000000002,0.9399,8,8
8,paired,3,48000,0.07560000000000007,0.9243999999999999,8,8
8,paired,3,49000,0.06319999999999995,0.9368000000000001,8,8
8,paired,3,50000,0.06079999999999998,0.9392,8,8
8,paired,4,0,1.0,0.0,0,0
8,paired,4,1000,0.925,0.07499999999999996,1,1
8,paired,4,2000,0.847,0.15300000000000002,8,8
8,paired,4,3000,0.5821000000000001,0.41790000000000005,8,8
8,paired,4,4000,0.49699999999999994,0.5030000000000001,8,8
8,paired,4,5000,0.4165,0.5835,8,8
8,paired,4,6000,0.32949999999999996,0.6705000000000001,8,8
8,paired,4,7000,0.2581,0.7419,8,8
8,paired,4,8000,0.22260000000000008,0.7773999999999999,8,8
8,paired,4,9000,0.19799999999999998,0.802,8,8
8,paired,4,10000,0.1735,0.8265,8,8
8,paired,4,11000,0.15870000000000004,0.8412999999999999,8,8
8,paired,4,12000,0.14870000000000003,0.8513,8,8
8,paired,4,13000,0.14070000000000002,0.8593,8,8
8,paired,4,14000,0.12989999999999996,0.8701000000000001,8,8
8,paired,4,15000,0.12519999999999998,0.8748,8,8
8,paired,4,16000,0.11859999999999996,0.8814000000000001,8,8
8,paired,4,17000,0.13480000000000003,0.8652,8,8
8,paired,4,18000,0.11329999999999998,0.8867,8,8
8,paired,4,19000,0.12169999999999995,0.8783000000000001,8,8
8,paired,4,20000,0.10409999999999993,0.8959000000000001,8,8
8,paired,4,21000,0.09789999999999999,0.9021,8,8
8,paired,4,22000,0.09799999999999998,0.902,8,8
8,paired,4,23000,0.12979999999999994,0.8702000000000001,8,8
8,paired,4,24000,0.09750000000000003,0.9025,8,8
8,paired,4,25000,0.08600000000000003,0.9139999999999999,8,8
8,paired,4,26000,0.08329999999999996,0.9167000000000001,8,8
8,paired,4,27000,0.0839,0.9161,8,8
8,paired,4,28000,0.08199999999999999,0.918,8,8
8,paired,4,29000,0.09630000000000002,0.9037,8,8
8,paired,4,30000,0.08370000000000005,0.9162999999999999,8,8
8,paired,4,31000,0.0726,0.9274,8,8
8,paired,4,32000,0.07269999999999999,0.9273,8,8
8,paired,4,33000,0.06979999999999997,0.9313,8,8
8,paired,4,34000,0.06879999999999997,0.9313,8,8
8,paired,4,35000,0.06720000000000002,0.9328,8,8
8,paired,4,36000,0.06970000000000001,0.9316,8,8
8,paired,4,37000,0.07289999999999998,0.9271,8,8
8,paired,4,38000,0.06230000000000001,0.9377,8,8
8,paired,4,39000,0.07320000000000002,0.9268,8,8
8,paired,4,40000,0.07499999999999998,0.925,8,8
8,paired,4,41000,0.0685,0.9315,8,8
8,paired,4,42000,0.06299999999999997,0.937,8,8
8,paired,4,43000,0.06830000000000001,0.9317,8,8
8,paired,4,44000,0.06200000000000003,0.938,8,8
8,paired,4,45000,0.06410000000000002,0.9359,8,8
8,paired,4,46000,0.07200000000000004,0.9279999999999999,8,8
8,paired,4,47000,0.06120000000000002,0.9388,8,8
8,paired,4,48000,0.05859999999999999,0.9414,8,8
8,paired,4,49000,0.053699999999999984,0.9463,8,8
8,paired,4,50000,0.10519999999999999,0.8948,8,8
16,vanilla,0,0,1.0,0.0,0,0
16,vanilla,0,1000,0.8065,0.1935,15,16
16,vanilla,0,2000,0.3245,0.6755,16,16
16,vanilla,0,3000,0.27890000000000004,0.7211,16,16
16,vanilla,0,4000,0.24880000000000002,0.7512,16,16
16,vanilla,0,5000,0.2479,0.7521,16,16
16,vanilla,0,6000,0.22780000000000006,0.7721999999999999,16,16
16,vanilla,0,7000,0.22039999999999996,0.7796000000000001,16,16
16,vanilla,0,8000,0.20609999999999998,0.7939,16,16
16,vanilla,0,9000,0.19400000000000003,0.8059999999999999,16,16
16,vanilla,0,10000,0.1765,0.8235,16,16
16,vanilla,0,11000,0.165,0.835,16,16
16,vanilla,0,12000,0.16090000000000004,0.8392999999999999,16,16
16,vanilla,0,13000,0.1476,0.8531,16,16
16,vanilla,0,14000,0.1448,0.8561,16,16
16,vanilla,0,15000,0.14180000000000004,0.8582,16,16
16,vanilla,0,16000,0.1469,0.8539,16,16
16,vanilla,0,17000,0.13909999999999997,0.8613000000000001,16,16
16,vanilla,0,18000,0.12670000000000003,0.8733,16,16
16,vanilla,0,19000,0.124,0.876,16,16
16,vanilla,0,20000,0.11450000000000003,0.8855999999999999,16,16
16,vanilla,0,21000,0.11659999999999997,0.8847,16,16
16,vanilla,0,22000,0.11339999999999997,0.8866,16,16
16,vanilla,0,23000,0.1291,0.8709,16,16
16,vanilla,0,24000,0.1081,0.8923,16,16
16,vanilla,0,25000,0.10419999999999999,0.8989,16,16
16,vanilla,0,26000,0.10639999999999995,0.8943000000000001,16,16
16,vanilla,0,27000,0.10699999999999996,0.8944000000000001,16,16
16,vanilla,0,28000,0.1091,0.8922,16,16
16,vanilla,0,29000,0.10020000000000001,0.9002,16,16
16,vanilla,0,30000,0.09590000000000007,0.9042999999999999,16,16
16,vanilla,0,31000,0.09909999999999997,0.9027000000000001,16,16
16,vanilla,0,32000,0.09589999999999997,0.9047000000000001,16,16
16,vanilla,0,33000,0.09640000000000001,0.9064,16,16
16,vanilla,0,34000,0.09510000000000002,0.9075,16,16
16,vanilla,0,35000,0.10540000000000001,0.8952,16,16
16,vanilla,0,36000,0.08740000000000002,0.9137,16,16
16,vanilla,0,37000,0.0917,0.9113,16,16
16,vanilla,0,38000,0.0981,0.9055,16,16
16,vanilla,0,39000,0.09610000000000002,0.9087999999999999,16,16
16,vanilla,0,40000,0.08700000000000001,0.9155,16,16
16,vanilla,0,41000,0.09270000000000002,0.9097,16,16
16,vanilla,0,42000,0.08129999999999998,0.9232,16,16
16,vanilla,0,43000,0.0887,0.9142,16,16
16,vanilla,0,44000,0.08160000000000003,0.9208999999999999,16,16
16,vanilla,0,45000,0.09589999999999999,0.9091,16,16
16,vanilla,0,46000,0.08460000000000002,0.9206,16,16
16,vanilla,0,47000,0.10239999999999996,0.9025000000000001,16,16
16,vanilla,0,48000,0.09759999999999999,0.9099,16,16
16,vanilla,0,49000,0.0815,0.9245,16,16
16,vanilla,0,50000,0.09800000000000002,0.9045,16,16
16,vanilla,1,0,1.0,0.0,0,0
16,vanilla,1,1000,0.7367000000000001,0.2633,10,16
16,vanilla,1,2000,0.3252999999999999,0.6747000000000001,16,16
16,vanilla,1,3000,0.29600000000000004,0.704,16,16
16,vanilla,1,4000,0.2678999999999999,0.7321000000000001,16,16
16,vanilla,1,5000,0.24250000000000002,0.7575,16,16
16,vanilla,1,6000,0.2338,0.7662,16,16
16,vanilla,1,7000,0.21250000000000002,0.7875,16,16
16,vanilla,1,8000,0.2158,0.7842,16,16
16,vanilla,1,9000,0.20319999999999996,0.7968000000000001,16,16
16,vanilla,1,10000,0.1926,0.8074,16,16
16,vanilla,1,11000,0.1843,0.8174,16,16
16,vanilla,1,12000,0.17709999999999998,0.8263,16,16
16,vanilla,1,13000,0.1691,0.8325,16,16
16,vanilla,1,14000,0.16819999999999996,0.8361000000000001,16,16
16,vanilla,1,15000,0.1646,0.8419,16,16
16,vanilla,1,16000,0.1552,0.85,16,16
16,vanilla,1,17000,0.1503,0.8565,16,16
16,vanilla,1,18000,0.1457,0.8606,16,16
16,vanilla,1,19000,0.14679999999999996,0.8582000000000001,16,16
16,vanilla,1,20000,0.13760000000000003,0.8696999999999999,16,16
16,vanilla,1,21000,0.13580000000000003,0.8717999999999999,16,16
16,vanilla,1,22000,0.13240000000000002,0.8754,16,16
16,vanilla,1,23000,0.12919999999999998,0.8802,16,16
16,vanilla,1,24000,0.12710000000000005,0.8818999999999999,16,16
16,vanilla,1,25000,0.1287,0.8791,16,16
16,vanilla,1,26000,0.12520000000000003,0.8837999999999999,16,16
16,vanilla,1,27000,0.12069999999999999,0.887,16,16
16,vanilla,1,28000,0.11699999999999999,0.8909,16,16
16,vanilla,1,29000,0.12219999999999995,0.8903000000000001,16,16
16,vanilla,1,30000,0.12279999999999994,0.8880000000000001,16,16
16,vanilla,1,31000,0.11839999999999998,0.8937,16,16
16,vanilla,1,32000,0.11310000000000002,0.8986999999999999,16,16
16,vanilla,1,33000,0.11069999999999999,0.9012,16,16
16,vanilla,1,34000,0.11289999999999999,0.899,16,16
16,vanilla,1,35000,0.10880000000000002,0.9047999999999999,16,16
16,vanilla,1,36000,0.1134,0.9002,16,16
16,vanilla,1,37000,0.11140000000000005,0.9061999999999999,16,16
16,vanilla,1,38000,0.1106,0.8993,16,16
16,vanilla,1,39000,0.1073,0.9062,16,16
16,vanilla,1,40000,0.11600000000000003,0.8976,16,16
16,vanilla,1,41000,0.11040000000000007,0.9024999999999999,16,16
16,vanilla,1,42000,0.1243,0.8899,16,16
16,vanilla,1,43000,0.10489999999999998,0.915,16,16
16,vanilla,1,44000,0.10550000000000004,0.9097999999999999,16,16
16,vanilla,1,45000,0.10579999999999999,0.915,16,16
16,vanilla,1,46000,0.10260000000000004,0.9158,16,16
16,vanilla,1,47000,0.10980000000000002,0.9077,16,16
16,vanilla,1,48000,0.10349999999999998,0.9148000000000001,16,16
16,vanilla,1,49000,0.09899999999999992,0.9182000000000001,16,16
16,vanilla,1,50000,0.10570000000000002,0.9076,16,16
16,vanilla,2,0,1.0,0.0,0,0
16,vanilla,2,1000,0.8180000000000001,0.18199999999999994,12,16
16,vanilla,2,2000,0.3458,0.6542,14,14
16,vanilla,2,3000,0.28750000000000003,0.7124999999999999,16,16
16,vanilla,2,4000,0.26320000000000005,0.7367999999999999,16,16
16,vanilla,2,5000,0.254,0.746,16,16
16,vanilla,2,6000,0.26069999999999993,0.7393000000000001,16,16
16,vanilla,2,7000,0.24549999999999997,0.7545000000000001,16,16
16,vanilla,2,8000,0.278,0.722,16,16
16,vanilla,2,9000,0.2419,0.7581,16,16
16,vanilla,2,10000,0.244,0.756,16,16
16,vanilla,2,11000,0.2429,0.7571,16,16
16,vanilla,2,12000,0.2388,0.7622,16,16
16,vanilla,2,13000,0.2539,0.7497,16,16
16,vanilla,2,14000,0.24280000000000004,0.7688999999999999,16,16
16,vanilla,2,15000,0.2495,0.763,16,16
16,vanilla,2,16000,0.22960000000000005,0.7797999999999999,16,16
16,vanilla,2,17000,0.246,0.7742,16,16
16,vanilla,2,18000,0.24219999999999997,0.7756000000000001,16,16
16,vanilla,2,19000,0.2673,0.7532000000000001,16,16
16,vanilla,2,20000,0.23280000000000003,0.7767999999999999,16,16
16,vanilla,2,21000,0.2625,0.7622,16,16
16,vanilla,2,22000,0.26339999999999997,0.7841,16,16
16,vanilla,2,23000,0.24609999999999999,0.79,16,16
16,vanilla,2,24000,0.2603,0.7879,16,16
16,vanilla,2,25000,0.26370000000000005,0.7928,16,16
16,vanilla,2,26000,0.27980000000000005,0.7846,16,16
16,vanilla,2,27000,0.25939999999999996,0.7939,16,16
16,vanilla,2,28000,0.2863,0.7813,16,16
16,vanilla,2,29000,0.2814,0.7836,16,16
16,vanilla,2,30000,0.26680000000000004,0.7910999999999999,16,16
16,vanilla,2,31000,0.27969999999999995,0.7750000000000001,16,16
16,vanilla,2,32000,0.2913,0.7787999999999999,16,16
16,vanilla,2,33000,0.29030000000000006,0.7898,16,16
16,vanilla,2,34000,0.28789999999999993,0.7975000000000001,16,16
16,vanilla,2,35000,0.2777,0.7882,16,16
16,vanilla,2,36000,0.2906,0.7890999999999999,16,16
16,vanilla,2,37000,0.2917,0.7855,16,16
16,vanilla,2,38000,0.33140000000000003,0.7652,16,16
16,vanilla,2,39000,0.2921,0.7997,16,16
16,vanilla,2,40000,0.2753,0.8028,16,16
16,vanilla,2,41000,0.2794,0.8064,16,16
16,vanilla,2,42000,0.28790000000000004,0.7887,16,16
16,vanilla,2,43000,0.2957,0.8026,16,16
16,vanilla,2,44000,0.2752,0.8089,16,16
16,vanilla,2,45000,0.28190000000000004,0.8036,16,16
16,vanilla,2,46000,0.28959999999999997,0.795,16,16
16,vanilla,2,47000,0.28769999999999996,0.8259000000000001,16,16
16,vanilla,2,48000,0.2935,0.8145,16,16
16,vanilla,2,49000,0.3066,0.7826,16,16
16,vanilla,2,50000,0.2826,0.8089,16,16
16,vanilla,3,0,1.0,0.0,0,0
16,vanilla,3,1000,0.8168,0.18320000000000003,13,16
16,vanilla,3,2000,0.33349999999999996,0.6665000000000001,16,16
16,vanilla,3,3000,0.29279999999999995,0.7072,16,16
16,vanilla,3,4000,0.27070000000000005,0.7293,16,16
16,vanilla,3,5000,0.26749999999999996,0.7325,16,16
16,vanilla,3,6000,0.2545,0.7455,16,16
16,vanilla,3,7000,0.2716,0.7283999999999999,16,16
16,vanilla,3,8000,0.21850000000000008,0.7814999999999999,16,16
16,vanilla,3,9000,0.2219,0.7781,16,16
16,vanilla,3,10000,0.20120000000000002,0.7988,16,16
16,vanilla,3,11000,0.18499999999999997,0.8150000000000001,16,16
16,vanilla,3,12000,0.1886,0.8114,16,16
16,vanilla,3,13000,0.17599999999999996,0.8240000000000001,16,16
16,vanilla,3,14000,0.18290000000000003,0.8170999999999999,16,16
16,vanilla,3,15000,0.1735,0.8276,16,16
16,vanilla,3,16000,0.1567,0.8439,16,16
16,vanilla,3,17000,0.1628,0.8411,16,16
16,vanilla,3,18000,0.15049999999999997,0.8522000000000001,16,16
16,vanilla,3,19000,0.1514,0.8571,16,16
16,vanilla,3,20000,0.15250000000000002,0.8537,16,16
16,vanilla,3,21000,0.14400000000000002,0.8671,16,16
16,vanilla,3,22000,0.14089999999999997,0.8695,16,16
16,vanilla,3,23000,0.14260000000000003,0.8694,16,16
16,vanilla,3,24000,0.15740000000000004,0.8577999999999999,16,16
16,vanilla,3,25000,0.15239999999999995,0.8590000000000001,16,16
16,vanilla,3,26000,0.13629999999999998,0.8785000000000001,16,16
16,vanilla,3,27000,0.13979999999999998,0.8768,16,16
16,vanilla,3,28000,0.139,0.8761,16,16
16,vanilla,3,29000,0.13220000000000004,0.8775,16,16
16,vanilla,3,30000,0.1306,0.8862,16,16
16,vanilla,3,31000,0.1266,0.8918,16,16
16,vanilla,3,32000,0.12340000000000002,0.8956,16,16
16,vanilla,3,33000,0.13020000000000004,0.8886999999999999,16,16
16,vanilla,3,34000,0.1274,0.893,16,16
16,vanilla,3,35000,0.12320000000000006,0.8980999999999999,16,16
16,vanilla,3,36000,0.12290000000000001,0.9037,16,16
16,vanilla,3,37000,0.12259999999999999,0.9049,16,16
16,vanilla,3,38000,0.12400000000000005,0.9042999999999999,16,16
16,vanilla,3,39000,0.13239999999999996,0.8906000000000001,16,16
16,vanilla,3,40000,0.1255,0.9014,16,16
16,vanilla,3,41000,0.12030000000000002,0.9054,16,16
16,vanilla,3,42000,0.13010000000000002,0.8924,16,16
16,vanilla,3,43000,0.15050000000000002,0.8755999999999999,16,16
16,vanilla,3,44000,0.11550000000000003,0.9138,16,16
16,vanilla,3,45000,0.12789999999999993,0.9000000000000001,16,16
16,vanilla,3,46000,0.12510000000000004,0.9057999999999999,16,16
16,vanilla,3,47000,0.11960000000000001,0.9077,16,16
16,vanilla,3,48000,0.11799999999999994,0.9091000000000001,16,16
16,vanilla,3,49000,0.12129999999999998,0.8979,16,16
16,vanilla,3,50000,0.1157,0.9133,16,16
16,vanilla,4,0,1.0,0.0,0,0
16,vanilla,4,1000,0.7942,0.20579999999999998,11,16
16,vanilla,4,2000,0.29790000000000005,0.7187999999999999,14,15
16,vanilla,4,3000,0.28890000000000005,0.7111,16,16
16,vanilla,4,4000,0.25659999999999994,0.7434000000000001,16,16
16,vanilla,4,5000,0.2502,0.7498,16,16
16,vanilla,4,6000,0.25170000000000003,0.7483,16,16
16,vanilla,4,7000,0.2602,0.7398,16,16
16,vanilla,4,8000,0.25459999999999994,0.7454000000000001,16,16
16,vanilla,4,9000,0.25870000000000004,0.7413,16,16
16,vanilla,4,10000,0.26680000000000004,0.7332,16,16
16,vanilla,4,11000,0.24900000000000005,0.7509999999999999,16,16
16,vanilla,4,12000,0.25370000000000004,0.7463,16,16
16,vanilla,4,13000,0.26869999999999994,0.7313000000000001,16,16
16,vanilla,4,14000,0.2528,0.7483,16,16
16,vanilla,4,15000,0.26460000000000006,0.7353999999999999,16,16
16,vanilla,4,16000,0.25639999999999996,0.7436,16,16
16,vanilla,4,17000,0.24510000000000004,0.7548999999999999,16,16
16,vanilla,4,18000,0.2619,0.7381,16,16
16,vanilla,4,19000,0.238,0.762,16,16
16,vanilla,4,20000,0.24280000000000002,0.7572,16,16
16,vanilla,4,21000,0.2505,0.7503,16,16
16,vanilla,4,22000,0.2576,0.7492,16,16
16,vanilla,4,23000,0.26049999999999995,0.7412000000000001,16,16
16,vanilla,4,24000,0.27319999999999994,0.7268000000000001,16,16
16,vanilla,4,25000,0.24499999999999997,0.7654000000000001,16,16
16,vanilla,4,26000,0.2359,0.7688,16,16
16,vanilla,4,27000,0.2456,0.7674,16,16
16,vanilla,4,28000,0.2614,0.7666,16,16
16,vanilla,4,29000,0.2537,0.7861,16,16
16,vanilla,4,30000,0.2657,0.7861,16,16
16,vanilla,4,31000,0.27549999999999997,0.7659,16,16
16,vanilla,4,32000,0.2773,0.7616,16,16
16,vanilla,4,33000,0.27259999999999995,0.7781,16,16
16,vanilla,4,34000,0.26189999999999997,0.783,16,16
16,vanilla,4,35000,0.2479,0.7846,16,16
16,vanilla,4,36000,0.28820000000000007,0.7731999999999999,16,16
16,vanilla,4,37000,0.2771,0.7813,16,16
16,vanilla,4,38000,0.26439999999999997,0.7802,16,16
16,vanilla,4,39000,0.2808,0.788,16,16
16,vanilla,4,40000,0.2877,0.7685,16,16
16,vanilla,4,41000,0.2454,0.7842,16,16
16,vanilla,4,42000,0.24519999999999997,0.7872,16,16
16,vanilla,4,43000,0.27249999999999996,0.7812000000000001,16,16
16,vanilla,4,44000,0.2673,0.7961,16,16
16,vanilla,4,45000,0.27269999999999994,0.7514000000000001,16,16
16,vanilla,4,46000,0.25410000000000005,0.8029,16,16
16,vanilla,4,47000,0.24830000000000002,0.8001999999999999,16,16
16,vanilla,4,48000,0.2552,0.7793,16,16
16,vanilla,4,49000,0.26039999999999996,0.7852,16,16
16,vanilla,4,50000,0.2535,0.7994,16,16
16,rsgan,0,0,1.0,0.0,0,0
16,rsgan,0,1000,0.8216,0.1784,12,16
16,rsgan,0,2000,0.3317,0.6683,15,15
16,rsgan,0,3000,0.30889999999999995,0.6911,16,16
16,rsgan,0,4000,0.2851,0.7149,16,16
16,rsgan,0,5000,0.27759999999999996,0.7224,16,16
16,rsgan,0,6000,0.2762,0.7238,16,16
16,rsgan,0,7000,0.25249999999999995,0.7475,16,16
16,rsgan,0,8000,0.24509999999999998,0.7549,16,16
16,rsgan,0,9000,0.23310000000000006,0.7668999999999999,16,16
16,rsgan,0,10000,0.19940000000000002,0.8006,16,16
16,rsgan,0,11000,0.1978,0.8022,16,16
16,rsgan,0,12000,0.1895,0.8105,16,16
16,rsgan,0,13000,0.17260000000000003,0.8273999999999999,16,16
16,rsgan,0,14000,0.16620000000000001,0.8338,16,16
16,rsgan,0,15000,0.1664,0.8336,16,16
16,rsgan,0,16000,0.17629999999999996,0.8292,16,16
16,rsgan,0,17000,0.14679999999999996,0.8563000000000001,16,16
16,rsgan,0,18000,0.15170000000000003,0.8513,16,16
16,rsgan,0,19000,0.1498,0.8565,16,16
16,rsgan,0,20000,0.14440000000000003,0.858,16,16
16,rsgan,0,21000,0.1301,0.8715,16,16
16,rsgan,0,22000,0.1377,0.8648,16,16
16,rsgan,0,23000,0.1323,0.8728,16,16
16,rsgan,0,24000,0.14490000000000003,0.8572,16,16
16,rsgan,0,25000,0.13220000000000004,0.8713,16,16
16,rsgan,0,26000,0.14260000000000003,0.8603,16,16
16,rsgan,0,27000,0.13359999999999997,0.8745,16,16
16,rsgan,0,28000,0.13090000000000004,0.8778999999999999,16,16
16,rsgan,0,29000,0.13379999999999995,0.8781000000000001,16,16
16,rsgan,0,30000,0.13900000000000004,0.8735999999999999,16,16
16,rsgan,0,31000,0.11939999999999995,0.8905000000000001,16,16
16,rsgan,0,32000,0.12369999999999995,0.8903000000000001,16,16
16,rsgan,0,33000,0.12439999999999996,0.8904000000000001,16,16
16,rsgan,0,34000,0.12979999999999997,0.8847,16,16
16,rsgan,0,35000,0.13870000000000002,0.8752,16,16
16,rsgan,0,36000,0.11660000000000004,0.8957999999999999,16,16
16,rsgan,0,37000,0.12259999999999999,0.8909,16,16
16,rsgan,0,38000,0.11799999999999997,0.8924000000000001,16,16
16,rsgan,0,39000,0.10459999999999998,0.9051,16,16
16,rsgan,0,40000,0.10389999999999998,0.908,16,16
16,rsgan,0,41000,0.1059,0.9022,16,16
16,rsgan,0,42000,0.09870000000000002,0.9117999999999999,16,16
16,rsgan,0,43000,0.10149999999999997,0.9067000000000001,16,16
16,rsgan,0,44000,0.10039999999999999,0.9111,16,16
16,rsgan,0,45000,0.1006,0.9081,16,16
16,rsgan,0,46000,0.09429999999999995,0.9114000000000001,16,16
16,rsgan,0,47000,0.10120000000000001,0.9053,16,16
16,rsgan,0,48000,0.0952,0.9134,16,16
16,rsgan,0,49000,0.1031,0.9032,16,16
16,rsgan,0,50000,0.09849999999999995,0.9064000000000001,16,16
16,rsgan,1,0,1.0,0.0,0,0
16,rsgan,1,1000,0.8095000000000001,0.1905,8,16
16,rsgan,1,2000,0.3455,0.6545000000000001,16,16
16,rsgan,1,3000,0.28740000000000004,0.7125999999999999,16,16
16,rsgan,1,4000,0.2652,0.7351,16,16
16,rsgan,1,5000,0.2391,0.7623,16,16
16,rsgan,1,6000,0.2405,0.7618,16,16
16,rsgan,1,7000,0.20829999999999999,0.7955,16,16
16,rsgan,1,8000,0.2092,0.7946,16,16
16,rsgan,1,9000,0.19659999999999994,0.8034000000000001,16,16
16,rsgan,1,10000,0.17880000000000004,0.8252999999999999,16,16
16,rsgan,1,11000,0.17349999999999996,0.8281000000000001,16,16
16,rsgan,1,12000,0.17510000000000003,0.833,16,16
16,rsgan,1,13000,0.16309999999999997,0.8455,16,16
16,rsgan,1,14000,0.1678,0.8435,16,16
16,rsgan,1,15000,0.15630000000000002,0.8533,16,16
16,rsgan,1,16000,0.146,0.8627,16,16
16,rsgan,1,17000,0.14599999999999996,0.8621000000000001,16,16
16,rsgan,1,18000,0.14499999999999996,0.8662000000000001,16,16
16,rsgan,1,19000,0.14270000000000002,0.8733,16,16
16,rsgan,1,20000,0.1443,0.8694,16,16
16,rsgan,1,21000,0.14110000000000003,0.8715999999999999,16,16
16,rsgan,1,22000,0.1409,0.8687,16,16
16,rsgan,1,23000,0.1363,0.8771,16,16
16,rsgan,1,24000,0.1305,0.8843,16,16
16,rsgan,1,25000,0.12880000000000003,0.8853,16,16
16,rsgan,1,26000,0.12499999999999999,0.8849,16,16
16,rsgan,1,27000,0.11929999999999998,0.8948,16,16
16,rsgan,1,28000,0.12830000000000003,0.8854,16,16
16,rsgan,1,29000,0.12119999999999997,0.8939,16,16
16,rsgan,1,30000,0.12369999999999996,0.8925000000000001,16,16
16,rsgan,1,31000,0.12419999999999999,0.8899,16,16
16,rsgan,1,32000,0.1363,0.8763,16,16
16,rsgan,1,33000,0.13470000000000004,0.8853,16,16
16,rsgan,1,34000,0.12630000000000005,0.8921999999999999,16,16
16,rsgan,1,35000,0.122,0.898,16,16
16,rsgan,1,36000,0.12089999999999998,0.898,16,16
16,rsgan,1,37000,0.11399999999999999,0.9029,16,16
16,rsgan,1,38000,0.11129999999999994,0.9042000000000001,16,16
16,rsgan,1,39000,0.11130000000000001,0.9054,16,16
16,rsgan,1,40000,0.11659999999999998,0.8988,16,16
16,rsgan,1,41000,0.11059999999999998,0.9056000000000001,16,16
16,rsgan,1,42000,0.10959999999999999,0.9051,16,16
16,rsgan,1,43000,0.11010000000000005,0.9039999999999999,16,16
16,rsgan,1,44000,0.10169999999999993,0.9101000000000001,16,16
16,rsgan,1,45000,0.10469999999999996,0.9114000000000001,16,16
16,rsgan,1,46000,0.11380000000000003,0.9007,16,16
16,rsgan,1,47000,0.10390000000000002,0.9097,16,16
16,rsgan,1,48000,0.10350000000000004,0.9059999999999999,16,16
16,rsgan,1,49000,0.09989999999999999,0.916,16,16
16,rsgan,1,50000,0.09949999999999995,0.9142000000000001,16,16
16,rsgan,2,0,1.0,0.0,0,0
16,rsgan,2,1000,0.8132000000000001,0.18679999999999997,10,16
16,rsgan,2,2000,0.3213000000000001,0.6786999999999999,16,16
16,rsgan,2,3000,0.27590000000000003,0.7241,16,16
16,rsgan,2,4000,0.25159999999999993,0.7484000000000001,16,16
16,rsgan,2,5000,0.22700000000000006,0.7729999999999999,16,16
16,rsgan,2,6000,0.21789999999999998,0.7821,16,16
16,rsgan,2,7000,0.2025,0.7975,16,16
16,rsgan,2,8000,0.18389999999999998,0.8161,16,16
16,rsgan,2,9000,0.1757,0.8245,16,16
16,rsgan,2,10000,0.16210000000000002,0.8379,16,16
16,rsgan,2,11000,0.16720000000000002,0.8328,16,16
16,rsgan,2,12000,0.14959999999999998,0.8504,16,16
16,rsgan,2,13000,0.15999999999999998,0.8405,16,16
16,rsgan,2,14000,0.14600000000000002,0.8548,16,16
16,rsgan,2,15000,0.14169999999999996,0.8583000000000001,16,16
16,rsgan,2,16000,0.1377,0.8625,16,16
16,rsgan,2,17000,0.12830000000000003,0.8724,16,16
16,rsgan,2,18000,0.12190000000000004,0.8785999999999999,16,16
16,rsgan,2,19000,0.12250000000000005,0.8779999999999999,16,16
16,rsgan,2,20000,0.13190000000000002,0.8694999999999999,16,16
16,rsgan,2,21000,0.11470000000000007,0.8861999999999999,16,16
16,rsgan,2,22000,0.11180000000000002,0.8895,16,16
16,rsgan,2,23000,0.11649999999999996,0.8846,16,16
16,rsgan,2,24000,0.10749999999999996,0.8925000000000001,16,16
16,rsgan,2,25000,0.109,0.891,16,16
16,rsgan,2,26000,0.10880000000000001,0.8912,16,16
16,rsgan,2,27000,0.10149999999999997,0.8985000000000001,16,16
16,rsgan,2,28000,0.1017,0.8991,16,16
16,rsgan,2,29000,0.09609999999999999,0.9039,16,16
16,rsgan,2,30000,0.09750000000000003,0.9025,16,16
16,rsgan,2,31000,0.09160000000000001,0.9084,16,16
16,rsgan,2,32000,0.09330000000000004,0.9078999999999999,16,16
16,rsgan,2,33000,0.09260000000000002,0.9077,16,16
16,rsgan,2,34000,0.0888,0.9113,16,16
16,rsgan,2,35000,0.08619999999999998,0.9142,16,16
16,rsgan,2,36000,0.08979999999999999,0.9102,16,16
16,rsgan,2,37000,0.08620000000000004,0.9140999999999999,16,16
16,rsgan,2,38000,0.0837,0.9174,16,16
16,rsgan,2,39000,0.08499999999999999,0.9174,16,16
16,rsgan,2,40000,0.09030000000000005,0.9101999999999999,16,16
16,rsgan,2,41000,0.0833,0.9194,16,16
16,rsgan,2,42000,0.0791,0.9214,16,16
16,rsgan,2,43000,0.10839999999999997,0.8927,16,16
16,rsgan,2,44000,0.07859999999999996,0.9226000000000001,16,16
16,rsgan,2,45000,0.08509999999999997,0.917,16,16
16,rsgan,2,46000,0.08149999999999999,0.9213,16,16
16,rsgan,2,47000,0.07980000000000005,0.9202999999999999,16,16
16,rsgan,2,48000,0.07150000000000002,0.9298,16,16
16,rsgan,2,49000,0.07479999999999998,0.9282,16,16
16,rsgan,2,50000,0.0742,0.9276,16,16
16,rsgan,3,0,1.0,0.0,0,0
16,rsgan,3,1000,0.8207,0.17930000000000001,13,16
16,rsgan,3,2000,0.33749999999999997,0.6625000000000001,14,15
16,rsgan,3,3000,0.2729,0.7271000000000001,16,16
16,rsgan,3,4000,0.26370000000000005,0.7363,16,16
16,rsgan,3,5000,0.26170000000000004,0.7383,16,16
16,rsgan,3,6000,0.25899999999999995,0.7410000000000001,16,16
16,rsgan,3,7000,0.25350000000000006,0.7464999999999999,16,16
16,rsgan,3,8000,0.281,0.719,16,16
16,rsgan,3,9000,0.2794,0.7206,16,16
16,rsgan,3,10000,0.25129999999999997,0.7487,16,16
16,rsgan,3,11000,0.25500000000000006,0.7449999999999999,16,16
16,rsgan,3,12000,0.2483,0.7517,16,16
16,rsgan,3,13000,0.25259999999999994,0.7474000000000001,16,16
16,rsgan,3,14000,0.24669999999999995,0.7533000000000001,16,16
16,rsgan,3,15000,0.24309999999999998,0.7569,16,16
16,rsgan,3,16000,0.27559999999999996,0.7244,16,16
16,rsgan,3,17000,0.24819999999999998,0.7518,16,16
16,rsgan,3,18000,0.252,0.748,16,16
16,rsgan,3,19000,0.24919999999999998,0.7508,16,16
16,rsgan,3,20000,0.2426000000000001,0.7573999999999999,16,16
16,rsgan,3,21000,0.2523,0.7476999999999999,16,16
16,rsgan,3,22000,0.2509,0.7491,16,16
16,rsgan,3,23000,0.2558,0.7442,16,16
16,rsgan,3,24000,0.23310000000000006,0.7668999999999999,16,16
16,rsgan,3,25000,0.24889999999999998,0.7697,16,16
16,rsgan,3,26000,0.23650000000000004,0.7860999999999999,16,16
16,rsgan,3,27000,0.24470000000000003,0.7927,16,16
16,rsgan,3,28000,0.2598,0.7831,16,16
16,rsgan,3,29000,0.26149999999999995,0.7828,16,16
16,rsgan,3,30000,0.2615,0.7801,16,16
16,rsgan,3,31000,0.27159999999999995,0.7798,16,16
16,rsgan,3,32000,0.29189999999999994,0.7839,16,16
16,rsgan,3,33000,0.2788,0.7903,16,16
16,rsgan,3,34000,0.27060000000000006,0.7768999999999999,16,16
16,rsgan,3,35000,0.2866,0.7757,16,16
16,rsgan,3,36000,0.26880000000000004,0.8109,16,16
16,rsgan,3,37000,0.284,0.8019000000000001,16,16
16,rsgan,3,38000,0.28619999999999995,0.791,16,16
16,rsgan,3,39000,0.2829,0.79,16,16
16,rsgan,3,40000,0.2698,0.8053,16,16
16,rsgan,3,41000,0.27090000000000003,0.7892999999999999,16,16
16,rsgan,3,42000,0.2678,0.8086,16,16
16,rsgan,3,43000,0.2884,0.7866,16,16
16,rsgan,3,44000,0.2855,0.8035,16,16
16,rsgan,3,45000,0.2924,0.7946,16,16
16,rsgan,3,46000,0.27349999999999997,0.8043,16,16
16,rsgan,3,47000,0.2657999999999999,0.8055000000000001,16,16
16,rsgan,3,48000,0.28290000000000004,0.8159,16,16
16,rsgan,3,49000,0.3084,0.7909999999999999,16,16
16,rsgan,3,50000,0.2708999999999999,0.8172000000000001,16,16
16,rsgan,4,0,1.0,0.0,0,0
16,rsgan,4,1000,0.7827,0.21730000000000005,11,16
16,rsgan,4,2000,0.32749999999999996,0.6726000000000001,14,15
16,rsgan,4,3000,0.2803,0.7197,16,16
16,rsgan,4,4000,0.25320000000000004,0.7467999999999999,16,16
16,rsgan,4,5000,0.26680000000000004,0.7332,16,16
16,rsgan,4,6000,0.25289999999999996,0.7471000000000001,16,16
16,rsgan,4,7000,0.2474,0.7525999999999999,16,16
16,rsgan,4,8000,0.253,0.747,16,16
16,rsgan,4,9000,0.25010000000000004,0.7498999999999999,16,16
16,rsgan,4,10000,0.2561,0.7439,16,16
16,rsgan,4,11000,0.26960000000000006,0.7303999999999999,16,16
16,rsgan,4,12000,0.25049999999999994,0.7495,16,16
16,rsgan,4,13000,0.24530000000000005,0.7546999999999999,16,16
16,rsgan,4,14000,0.2298,0.7702,16,16
16,rsgan,4,15000,0.23130000000000003,0.7686999999999999,16,16
16,rsgan,4,16000,0.23079999999999998,0.7747,16,16
16,rsgan,4,17000,0.25320000000000004,0.7724,16,16
16,rsgan,4,18000,0.24430000000000002,0.7816,16,16
16,rsgan,4,19000,0.2539,0.7661,16,16
16,rsgan,4,20000,0.24469999999999997,0.7949,16,16
16,rsgan,4,21000,0.25259999999999994,0.7775000000000001,16,16
16,rsgan,4,22000,0.23689999999999997,0.7839,16,16
16,rsgan,4,23000,0.2462,0.7866,16,16
16,rsgan,4,24000,0.28190000000000004,0.7651999999999999,16,16
16,rsgan,4,25000,0.2799,0.7454000000000001,16,16
16,rsgan,4,26000,0.2535,0.7924,16,16
16,rsgan,4,27000,0.2533,0.7888,16,16
16,rsgan,4,28000,0.2904,0.7523,16,16
16,rsgan,4,29000,0.2783,0.7681,16,16
16,rsgan,4,30000,0.2739,0.7758,16,16
16,rsgan,4,31000,0.2804,0.7932,16,16
16,rsgan,4,32000,0.2779,0.7999,16,16
16,rsgan,4,33000,0.2629,0.7889999999999999,16,16
16,rsgan,4,34000,0.27679999999999993,0.7978000000000001,16,16
16,rsgan,4,35000,0.26439999999999997,0.802,16,16
16,rsgan,4,36000,0.2706,0.796,16,16
16,rsgan,4,37000,0.26649999999999996,0.7931,16,16
16,rsgan,4,38000,0.2585,0.8133,16,16
16,rsgan,4,39000,0.27290000000000003,0.7914,16,16
16,rsgan,4,40000,0.24600000000000002,0.8139,16,16
16,rsgan,4,41000,0.26959999999999995,0.7856000000000001,16,16
16,rsgan,4,42000,0.2925,0.7765,16,16
16,rsgan,4,43000,0.2612,0.8064,16,16
16,rsgan,4,44000,0.2708,0.8002,16,16
16,rsgan,4,45000,0.2745,0.7995,16,16
16,rsgan,4,46000,0.2651,0.8062,16,16
16,rsgan,4,47000,0.2875,0.7896000000000001,16,16
16,rsgan,4,48000,0.26430000000000003,0.8167,16,16
16,rsgan,4,49000,0.26780000000000004,0.7992999999999999,16,16
16,rsgan,4,50000,0.28049999999999997,0.7945,16,16
16,paired,0,0,1.0,0.0,0,0
16,paired,0,1000,0.8502000000000001,0.14979999999999993,4,16
16,paired,0,2000,0.8192,0.18079999999999996,14,16
16,paired,0,3000,0.3479,0.6521,16,16
16,paired,0,4000,0.28569999999999995,0.7143,16,16
16,paired,0,5000,0.2723,0.7277,16,16
16,paired,0,6000,0.26030000000000003,0.7396999999999999,16,16
16,paired,0,7000,0.2861,0.7139,16,16
16,paired,0,8000,0.23070000000000007,0.7692999999999999,16,16
16,paired,0,9000,0.23360000000000003,0.7664,16,16
16,paired,0,10000,0.23399999999999999,0.766,16,16
16,paired,0,11000,0.22419999999999998,0.7758,16,16
16,paired,0,12000,0.21330000000000002,0.7867,16,16
16,paired,0,13000,0.19029999999999997,0.8097000000000001,16,16
16,paired,0,14000,0.2118,0.7882,16,16
16,paired,0,15000,0.17779999999999999,0.8222,16,16
16,paired,0,16000,0.1713,0.8287,16,16
16,paired,0,17000,0.16549999999999998,0.8345,16,16
16,paired,0,18000,0.1532,0.8468,16,16
16,paired,0,19000,0.1531,0.8469,16,16
16,paired,0,20000,0.15380000000000002,0.8462,16,16
16,paired,0,21000,0.15779999999999997,0.8422000000000001,16,16
16,paired,0,22000,0.13780000000000003,0.8622,16,16
16,paired,0,23000,0.13319999999999999,0.8668,16,16
16,paired,0,24000,0.13220000000000004,0.8677999999999999,16,16
16,paired,0,25000,0.12139999999999998,0.8786,16,16
16,paired,0,26000,0.12270000000000002,0.8773,16,16
16,paired,0,27000,0.11810000000000005,0.8818999999999999,16,16
16,paired,0,28000,0.1169,0.8831,16,16
16,paired,0,29000,0.11570000000000001,0.8843,16,16
16,paired,0,30000,0.13060000000000002,0.8694,16,16
16,paired,0,31000,0.118,0.882,16,16
16,paired,0,32000,0.11460000000000002,0.8854,16,16
16,paired,0,33000,0.11370000000000002,0.8863,16,16
16,paired,0,34000,0.1008,0.8992,16,16
16,paired,0,35000,0.10390000000000005,0.8960999999999999,16,16
16,paired,0,36000,0.10139999999999996,0.8986000000000001,16,16
16,paired,0,37000,0.103,0.897,16,16
16,paired,0,38000,0.10329999999999998,0.8967,16,16
16,paired,0,39000,0.0956,0.9044,16,16
16,paired,0,40000,0.09100000000000004,0.9089999999999999,16,16
16,paired,0,41000,0.1089,0.8911,16,16
16,paired,0,42000,0.09179999999999999,0.9082,16,16
16,paired,0,43000,0.09060000000000001,0.9094,16,16
16,paired,0,44000,0.08300000000000003,0.9169999999999999,16,16
16,paired,0,45000,0.08830000000000002,0.9117,16,16
16,paired,0,46000,0.08559999999999995,0.9144000000000001,16,16
16,paired,0,47000,0.0917,0.9083,16,16
16,paired,0,48000,0.09770000000000006,0.9022999999999999,16,16
16,paired,0,49000,0.08549999999999995,0.9145000000000001,16,16
16,paired,0,50000,0.08479999999999999,0.9152,16,16
16,paired,1,0,1.0,0.0,0,0
16,paired,1,1000,0.8637999999999999,0.1362,5,16
16,paired,1,2000,0.8484,0.15159999999999996,4,16
16,paired,1,3000,0.46730000000000005,0.5327,16,16
16,paired,1,4000,0.2939,0.7061,16,16
16,paired,1,5000,0.2813,0.7187,16,16
16,paired,1,6000,0.2728999999999999,0.7271000000000001,16,16
16,paired,1,7000,0.2553,0.7446999999999999,16,16
16,paired,1,8000,0.2441,0.7559,16,16
16,paired,1,9000,0.22650000000000003,0.7735,16,16
16,paired,1,10000,0.23570000000000002,0.7643,16,16
16,paired,1,11000,0.24750000000000003,0.7525,16,16
16,paired,1,12000,0.235,0.765,16,16
16,paired,1,13000,0.23170000000000002,0.7683,16,16
16,paired,1,14000,0.19970000000000004,0.8002999999999999,16,16
16,paired,1,15000,0.18699999999999997,0.8130000000000001,16,16
16,paired,1,16000,0.18029999999999996,0.8197000000000001,16,16
16,paired,1,17000,0.18579999999999997,0.8142,16,16
16,paired,1,18000,0.18169999999999997,0.8183,16,16
16,paired,1,19000,0.1714,0.8286,16,16
16,paired,1,20000,0.167,0.833,16,16
16,paired,1,21000,0.15600000000000003,0.844,16,16
16,paired,1,22000,0.1552,0.8448,16,16
16,paired,1,23000,0.1509,0.8491,16,16
16,paired,1,24000,0.1592,0.8408,16,16
16,paired,1,25000,0.15239999999999992,0.8476000000000001,16,16
16,paired,1,26000,0.14,0.86,16,16
16,paired,1,27000,0.13859999999999997,0.8614,16,16
16,paired,1,28000,0.13460000000000003,0.8654,16,16
16,paired,1,29000,0.12799999999999995,0.8720000000000001,16,16
16,paired,1,30000,0.12840000000000004,0.8715999999999999,16,16
16,paired,1,31000,0.13059999999999997,0.8694000000000001,16,16
16,paired,1,32000,0.12860000000000002,0.8714,16,16
16,paired,1,33000,0.11819999999999999,0.8818,16,16
16,paired,1,34000,0.11889999999999999,0.8811,16,16
16,paired,1,35000,0.11529999999999999,0.8847,16,16
16,paired,1,36000,0.11380000000000001,0.8862,16,16
16,paired,1,37000,0.11429999999999997,0.8857,16,16
16,paired,1,38000,0.1169,0.8831,16,16
16,paired,1,39000,0.10650000000000003,0.8935,16,16
16,paired,1,40000,0.10390000000000006,0.8960999999999999,16,16
16,paired,1,41000,0.102,0.898,16,16
16,paired,1,42000,0.13460000000000003,0.8654,16,16
16,paired,1,43000,0.11319999999999998,0.8868,16,16
16,paired,1,44000,0.16700000000000004,0.833,16,16
16,paired,1,45000,0.09830000000000003,0.9017,16,16
16,paired,1,46000,0.10129999999999997,0.8987,16,16
16,paired,1,47000,0.12810000000000005,0.8718999999999999,16,16
16,paired,1,48000,0.1017,0.8983,16,16
16,paired,1,49000,0.12190000000000001,0.8781,16,16
16,paired,1,50000,0.10549999999999995,0.8945000000000001,16,16
16,paired,2,0,1.0,0.0,0,0
16,paired,2,1000,0.8603000000000001,0.13969999999999994,7,14
16,paired,2,2000,0.8429,0.15710000000000002,8,16
16,paired,2,3000,0.5237,0.47629999999999995,16,16
16,paired,2,4000,0.2956,0.7044,16,16
16,paired,2,5000,0.2681,0.7319,16,16
16,paired,2,6000,0.25529999999999997,0.7447,16,16
16,paired,2,7000,0.24140000000000003,0.7585999999999999,16,16
16,paired,2,8000,0.23130000000000003,0.7686999999999999,16,16
16,paired,2,9000,0.22299999999999998,0.777,16,16
16,paired,2,10000,0.23610000000000003,0.7638999999999999,16,16
16,paired,2,11000,0.21799999999999997,0.782,16,16
16,paired,2,12000,0.20369999999999994,0.7963000000000001,16,16
16,paired,2,13000,0.19699999999999995,0.803,16,16
16,paired,2,14000,0.17979999999999996,0.8202,16,16
16,paired,2,15000,0.18730000000000002,0.8127,16,16
16,paired,2,16000,0.16700000000000004,0.833,16,16
16,paired,2,17000,0.1623,0.8377,16,16
16,paired,2,18000,0.15579999999999997,0.8442000000000001,16,16
16,paired,2,19000,0.16749999999999998,0.8325,16,16
16,paired,2,20000,0.19019999999999998,0.8098000000000001,16,16
16,paired,2,21000,0.14799999999999996,0.8520000000000001,16,16
16,paired,2,22000,0.13740000000000002,0.8625999999999999,16,16
16,paired,2,23000,0.13529999999999998,0.8647,16,16
16,paired,2,24000,0.129,0.871,16,16
16,paired,2,25000,0.13599999999999995,0.8640000000000001,16,16
16,paired,2,26000,0.11499999999999999,0.885,16,16
16,paired,2,27000,0.12349999999999996,0.8765000000000001,16,16
16,paired,2,28000,0.1122,0.8878,16,16
16,paired,2,29000,0.10880000000000001,0.8912,16,16
16,paired,2,30000,0.10800000000000005,0.8919999999999999,16,16
16,paired,2,31000,0.10929999999999998,0.8909,16,16
16,paired,2,32000,0.10370000000000001,0.8963,16,16
16,paired,2,33000,0.10650000000000004,0.8936,16,16
16,paired,2,34000,0.09919999999999998,0.9008,16,16
16,paired,2,35000,0.0968,0.9032,16,16
16,paired,2,36000,0.095,0.905,16,16
16,paired,2,37000,0.09699999999999999,0.903,16,16
16,paired,2,38000,0.10519999999999999,0.8948,16,16
16,paired,2,39000,0.10329999999999998,0.8967,16,16
16,paired,2,40000,0.10880000000000001,0.8912,16,16
16,paired,2,41000,0.09139999999999995,0.9086000000000001,16,16
16,paired,2,42000,0.08939999999999997,0.9106000000000001,16,16
16,paired,2,43000,0.09099999999999997,0.909,16,16
16,paired,2,44000,0.09260000000000002,0.9074,16,16
16,paired,2,45000,0.08830000000000003,0.9117999999999999,16,16
16,paired,2,46000,0.08250000000000002,0.9178,16,16
16,paired,2,47000,0.08400000000000005,0.9159999999999999,16,16
16,paired,2,48000,0.1035,0.897,16,16
16,paired,2,49000,0.08159999999999999,0.9193,16,16
16,paired,2,50000,0.08479999999999999,0.916,16,16
16,paired,3,0,1.0,0.0,0,0
16,paired,3,1000,0.853,0.14700000000000002,5,16
16,paired,3,2000,0.8162,0.18379999999999996,12,16
16,paired,3,3000,0.31579999999999997,0.6842,16,16
16,paired,3,4000,0.2902,0.7098,16,16
16,paired,3,5000,0.28290000000000004,0.7171,16,16
16,paired,3,6000,0.26670000000000005,0.7333,16,16
16,paired,3,7000,0.257,0.743,16,16
16,paired,3,8000,0.26180000000000003,0.7382,16,16
16,paired,3,9000,0.2419,0.7581,16,16
16,paired,3,10000,0.2398,0.7602,16,16
16,paired,3,11000,0.266,0.734,16,16
16,paired,3,12000,0.23750000000000002,0.7625,16,16
16,paired,3,13000,0.22499999999999992,0.7750000000000001,16,16
16,paired,3,14000,0.1966,0.8034,16,16
16,paired,3,15000,0.18330000000000002,0.8167,16,16
16,paired,3,16000,0.17660000000000003,0.8233999999999999,16,16
16,paired,3,17000,0.16819999999999996,0.8318000000000001,16,16
16,paired,3,18000,0.16049999999999998,0.8395,16,16
16,paired,3,19000,0.15379999999999996,0.8462000000000001,16,16
16,paired,3,20000,0.1513,0.8487,16,16
16,paired,3,21000,0.15810000000000002,0.8419,16,16
16,paired,3,22000,0.1895,0.8105,16,16
16,paired,3,23000,0.14330000000000004,0.8566999999999999,16,16
16,paired,3,24000,0.14240000000000003,0.8575999999999999,16,16
16,paired,3,25000,0.1362,0.8638,16,16
16,paired,3,26000,0.13419999999999999,0.8658,16,16
16,paired,3,27000,0.13080000000000003,0.8692,16,16
16,paired,3,28000,0.13639999999999997,0.8636,16,16
16,paired,3,29000,0.13159999999999997,0.8684000000000001,16,16
16,paired,3,30000,0.13159999999999997,0.8684000000000001,16,16
16,paired,3,31000,0.12539999999999998,0.8746,16,16
16,paired,3,32000,0.1209,0.8791,16,16
16,paired,3,33000,0.11210000000000003,0.8878999999999999,16,16
16,paired,3,34000,0.10700000000000001,0.8933,16,16
16,paired,3,35000,0.1119,0.8881,16,16
16,paired,3,36000,0.11399999999999999,0.886,16,16
16,paired,3,37000,0.13019999999999998,0.8698,16,16
16,paired,3,38000,0.10390000000000006,0.8960999999999999,16,16
16,paired,3,39000,0.10020000000000003,0.8997999999999999,16,16
16,paired,3,40000,0.10350000000000004,0.8978999999999999,16,16
16,paired,3,41000,0.10770000000000002,0.8923,16,16
16,paired,3,42000,0.10030000000000003,0.8996999999999999,16,16
16,paired,3,43000,0.10130000000000002,0.8996,16,16
16,paired,3,44000,0.10179999999999997,0.8988,16,16
16,paired,3,45000,0.09399999999999997,0.9069,16,16
16,paired,3,46000,0.0896,0.9114,16,16
16,paired,3,47000,0.094,0.9071,16,16
16,paired,3,48000,0.13969999999999996,0.8603000000000001,16,16
16,paired,3,49000,0.0831,0.9172,16,16
16,paired,3,50000,0.08640000000000003,0.9138999999999999,16,16
16,paired,4,0,1.0,0.0,0,0
16,paired,4,1000,0.8688,0.13119999999999998,1,16
16,paired,4,2000,0.8431,0.15690000000000004,8,16
16,paired,4,3000,0.3599,0.6401,16,16
16,paired,4,4000,0.30789999999999995,0.6921,16,16
16,paired,4,5000,0.2795000000000001,0.7204999999999999,16,16
16,paired,4,6000,0.2910999999999999,0.7089000000000001,16,16
16,paired,4,7000,0.2621,0.7379,16,16
16,paired,4,8000,0.2692,0.7308,16,16
16,paired,4,9000,0.2491,0.7509,16,16
16,paired,4,10000,0.23679999999999995,0.7632000000000001,16,16
16,paired,4,11000,0.22619999999999998,0.7738,16,16
16,paired,4,12000,0.2057,0.7943,16,16
16,paired,4,13000,0.19510000000000002,0.8049,16,16
16,paired,4,14000,0.18730000000000002,0.8127,16,16
16,paired,4,15000,0.19020000000000004,0.8098,16,16
16,paired,4,16000,0.1798,0.8202,16,16
16,paired,4,17000,0.182,0.8180000000000001,16,16
16,paired,4,18000,0.16859999999999997,0.8314,16,16
16,paired,4,19000,0.16580000000000003,0.8341999999999999,16,16
16,paired,4,20000,0.15389999999999998,0.8461000000000001,16,16
16,paired,4,21000,0.16449999999999998,0.8355,16,16
16,paired,4,22000,0.1556,0.8444,16,16
16,paired,4,23000,0.14229999999999995,0.8577000000000001,16,16
16,paired,4,24000,0.14100000000000001,0.859,16,16
16,paired,4,25000,0.1351,0.8649,16,16
16,paired,4,26000,0.13050000000000003,0.8694999999999999,16,16
16,paired,4,27000,0.131,0.869,16,16
16,paired,4,28000,0.12230000000000005,0.8776999999999999,16,16
16,paired,4,29000,0.1297,0.8703,16,16
16,paired,4,30000,0.11380000000000001,0.8862,16,16
16,paired,4,31000,0.11529999999999999,0.8847,16,16
16,paired,4,32000,0.10710000000000003,0.8928999999999999,16,16
16,paired,4,33000,0.10390000000000006,0.8960999999999999,16,16
16,paired,4,34000,0.12019999999999993,0.8798000000000001,16,16
16,paired,4,35000,0.10139999999999996,0.8986000000000001,16,16
16,paired,4,36000,0.1005,0.8995,16,16
16,paired,4,37000,0.09319999999999998,0.9068,16,16
16,paired,4,38000,0.0909,0.9091,16,16
16,paired,4,39000,0.08719999999999997,0.9128000000000001,16,16
16,paired,4,40000,0.09150000000000003,0.9085,16,16
16,paired,4,41000,0.11380000000000001,0.8862,16,16
16,paired,4,42000,0.08399999999999998,0.916,16,16
16,paired,4,43000,0.08329999999999996,0.9167000000000001,16,16
16,paired,4,44000,0.08499999999999998,0.915,16,16
16,paired,4,45000,0.08250000000000002,0.9175,16,16
16,paired,4,46000,0.10040000000000002,0.8996,16,16
16,paired,4,47000,0.08499999999999999,0.915,16,16
16,paired,4,48000,0.08389999999999999,0.9161,16,16
16,paired,4,49000,0.08409999999999998,0.9159,16,16
16,paired,4,50000,0.07940000000000001,0.9206,16,16
32,vanilla,0,0,1.0,0.0,0,0
32,vanilla,0,1000,0.7118,0.2882,12,32
32,vanilla,0,2000,0.24090000000000006,0.9645999999999999,25,29
32,vanilla,0,3000,0.11644999999999997,0.9843000000000001,30,32
32,vanilla,0,4000,0.05975000000000001,0.994,32,32
32,vanilla,0,5000,0.030100000000000002,0.996,32,32
32,vanilla,0,6000,0.029649999999999996,0.996,32,32
32,vanilla,0,7000,0.024999999999999994,0.9979,32,32
32,vanilla,0,8000,0.035199999999999995,0.9978,32,32
32,vanilla,0,9000,0.03660000000000001,0.999,32,32
32,vanilla,0,10000,0.029649999999999996,0.9991,32,32
32,vanilla,0,11000,0.030699999999999984,0.9996,32,32
32,vanilla,0,12000,0.025749999999999953,0.9990000000000001,32,32
32,vanilla,0,13000,0.026099999999999998,0.998,32,32
32,vanilla,0,14000,0.034900000000000014,0.9972,32,32
32,vanilla,0,15000,0.025799999999999997,0.9999,32,32
32,vanilla,0,16000,0.03174999999999998,0.9996,32,32
32,vanilla,0,17000,0.030699999999999977,0.9996,32,32
32,vanilla,0,18000,0.030700000000000022,0.9984,32,32
32,vanilla,0,19000,0.026149999999999993,1.0,32,32
32,vanilla,0,20000,0.04915000000000001,0.9873,32,32
32,vanilla,0,21000,0.026550000000000004,1.0,32,32
32,vanilla,0,22000,0.03564999999999999,0.9966,32,32
32,vanilla,0,23000,0.024949999999999993,0.9999,32,32
32,vanilla,0,24000,0.03285,1.0,32,32
32,vanilla,0,25000,0.025049999999999975,0.9996,32,32
32,vanilla,0,26000,0.03245000000000005,0.9990999999999999,32,32
32,vanilla,0,27000,0.08130000000000004,0.9664999999999999,32,32
32,vanilla,0,28000,0.03285000000000007,0.9993999999999998,32,32
32,vanilla,0,29000,0.023900000000000005,1.0,32,32
32,vanilla,0,30000,0.10064999999999999,0.9393,32,32
32,vanilla,0,31000,0.030250000000000006,0.9999,32,32
32,vanilla,0,32000,0.0366,1.0,32,32
32,vanilla,0,33000,0.039899999999999984,0.9836,32,32
32,vanilla,0,34000,0.03075,1.0,32,32
32,vanilla,0,35000,0.02675,1.0,32,32
32,vanilla,0,36000,0.029349999999999994,1.0,32,32
32,vanilla,0,37000,0.04744999999999999,0.9786,32,32
32,vanilla,0,38000,0.04184999999999995,0.9951000000000001,32,32
32,vanilla,0,39000,0.03365000000000006,0.9990999999999999,32,32
32,vanilla,0,40000,0.0348,0.9998,32,32
32,vanilla,0,41000,0.03014999999999999,1.0,32,32
32,vanilla,0,42000,0.028999999999999956,0.9993000000000001,32,32
32,vanilla,0,43000,0.06269999999999998,0.9872000000000001,32,32
32,vanilla,0,44000,0.035849999999999965,0.9994000000000001,32,32
32,vanilla,0,45000,0.02379999999999999,0.9999,32,32
32,vanilla,0,46000,0.0474,0.998,32,32
32,vanilla,0,47000,0.035949999999999996,0.9999,32,32
32,vanilla,0,48000,0.05455,0.9969,32,32
32,vanilla,0,49000,0.02810000000000005,0.9988999999999999,32,32
32,vanilla,0,50000,0.05350000000000002,0.9962,32,32
32,vanilla,1,0,1.0,0.0,0,0
32,vanilla,1,1000,0.6226,0.37739999999999996,13,32
32,vanilla,1,2000,0.08335,0.9333,32,32
32,vanilla,1,3000,0.05505000000000003,0.9702999999999999,32,32
32,vanilla,1,4000,0.045149999999999975,0.9815,32,32
32,vanilla,1,5000,0.0445,0.9858,32,32
32,vanilla,1,6000,0.046500000000000014,0.9861,32,32
32,vanilla,1,7000,0.04329999999999995,0.9911000000000001,32,32
32,vanilla,1,8000,0.04970000000000001,0.9881,32,32
32,vanilla,1,9000,0.04805000000000001,0.9902,32,32
32,vanilla,1,10000,0.040599999999999956,0.9922000000000001,32,32
32,vanilla,1,11000,0.040449999999999944,0.9931000000000001,32,32
32,vanilla,1,12000,0.04315000000000003,0.9904999999999999,32,32
32,vanilla,1,13000,0.0367,0.994,32,32
32,vanilla,1,14000,0.04050000000000005,0.9948999999999999,32,32
32,vanilla,1,15000,0.03819999999999995,0.9909000000000001,32,32
32,vanilla,1,16000,0.046349999999999975,0.9916,32,32
32,vanilla,1,17000,0.04019999999999998,0.9947,32,32
32,vanilla,1,18000,0.046799999999999994,0.9838,32,32
32,vanilla,1,19000,0.04090000000000005,0.9969999999999999,32,32
32,vanilla,1,20000,0.043199999999999975,0.9895,32,32
32,vanilla,1,21000,0.043050000000000026,0.9934,32,32
32,vanilla,1,22000,0.04454999999999999,0.9897,32,32
32,vanilla,1,23000,0.044549999999999965,0.9894000000000001,32,32
32,vanilla,1,24000,0.03819999999999996,0.9973000000000001,32,32
32,vanilla,1,25000,0.04070000000000003,0.9964999999999999,32,32
32,vanilla,1,26000,0.04975000000000001,0.997,32,32
32,vanilla,1,27000,0.03654999999999995,0.9962000000000001,32,32
32,vanilla,1,28000,0.04515000000000001,0.9961,32,32
32,vanilla,1,29000,0.050550000000000025,0.9924999999999999,32,32
32,vanilla,1,30000,0.04110000000000001,0.9953,32,32
32,vanilla,1,31000,0.05455,0.9919,32,32
32,vanilla,1,32000,0.05579999999999999,0.9836,32,32
32,vanilla,1,33000,0.04895000000000001,0.996,32,32
32,vanilla,1,34000,0.03070000000000004,0.9977999999999999,32,32
32,vanilla,1,35000,0.038549999999999966,0.9973000000000001,32,32
32,vanilla,1,36000,0.03384999999999996,0.9954000000000001,32,32
32,vanilla,1,37000,0.04760000000000004,0.9855999999999999,32,32
32,vanilla,1,38000,0.04634999999999996,0.9952000000000001,32,32
32,vanilla,1,39000,0.038150000000000024,0.9973,32,32
32,vanilla,1,40000,0.03884999999999997,0.9935,32,32
32,vanilla,1,41000,0.036499999999999956,0.9953000000000001,32,32
32,vanilla,1,42000,0.048149999999999984,0.9926,32,32
32,vanilla,1,43000,0.040050000000000016,0.9981,32,32
32,vanilla,1,44000,0.04744999999999995,0.9910000000000001,32,32
32,vanilla,1,45000,0.06039999999999998,0.9968,32,32
32,vanilla,1,46000,0.05494999999999999,0.9879,32,32
32,vanilla,1,47000,0.04925000000000004,0.9965999999999999,32,32
32,vanilla,1,48000,0.04064999999999998,0.9968,32,32
32,vanilla,1,49000,0.04170000000000001,0.993,32,32
32,vanilla,1,50000,0.044000000000000004,0.9939,32,32
32,vanilla,2,0,1.0,0.0,0,0
32,vanilla,2,1000,0.7298,0.2702,9,32
32,vanilla,2,2000,0.2565,0.9173,26,29
32,vanilla,2,3000,0.1179,0.9876,31,32
32,vanilla,2,4000,0.037299999999999986,0.9954000000000001,32,32
32,vanilla,2,5000,0.025049999999999996,0.998,32,32
32,vanilla,2,6000,0.024500000000000032,0.9984999999999999,32,32
32,vanilla,2,7000,0.02810000000000007,0.9993999999999998,32,32
32,vanilla,2,8000,0.022899999999999986,0.9998,32,32
32,vanilla,2,9000,0.029400000000000006,0.997,32,32
32,vanilla,2,10000,0.038,0.9989,32,32
32,vanilla,2,11000,0.03430000000000001,1.0,32,32
32,vanilla,2,12000,0.03315000000000008,0.9852999999999998,32,32
32,vanilla,2,13000,0.05185000000000001,0.993,32,32
32,vanilla,2,14000,0.024699999999999986,0.9998,32,32
32,vanilla,2,15000,0.03435000000000003,0.9995999999999999,32,32
32,vanilla,2,16000,0.02645000000000005,0.9999999999999999,32,32
32,vanilla,2,17000,0.03404999999999999,0.9998,32,32
32,vanilla,2,18000,0.028250000000000004,0.998,32,32
32,vanilla,2,19000,0.03139999999999997,0.9994000000000001,32,32
32,vanilla,2,20000,0.04040000000000002,0.9992,32,32
32,vanilla,2,21000,0.03524999999999996,0.9994000000000001,32,32
32,vanilla,2,22000,0.031499999999999986,0.9997,32,32
32,vanilla,2,23000,0.036150000000000015,0.9983,32,32
32,vanilla,2,24000,0.0403,0.997,32,32
32,vanilla,2,25000,0.030700000000000005,0.9999,32,32
32,vanilla,2,26000,0.029499999999999985,0.9998,32,32
32,vanilla,2,27000,0.034099999999999984,0.9997,32,32
32,vanilla,2,28000,0.026949999999999974,0.9996,32,32
32,vanilla,2,29000,0.03174999999999999,0.9997,32,32
32,vanilla,2,30000,0.0321,1.0,32,32
32,vanilla,2,31000,0.03584999999999999,1.0,32,32
32,vanilla,2,32000,0.034200000000000084,0.9995999999999998,32,32
32,vanilla,2,33000,0.030749999999999986,0.9997,32,32
32,vanilla,2,34000,0.03139999999999999,0.9999,32,32
32,vanilla,2,35000,0.030699999999999995,0.9998,32,32
32,vanilla,2,36000,0.039349999999999954,0.9830000000000001,32,32
32,vanilla,2,37000,0.04024999999999995,0.9983000000000001,32,32
32,vanilla,2,38000,0.029599999999999974,0.9995,32,32
32,vanilla,2,39000,0.032450000000000055,0.9969999999999999,32,32
32,vanilla,2,40000,0.03459999999999999,0.9999,32,32
32,vanilla,2,41000,0.03269999999999999,0.9998,32,32
32,vanilla,2,42000,0.03900000000000004,0.9998999999999999,32,32
32,vanilla,2,43000,0.03150000000000002,0.9994,32,32
32,vanilla,2,44000,0.03484999999999997,0.9995,32,32
32,vanilla,2,45000,0.034499999999999975,0.9997,32,32
32,vanilla,2,46000,0.0315,0.9989,32,32
32,vanilla,2,47000,0.03949999999999999,0.9999,32,32
32,vanilla,2,48000,0.0351,0.9999,32,32
32,vanilla,2,49000,0.03114999999999997,0.9995,32,32
32,vanilla,2,50000,0.027249999999999996,0.9997,32,32
32,vanilla,3,0,1.0,0.0,0,0
32,vanilla,3,1000,0.7182999999999999,0.28170000000000006,7,32
32,vanilla,3,2000,0.14090000000000003,0.9182999999999999,30,32
32,vanilla,3,3000,0.06155000000000002,0.96,32,32
32,vanilla,3,4000,0.05219999999999997,0.9751000000000001,32,32
32,vanilla,3,5000,0.04265000000000001,0.982,32,32
32,vanilla,3,6000,0.05005000000000004,0.9722999999999999,32,32
32,vanilla,3,7000,0.041600000000000026,0.9863,32,32
32,vanilla,3,8000,0.03475000000000007,0.9891999999999999,32,32
32,vanilla,3,9000,0.0465,0.9818,32,32
32,vanilla,3,10000,0.04315000000000004,0.9855999999999999,32,32
32,vanilla,3,11000,0.03874999999999995,0.9930000000000001,32,32
32,vanilla,3,12000,0.029499999999999995,0.9927,32,32
32,vanilla,3,13000,0.04044999999999993,0.9948000000000001,32,32
32,vanilla,3,14000,0.050549999999999914,0.9884000000000002,32,32
32,vanilla,3,15000,0.04584999999999998,0.9896,32,32
32,vanilla,3,16000,0.03965000000000003,0.9925999999999999,32,32
32,vanilla,3,17000,0.027200000000000016,0.9962,32,32
32,vanilla,3,18000,0.04199999999999997,0.9912000000000001,32,32
32,vanilla,3,19000,0.03414999999999995,0.9971000000000001,32,32
32,vanilla,3,20000,0.11174999999999997,0.9089,32,32
32,vanilla,3,21000,0.03234999999999994,0.9969000000000001,32,32
32,vanilla,3,22000,0.04355000000000003,0.9895999999999999,32,32
32,vanilla,3,23000,0.039500000000000056,0.9816999999999999,32,32
32,vanilla,3,24000,0.036699999999999997,0.997,32,32
32,vanilla,3,25000,0.039949999999999965,0.9974000000000001,32,32
32,vanilla,3,26000,0.03395000000000001,0.9972,32,32
32,vanilla,3,27000,0.0341,0.9971,32,32
32,vanilla,3,28000,0.042199999999999946,0.9890000000000001,32,32
32,vanilla,3,29000,0.025750000000000002,0.9981,32,32
32,vanilla,3,30000,0.03340000000000001,0.995,32,32
32,vanilla,3,31000,0.04300000000000001,0.9862,32,32
32,vanilla,3,32000,0.04375000000000002,0.9963,32,32
32,vanilla,3,33000,0.0364,0.9918,32,32
32,vanilla,3,34000,0.04085000000000001,0.9952,32,32
32,vanilla,3,35000,0.05754999999999996,0.9954000000000001,32,32
32,vanilla,3,36000,0.046300000000000036,0.9844999999999999,32,32
32,vanilla,3,37000,0.034949999999999946,0.9980000000000001,32,32
32,vanilla,3,38000,0.042649999999999993,0.997,32,32
32,vanilla,3,39000,0.06085000000000003,0.9884,32,32
32,vanilla,3,40000,0.02819999999999996,0.9922000000000001,32,32
32,vanilla,3,41000,0.0334,0.995,32,32
32,vanilla,3,42000,0.034449999999999974,0.9975,32,32
32,vanilla,3,43000,0.05929999999999999,0.9677,32,32
32,vanilla,3,44000,0.03214999999999995,0.9970000000000001,32,32
32,vanilla,3,45000,0.027849999999999948,0.9979000000000001,32,32
32,vanilla,3,46000,0.056350000000000004,0.9901,32,32
32,vanilla,3,47000,0.04859999999999996,0.9832000000000001,32,32
32,vanilla,3,48000,0.044,0.9837,32,32
32,vanilla,3,49000,0.031000000000000017,0.9982,32,32
32,vanilla,3,50000,0.031599999999999996,0.9979,32,32
32,vanilla,4,0,1.0,0.0,0,0
32,vanilla,4,1000,0.6782,0.3218,16,32
32,vanilla,4,2000,0.18475,0.9232,28,30
32,vanilla,4,3000,0.07319999999999999,0.9877,32,32
32,vanilla,4,4000,0.04765,0.9888,32,32
32,vanilla,4,5000,0.03405000000000004,0.9964999999999999,32,32
32,vanilla,4,6000,0.033999999999999996,0.9959,32,32
32,vanilla,4,7000,0.031050000000000025,0.9974999999999999,32,32
32,vanilla,4,8000,0.029349999999999946,0.9991000000000001,32,32
32,vanilla,4,9000,0.030399999999999983,0.9937,32,32
32,vanilla,4,10000,0.03240000000000002,0.9994,32,32
32,vanilla,4,11000,0.029049999999999947,0.9990000000000001,32,32
32,vanilla,4,12000,0.05575,0.9626,32,32
32,vanilla,4,13000,0.04715000000000001,0.9932,32,32
32,vanilla,4,14000,0.02404999999999997,0.9994000000000001,32,32
32,vanilla,4,15000,0.034850000000000034,0.9976999999999999,32,32
32,vanilla,4,16000,0.022500000000000037,0.9996999999999999,32,32
32,vanilla,4,17000,0.024899999999999985,0.9997,32,32
32,vanilla,4,18000,0.02944999999999995,0.9991000000000001,32,32
32,vanilla,4,19000,0.03595000000000001,0.9962,32,32
32,vanilla,4,20000,0.029600000000000043,0.9996999999999999,32,32
32,vanilla,4,21000,0.03130000000000002,0.9992,32,32
32,vanilla,4,22000,0.06124999999999996,0.9853000000000001,32,32
32,vanilla,4,23000,0.03099999999999997,0.9994000000000001,32,32
32,vanilla,4,24000,0.03914999999999999,0.9987,32,32
32,vanilla,4,25000,0.026000000000000023,0.9993,32,32
32,vanilla,4,26000,0.03540000000000005,0.9998999999999999,32,32
32,vanilla,4,27000,0.03654999999999999,0.9989,32,32
32,vanilla,4,28000,0.04250000000000002,0.9983,32,32
32,vanilla,4,29000,0.034600000000000006,0.999,32,32
32,vanilla,4,30000,0.040699999999999986,0.9999,32,32
32,vanilla,4,31000,0.044999999999999984,0.9988,32,32
32,vanilla,4,32000,0.03719999999999997,0.9994000000000001,32,32
32,vanilla,4,33000,0.042000000000000065,0.9989999999999999,32,32
32,vanilla,4,34000,0.028949999999999955,0.9991000000000001,32,32
32,vanilla,4,35000,0.03405000000000005,0.9997999999999999,32,32
32,vanilla,4,36000,0.0308,1.0,32,32
32,vanilla,4,37000,0.03379999999999999,0.9989,32,32
32,vanilla,4,38000,0.05100000000000003,0.9964999999999999,32,32
32,vanilla,4,39000,0.031249999999999938,0.9989000000000001,32,32
32,vanilla,4,40000,0.03674999999999999,0.9998,32,32
32,vanilla,4,41000,0.03869999999999996,0.9992000000000001,32,32
32,vanilla,4,42000,0.02475000000000003,0.9994999999999999,32,32
32,vanilla,4,43000,0.03665000000000002,0.9983,32,32
32,vanilla,4,44000,0.03485000000000001,0.9962,32,32
32,vanilla,4,45000,0.03710000000000004,0.9888999999999999,32,32
32,vanilla,4,46000,0.03890000000000002,0.9973,32,32
32,vanilla,4,47000,0.03090000000000005,0.9999999999999999,32,32
32,vanilla,4,48000,0.038750000000000014,0.9992,32,32
32,vanilla,4,49000,0.07899999999999999,0.9655,32,32
32,vanilla,4,50000,0.033950000000000015,0.9972,32,32
32,rsgan,0,0,1.0,0.0,0,0
32,rsgan,0,1000,0.7296,0.2704,8,32
32,rsgan,0,2000,0.2098,0.9032,27,30
32,rsgan,0,3000,0.07055,0.9616,32,32
32,rsgan,0,4000,0.04644999999999995,0.9760000000000001,32,32
32,rsgan,0,5000,0.0489,0.9737,32,32
32,rsgan,0,6000,0.03844999999999995,0.9859000000000001,32,32
32,rsgan,0,7000,0.035649999999999966,0.9892000000000001,32,32
32,rsgan,0,8000,0.05510000000000001,0.9818,32,32
32,rsgan,0,9000,0.03159999999999995,0.9909000000000001,32,32
32,rsgan,0,10000,0.051049999999999984,0.9795,32,32
32,rsgan,0,11000,0.02745000000000001,0.9931,32,32
32,rsgan,0,12000,0.028750000000000015,0.9901,32,32
32,rsgan,0,13000,0.033049999999999954,0.9932000000000001,32,32
32,rsgan,0,14000,0.03485000000000001,0.9951,32,32
32,rsgan,0,15000,0.04085000000000004,0.9884999999999999,32,32
32,rsgan,0,16000,0.0363,0.9961,32,32
32,rsgan,0,17000,0.03770000000000002,0.9943,32,32
32,rsgan,0,18000,0.041899999999999986,0.9949,32,32
32,rsgan,0,19000,0.040350000000000004,0.993,32,32
32,rsgan,0,20000,0.036249999999999984,0.9957,32,32
32,rsgan,0,21000,0.04860000000000001,0.99,32,32
32,rsgan,0,22000,0.03205000000000002,0.9964,32,32
32,rsgan,0,23000,0.06615000000000004,0.9703999999999999,32,32
32,rsgan,0,24000,0.04300000000000003,0.9956999999999999,32,32
32,rsgan,0,25000,0.03484999999999997,0.9913000000000001,32,32
32,rsgan,0,26000,0.037300000000000035,0.9944999999999999,32,32
32,rsgan,0,27000,0.03524999999999993,0.9946000000000002,32,32
32,rsgan,0,28000,0.04014999999999998,0.9967,32,32
32,rsgan,0,29000,0.03334999999999995,0.9970000000000001,32,32
32,rsgan,0,30000,0.0437,0.996,32,32
32,rsgan,0,31000,0.03424999999999998,0.9906,32,32
32,rsgan,0,32000,0.06320000000000003,0.9843999999999999,32,32
32,rsgan,0,33000,0.04674999999999998,0.9946,32,32
32,rsgan,0,34000,0.038949999999999985,0.9898,32,32
32,rsgan,0,35000,0.07919999999999999,0.9536,32,32
32,rsgan,0,36000,0.03655000000000001,0.9962,32,32
32,rsgan,0,37000,0.04780000000000005,0.9926999999999999,32,32
32,rsgan,0,38000,0.045549999999999966,0.9982000000000001,32,32
32,rsgan,0,39000,0.036850000000000015,0.9982,32,32
32,rsgan,0,40000,0.03090000000000004,0.9966999999999999,32,32
32,rsgan,0,41000,0.044750000000000005,0.9971,32,32
32,rsgan,0,42000,0.03664999999999993,0.9988000000000001,32,32
32,rsgan,0,43000,0.049000000000000016,0.9982,32,32
32,rsgan,0,44000,0.03350000000000002,0.9984,32,32
32,rsgan,0,45000,0.04345000000000001,0.9981,32,32
32,rsgan,0,46000,0.03484999999999997,0.9955,32,32
32,rsgan,0,47000,0.04284999999999997,0.9975,32,32
32,rsgan,0,48000,0.04110000000000003,0.9944999999999999,32,32
32,rsgan,0,49000,0.05450000000000005,0.9867999999999999,32,32
32,rsgan,0,50000,0.03664999999999999,0.9906,32,32
32,rsgan,1,0,1.0,0.0,0,0
32,rsgan,1,1000,0.7207,0.2793,9,32
32,rsgan,1,2000,0.11655000000000003,0.9097,32,32
32,rsgan,1,3000,0.05285000000000002,0.9651,32,32
32,rsgan,1,4000,0.04229999999999997,0.9793000000000001,32,32
32,rsgan,1,5000,0.050000000000000024,0.9853,32,32
32,rsgan,1,6000,0.03340000000000002,0.9893,32,32
32,rsgan,1,7000,0.04164999999999998,0.9926,32,32
32,rsgan,1,8000,0.03545000000000002,0.9922,32,32
32,rsgan,1,9000,0.04269999999999999,0.9836,32,32
32,rsgan,1,10000,0.06789999999999997,0.9703,32,32
32,rsgan,1,11000,0.05650000000000002,0.9903,32,32
32,rsgan,1,12000,0.04359999999999996,0.9923000000000001,32,32
32,rsgan,1,13000,0.04794999999999997,0.9895,32,32
32,rsgan,1,14000,0.055650000000000054,0.9837999999999999,32,32
32,rsgan,1,15000,0.03695000000000003,0.9944999999999999,32,32
32,rsgan,1,16000,0.04769999999999999,0.9928,32,32
32,rsgan,1,17000,0.04005000000000006,0.9968999999999999,32,32
32,rsgan,1,18000,0.0335,0.9959,32,32
32,rsgan,1,19000,0.04289999999999998,0.9946,32,32
32,rsgan,1,20000,0.03889999999999998,0.9967,32,32
32,rsgan,1,21000,0.03794999999999998,0.9955,32,32
32,rsgan,1,22000,0.06914999999999998,0.9511000000000001,32,32
32,rsgan,1,23000,0.03354999999999997,0.9974000000000001,32,32
32,rsgan,1,24000,0.03124999999999995,0.9972000000000001,32,32
32,rsgan,1,25000,0.02860000000000005,0.9968999999999999,32,32
32,rsgan,1,26000,0.03304999999999997,0.9974000000000001,32,32
32,rsgan,1,27000,0.03389999999999996,0.9953000000000001,32,32
32,rsgan,1,28000,0.032799999999999996,0.9969,32,32
32,rsgan,1,29000,0.047200000000000034,0.9964999999999999,32,32
32,rsgan,1,30000,0.043349999999999896,0.9981000000000002,32,32
32,rsgan,1,31000,0.10615,0.9011,32,32
32,rsgan,1,32000,0.050999999999999976,0.9937,32,32
32,rsgan,1,33000,0.03414999999999997,0.9975,32,32
32,rsgan,1,34000,0.029199999999999986,0.9967,32,32
32,rsgan,1,35000,0.03219999999999999,0.9977,32,32
32,rsgan,1,36000,0.05120000000000008,0.9852999999999998,32,32
32,rsgan,1,37000,0.022899999999999993,0.9978,32,32
32,rsgan,1,38000,0.031100000000000072,0.9972999999999999,32,32
32,rsgan,1,39000,0.024250000000000015,0.9963,32,32
32,rsgan,1,40000,0.04974999999999999,0.9927,32,32
32,rsgan,1,41000,0.02775000000000003,0.9964999999999999,32,32
32,rsgan,1,42000,0.03955000000000003,0.9975999999999999,32,32
32,rsgan,1,43000,0.024250000000000018,0.9974,32,32
32,rsgan,1,44000,0.036600000000000014,0.9974,32,32
32,rsgan,1,45000,0.05440000000000002,0.9933,32,32
32,rsgan,1,46000,0.029500000000000012,0.9982,32,32
32,rsgan,1,47000,0.042399999999999965,0.9964000000000001,32,32
32,rsgan,1,48000,0.027950000000000027,0.9974999999999999,32,32
32,rsgan,1,49000,0.06099999999999999,0.9858,32,32
32,rsgan,1,50000,0.047399999999999984,0.9977,32,32
32,rsgan,2,0,1.0,0.0,0,0
32,rsgan,2,1000,0.6933,0.3067,11,32
32,rsgan,2,2000,0.07409999999999997,0.9389000000000001,32,32
32,rsgan,2,3000,0.0684,0.9669,32,32
32,rsgan,2,4000,0.04909999999999998,0.9775,32,32
32,rsgan,2,5000,0.04469999999999996,0.9872000000000001,32,32
32,rsgan,2,6000,0.03910000000000004,0.9884999999999999,32,32
32,rsgan,2,7000,0.038800000000000015,0.9911,32,32
32,rsgan,2,8000,0.033949999999999994,0.9919,32,32
32,rsgan,2,9000,0.03579999999999999,0.9937,32,32
32,rsgan,2,10000,0.036949999999999934,0.9939000000000001,32,32
32,rsgan,2,11000,0.041749999999999995,0.9939,32,32
32,rsgan,2,12000,0.042450000000000064,0.9959999999999999,32,32
32,rsgan,2,13000,0.03635000000000002,0.9963,32,32
32,rsgan,2,14000,0.02415000000000002,0.9963,32,32
32,rsgan,2,15000,0.033099999999999956,0.9973000000000001,32,32
32,rsgan,2,16000,0.039950000000000034,0.9966999999999999,32,32
32,rsgan,2,17000,0.03775000000000002,0.9974,32,32
32,rsgan,2,18000,0.038250000000000055,0.9968999999999999,32,32
32,rsgan,2,19000,0.04060000000000001,0.9961,32,32
32,rsgan,2,20000,0.03310000000000003,0.9974999999999999,32,32
32,rsgan,2,21000,0.03045000000000005,0.9966999999999999,32,32
32,rsgan,2,22000,0.034700000000000064,0.9950999999999999,32,32
32,rsgan,2,23000,0.040499999999999994,0.9947,32,32
32,rsgan,2,24000,0.03565000000000001,0.9981,32,32
32,rsgan,2,25000,0.03359999999999997,0.9966,32,32
32,rsgan,2,26000,0.04204999999999997,0.9974000000000001,32,32
32,rsgan,2,27000,0.03565,0.997,32,32
32,rsgan,2,28000,0.03405000000000001,0.9951,32,32
32,rsgan,2,29000,0.03720000000000005,0.9988999999999999,32,32
32,rsgan,2,30000,0.07444999999999997,0.9594,32,32
32,rsgan,2,31000,0.03569999999999997,0.9984000000000001,32,32
32,rsgan,2,32000,0.03495000000000003,0.9984999999999999,32,32
32,rsgan,2,33000,0.045,0.9878,32,32
32,rsgan,2,34000,0.03425,0.9981,32,32
32,rsgan,2,35000,0.03125,0.9971,32,32
32,rsgan,2,36000,0.04189999999999996,0.9951000000000001,32,32
32,rsgan,2,37000,0.036349999999999966,0.9982000000000001,32,32
32,rsgan,2,38000,0.028200000000000024,0.9983,32,32
32,rsgan,2,39000,0.029250000000000012,0.9983,32,32
32,rsgan,2,40000,0.03395,0.998,32,32
32,rsgan,2,41000,0.050750000000000045,0.9948999999999999,32,32
32,rsgan,2,42000,0.033400000000000006,0.9951,32,32
32,rsgan,2,43000,0.036450000000000024,0.9914999999999999,32,32
32,rsgan,2,44000,0.040750000000000015,0.9902,32,32
32,rsgan,2,45000,0.05235000000000002,0.9812,32,32
32,rsgan,2,46000,0.05379999999999997,0.9833000000000001,32,32
32,rsgan,2,47000,0.03805000000000002,0.9984,32,32
32,rsgan,2,48000,0.03515000000000005,0.9969999999999999,32,32
32,rsgan,2,49000,0.035349999999999965,0.9943000000000001,32,32
32,rsgan,2,50000,0.020900000000000002,0.999,32,32
32,rsgan,3,0,1.0,0.0,0,0
32,rsgan,3,1000,0.7217,0.2783,5,32
32,rsgan,3,2000,0.193,0.9094,28,32
32,rsgan,3,3000,0.08550000000000002,0.9552999999999999,32,32
32,rsgan,3,4000,0.05655000000000001,0.97,32,32
32,rsgan,3,5000,0.0421,0.9857,32,32
32,rsgan,3,6000,0.04680000000000003,0.9742999999999999,32,32
32,rsgan,3,7000,0.018400000000000062,0.9990999999999999,32,32
32,rsgan,3,8000,0.023200000000000005,0.9991,32,32
32,rsgan,3,9000,0.02994999999999997,0.9995,32,32
32,rsgan,3,10000,0.03849999999999996,0.9932000000000001,32,32
32,rsgan,3,11000,0.039150000000000025,0.9943,32,32
32,rsgan,3,12000,0.031899999999999984,0.9998,32,32
32,rsgan,3,13000,0.031650000000000025,0.9994999999999999,32,32
32,rsgan,3,14000,0.03360000000000003,0.9915999999999999,32,32
32,rsgan,3,15000,0.030299999999999987,0.9997,32,32
32,rsgan,3,16000,0.03634999999999999,0.9957,32,32
32,rsgan,3,17000,0.03684999999999996,0.9993000000000001,32,32
32,rsgan,3,18000,0.034749999999999975,0.9997,32,32
32,rsgan,3,19000,0.02454999999999999,0.9997,32,32
32,rsgan,3,20000,0.02344999999999995,0.9990000000000001,32,32
32,rsgan,3,21000,0.028150000000000043,0.9997999999999999,32,32
32,rsgan,3,22000,0.022699999999999998,0.9999,32,32
32,rsgan,3,23000,0.02775000000000004,0.9996999999999999,32,32
32,rsgan,3,24000,0.029500000000000044,0.9995999999999999,32,32
32,rsgan,3,25000,0.040450000000000014,0.9931,32,32
32,rsgan,3,26000,0.03505,0.999,32,32
32,rsgan,3,27000,0.029949999999999977,0.9997,32,32
32,rsgan,3,28000,0.02934999999999993,0.9998000000000001,32,32
32,rsgan,3,29000,0.046349999999999995,0.9929,32,32
32,rsgan,3,30000,0.03035000000000001,0.9991,32,32
32,rsgan,3,31000,0.054099999999999995,0.9999,31,32
32,rsgan,3,32000,0.03999999999999998,0.9916,32,32
32,rsgan,3,33000,0.03645000000000002,0.9994,32,32
32,rsgan,3,34000,0.03455,1.0,32,32
32,rsgan,3,35000,0.02934999999999998,0.9996,32,32
32,rsgan,3,36000,0.025549999999999927,0.9987000000000001,32,32
32,rsgan,3,37000,0.028399999999999984,0.9999,32,32
32,rsgan,3,38000,0.04035000000000001,0.9981,32,32
32,rsgan,3,39000,0.028949999999999993,0.9999,32,32
32,rsgan,3,40000,0.024299999999999995,1.0,32,32
32,rsgan,3,41000,0.02700000000000006,0.9989999999999999,32,32
32,rsgan,3,42000,0.03575000000000002,0.9994,32,32
32,rsgan,3,43000,0.03185000000000005,0.9998999999999999,32,32
32,rsgan,3,44000,0.032049999999999995,0.9998,32,32
32,rsgan,3,45000,0.03950000000000001,0.9999,32,32
32,rsgan,3,46000,0.04640000000000002,0.9762,32,32
32,rsgan,3,47000,0.023349999999999985,0.9997,32,32
32,rsgan,3,48000,0.029100000000000004,1.0,32,32
32,rsgan,3,49000,0.06585000000000005,0.9746999999999999,32,32
32,rsgan,3,50000,0.023799999999999995,0.9999,32,32
32,rsgan,4,0,1.0,0.0,0,0
32,rsgan,4,1000,0.6755,0.3245,12,32
32,rsgan,4,2000,0.07819999999999999,0.9414,32,32
32,rsgan,4,3000,0.04965000000000005,0.9725999999999999,32,32
32,rsgan,4,4000,0.051899999999999974,0.9792000000000001,32,32
32,rsgan,4,5000,0.04774999999999997,0.9874,32,32
32,rsgan,4,6000,0.042250000000000024,0.9884,32,32
32,rsgan,4,7000,0.0431,0.991,32,32
32,rsgan,4,8000,0.033500000000000016,0.9942,32,32
32,rsgan,4,9000,0.03485000000000004,0.9925999999999999,32,32
32,rsgan,4,10000,0.036250000000000025,0.9912,32,32
32,rsgan,4,11000,0.02835000000000001,0.9952,32,32
32,rsgan,4,12000,0.03474999999999994,0.9971000000000001,32,32
32,rsgan,4,13000,0.04684999999999999,0.9848,32,32
32,rsgan,4,14000,0.03385000000000003,0.9915999999999999,32,32
32,rsgan,4,15000,0.04175000000000005,0.9968999999999999,32,32
32,rsgan,4,16000,0.02689999999999997,0.9975,32,32
32,rsgan,4,17000,0.03299999999999996,0.9982000000000001,32,32
32,rsgan,4,18000,0.034299999999999976,0.9965,32,32
32,rsgan,4,19000,0.027550000000000005,0.9981,32,32
32,rsgan,4,20000,0.04424999999999997,0.9884000000000001,32,32
32,rsgan,4,21000,0.03855000000000007,0.9952999999999999,32,32
32,rsgan,4,22000,0.03904999999999995,0.9950000000000001,32,32
32,rsgan,4,23000,0.030599999999999943,0.9959000000000001,32,32
32,rsgan,4,24000,0.032949999999999965,0.9973000000000001,32,32
32,rsgan,4,25000,0.03809999999999998,0.9977,32,32
32,rsgan,4,26000,0.034800000000000025,0.9933,32,32
32,rsgan,4,27000,0.040900000000000075,0.9972999999999999,32,32
32,rsgan,4,28000,0.03199999999999997,0.9976,32,32
32,rsgan,4,29000,0.056850000000000005,0.9719,32,32
32,rsgan,4,30000,0.04065000000000005,0.9938999999999999,32,32
32,rsgan,4,31000,0.03675,0.9961,32,32
32,rsgan,4,32000,0.034999999999999934,0.9968000000000001,32,32
32,rsgan,4,33000,0.02865000000000005,0.9927999999999999,32,32
32,rsgan,4,34000,0.02994999999999999,0.9988,32,32
32,rsgan,4,35000,0.04665000000000004,0.9884,32,32
32,rsgan,4,36000,0.040799999999999954,0.9820000000000001,32,32
32,rsgan,4,37000,0.033850000000000005,0.9981,32,32
32,rsgan,4,38000,0.03569999999999998,0.9956,32,32
32,rsgan,4,39000,0.04359999999999997,0.9993000000000001,32,32
32,rsgan,4,40000,0.03140000000000007,0.9930999999999999,32,32
32,rsgan,4,41000,0.041000000000000036,0.9915999999999999,32,32
32,rsgan,4,42000,0.03100000000000004,0.9987999999999999,32,32
32,rsgan,4,43000,0.0433,0.998,32,32
32,rsgan,4,44000,0.03329999999999999,0.9989,32,32
32,rsgan,4,45000,0.04299999999999996,0.9933000000000001,32,32
32,rsgan,4,46000,0.04564999999999995,0.9930000000000001,32,32
32,rsgan,4,47000,0.04770000000000001,0.9821,32,32
32,rsgan,4,48000,0.0606,0.9718,32,32
32,rsgan,4,49000,0.04260000000000006,0.9870999999999999,32,32
32,rsgan,4,50000,0.04485000000000003,0.9984999999999999,32,32
32,paired,0,0,1.0,0.0,0,0
32,paired,0,1000,0.7755000000000001,0.22449999999999992,0,32
32,paired,0,2000,0.7532,0.24680000000000002,0,32
32,paired,0,3000,0.23299999999999998,0.767,32,32
32,paired,0,4000,0.0592,0.9596,32,32
32,paired,0,5000,0.04989999999999999,0.9777,32,32
32,paired,0,6000,0.050949999999999995,0.9839,32,32
32,paired,0,7000,0.04669999999999999,0.9877,32,32
32,paired,0,8000,0.03595000000000004,0.9904999999999999,32,32
32,paired,0,9000,0.04409999999999999,0.9918,32,32
32,paired,0,10000,0.039600000000000024,0.9922,32,32
32,paired,0,11000,0.03855,0.995,32,32
32,paired,0,12000,0.03505000000000003,0.9955999999999999,32,32
32,paired,0,13000,0.04075000000000005,0.9877999999999999,32,32
32,paired,0,14000,0.03715000000000003,0.9944,32,32
32,paired,0,15000,0.04859999999999995,0.9931000000000001,32,32
32,paired,0,16000,0.03674999999999998,0.9956,32,32
32,paired,0,17000,0.03824999999999998,0.9957,32,32
32,paired,0,18000,0.036800000000000055,0.9951999999999999,32,32
32,paired,0,19000,0.03844999999999993,0.9966000000000002,32,32
32,paired,0,20000,0.038599999999999995,0.9838,32,32
32,paired,0,21000,0.04384999999999996,0.9971000000000001,32,32
32,paired,0,22000,0.05260000000000003,0.9945999999999999,32,32
32,paired,0,23000,0.03600000000000001,0.9973,32,32
32,paired,0,24000,0.04690000000000002,0.9902,32,32
32,paired,0,25000,0.04619999999999999,0.9959,32,32
32,paired,0,26000,0.058050000000000004,0.982,32,32
32,paired,0,27000,0.046899999999999976,0.9976,32,32
32,paired,0,28000,0.05144999999999999,0.9938,32,32
32,paired,0,29000,0.037800000000000014,0.9862,32,32
32,paired,0,30000,0.059450000000000044,0.9604999999999999,32,32
32,paired,0,31000,0.05399999999999995,0.9747000000000001,32,32
32,paired,0,32000,0.037500000000000006,0.988,32,32
32,paired,0,33000,0.05734999999999997,0.9915,32,32
32,paired,0,34000,0.03830000000000002,0.9964999999999999,32,32
32,paired,0,35000,0.05374999999999999,0.9909,32,32
32,paired,0,36000,0.04180000000000002,0.9982,32,32
32,paired,0,37000,0.04665000000000002,0.9984,32,32
32,paired,0,38000,0.04254999999999998,0.9986,32,32
32,paired,0,39000,0.042199999999999974,0.9956,32,32
32,paired,0,40000,0.04284999999999999,0.9939,32,32
32,paired,0,41000,0.04569999999999998,0.9955,32,32
32,paired,0,42000,0.03944999999999996,0.9983000000000001,32,32
32,paired,0,43000,0.05549999999999997,0.9755,32,32
32,paired,0,44000,0.04629999999999999,0.9978,32,32
32,paired,0,45000,0.04785000000000003,0.9984,32,32
32,paired,0,46000,0.047250000000000056,0.9972999999999999,32,32
32,paired,0,47000,0.04139999999999999,0.9957,32,32
32,paired,0,48000,0.03574999999999999,0.9939,32,32
32,paired,0,49000,0.04284999999999998,0.9976,32,32
32,paired,0,50000,0.05520000000000003,0.9842,32,32
32,paired,1,0,1.0,0.0,0,0
32,paired,1,1000,0.8127,0.18730000000000002,5,28
32,paired,1,2000,0.772,0.22799999999999998,0,32
32,paired,1,3000,0.5410999999999999,0.4589,25,32
32,paired,1,4000,0.07710000000000003,0.9521999999999999,32,32
32,paired,1,5000,0.05339999999999998,0.9735,32,32
32,paired,1,6000,0.04350000000000001,0.9822,32,32
32,paired,1,7000,0.05045000000000004,0.9855999999999999,32,32
32,paired,1,8000,0.043999999999999956,0.9892000000000001,32,32
32,paired,1,9000,0.044649999999999995,0.9858,32,32
32,paired,1,10000,0.037449999999999976,0.9906,32,32
32,paired,1,11000,0.04225000000000001,0.9858,32,32
32,paired,1,12000,0.03269999999999999,0.9918,32,32
32,paired,1,13000,0.04365,0.9788,32,32
32,paired,1,14000,0.037799999999999986,0.9927,32,32
32,paired,1,15000,0.04179999999999994,0.9909000000000001,32,32
32,paired,1,16000,0.03825000000000001,0.994,32,32
32,paired,1,17000,0.03765000000000002,0.9943,32,32
32,paired,1,18000,0.04245,0.991,32,32
32,paired,1,19000,0.038300000000000015,0.9964,32,32
32,paired,1,20000,0.045749999999999985,0.9897,32,32
32,paired,1,21000,0.03489999999999996,0.9974000000000001,32,32
32,paired,1,22000,0.04020000000000002,0.9953,32,32
32,paired,1,23000,0.03785000000000003,0.9904999999999999,32,32
32,paired,1,24000,0.040999999999999946,0.9971000000000001,32,32
32,paired,1,25000,0.04314999999999994,0.9950000000000001,32,32
32,paired,1,26000,0.05314999999999999,0.9968,32,32
32,paired,1,27000,0.044049999999999964,0.9973000000000001,32,32
32,paired,1,28000,0.04440000000000001,0.997,32,32
32,paired,1,29000,0.037350000000000036,0.9974999999999999,32,32
32,paired,1,30000,0.05100000000000002,0.9924,32,32
32,paired,1,31000,0.04105,0.9972,32,32
32,paired,1,32000,0.044350000000000014,0.9881,32,32
32,paired,1,33000,0.042049999999999976,0.9874,32,32
32,paired,1,34000,0.05435000000000001,0.975,32,32
32,paired,1,35000,0.039800000000000016,0.9973,32,32
32,paired,1,36000,0.04054999999999998,0.9927,32,32
32,paired,1,37000,0.04219999999999996,0.9972000000000001,32,32
32,paired,1,38000,0.04044999999999995,0.9971000000000001,32,32
32,paired,1,39000,0.04920000000000004,0.9845999999999999,32,32
32,paired,1,40000,0.049350000000000005,0.9961,32,32
32,paired,1,41000,0.04990000000000008,0.9852999999999998,32,32
32,paired,1,42000,0.043249999999999934,0.9968000000000001,32,32
32,paired,1,43000,0.04255000000000008,0.9963999999999998,32,32
32,paired,1,44000,0.04319999999999998,0.9836,32,32
32,paired,1,45000,0.03995000000000002,0.9902,32,32
32,paired,1,46000,0.03170000000000003,0.9984,32,32
32,paired,1,47000,0.04724999999999998,0.9855,32,32
32,paired,1,48000,0.03929999999999999,0.9966,32,32
32,paired,1,49000,0.039749999999999994,0.9979,32,32
32,paired,1,50000,0.04170000000000001,0.9972,32,32
32,paired,2,0,1.0,0.0,0,0
32,paired,2,1000,0.7717,0.22829999999999995,1,32
32,paired,2,2000,0.7581,0.2419,0,32
32,paired,2,3000,0.27635,0.7272000000000001,32,32
32,paired,2,4000,0.04789999999999997,0.9632000000000001,32,32
32,paired,2,5000,0.04475000000000004,0.9774999999999999,32,32
32,paired,2,6000,0.02970000000000003,0.9843999999999999,32,32
32,paired,2,7000,0.030700000000000026,0.9894,32,32
32,paired,2,8000,0.03245,0.9908,32,32
32,paired,2,9000,0.04475000000000001,0.975,32,32
32,paired,2,10000,0.04375000000000004,0.9864999999999999,32,32
32,paired,2,11000,0.026799999999999997,0.9939,32,32
32,paired,2,12000,0.034850000000000034,0.9923,32,32
32,paired,2,13000,0.03890000000000001,0.9952,32,32
32,paired,2,14000,0.036349999999999986,0.9936,32,32
32,paired,2,15000,0.03980000000000003,0.9853999999999999,32,32
32,paired,2,16000,0.041249999999999974,0.9955,32,32
32,paired,2,17000,0.04575000000000002,0.9813,32,32
32,paired,2,18000,0.034899999999999994,0.9957,32,32
32,paired,2,19000,0.044949999999999934,0.9807000000000001,32,32
32,paired,2,20000,0.04680000000000006,0.9847999999999999,32,32
32,paired,2,21000,0.040100000000000025,0.9964999999999999,32,32
32,paired,2,22000,0.036849999999999994,0.9958,32,32
32,paired,2,23000,0.034550000000000004,0.9939,32,32
32,paired,2,24000,0.040900000000000006,0.996,32,32
32,paired,2,25000,0.04500000000000001,0.9943,32,32
32,paired,2,26000,0.04539999999999998,0.9936,32,32
32,paired,2,27000,0.034350000000000054,0.9947999999999999,32,32
32,paired,2,28000,0.03884999999999998,0.9907,32,32
32,paired,2,29000,0.04729999999999999,0.9968,32,32
32,paired,2,30000,0.06290000000000004,0.9541999999999999,32,32
32,paired,2,31000,0.03215000000000006,0.9969999999999999,32,32
32,paired,2,32000,0.028199999999999996,0.9949,32,32
32,paired,2,33000,0.03875,0.992,32,32
32,paired,2,34000,0.045749999999999943,0.9969000000000001,32,32
32,paired,2,35000,0.03210000000000002,0.9972,32,32
32,paired,2,36000,0.04840000000000004,0.9805999999999999,32,32
32,paired,2,37000,0.045750000000000006,0.9738,32,32
32,paired,2,38000,0.04415000000000005,0.9957999999999999,32,32
32,paired,2,39000,0.036399999999999995,0.9969,32,32
32,paired,2,40000,0.038599999999999926,0.9978000000000001,32,32
32,paired,2,41000,0.05225,0.9817,32,32
32,paired,2,42000,0.037949999999999984,0.9976,32,32
32,paired,2,43000,0.03659999999999997,0.9975,32,32
32,paired,2,44000,0.03404999999999996,0.9972000000000001,32,32
32,paired,2,45000,0.044750000000000005,0.9842,32,32
32,paired,2,46000,0.04964999999999996,0.9972000000000001,32,32
32,paired,2,47000,0.03165000000000004,0.9966999999999999,32,32
32,paired,2,48000,0.03929999999999995,0.9951000000000001,32,32
32,paired,2,49000,0.03235000000000001,0.9982,32,32
32,paired,2,50000,0.036349999999999966,0.9874,32,32
32,paired,3,0,1.0,0.0,0,0
32,paired,3,1000,0.7663,0.23370000000000002,1,32
32,paired,3,2000,0.7092,0.29079999999999995,10,32
32,paired,3,3000,0.07745,0.9458,32,32
32,paired,3,4000,0.043199999999999975,0.9694,32,32
32,paired,3,5000,0.043699999999999996,0.9809,32,32
32,paired,3,6000,0.04250000000000003,0.9803999999999999,32,32
32,paired,3,7000,0.046049999999999994,0.9878,32,32
32,paired,3,8000,0.04470000000000001,0.9883,32,32
32,paired,3,9000,0.04375000000000004,0.9906999999999999,32,32
32,paired,3,10000,0.041400000000000055,0.9938999999999999,32,32
32,paired,3,11000,0.04454999999999999,0.985,32,32
32,paired,3,12000,0.041400000000000006,0.994,32,32
32,paired,3,13000,0.047849999999999976,0.9853000000000001,32,32
32,paired,3,14000,0.04665000000000008,0.9923999999999998,32,32
32,paired,3,15000,0.05249999999999997,0.9822000000000001,32,32
32,paired,3,16000,0.04809999999999999,0.9836,32,32
32,paired,3,17000,0.03974999999999998,0.9957,32,32
32,paired,3,18000,0.03979999999999999,0.9938,32,32
32,paired,3,19000,0.04424999999999997,0.9955,32,32
32,paired,3,20000,0.04260000000000003,0.9813,32,32
32,paired,3,21000,0.035950000000000065,0.9949999999999999,32,32
32,paired,3,22000,0.04305000000000001,0.9963,32,32
32,paired,3,23000,0.04414999999999997,0.9965,32,32
32,paired,3,24000,0.032800000000000044,0.9958999999999999,32,32
32,paired,3,25000,0.053000000000000054,0.9938999999999999,32,32
32,paired,3,26000,0.04854999999999999,0.9837,32,32
32,paired,3,27000,0.04790000000000005,0.9866999999999999,32,32
32,paired,3,28000,0.04974999999999995,0.9931000000000001,32,32
32,paired,3,29000,0.04230000000000001,0.995,32,32
32,paired,3,30000,0.04330000000000003,0.9955999999999999,32,32
32,paired,3,31000,0.05975,0.9911,32,32
32,paired,3,32000,0.05180000000000004,0.9985999999999999,32,32
32,paired,3,33000,0.0497,0.9979,32,32
32,paired,3,34000,0.05960000000000003,0.9702999999999999,32,32
32,paired,3,35000,0.07675000000000001,0.9539,32,32
32,paired,3,36000,0.058449999999999974,0.9945,32,32
32,paired,3,37000,0.04034999999999997,0.9963000000000001,32,32
32,paired,3,38000,0.04754999999999998,0.9896,32,32
32,paired,3,39000,0.051699999999999996,0.9797,32,32
32,paired,3,40000,0.051650000000000015,0.9973,32,32
32,paired,3,41000,0.05764999999999998,0.9715,32,32
32,paired,3,42000,0.04355000000000002,0.9964,32,32
32,paired,3,43000,0.046999999999999965,0.9914000000000001,32,32
32,paired,3,44000,0.0411,0.9939,32,32
32,paired,3,45000,0.04419999999999996,0.9972000000000001,32,32
32,paired,3,46000,0.05564999999999995,0.9911000000000001,32,32
32,paired,3,47000,0.04095000000000003,0.9985999999999999,32,32
32,paired,3,48000,0.0557,0.9841,32,32
32,paired,3,49000,0.057699999999999946,0.9880000000000001,32,32
32,paired,3,50000,0.08515000000000006,0.9443999999999999,32,32
32,paired,4,0,1.0,0.0,0,0
32,paired,4,1000,0.7786,0.22140000000000004,1,32
32,paired,4,2000,0.7238,0.2762,8,32
32,paired,4,3000,0.08109999999999998,0.9383,32,32
32,paired,4,4000,0.050299999999999984,0.9704,32,32
32,paired,4,5000,0.04705000000000001,0.981,32,32
32,paired,4,6000,0.04740000000000004,0.9844999999999999,32,32
32,paired,4,7000,0.03884999999999999,0.9897,32,32
32,paired,4,8000,0.040400000000000005,0.9879,32,32
32,paired,4,9000,0.029650000000000048,0.9907999999999999,32,32
32,paired,4,10000,0.03409999999999999,0.9908,32,32
32,paired,4,11000,0.03769999999999995,0.9951000000000001,32,32
32,paired,4,12000,0.03715000000000002,0.9943,32,32
32,paired,4,13000,0.0355,0.9949,32,32
32,paired,4,14000,0.05069999999999995,0.9902000000000001,32,32
32,paired,4,15000,0.04290000000000006,0.9952999999999999,32,32
32,paired,4,16000,0.047650000000000026,0.9944,32,32
32,paired,4,17000,0.047000000000000056,0.9960999999999999,32,32
32,paired,4,18000,0.0441,0.9959,32,32
32,paired,4,19000,0.04855000000000002,0.9822,32,32
32,paired,4,20000,0.04290000000000002,0.9882,32,32
32,paired,4,21000,0.05015000000000002,0.9954,32,32
32,paired,4,22000,0.047599999999999934,0.9888000000000001,32,32
32,paired,4,23000,0.040600000000000004,0.995,32,32
32,paired,4,24000,0.039999999999999994,0.991,32,32
32,paired,4,25000,0.03849999999999995,0.9969000000000001,32,32
32,paired,4,26000,0.053299999999999986,0.9797,32,32
32,paired,4,27000,0.03770000000000001,0.9961,32,32
32,paired,4,28000,0.041649999999999965,0.9923000000000001,32,32
32,paired,4,29000,0.04045000000000001,0.9971,32,32
32,paired,4,30000,0.041199999999999994,0.9959,32,32
32,paired,4,31000,0.0372,0.9969,32,32
32,paired,4,32000,0.04074999999999998,0.9916,32,32
32,paired,4,33000,0.04645,0.9979,32,32
32,paired,4,34000,0.040049999999999995,0.9959,32,32
32,paired,4,35000,0.0379000000000001,0.9977999999999998,32,32
32,paired,4,36000,0.03844999999999999,0.994,32,32
32,paired,4,37000,0.043750000000000025,0.9924999999999999,32,32
32,paired,4,38000,0.04854999999999997,0.9814,32,32
32,paired,4,39000,0.05345000000000004,0.9765999999999999,32,32
32,paired,4,40000,0.042250000000000024,0.9873999999999999,32,32
32,paired,4,41000,0.04200000000000001,0.9881,32,32
32,paired,4,42000,0.03574999999999995,0.9978000000000001,32,32
32,paired,4,43000,0.04000000000000002,0.9984,32,32
32,paired,4,44000,0.04514999999999997,0.9772000000000001,32,32
32,paired,4,45000,0.04334999999999997,0.9974000000000001,32,32
32,paired,4,46000,0.05295000000000003,0.9905999999999999,32,32
32,paired,4,47000,0.03824999999999999,0.9909,32,32
32,paired,4,48000,0.05414999999999996,0.9792000000000001,32,32
32,paired,4,49000,0.04670000000000003,0.9915999999999999,32,32
32,paired,4,50000,0.049149999999999985,0.9968,32,32
