method,seed,step,training_seconds,wall_seconds,d_loss,g_loss,coverage,valid_fraction,mode_tv,mode_0_mass,mode_1_mass,mode_2_mass,mode_3_mass,mode_4_mass,mode_5_mass,mode_6_mass,mode_7_mass,mode_8_mass,mode_9_mass,mode_10_mass,mode_11_mass,mode_12_mass,mode_13_mass,mode_14_mass,mode_15_mass,mode_16_mass,mode_17_mass,mode_18_mass,mode_19_mass,mode_20_mass,mode_21_mass,mode_22_mass,mode_23_mass,mode_24_mass,mode_25_mass,mode_26_mass,mode_27_mass,mode_28_mass,mode_29_mass,mode_30_mass,mode_31_mass,mode_32_mass,mode_33_mass,mode_34_mass,mode_35_mass,mode_36_mass,mode_37_mass,mode_38_mass,mode_39_mass,mode_40_mass,mode_41_mass,mode_42_mass,mode_43_mass,mode_44_mass,mode_45_mass,mode_46_mass,mode_47_mass,mode_48_mass,d_pair_rms_before_mean,d_pair_rms_after_mean,reference_weight_0,reference_weight_1,reference_weight_2,reference_weight_3,reference_weight_4,reference_weight_5,reference_weight_6,reference_weight_7,reference_weight_8,reference_weight_9,reference_weight_10,reference_weight_11,reference_weight_12,reference_weight_13,reference_weight_14,reference_weight_15,reference_weight_16,reference_weight_17,reference_weight_18,reference_weight_19,reference_weight_20,reference_weight_21,reference_weight_22,reference_weight_23,reference_weight_24,reference_weight_25,reference_weight_26,reference_weight_27,reference_weight_28,reference_weight_29,reference_weight_30,reference_weight_31,reference_weight_32,reference_weight_33,reference_weight_34,reference_weight_35,reference_weight_36,reference_weight_37,reference_weight_38,reference_weight_39,reference_weight_40,reference_weight_41,reference_weight_42,reference_weight_43,reference_weight_44,reference_weight_45,reference_weight_46,reference_weight_47,reference_weight_48,ema_mass_0,ema_mass_1,ema_mass_2,ema_mass_3,ema_mass_4,ema_mass_5,ema_mass_6,ema_mass_7,ema_mass_8,ema_mass_9,ema_mass_10,ema_mass_11,ema_mass_12,ema_mass_13,ema_mass_14,ema_mass_15,ema_mass_16,ema_mass_17,ema_mass_18,ema_mass_19,ema_mass_20,ema_mass_21,ema_mass_22,ema_mass_23,ema_mass_24,ema_mass_25,ema_mass_26,ema_mass_27,ema_mass_28,ema_mass_29,ema_mass_30,ema_mass_31,ema_mass_32,ema_mass_33,ema_mass_34,ema_mass_35,ema_mass_36,ema_mass_37,ema_mass_38,ema_mass_39,ema_mass_40,ema_mass_41,ema_mass_42,ema_mass_43,ema_mass_44,ema_mass_45,ema_mass_46,ema_mass_47,ema_mass_48
vanilla_deficit,3,0,0.0,0.0010551669402047992,nan,nan,1,0.9659,0.9795918367346937,0.0,0.0,0.0,0.0,0.0,0.0,0.0,0.0,0.0,0.0,0.0,0.0,0.0,0.0,0.0,0.0,0.0,0.0,0.0,0.0,0.0,0.0,0.0,0.0,0.9659,0.0,0.0,0.0,0.0,0.0,0.0,0.0,0.0,0.0,0.0,0.0,0.0,0.0,0.0,0.0,0.0,0.0,0.0,0.0,0.0,0.0,0.0,0.0,0.0,0.0,0.0,0.02040816326530612,0.02040816326530612,0.02040816326530612,0.02040816326530612,0.02040816326530612,0.02040816326530612,0.02040816326530612,0.02040816326530612,0.02040816326530612,0.02040816326530612,0.02040816326530612,0.02040816326530612,0.02040816326530612,0.02040816326530612,0.02040816326530612,0.02040816326530612,0.02040816326530612,0.02040816326530612,0.02040816326530612,0.02040816326530612,0.02040816326530612,0.02040816326530612,0.02040816326530612,0.02040816326530612,0.02040816326530612,0.02040816326530612,0.02040816326530612,0.02040816326530612,0.02040816326530612,0.02040816326530612,0.02040816326530612,0.02040816326530612,0.02040816326530612,0.02040816326530612,0.02040816326530612,0.02040816326530612,0.02040816326530612,0.02040816326530612,0.02040816326530612,0.02040816326530612,0.02040816326530612,0.02040816326530612,0.02040816326530612,0.02040816326530612,0.02040816326530612,0.02040816326530612,0.02040816326530612,0.02040816326530612,0.02040816326530612,0.02040816326530612,0.02040816326530612,0.02040816326530612,0.02040816326530612,0.02040816326530612,0.02040816326530612,0.02040816326530612,0.02040816326530612,0.02040816326530612,0.02040816326530612,0.02040816326530612,0.02040816326530612,0.02040816326530612,0.02040816326530612,0.02040816326530612,0.02040816326530612,0.02040816326530612,0.02040816326530612,0.02040816326530612,0.02040816326530612,0.02040816326530612,0.02040816326530612,0.02040816326530612,0.02040816326530612,0.02040816326530612,0.02040816326530612,0.02040816326530612,0.02040816326530612,0.02040816326530612,0.02040816326530612,0.02040816326530612,0.02040816326530612,0.02040816326530612,0.02040816326530612,0.02040816326530612,0.02040816326530612,0.02040816326530612,0.02040816326530612,0.02040816326530612,0.02040816326530612,0.02040816326530612,0.02040816326530612,0.02040816326530612,0.02040816326530612,0.02040816326530612,0.02040816326530612,0.02040816326530612,0.02040816326530612,0.02040816326530612
vanilla_deficit,3,1000,0.9496892694151029,0.9535636249929667,0.6838947534561157,0.7325204014778137,0,0.11180000000000001,0.8881999999999999,0.0008,0.0013,0.0018,0.0015,0.0017,0.0018,0.0009,0.0011,0.0022,0.0033,0.0034,0.0037,0.003,0.002,0.0011,0.0031,0.0044,0.0038,0.0042,0.0028,0.0015,0.0009,0.0034,0.0035,0.0037,0.0044,0.0039,0.001,0.0007,0.0033,0.0032,0.0037,0.0039,0.0032,0.0009,0.0014,0.002,0.0026,0.0035,0.0033,0.0025,0.0009,0.001,0.0009,0.0006,0.0008,0.0012,0.0013,0.0007,0.0,0.0,0.021159439148871584,0.020960082394597304,0.02076614406351575,0.020670113592276336,0.02088768011366545,0.02079670809982244,0.021221720738865125,0.021020639985972242,0.0204415733177577,0.02010105833477554,0.01991071840573693,0.019927337000237903,0.01968800475012975,0.02089086367543884,0.020815189851510228,0.02009448331967993,0.019678200280211583,0.019743478348240577,0.019101257782860752,0.0198553998768343,0.02071046459731527,0.020845751433719608,0.020023126386832537,0.019907893714827193,0.019661715928598868,0.019361450665303412,0.019837647598396894,0.020943516597305645,0.020824725403495874,0.020367556446822203,0.019974048009077462,0.019552592271072353,0.019641970038505145,0.01979265107116266,0.020637711057972463,0.021168065930456503,0.020618403459483563,0.020153714635506973,0.0201920301716894,0.020162125376207093,0.02023789682217017,0.0208367109625353,0.021301877015824238,0.020887524878068345,0.02071340882351721,0.02083556119916098,0.02079047355713652,0.021011635713432966,0.021277657153402817,0.0008899067832027323,0.0012413705491064956,0.0016223441944958194,0.0017525823594578976,0.001369014974342891,0.0015293976345316894,0.0008191675248159141,0.001173670681329312,0.0021945588506863626,0.00287300802179978,0.003130450223950986,0.0031011518245634075,0.0035230919501008924,0.0013634023899389302,0.0014968145095087424,0.0028064747011225504,0.003579439622768724,0.003425292606550993,0.00455752040224782,0.0031889136821917916,0.0016814439812243014,0.0014429347760911897,0.0029322761891794006,0.0031354301229680197,0.0035694388534202788,0.004098803211262467,0.003337398253894704,0.0012705758675945515,0.001519065936199254,0.0022859872803471233,0.0029797383295560916,0.00380088516184994,0.003565188140553977,0.0032995391366821697,0.0018097076711771928,0.0008746978621179979,0.0018437467550305134,0.0027020505425542083,0.00259543817353512,0.002687222499174064,0.0025536382730308297,0.0014979355273912192,0.0006387903898368777,0.001369288652993801,0.00171531584280138,0.001460900047578762,0.001540389064739597,0.0011504826148161468,0.0006814897409940095
vanilla_deficit,3,2000,1.889474539551884,1.8972527090227231,0.6600049734115601,0.7326024770736694,0,0.12109999999999999,0.8789,0.0011,0.0013,0.0019,0.0011,0.0013,0.0012,0.001,0.0012,0.0036,0.0037,0.003,0.004,0.0047,0.0024,0.0006,0.0036,0.0035,0.0029,0.0041,0.0037,0.0015,0.0017,0.0037,0.0032,0.0028,0.0031,0.0041,0.0013,0.0015,0.0032,0.0026,0.0036,0.003,0.0028,0.0009,0.0023,0.0031,0.0038,0.0033,0.0048,0.0039,0.0022,0.0013,0.0016,0.0009,0.0012,0.0012,0.001,0.0016,0.0,0.0,0.021137885347388925,0.020726802413288777,0.02091813253814236,0.02101109959572592,0.02090291779349579,0.02092861801676974,0.02122481327310232,0.021054234407283007,0.019785993392296888,0.020106991131556305,0.019812413013385682,0.019934430036789276,0.019850829518948048,0.02084033073601465,0.021047292488931404,0.019810404779550143,0.019859243376502717,0.01996068822284695,0.01973354869621761,0.019959501780575907,0.02094354194853569,0.021083298686882912,0.019838663498571812,0.019973082580915805,0.020079440687164288,0.01980251333746053,0.019712382482193425,0.021018972238974275,0.021128393019971936,0.01985283068116811,0.020143053024078705,0.02011396997533716,0.019896702832482793,0.019826222546235017,0.020847175646877873,0.02067161636849596,0.019436062302877893,0.01995250530840237,0.019741634200256868,0.01965521003084525,0.019607823097922916,0.020780165114340922,0.02113654300404616,0.020865067171693605,0.021011384273916894,0.02109369032283919,0.021110364339701333,0.020953377178789877,0.021118143540207947,0.0010714804576835808,0.001790817116103231,0.0014560166141839275,0.0013714624879106602,0.0014826402530287996,0.001476731018137901,0.0009193689531208868,0.0012959827035820821,0.0034370990734235284,0.0028753986914201338,0.003508055994690484,0.003177356060569175,0.003362707574676997,0.001592158700656288,0.0012300050732144301,0.0033943826182328473,0.003347984520821593,0.0031704704701765772,0.0035288698313414683,0.003172546575380334,0.0014115537604661914,0.0011669993486553916,0.0033839963797276463,0.0031487821066447227,0.0030017330500750044,0.0034081915193376294,0.003565907695004872,0.0012795614821039499,0.0011271531803864802,0.0033592058254557906,0.002812295509284544,0.002902249207539213,0.0032824358014374895,0.0033667037766003977,0.0015801810803293592,0.001926447344314953,0.004088491202457656,0.0031457269064408236,0.003514721349429978,0.0037440763521235485,0.003748871743980062,0.0016974399800683332,0.0010738293675860427,0.0015488734569585345,0.00129283934157172,0.00114881546393474,0.0011196383062930624,0.001433406006575888,0.001106025811992234
vanilla_deficit,3,3000,2.8201295542530715,2.831042959005572,0.6872721910476685,0.7252942323684692,0,0.1129,0.8870999999999999,0.0032,0.0027,0.0022,0.0015,0.003,0.0032,0.0021,0.002,0.0037,0.0022,0.0024,0.0027,0.0036,0.0028,0.0006,0.0034,0.0018,0.0019,0.0026,0.0026,0.0022,0.0009,0.0045,0.0014,0.0019,0.0015,0.0023,0.003,0.001,0.0039,0.002,0.0024,0.0015,0.0021,0.0021,0.0016,0.0048,0.0014,0.0019,0.0033,0.0022,0.0035,0.002,0.0009,0.001,0.0018,0.0015,0.002,0.0021,0.0,0.0,0.02058098259315929,0.020573700452912062,0.02081058130450513,0.020713598407203403,0.020547434569756856,0.02053027427429015,0.02024209482036656,0.0207221191447848,0.01961639961854045,0.02030529734029858,0.019966433534630863,0.019893229225332966,0.019436117896378897,0.020828919664817102,0.020993423856511335,0.01990319953361249,0.02064132592166172,0.020519653383746318,0.02037265444330017,0.020207913547723208,0.02047212320223467,0.020856663632128604,0.01970507830268467,0.020740613987820868,0.020403271715938864,0.02051592625621318,0.02005676064402926,0.020677343303740166,0.02101327069632312,0.01990346100384297,0.02058410145241551,0.020624596912246065,0.020368810508791413,0.020275978306998697,0.020561857300380793,0.020685822162327262,0.018933650507259453,0.020126675447341633,0.020336511331086347,0.020225710577815356,0.01986209179512817,0.02050193263197767,0.02057637004277138,0.021060909786542858,0.020993846187377603,0.020933957252470534,0.020702606309093263,0.02035468673282507,0.02054001847666214,0.0020006113440878127,0.002013413305168163,0.0015969781171851188,0.0018065359982907402,0.002020526078161812,0.0020506937798585203,0.0025573116185755094,0.0017134315901511674,0.003696342719837358,0.0024852644484950207,0.003041922588913442,0.003209677847735533,0.00401327696063122,0.0015647393841999166,0.0012364794521091639,0.0031530876025644473,0.0018945281162564636,0.0021084277449449746,0.0023668510450399927,0.002617402101208466,0.0021529230333417883,0.0014769031476776892,0.0035013835981672977,0.001680917761428224,0.0022739635541170183,0.0021540425139209615,0.0028831280450348834,0.0017921472636938816,0.0012015888207545912,0.003152627939388429,0.0019560659072783595,0.0019239376195317468,0.0023345461600138635,0.0025368071420542758,0.0019951709998673206,0.0017772414785877718,0.004857549268979348,0.002799280719000472,0.002391327930464487,0.002586115023666659,0.00326441727269724,0.0021395807256285046,0.0020087201813997102,0.0011178395714692272,0.0012357369968515844,0.0013410214033302147,0.001786797544164602,0.0023984381777229515,0.002033563527585129
vanilla_deficit,3,4000,3.742349191918038,3.7567672500154004,0.6790077090263367,0.7003772258758545,0,0.15179999999999993,0.8482000000000001,0.0046,0.0039,0.0039,0.0027,0.0023,0.003,0.0036,0.0039,0.0019,0.0027,0.0027,0.0017,0.0022,0.0035,0.0038,0.0021,0.0025,0.0026,0.0031,0.0014,0.0031,0.0053,0.0023,0.0022,0.0024,0.0033,0.002,0.004,0.0032,0.0022,0.0022,0.0018,0.0028,0.0015,0.0037,0.0036,0.0024,0.0014,0.002,0.003,0.0021,0.0043,0.007,0.0025,0.0053,0.0047,0.0046,0.0051,0.0037,0.0,0.0,0.019608270364894674,0.020037958507696553,0.019850635341601197,0.019955119036008898,0.020159805935421514,0.020693513789103682,0.019755692938562105,0.019865109374604114,0.020938606985686434,0.021007455341629407,0.020852838970458885,0.020956760921095222,0.02094905669432204,0.02024784333110245,0.01989462524584265,0.021056164477683936,0.020844940510470145,0.020820335057766377,0.020862199462812515,0.02100435007162983,0.02022861425472695,0.01965501069997946,0.021001953956338564,0.020990357930531642,0.020484528171454623,0.020691039787530875,0.0210021126306189,0.019892337518708655,0.02008381404397041,0.0205208516617748,0.02108058036415291,0.020715132485348467,0.02054901340868342,0.0207976084240553,0.019706719781761563,0.020279076203157373,0.020758477544432496,0.020885199579927016,0.020846116316574317,0.02091076749173127,0.020740949974203737,0.019621630541222387,0.01956112897777288,0.02043044349089524,0.02002115820892676,0.019408547264920195,0.019739464022812785,0.019811247998900383,0.020224834906493953,0.0043601358451035655,0.0035545132138824335,0.003871666856332485,0.0036947673038170703,0.00334821542204142,0.002444603800864068,0.004032412211936189,0.003847161119089714,0.002029640709772729,0.0019130747381464722,0.0022139155665897195,0.0020379670928272705,0.002011948487153355,0.0032382233160680634,0.003914375803294876,0.0018306061345973249,0.002188225813844594,0.0022298848841656605,0.0021980674773920033,0.001918332217569255,0.003231717235760088,0.004241938084737902,0.002039576539307834,0.0020592095718860795,0.0027984337688208,0.002526917490531227,0.00192212039060292,0.003801061614901775,0.003633125991221197,0.0027369350898176917,0.0018673930156198777,0.0024080015567211088,0.002689254918720876,0.0022683629582466204,0.004193452824486015,0.0032634684756144092,0.0023736772799691384,0.0021591263732472607,0.0021862350766788355,0.0020767752799163435,0.0023642904087620023,0.004298453459509955,0.004518075119800451,0.0028900036146530185,0.0036610825118310267,0.004620158603112726,0.004138014111084328,0.003977415391297498,0.0032381159854885243
vanilla_deficit,3,5000,4.663027833448723,4.681661041919142,0.675734281539917,0.6996424198150635,0,0.18059999999999998,0.8193999999999999,0.0076,0.0036,0.0029,0.003,0.0041,0.003,0.0043,0.0044,0.0024,0.0023,0.0028,0.0024,0.0021,0.0043,0.0043,0.0027,0.0041,0.0022,0.003,0.0019,0.0033,0.0063,0.0029,0.0034,0.0032,0.003,0.002,0.004,0.0051,0.0021,0.0033,0.0031,0.0032,0.0016,0.0045,0.0054,0.0011,0.0013,0.0026,0.0029,0.0019,0.0045,0.0093,0.0056,0.0063,0.0052,0.0054,0.0047,0.006,0.0,0.0,0.018235444767720467,0.019720048915949487,0.020064707739278816,0.019433973810799157,0.02009482197747385,0.019962633321897058,0.018060963210641368,0.01996240094222305,0.021418408115546583,0.021699152065317556,0.02108067935614621,0.02135217748058607,0.02136585203356412,0.019951976417398043,0.01943127393431137,0.021489808235191938,0.021317206676574607,0.021199840351530407,0.0215033217837432,0.021568899673234637,0.019605504526248832,0.019419683475563797,0.021525769786577942,0.021040197785057654,0.02126898368816323,0.020935414000055563,0.021339185041122817,0.01939168411392609,0.019641809895213778,0.021604649995828944,0.021419504135577132,0.02126959524667444,0.021334585772141704,0.021442354604915663,0.01928110281933023,0.019983529392958416,0.02131541922008183,0.021371548186527145,0.02142778408543385,0.02124306794509683,0.021559922301579642,0.019673983599578948,0.01838338889874044,0.019237874996857383,0.019316077313978434,0.019478247275597715,0.019385931521280004,0.02005142961675993,0.018138179950003535,0.007324544911197698,0.004982814347508123,0.004469162956131274,0.005480642658481129,0.004342745103454985,0.004554730119576013,0.00760435315592826,0.0045941652764331835,0.0022592318983565766,0.0018480779220757648,0.0027617698571374945,0.002326380496113405,0.002343513729030301,0.004571820119184276,0.005484972329270886,0.002105668229946772,0.0023824616054929347,0.0026488017151632785,0.0021230596584392225,0.002056957839304819,0.005166504046078065,0.005620746927942356,0.0020479983034539413,0.0029438758364303506,0.0024597946484169715,0.002994725391168281,0.002386278388356797,0.005509398247970533,0.005108282754759743,0.0019215016509481645,0.00221841176020805,0.0025760014194709606,0.002354591529669224,0.0021817674877478597,0.005725795008730675,0.004599345027946144,0.002385328069273689,0.0023734415640893057,0.0022441960761142663,0.002540417062826771,0.001993229447445698,0.005095749728587215,0.007243543545999709,0.0057169925281541365,0.005747832980842584,0.005448705789374116,0.005479560922699007,0.004412331485473417,0.007480524135449321
vanilla_deficit,3,6000,5.583996162866242,5.606371624977328,0.6826929450035095,0.7065932154655457,1,0.2187,0.7812999999999999,0.0068,0.0044,0.0052,0.0058,0.0057,0.0051,0.0099,0.0046,0.0021,0.0029,0.0028,0.0021,0.0029,0.0056,0.0049,0.0026,0.0036,0.0026,0.0027,0.0018,0.0054,0.0067,0.0031,0.0027,0.0029,0.0025,0.0024,0.0071,0.0066,0.0022,0.0033,0.0038,0.003,0.0017,0.0059,0.0063,0.002,0.0015,0.0025,0.0035,0.0014,0.0057,0.0149,0.0069,0.0063,0.0066,0.0049,0.0044,0.0084,0.0,0.0,0.01715257575742587,0.01992574388177132,0.01950631846146378,0.019686298209144627,0.019438575644975684,0.020245822655306826,0.01713522899395377,0.019769178151688556,0.02197507554217601,0.021857166478149698,0.021569809233459004,0.02159728224161693,0.021967279520784762,0.01963145233138238,0.019408969470614112,0.02166112697765365,0.02155711319495804,0.02114866950956169,0.02174739863899209,0.021726590929998138,0.01941757890656066,0.01872094620650006,0.021732362929797577,0.02136543488985663,0.02111303003393304,0.02146165441007672,0.021874534541740154,0.019066037596441928,0.019182261720731387,0.02205350815933141,0.021072492928664734,0.02126885688783181,0.021600507439416237,0.02187339983593648,0.019359431710479928,0.020011379604126314,0.021830868831974486,0.021815071065635575,0.021455767763127676,0.021651517477688634,0.021876496606593698,0.019802539980669494,0.017615845224379208,0.019719079343457388,0.01908673728439559,0.019097442367223803,0.01943115216876465,0.019752772161313898,0.01698361609827386,0.009332051705158866,0.004992986822831943,0.005688307447261811,0.005406700358302374,0.005833364413833433,0.004492172410018792,0.009476380989871823,0.005237958938014583,0.0017864798094854124,0.001970967390506258,0.0024596462401871473,0.002377597826760757,0.0017986779313171357,0.00560970300237869,0.0058796880068188615,0.002277702530249035,0.0024404487221623104,0.003196711666652279,0.0022989667236665424,0.0022143362109565373,0.005866217167873193,0.006956210399144378,0.0021662424944894603,0.002740360074477375,0.0032134128240256772,0.002589809252290965,0.0019437922783528392,0.006494384749147787,0.0061953460257198455,0.0016637594407705445,0.0032377771059639024,0.002891471798758458,0.0023725514891850914,0.002023692706990309,0.0059181352522469765,0.004937121044457848,0.0020511767622032836,0.002036832393260173,0.0025990198525524563,0.002292738129233771,0.0019407223142103417,0.005224821522953339,0.008841567560318519,0.0053163465328862755,0.006305746778044863,0.006406184464517681,0.00584497962917119,0.005263628732813366,0.00963547860381192
vanilla_deficit,3,7000,6.487483496544883,6.513994624954648,0.675653338432312,0.7155123949050903,2,0.20030000000000003,0.7996999999999999,0.0142,0.0046,0.0047,0.0056,0.0056,0.0059,0.0108,0.0062,0.002,0.0026,0.0035,0.0021,0.0023,0.0055,0.0058,0.0022,0.0032,0.0028,0.0029,0.0018,0.0053,0.0057,0.0027,0.0025,0.0028,0.0029,0.0024,0.0057,0.0057,0.0023,0.0028,0.0032,0.0025,0.0016,0.0055,0.0055,0.002,0.0023,0.0023,0.003,0.0011,0.0053,0.0091,0.0041,0.0045,0.0028,0.0035,0.003,0.0039,0.0,0.0,0.01643002387951839,0.020375242220209477,0.019195346726818885,0.019594854866385895,0.019598535232060614,0.020317524786943774,0.016292411791268568,0.019602878589788583,0.022038622204952445,0.021454195768405696,0.0219031203188415,0.02180780348665507,0.02211233585652026,0.01935018778743604,0.019702018593133055,0.021776971077950815,0.021506508774434812,0.02157308509810312,0.021626513857277947,0.02186668598171098,0.019017216743226005,0.018676300508494004,0.021718120820335016,0.021304933696605563,0.02129917878628798,0.021479816579070582,0.02168972798094413,0.019038664016639853,0.019295131153872266,0.021945660635096627,0.02165693589704891,0.021482350141308552,0.021614518317103152,0.021891451376594807,0.019083375291255422,0.0199652137658149,0.022126541332006415,0.021938860743713054,0.021756075477363277,0.02205941848749127,0.0216766466904997,0.020021254427852145,0.016689496726792503,0.019738498346214814,0.019550787811199902,0.019332809760751562,0.019732890758879663,0.02006912101636403,0.016024135812757898,0.010682807310882692,0.00456085409937089,0.0063410002508350405,0.00572502310039935,0.005758411069804475,0.004649845077407036,0.01089498296787306,0.005751714312337909,0.001957127800019484,0.0029363441555385937,0.0022051123654766316,0.0023911380556193547,0.0018434732319544513,0.006141322795767371,0.00559885640856529,0.002360551659652055,0.002777560933106715,0.002713973474124311,0.002592532440201343,0.0022612882401108654,0.00681096047095313,0.007219410849157762,0.0024903517702245825,0.0031274197091843065,0.0031362928532015486,0.002818715995572152,0.002495066451635032,0.006582579732652916,0.006265273749584487,0.0021004595553170743,0.002623751558912244,0.0028148096510118457,0.002611027629467861,0.0021840414933856564,0.0065136421546603965,0.005271176879394237,0.0018606331786797479,0.0021890688916869584,0.0023927693073838483,0.0019250632847087215,0.0025152356927942154,0.0051457087122965825,0.010399929507450906,0.005503548009855307,0.005871092395879733,0.006207179411574128,0.005512194005582124,0.0050719061489130565,0.011464871280605443
vanilla_deficit,3,8000,7.394645871245302,7.425079999957234,0.6701248288154602,0.7097164392471313,4,0.2218,0.7782,0.0133,0.0051,0.0048,0.0045,0.0058,0.0058,0.0103,0.0052,0.0028,0.0034,0.0027,0.002,0.0021,0.0065,0.0052,0.002,0.0025,0.0023,0.0032,0.0025,0.0057,0.0069,0.003,0.0024,0.0037,0.0033,0.002,0.007,0.0055,0.0024,0.0029,0.0032,0.0033,0.002,0.0063,0.0057,0.0014,0.0023,0.0024,0.0024,0.0021,0.0047,0.0127,0.0035,0.0039,0.0063,0.0049,0.0038,0.0141,0.0,0.0,0.016119989249988143,0.02003966784548539,0.019358164576477863,0.019316488476729832,0.019790771305550577,0.020472501513369892,0.015928528838667858,0.01967128811846451,0.02229226899111294,0.02204008563957098,0.02173024840161284,0.022087194108540213,0.021997994480058427,0.019512569901868233,0.019041715577425393,0.021933081433884144,0.02162086255521036,0.021425590857228692,0.02176465223662198,0.02186881992143371,0.019405255559780295,0.018946841730707716,0.021880523752478842,0.0214887833323334,0.021535844781190208,0.021483742355181648,0.021758989719626587,0.01871413109471641,0.019110253461699426,0.021965303456607257,0.02159202186828644,0.02133922625596269,0.02151494833472093,0.0220871805033235,0.019248727804454382,0.019914003413342443,0.02213328308217121,0.021809586254242185,0.021420164327567767,0.021966696710500312,0.022145859975967366,0.02006119640682768,0.015933321491041028,0.02032241337430602,0.01938815506396708,0.01923201395653385,0.019487555199372703,0.020013160088977973,0.016088332614810658,0.011389173931746764,0.0051590528853735565,0.006240578544326497,0.006343390993258424,0.005539778092533254,0.0045360302960662565,0.01160391682288694,0.0057225458448184365,0.0017133559783702019,0.00221629636502417,0.0025730521614568823,0.002027049279093469,0.0021634937111502197,0.006082517056916089,0.006763698037450172,0.002301850612585222,0.0027403744916219804,0.003039072326818759,0.002598551250247456,0.0024392108938500624,0.006207608205389217,0.006869759551448459,0.0023822455997799313,0.0029814723011706503,0.002909484639671073,0.0029891832443235426,0.0025681504333575633,0.007225725950656973,0.006658858893461454,0.002213499615928845,0.002784490719620224,0.0032102426524915186,0.0029023864406332337,0.0020270700903468226,0.006368916272993562,0.0055075257944295075,0.001995611666725355,0.002529817819194337,0.0030864355313197315,0.0022894934216695813,0.0019373108900613974,0.005165184168334377,0.01151846073034505,0.0048437379887476045,0.006194703521053204,0.006433545151753373,0.006003593358382123,0.005238663040597163,0.011281347581947295
vanilla_deficit,3,9000,8.31072255934123,8.344593500019982,0.6514751315116882,0.7317560315132141,3,0.22399999999999998,0.7759999999999999,0.0098,0.0044,0.0049,0.0052,0.0055,0.0056,0.0121,0.0046,0.0018,0.0033,0.0032,0.0027,0.002,0.0056,0.0047,0.0027,0.0026,0.0024,0.0031,0.0023,0.0052,0.007,0.0034,0.0027,0.0025,0.003,0.0023,0.0073,0.0059,0.0025,0.0036,0.0029,0.0029,0.0015,0.0068,0.0056,0.0018,0.0016,0.0023,0.0023,0.0016,0.0052,0.0154,0.0059,0.0063,0.0064,0.0056,0.0043,0.0117,0.0,0.0,0.016361713265476866,0.02032588139536523,0.01965821001515388,0.019540050112920263,0.01946630260080101,0.02012053036885395,0.01635192943654769,0.019753028021833513,0.022150098965789566,0.021833951075990978,0.02166964184838465,0.02172357615389662,0.022354700786837604,0.019527417251323724,0.019092343871799772,0.022039521918591973,0.021504463410391823,0.021571759552510623,0.02168912318800827,0.021851540674990472,0.019357047849330743,0.018697691063750244,0.021926115352117713,0.021364701196420317,0.021614160159364793,0.021469868433561905,0.021609085498569172,0.019198037042521036,0.01934585111412243,0.021668727258702482,0.02133570408955613,0.021469943241876552,0.021802984970233422,0.021837754323280688,0.0195557900710552,0.019952876087345327,0.022016643331974985,0.021779320038232595,0.021646252061291893,0.021918378141767614,0.022125833937417322,0.020047722457346734,0.01570134287711933,0.01968813096535248,0.019496461283747026,0.019319520166898307,0.019216069926036847,0.020126549973730028,0.016125653171808158,0.010766644815078587,0.00469099942235357,0.005714299749716243,0.0059344589242487445,0.006086549862385374,0.005044791262087641,0.010898827409436106,0.005568977814178985,0.0018951293396714877,0.0024577954608193016,0.0026314974694070263,0.00258789805799036,0.0015815482627183628,0.005914758062010085,0.006620631728234873,0.0021036667220009917,0.0029237191652045306,0.0028205783592610213,0.0026407020755311447,0.0023917744256059673,0.006253998140474005,0.007225492681753421,0.002277478240717652,0.0030988619217855486,0.002755593463756718,0.0029376783344933224,0.002724308595399051,0.006536767073736233,0.006232096212491387,0.002671961706772003,0.003182366567766556,0.0030938136802260634,0.002427130374630226,0.0023738414492547,0.005871272723893258,0.005262682536408804,0.0021387313748656186,0.00246340021242947,0.0026673456089234843,0.0023283991041563065,0.001932318909589731,0.005234504630090391,0.01197406784522139,0.005824691683846268,0.006001264937632473,0.006272452093711997,0.0065481916426342835,0.004996502870694278,0.011284690120805168
vanilla_deficit,3,10000,9.240418060915545,9.277803458971903,0.6537685990333557,0.7608100771903992,4,0.22860000000000003,0.7713999999999999,0.0122,0.0052,0.0058,0.0055,0.0058,0.0057,0.0116,0.0046,0.0024,0.0035,0.0029,0.0028,0.0017,0.0059,0.0054,0.0027,0.0026,0.0029,0.0032,0.0021,0.0053,0.0062,0.0025,0.0028,0.0031,0.0029,0.0021,0.0065,0.005,0.0029,0.0027,0.0029,0.0026,0.0013,0.0063,0.0065,0.002,0.0014,0.0024,0.0038,0.0015,0.0042,0.0125,0.0054,0.0067,0.0079,0.0053,0.0055,0.0139,0.0,0.0,0.016065369759548632,0.020164160219545244,0.019287621345374623,0.01966941845775364,0.019557693270607295,0.020259472796976694,0.015308319016675892,0.01976973561019589,0.0221579262940794,0.021634344149884077,0.02173712625999222,0.022093783686479594,0.022151896839772284,0.019556123458777643,0.019378863098711258,0.021787360268935435,0.02153867820201808,0.02148645863569636,0.021353304883099,0.021919112790838406,0.019506040994559902,0.019189332667619907,0.021830738971760914,0.021558089950118587,0.021452067276679976,0.02173369971581528,0.021907270081425328,0.018888842156521833,0.019718554476347863,0.021989167755477563,0.021493627768819794,0.021621598979578608,0.021428199360441137,0.021946268840353236,0.019362284439824302,0.020028980534883535,0.022210639467705212,0.021932508575015636,0.021904898105909364,0.0218015579633689,0.022174154746481003,0.020057058652971888,0.01570673047331691,0.01992298553363885,0.019373096198869177,0.01957997360486939,0.01969543660930238,0.01989164837981313,0.015217778673548683,0.011282960212180778,0.005095241326342211,0.006318023702583779,0.005773430822886023,0.005944225740949648,0.004871411456485833,0.012596517914244335,0.005698200431238227,0.001930172484312699,0.0028087004346365432,0.0026906393484273533,0.0020282276470670623,0.0020175147448128214,0.00590756302106789,0.0062566669242744765,0.002496658838179576,0.0029158830038513326,0.002995711346761636,0.0031992642326023352,0.002295248021533385,0.006062249364046798,0.006468278153638853,0.0024694080727108007,0.0028471456560307134,0.0030873481095158866,0.002617752525662848,0.0023524145376064,0.007005764677506051,0.005698316316621821,0.0021881546055266374,0.002945689352884931,0.0027891215477199418,0.0030457101264767285,0.002292796916854953,0.006282010812779164,0.005262828765853351,0.0018495895611576752,0.0022747698113877047,0.002356040589835491,0.0025140172433430223,0.001944426458419608,0.0051808430897927965,0.011909339093609594,0.0053858014167010035,0.0062654828162963805,0.00591016566943023,0.00569459422918848,0.005433706698909213,0.012773989942846054
vanilla_deficit,3,11000,10.162518769968301,10.204950958956033,0.643679141998291,0.7629340291023254,2,0.2097,0.7903,0.0089,0.0042,0.0053,0.0044,0.0044,0.0047,0.0095,0.0043,0.0019,0.0033,0.0031,0.0021,0.002,0.0067,0.005,0.0029,0.0031,0.0028,0.0022,0.002,0.0066,0.0057,0.0021,0.003,0.0024,0.0029,0.0027,0.0064,0.0057,0.0027,0.0028,0.0031,0.0026,0.0013,0.0058,0.0066,0.0022,0.0021,0.0017,0.0037,0.0016,0.0049,0.013,0.0042,0.006,0.0055,0.004,0.0034,0.0122,0.0,0.0,0.015335259923945788,0.019666923265310103,0.01907036506533417,0.019330752169231392,0.01953154800788292,0.020565389516355816,0.014754711812310755,0.019747283547867745,0.02206976643471098,0.02179475330096773,0.021972026051716248,0.02193268176209496,0.022223118616802526,0.019743549608616934,0.01910998433229205,0.022073440514233725,0.02183676475021764,0.021505877732602076,0.021589494505373473,0.02194523365473837,0.019392590984318076,0.01907585067203095,0.022134411001832492,0.021456282321175604,0.02146580828850192,0.021806155941568036,0.02195604680651605,0.019115985652376818,0.019160011869909552,0.0218186966805382,0.021484944931390984,0.021791148122032915,0.02169674627927183,0.021947146938051214,0.019337239922646195,0.020260040220675554,0.022249228763358483,0.021972466044125637,0.02191085177880917,0.02185332876839364,0.022196693918661574,0.02014784358096109,0.015294604288591095,0.020090098718350522,0.019240891331087587,0.01957243894641427,0.019616877883240215,0.020255710460205543,0.01590093431235929,0.01253441214220493,0.005999927387530833,0.006866176129117296,0.006431961282989443,0.0061663045954862905,0.004480203384004355,0.013493552157615316,0.005799851055406938,0.002197225233967893,0.002653635918221721,0.0023455518641033427,0.0025224465773942186,0.0020035670130476367,0.005805517522114288,0.006884176621966395,0.0022307121078268765,0.0025508186374093565,0.0030529586411080275,0.0029651278985406175,0.0023862108612876867,0.006299054838732842,0.006779726406718516,0.002138185900274284,0.003167285018961532,0.0031528288178602013,0.0025972692579241275,0.002447926284046591,0.006679756774959316,0.006769194467864178,0.002578237968155667,0.003123787866056348,0.0026200444837736624,0.0028023671878602673,0.0024223698442602964,0.006383053245539292,0.004982650931768354,0.0019248808699604508,0.0023839466504176577,0.0024383873275348887,0.00256474429097731,0.002004605506183754,0.005152915759585366,0.012517984397765122,0.005240546896442294,0.006529267752443309,0.006104250253876462,0.005919624121611742,0.0050282840913067435,0.011793156353806655
vanilla_deficit,3,12000,11.099624469643459,11.14578341692686,0.6557151079177856,0.7472736835479736,4,0.2298,0.7702,0.0131,0.0053,0.0069,0.006,0.0048,0.0058,0.0116,0.0059,0.0014,0.0029,0.003,0.0024,0.0026,0.0075,0.0046,0.0021,0.0037,0.0022,0.0033,0.0023,0.006,0.0069,0.0025,0.0035,0.0022,0.0025,0.003,0.0062,0.0059,0.003,0.0034,0.0036,0.0026,0.001,0.0057,0.0062,0.0018,0.002,0.0022,0.0027,0.0018,0.0055,0.014,0.0052,0.0056,0.0069,0.0051,0.0047,0.0107,0.0,0.0,0.015210143625705032,0.019725719280999445,0.01946343763078169,0.01908793260419138,0.01968330982153659,0.020488922813939082,0.015737556114079107,0.019606315156097422,0.02207820680925893,0.021848879011964254,0.02214476218382473,0.02210541943824029,0.022248295892165454,0.019834812680641755,0.01913710442424344,0.022312813542490945,0.021785891010345684,0.021591070245771404,0.021814693365733544,0.021805676658052307,0.019501922799692692,0.019157471945343084,0.02190563217583885,0.021663674011317628,0.02165254602195846,0.021604789760435898,0.02202652997012649,0.01929098268781083,0.019751092920381866,0.02187063440090542,0.021502953647938482,0.0218576452541858,0.021693041606660867,0.021676894161289387,0.019219264212276974,0.01981752066965001,0.022020412537959985,0.02181555958968294,0.02187360451082917,0.021928559262405056,0.022244645938552507,0.01992666946540943,0.014641051323490414,0.019828388890083436,0.019316085300239184,0.01926263728664935,0.01931238736638872,0.02008711987185962,0.015839320100574927,0.012750817064944053,0.005769683657313289,0.006168367501209912,0.00673915767001981,0.005834148580048799,0.004609568498913005,0.011949118440547388,0.005951185090804837,0.0021546989770666394,0.002503290987456537,0.002053530814742495,0.0021133341483955733,0.00189615336656844,0.005760105144807604,0.006703476053481451,0.0017980826673426632,0.002638099028876642,0.0029342382792850053,0.0025552552206921948,0.0026470861573243015,0.0061098677355507095,0.006633453699462274,0.0024560852734658305,0.0028238761997979125,0.0028017289112466336,0.0028743212938938415,0.002233250872895582,0.006430509360945481,0.005731114203162642,0.0024702214910532253,0.0030291182945389548,0.002529028273349818,0.002818298192969765,0.0027647182786990463,0.0065395257465008785,0.005786390038947805,0.0022425497368034997,0.0025539385083200843,0.002504769245777636,0.002382172226376568,0.001901701515038776,0.005425164821020627,0.013576809006955282,0.005652682191851025,0.006431414384025257,0.006551721071290901,0.006437035465335194,0.005181270577007644,0.011716306075751895
vanilla_deficit,3,13000,12.027515199384652,12.07747312495485,0.6214402914047241,0.8123449683189392,4,0.23160000000000003,0.7684,0.0134,0.0047,0.006,0.006,0.005,0.0065,0.0129,0.0066,0.0024,0.0034,0.0027,0.0024,0.0017,0.0074,0.0045,0.003,0.0035,0.0027,0.0027,0.0019,0.0075,0.0068,0.0023,0.0028,0.0032,0.0016,0.0025,0.0057,0.0062,0.0025,0.0026,0.0035,0.0018,0.0015,0.0064,0.0056,0.0021,0.0019,0.0021,0.0027,0.0016,0.006,0.0132,0.0056,0.0054,0.0057,0.0054,0.0048,0.0132,0.0,0.0,0.01525138861335482,0.01989946169153044,0.019450866167587663,0.019970459153957596,0.01997133393131167,0.020771369554614234,0.01518906550561754,0.01964375917213076,0.022293586691138956,0.021704822855612843,0.022120569994467043,0.02179363858165897,0.021965438844583143,0.019220742098663694,0.019002007817223637,0.021943378846604203,0.021726916148367567,0.021857835491983467,0.0218845177378195,0.021926292961335483,0.019317748089583732,0.01905093499544601,0.02191279666995971,0.021820096474046938,0.022003433060862332,0.021703384326142827,0.022157054024887442,0.01942288242558353,0.019680024678060654,0.02202608464474729,0.021533958240986837,0.021805255889026785,0.021801445412542284,0.02205789729858921,0.019130162027744396,0.01965305741530931,0.022263430082120554,0.021729748540530516,0.021977984361320826,0.021753734867135124,0.022452523662005237,0.019733584766319697,0.015456115887180481,0.019755131194463385,0.019086159961831974,0.019515315740020207,0.01923398608482296,0.019822844984106983,0.014555772335059475,0.012603838507032193,0.005646914727521061,0.006325882407273309,0.005539457163279711,0.005460008151962845,0.004249121502674352,0.012737229580539598,0.0059558059526890845,0.001906121085101333,0.0027972392394148625,0.0021679889344843124,0.0026628130041527727,0.0024027862770173297,0.006556997101105245,0.006927122885567653,0.0024752374865422374,0.002763800136884549,0.0026047108537630708,0.0025252636829873956,0.0025010976729646396,0.006566424564852186,0.006892132099474886,0.002482462362162003,0.0026227679015001634,0.0023843429761471937,0.002799416512625094,0.002112768861700643,0.0063291744457500635,0.005979041625662715,0.0023500588771488175,0.0030949123245690266,0.0028014797341300024,0.002729122046194761,0.0022628466239458314,0.006772218744520961,0.005902670181201168,0.0019517643467069266,0.0027985756954587338,0.002422860624135618,0.002762271408743228,0.0016655634767964945,0.00578078874067415,0.012411162901690233,0.005826302340107583,0.006838817671621875,0.006111147842445418,0.006615076786176121,0.0056456897489754595,0.013812932205339648
vanilla_deficit,3,14000,12.93211181613151,12.986565249972045,0.6346081495285034,0.8532781600952148,4,0.23320000000000007,0.7667999999999999,0.0148,0.0056,0.0061,0.0049,0.0062,0.0039,0.0113,0.0064,0.0019,0.0034,0.003,0.003,0.0017,0.0059,0.0054,0.0027,0.0036,0.0018,0.0021,0.0026,0.0065,0.006,0.003,0.003,0.0029,0.0023,0.0025,0.0059,0.0061,0.0025,0.0031,0.0029,0.0023,0.0018,0.0052,0.0063,0.0024,0.0023,0.0022,0.003,0.0017,0.0058,0.0149,0.006,0.006,0.0058,0.0057,0.0054,0.0134,0.0,0.0,0.01479931663969835,0.019978540043914618,0.019018384207876507,0.019671774061879282,0.019466941270527865,0.020330349905512378,0.015342063242339558,0.01926199587346296,0.02209962310095933,0.02209227191042988,0.02200835040350734,0.02195695900763641,0.02215946818956246,0.01921615057128129,0.0196040390249995,0.02195547609774338,0.021773107348719463,0.02195912996013081,0.022050226231093324,0.022000689496270823,0.019195910830395117,0.019017947667668657,0.022110669234993777,0.02214107250866642,0.02193763396658692,0.021807564781952126,0.02218416972993815,0.019485669103930407,0.01891879119313708,0.02193480163666882,0.021552311969737087,0.021685496663266614,0.021917867677110764,0.021939443893536206,0.01897793479664312,0.01975557095057387,0.022180284780845362,0.021946356614273604,0.02216287576181262,0.022000301734935876,0.02222282222501479,0.019404030663793724,0.01492549654225224,0.020125579625663303,0.019530591828654797,0.019957888548313256,0.019254527895306302,0.02025291113312179,0.01472861945366162,0.013485431614909532,0.005414401939623719,0.0069062709965615,0.0059566928733385685,0.006188499252372955,0.004960205357500554,0.012507954691656675,0.00657672601449806,0.0022050027385528983,0.002255188284835212,0.0024212319590873545,0.0024208669997902747,0.0021535139614998924,0.006646094291099018,0.006020119888081744,0.0024621732826587235,0.0026990519418102774,0.002417582143415635,0.0023188073728398293,0.0023937611360293253,0.006598593932606677,0.006906931523168251,0.0022273513934126404,0.0021422858658975996,0.002528232613965619,0.0026469145875843,0.0020770756955280395,0.006160162269829875,0.0070569646437882595,0.0024543931969116225,0.003033136225097836,0.0028706776919686194,0.0024800158787279094,0.0024473690233735436,0.006967474780008385,0.0057517752582472315,0.0021220164908042124,0.0024369094233413083,0.0021874204825197492,0.002355285355589627,0.0020576533161140304,0.006283688948184654,0.013177321992787695,0.005230979650721803,0.006170314940145969,0.0055237746049444135,0.006548963271501902,0.00507737754150193,0.013436153141380715
vanilla_deficit,3,15000,13.854749989230186,13.913111874950118,0.6134799718856812,0.847518801689148,4,0.24239999999999995,0.7576,0.01,0.0049,0.0055,0.0044,0.0051,0.0063,0.0112,0.0058,0.0023,0.0042,0.0024,0.0021,0.0018,0.0062,0.005,0.0032,0.0039,0.0027,0.0033,0.0023,0.0068,0.0069,0.0024,0.0036,0.0021,0.0024,0.0031,0.0066,0.0061,0.0023,0.0037,0.0036,0.0036,0.0021,0.0071,0.0066,0.0025,0.0025,0.0029,0.0031,0.0017,0.0071,0.0156,0.0059,0.0071,0.0069,0.005,0.0044,0.0161,0.0,0.0,0.015538304366734732,0.02006274644102345,0.018759834776511934,0.01971603299115946,0.019660744347527438,0.020406886073842237,0.015368373707997611,0.019645946218031,0.02214859533439192,0.021949004704410167,0.02229422238019032,0.022095673450790415,0.022159603725454807,0.01965229336830905,0.01926065098008371,0.021905931966223813,0.021542840508011758,0.0220856417933682,0.021422555761596712,0.022166255250529475,0.019178306357216145,0.019886197499258164,0.022039706270777455,0.021664810109141577,0.022042894523496386,0.021910383692953464,0.02218819250616571,0.019387505197860047,0.019274845900255966,0.02194523705501308,0.021904086810429928,0.021862768180243908,0.021976516518469547,0.0222523749829935,0.018929993089895562,0.01981205573172961,0.021970090363848546,0.021837460466821706,0.021988666037330844,0.022182821215303416,0.022125556544100283,0.019946848960790457,0.014189655549683138,0.019854653894172267,0.019368418842407725,0.01922951016663868,0.018994653092336528,0.019934587090820806,0.01427906520365732,0.012358963778071233,0.0053438270590285665,0.007385869019177896,0.005866438409472694,0.005988839103373424,0.004942282798494542,0.012497917743247463,0.0060111447579224864,0.002199765853980662,0.0025006146636004727,0.002019320437296882,0.0023185990610815237,0.0021831725833075725,0.006001577512176513,0.006670036568965779,0.0026436644649882653,0.003112837867704887,0.002294657572495053,0.0032941465933584713,0.0022122090445047854,0.00675509453379203,0.005766194456296059,0.0023638975327675013,0.0029289895111309114,0.002398154285947896,0.0025978917467405884,0.002140079875768431,0.006439762986477826,0.006609577649520328,0.002506293752024022,0.0025683207224260762,0.002630601505385279,0.002537270299477503,0.0020823982462776993,0.0070512594034769505,0.005799825516718904,0.002468831630786427,0.002746873563981995,0.002440831973410001,0.0021872386799997026,0.0022344928982059023,0.005557585229708195,0.014235571689498384,0.005696553557266643,0.006429469909763558,0.006716976030284109,0.00714910798562592,0.005615130405896043,0.014139864396101216
vanilla_deficit,3,16000,14.766410117503256,14.828800874995068,0.6016684770584106,0.8471289873123169,4,0.25229999999999997,0.7476999999999999,0.0139,0.0066,0.0077,0.0039,0.0067,0.0056,0.0116,0.0078,0.0022,0.0036,0.0031,0.0017,0.0021,0.007,0.0058,0.0024,0.0031,0.0029,0.003,0.0029,0.0066,0.0074,0.0031,0.0033,0.0025,0.0028,0.0027,0.0062,0.0065,0.0024,0.0042,0.0041,0.0037,0.0022,0.0073,0.0054,0.0022,0.0026,0.0026,0.003,0.0025,0.0071,0.0125,0.0049,0.0081,0.0071,0.0055,0.0045,0.0157,0.0,0.0,0.014813936078063195,0.019820794746250172,0.019231379169965014,0.019425618045833103,0.019568469764271318,0.019992663597495745,0.014977244597647134,0.019270154932673783,0.02228585394155054,0.021973866283287215,0.022197873496546075,0.022087241442091326,0.022258253510219803,0.019741915322073707,0.01883104957693605,0.021775089030409873,0.021836239397963322,0.02180123786445213,0.021748665810983156,0.022302345691355484,0.01973006669507853,0.01931962714431712,0.022232448840351623,0.022029853592174572,0.022184426329931624,0.021900145715609384,0.022201200638258277,0.01993247302787238,0.019061044430260812,0.021767595849978547,0.02138317431537338,0.021858093224790112,0.02182003404745058,0.02158227197890102,0.018765235785662575,0.02018959367317487,0.022292153618550935,0.02185262605313238,0.021921797169417105,0.022174513541138405,0.02237514984767587,0.019789312171582488,0.015619448916458337,0.019774862418500967,0.019146243492938655,0.019633170975833496,0.019458739613077675,0.019770612495271976,0.014294192097168118,0.013399716848214543,0.005803950138907359,0.006688939193731461,0.006397295596105473,0.006221870708314634,0.005506831933667673,0.013115451713255007,0.006747906098670164,0.0020636783476909114,0.0026102430596907592,0.002195778234426575,0.002400951304361342,0.0021051195321775424,0.005922385127488702,0.007368146558038397,0.0028696383884661233,0.002777823023958197,0.002830376731911914,0.002870249526094164,0.00203891650111017,0.006018300470376334,0.006595500120046837,0.0022219894369875223,0.002487117366304104,0.002255031234560943,0.0026428071865738536,0.0022298451351963964,0.005636268691599623,0.006983753978468503,0.0028418266645473082,0.003497148576628339,0.0027450101864189796,0.0028021548509583496,0.0031591471612818518,0.007388838907421313,0.005289272583688107,0.002054219579686487,0.002714156473686579,0.002649360705793897,0.0022308524769283763,0.0019686658372210734,0.0058512202402069965,0.012190264512406051,0.005872916092567487,0.006816767750313268,0.006124723862574197,0.006347564598708339,0.005918359719386708,0.014141033681420893
vanilla_deficit,3,17000,15.691674153553322,15.75813620898407,0.6005022525787354,0.8270696401596069,4,0.2502,0.7498,0.0141,0.0061,0.007,0.0044,0.0054,0.0054,0.0111,0.0073,0.0021,0.0029,0.003,0.002,0.002,0.0068,0.0066,0.0027,0.0039,0.0026,0.003,0.0031,0.0072,0.0073,0.0031,0.0024,0.0023,0.0025,0.0029,0.0058,0.0077,0.0024,0.0037,0.0034,0.0035,0.0016,0.0076,0.0062,0.0021,0.0026,0.0026,0.0024,0.0023,0.0061,0.0161,0.0057,0.0061,0.0066,0.0056,0.0056,0.0153,0.0,0.0,0.014813976075078523,0.020137531808594854,0.018792287864124346,0.01966103903788413,0.019675538370948646,0.02007442183291966,0.01467597711820369,0.019578505927755528,0.022260180906373002,0.02201906212853911,0.022519350813132298,0.022192121930929596,0.022545245287828083,0.019326600052549728,0.018887308577328087,0.022239017483855948,0.021609777706654655,0.022042319244936534,0.022038715259495543,0.0218212997422059,0.01853027051898351,0.01966583375985189,0.022248764947242258,0.021851753146314698,0.022370160705142236,0.022202471330775526,0.022584772674591982,0.019337572862993334,0.019419893964121294,0.021866813244486978,0.021896646624786097,0.02206693658702514,0.021801523808831588,0.02165094557896314,0.018616114635144176,0.019795820948586104,0.022207632458114746,0.021937108063344757,0.022263190769163187,0.021732782754045235,0.022532736406790453,0.01953685931812965,0.015068975569036979,0.019723389425062,0.01887446671495481,0.019524346366755554,0.019642080926436274,0.019730558440122094,0.014409300280866396,0.01346002882162415,0.005458469640429896,0.007499756290081413,0.006128605896962405,0.006185150487747452,0.005591463295370375,0.013704485179903336,0.0062905084119088284,0.0023382395063491434,0.002618989074711167,0.0018743731333369451,0.002361411616656495,0.0018748950082023356,0.006665438199810364,0.007319267569598762,0.0022916135633247164,0.003228156770237018,0.002584373821252052,0.0026678628942252906,0.002913333180430158,0.0079678607121966,0.006160532064437609,0.002355230706463411,0.0029070696699349165,0.0020964235936528222,0.002346007854096483,0.0018160635310738925,0.00664910657003419,0.006565644603463046,0.0028455921333308846,0.0028011889492495384,0.002586796545222858,0.0029427671366629342,0.0031668836394679704,0.007840092686784653,0.005967062701874232,0.0023383261738774523,0.0028190922550766816,0.0022946972092161263,0.0030450794351360036,0.001893512883273698,0.0063915565821560626,0.013041432076514802,0.006035805292684798,0.007377443544947205,0.006371118015404463,0.006195885129495347,0.006181385127513989,0.014140462162264812
vanilla_deficit,3,18000,16.61711804929655,16.687650291947648,0.6038622856140137,0.8932440876960754,4,0.25839999999999996,0.7415999999999999,0.0116,0.0058,0.0073,0.0035,0.006,0.0065,0.0141,0.0067,0.0021,0.0036,0.0017,0.0022,0.0026,0.0074,0.0061,0.0021,0.0034,0.0027,0.0023,0.0029,0.0092,0.0075,0.0031,0.0032,0.0023,0.0023,0.002,0.0066,0.0085,0.0026,0.0038,0.0037,0.0037,0.0023,0.0082,0.007,0.0024,0.0021,0.0028,0.0023,0.0025,0.0074,0.0161,0.0059,0.0071,0.0062,0.006,0.0052,0.0158,0.0,0.0,0.014677350635972745,0.020088318736170514,0.018953363147032956,0.020191570219879967,0.019629251991513885,0.02013933677294142,0.014204855323203928,0.01968336593275272,0.02251447621179608,0.021994219434609913,0.022498599325955358,0.022187577049635317,0.022456824244483746,0.019724736264267365,0.018332231055451613,0.02213773339711358,0.021498825375139224,0.021957762897584786,0.021901534811193814,0.021934336146729162,0.01888727879954661,0.01946231146326772,0.022256440410989398,0.021854899541366053,0.022312749440539476,0.022253051575804265,0.022405620784863304,0.020014082000459774,0.01864419466582142,0.022036729441680572,0.021326289102919026,0.02189967187257212,0.022051163492082214,0.022054730260543307,0.018702330503975795,0.020019753345470785,0.022298252177451558,0.02189965412167413,0.02239187982259743,0.0220159906072067,0.022549597738735716,0.019822077896035066,0.014997681582730847,0.019606426361981982,0.018584890641760263,0.019638958039974536,0.019469896536198024,0.02002469329750635,0.0138124355008174,0.013620888618544845,0.005485081584921706,0.0072923753820221485,0.0053703883041030746,0.006246820642915941,0.00544817115167439,0.014324499677077843,0.006205299978496112,0.0019503215817049866,0.0026859935855455108,0.001895839466937294,0.00243711977695824,0.0019580483576928437,0.006143693816567642,0.008139202220983983,0.0024332188891646846,0.0034237040541056077,0.002701219925907508,0.0028630763457029736,0.002775168107356757,0.00735172164170879,0.0064172932450869006,0.0022564476801573245,0.0028543977310569357,0.002172595724770661,0.0023005566257989383,0.0020342974112823272,0.00575188038145765,0.007674645133994478,0.0025836277886345784,0.0036415719952157975,0.002787725519710988,0.0026011959855006335,0.002556822072530745,0.007744322807207148,0.005743434962088052,0.0021941841603624265,0.002826814453260249,0.0020938221100467954,0.0026535732897619083,0.001858958256533866,0.005920613625020771,0.013182933907075436,0.006241748671335181,0.007762957051631113,0.006154241990473232,0.006523185519400388,0.005736078688307304,0.01502605472350007
vanilla_deficit,3,19000,17.530379938194528,17.605151791940443,0.5862089991569519,0.907243013381958,4,0.24940000000000007,0.7505999999999999,0.0131,0.0056,0.0082,0.0039,0.0066,0.0057,0.0124,0.0074,0.0018,0.0036,0.0016,0.0018,0.0017,0.0061,0.0055,0.002,0.0036,0.002,0.0028,0.0026,0.0077,0.0062,0.0024,0.0032,0.0012,0.0029,0.0021,0.005,0.0066,0.0026,0.0029,0.0028,0.0029,0.0017,0.0073,0.0062,0.0024,0.0026,0.0021,0.0035,0.002,0.0072,0.0162,0.0063,0.0086,0.0075,0.0068,0.0057,0.0168,0.0,0.0,0.013650586981434508,0.019614807974365857,0.018554904877402398,0.020085107585601412,0.0198748853857353,0.020320329672358535,0.015124724949461897,0.01935818576477508,0.022377300510575543,0.021883469068295205,0.022422707267020822,0.02229647746573179,0.022356636038790033,0.020217860962684006,0.01858901196186922,0.021881573535313933,0.021650652218778172,0.022174099872210813,0.022014447848199725,0.022054187386481367,0.01838716817070203,0.019915475807087375,0.022415273209810065,0.021983490308422574,0.02254660040353773,0.022077800083375308,0.022571426932216525,0.020118409523592534,0.018278707887201227,0.021816155900454465,0.02176290727171549,0.021857172215429772,0.02165704459107283,0.021876357085317617,0.018583697682040157,0.019941218007390335,0.022390999433867544,0.02180206494926753,0.02223352262064404,0.02188373457852339,0.022295404364267232,0.020370686605187156,0.013753261597028032,0.019893111569031643,0.018783503179574806,0.019966974188208822,0.019472419580906265,0.02016524041701101,0.014698214510030833,0.015121118419188447,0.006257388294010857,0.00794975133184864,0.0055193897826007424,0.00587087411407593,0.005169814356242922,0.013125640012654571,0.006677830024028532,0.002112846077078799,0.0028467539314134807,0.002045364802413149,0.0022329612871354373,0.0021826190925515157,0.005400223282325914,0.007938125570560397,0.002849570978737727,0.00323181731319818,0.002414832811283219,0.00265209974965619,0.002632103314206765,0.008159970825597728,0.005849613138309615,0.002134537930396566,0.0026981073134686893,0.001861240953255117,0.0025579487924584825,0.0018243449947695715,0.005548023090165374,0.008243034132233377,0.002946791430747968,0.0030259269079942743,0.0029248975129523673,0.003222317285793653,0.0028573234086080573,0.007906960890287446,0.005850418853964408,0.0021315499151161156,0.0030067952051702424,0.0023655841628477856,0.002846359343250017,0.002273618577434123,0.005212163874375113,0.015124778485917034,0.00584378726230731,0.007688144846390356,0.005734016292468804,0.0065471238788767155,0.005439362833597628,0.013681373723652768
vanilla_deficit,3,20000,18.465847403625958,18.545831291936338,0.5853363275527954,0.9569777250289917,4,0.254,0.746,0.0127,0.0066,0.0078,0.0047,0.0064,0.0055,0.0147,0.0068,0.0015,0.0038,0.0017,0.0019,0.0029,0.0067,0.0059,0.0025,0.0043,0.0024,0.0022,0.003,0.0078,0.0072,0.0025,0.0029,0.0013,0.0032,0.0026,0.0052,0.0081,0.0036,0.0041,0.0038,0.0027,0.0023,0.0091,0.0058,0.0023,0.0015,0.0027,0.0035,0.002,0.0068,0.0155,0.0052,0.0073,0.0059,0.0055,0.0046,0.015,0.0,0.0,0.01441690314250358,0.020017701264554336,0.018932824727926227,0.02062864328131494,0.01968663125860986,0.020492956060386733,0.013917793575456928,0.019496969065949728,0.022431293009365125,0.021979113832031716,0.022584878195536312,0.02219287738488696,0.02237877050796573,0.020228269029360195,0.018375222373117908,0.021958577587309975,0.02172643056481082,0.022258522893880722,0.02194183144389407,0.021780928908366262,0.018237383302040222,0.020005265814440537,0.022438589428431407,0.021994582398896557,0.022767875508394535,0.02246156615212079,0.022410413358942345,0.019677755235578975,0.01812473465651042,0.021969044340258724,0.0216319405355246,0.022092301685800578,0.021811493615012147,0.021888234712311716,0.01823833290549889,0.019914981574533485,0.022403963890460912,0.022063377602207758,0.02247613424069961,0.02218884229834709,0.02244273725490569,0.020002052333704036,0.014231080524589983,0.01953476570415889,0.01925893378348703,0.019674185583697937,0.01979157052106513,0.01935836934462965,0.013482353586522167,0.0140910562500229,0.00573008220659178,0.007412597935883195,0.004826578743541658,0.006180629012674371,0.00514442992460637,0.014790111623563747,0.006461114628619903,0.0021216326944029913,0.002790346649953336,0.0018945002599460633,0.00247421826955044,0.002238369115332554,0.005379617479392584,0.008198156504254773,0.0028597795741754596,0.003203094705580057,0.0025333871340540827,0.002845482433495856,0.003083436272116652,0.008480127490691651,0.005865660113429365,0.00214990474340536,0.0028455956595198925,0.001662933630895575,0.002115925169479547,0.002152510970813387,0.006271880491663385,0.008529532627229792,0.0028443006133630584,0.003342833119933157,0.002622956594842019,0.0030382350622733855,0.0030028700005878825,0.008400598151180052,0.005881991214502818,0.002201111392494897,0.002665731537430239,0.002055318368842349,0.0024801856356219515,0.0021437706496929662,0.00575322493180692,0.014365863636308401,0.006444280836374858,0.006891262727593363,0.006238097040653178,0.006064500046975235,0.006783273017435922,0.015512195505355998
vanilla_deficit,3,21000,19.395490124239586,19.48010687495116,0.5593881011009216,0.9391876459121704,4,0.257,0.743,0.014,0.0064,0.0086,0.0047,0.0069,0.0062,0.0141,0.0064,0.0019,0.0041,0.0021,0.0023,0.0022,0.0067,0.0059,0.0032,0.0043,0.0014,0.0028,0.0037,0.0079,0.0059,0.0027,0.0035,0.0012,0.0029,0.0031,0.0048,0.0079,0.0032,0.0046,0.0032,0.0027,0.0027,0.0092,0.0041,0.0024,0.0018,0.0021,0.0037,0.0016,0.0071,0.0143,0.0058,0.0079,0.0061,0.0056,0.005,0.0161,0.0,0.0,0.014129780637748297,0.020049523970415865,0.018924544829443432,0.02045863592473473,0.02008315638744081,0.020074609254422403,0.015340023457805493,0.019140162736438315,0.022591150232689303,0.021856239346966067,0.0228924242733315,0.022255185894141966,0.022372475759163936,0.019190994760183575,0.01885095505255703,0.021773668092481397,0.021509134489375782,0.022367641650828645,0.022116030449992434,0.022216683638816872,0.01843488501705813,0.019751526101650634,0.02247143412876608,0.022127657602462276,0.02289518631089668,0.022458986553442938,0.02239353263222231,0.01957245272906695,0.018211740990878765,0.02205191529131157,0.021094793607600602,0.02226103238983796,0.021912230350642665,0.021761432515248827,0.017557674380044193,0.020431523978272925,0.02273184612794464,0.021810070974209356,0.022693843026406108,0.022078065761676577,0.02247980935634638,0.019394703792529614,0.014287128351339348,0.019784125820673085,0.01858732225292712,0.020477683432348057,0.019286864065699856,0.019767792397383892,0.013039719222134523,0.014703088941740765,0.005761183237466078,0.007455011807749706,0.005120345507776847,0.0057117122912702205,0.005685222029458417,0.012844780929899397,0.0070987903635116,0.001983565284325502,0.003103630581697992,0.0015404121251646808,0.0024777454588777734,0.0023052202253354506,0.007063082492120717,0.007524194751132859,0.003186024653936194,0.0036532601849018323,0.002312330862468157,0.002760558438492088,0.002534379598499499,0.008136204834279952,0.0061995173756646624,0.0021987218465384793,0.002665330705916545,0.001575411860015314,0.0022170313640680487,0.0022742470296429986,0.006462921851579295,0.008503496676371498,0.002776742377486485,0.0041846018031897955,0.0024691456703524193,0.0029822092096525336,0.0032040223370197133,0.009504645668374268,0.005238350295295001,0.0018156739082781075,0.0032106035468573513,0.0018715738273976312,0.002816401854432822,0.002147339969293135,0.006724378174188739,0.014315391399111563,0.006190627956402855,0.007951042762839648,0.005209515448895922,0.006883002911739236,0.006175590786016674,0.016150243466667165
vanilla_deficit,3,22000,20.30872609151993,20.397809333982877,0.5730413198471069,0.8772804141044617,4,0.2713,0.7286999999999999,0.0163,0.0066,0.0091,0.0048,0.0066,0.0059,0.0148,0.007,0.0024,0.003,0.0021,0.0023,0.0022,0.0061,0.0076,0.0033,0.0028,0.0019,0.0029,0.0031,0.009,0.0076,0.0024,0.0032,0.0016,0.0024,0.0026,0.0053,0.0091,0.0035,0.0042,0.0026,0.004,0.003,0.0089,0.0053,0.0022,0.0023,0.0021,0.0035,0.0018,0.0076,0.0167,0.0062,0.0081,0.0068,0.0059,0.0049,0.0177,0.0,0.0,0.013699583932868298,0.019544594726503974,0.018641443420513062,0.02048390792078062,0.019942380107425106,0.019766631046500612,0.014513181908069904,0.01958844702158494,0.022551396747215693,0.022264117032003886,0.023097101207790082,0.02228910019042879,0.022392755012575708,0.019561070880064285,0.018492979491579162,0.022257976827991396,0.021602611462542033,0.022523757296034203,0.022095109521798023,0.022374581412496635,0.01857255156476894,0.020328655916241223,0.022558244368119207,0.022343574756542278,0.02271636120533594,0.022606308392661652,0.022563670220209373,0.01995387501831043,0.018476693148683547,0.021865264429204626,0.02157084103046594,0.022611846887208978,0.021755689001678673,0.021748297555773965,0.017603945316740928,0.02036324324445124,0.022359621149590135,0.022090839667282536,0.02268052345241989,0.02217527849197019,0.022487630297875462,0.02005990432878245,0.013235839693728909,0.019681016726684153,0.018224840927958997,0.02039617725004115,0.019118236428440467,0.019534540666716418,0.012633761695345842,0.015298805207710965,0.006613595773654984,0.00793146174919749,0.005282025367624726,0.006072215311764998,0.006367728426506472,0.013955364221908122,0.00658866960724515,0.0022651740813569685,0.0026453061942970407,0.0014298271309860315,0.002647913612815823,0.0024185369206550515,0.006667678996777828,0.008148098274262001,0.0026542658956198125,0.00357150353153899,0.0022273801887286037,0.0028528571308652235,0.0025231805881678567,0.008071050298459581,0.005430441959338159,0.00217705712702739,0.0024903000744754605,0.001985397710836732,0.0021069227628605484,0.0021691397982138046,0.00601637959575216,0.008249988082025417,0.0031882439316869506,0.0036178625094684235,0.0021379035677212815,0.00342625988986204,0.0033589203861606846,0.009484427226009354,0.00541903510527694,0.0025059478982327513,0.0028981501439023496,0.001998629167446959,0.0027358756711880275,0.0023191587080224644,0.0058616630828551355,0.015897369429175478,0.006453593165560326,0.008539362381817212,0.005410040756864765,0.007274794443620021,0.006667329019544624,0.016736850871290718
vanilla_deficit,3,23000,21.23719919170253,21.33063012501225,0.5845041275024414,0.8892714977264404,4,0.2733,0.7266999999999999,0.0166,0.0069,0.0074,0.0047,0.0072,0.0055,0.0122,0.0067,0.0025,0.0037,0.0021,0.0022,0.0027,0.0062,0.007,0.0032,0.0033,0.0023,0.003,0.0027,0.0085,0.0073,0.0026,0.0033,0.0015,0.003,0.003,0.005,0.0097,0.0033,0.004,0.0035,0.0031,0.0039,0.0076,0.0049,0.0021,0.0021,0.0024,0.0038,0.0021,0.0063,0.0171,0.0065,0.0089,0.0066,0.0074,0.0071,0.0186,0.0,0.0,0.013299743924673264,0.019495511195714545,0.018745542988881002,0.02097022259609315,0.019561127111483202,0.020031496274137067,0.014354312536697727,0.019675868283330344,0.02254252996068308,0.022227612944533896,0.02264790378410379,0.022402412127397013,0.02247021800424728,0.019584658040386123,0.01869243877346656,0.02187182684594583,0.021488689708498487,0.0227620164303743,0.021862708601181287,0.022139091371774187,0.018484376588399944,0.02031634316207303,0.022773333902809337,0.022149362028316834,0.022952854897411185,0.022782862204343328,0.022806470983317815,0.020409235503664934,0.017560845396725352,0.021563500741952714,0.021266887507258532,0.02231614271626082,0.022055918304480428,0.021590088327179915,0.01745855939141433,0.020109837658136794,0.022871132048541236,0.02248417373098801,0.022784098499061555,0.0219828214092902,0.022694072535052772,0.019857343425116854,0.013835422908542071,0.019811184276621527,0.01813548242880201,0.019978763583111764,0.018926859550317032,0.01984053230851568,0.013375562478691793,0.015926715848298592,0.006740509331664726,0.007872605188197919,0.004513081551645203,0.00668394059823228,0.0059593434582560344,0.014272558301845019,0.006438587271679403,0.002221538549474923,0.002719573576649486,0.0020679625673802136,0.0024257518270930033,0.0023269288576777476,0.006649645690839209,0.007871876374185034,0.0031990478226130064,0.0037965095554614667,0.001979775278886588,0.003251399613532095,0.002809525921435585,0.008214176940064101,0.0055441963264419684,0.001885155746491187,0.0028336195599660973,0.0016235147415660433,0.0018712688226017972,0.0018759229534322786,0.005369748850117283,0.009560167862214253,0.0036484144934713606,0.004158835364890758,0.0025905467823639566,0.002930745642603628,0.0036487271941356,0.009865493535946505,0.0058061031236112575,0.0017816833569878133,0.0023456517290064436,0.0018694669977334726,0.0030763424516235646,0.002078799401886135,0.006291285715280946,0.015028808589211028,0.006241372385778892,0.008722669101285543,0.0059971356698894415,0.00753022225308059,0.0062376619021822345,0.015699027385949447
vanilla_deficit,3,24000,22.170536534744315,22.268572666915134,0.5652114152908325,0.9765850901603699,4,0.26849999999999996,0.7315,0.0149,0.0067,0.0086,0.0045,0.0067,0.0057,0.0121,0.0063,0.0024,0.0041,0.0017,0.0023,0.0025,0.0069,0.0071,0.003,0.0041,0.0017,0.003,0.004,0.0085,0.0057,0.0031,0.0035,0.0013,0.0028,0.0031,0.0054,0.0092,0.0032,0.0031,0.0032,0.0033,0.0034,0.0085,0.005,0.0019,0.002,0.0025,0.0029,0.0027,0.0074,0.0154,0.006,0.009,0.006,0.0072,0.0076,0.0173,0.0,0.0,0.014109872597819859,0.02014676276688913,0.0187041190227253,0.02088061019282885,0.019790015412402565,0.019850486441995704,0.01533406172144276,0.020014069387856416,0.022332488729411768,0.022074166860581043,0.022903026706763557,0.022333645578638664,0.02221287776445003,0.019020840005549225,0.018422732183863387,0.022137328707808893,0.02170213241566018,0.022489009597491415,0.02162092649360078,0.02222624902908632,0.018157601471185607,0.02009131948348445,0.022607905826525825,0.02235898476730381,0.023116116407926837,0.022578670189268967,0.022688448554099537,0.020283256615540084,0.018033845663313806,0.02148854005530446,0.021330608271839906,0.022169382815081365,0.021783736413675717,0.021304629276877818,0.01672085685030098,0.020472470171214306,0.022550881325020755,0.022247724201944402,0.023123008615473048,0.021986316374781004,0.022455466454547587,0.01983181379299985,0.014286161047056623,0.019460982515752675,0.017946354635002503,0.020091865049791054,0.018584038151045073,0.019756830077326946,0.014186763309449141,0.014649565737575433,0.005744735264263471,0.007893127415131276,0.004788943977220757,0.006188220520247578,0.006138866641460134,0.012742457179674666,0.005938749954307248,0.0024707993788166236,0.002848498987328115,0.0017537873909369611,0.002547232917299712,0.0026847484064041645,0.007430040833412709,0.008226425959562484,0.002756148289035305,0.0034315234245633998,0.002241945852535036,0.0035111943678815447,0.0026261354074809075,0.008614080968548155,0.005786737935134705,0.002068104360279434,0.00243205878289175,0.0013250354962091495,0.0021108506008376995,0.0020284655921140155,0.005506101301603164,0.0089512777865461,0.003743822771314665,0.003935676736328209,0.002787406084865563,0.0033122079432882268,0.004012723849365879,0.010714785346754362,0.005307571885054124,0.002190543974232344,0.0025947359583443365,0.0013149582073455834,0.003016010132595398,0.0022909902172861675,0.006361480942300808,0.014313684479604665,0.00682555869452639,0.009001075858994532,0.005785940247423037,0.0080296385064367,0.006275804224136034,0.014654329183769986
vanilla_deficit,3,25000,23.077755420585163,23.180526791955344,0.5577692985534668,0.9223268032073975,4,0.26350000000000007,0.7364999999999999,0.0151,0.0058,0.0084,0.0045,0.0059,0.0062,0.0131,0.0066,0.002,0.0051,0.0022,0.0024,0.0029,0.0074,0.0059,0.0029,0.0036,0.0017,0.0029,0.0041,0.0077,0.0057,0.0018,0.0033,0.0011,0.0027,0.0022,0.0053,0.0088,0.0037,0.0055,0.0038,0.0041,0.0031,0.0094,0.0042,0.0016,0.0025,0.0014,0.0035,0.0023,0.0063,0.0157,0.0056,0.0079,0.0056,0.0071,0.0062,0.0167,0.0,0.0,0.01366608767345016,0.019899339170921806,0.018378951509645594,0.020908918170905746,0.01889276801803133,0.019600775101718794,0.014782676220863863,0.01974490650954874,0.0226780153642236,0.02207793502060087,0.02279379158670502,0.022641331374071316,0.02246003241798914,0.01974102434413085,0.018639858605819484,0.021746061991024204,0.021893199236392765,0.022759341181572582,0.021708715334606707,0.022094239038496128,0.018174558298772313,0.020086665008294657,0.022615399050959314,0.022474307170295298,0.023110088285171915,0.022509061536021766,0.022721895747905507,0.020122587988932093,0.017098822634364897,0.021947950825661443,0.021346223111388923,0.022338649923601236,0.021860558656821426,0.02151665456917666,0.016793331294777197,0.020821574566405487,0.022923654571932642,0.02210883699873034,0.022777747459036102,0.022084954912394338,0.022615127547635255,0.019869082770958345,0.013968715195050562,0.020228457551987745,0.018463569621826614,0.02100852164856353,0.018620061012419614,0.019872346813409256,0.01281262735678678,0.0154387096368739,0.006132089682671479,0.008384014810473298,0.004623625861035706,0.007636175704754687,0.006566637586190515,0.013696372755479115,0.006395922662969628,0.0020487765882153002,0.002922169210309176,0.0018802689881850846,0.002180293649275899,0.002366041932775822,0.006518760497411946,0.00792615010516231,0.003444259455817935,0.0031910446578701235,0.001969472656764559,0.003537678500773227,0.002898439372977333,0.008759625845934971,0.005898507017690262,0.002257099594666961,0.002345265609273625,0.0014199119613811562,0.0024509320383674375,0.002023972968003699,0.005807160075138876,0.010208128011663101,0.003150418438478839,0.003987146241794358,0.0025817717343736887,0.003238551698687973,0.003739090161660367,0.010691820776501803,0.004789813437816373,0.0016912586758389787,0.002877192633433738,0.0019036205658244508,0.002990077042282483,0.00217936975675255,0.006176126646688122,0.014802935043060475,0.005770258716438911,0.008260856577313644,0.004556782035701379,0.008033089700065171,0.006132313465175019,0.016446511541592407
vanilla_deficit,3,26000,23.9893127491232,24.09748304192908,0.561176598072052,0.9701566696166992,4,0.27560000000000007,0.7243999999999999,0.0173,0.0066,0.0091,0.004,0.0067,0.0062,0.0145,0.0086,0.0027,0.0038,0.002,0.0026,0.0016,0.0081,0.0078,0.0029,0.0036,0.0014,0.0032,0.0035,0.0081,0.0058,0.0019,0.0029,0.0009,0.0023,0.0022,0.0055,0.0087,0.0043,0.0044,0.0035,0.0045,0.0037,0.0095,0.0054,0.0012,0.0022,0.0018,0.0029,0.002,0.0061,0.0182,0.0061,0.0083,0.0059,0.0072,0.0066,0.0173,0.0,0.0,0.01297817604908868,0.020008843372182547,0.018501476763156784,0.020743216349404663,0.018920734400955957,0.0203805480555649,0.015393068208187404,0.019053951634684263,0.022454850714993143,0.02203145174120674,0.023118574528318087,0.022286879625555474,0.022579352912368615,0.01946665637907457,0.017955259295037773,0.021902465517023684,0.021540374490657044,0.022645149452757574,0.02213785561544782,0.0224011561869408,0.018601442891782716,0.020205723467744192,0.022745923018223983,0.0226667444362399,0.023238915325664362,0.022547694183772483,0.022681524479014906,0.02041852700818671,0.01717144928201112,0.02135349273474491,0.021186327390124847,0.02280076481239427,0.02203227749344,0.021485313013603416,0.01686035154519312,0.0201113050783467,0.022660900037137565,0.022349401310557383,0.02287641702575758,0.022101945572778364,0.02264177804502985,0.020177740012202565,0.013444617130260166,0.01990207633791602,0.018761993391413247,0.020763747065251387,0.018718018861921225,0.019593642874899283,0.013399904881781164,0.016371448330387617,0.006045831454877224,0.008273568921860396,0.004901407293113407,0.007625750269857913,0.005467059019180052,0.012825996618277264,0.007393258233283309,0.002494263436711671,0.003069970249912524,0.0014524208602995224,0.0027381550795461396,0.002235363009487489,0.0067940167896997535,0.009027606449314014,0.0032572564205525867,0.003783007462424287,0.0021788898647404674,0.0029545358315470585,0.0025331646309506546,0.008089357018948242,0.005681839344598372,0.0020716305749719395,0.002147534254580888,0.0012776877269784761,0.002281331035016232,0.0020870113418061226,0.005490039117881411,0.010126624986873244,0.004015294625141773,0.004258016337913109,0.0019529385665787984,0.0030687712693652242,0.0038629559472525927,0.010734584494554823,0.005897058508725259,0.0021169577393013598,0.002608311978438272,0.0018430926242621174,0.002967614204897521,0.002144722601010784,0.005839658425706062,0.015733244986882958,0.006161793176456087,0.007817177467413523,0.004910659484487152,0.007959152861410409,0.006609634196313202,0.01568097903840039
vanilla_deficit,3,27000,24.905587488086894,25.018652917002328,0.547833263874054,1.0123759508132935,4,0.27370000000000005,0.7271918367346939,0.0151,0.0059,0.0068,0.0028,0.0084,0.0063,0.0116,0.0074,0.0022,0.003,0.0019,0.0028,0.0017,0.006,0.0097,0.0021,0.0021,0.002,0.0043,0.0041,0.0083,0.0055,0.0026,0.0023,0.0012,0.0025,0.0024,0.0046,0.0098,0.0035,0.0029,0.002,0.0046,0.0034,0.009,0.0079,0.0019,0.0031,0.0016,0.0037,0.002,0.0067,0.0213,0.0067,0.0091,0.0062,0.0088,0.0071,0.0168,0.0,0.0,0.012480848789746351,0.019739861805947383,0.018890959271638842,0.020984501967048076,0.0185526446559582,0.020255269570215305,0.014993384325886767,0.019454378509187673,0.02272715468364752,0.02196085660240403,0.022939802707321585,0.022001559944909717,0.022450791764226114,0.02009976973210259,0.01783549334970227,0.02224689774883024,0.021708176404518137,0.022804070304655172,0.021676431398902737,0.022147054087241116,0.018207950304734825,0.020076240761807723,0.022727606237975487,0.02282427828979032,0.023361171823853787,0.022880169468794405,0.02285854957236363,0.02079832721220224,0.017276853655825486,0.02166229872848839,0.021460252863709568,0.02279641148719138,0.0213423727581578,0.021272555165741856,0.016831115164381502,0.02033176730917003,0.02274147178033452,0.022313794387517495,0.023167507638997928,0.0224854744411533,0.022987485809440454,0.020189472860796805,0.01254287715385503,0.020152500902362196,0.018731220878530748,0.021079007247397988,0.018134458725349696,0.01926264642688571,0.013554253319099721,0.016998191372155455,0.006527770869520758,0.007752230238876507,0.004654373449963723,0.008279278678625848,0.005706220281198531,0.013374103147972789,0.00705674026836587,0.002140766339447202,0.0032460768166531644,0.001834042240461234,0.0031873662025591934,0.0025393929807302133,0.006008638678868155,0.009313699711313714,0.002989740273902273,0.0036886684347250064,0.0020298230344312123,0.0037344575188484126,0.003055630048228708,0.008698341766612005,0.00596445193086349,0.002140115016232453,0.002000674980638812,0.00126532075838693,0.0019200573890661397,0.001990304487626358,0.00500103743258577,0.010080420654778901,0.0037157800218416705,0.004007211537439072,0.0020408701339776477,0.004255367128549368,0.004238884717442986,0.010840542590798283,0.005595879730414401,0.0021591778194868885,0.002815123376766239,0.0015056000156224137,0.0024893665913610025,0.0018433890017474674,0.005879250637307383,0.0170259089877705,0.005854454092670713,0.007943574840024295,0.004518058771539188,0.008804346224497352,0.007177045155520198,0.015488972202639405
vanilla_deficit,3,28000,25.84875285194721,25.96654683398083,0.5515258312225342,1.0056684017181396,5,0.2782,0.7218,0.018,0.0064,0.0096,0.0033,0.0085,0.0065,0.0149,0.0081,0.0027,0.0035,0.0014,0.0028,0.0021,0.0072,0.008,0.003,0.0027,0.0018,0.0035,0.0035,0.0078,0.0051,0.0024,0.0027,0.0007,0.0025,0.002,0.0057,0.0092,0.005,0.0053,0.0031,0.0045,0.0037,0.0113,0.0059,0.0011,0.002,0.0013,0.0027,0.0012,0.0053,0.0176,0.0063,0.0097,0.0049,0.007,0.0074,0.0173,0.0,0.0,0.012994554182329211,0.02001275851692972,0.018490187598320426,0.021466839787348493,0.0183170686053636,0.020040441615151283,0.01421593924533602,0.019846403463319968,0.022208968536562828,0.022082042733836585,0.023260889409882236,0.022237534275209983,0.02245354951650591,0.0200723863023463,0.01858873585943803,0.021870101043315594,0.022098967281025148,0.022926788168145914,0.022046875656895927,0.022248646425002343,0.019001103829118335,0.020612945756191572,0.022799368194403535,0.02281506905480387,0.02356710688179344,0.0227233830252873,0.022819005098601672,0.02016432389443195,0.017281247090032488,0.021571482448639486,0.0218373095416987,0.02284475317739364,0.021551207763389472,0.02153939701989445,0.01585565364149354,0.02040513577630567,0.023168676556162084,0.022699988518007023,0.02315115350882172,0.02249488401006404,0.02273688596301816,0.020236992926559203,0.012579949253587934,0.018754591753346248,0.017583365797486858,0.02116276280062875,0.017951507860895166,0.019555292197885404,0.0130557784377928,0.01634148999691654,0.006155739393764701,0.008387610205668274,0.004139694948527972,0.008597873869766336,0.006037745165252882,0.01458244988557479,0.006434386624974345,0.002914630307521821,0.003136491488234415,0.0013996527085889858,0.0029125523992981064,0.0026014470111535393,0.006069863391613478,0.008128493391597503,0.0034417301440717533,0.0031902417367553923,0.0018808256844697311,0.0032262016511303148,0.0028965486689430937,0.0076127255880335774,0.005213224071536581,0.0021033985708233806,0.002080786174402901,0.00099770046868425,0.0022128324949729815,0.002036054979795416,0.005937454770354673,0.010050602655614131,0.0038718009726232652,0.0034889565007730906,0.001998972568394736,0.003861938096623748,0.0038789479423978323,0.012259993908441163,0.005629699733172125,0.0016105827619566084,0.00220746279009345,0.001557694474012643,0.0025028545280606157,0.0021543230491989276,0.005832796750344556,0.01678235447138087,0.007889627550739112,0.009576428460789023,0.0044213769593053,0.009085292356089267,0.006853645389693653,0.0162533147568474
vanilla_deficit,3,29000,26.773135270457715,26.895881374948658,0.538392961025238,1.017425775527954,6,0.2671,0.7328999999999999,0.0149,0.0062,0.0078,0.0031,0.0089,0.0076,0.0126,0.0072,0.0017,0.0033,0.0013,0.0032,0.0017,0.0067,0.009,0.0031,0.0024,0.0021,0.0052,0.0039,0.0076,0.0047,0.0024,0.0023,0.0008,0.0023,0.0024,0.0049,0.0107,0.0042,0.0032,0.0023,0.0038,0.0041,0.0093,0.0059,0.0015,0.0027,0.002,0.0031,0.0015,0.006,0.0124,0.0063,0.0113,0.0041,0.0077,0.0082,0.0175,0.0,0.0,0.01373915381938357,0.019632014289505034,0.01855019715184244,0.02134859829095185,0.018212024050350717,0.01980982370359498,0.014972634779613142,0.019553662761848986,0.02261418032543166,0.022358947873872877,0.0231736722924998,0.02218368732440972,0.02262715717576419,0.019703992142872065,0.018631595608397538,0.02162275028454411,0.02191850715566237,0.022934435565749423,0.02148182453702816,0.021952895378507538,0.018748959205328937,0.020839523266265994,0.02299918358200783,0.022537139699534164,0.023108586266535308,0.022742736021712028,0.02282636558791458,0.020839088032942564,0.016997425503824246,0.02143751657855148,0.021606441183876328,0.022965673034288585,0.021688216660662188,0.021347504943035937,0.016594679345450836,0.020947503763532903,0.02288191246900874,0.022293012686666572,0.02301309607183752,0.02208488773069114,0.02269008601524289,0.0196543334919656,0.013715839592550313,0.019543744395369378,0.017988788455654752,0.020991037941854276,0.018066581932438566,0.0187183429195851,0.013110039109841053,0.015185729421657846,0.006546812065207513,0.008196535770137993,0.0040139998364806155,0.00868781326043088,0.006327563770176122,0.013354740160503312,0.0066215739400548364,0.0022145010703231863,0.0026243498856451017,0.0013626423774627814,0.0028789578438410926,0.0021565865846532735,0.006403184480040058,0.008117347500713381,0.0036938533513249773,0.003303258102855556,0.001749253568311827,0.003820456779611816,0.0031361134662870795,0.00779059874401787,0.004870740835547365,0.0016161290545426712,0.002326421046141963,0.0014571954313512393,0.0019886806065676915,0.001945313615581299,0.004832310616275439,0.010608558789551251,0.0039238872099540125,0.003639421229350049,0.0017038736576112808,0.0035987477476681867,0.0040546506864048955,0.0110373941231807,0.004635748280251391,0.001786493456158031,0.00268107404978195,0.001595917828229562,0.002983425436062835,0.002104229861214845,0.006553450573701985,0.015180536424572883,0.0067531702448072346,0.008973053971486119,0.0046115669510605264,0.008820977799295974,0.007991326237810173,0.016060606836592065
vanilla_deficit,3,30000,27.690100764622912,27.817970459000207,0.5467904210090637,1.0157079696655273,6,0.28070000000000006,0.7192999999999999,0.0157,0.0063,0.0096,0.0032,0.0097,0.0077,0.0131,0.0077,0.0019,0.0033,0.0014,0.003,0.0019,0.0071,0.0093,0.0032,0.0025,0.002,0.0044,0.0032,0.0086,0.0048,0.0023,0.0025,0.0008,0.0024,0.0018,0.0048,0.0113,0.0045,0.0033,0.0014,0.0047,0.0039,0.009,0.0073,0.0015,0.0025,0.0018,0.003,0.0015,0.0058,0.0195,0.0065,0.01,0.0049,0.0094,0.0071,0.0176,0.0,0.0,0.012797749730805283,0.02006200615041019,0.018496729415196003,0.02150217007511914,0.01780120018048413,0.02001126349124425,0.01430822280003668,0.019358062323821108,0.0228476498634876,0.02192486641455706,0.02347343435361701,0.022319085815598036,0.02243370919344734,0.02014848488252874,0.018450481247669466,0.022021437457881265,0.021770512788933556,0.02314254326619486,0.021900254382312384,0.022333016112943777,0.018576111111629483,0.020931903097232002,0.02313807458579116,0.02282479045405586,0.023593845715231074,0.022920249138881656,0.023222314164460425,0.020223949445825156,0.017118348052816767,0.021485141707837507,0.021956121281689674,0.023200317381552205,0.021426466203893345,0.02165680089417156,0.016253478550188206,0.021017917702122774,0.023206846137904552,0.022687616325354924,0.023511285601410636,0.0222978299185215,0.023176224382547787,0.019884802169950134,0.012263548346579917,0.0192411466542959,0.01726332791456022,0.020985096947631,0.01713736702021055,0.018998512517752794,0.012697686629613352,0.016553766841422485,0.006259748292517462,0.00848628469688813,0.004172116785844634,0.00947564403926547,0.00629286496399929,0.014405186209765043,0.007339202016871189,0.002297294243825292,0.003531787579083061,0.0013290186926685902,0.0029710280482089066,0.0028079814010366516,0.0062148611497225255,0.00859113315429532,0.003472544573329126,0.003751348733264722,0.0017996965194404767,0.003566797098195867,0.0029512128209930283,0.008373367771098863,0.004983296149794239,0.0018060530181825225,0.002251685735086636,0.0011577388965136495,0.002154962509728048,0.0016862259713885856,0.00599032867126642,0.010368845761786075,0.004235401379488904,0.0036435789233585096,0.001717515414860379,0.0042798021691663,0.003952161336362565,0.011794396589176113,0.004900006707298488,0.0017472910498819757,0.0024468098204444015,0.0012751769794000197,0.003001263614600297,0.0017517866323179512,0.006472750558202309,0.01758708200553421,0.00734925934680389,0.010240743369012451,0.004907630268012763,0.0104199171281869,0.007850645593834575,0.016813289643881048
vanilla_deficit,3,31000,28.58145092264749,28.714381499914452,0.5199878215789795,1.0277605056762695,8,0.2822,0.7178,0.0162,0.0063,0.0091,0.0029,0.0103,0.0068,0.0129,0.008,0.0029,0.0042,0.0018,0.0027,0.0018,0.0073,0.0078,0.0033,0.0028,0.0023,0.0044,0.003,0.0078,0.0055,0.0025,0.0028,0.0006,0.0026,0.0013,0.0061,0.0103,0.0047,0.0048,0.0025,0.0048,0.0041,0.0116,0.0047,0.0012,0.0024,0.0016,0.0032,0.0014,0.0063,0.0164,0.0061,0.0109,0.0049,0.009,0.0075,0.0178,0.0,0.0,0.013693186687254307,0.01992716754443763,0.01824772747902457,0.021691124052591722,0.017854392372644384,0.02036499057679682,0.014160680303708912,0.019187468109121752,0.022878825486296273,0.021882838997054926,0.023429307484988594,0.022284604355968324,0.022715356248305375,0.01973722238236889,0.017884490340323946,0.02205416898763883,0.02180835568952333,0.023246066273358984,0.022137956268013913,0.02196723806495786,0.01847173382236274,0.020567220414461414,0.022985752513371913,0.022773862861844074,0.023576442724053095,0.022823765032192092,0.022794970304012976,0.02036886694601287,0.016944631771755567,0.021595420359219616,0.02168460155554539,0.0232901783770841,0.021979738264557267,0.021495187831412167,0.01608460380784741,0.020846633759216845,0.023263630167180065,0.022296677664692482,0.023252861438371325,0.02180525753980081,0.02303651082930351,0.020130456439073588,0.0135838366404416,0.01965787347758175,0.017486813698202285,0.021112170313860396,0.016730441810165676,0.019148007131659123,0.013058684800338484,0.015321085432566862,0.00630913672105932,0.008794041886441815,0.0037421748194343823,0.009357724480349449,0.005720761653068141,0.014612064899114123,0.0073691887978954256,0.0020400978522915236,0.0034674310311659014,0.0012512104230000614,0.0028916671698144525,0.0022743631456766233,0.006620406760936591,0.009314591537935294,0.0032219006120907195,0.0035741719330360943,0.0015138106328636573,0.003101826327410315,0.003424605003029276,0.008355834282676713,0.005352824130333097,0.0019259248464768709,0.0022295807024073893,0.001079415636513836,0.0021190041565794975,0.0021993319461699468,0.00567614398695354,0.010661488642321571,0.003918388835410137,0.003751522111334326,0.0014505942439699058,0.003406691155980628,0.0040620305555413,0.011933044214171297,0.004991463590565284,0.0015667650821866573,0.0028743650936247363,0.001543135084624238,0.0036176743445608425,0.0019313088713576703,0.005978743979791069,0.015399668331331766,0.006734120476668111,0.009884495921072014,0.004610927168896128,0.010890316037822385,0.007503864728065305,0.016152255493329378
vanilla_deficit,3,32000,29.500860839849338,29.638740624999627,0.5504550933837891,0.983244776725769,7,0.28659999999999997,0.7133999999999999,0.0165,0.0067,0.0095,0.0028,0.0097,0.0074,0.0134,0.0079,0.0029,0.0044,0.0018,0.0033,0.0019,0.0076,0.0076,0.0034,0.0034,0.0018,0.0046,0.003,0.0085,0.0052,0.0028,0.0021,0.0008,0.0025,0.0013,0.0045,0.0112,0.0055,0.0036,0.0021,0.0047,0.0049,0.0114,0.006,0.0012,0.003,0.0016,0.0035,0.0017,0.0059,0.0184,0.0065,0.0104,0.0046,0.0096,0.0067,0.0168,0.0,0.0,0.013083387518627624,0.019856805916855458,0.018047006168825222,0.022097221760745224,0.017632406308772833,0.019497162061253744,0.014756880595396992,0.019603541567532082,0.02280085929432743,0.02206852151017709,0.02327308622694623,0.022246231684605933,0.02283413847296914,0.01998260665922447,0.018120831218748516,0.021857228789985646,0.021997337796947146,0.023272281352061705,0.02187194948316927,0.021988737712322223,0.018340416336900117,0.02084189709417791,0.022899061176082196,0.022750184651059036,0.023810905619925205,0.022926829482612807,0.023056704101692548,0.020731578786573307,0.01704366830657425,0.02162482130215639,0.02189519112087865,0.023238023382684832,0.021823567665698054,0.02141921287732651,0.015370437847310767,0.020647144003266886,0.023308627905127492,0.02234107009471582,0.023386353940205145,0.021689303195622185,0.023192900360511547,0.02015920565791717,0.012468810497546386,0.019577467163474284,0.016902597304104008,0.021292210693225178,0.01728289822393326,0.019021946484632603,0.014068742624571461,0.01613919770371994,0.006563000673371214,0.009103490852783324,0.0032915551419735946,0.00977255536476305,0.006997485022754328,0.013792988819492785,0.0068458596615763884,0.0022495805313589145,0.0034105873242921917,0.0015765037168366544,0.003079167584304718,0.002202146888754375,0.006305568740433902,0.008998266169475327,0.0036726856036012495,0.0034339222445914737,0.0015776509250663062,0.0036517038327804952,0.003407117659513575,0.008646223528714737,0.0050417381707677155,0.00210961094219331,0.002360870863174849,0.0008099363340592688,0.002070032082934583,0.0018849185520042077,0.005238040103627281,0.010533573310106037,0.003964879287385056,0.00361857694739309,0.0016264796624962479,0.003642538642852595,0.004257938098867857,0.012918470379057866,0.005436512104311038,0.0015258452772589856,0.002904929535089173,0.0014150604226015238,0.0038339091377987988,0.0016907946304240277,0.006053857786912625,0.016976107146560955,0.006883024159430123,0.010695582825286463,0.004399894976645065,0.010387905447504803,0.007909196626047383,0.014773809017075526
vanilla_deficit,3,33000,30.422567773028277,30.56636037491262,0.5026414394378662,1.0348953008651733,9,0.2816000000000001,0.7183999999999999,0.0167,0.0061,0.0092,0.0023,0.0071,0.0067,0.0134,0.0088,0.0021,0.0039,0.0014,0.0024,0.0024,0.007,0.0089,0.003,0.0032,0.0017,0.0042,0.0046,0.0102,0.0055,0.0029,0.0024,0.0003,0.0017,0.0021,0.0045,0.0103,0.0039,0.0029,0.0016,0.0035,0.0051,0.01,0.0054,0.0012,0.002,0.0013,0.0039,0.0018,0.008,0.0187,0.0058,0.0105,0.0041,0.0103,0.0078,0.0188,0.0,0.0,0.01325038422993608,0.019476859205123775,0.018036426792645714,0.022143042553955893,0.017464876366344015,0.02009151578853547,0.014486448469007231,0.01913423668706237,0.023063681292231308,0.02213390095676769,0.023674867361658226,0.022026342111615645,0.022786055715752852,0.01953759942527444,0.01791309736615301,0.02216737918990152,0.02169511876579718,0.023551367832252708,0.022305878766897658,0.02238114177133709,0.017754137144772267,0.021390241875884904,0.023104490386987406,0.023120648258210957,0.023700223012076256,0.022886899614219313,0.023319040088301844,0.020316240412061135,0.01626511428221606,0.021921645079739233,0.022110836749660398,0.023662643264051222,0.022289739648905085,0.021314586483781588,0.015107691723734003,0.020509953891625236,0.023627295447428774,0.022485493301892097,0.0234724114310069,0.022135845195625135,0.023066199025762495,0.019763745311805865,0.012637238300573908,0.019245352332430014,0.017027456916645152,0.021739995703752325,0.01697941078892546,0.019320274101033312,0.012404929578641723,0.016060032131767585,0.007270456450101341,0.009186648953113292,0.0033895630941966023,0.009993475568154171,0.006363716720262539,0.01427608505100372,0.007636930502543858,0.002050885017519281,0.003402467789173647,0.0011881069232981443,0.0035152402541359967,0.0024818564267091122,0.00706752528870981,0.009399808889022677,0.003316145890398117,0.003982810215825008,0.0013624444842271928,0.0031206335790602557,0.0030925138938754327,0.00962420437792583,0.004569438320314887,0.001993277040567896,0.00200953035358168,0.001152313732255821,0.002300438086343994,0.0016904089097720546,0.005968360205820736,0.011765239373490954,0.003702097853127107,0.003435026274466697,0.0012053630162696938,0.003143416293131431,0.004519986917798722,0.013360047275923454,0.0057339679347066415,0.0012943241042545105,0.002867081520286687,0.001473902936572637,0.0033606607130452883,0.0020473308701876294,0.006709224954672655,0.016808389353542032,0.007558199596390208,0.01080626928715562,0.00399758488612962,0.010717843389474532,0.007374311615254469,0.017214451926738903
vanilla_deficit,3,34000,31.343691534129903,31.492812999989837,0.5166653990745544,1.128380298614502,7,0.2821,0.7179,0.0188,0.0057,0.0084,0.0028,0.0099,0.0072,0.0135,0.0085,0.0026,0.0039,0.0012,0.0027,0.0019,0.0068,0.0083,0.0043,0.0026,0.0015,0.0051,0.003,0.0105,0.0044,0.0025,0.0023,0.0004,0.0019,0.0018,0.0045,0.0103,0.0053,0.0029,0.0014,0.0055,0.0042,0.0107,0.005,0.0012,0.0027,0.001,0.0047,0.0014,0.0082,0.0181,0.0061,0.0085,0.0039,0.0092,0.0074,0.0174,0.0,0.0,0.012398194491545401,0.01970347085362425,0.018191605666770486,0.022054605341725417,0.017386480228205,0.019653683716911306,0.01374514487347784,0.018736205278234885,0.023121304585966958,0.022479110024365433,0.023507404987212113,0.022032761280795662,0.022923543458574794,0.019693472239252136,0.017888753875470557,0.02209008936233831,0.021940304061482802,0.023411887015211085,0.022016653776129,0.02195788411004708,0.01798556036604561,0.020703894538285625,0.023337544308561504,0.023159090266637275,0.02391183032919157,0.02287637618216304,0.023264053226331877,0.0207594090171457,0.01607724761736829,0.02156439728739671,0.02201057190407161,0.02363857443017999,0.022143535501073168,0.021041233077098785,0.014762400502221076,0.02090704335278185,0.02349478708290354,0.02259693052229051,0.023618473966351812,0.02165671015151193,0.022801465657725742,0.019837543992585655,0.013251510284398908,0.019837870755696048,0.017132480760086694,0.021906584597739143,0.017844802244817548,0.019608122309679905,0.013337396540318326,0.017304544293834045,0.006804960853495235,0.009093733668302741,0.003566753167119618,0.010112195286658208,0.00691424932724441,0.015287450343932803,0.008247437599558195,0.0020621477997476404,0.0028898539320925233,0.0014394187427053025,0.003558502249201011,0.002262969705670827,0.006975314143557341,0.009442788525388036,0.003477639588375247,0.0036498529178438117,0.0015741491778575474,0.003581222278400681,0.0036250558294693104,0.00930624060327974,0.0055110262835083605,0.0016790113834452632,0.0019307251732111315,0.0008689669086682386,0.0023295003024032764,0.001821734851964365,0.005354596753613322,0.01199796239813845,0.004258203614519517,0.0035507384076540693,0.0012544010359898652,0.003441315002802731,0.004957077025771495,0.013852586405236834,0.005146354913182946,0.0014572166052707347,0.002762727738773855,0.0012827532317243318,0.004088931562412818,0.0024742259288650825,0.006733034912578553,0.015983734002384932,0.006693511505221194,0.010431405247338698,0.0037755400459764535,0.009465720875147483,0.006939452306230602,0.01594071433828449
vanilla_deficit,3,35000,32.25018804194406,32.40426304191351,0.5431791543960571,1.1713578701019287,7,0.2924,0.7076,0.0165,0.006,0.0099,0.0029,0.0086,0.0073,0.0145,0.0079,0.0025,0.0054,0.001,0.0029,0.0023,0.0082,0.0093,0.0031,0.0036,0.0011,0.0045,0.0039,0.0095,0.0044,0.0024,0.0033,0.0006,0.0016,0.0024,0.0054,0.0124,0.0058,0.0043,0.0017,0.004,0.006,0.0125,0.0061,0.0008,0.0027,0.0014,0.0038,0.0017,0.0054,0.0198,0.0065,0.01,0.0045,0.0089,0.0072,0.0159,0.0,0.0,0.012677276112494144,0.019912544047891383,0.01784830020850736,0.021843001687277534,0.017913749075751086,0.020239887921087912,0.014504947649541867,0.018569063423611296,0.023021792508008922,0.022026666109063932,0.02353102582620717,0.02197736962925286,0.023139454236942563,0.01908240694589894,0.01730062837451387,0.021702662547748615,0.021896962232362344,0.023673873031289885,0.022394220116704,0.022235507234676606,0.017829338642105078,0.020854306529374568,0.023283537307658746,0.023149097949282767,0.023976851701053778,0.02338801062364705,0.023241299970506238,0.02024313840545207,0.015468737986518287,0.020998073299575495,0.021964962804631664,0.023640946040998888,0.02216610435310281,0.02148649148554601,0.015507324074552138,0.021081096779830378,0.023498393626424405,0.022375080544373746,0.02377853544986892,0.021932415827974297,0.023447834440951616,0.020142319423652726,0.011937360789540368,0.020194139179994693,0.01734401429500495,0.022202373816082824,0.016357288891971786,0.01922801728689722,0.013791569554594166,0.016882455857575,0.006629893188470234,0.009493628548228154,0.0038371042534015797,0.009440655006684073,0.006169573009046415,0.014273270136247743,0.008597258503194977,0.0021794553815791314,0.0036569551676063996,0.0014633571387356896,0.003687214766749436,0.002053058642506915,0.007836317875530645,0.0103028426152254,0.004034453106328946,0.0037612234142317715,0.0013015438733463378,0.0030619653639592627,0.0032851518913816304,0.009598417837262261,0.005305560247035626,0.0018504449680356444,0.0020785598824429774,0.0008754867296295542,0.0017035316469121249,0.001870777801837275,0.006204064586331074,0.013035148503647712,0.005103391363262625,0.003704661593170655,0.0013087842350148033,0.00342181067930543,0.004338438945952701,0.012824637659253223,0.004986641405629015,0.0015873704576839318,0.0031279424699457,0.0011153021308306105,0.003750430068958277,0.001580343209113008,0.00630677657973464,0.01788388313639553,0.006194843678024967,0.010359019611164644,0.0033708075383468627,0.011668455679990766,0.0076706190105484085,0.01523738001719587
vanilla_deficit,3,36000,33.17536450258922,33.33512537495699,0.5110036134719849,1.110530138015747,9,0.3002,0.6998,0.0167,0.0057,0.0097,0.0024,0.0108,0.0068,0.0134,0.0084,0.0023,0.0053,0.0011,0.0034,0.0021,0.0087,0.009,0.0041,0.0039,0.0019,0.0056,0.0046,0.0095,0.0049,0.0018,0.0029,0.0003,0.0017,0.0017,0.0043,0.0124,0.0052,0.0033,0.0012,0.0045,0.0047,0.0126,0.0062,0.0012,0.0035,0.0013,0.0054,0.0017,0.0083,0.019,0.0064,0.0111,0.0044,0.0106,0.0067,0.0175,0.0,0.0,0.012931342139766874,0.019991292504829134,0.017652112816748014,0.022068304474326325,0.01769113051296174,0.02058298865283149,0.014214991260104158,0.019197341521878443,0.02319489982880335,0.022102338387584075,0.02358431161050907,0.02188422349277205,0.023049204921279393,0.019429872503652905,0.017715388540262705,0.021802484071706513,0.02177394813321629,0.02387065670551896,0.021975063934244737,0.022101130732531823,0.017660367331327937,0.021274021683295355,0.02318503403770225,0.02329906002376686,0.024100734678163496,0.023473452202999685,0.02316115342101023,0.020973714039455717,0.015869080802056346,0.021602386036983397,0.022120416044763745,0.023906994143456206,0.02237911116511327,0.021389451973137925,0.014871518892906003,0.02107506233464046,0.023710711239191475,0.021982759381820097,0.023569603869488098,0.021638360056571083,0.02310365247710079,0.019484812275352544,0.01318054151454993,0.019451244652438734,0.016211838805787224,0.02167292125915809,0.01671393723672385,0.019790358220583837,0.012334673454927333,0.016577745935725044,0.006606672861030721,0.009884512221784093,0.0036180781690000902,0.009751712610394925,0.005738479989640023,0.014818060082412533,0.007641093338269983,0.0020394056901979294,0.003531324719456904,0.0014546693062633459,0.003915089166919755,0.0022045021545462847,0.007354315455618494,0.009834907887776677,0.003951503760888957,0.003991490523280867,0.0010924829291614681,0.0037096715197902654,0.003572079479048868,0.009833882858010498,0.004731088601364989,0.002053230399159336,0.0018934483750695597,0.0007310173924818588,0.0016100140757548018,0.002086693764864421,0.005190965380972624,0.012343971981112567,0.0042318965915751966,0.0035450554090980637,0.0010025016028111307,0.003143489313398623,0.004608401258290932,0.013702770324066277,0.004970823317129903,0.0012775483778494781,0.0036988880639105574,0.0014752789296590856,0.004181487015102783,0.0021282060313892776,0.007238267101532345,0.016267611012585184,0.007324367149008692,0.011824610476479896,0.0041330571870002745,0.011316343850736604,0.006849175009176381,0.017491969210030926
vanilla_deficit,3,37000,34.09505338547751,34.259883916936815,0.5034382939338684,1.0195504426956177,10,0.2863,0.7137,0.0156,0.0064,0.0103,0.0028,0.0078,0.0073,0.014,0.0074,0.0015,0.0048,0.0009,0.0032,0.0021,0.0079,0.0097,0.0036,0.0037,0.0013,0.0048,0.0048,0.0103,0.0059,0.0017,0.0032,0.0004,0.0016,0.0019,0.0046,0.0121,0.0048,0.0022,0.0014,0.003,0.0048,0.0115,0.0054,0.0013,0.0041,0.0017,0.0058,0.0015,0.0082,0.0179,0.0042,0.0101,0.0034,0.0104,0.0069,0.0161,0.0,0.0,0.012068480120105621,0.020518756089729303,0.017466345830808715,0.022189432112932797,0.0173431679093524,0.02041466155778278,0.014471148736773536,0.01908423295246416,0.023117207397419508,0.021673893579229858,0.02362872143990743,0.022336485384633183,0.022978151560435173,0.019595245108013887,0.01701181506299457,0.022113054906560257,0.02181156202834921,0.023787033437356483,0.022151436907712495,0.021857219491774577,0.017306988343860494,0.021036258931268027,0.023279486685031305,0.023210123709557044,0.02407493505439709,0.023455526511917943,0.023240956698383775,0.020664915165633527,0.015124563312292385,0.021543227766163922,0.022297081172565972,0.023620945353339407,0.021960192934276063,0.02047153209590017,0.014608779051819721,0.021600023599363777,0.023638380937951956,0.02211912559013815,0.0237134563944566,0.02209053195233164,0.0229933926270963,0.019643288561795973,0.013462701181457482,0.019834286499858557,0.017575809784760338,0.02214337717132308,0.017081001353664152,0.018935915628200885,0.013655144316858282,0.017614315117875416,0.0056993029564046255,0.010003245867568112,0.0033826879370071395,0.0102550535304128,0.005846077762167647,0.014343704883163411,0.00776106396801153,0.0020354487765632976,0.004148667276274686,0.001275144028509461,0.0030972156826698104,0.002231519531500499,0.0070014668878485165,0.010761328368599585,0.0034903809101194156,0.003837365258428829,0.0010909843069284288,0.0033971992296151984,0.003772987570181644,0.010267004744566322,0.004930553914486374,0.0018066326180851632,0.0018653729234967857,0.0006850388347714199,0.001558413898862563,0.0018609604602925535,0.005493216531160254,0.013344255817325113,0.004371970475319981,0.0031918386954485345,0.0012861084237978165,0.0036668560168602836,0.005726826975331342,0.014110581634915992,0.004135637523505182,0.001261523995614921,0.0034036961578794798,0.0011556665087711297,0.0034440136035380543,0.002170966905583444,0.006894662418455997,0.01576563062014397,0.006625352544670545,0.009848900098593856,0.0033695010752819348,0.010624712191335262,0.007931131054868375,0.015533345497068151
vanilla_deficit,3,38000,34.99970938835759,35.170213541947305,0.5142359733581543,1.1740467548370361,8,0.29679999999999995,0.7032,0.0175,0.0063,0.0099,0.0026,0.0098,0.0076,0.014,0.0088,0.0024,0.006,0.0008,0.0034,0.0022,0.0086,0.0087,0.0038,0.0037,0.0009,0.0036,0.0036,0.0078,0.0052,0.0017,0.0033,0.0008,0.0015,0.0022,0.0059,0.0131,0.0049,0.0031,0.0011,0.003,0.0056,0.0145,0.0054,0.0012,0.0035,0.0014,0.005,0.0018,0.0062,0.0198,0.0074,0.011,0.0042,0.0107,0.0065,0.0148,0.0,0.0,0.01289558152897149,0.020504905020818885,0.016991281260122382,0.02228733757309985,0.017151225781136564,0.020515524867065205,0.013193923952603014,0.018565930494316644,0.023156919790195102,0.021442829701600795,0.023707738342197818,0.021819339911537214,0.02299550435231431,0.018887335188167362,0.017746726965292694,0.022218414762733108,0.02188453699938861,0.023621606989699548,0.022546003506332964,0.021668976419481463,0.017118917520407728,0.021340996269944554,0.02324865764523682,0.023408870149667,0.024091450708016465,0.023535521146165486,0.023173771125934904,0.02107517071084447,0.014979462012118585,0.021499895542899494,0.022712530705594487,0.024065125401150023,0.022619886301164037,0.02108971347760208,0.014426444099355859,0.021073275304314874,0.023679223306676538,0.021898008413988326,0.023676285071100946,0.021650105089130976,0.02351215648472181,0.020031764921378224,0.012924610059234854,0.019832649673221556,0.016962156208197673,0.021886099593185104,0.016761469054655743,0.019767640029528306,0.014156500567487976,0.016508146670165633,0.005799181053513733,0.010843222452571182,0.0032607659283847403,0.010697070939016583,0.005823352251983003,0.016128869122046238,0.008557101592024078,0.0020804877053479946,0.004444947042487589,0.0012690594896545779,0.003995123997335351,0.0023458892597416317,0.00814548579607589,0.009627675592253172,0.003357410486856782,0.003825578700694326,0.001428896614027865,0.002898060827184526,0.004127840853938663,0.010586124048052961,0.00474398934865941,0.001912789062269924,0.001688136778505456,0.0007310124776787084,0.001588669925075368,0.002056858519399664,0.00496048378048263,0.013742349409895577,0.0044039909970045804,0.00270361648727799,0.0008460512025429491,0.0028335238069801877,0.004940091703247641,0.014322486600958556,0.004963141546847684,0.001309043683611623,0.0038457513889026116,0.0013131637199011907,0.004154302505455747,0.0015823696902392183,0.006462624923004061,0.016545567446477318,0.006741827194947944,0.010844999520324746,0.0038233876091423435,0.011087343440664643,0.006872047154687724,0.014818192813572504
vanilla_deficit,3,39000,35.93139615340624,36.10757129197009,0.4904414713382721,1.1479761600494385,9,0.28400000000000003,0.7159999999999999,0.0177,0.0063,0.0106,0.0022,0.0071,0.0074,0.0132,0.0092,0.0021,0.0049,0.0008,0.0021,0.0022,0.0073,0.0097,0.0033,0.0039,0.0012,0.003,0.0046,0.0112,0.0046,0.0017,0.0031,0.0007,0.0009,0.0023,0.0045,0.0125,0.0044,0.0023,0.0013,0.0015,0.0059,0.0117,0.005,0.001,0.0034,0.0021,0.0047,0.0016,0.0067,0.0181,0.0045,0.0126,0.0032,0.0086,0.0078,0.0173,0.0,0.0,0.011733810916405615,0.020305395604751687,0.01719235350582702,0.022185816242323124,0.017147893651855865,0.020211058659664417,0.01449957203696869,0.019423529833259703,0.02350642868061424,0.02136559050301838,0.02376956749253744,0.02214962009868767,0.023324730495865975,0.019375867626964097,0.017595162504777547,0.021898997754509406,0.022073002415445207,0.02374841349839233,0.022429803584810087,0.021795136469597475,0.017095612887937046,0.020777965225225355,0.023397954713600046,0.023217833308067724,0.024207009029733995,0.023612798610093008,0.023091786041556497,0.02089157018717895,0.015822220233276924,0.021995429238427285,0.022439990220691104,0.02380672383283757,0.022348619643396912,0.020564170740639643,0.01532287562414002,0.0215390560333334,0.023752124512534247,0.02181524240614468,0.02381070216467578,0.021449156114532103,0.023418301081369185,0.019738273881482075,0.012530363269416015,0.02028730565006348,0.0166133581729191,0.022205054004018038,0.015841190617396556,0.019151836973971714,0.013523724005065548,0.01821526579315386,0.006078557126479425,0.010521951415791375,0.0034026711594872965,0.010506170331800287,0.006210841289735432,0.014297909425770104,0.0073151551059667886,0.0015899023199924306,0.004591896784915959,0.0011818529132907307,0.0034924897717345292,0.0018056264501119855,0.00742105202670107,0.009918049219860304,0.003804862937392455,0.0035608645658822915,0.0012115161423938065,0.003060539437752119,0.003950502624543216,0.010579481133872456,0.005454957964426061,0.0017029476495204854,0.00199458573794235,0.0005684496737864677,0.0014016823811578093,0.002171335760594876,0.005334717687344832,0.012482285940668079,0.0036696417030201655,0.0031634427079345567,0.0011297503634179146,0.0032134422762295995,0.005754751692917131,0.013221555382232329,0.004309591910358948,0.001206312365653522,0.003922309036228847,0.0011241717399222615,0.004435654244944947,0.0016744169160612932,0.00683474215710089,0.017059236219330292,0.006103923800342507,0.011333848738436302,0.0034538199710345587,0.012299434682936136,0.00793051194208937,0.01562723171124209
vanilla_deficit,3,40000,36.83158776210621,37.0135216669878,0.5417466759681702,1.2435708045959473,10,0.3067,0.6933,0.0186,0.0068,0.0111,0.003,0.0125,0.0066,0.013,0.0087,0.0019,0.0061,0.0013,0.0045,0.002,0.0084,0.01,0.0043,0.004,0.0015,0.0043,0.0045,0.0096,0.0055,0.0013,0.0025,0.0006,0.0014,0.0025,0.0051,0.0151,0.0058,0.003,0.0017,0.0038,0.0058,0.0139,0.0045,0.001,0.0039,0.001,0.0048,0.0016,0.0057,0.0175,0.0052,0.0127,0.0031,0.0093,0.0078,0.0179,0.0,0.0,0.012441254753090077,0.020128609588088583,0.016283174205164584,0.022131329560748845,0.016152014262872407,0.020731842563465858,0.014185174669059922,0.019371242671381468,0.023355632916726966,0.021755465834128105,0.023755730042853647,0.02199287028306276,0.02367836457541861,0.01976735264454895,0.016935139342569513,0.021931884212312208,0.02201088844720101,0.023737861118200282,0.022235333326271513,0.021647706009241263,0.017678895716695668,0.02113570296280731,0.02345442484814568,0.02330937687854734,0.02437863689531827,0.023707174101432117,0.023287374992931077,0.020884947234508826,0.014805786993672129,0.02116383264528999,0.023106422808166667,0.024130346589471455,0.02262162704908758,0.020448545754495798,0.014263134162418131,0.02165387874137808,0.023484876061423975,0.02210146318018549,0.023821869408110662,0.021721761078032323,0.023708008087228526,0.020037266807104045,0.012430378966580426,0.02052918011534756,0.017287208648540473,0.022001916732652088,0.01638652661922935,0.019354972839072712,0.012875592055719651,0.017245536236235724,0.006464378363213144,0.011896467398688517,0.0037150724110047275,0.012079080170455697,0.005702627683719358,0.014856555203814646,0.007557915800359398,0.0018932986980816906,0.0041602589932258835,0.0013362471783782235,0.0037906604797741405,0.0014439624014903466,0.006967353056759096,0.010871554881763237,0.004070883320723653,0.0038436989568774445,0.0013611259165235954,0.0035702689324090325,0.004349354498454695,0.009875092276879245,0.005023149093605471,0.0017557516077938906,0.001957700551233875,0.0005080422421975977,0.0014429136654934209,0.0020273960726142877,0.005411336469545701,0.013953419917492079,0.0049449218974541905,0.0022402716219887407,0.000853734533313462,0.002993373263173851,0.006136121704614483,0.014708950423916458,0.004262635260723415,0.0017524171658370546,0.003678530095794099,0.0012441619532597137,0.0042071858126863345,0.0014417525148003412,0.006630616570406968,0.01722161599297179,0.005906667731501732,0.0103813720508324,0.0038171276918738217,0.011674445790689462,0.007541505637057368,0.01664081243620247
vanilla_deficit,3,41000,37.726119852624834,37.91343399998732,0.48402753472328186,1.1566643714904785,9,0.30369999999999997,0.6962999999999999,0.0182,0.0063,0.0122,0.0021,0.0095,0.0071,0.0138,0.0094,0.0016,0.0056,0.0011,0.0038,0.002,0.0082,0.0097,0.0041,0.0045,0.0012,0.0035,0.0049,0.0115,0.0048,0.0013,0.0029,0.0004,0.0014,0.002,0.0053,0.0141,0.0047,0.0022,0.0012,0.0017,0.0055,0.0141,0.0047,0.0012,0.0043,0.0017,0.0055,0.0018,0.0082,0.0167,0.0042,0.0134,0.0032,0.0093,0.0077,0.0199,0.0,0.0,0.012360220725932104,0.019998192744712495,0.015208323656927054,0.022764949664510092,0.016696032237247894,0.020689559136365894,0.015005530991872112,0.019363803904809122,0.02346566423770356,0.021175669893256137,0.023913176956924916,0.021933858324658877,0.023426561752909004,0.01969945495299176,0.01731181720479663,0.02224049180512528,0.021594063690309133,0.023889840593041427,0.022881162417136315,0.02082209098323111,0.016498231830868865,0.021099984523614917,0.02387112206489027,0.023687348141920687,0.024446420218429424,0.02397677508777726,0.023229647067000106,0.020756393000503984,0.014579001515189672,0.02153651438296405,0.023095642551735587,0.02423616294333099,0.023145926825527366,0.020747447821936636,0.014052749042856768,0.021536913412703522,0.023923835804527026,0.021649042403575902,0.024207071111302922,0.021504129607378034,0.023435171886389397,0.01969011579909663,0.013328426413127457,0.020757893578639414,0.016315153881327062,0.022203001111634667,0.01634581620937883,0.019416427383025694,0.01228716850488587,0.017299423043123034,0.006694058180755371,0.01335938285260614,0.00286655133654694,0.011418487572503366,0.005698565581322331,0.01360086191659357,0.007571666043320052,0.0018581265461543347,0.005104209296202109,0.0012390414420623648,0.003977213183012326,0.0019512830748367152,0.007107329377170584,0.010527553641013146,0.0036311441612135262,0.00444728204930582,0.0012713247597054358,0.002666721151146624,0.005515222206513201,0.011574935390367986,0.005169849261473043,0.001375344804586107,0.0016295760104141081,0.0005013574704665406,0.0011510603551174313,0.0022236930949033167,0.005645170709811664,0.014308106490121413,0.004526895247764505,0.0024090737460402793,0.0008312880094060626,0.00233951093019733,0.00581379539005343,0.014957994466332981,0.004526343233582135,0.00122429608736332,0.004449349987766161,0.0008324708903432936,0.00464982105744774,0.001939371892979744,0.007120249079366665,0.01588189093156051,0.00564309482340381,0.011789141292763868,0.0036048834521827293,0.011785785801635798,0.007459804692940846,0.01743954533411456
vanilla_deficit,3,42000,38.62975414306857,38.82279137498699,0.5075811147689819,1.1580134630203247,11,0.3175,0.6824999999999999,0.0182,0.0063,0.013,0.0026,0.0121,0.0067,0.0147,0.0093,0.0018,0.0061,0.0014,0.004,0.0017,0.0082,0.0108,0.0045,0.0036,0.0015,0.0047,0.0044,0.0097,0.005,0.0014,0.0027,0.0006,0.0015,0.0018,0.0058,0.016,0.006,0.0026,0.001,0.0041,0.0054,0.014,0.0054,0.0008,0.0044,0.001,0.0051,0.0015,0.0068,0.0188,0.0062,0.0129,0.0033,0.0124,0.0068,0.0189,0.0,0.0,0.011723669349875428,0.020316099498323026,0.015849904565680025,0.022565800404083656,0.01696677181616171,0.020164422163988022,0.012822550129886706,0.019400344165303295,0.023643615537344634,0.021418409232881724,0.024229426324951432,0.022045813549539786,0.02362532274755287,0.019821845941892426,0.016783747843382116,0.021825611880219892,0.022170395504494275,0.024128546086297463,0.022558125445006905,0.021510562015646644,0.01737243246432149,0.0214337265683624,0.023606084551375174,0.023450322699752085,0.024574069410915764,0.02391433017791937,0.023280366157638913,0.020880496595173742,0.014339899746954666,0.02173390297586586,0.023160278233794317,0.0242966518221666,0.022781247798765315,0.020712989622236402,0.014073242220495002,0.02173880400578295,0.02401499847817737,0.021579558989131144,0.023955777975184205,0.021728625135687435,0.023763168761185713,0.019803678992602096,0.012915241385338954,0.020318129414898495,0.015916792120671517,0.022549580571937497,0.016654658540463003,0.019669437502101476,0.012210522878588953,0.01824145241403022,0.00648123635423882,0.012515866007532878,0.0032849468697515338,0.011104428898563223,0.006610707830711213,0.01673744537834666,0.007695542271340705,0.0018878967888168346,0.004894411205473143,0.0010079891367161076,0.003996638166862868,0.0018738711126921274,0.007118644714231126,0.01127680363226176,0.004298021962039437,0.003826126369605989,0.0011460610654065418,0.0032954513691112347,0.004768284298753713,0.010432025145781006,0.004912509301736258,0.001900201887541806,0.0020743262272732493,0.000536285895091724,0.0014392523189224098,0.002306940938303174,0.005630637014871324,0.014777879384088123,0.004462603844935439,0.002471301882318455,0.0009159795005225427,0.0031072576157713788,0.0058598990698698955,0.014947533496671148,0.0044949584439406476,0.001340532964318689,0.004673850093106316,0.0013825238913861121,0.0045088899754747655,0.0016852051735694138,0.007104446803772205,0.01661058147929376,0.006478458064849391,0.012502443903300294,0.003346208995142356,0.011609734509162566,0.007249116834057716,0.017692297262623585
vanilla_deficit,3,43000,39.497933406499214,39.696499084006064,0.4809350371360779,1.1186118125915527,11,0.3097000000000001,0.6902999999999999,0.0184,0.0063,0.0122,0.0028,0.0123,0.0069,0.0133,0.0092,0.0021,0.0058,0.0012,0.0046,0.0017,0.0081,0.0103,0.0041,0.0038,0.0016,0.0038,0.004,0.0098,0.0051,0.0016,0.0024,0.0005,0.0011,0.0023,0.005,0.014,0.0047,0.0018,0.0006,0.0026,0.0054,0.0128,0.0055,0.0013,0.006,0.0013,0.0071,0.0016,0.0075,0.0186,0.0058,0.0119,0.0032,0.013,0.0068,0.0179,0.0,0.0,0.012664303297757959,0.020340374552852265,0.014834256345966686,0.022576096552795844,0.016258194320365814,0.020615418195163764,0.01420991516527291,0.01922314224156155,0.023516366841688043,0.021667198309382046,0.024057691067189434,0.021784416357708794,0.02366874274673624,0.019460660936719474,0.017530445295406583,0.021795934477993714,0.022025885980552454,0.024243595461954315,0.022902064085077604,0.0214196092627498,0.01671973917147098,0.0213021669816719,0.02360836613386666,0.023807730131571038,0.024501208678211123,0.023861445161362967,0.023375713369963136,0.02100480733599846,0.014048215932279926,0.021641600564485025,0.0233960971515031,0.024421701082317906,0.02329598621285305,0.020230522628739193,0.014704052168066075,0.021515886376931144,0.023796084338972123,0.02150086814511782,0.02391238401629195,0.02095260848686851,0.02321575509005392,0.02020240079991996,0.01386631712787703,0.020181605186913774,0.015280564518584928,0.022745164023292012,0.01610776705597756,0.019430026788147148,0.01257890384579631,0.016905914707694925,0.0062935123449788565,0.013927973712328137,0.0032253131489771796,0.012012891042079817,0.00591605545086286,0.014941040037740567,0.007904874160350255,0.0019349306486143806,0.004472642136999805,0.0011920428685140315,0.004428965128066187,0.0017648796589360162,0.007539852230001892,0.010188788939903898,0.004295970704218532,0.003980396131311919,0.0009369164643523428,0.0028170332153048374,0.0048514841417124045,0.011379488704438858,0.00505171887707481,0.0018086751685939366,0.0015350774415582396,0.0005833802630632331,0.0014613614736405114,0.0021670193248885714,0.005381676199385728,0.015162948422001079,0.00474214627215815,0.0020999830865910778,0.000692492729551353,0.002237370606812644,0.0065223929332190135,0.014067597271668609,0.004797482980976851,0.001551059576854887,0.004857155792444988,0.0013914553968821773,0.00553143643262885,0.002386538507427217,0.006521923501845376,0.01529539024328374,0.0065113999181809195,0.013237356472044761,0.003071417943844577,0.012336517809423617,0.007699080587506617,0.01706217537895876
vanilla_deficit,3,44000,40.43110272381455,40.636642541969195,0.508663535118103,0.965383768081665,11,0.31220000000000003,0.6878,0.0173,0.0055,0.0134,0.0027,0.0103,0.0074,0.0155,0.0091,0.0021,0.007,0.0013,0.0044,0.0017,0.0088,0.0096,0.0039,0.0046,0.0008,0.0027,0.006,0.0115,0.0055,0.0016,0.0025,0.0006,0.0013,0.0026,0.0052,0.0132,0.0055,0.0029,0.0008,0.0027,0.0063,0.0148,0.0047,0.001,0.0044,0.0017,0.0062,0.0018,0.008,0.0167,0.0053,0.0127,0.0025,0.0101,0.0078,0.0182,0.0,0.0,0.012975087860989191,0.020529036481876504,0.014988064285789172,0.022429447868530752,0.016632911864064508,0.020537033699120598,0.014080455096483088,0.01943383049017674,0.023634523203836924,0.021308001284203723,0.024113901553923508,0.022046315817808554,0.023545766016196186,0.019310122409369808,0.016580508701397517,0.021827423307740422,0.022004381017457122,0.0241799025081689,0.022512435309177965,0.021428169104276085,0.016924256006370847,0.021499732618335633,0.02376553587838218,0.023542190943680333,0.024560304186161924,0.02394507794935133,0.023131572205954607,0.02124316033644188,0.014612812458380666,0.02174742634044305,0.02348811847005526,0.024490001381251136,0.023419066421001476,0.0204053111157032,0.014263369728555096,0.021905321829850354,0.02401292227811377,0.020649906853275155,0.023939950098546225,0.021455154765224804,0.02342914254010349,0.01960259552017815,0.013283089807275305,0.020319726722015354,0.015443615098793422,0.02263985453690088,0.0162409343092976,0.01933038032594664,0.012612151393822926,0.016636661709624093,0.006038339049731844,0.013757689167886084,0.003430992199491515,0.01154003599965803,0.006066429441619624,0.014924795583360097,0.007619076543466743,0.0017776399822410297,0.005086794043676052,0.0011199373185182175,0.003956645830432631,0.001938476522986333,0.0077888028864608674,0.011768182654288669,0.004256964330245522,0.004014179988762555,0.001029384619574677,0.0033171341982710747,0.004843799905674552,0.011335627030341973,0.00478467792610048,0.0015978918041802113,0.0019043189894209936,0.0005074770347714572,0.0013906242429553098,0.002467684100773918,0.005136692724450228,0.014311593705305695,0.004366719429681544,0.0020175684232507513,0.0006429943330506475,0.0020732446960593067,0.006403401608088815,0.014869150899486632,0.004189150778203287,0.0012584799512192324,0.005950631017806856,0.0013976596068449817,0.004767713328377178,0.0022156703538206844,0.007387532482799123,0.016175023387275,0.00636457260486814,0.013093615164717718,0.0031423161960235165,0.012038763080358093,0.007682884212233304,0.01693929468666594
vanilla_deficit,3,45000,41.399725479772314,41.611969458987005,0.48303163051605225,1.2368316650390625,12,0.3284,0.6716,0.0185,0.006,0.0136,0.0023,0.012,0.0073,0.0161,0.0098,0.0016,0.0065,0.0014,0.0053,0.0014,0.0083,0.0118,0.0041,0.0033,0.0013,0.0036,0.0053,0.011,0.0044,0.002,0.0019,0.0005,0.0013,0.0019,0.0051,0.0166,0.0047,0.0014,0.0005,0.0027,0.0065,0.0145,0.0052,0.0011,0.0066,0.0019,0.0055,0.0013,0.0085,0.019,0.0064,0.0154,0.0032,0.0113,0.0088,0.0197,0.0,0.0,0.011703279053273273,0.020892057834078243,0.01494374205831044,0.022985763116292753,0.015779734000048985,0.020123441509225612,0.0124169553313004,0.019598328688603985,0.023742938075375062,0.021792375374041283,0.024115084958432592,0.022298791376653866,0.023696230008428108,0.019969461158354688,0.01670765250737283,0.02227564124003038,0.022625816429511142,0.024509470108982027,0.0230911895321215,0.021766147717305943,0.01660814159168338,0.021704098132529194,0.023905772511808938,0.023989211135246838,0.024750827054621567,0.02429675059202218,0.023823211091639623,0.021288578353207903,0.01404064756491905,0.021774634694372443,0.023763157087333633,0.024706939220983343,0.023473983900813192,0.02027177155283235,0.013550183629581823,0.021594018028572567,0.024449892214442832,0.020812861225226364,0.024275105462387855,0.02117178599788113,0.023743938771927826,0.01978139328151861,0.01336350147388167,0.0200834860625152,0.014141212485338747,0.022640525741609702,0.015341454205217679,0.019711084306925065,0.011907732551216077,0.018491276649118395,0.005843540205591535,0.013918337972075999,0.002936974011790879,0.012828037105710647,0.006920946589952095,0.017253715210110515,0.007552210225428104,0.001914086567519099,0.004549152707156553,0.0014113436155258228,0.00394314709185129,0.0019771857160753976,0.0070508376708871105,0.011574487738997111,0.0039353587165450645,0.003540422899730037,0.0008785584066842825,0.002794550710871759,0.004623646834213747,0.011708919636150839,0.004746533740223344,0.0016941092709572135,0.0016204523535250862,0.0005525029999105459,0.001165926762491379,0.0018056436515642977,0.005268807771517857,0.01521647692948504,0.004612181555050709,0.0018867721757528022,0.0006117922215710666,0.0023164862922171376,0.006681501156795525,0.015800932480131646,0.004817118830078715,0.000959043741743638,0.005872403974635973,0.0012342302339036072,0.005426585617202921,0.001990859700388429,0.007304903481673603,0.01617031378401379,0.006857735947321871,0.01504155864979025,0.0034814892055245014,0.013341995736889238,0.007360823213281636,0.018097887574469642
vanilla_deficit,3,46000,42.30598592478782,42.52406554191839,0.44153812527656555,1.214926838874817,12,0.31509999999999994,0.6849,0.0168,0.0051,0.0136,0.0019,0.0094,0.0054,0.0136,0.0102,0.0019,0.0065,0.0015,0.0047,0.0018,0.0077,0.0121,0.0049,0.004,0.0011,0.0036,0.0067,0.0115,0.0052,0.0016,0.002,0.0003,0.0012,0.0028,0.0032,0.0175,0.0058,0.0019,0.0009,0.0034,0.0068,0.0133,0.0054,0.0007,0.0055,0.0017,0.0059,0.002,0.0074,0.0203,0.0069,0.0116,0.0023,0.0119,0.0069,0.0167,0.0,0.0,0.011623428643888748,0.021032571992975986,0.015597267899992795,0.02309142808733914,0.01674866547477754,0.02070310646242371,0.012825596967830222,0.01863574058094334,0.023810348387005867,0.02178953629822032,0.024198133461067677,0.022006365360039894,0.023663245359856772,0.019881505313646353,0.0158038466031982,0.021699496844723793,0.022523257025157693,0.024367852147527576,0.023323657280898996,0.020940347287575177,0.01570197433989242,0.02128873645376224,0.023893088398588593,0.024165847733332163,0.02471652128322026,0.024386000600286544,0.023625677267349605,0.0217353173657361,0.012870032456275115,0.021413318029283396,0.023572160342949885,0.024811971474956805,0.023338628377966263,0.020031346438120008,0.014181351164717942,0.021896589464353314,0.02439820717850983,0.021178633830569518,0.02416022508873003,0.02112262947876338,0.023985407183242654,0.019516750657179175,0.012331681192222648,0.02015296581702028,0.015841585346391945,0.023233304328452546,0.015927462842431003,0.019832210300787547,0.012424978085818954,0.01836339107242254,0.00560410545309537,0.013108344342099315,0.0028207374121114537,0.011395519688389217,0.006088572481782782,0.016699116930917836,0.008961569905983421,0.0018097663889342181,0.004697952729778606,0.0012855196555810096,0.004287633969814653,0.0020476975061337215,0.007199295269161434,0.01267282054437054,0.004663427088259043,0.003627910505473198,0.0010560769232095739,0.0024677242104049727,0.005728784054142118,0.01284960418123111,0.005218734157963732,0.0016979101477037012,0.001329166738543709,0.0005847110361903122,0.0010315420256317802,0.002059423319280749,0.004654063817429297,0.016756232083578144,0.005050312296547398,0.0021317728620359497,0.0004556718994033091,0.002447484780738384,0.006957662517541165,0.014944397511446966,0.0043969775291604046,0.0010150399496443065,0.005406644420302318,0.0013367679931113514,0.005482356716756645,0.0015731043608922266,0.0076533446755207004,0.017562154284795566,0.006793245250437298,0.012738989028519965,0.0026289348881899707,0.012544766221310778,0.007226874708705795,0.017318838692273703
vanilla_deficit,3,47000,43.18244351830799,43.406113541917875,0.48078879714012146,1.1121889352798462,13,0.32810000000000006,0.6718999999999999,0.0185,0.0059,0.0142,0.0021,0.013,0.0058,0.015,0.0104,0.0016,0.0061,0.0017,0.0054,0.0013,0.0085,0.0126,0.0059,0.0029,0.0013,0.0044,0.0049,0.012,0.0053,0.0015,0.0013,0.0006,0.0011,0.0018,0.0052,0.0165,0.0051,0.0013,0.0008,0.003,0.0064,0.013,0.0057,0.0011,0.0071,0.0014,0.0053,0.0015,0.0079,0.0199,0.0068,0.0154,0.0027,0.0118,0.0073,0.0178,0.0,0.0,0.012582979553179115,0.021435423800801236,0.015142734795333328,0.02273441620769735,0.015687783395728426,0.02088665892708206,0.0137021488847635,0.018857544281595216,0.023914237790858307,0.021324554856875264,0.024262778750003974,0.022043427604926308,0.023662980682924085,0.019863550869885435,0.015851077556755223,0.02221876565601274,0.022070752955358906,0.024431886228172342,0.023079315972858817,0.021039404308582747,0.01557159421314128,0.02108462462795149,0.0237900599448299,0.023826749612581223,0.02480704053884823,0.024170146552080735,0.023288859201916798,0.02144729573728636,0.013345698631173618,0.02139920211773355,0.023968758742359535,0.024662251500701757,0.023181907495408785,0.019766415364757487,0.013346713620359246,0.022110739984988494,0.024243085637704272,0.021089158487289945,0.02421742166023718,0.02139270185921427,0.02376083198955073,0.01967705120118424,0.012547227572727901,0.01982187793465838,0.015546916163871653,0.02305068964778654,0.01612926978942058,0.0201644999303503,0.013798787160491082,0.017178879532830888,0.0050383297032381815,0.013635398134727847,0.003279774207699317,0.012858457409672742,0.005781238960686002,0.015702828189171847,0.008528222462633957,0.0016825502995313942,0.005188422336259402,0.001171638529380101,0.00421522371325976,0.0019836357215709875,0.007283494061513875,0.012715517342056799,0.003977853816655139,0.004139168583498672,0.0009427034844245378,0.0028519168287109336,0.005613517164927068,0.013172002498139823,0.005474173607594669,0.0018115978149542127,0.0017619279196483956,0.00043482547743096646,0.0013361050424112442,0.002490115499999071,0.004983195162294938,0.016185384937778644,0.005087366048237726,0.0015696781926580253,0.000630838600659812,0.0026739675385971723,0.00729780708103027,0.01598869836137849,0.004124097271528658,0.0011982987551636005,0.0055070982401111395,0.0012330422443268567,0.005174290996013267,0.0018511661612406769,0.00737972438054386,0.017149155001813698,0.007339910225973126,0.013166348753211748,0.0028125456974831316,0.012299842571674977,0.006797948955477743,0.015415750810999397
vanilla_deficit,3,48000,44.09092835627962,44.32055183395278,0.4813072383403778,1.2138218879699707,13,0.32810000000000006,0.6718999999999999,0.018,0.0065,0.0123,0.0021,0.0135,0.006,0.0158,0.0101,0.0021,0.0059,0.0014,0.0043,0.0013,0.0083,0.0119,0.0053,0.004,0.001,0.0037,0.0055,0.0113,0.0055,0.0014,0.0019,0.0006,0.0012,0.0024,0.0052,0.0162,0.0052,0.0015,0.0005,0.0027,0.0076,0.0162,0.0052,0.0006,0.0071,0.0018,0.0058,0.0018,0.0075,0.0187,0.0072,0.0137,0.0032,0.0125,0.0071,0.0175,0.0,0.0,0.01227832950137454,0.02119948388318952,0.013803189061362233,0.022847566059085615,0.015573805613228034,0.020666577423367756,0.011993594343273968,0.019948578183358833,0.023760815736427653,0.021484710644913682,0.024560202972890983,0.02192626737007706,0.0238124828775148,0.01934836461383638,0.015110927134215569,0.021944300687877102,0.0225272146117255,0.024606775818185378,0.02369395447588076,0.02120525922183676,0.01553284570737752,0.0219578493598074,0.024217503124406764,0.02429701061243692,0.025068638582439767,0.024591627094328855,0.023626637965412582,0.0214191946800784,0.013325663388973058,0.02186121480609712,0.02419220545688433,0.024757435610467303,0.02350548137522701,0.020200630548779408,0.014592581801367546,0.022163865965195397,0.024603101014994754,0.020048567825284212,0.024349155853797648,0.021571063789705684,0.023986801691721578,0.020211273321345584,0.012510914102580916,0.020177399931730594,0.014072148298403347,0.02303530945901708,0.015063501572040937,0.01975320306731218,0.013014773759163989,0.017508578735732853,0.00554039096615474,0.015508640459478355,0.0033366202556176583,0.013180082610406624,0.00637016650623391,0.01792838135346455,0.0071740055833815425,0.0021545100982290513,0.005119930989413458,0.0010465287033704213,0.0045294933327313025,0.002007297200859412,0.00805471986195395,0.013799031137066703,0.004622567170097981,0.0037259230077244113,0.0009451902599331002,0.002165790159346659,0.00549360584021996,0.013195790583711842,0.004604450254082898,0.0014657151302993141,0.0013984623773635979,0.0003275999194525987,0.0010435717219137437,0.002255803968290794,0.005207537157654478,0.016264362315187048,0.0047336673539382194,0.001538604984023668,0.0007437320788166226,0.002456873769106564,0.006876030508095927,0.01453121093375306,0.004211782946414034,0.0009501041069226071,0.007079364650715974,0.0012896726772971493,0.005043524410238501,0.0017742028183929724,0.006861799281763119,0.01735382292585455,0.006907093858084558,0.01510993297478739,0.003046512381839098,0.013745259810349676,0.00751338088061098,0.01668007548192306
vanilla_deficit,3,49000,45.029627164592966,45.2652119169943,0.4764602780342102,1.20451819896698,11,0.3285,0.6716836734693876,0.0169,0.006,0.0159,0.0022,0.0095,0.0072,0.0171,0.0076,0.0011,0.0069,0.001,0.0041,0.0016,0.0076,0.0117,0.0044,0.0055,0.0004,0.0033,0.0065,0.0126,0.0058,0.0014,0.0021,0.0005,0.001,0.0029,0.0044,0.0159,0.0039,0.0016,0.0005,0.0014,0.0069,0.0141,0.0045,0.0009,0.0085,0.0023,0.0058,0.0023,0.0088,0.0205,0.0064,0.0159,0.0027,0.0107,0.0072,0.0205,0.0,0.0,0.011584187377544321,0.020764801023409198,0.01374520024296415,0.023087812446831155,0.016308067209505898,0.020764816051153788,0.012627711749740849,0.019151759750957058,0.0243035441235746,0.021129043355810853,0.024443943502423557,0.02169845271887185,0.023933107622435775,0.019993669859390856,0.01585031530387139,0.022049325365682777,0.02232865231081846,0.02457728879127479,0.02352311196772753,0.021103330411217612,0.014824285814379601,0.021692640499139465,0.02443294430922666,0.024160851935765063,0.024985559946238377,0.024693062107251383,0.023666418242142086,0.0216473904016354,0.01316906749760861,0.022199718660902923,0.024303291739952854,0.02518873613183895,0.024092841529432953,0.020178249198770672,0.013942057754864408,0.022483158761457442,0.02454372147347037,0.019500411666126663,0.02449313260273397,0.02128583519704818,0.02406460288244488,0.019471258704833384,0.012209682730819403,0.020624917755721832,0.014526248610208941,0.02352483958415584,0.01574336062713462,0.020151362984878483,0.011232209464610109,0.018571784279276443,0.006258074590889707,0.015670992943834137,0.003220881099152707,0.012159919911306202,0.006336179690346444,0.017228955984368348,0.008433212630281772,0.0015328191796788585,0.0058147879099096685,0.001346894811823607,0.005099808071931302,0.002023371010245301,0.007318310228399357,0.01300047447126845,0.004517976243795054,0.00418713906101112,0.0012093743472877461,0.0026444341881060283,0.005770713366602489,0.014124822606645233,0.005107504924213978,0.0013614605318347382,0.0017608423078089301,0.0006687198442375589,0.001056061129209971,0.0023765353536442553,0.005128365023892162,0.016433938744300797,0.004396942397276538,0.0015331533995715304,0.00036060057076231885,0.0018118428259543344,0.0069957553934906725,0.015371241196077644,0.003982533354061974,0.0012147634851407683,0.008010571613778546,0.0013208184739201907,0.005529030766477811,0.001849237952865783,0.00793199002460236,0.017665344872848918,0.006482377996736453,0.014597624415311105,0.0025640213860162807,0.013024922075529412,0.00703135955615085,0.01915507975993715
vanilla_deficit,3,50000,45.924715725006536,46.16621395898983,0.47391173243522644,1.2527265548706055,12,0.3446,0.6554,0.018,0.007,0.0164,0.0027,0.0125,0.0059,0.0173,0.0094,0.0018,0.0075,0.0017,0.0052,0.0018,0.0077,0.0141,0.0053,0.0037,0.0005,0.0038,0.0056,0.0136,0.006,0.0016,0.0012,0.0007,0.0013,0.0021,0.0057,0.0169,0.0045,0.0017,0.0004,0.0027,0.0076,0.0157,0.0048,0.001,0.0086,0.0016,0.0057,0.0017,0.0086,0.0199,0.0069,0.0152,0.0025,0.0119,0.0079,0.0187,0.0,0.0,0.013067550542595492,0.021446476978768444,0.012864949964519479,0.023162188625312247,0.01519441285919103,0.020358704568100988,0.01178555227853736,0.01978725032523338,0.024222889904606127,0.020834925070714425,0.024599562770616024,0.02229783178226411,0.0240082943822758,0.019505404551894,0.015706779060449316,0.02234648108153972,0.023373958768784137,0.024827855559158597,0.024048361235763874,0.021148807996951405,0.01521216231837157,0.021321340283682755,0.0240865780111331,0.02427319218451839,0.025185662297799977,0.02456184364165792,0.023537472120522856,0.02111274143578873,0.01285864523265765,0.02152716529204627,0.02437941170304134,0.025016344620735993,0.023344017840861486,0.020141514319282253,0.01317274280772007,0.021984616629004427,0.024747560577291612,0.020436667622794183,0.024344823444580287,0.02150890770193973,0.024154447132465496,0.01999940191023436,0.012573265464781236,0.020127912313536604,0.01400005478872196,0.023117134801742385,0.016329494055347782,0.020035689980256954,0.012320951160206654,0.01678623454347674,0.00525146638249238,0.016704134947080958,0.003008597377579273,0.013644964256448256,0.00673728838842546,0.018374130898267414,0.007497334193932888,0.0015587805288527947,0.006064842901028803,0.001096860429751489,0.004158209619013932,0.0018441969531134271,0.007872194824508731,0.013080694252176377,0.00409350505812074,0.002726938764861957,0.0007541638618886436,0.0018299697202720422,0.005686434703270618,0.013582294613499243,0.005456963240801928,0.001779140629085947,0.0014918774699780842,0.00027827359721581646,0.0011079651410546027,0.0025094626699959217,0.005851591465679474,0.016946895369126976,0.005261336779109725,0.0013506033425671688,0.0005034695632217173,0.002727698310046915,0.007026155851870013,0.016333826684050305,0.0045357296650841055,0.0008609578264675932,0.006672658434578658,0.0013966064322129986,0.005207494746560477,0.00168887331261051,0.007215168256197252,0.01713114378456041,0.007044246797107533,0.015233484865165247,0.003029457382405754,0.012174345600315582,0.007245029382484055,0.017505789458987668
vanilla_deficit,3,51000,46.82851914584171,47.07875879202038,0.4602625072002411,1.4043478965759277,11,0.29569999999999996,0.7042999999999999,0.0155,0.0061,0.0114,0.0019,0.0114,0.0064,0.0158,0.0078,0.0019,0.0056,0.0017,0.0038,0.001,0.0074,0.0064,0.0065,0.0009,0.0006,0.0044,0.0059,0.0129,0.0023,0.0014,0.0004,0.0005,0.0016,0.002,0.0056,0.0102,0.0069,0.0007,0.0005,0.0057,0.0071,0.0159,0.0029,0.0009,0.0048,0.0016,0.006,0.0015,0.0069,0.0154,0.0073,0.0118,0.0034,0.0125,0.0056,0.019,0.0,0.0,0.01245980843713012,0.021426015811940733,0.013610364868794338,0.02332282300821594,0.016321144507074718,0.02019225509229487,0.012688643963519913,0.01925318483891133,0.024215971881469872,0.02123263383860595,0.024532817631183937,0.022042577385190658,0.0241500158942922,0.01959261679014041,0.01554141951052921,0.022242610714459654,0.02264965459530382,0.02493817927593181,0.0237811150343124,0.02058965686939411,0.014981653766993973,0.021666023135941563,0.024163764057187762,0.02448397200170111,0.024979061725454124,0.024789143527431143,0.02361967001495227,0.021766496542278024,0.012259569351119541,0.022179462454992978,0.024402354710064186,0.025003365041381367,0.024118296262755454,0.019692714768506397,0.012372964250021493,0.02233982125095796,0.024773734731102587,0.019805774507744102,0.024467341572568753,0.020384546195136903,0.023816273315753308,0.019969399302730603,0.011700943525093387,0.020620129236025214,0.015024391935287942,0.0233690527742528,0.01581919567459964,0.0204535941137076,0.012193780305561818,0.017400082413273694,0.005361038594378906,0.015831190422198507,0.0027608368775088226,0.01214869581431322,0.006962437597961397,0.01709581282054242,0.008250128438371956,0.0016123300861459763,0.005540042612746086,0.0011519758018453344,0.004541231714974379,0.0016609655134448872,0.00783786756568667,0.013224514323680298,0.004236196266675772,0.0036559106541541354,0.0006129894630448526,0.0021514720191221355,0.006473097542744932,0.014007865516513188,0.005041914497354463,0.0017598728626700881,0.0012169230590475455,0.0005586303936194948,0.0008111538268309868,0.002405198785043516,0.004869258219724652,0.017666328944616644,0.004320160918024903,0.0013254449327180543,0.0005263156557994362,0.0017422038045973123,0.007743835473290364,0.01743742919276308,0.004146003441612541,0.0008316420274934286,0.007437256364192321,0.001239035595413208,0.006706759048084787,0.0021047240506404594,0.007297818774516115,0.018526289453929114,0.006471642668844651,0.014107289003313763,0.0026993677852484854,0.01289423364674632,0.006693074955353868,0.01775380489913225
vanilla_deficit,3,52000,47.721492116339505,47.978254708927125,0.47952064871788025,1.2756264209747314,13,0.35150000000000003,0.6491918367346938,0.0187,0.0066,0.0166,0.0022,0.0136,0.0073,0.0168,0.0107,0.0012,0.0086,0.0016,0.0047,0.0018,0.0084,0.0146,0.005,0.0041,0.0005,0.0013,0.0076,0.0123,0.006,0.0012,0.0012,0.0006,0.0011,0.0022,0.0053,0.0173,0.0053,0.0025,0.0003,0.0022,0.0083,0.0162,0.0056,0.0007,0.0076,0.0019,0.0075,0.0017,0.0071,0.0211,0.007,0.0147,0.0027,0.0134,0.0069,0.0197,0.0,0.0,0.011004725024823636,0.021060844013711427,0.013788456521427515,0.023446648463832584,0.015327510281066771,0.020646678558274612,0.013448417510061358,0.018840292835791445,0.02428128888663522,0.021433640575413145,0.024734046097906394,0.021861152704161592,0.024112084018365093,0.01978888608646253,0.014866897114929417,0.02230194842664296,0.022574381224974415,0.024733104413749773,0.023976783032738258,0.020694437351804942,0.014806307412134088,0.021643150970821156,0.02459609053215585,0.024352203123208887,0.025212481536975077,0.02479046436232067,0.02368167954563834,0.02163034345660906,0.013414295087713005,0.022013887538085943,0.024339567915010497,0.025181972108541492,0.024336168673196875,0.019345193846333004,0.013512593563988795,0.022586747809542583,0.024800394742583075,0.019582296618388527,0.02438916198595931,0.021634743984797623,0.02367818220873264,0.020131224717907566,0.010902125143300476,0.020534895287699393,0.014699618652004167,0.023574952022821095,0.015445841329696553,0.020128528656336266,0.012132664024724838,0.01926747266787593,0.00595361407724579,0.015603561320206988,0.002813449155168232,0.013616941191873662,0.00653779578642193,0.016012053763603845,0.008993462282413064,0.0017149062389205385,0.005423881570293877,0.0010799305604623488,0.004939320642538812,0.0019376114954052553,0.007744936129766485,0.014262256776395383,0.0043200885207294775,0.003961515999456656,0.001081169992954879,0.002076630400596,0.006396811280833755,0.01430294165860323,0.005304376700930034,0.0012615058896362108,0.0015825073390520463,0.00045022003109940727,0.0010056735714332517,0.002465041788849914,0.005282171285284032,0.016135090254027616,0.004738293031979938,0.001599137636462098,0.0004903761457193275,0.0017598616745184222,0.008328918110595631,0.016044773572477664,0.00398430176099014,0.0009926033335261627,0.007899659012398096,0.001611987562501788,0.005237316867067249,0.0025087074383961408,0.007294354456200928,0.019402513303311067,0.006802110979606331,0.014404301523111316,0.0026055151723050974,0.013422132898004837,0.007180715477528201,0.01786101896254527
vanilla_deficit,3,53000,48.60910208045971,48.87184879195411,0.4599236249923706,1.135198712348938,13,0.3519,0.6491918367346938,0.0198,0.0069,0.0166,0.0021,0.0143,0.0065,0.0157,0.01,0.0016,0.0079,0.0014,0.0048,0.0015,0.0079,0.0145,0.0062,0.0031,0.0005,0.0023,0.0071,0.0139,0.0056,0.0013,0.0009,0.0005,0.0011,0.0026,0.0055,0.0176,0.0065,0.0014,0.0005,0.0025,0.0085,0.0169,0.005,0.0005,0.0081,0.0016,0.0065,0.0015,0.0083,0.0215,0.0066,0.0134,0.0025,0.0143,0.0061,0.02,0.0,0.0,0.010685512957154872,0.021112919235939304,0.013772186500385291,0.023609873579218583,0.015299487444951309,0.02033340923574891,0.012010549488435253,0.019295197858496586,0.024505147817161465,0.021454428625681803,0.024915669670230112,0.022424836113789752,0.024025025823541806,0.020131631965988862,0.015149407600327049,0.02237243900219109,0.022881563492889622,0.025173253158048706,0.02417317068339235,0.02060212675742049,0.015227843778221672,0.021981277904681226,0.024419526309003455,0.024534005170579198,0.025460755218043432,0.025011241836815086,0.023684783347435068,0.021942748965150565,0.01312401052643605,0.02174516538515443,0.02471228465257766,0.025306688526410083,0.024609589303429644,0.018952320631373462,0.012728800020292318,0.022532168311734824,0.024829851039052872,0.01964459313936453,0.02464067514770118,0.02108834958159402,0.02412276939603429,0.019512810106632406,0.010754361467387235,0.020267639358208765,0.014168817386685111,0.023718505623210394,0.015439420513294288,0.020311023512619267,0.011600136829884197,0.01961717348902656,0.0060591645114426666,0.01568191812471345,0.0028125537534369836,0.013696078179066644,0.007072705491638351,0.018128698462239242,0.008539804829451355,0.001648492832541881,0.005576061830378797,0.0010756581920314087,0.004470560529630981,0.002233698547071417,0.007452249512688567,0.013852153743736674,0.004421501238167319,0.0037595231555023296,0.0007407408456700855,0.002158263904408461,0.006723311359113757,0.013906418803701647,0.0050472874759483945,0.0017207578424944198,0.0015719091843055303,0.00036692252438600103,0.0009513925541610804,0.0027542164511434623,0.0049411338943757014,0.016641882384235897,0.005237100161217618,0.0013791676524273447,0.0005672444004561346,0.0015126950540150005,0.008946561011418573,0.01715574627781355,0.004174754165908598,0.0011872420069166411,0.007929261189395237,0.0014332138588533125,0.006091110671905146,0.0021066095857397277,0.008139671721025171,0.019879217206036123,0.0071972838492067055,0.015088082412627636,0.0026322447930692766,0.013631320740303201,0.007062749542879085,0.01862326612494524
vanilla_deficit,3,54000,49.49983116937801,49.76985312497709,0.5225419998168945,1.3097469806671143,12,0.35509999999999997,0.6459918367346938,0.0195,0.0063,0.0167,0.0016,0.0141,0.0065,0.0168,0.0096,0.0014,0.0077,0.0012,0.0049,0.0019,0.009,0.014,0.006,0.0032,0.0007,0.0024,0.0072,0.0132,0.0051,0.0015,0.0008,0.0007,0.0007,0.0026,0.0053,0.0178,0.0065,0.0012,0.0004,0.0019,0.0088,0.018,0.0054,0.0009,0.0087,0.0018,0.0072,0.0018,0.0076,0.0215,0.008,0.0137,0.0032,0.0142,0.0059,0.02,0.0,0.0,0.011556685945023248,0.021583920115744486,0.012328174331875618,0.023611222124600914,0.01627798417612995,0.021318324511578605,0.011747843315424871,0.018964758681171992,0.02437831644565078,0.021205016145994113,0.024818688093516533,0.021800923570734383,0.024297980415974578,0.019770763014452,0.01580885972756181,0.022413073845664926,0.022634043263036224,0.025200268154901583,0.02441947699222833,0.020021235856796778,0.014227987158288182,0.021535514395611785,0.024379678129293307,0.02483070816085886,0.025416813608934642,0.025177593496078537,0.023703027066618143,0.021796323870885783,0.012644999329864846,0.021598248352853455,0.024606525551071935,0.02542721966018357,0.024341302841320304,0.01893587032100248,0.012745840620948443,0.022766740840187566,0.024992049798275393,0.018917067414195736,0.024606193180808048,0.02179232851704696,0.024147168488188882,0.02004319105757986,0.01123132888545323,0.020536476356951522,0.01392078327867838,0.023658265372980363,0.016374039955278388,0.020319940936098953,0.011169214626400628,0.018595760369353502,0.005397312439963759,0.01770648483729092,0.002791611180051645,0.01247554398203481,0.005782863832896946,0.01826825659723682,0.008892325112967257,0.001712755528237472,0.005891620383873853,0.001177321002101193,0.005075153059959805,0.0018566222552222295,0.007958021004080853,0.013126613639844338,0.004354683249870422,0.004027349981845008,0.000640459400907836,0.0016590585844910995,0.007396885860115266,0.015032727541221078,0.005499523742569459,0.0017109791123238647,0.0011616399450313478,0.00035796001665308814,0.0007091026519067399,0.002632782418011111,0.005198341204862691,0.017175975952881697,0.005339557706599574,0.0014150400575956353,0.00034438456163617066,0.0018782299824896364,0.008890949591881027,0.017044421112509842,0.003815173786132756,0.0009120954775001159,0.008876416859170868,0.001454536158916486,0.00520355343619023,0.0020143049463322055,0.0074073061947550825,0.019137399952182416,0.006724716939798884,0.015433497472956467,0.0026911773215076416,0.012272107192024196,0.007046265735035787,0.01902312004653612
vanilla_deficit,3,55000,50.3755629202351,50.65255524998065,0.45500898361206055,1.0866713523864746,13,0.35130000000000006,0.6495836734693876,0.019,0.0061,0.0152,0.0017,0.013,0.0062,0.0151,0.0102,0.0012,0.0057,0.0008,0.0053,0.0013,0.0067,0.0157,0.0061,0.0031,0.001,0.0038,0.0069,0.0144,0.0059,0.0018,0.0013,0.0007,0.0007,0.0029,0.0053,0.02,0.0067,0.0009,0.0004,0.0015,0.0076,0.0146,0.0053,0.0005,0.0092,0.0018,0.0068,0.0022,0.0096,0.0208,0.0071,0.0154,0.0019,0.0127,0.0083,0.0209,0.0,0.0,0.010430721548438571,0.022016229065561624,0.01182869468139283,0.023846457086183215,0.015429486172714337,0.021064499382262625,0.012627010170095805,0.01890763387772898,0.024673285833786213,0.021404424888486973,0.025131423690953295,0.022125577317990888,0.02429765651912388,0.020052247210059868,0.01416162005208169,0.021879987177145392,0.023311443611909476,0.0253070813161067,0.0244427215335995,0.020054281875201852,0.013497149715951727,0.022170679946707822,0.02449189236127759,0.02500240436398208,0.025704867137789147,0.025354182567967433,0.023807093513462003,0.021938802255810852,0.011358264510759816,0.02125498740120954,0.02505467093632687,0.025588313724906348,0.024903802769114337,0.018824508617713946,0.012477251014704012,0.022393976692372735,0.025104839825757664,0.018808244625134155,0.02472029381429172,0.02147489802485518,0.024473626241868794,0.019726689902184694,0.012035451951351733,0.020512075879534478,0.013872190630692453,0.02390886407982082,0.016810809228400704,0.02061661837008527,0.011120066885142317,0.02006877238654307,0.005047494290733019,0.018387547672553795,0.002653948468356479,0.013677211047473051,0.006232777414059871,0.017321498107025386,0.009085586115661716,0.001590280731463469,0.0059126702566522004,0.001000912668088023,0.004906824038843707,0.0020735062895924647,0.007574044246327375,0.015308248056196141,0.005183699162050045,0.003342212601694596,0.0008140017132987695,0.0018868884729079808,0.007610489266379823,0.01600680101353508,0.004887864595177204,0.0018236330247282575,0.0011668886285668713,0.0002632105803216099,0.0007143461556471349,0.00274364994581557,0.0052642869384025995,0.018797416591818703,0.0059877255086853995,0.0010996506825202334,0.00041314985767210177,0.0012937339221915322,0.00934877199259531,0.017436029666629046,0.00452248114558225,0.0010351112851686203,0.00925250718575317,0.0015298076620580323,0.005782948110758375,0.0018471313391611956,0.008031917541066257,0.017965316309350204,0.007021563549944191,0.01568058239814038,0.0026127279522165075,0.011743968202437716,0.006848013134936776,0.019221031668397726
vanilla_deficit,3,56000,51.3189419725677,51.60330587497447,0.4586433172225952,1.320702314376831,13,0.3589,0.6419836734693878,0.0191,0.0064,0.0172,0.0016,0.0131,0.0066,0.0171,0.0105,0.001,0.007,0.0012,0.0048,0.0013,0.0087,0.0153,0.0064,0.0029,0.0005,0.0023,0.0073,0.0155,0.0059,0.0013,0.0011,0.0005,0.0008,0.003,0.0049,0.019,0.0058,0.0011,0.0005,0.0017,0.0092,0.0174,0.0055,0.0007,0.0087,0.002,0.0064,0.0022,0.0086,0.0211,0.0075,0.0164,0.0019,0.012,0.0073,0.0206,0.0,0.0,0.010238981782443132,0.021631768454246827,0.011904485494314564,0.02390423645176985,0.015375597458034908,0.02139767817218801,0.011767384343440216,0.018937833344452284,0.0247325592251037,0.0215510401225264,0.025051488832429913,0.02231666671256983,0.024553178114627677,0.019766036077861815,0.014512313894493036,0.022153769987746028,0.02364017940963392,0.025575313243880814,0.024887563129430197,0.020372962556575162,0.013658123053551215,0.022265111018984818,0.024128180353024137,0.025071418172663243,0.025671271899779476,0.025229699444445725,0.023845983929595,0.021909217140248394,0.011196432799120533,0.021267935205450072,0.025152268712798475,0.025672798742776733,0.02452277257961196,0.01980684000130694,0.01229888926963209,0.02253876078223219,0.02502812571163855,0.01890763295654098,0.024968369650877294,0.021588114313099642,0.024504452581919425,0.02017055265300139,0.010481759200954122,0.02048553906642738,0.013390550269704895,0.023987297348348556,0.016256901415925125,0.020414584260792235,0.011309380657781072,0.020471789630138865,0.0056936617208271,0.018217039773006257,0.002659913894560651,0.013644912774430102,0.005876913404200174,0.01839299990875358,0.009112084330112302,0.001596817146583665,0.005758208622481212,0.0011484298769441122,0.004736515722541896,0.0017879782759884536,0.007931954145330582,0.01475287935283233,0.00494558274809196,0.003037875905490777,0.0004761363625655486,0.001358817526999222,0.0072311296988673565,0.015888238531362717,0.0048808089989123915,0.002333434410726554,0.0011228519048377722,0.00035297986088501996,0.0009197085038415989,0.002695614601464033,0.005259449932784784,0.018930465438718545,0.006004367303908528,0.001019085656876232,0.0003510202602591374,0.0018270017417632868,0.008035835045125084,0.017788973968614463,0.004373347873541454,0.0011784148761925643,0.009150844503331892,0.0012551077740728478,0.005671563884371711,0.001928639230610469,0.007490909240339514,0.020082076089523844,0.007047582795715183,0.01623165026107925,0.0025923733022884467,0.012513818227987247,0.007216773531865916,0.019137066934266492
vanilla_deficit,3,57000,52.22465987934265,52.51606112497393,0.4450123906135559,1.2660562992095947,13,0.3529,0.6473918367346938,0.0179,0.0061,0.0171,0.002,0.0147,0.0068,0.0185,0.0084,0.0012,0.0073,0.0012,0.0036,0.0014,0.009,0.0125,0.0067,0.0027,0.0006,0.0017,0.0076,0.0128,0.0052,0.002,0.0013,0.0003,0.0008,0.003,0.0055,0.0178,0.0068,0.0009,0.0004,0.0022,0.0095,0.0182,0.005,0.0011,0.0104,0.0015,0.0058,0.0019,0.0088,0.0189,0.0067,0.0165,0.0026,0.0126,0.0067,0.0207,0.0,0.0,0.011724509461820503,0.021833573815657842,0.011617415518477042,0.02368917436931354,0.015208490564201902,0.020535148928251843,0.01122901178532269,0.019898952302930727,0.02479355481099016,0.021253301027273713,0.025245906219814547,0.02239477110955924,0.024281794154995828,0.01998619347071489,0.014437993204497804,0.021254837471323958,0.023860262409586035,0.025474665387931916,0.024853052901567682,0.019611838426525734,0.014980478003066108,0.021747565972417577,0.02457364325471132,0.02490030356370803,0.025588838824084626,0.02546637203733902,0.02394680133811187,0.021521040258342613,0.01191766609744017,0.02115795867684724,0.02500433680362924,0.025674144212142598,0.024768741529342306,0.01928536416629824,0.012914366596865578,0.023222168636006846,0.025069769375025266,0.018499663681791026,0.024699704156880047,0.021178906173634736,0.02427803455758039,0.019576226454596155,0.012356675775284657,0.02057226684073862,0.013610645509955607,0.023640542700417714,0.015481754995152978,0.020567227044281003,0.010614345423550935,0.018330918837520305,0.0053180778289699865,0.018585548641962445,0.002936635814078274,0.01389870708619818,0.007101638824040316,0.019044956013105945,0.007839996320926412,0.00148023272369529,0.006101851250527911,0.0009387561371189328,0.0045978480296700345,0.0022151414939697894,0.007688970186306816,0.014887548559190611,0.006178004407823093,0.0026780022180534734,0.0006061085262645984,0.0014038740200788189,0.008364722740585933,0.014191334016030725,0.0054284586386216475,0.001762462979905813,0.001343233430254249,0.00045958053708989975,0.0006558145526998737,0.002566939823774103,0.00568011487757044,0.018161150331230076,0.006146086786935825,0.001209719173640352,0.0003501012448911169,0.0015511401115010821,0.008705588518830068,0.016921066605002106,0.0034969194784781775,0.0011648067716292984,0.00959675388940882,0.0016006788457782813,0.0061192031729714585,0.0021809039888893915,0.008215113959535121,0.017558671265254573,0.0070149399099818386,0.015949350657074746,0.0029599862613770137,0.013587067278117754,0.006982345387697749,0.01991193198438858
vanilla_deficit,3,58000,53.12453650205862,53.42259816697333,0.42389988899230957,1.4263026714324951,12,0.36560000000000004,0.6345918367346939,0.0196,0.0059,0.019,0.0018,0.0143,0.0069,0.0179,0.0093,0.0013,0.0083,0.0013,0.0048,0.0013,0.0085,0.0148,0.008,0.0031,0.0009,0.001,0.0088,0.0158,0.0052,0.0019,0.0006,0.0004,0.0006,0.0029,0.0056,0.0206,0.008,0.0016,0.0006,0.0025,0.0095,0.0171,0.0041,0.0001,0.0099,0.0018,0.0069,0.002,0.0091,0.0187,0.0066,0.0148,0.0021,0.0131,0.0066,0.0201,0.0,0.0,0.010723925806258718,0.022098457743625014,0.011334173069379656,0.02379604200505962,0.014866783024538421,0.021352953199129623,0.010634637675998405,0.01910481991620805,0.02502663573595161,0.021561296842446516,0.025321876284935235,0.022730427786306327,0.024661980426997746,0.019910550867802156,0.014913488345552926,0.021432600222698668,0.02380363119358608,0.025474008507178614,0.025117486057804304,0.01916610585596905,0.013145971339632646,0.022146897021215653,0.024419367188118726,0.02524914367602383,0.025748588898928247,0.02547422174448128,0.024264507444909666,0.021925190034524734,0.01020408163265306,0.02086474714019655,0.025207419377489278,0.0256753811534281,0.024941500646332472,0.018495113898170937,0.012798926708731034,0.023054090796468307,0.025278180883848995,0.017492415185790425,0.024759913805002063,0.021076240091266775,0.02447759961097744,0.019573206532185014,0.012301485448100398,0.020828695576269998,0.014653549990115379,0.02392963196958725,0.016288202310866622,0.020977378936797922,0.011716470390460403,0.01977409279951752,0.005042063295233582,0.018916068299874293,0.0028725408801323323,0.014440435031518175,0.0059948223756433865,0.019849141041707437,0.00890701209544437,0.0012607725394236998,0.005728558005450725,0.0008834534257760097,0.004273464458817251,0.0018049291141347598,0.007877283321600167,0.014224495363589797,0.00597115802305884,0.0028628418537012834,0.0006890275738673382,0.0011837278074256759,0.008828688313195311,0.016600579726933753,0.004941095120863464,0.0020759277238575438,0.0009764061168010452,0.0003381122595696692,0.0006887550553724558,0.0022347768631919935,0.005224437920474491,0.020792632977270215,0.006735940016906865,0.0010297300094534083,0.0004316721778781527,0.0013695756718728037,0.00976434488076855,0.016965979754165868,0.0038207587768922776,0.0009392963987859805,0.01088954958173538,0.0016016446957814142,0.006387525813356516,0.001962443853709551,0.00838653631586558,0.017601712536126482,0.006703889122219317,0.014791073071565977,0.0026627496398515106,0.012701978037325923,0.006435745935348696,0.01854467763255733
vanilla_deficit,3,59000,54.006762466276996,54.311753124929965,0.47209006547927856,1.325927734375,12,0.35919999999999996,0.6415918367346938,0.017,0.0059,0.0181,0.0022,0.0141,0.0068,0.0186,0.0096,0.0015,0.0069,0.0012,0.004,0.0014,0.0084,0.0135,0.0088,0.0026,0.0007,0.0017,0.0083,0.0161,0.0051,0.0017,0.0006,0.0004,0.0006,0.0025,0.0054,0.0196,0.007,0.0008,0.0005,0.0014,0.0086,0.0175,0.0043,0.0007,0.0099,0.002,0.0063,0.0016,0.0085,0.0203,0.008,0.0153,0.0028,0.0132,0.006,0.0212,0.0,0.0,0.01124445364462309,0.022180262677579297,0.0112691149015494,0.023940495781306192,0.015519040481303108,0.02160355379038344,0.010611267922487887,0.019570127095490317,0.02513769196359788,0.02161398416522684,0.02535468950130136,0.022227041942149913,0.024583694738130102,0.02027060739250311,0.013186151012718608,0.021014663715542115,0.024006600154790704,0.025656897594820375,0.025096014429588344,0.020499505048011367,0.014515620077804157,0.021826061995361874,0.02456939624176241,0.02555961940378352,0.02589217993093465,0.025725512490507467,0.02421838786797042,0.022127014187458792,0.010210447180969981,0.02107629951949506,0.025390872075900274,0.02581320448924896,0.024672018278797118,0.01913570900946562,0.01328314707049947,0.02227988499948884,0.02553059263136025,0.0180099691872216,0.02499577866968017,0.02173003520534405,0.024655564259593393,0.019614387405277777,0.011602967015002337,0.020544065996401357,0.012067832072204233,0.024305851099637756,0.015280525824389116,0.02057711622868274,0.01020408163265306,0.01896391076098291,0.005028596471336235,0.019088911522420073,0.0029153240905228136,0.013664602896771644,0.005759366750042737,0.019883432535537933,0.008375063363974183,0.0012811227084347807,0.005902400016088133,0.001006156682027172,0.005125570644368886,0.0019831141565399045,0.007565582514226617,0.016542572947496927,0.0065446347857537526,0.0027534356658426755,0.0006232170436212718,0.0013339339340291006,0.007275537385349963,0.014936075947048554,0.005516480442634552,0.0020012323378401937,0.0007855445259275425,0.0003250816374322713,0.0005753349385390123,0.0024460087108756586,0.0052132572058051305,0.020430390598608926,0.0064274711594610725,0.0009603083333871319,0.00042515449362187993,0.0019102584602668886,0.008964593930008338,0.01634154046722104,0.004902361149558539,0.0008223254790993269,0.010469187676922042,0.0014609465669722375,0.0057162847260002385,0.001931107988453997,0.008436166902660035,0.018665874514648247,0.00725813497316053,0.017881513406321572,0.0024133056456226818,0.0138496466024604,0.007138130737393912,0.02078736130160192
vanilla_deficit,3,60000,54.88581881427672,55.19737383397296,0.46239912509918213,1.329897403717041,12,0.3681,0.6337755102040816,0.0202,0.0059,0.02,0.0017,0.0121,0.0069,0.019,0.0098,0.0013,0.0077,0.0013,0.0031,0.0017,0.0085,0.0167,0.0076,0.0039,0.0005,0.0007,0.0096,0.0151,0.0059,0.0014,0.0012,0.0004,0.0004,0.0028,0.0047,0.0207,0.0071,0.0017,0.0003,0.0008,0.0089,0.0179,0.0041,0.0008,0.0091,0.0018,0.006,0.0021,0.0085,0.0206,0.0074,0.0179,0.0019,0.0115,0.0071,0.0218,0.0,0.0,0.010324722510582236,0.022008651318600383,0.010650331901043326,0.023867220130375795,0.01530784650952964,0.020640077773480113,0.01129217205335455,0.01964460430150978,0.02512989760145357,0.021131842961189425,0.0255944437993594,0.022807367982723235,0.024879324095299315,0.020205313922807187,0.013214677399089714,0.020961730935107087,0.024514000640105026,0.025795214654130486,0.02537294972340254,0.019218625620795543,0.013256373703655648,0.02219350408628345,0.0247403625274817,0.02577780901958188,0.026051828924413503,0.025795551754668217,0.024318225424618013,0.022217778339764172,0.011159492199592575,0.021585163517852418,0.025690911148269095,0.026010367945507783,0.025056393017152317,0.01871989409714764,0.012562693597579165,0.023456279494719887,0.025249785909689113,0.017728486568374578,0.02525986025900355,0.02173961704381086,0.024903892120879678,0.01956924894494514,0.011648942219370077,0.02057519957894701,0.011641671046534949,0.024371211282224865,0.015301194111773747,0.02065316464956752,0.01020408163265306,0.020209328054096948,0.005467619480556947,0.019762707319980283,0.0031412890825335666,0.014011121983557737,0.0071806333973796444,0.019037454878406173,0.008465708519348848,0.0015217604920359303,0.0066041640442625026,0.0009402980599604765,0.004467883100938116,0.0018744604320988089,0.007763880409340746,0.016631096503182022,0.006738964589357959,0.002331727902393636,0.0006889975218625882,0.0012175374059647424,0.008998896824014732,0.016500781140262766,0.005275305767905943,0.002009333122080988,0.0007107837783039768,0.0003677989879456738,0.000688575580407883,0.0026158380068091883,0.005323047209652006,0.01924258988272036,0.005958627504623778,0.000819551965027906,0.00041969479882396273,0.0016137645909806062,0.009545023289208712,0.01736904553114549,0.003655654591333955,0.001371698888694208,0.010864071657986685,0.0013590890434724483,0.005843426365584684,0.0018046466656593287,0.008560029189920495,0.01862995587524776,0.007535277530760656,0.01867811954507719,0.0025104542544373593,0.013980386145998874,0.007125190337529287,0.020776886140439994
vanilla_deficit,3,61000,55.78324330842588,56.10160612501204,0.41835105419158936,1.4780685901641846,13,0.37450000000000006,0.6285836734693877,0.0204,0.006,0.0172,0.002,0.0151,0.0065,0.0185,0.0103,0.0015,0.0079,0.0014,0.0043,0.0009,0.0084,0.0176,0.0088,0.0021,0.0008,0.0018,0.0097,0.0146,0.0054,0.0016,0.0007,0.0004,0.0009,0.0028,0.005,0.0198,0.0069,0.0009,0.0005,0.0014,0.0096,0.0171,0.0048,0.0012,0.0097,0.002,0.0058,0.0016,0.0083,0.0216,0.0077,0.0181,0.0022,0.0133,0.0071,0.0223,0.0,0.0,0.01020408163265306,0.02201970432758183,0.010310273159949594,0.023932931198651218,0.014660122562187319,0.020730669226894385,0.010649293170595325,0.019716907878480246,0.02547675583665676,0.021907924951026794,0.025718577892762155,0.022986840322490244,0.02511068008724058,0.020535058452602423,0.012203339418311795,0.02155053353522389,0.02374676427988557,0.02577660639519612,0.025659581379928027,0.018775017054350307,0.014970686175470975,0.022152241250712773,0.02464458375632616,0.025559704844026483,0.02622435509718571,0.025977962319689248,0.02374480556752296,0.022566382176815676,0.011045824053518803,0.021159754172638212,0.02568273589389962,0.026015595196073167,0.02537908277660312,0.018444885585991548,0.012809015189274311,0.02302796232009941,0.025547203240264986,0.017096006409736075,0.025130559571232253,0.02167855432842833,0.024833879857873907,0.01988757074164505,0.01141771000823501,0.020588750522068905,0.012046443381371324,0.024562767494993053,0.01515243555359419,0.020163679134239526,0.010817200617801495,0.02140200183652676,0.00551247457245425,0.020188878962529445,0.0031272331375265467,0.014765872842971012,0.0072757791145626515,0.019961531406427556,0.008383396777060004,0.0011634671167282903,0.0056908936770269395,0.0008619848425536701,0.004267672762000087,0.0016198578663217398,0.007363399264524894,0.017867834489964707,0.006136457570337762,0.003398392026704087,0.0007896400566292846,0.000935536457919365,0.009557662649479607,0.014339627197163012,0.005347239301358019,0.0022009453985825885,0.0010600536573230315,0.00023142671948139652,0.0005386073633655055,0.003361771475412344,0.004791862655985472,0.01942810939973252,0.006584584092010349,0.0009066694652141105,0.0004916900335789589,0.0012852372180367196,0.010047366260051128,0.01715179420164558,0.00425546800558237,0.0011147020471858,0.01168996658350779,0.001595073890286839,0.005937790109158821,0.002004010322074789,0.008326879468185354,0.019003537501914903,0.007491773258300124,0.01806343854191762,0.0023420091507777956,0.014073975705534682,0.007787339533108872,0.019713136805585153
vanilla_deficit,3,62000,56.70305335219018,57.02795429201797,0.4054361581802368,1.312840223312378,14,0.3628,0.6393755102040816,0.0189,0.0057,0.0192,0.0015,0.0149,0.0061,0.0167,0.0099,0.0014,0.0076,0.0007,0.0051,0.0011,0.0074,0.0164,0.008,0.0051,0.0008,0.0016,0.0088,0.0145,0.0055,0.0014,0.0008,0.0002,0.0004,0.0029,0.0046,0.0212,0.0064,0.0009,0.0001,0.0005,0.0085,0.0148,0.0048,0.0007,0.0114,0.0022,0.0055,0.0023,0.0106,0.021,0.0063,0.0169,0.0019,0.012,0.0064,0.0212,0.0,0.0,0.01110248132689108,0.022523595129868696,0.01020408163265306,0.023961222349722915,0.013570140523838385,0.02062374766602667,0.010367104163617297,0.020032581167394564,0.02516198358494337,0.02207152498869366,0.025718533095057595,0.02263273836162577,0.024980481023166717,0.020888473111449753,0.012088565304981811,0.020246834270956755,0.024458323755277372,0.025899496470251,0.025645621311892457,0.0191464338242441,0.01372535466151013,0.022563425245188243,0.024876487744870328,0.025730319733589885,0.026215700787334213,0.025947560635862295,0.024106402408184433,0.02241325454071736,0.010858467412841525,0.021604207049147263,0.025571243472538727,0.026159948200377342,0.025447200276599972,0.0182099802909499,0.012504506542418543,0.022625393393957118,0.025712483266917628,0.01779394356872606,0.02525785006358003,0.02089889690355435,0.024844047642091346,0.019672062401855372,0.011500589519186782,0.020743180007072835,0.012649542825984917,0.024388950908128135,0.015409667406659635,0.02047500781482186,0.010770362212780616,0.019283221505250244,0.005015493945168909,0.02058731544016553,0.0031512595313945998,0.016178336891711467,0.007258678725993969,0.020118729786436407,0.008110332041424115,0.0016203701403177805,0.0055380838149124995,0.00092891250406956,0.004762706791100848,0.0018458690942443161,0.00696884608293754,0.0179409223408937,0.0077269562834961685,0.0024945977763169867,0.0007040834360625658,0.0010194981722370957,0.009133157336280548,0.01586831120068551,0.005005071472332087,0.002014132941275894,0.000992393773241056,0.00031123089430582407,0.0006443684713777416,0.002931825189842572,0.005035393697192829,0.01950825962219514,0.006118680063732883,0.0011119052699959712,0.00038049796092135566,0.0013050791536155218,0.01029660808921537,0.017580406555227773,0.0048890196858594245,0.0009364288162562538,0.010852555005270848,0.0015012655368478423,0.006916833053796103,0.0020544365555627874,0.008441053395735556,0.018827674011685898,0.007149358372841471,0.017439275839741072,0.0026198491670407944,0.013814781957635008,0.007443473257407499,0.019539596605842896
vanilla_deficit,3,63000,57.591372305643745,57.92305145901628,0.432995080947876,1.4246909618377686,14,0.35929999999999995,0.6434836734693877,0.0202,0.0056,0.0175,0.0021,0.0144,0.006,0.0158,0.01,0.0013,0.0069,0.001,0.0053,0.0007,0.0074,0.0171,0.0073,0.0032,0.0009,0.0027,0.0087,0.0155,0.0054,0.0016,0.0007,0.0004,0.0002,0.0025,0.0048,0.0192,0.0053,0.0008,0.0,0.0004,0.0071,0.0144,0.0052,0.0009,0.0115,0.0025,0.0046,0.0021,0.0098,0.023,0.0064,0.018,0.0017,0.014,0.0066,0.0206,0.0,0.0,0.01020408163265306,0.022256320046896295,0.011911261989046892,0.024347929853699074,0.014359624829109368,0.0212104083480426,0.010802788783913888,0.019498115462936873,0.025441813305336708,0.02190906297244373,0.02559820102651579,0.0226413525076078,0.025103513741192015,0.020333188196081757,0.013498715213254124,0.019996897578566677,0.02428861805711996,0.026049147623133748,0.025707062965960693,0.018413008140687852,0.01374989736785551,0.02217245598027821,0.024894357478536876,0.025761575498286796,0.02604975737542476,0.026055965892627812,0.024225046374648368,0.022560170923764514,0.0112023202401176,0.022264200835663127,0.02574699844292405,0.026076008432349813,0.025667343331054478,0.018105004974330135,0.01318228723084447,0.022836463376755295,0.025844902981504145,0.017325745862722956,0.02520029831386645,0.02087460545125912,0.025004439779905997,0.020056002652931684,0.01020408163265306,0.020341371221530798,0.011554388159689006,0.024264192697458935,0.014714624896438721,0.020290298687725326,0.01020408163265306,0.020796524172122164,0.005290058756909851,0.018275780288159807,0.0026101163646415687,0.015152061889649526,0.006630162799172521,0.019615581500979626,0.008760136274452459,0.001288463792294611,0.0057220224496408465,0.0010548658241697447,0.004732980106181677,0.0016702224640665587,0.0076823012683001025,0.016144848684200307,0.008022498449933418,0.002762021121938708,0.0004939195643803734,0.0009194491291042545,0.010109934451111788,0.016027708021883053,0.005433442333624836,0.0019303983343976585,0.0008516393233549483,0.0004931610748616405,0.0004854381104795861,0.0028020373815488392,0.004873026860552818,0.01923577960643377,0.005241193102797815,0.0008697721682323687,0.00046050658249366405,0.0009688575974416205,0.010454006507326257,0.016733775626701065,0.004529338230290211,0.0007479857191388536,0.011384288243076565,0.0015498291748074482,0.0069697532900751275,0.0017934635938205348,0.007988038340719199,0.02085935603119987,0.0076721221527378,0.01871970655636184,0.002753342073656984,0.014710466451327404,0.007657527839145035,0.020689714748219422
vanilla_deficit,3,64000,58.489903831272386,58.828362999949604,0.4215359091758728,1.3467988967895508,17,0.3799,0.6212836734693876,0.0206,0.0058,0.0179,0.0025,0.0164,0.0065,0.0176,0.01,0.0015,0.0074,0.0008,0.0037,0.0009,0.0088,0.017,0.0085,0.0029,0.0005,0.0009,0.011,0.0151,0.005,0.0015,0.001,0.0004,0.0004,0.0031,0.0053,0.0192,0.0064,0.0007,0.0004,0.0014,0.0104,0.0175,0.0047,0.0009,0.0127,0.0024,0.0072,0.0021,0.01,0.0214,0.0068,0.0201,0.0018,0.0132,0.0075,0.0201,0.0,0.0,0.0105486733739233,0.02252892783163734,0.010238165244257028,0.02460248142631102,0.013840627443131056,0.02128995646837652,0.01101633016503167,0.02006806734719275,0.02515682970401305,0.02172984666559607,0.025684175067020927,0.023248455943120715,0.02527584209571919,0.02046048668926624,0.0133041792103759,0.02014775199801654,0.02379525711422743,0.026078417636910163,0.025992191960014427,0.01823050485557767,0.014124924054014651,0.022511809027864482,0.025000114353041933,0.025748438928296178,0.026187534505272204,0.026185883292686486,0.02388408881698803,0.022899672949441313,0.010957439073322434,0.021389180444515744,0.025570823066130552,0.026310014838009634,0.02566339160633399,0.018214328551688592,0.011560865691280718,0.023173821841855187,0.025667500488545814,0.016717315110372888,0.02493981811738178,0.01990659188284923,0.024664272531249268,0.01987856422138691,0.010799448087531808,0.02035120064116231,0.01194135677085179,0.024487118009959438,0.01550147056178222,0.020634526971130118,0.011891317325335158,0.01989507152352604,0.00503860281469057,0.02039630137460051,0.0023958673536592207,0.015823520219131828,0.00664911112385554,0.01935572722385148,0.008160366791641378,0.0017102388771630184,0.005987859074768286,0.0010580081183244922,0.004109614283139507,0.0016411670911498969,0.00767501509763267,0.01652607208013007,0.008022748802354169,0.0033942577113939628,0.0005704014215316152,0.0006770469760735097,0.01047216147512589,0.01555002177222373,0.00505977567626935,0.0019040673991443716,0.0009785253543794774,0.00043544360669861933,0.0004374858577798483,0.003323451474576038,0.004540995712834737,0.01942856484437261,0.0063701390259819,0.0011982040254903412,0.0002839576053645416,0.0010837134971635363,0.010453106134951089,0.018682235344688696,0.004162860656827124,0.0010786315536195365,0.012343703286268833,0.0019786429283865656,0.008281957712232503,0.002319442941707502,0.008355685356152175,0.019663033595722027,0.0077320571571830275,0.01825069925225123,0.0026557385176626757,0.013730295411889885,0.007420696272136449,0.018351651488675604
vanilla_deficit,3,65000,59.3892339207232,59.73537579202093,0.4331083297729492,1.534220814704895,15,0.3863,0.6184755102040815,0.0215,0.0056,0.0187,0.0019,0.0154,0.0066,0.0179,0.0098,0.0018,0.0077,0.001,0.0043,0.001,0.0089,0.0174,0.0092,0.0026,0.0004,0.0011,0.0115,0.0171,0.0053,0.0014,0.0011,0.0005,0.0008,0.003,0.0053,0.0197,0.0055,0.0009,0.0003,0.0016,0.0097,0.0168,0.0051,0.001,0.0131,0.0024,0.0067,0.002,0.01,0.0229,0.0074,0.0178,0.0023,0.0137,0.007,0.0216,0.0,0.0,0.01020408163265306,0.02217100493309255,0.011512510248718901,0.024172029623858296,0.013749706418604513,0.021567094080799876,0.01020408163265306,0.019818292409208432,0.025197521690390863,0.021955045141954548,0.02601971696450129,0.022752036070331848,0.025218964762946303,0.020127914364030407,0.01127471449761944,0.020313298443817393,0.02469923566309845,0.026149418801095163,0.02594372355492406,0.018404018939538094,0.012718899227206457,0.022615459801982617,0.025065079359373306,0.025929124007608467,0.026159335755967364,0.026223166144627982,0.024248623935056925,0.02273973046906653,0.01055267103860413,0.022126436712273635,0.02579736567597702,0.026353685598403467,0.025682905026485632,0.018827839258671427,0.012217395925336267,0.023082124312926236,0.02585922999484408,0.015503166111195628,0.025238860713929393,0.021150548054728407,0.0249567503406325,0.018597152341322275,0.01202196001599894,0.021128439425895672,0.011542600380967407,0.024359511623377468,0.01492452037207509,0.02085341940912814,0.012069589092500964,0.021186679343815962,0.005508980841045711,0.018944653537951252,0.0030452377548676754,0.015955751509166623,0.006213477975202238,0.021703576732319298,0.008405736308998376,0.0017826101618602249,0.005853004330336758,0.0007312273584547525,0.004793591643784143,0.00179527107771252,0.008102642149613766,0.01900306235036369,0.007874389721260228,0.0023961202101600307,0.0005715331754457123,0.0008247935389746651,0.010186109897734573,0.01730304830035411,0.00496174990711504,0.0019066160532037293,0.0008818315961610022,0.0005593230167629758,0.0004807324429053037,0.0029509317198012216,0.004847805301177957,0.019892071660582787,0.005563855049451321,0.001044057819606101,0.0003200315763267759,0.00118498643239395,0.009742410061756695,0.01795958208812983,0.0043871735574538984,0.0009288254509417101,0.013796820530229015,0.0016926493726474954,0.006843533905334299,0.0020790576525155807,0.00998737868856563,0.01816114823836228,0.006792629949473779,0.018868542841778788,0.002814402282307147,0.014548335228187175,0.0071703082936452394,0.018102505379793653
vanilla_deficit,3,66000,60.284547962248325,60.63802241696976,0.4450681209564209,1.4981615543365479,14,0.38270000000000004,0.6209836734693877,0.0202,0.0064,0.0197,0.0022,0.0145,0.0074,0.0185,0.0094,0.0017,0.0075,0.0008,0.0037,0.0011,0.0081,0.0174,0.009,0.0037,0.0007,0.001,0.0118,0.0169,0.0057,0.0012,0.0008,0.0003,0.0005,0.003,0.0049,0.0215,0.0056,0.0006,0.0003,0.0012,0.0094,0.0153,0.005,0.0012,0.0142,0.003,0.0063,0.0021,0.0093,0.023,0.0078,0.0155,0.002,0.0152,0.0057,0.0204,0.0,0.0,0.010282386239373543,0.02189298602678729,0.011197184541028238,0.02462566367588413,0.013800657293042,0.02170310243485031,0.01020408163265306,0.019977782047631072,0.024955435942149565,0.02187012231290607,0.025786996598278718,0.023113581054518176,0.025358507795386488,0.02060596576856508,0.012345009952520025,0.020580116758819447,0.023988043449922107,0.02620513212530238,0.02613820073890262,0.017609872712271032,0.013130063253635452,0.023004641892950456,0.025222437382610416,0.026115058568479177,0.026618531697324976,0.02645454978402831,0.02425738499057805,0.022615263934522185,0.010921377971146399,0.02231096959124601,0.025955637532178374,0.02666418522931952,0.026237515903350148,0.017927257254841795,0.01329594509010529,0.023331796297404457,0.025956447878464656,0.01549124947884591,0.025275130096542635,0.0201086299031406,0.02505259918746279,0.018181533247645727,0.010608297475965471,0.021087317660550494,0.011808722138127807,0.0246089382715656,0.013809159416593296,0.02090912118056719,0.010799408590015335,0.020304017984518367,0.005966826332888481,0.019150717868289358,0.002677447772007184,0.01594058774838468,0.006315294805380627,0.020584752350794922,0.0084167600923288,0.002236717862702421,0.006111862168425476,0.0012238649075108589,0.004480123863480955,0.0018629579920007597,0.007573498197669819,0.017791712348230383,0.0076049826669225,0.0034540784668283717,0.0007145697633804211,0.0007960931640011659,0.011183720549868296,0.016757381026831077,0.004730000844298361,0.0019115062307933073,0.0008242806636503715,0.00021104308121740775,0.0004107754329782863,0.0031260165588984086,0.0050870813522586565,0.01952571677570241,0.005457716281368966,0.0010184578009966683,0.00019449891626183822,0.0006751258514370284,0.010953391567919695,0.016555334541054356,0.004253397028696839,0.00101747078745203,0.013920484415087598,0.0019254507400137866,0.00814019800412952,0.002157434118894301,0.010643679716057225,0.020063303365426288,0.0070262671029801315,0.01832773119419779,0.0026587570573555364,0.015930232038430314,0.007282375503391026,0.019713339753174422
vanilla_deficit,3,67000,61.17850494245067,61.53955083398614,0.44106754660606384,1.4508739709854126,16,0.38029999999999997,0.6214836734693878,0.0219,0.0075,0.0199,0.0026,0.0151,0.0073,0.019,0.0085,0.0017,0.0079,0.0009,0.0034,0.0013,0.009,0.0171,0.0089,0.0052,0.0008,0.0004,0.0119,0.0171,0.0049,0.0011,0.0013,0.0005,0.0003,0.0037,0.0047,0.0185,0.005,0.0014,0.0004,0.001,0.0103,0.0175,0.0045,0.0011,0.014,0.0019,0.0069,0.003,0.0114,0.0122,0.0071,0.0181,0.0018,0.0127,0.0069,0.0207,0.0,0.0,0.01020408163265306,0.02111533863895424,0.010774129919180338,0.02445058015597474,0.014660765876786021,0.020930270081128535,0.01020408163265306,0.019618581409057662,0.025156306379816046,0.022063066257138914,0.026056056393169505,0.023262131512293206,0.025255450498931367,0.02111496598921564,0.013156374512397035,0.020829620015530848,0.02408524597893221,0.026085424283659835,0.026059577663447714,0.018015878160751647,0.013124164125528416,0.022364392908503703,0.025163920248571406,0.02583951263814023,0.02654957924151559,0.02644871884727143,0.024349737239795485,0.02254069146509949,0.010983463861780991,0.022622576865297547,0.02567468609040543,0.026499382208219832,0.02600804705818756,0.018317949087309673,0.01150633228214328,0.023073869004222564,0.025961718603018068,0.015398569053051345,0.025173530928815746,0.01930177810909104,0.025123051067419404,0.018956102581276814,0.010392342067896257,0.02082214694001467,0.012787172359022742,0.024748108542906988,0.015611165506754513,0.020894651733919876,0.010664712343148237,0.022455181775186378,0.006919273697996086,0.019703301142926812,0.002807506667674139,0.015074469564106512,0.007184325695317476,0.02117758169941266,0.008746982402113437,0.001945735676176907,0.005801054320688425,0.0008470398435538435,0.004297798456610522,0.00186373207016475,0.006958791245185583,0.016872437903959356,0.007346293231143221,0.003292683234775264,0.0008111783504548923,0.0008427399770100351,0.010743125595318748,0.016833645404425602,0.005511225632220177,0.0019364382871827424,0.0011114640921787162,0.00024439300972812047,0.0003675548804568098,0.003008772195722324,0.005178757791509406,0.01936955588513467,0.005156891519917243,0.0013127358214526307,0.0003056892258699117,0.0009056646343166341,0.010413325563237277,0.018848262311573875,0.004527688125948184,0.0010012993820200568,0.013978216510588198,0.0019247025670644663,0.009133834816971727,0.0019863441480863324,0.009673130965165847,0.020169506994470544,0.00727729369577745,0.017401400204640167,0.002483253586726095,0.013718612360271446,0.007188757198165249,0.019836912293822076
vanilla_deficit,3,68000,62.049208407173865,62.41835774993524,0.43518707156181335,1.5223525762557983,16,0.3924000000000001,0.6156755102040816,0.0207,0.0074,0.0191,0.0027,0.0155,0.0065,0.0177,0.0094,0.0013,0.0074,0.0008,0.0047,0.0009,0.0078,0.0178,0.0077,0.0041,0.0012,0.0013,0.0129,0.0178,0.0045,0.0016,0.0009,0.0003,0.0004,0.003,0.0051,0.0174,0.0053,0.0004,0.0001,0.0012,0.0104,0.0174,0.0059,0.001,0.0151,0.0023,0.006,0.0025,0.0118,0.0274,0.0065,0.0185,0.0019,0.0128,0.0068,0.0212,0.0,0.0,0.01020408163265306,0.021117885425917374,0.011632453320509287,0.024222044599420664,0.013475645865452832,0.020901040138852328,0.01030591797644933,0.02026930586226573,0.025551957473080065,0.022081580066404073,0.026307790638938962,0.023273500463964862,0.02547091616990609,0.020350164052869872,0.012671621236474587,0.020018971790465825,0.024708404497950226,0.026620243658291673,0.026432036120211055,0.016702607481442953,0.011776681042050468,0.022871106171127007,0.025513803790532384,0.02609479095354407,0.026724882781196294,0.026702150409059947,0.024439752042359653,0.022546118068572485,0.01277035917063045,0.022643415866725997,0.025905569321261666,0.026715557276102732,0.02637541724835639,0.018665545920356567,0.010829319965532231,0.0234047597757703,0.026178113430466117,0.014809842357048764,0.025348919552272225,0.01991075734243862,0.02516846507913178,0.018193281985488516,0.011252266050508719,0.020833275192945165,0.01020408163265306,0.024855843683355895,0.01604019465622694,0.020603222034409195,0.010304338728355459,0.021590067133435795,0.0072209902920568345,0.01864579949029604,0.0034558803471151115,0.0165114661436863,0.007520340935368926,0.020277155862192184,0.008200512065042291,0.0018204697902268923,0.0059470412498202506,0.0008741502589219008,0.004594456127151796,0.0018786844347765876,0.008103454717894991,0.017320319331707933,0.008422873147255401,0.0027939579462901436,0.0004991002987390968,0.0007640758970009332,0.012442701474474505,0.018511739639507634,0.004999341225179567,0.0018272046941053338,0.001129822371458362,0.0003734977394799698,0.00040078432253895226,0.003194557323337265,0.005428500051262328,0.017475237707295546,0.0053507720801734375,0.0013569527278884537,0.00038469151933612,0.0007929753122952039,0.010164632302048244,0.019727020346189464,0.004397837781577842,0.0010298070420604066,0.014753726287432975,0.0020641843949771757,0.008709017313450007,0.00224172867671461,0.010692447249208049,0.019024028603215525,0.007484494432863282,0.020478382984222315,0.0026169807459086683,0.013237822303316285,0.007760636516967914,0.020318113997369443
vanilla_deficit,3,69000,62.96769769419916,63.34421020897571,0.4429404139518738,1.3237683773040771,16,0.40369999999999995,0.6064755102040816,0.0218,0.0085,0.0175,0.0024,0.0174,0.0075,0.0183,0.0089,0.0018,0.0073,0.0006,0.0048,0.0009,0.0079,0.0183,0.0078,0.0034,0.0013,0.0011,0.0132,0.0165,0.0048,0.0011,0.0007,0.0004,0.0002,0.0029,0.0056,0.021,0.0055,0.0001,0.0001,0.0012,0.0111,0.0172,0.0065,0.001,0.0162,0.0026,0.0067,0.0028,0.0127,0.0286,0.0074,0.0169,0.0027,0.0136,0.0066,0.0203,0.0,0.0,0.01020408163265306,0.020316759863687972,0.010443643302718563,0.024980384518176003,0.013925004957342061,0.021497726710506038,0.01020408163265306,0.020603042029420475,0.025317768313100918,0.022055706736686886,0.02645037645308715,0.023644330077918614,0.025579126225012794,0.021041549674220582,0.012436992712938058,0.02108566361987297,0.023994820836045372,0.02641825807825155,0.0265111961413843,0.016297122911358736,0.011466631334509321,0.023449436576522112,0.02572083795386231,0.026086028146970038,0.026850035966455278,0.026874982298378043,0.024081786646683957,0.02269732965383145,0.01020408163265306,0.0226417430653199,0.025983569567072096,0.026774334756889333,0.026304389922363586,0.017654715214460444,0.013540945445624205,0.023372756340600195,0.02643332013946416,0.013537342687315481,0.02532779474980359,0.019164811554384917,0.02459055519037335,0.0173695321914954,0.01020408163265306,0.02034059019933174,0.01224557993945563,0.02535802271351948,0.015870848737617398,0.020377629013587903,0.012468650301767394,0.02172107018743105,0.008130054153338978,0.019957119587890572,0.002640046662117352,0.01599586195651275,0.00679816433482329,0.020864156765812696,0.007866372694464031,0.0021981649367911436,0.006053839341596919,0.0008068254738476626,0.0041571032408232785,0.0018470542791946998,0.007342816695524277,0.01777247348493583,0.007251084370591718,0.003777697462866901,0.000845173192572236,0.0007342098352397265,0.013085547826527887,0.0188529110022379,0.004467921246339805,0.0017169201263219549,0.0012418389647939983,0.00032965218339656366,0.0002998675219782656,0.003673864673627283,0.005404961457534129,0.021036251462701425,0.0053932040390824165,0.0013641693386985871,0.00042003560741489353,0.00098112602443342,0.011386526126477555,0.01641534713223552,0.004481348578421349,0.000827189851579741,0.016341523643845706,0.002147131377344578,0.009622609802459957,0.0030273582070760334,0.01180514526435555,0.02112930524372146,0.008218789435159905,0.017961948176975218,0.002189165714098786,0.013555435178376193,0.00805737946007337,0.017656550921449514
vanilla_deficit,3,70000,63.86367378849536,64.24763495894149,0.4233713746070862,1.338735580444336,17,0.41890000000000005,0.5859836734693877,0.0196,0.0083,0.0174,0.0023,0.0166,0.0075,0.0188,0.0091,0.0017,0.0086,0.0007,0.0036,0.0012,0.0091,0.0185,0.0099,0.0037,0.0008,0.0004,0.0151,0.0183,0.0054,0.0013,0.0008,0.0002,0.0004,0.0042,0.0063,0.0208,0.0064,0.002,0.0003,0.0017,0.0125,0.0181,0.0057,0.0006,0.018,0.0029,0.0122,0.0026,0.0127,0.0249,0.0072,0.0185,0.003,0.0129,0.0068,0.0193,0.0,0.0,0.01020408163265306,0.02067992163277348,0.011663523204411542,0.024786326646921764,0.013023737037699254,0.0214260660012901,0.010789646726037572,0.02130589182962759,0.025666409301047285,0.022204350413573673,0.026380638433873997,0.02375424721878925,0.02585063402129787,0.020644488350808732,0.011657154966311688,0.02045051690185299,0.023926076915459546,0.026816033955567968,0.026721094297132333,0.015683505941481612,0.011861591067529495,0.023614986943425335,0.02550665287304088,0.026343317686843774,0.027000517002470484,0.026986554184920443,0.024080776548462614,0.02349656502407324,0.010707327865480079,0.022701978528167216,0.025886883728908322,0.026792435426916852,0.02643393334999007,0.017396443712150145,0.012835379946350593,0.02359578580512898,0.026387368079613373,0.012035607183496633,0.025300891560890486,0.018289404113596783,0.024621682566260385,0.01695770484796577,0.01020408163265306,0.021567683167412546,0.010945036838683083,0.025581526629583125,0.015850284064490558,0.02132792784755322,0.012055326345331165,0.020552270287512185,0.007815659949808835,0.018707121766083377,0.0029442335667127437,0.017132563220107623,0.006891446727981086,0.019665676031195033,0.00711213429265419,0.00186112941815618,0.006007230786987603,0.00101383972577557,0.004129526418494392,0.0016425837170976722,0.007857694435936736,0.018597488904017672,0.008048740176783592,0.003925684928218815,0.0004973302182734629,0.0006099570914903101,0.013899155590610012,0.018433091450996485,0.004411918319226331,0.002050648395358431,0.0010581133108441393,0.00027847806442637295,0.0003341046484758678,0.003742164824607523,0.00451333968778802,0.019802393357683048,0.005377832283098777,0.0015995807056010843,0.0005253251419785616,0.0010287409912539593,0.011828035799649582,0.017160698651102667,0.0043175091207723485,0.0010058563501244245,0.01826571871251282,0.0022947429455005587,0.010729654785357957,0.0031004882640157457,0.01230944901281317,0.02132100026645771,0.006840633848824313,0.019637586811900896,0.001961825692345768,0.013584119279849797,0.007007867974705418,0.018320450879881284
vanilla_deficit,3,71000,64.75324352714233,65.14518862497061,0.4020424485206604,1.6673386096954346,18,0.4161,0.5844836734693877,0.0202,0.008,0.0197,0.0024,0.018,0.0071,0.0179,0.0085,0.0019,0.0092,0.0012,0.0028,0.0015,0.0087,0.0179,0.011,0.0038,0.0006,0.0003,0.0164,0.0172,0.0057,0.001,0.0012,0.0002,0.0003,0.004,0.0062,0.0205,0.0056,0.0027,0.0005,0.0015,0.0128,0.018,0.0051,0.0005,0.0175,0.0027,0.0115,0.0025,0.0129,0.019,0.0071,0.0195,0.0027,0.013,0.0067,0.0209,0.0,0.0,0.01067234157743047,0.021079846319159594,0.011302887057589462,0.02495785942696494,0.013524071370717738,0.021880529788679444,0.01155251819616394,0.02015450752599624,0.025606137113899183,0.02195588583071869,0.026511441448063187,0.02373021071931631,0.02569409840789782,0.020906480265879435,0.011709360841328476,0.01935314479544218,0.023639167359795293,0.026918092951935313,0.026999772273320732,0.014992607919098943,0.010979041570150125,0.023235535496483745,0.025442871422805463,0.02635790953559916,0.027026000717880708,0.02701550333182722,0.024515787558600663,0.023901280912404725,0.010737938721674044,0.022769444166313303,0.025382655658195273,0.0270981008839819,0.026670539415822987,0.01730838130543607,0.012147716993828453,0.023900167605342852,0.026655548797835167,0.012112951913504897,0.02533889967672101,0.01778779296196235,0.024572813150717812,0.016854652935300633,0.01020408163265306,0.021979090336824627,0.012536220978654694,0.025289547440319166,0.016110037076956598,0.021670115555711585,0.011258411057094258,0.019924245589258392,0.007549111010336366,0.01914016072300647,0.002771723794322879,0.01639852812757702,0.006485874237363922,0.01861083351511177,0.00856432204867166,0.002005749901073675,0.006396837144056551,0.0009360856207954012,0.004222254761364106,0.001940881545242434,0.007636764542913385,0.01846457825087971,0.00939398640397787,0.004368889738332403,0.0004556056630636956,0.00039815978546487314,0.014624313114983451,0.019600926054186427,0.004884864333274733,0.002198656829017599,0.0011174915816949877,0.0003281070104663863,0.00034051021950224025,0.003294054759789659,0.004137313907327262,0.019690489142599868,0.00539651304542319,0.002308867395013159,0.00024291690436598952,0.000748103075307348,0.011966231096963,0.01810288759747233,0.004177691837677178,0.0007658152721849585,0.0180267768527907,0.0023215048688951536,0.011321656224601849,0.0033048010489545206,0.012541397327131196,0.022447422458762578,0.006291294810032692,0.017604787379843202,0.0023798171098054445,0.013382137293707113,0.006773552126216238,0.019075523936908985
vanilla_deficit,3,72000,65.63456579321064,66.03466825000942,0.42938151955604553,1.721282720565796,18,0.43099999999999994,0.5797673469387755,0.0219,0.0077,0.0185,0.0022,0.0176,0.0076,0.0176,0.0092,0.0016,0.0085,0.0009,0.0029,0.0014,0.0085,0.0195,0.0102,0.0037,0.0006,0.0007,0.0177,0.0185,0.0056,0.0011,0.0013,0.0002,0.0001,0.0043,0.0057,0.0213,0.0051,0.0015,0.0003,0.0019,0.0122,0.0178,0.0059,0.0007,0.0177,0.0026,0.0136,0.0038,0.0149,0.0281,0.0075,0.0177,0.0022,0.0134,0.0064,0.0211,0.0,0.0,0.01020408163265306,0.02090687101984639,0.011178987709241299,0.02525159626852705,0.012394915383219601,0.022184554907689467,0.01020408163265306,0.020801500731850657,0.025954968687757277,0.02246773544623697,0.026885993618085177,0.024345198621435506,0.026164836729621693,0.021120635230932546,0.011770267673144014,0.019886666091433844,0.02401495387582206,0.027019154686814408,0.027050891738329967,0.014254170096765101,0.010413243300035074,0.023394983749862767,0.026093727749843913,0.026369916801184307,0.027275094923365016,0.027214556516234147,0.02445240690225421,0.02324787207918149,0.01043383791248971,0.023407166829775266,0.026027136612647904,0.027373401425667694,0.02687306230458078,0.017486310407201944,0.01276081746196181,0.02417393396836601,0.026835102881553934,0.012121664141630451,0.025395656083426463,0.01781471440975192,0.024054484058391796,0.014907376529825486,0.01020408163265306,0.021810330099070224,0.01173556753351433,0.02567599322086226,0.0165648622165699,0.02147362572218256,0.010347010743856444,0.02288033409915288,0.007771893896582879,0.019224338276346748,0.002787398880150145,0.017846560946788746,0.006322156149149003,0.020530769639231537,0.007933737400814723,0.0018506181757966633,0.005992184659432793,0.0007657566072757928,0.0037654389097815637,0.001606072873449873,0.007522808646791682,0.018652546471733988,0.009195045998889418,0.004150251196812156,0.0006105928504506894,0.0005736117703895192,0.015601969809188754,0.02011660942161562,0.004872661243391037,0.001767056448794863,0.0013671066751661872,0.00031236267698572616,0.00038290406548820285,0.003718641214482264,0.0051222057109092745,0.020014486886380183,0.004858465108837869,0.0018055881819832387,0.0001978126334693563,0.0007808246087808366,0.01175764619018389,0.01738113703568291,0.00392593974488551,0.0008250562054476975,0.018164962485667277,0.0025023480376534374,0.011531228798893501,0.004104189298285532,0.014918956699505447,0.023072643162474427,0.0067972779850844125,0.01869298024174409,0.002214752274564671,0.012909473619449371,0.007111492251777889,0.02019378582413987
vanilla_deficit,3,73000,66.53581847355235,66.94362483394798,0.41037535667419434,1.3772906064987183,18,0.4225000000000001,0.5869673469387754,0.0211,0.0083,0.0197,0.0017,0.017,0.0077,0.0174,0.0094,0.0015,0.0081,0.0009,0.0028,0.0019,0.0085,0.0198,0.0101,0.0033,0.0005,0.0002,0.0167,0.0156,0.0055,0.0014,0.001,0.0003,0.0002,0.0034,0.0055,0.0206,0.0054,0.0024,0.0007,0.0021,0.0114,0.0169,0.0059,0.0008,0.0171,0.0022,0.0128,0.0034,0.0137,0.0282,0.0077,0.0173,0.003,0.013,0.0072,0.0212,0.0,0.0,0.010590403850823635,0.021179604045216918,0.011655103353688207,0.02529476727377371,0.011725982940363028,0.022053652616685848,0.01020408163265306,0.021017472422668833,0.02568911351058986,0.022003466360114524,0.026870442786564794,0.02422299307258293,0.02644119943556119,0.021651452822680314,0.011732735514129053,0.019569475232248806,0.023266568612929955,0.02706604633977021,0.027224010278139643,0.01413278869651344,0.011293155152582869,0.023510170298320157,0.026152178053110216,0.02656874573024226,0.027480733447916142,0.027342746960538067,0.02437316599517491,0.023622786319981805,0.010985753581398302,0.023133161293516644,0.026214956038235968,0.027307573766195997,0.02683074564462567,0.017907818376074466,0.012199748052082555,0.023791915725749756,0.026927802587242457,0.01175746216204755,0.025451701622560895,0.017208379107270678,0.024007055222581952,0.015371225467535218,0.01020408163265306,0.02146105300838106,0.011730881564833833,0.02544811279415314,0.01653841981564655,0.021383028148996792,0.01020408163265306,0.020028659518322178,0.00752997928079995,0.018713482685017928,0.002670533163868859,0.018513941692408956,0.006436315732295409,0.021246290600829672,0.007757419083851265,0.0022904756119868017,0.006533688582334267,0.0008397891120997713,0.0039158049395239414,0.001338517882859991,0.006981748166168066,0.01866234601977146,0.009400753893335443,0.005105179290206919,0.0006906464807704094,0.00046804902181708184,0.015990962489815828,0.019016835144446728,0.004783081144283184,0.0016743257141430576,0.0011903245407556087,0.0001307053007126849,0.0002910288818949849,0.0037803846970174957,0.0046912974706152565,0.01937399852826663,0.005260182432983283,0.0016013853010198966,0.0003318958724655177,0.0008859123816989452,0.011409522849421243,0.01804160902953656,0.004455727091248362,0.0007731439728887894,0.01859455415053934,0.002488194463274678,0.012183124042257368,0.004205761060216721,0.01427861149929384,0.02107284427672964,0.00712484468332476,0.018703562584245364,0.002531426747095641,0.013039660573128786,0.007254562617167761,0.020795336722417748
vanilla_deficit,3,74000,67.4204455105355,67.83584345900454,0.39861541986465454,1.4679272174835205,18,0.43199999999999994,0.5790673469387755,0.0216,0.008,0.018,0.0019,0.0175,0.007,0.017,0.0082,0.0013,0.0085,0.0011,0.0031,0.0013,0.0077,0.02,0.0104,0.007,0.001,0.0008,0.0162,0.0178,0.0049,0.0014,0.0011,0.0003,0.0002,0.0042,0.0054,0.0221,0.0053,0.001,0.0002,0.0013,0.0127,0.0179,0.0056,0.0008,0.0192,0.003,0.0121,0.0045,0.0157,0.0284,0.0075,0.0175,0.0022,0.0146,0.0069,0.0206,0.0,0.0,0.01020408163265306,0.021764274228299046,0.01070292550743761,0.02568031879183949,0.012184254108445619,0.021952526221190198,0.01020408163265306,0.020962187402440213,0.025968210410369737,0.02194188477514144,0.02711042205832212,0.024797696613469172,0.026076024699069333,0.021647423639122962,0.01045478519522761,0.019422907368650155,0.02323074202540261,0.027181680418014685,0.027374602879810944,0.01318100922508325,0.012205012337014532,0.023619759434448218,0.026200334432505093,0.026836020744318803,0.027600192561565574,0.02739698672104081,0.024567011831686206,0.02358892949306917,0.01020408163265306,0.023679594306027132,0.02603921416401707,0.02750430360506799,0.026842244143712807,0.016137386423001013,0.011032656921434335,0.024255659536101665,0.027174995396360153,0.012845176531673028,0.025393037806849837,0.016577638837885125,0.02409876954060208,0.015443121086803926,0.01020408163265306,0.021836279555548243,0.012494737529608868,0.02557927170203497,0.015974078658136475,0.021377283826582123,0.011250100774956185,0.021518888877300364,0.006986260853043191,0.01978658677012162,0.0024822254957966024,0.01812190042702657,0.006769742981937228,0.02108299058938004,0.00806503034040667,0.0020729821931634853,0.006781982232149564,0.000759268428071575,0.003497372651036289,0.0019489796798007831,0.007159718959789905,0.02011104764126314,0.009718244475117935,0.005221479151045284,0.0006773106856743446,0.0004554210786899376,0.016897358368944498,0.01809802536791752,0.004774051105603998,0.0018450674445647834,0.0010748708683125685,0.00019595929617787975,0.0004296763225477517,0.003762694558555608,0.004809510136720728,0.02178694577575713,0.004705232078441525,0.0019913172856947953,0.00030624589875018416,0.001067713030739976,0.013497083624179916,0.019329221461963975,0.004120796139147636,0.0006849994577011756,0.017322678558481987,0.0027345164787771995,0.012912602679915966,0.004223118035362099,0.014256529816000138,0.02142979094654807,0.0069034439865396915,0.017686673181618554,0.0025593822210484667,0.01364584941242539,0.007470420037712236,0.019313503596934643
vanilla_deficit,3,75000,68.31909879518207,68.74207366700284,0.4247398376464844,1.4346140623092651,17,0.41590000000000005,0.5927755102040815,0.0219,0.0084,0.0173,0.0026,0.0182,0.0059,0.0194,0.008,0.0018,0.0081,0.0006,0.0035,0.0014,0.0075,0.0178,0.0098,0.0031,0.0006,0.0012,0.0159,0.0154,0.0052,0.0013,0.0011,0.0003,0.0003,0.0032,0.0054,0.021,0.0059,0.0007,0.0004,0.0023,0.0119,0.0176,0.0044,0.0005,0.0177,0.0032,0.0132,0.0039,0.0154,0.027,0.0069,0.0171,0.0025,0.0122,0.0066,0.0203,0.0,0.0,0.01020408163265306,0.020957649725524857,0.011185471956662515,0.025576483256666154,0.011776407704244544,0.02200768541738346,0.01020408163265306,0.02027450462174816,0.025988712653072066,0.022868142200264528,0.027343721683944673,0.024996424765942778,0.026716882071422983,0.021494313594089917,0.010567039336461427,0.019729108705884305,0.02307026232059749,0.027319042679958244,0.0273145634830397,0.014165561914662228,0.010919931195797483,0.024406791968255563,0.025878882422851808,0.027030237271545847,0.02755745688148644,0.02766983725377771,0.024664188905412623,0.02391589217977773,0.01020408163265306,0.02309127191802983,0.026572402873936946,0.027629600255068318,0.02707954329669226,0.016943016152657666,0.011639022201547307,0.024130223135373864,0.027184702695659264,0.010570295634988887,0.02555971506228416,0.016377505524085918,0.02303635518924559,0.01464094862781189,0.01020408163265306,0.022132692172500495,0.011810709707361281,0.025981298099136643,0.016035978837290254,0.02187432363007768,0.011498872285164257,0.025188374898938562,0.008050590414228644,0.01927598459839531,0.002685230051203483,0.01867765820415782,0.006770476685905377,0.0213277284096448,0.00875446998884971,0.0021742835078274255,0.005785501258639977,0.0005841255598220012,0.0033101676161761237,0.0013016765483831179,0.007475327205193197,0.020062036999790003,0.009456916379469802,0.005476006879207227,0.0006123759182126078,0.0006175033098334527,0.015708389092068113,0.019619014862486454,0.0039460650076968235,0.0022609450187134074,0.0009429750095406764,0.0003394602591250146,0.00021081706934945584,0.0036514195784351847,0.0045470665132578735,0.02089637883048581,0.005491019435480477,0.001506126156842279,0.00025687685501696897,0.0008865337981381333,0.012568065678437889,0.018795862573234248,0.004340781741012958,0.0007661565450450914,0.01986299697494831,0.002665362308865303,0.013215412627270731,0.005553883288116002,0.015359520594002111,0.02256786158365505,0.006588317420928762,0.018443079780699305,0.002143708538608549,0.01360636241224743,0.006923137558648528,0.018956293900544367
vanilla_deficit,3,76000,69.22357867937535,69.65414916700684,0.400575190782547,1.4071877002716064,18,0.4357,0.5709673469387755,0.0225,0.0089,0.0204,0.002,0.0187,0.0069,0.0186,0.0084,0.002,0.0082,0.0012,0.0023,0.0014,0.0084,0.0193,0.0118,0.0042,0.0002,0.0001,0.0184,0.0154,0.0049,0.0016,0.0015,0.0002,0.0002,0.0041,0.0052,0.0188,0.0056,0.0025,0.0005,0.0017,0.0137,0.0169,0.0045,0.0006,0.0197,0.0032,0.0145,0.0043,0.0149,0.0231,0.0075,0.0212,0.0029,0.0139,0.0072,0.0215,0.0,0.0,0.01020408163265306,0.02065021355795624,0.010836304837822674,0.026178432341397134,0.010701462647424921,0.021991505281305314,0.01020408163265306,0.02127321149751687,0.026530133041382985,0.02326458627663752,0.027467646936266667,0.025322483320367448,0.026518683976863376,0.020902516161281384,0.01020408163265306,0.018411650504798968,0.023338669076692978,0.027540828947156933,0.027710807626431945,0.01327019000645913,0.013489779010248974,0.024630425929968853,0.02628029537723739,0.026949374813249508,0.027665034057165985,0.02775128766065938,0.024359565074363272,0.024142099769541132,0.01020408163265306,0.022800814530224138,0.026381588837549395,0.027816420390958378,0.027121696769967958,0.015527017803303412,0.010744064685543616,0.024522339472591116,0.027517560065002486,0.011307707629181029,0.026143001726141722,0.01652106108495259,0.024427608049325075,0.01462158352442443,0.01020408163265306,0.022773054794312093,0.010575562486231687,0.025778225511686077,0.01579124101777174,0.021176787077786214,0.010255068649584602,0.021502736042244328,0.008419495568674346,0.01976192554783427,0.002123215895122903,0.019680174187116314,0.0068622671033146355,0.020637385849017288,0.0077143437721892616,0.0017641994213866692,0.0054213067181765415,0.0007030568955009631,0.0030920377026306552,0.0017380957578472956,0.00825110967798535,0.02043056072646327,0.011070442264719593,0.005337454724083923,0.0005811619763663896,0.0003887684491270052,0.016850837385267,0.016485103990203552,0.0038753557220361687,0.002007920324853704,0.001250610330172321,0.00044057811421544993,0.00034295037005376466,0.004220997115479163,0.004428076762396466,0.020576144864584266,0.0061024853886839595,0.0019323319392318724,0.0002692286787545798,0.0010555645208081103,0.014218279899624167,0.01971007927850071,0.003997695387636621,0.0006856242930916679,0.01918929703728075,0.002202381195487771,0.013171278536713248,0.004183043909670656,0.015399362515926194,0.022324653277611496,0.00601671826169857,0.020096114124453078,0.0025761974332887917,0.014075463943664816,0.007823483543736593,0.020224496029930927
vanilla_deficit,3,77000,70.12423056166153,70.56332774995826,0.4470752477645874,1.7480690479278564,18,0.44789999999999996,0.5616755102040816,0.0233,0.0087,0.018,0.0019,0.0195,0.0067,0.0188,0.0085,0.0018,0.0079,0.0007,0.0037,0.0012,0.0083,0.0198,0.012,0.0061,0.0009,0.0004,0.0186,0.0173,0.0043,0.0015,0.0012,0.0002,0.0001,0.0041,0.0057,0.02,0.0057,0.0019,0.0004,0.002,0.0142,0.0188,0.0052,0.0007,0.0203,0.0026,0.0145,0.0046,0.0165,0.0261,0.007,0.0214,0.0028,0.0145,0.0073,0.0202,0.0,0.0,0.01020408163265306,0.020619246340081852,0.011629322151414354,0.02567950548072026,0.01087415289571567,0.02193929419436625,0.01020408163265306,0.021054312944268017,0.02631402336564053,0.022710449276594546,0.027538126815644833,0.025263573142921103,0.026546802394568907,0.021647811239123703,0.011244049707139249,0.018740116141885706,0.023012418357822216,0.02749199961030549,0.0275090971174815,0.012935431616538713,0.012212358140572973,0.024655640335346965,0.0262044888531712,0.027041430832103433,0.027742659961546845,0.027761847768329816,0.024627120190935138,0.02399749269850268,0.01020408163265306,0.02296431281824092,0.02649009288301711,0.027785806659944165,0.027096272758110017,0.016702612237474403,0.011292368460006627,0.02489758255803174,0.02737025066325776,0.010605897825032705,0.02587218394034585,0.016418178290057227,0.0237371046108259,0.013271229948723786,0.01020408163265306,0.022243980607447287,0.01020408163265306,0.026076999762621247,0.016476739413421534,0.021946879683141716,0.010738327144292674,0.023159000106072594,0.008570283529619437,0.018746948191620892,0.0027248430103091956,0.019601805709550398,0.007075979009478863,0.02177332156784013,0.007960597222786386,0.001967501289999866,0.006124900410589983,0.0006599315877023556,0.0031956816775807273,0.0017039936042802678,0.007327815000021127,0.0190658921190516,0.010736536146237874,0.005822131543222003,0.000634022945780826,0.000614668433614222,0.017346547037285567,0.018086946880928524,0.003883866381908927,0.002091495216858716,0.0011440703351359184,0.0003502734630145108,0.00032855271530501674,0.003916151408979218,0.004589832166651976,0.020591701007793558,0.005798462391172379,0.0018072517159558466,0.00030143106216139404,0.0011210513449392712,0.012925819039931575,0.0191674449119898,0.0036881108890182332,0.0008109062083428003,0.01994453505266609,0.0024676669834262487,0.013404050498351751,0.004923656023328026,0.01696642069261465,0.023166836984793396,0.006652946601149166,0.020649443304360304,0.0022358138668675657,0.0132205713475879,0.00691114217671529,0.019950874025026422
vanilla_deficit,3,78000,71.01568730501458,71.46340358396992,0.43343499302864075,1.737802267074585,18,0.4542999999999999,0.5545510204081633,0.023,0.0093,0.0183,0.0021,0.0185,0.0073,0.0198,0.0085,0.0018,0.0085,0.0008,0.0026,0.0014,0.0081,0.0201,0.012,0.008,0.0008,0.0003,0.0195,0.0173,0.0051,0.0015,0.0013,0.0003,0.0002,0.0047,0.0053,0.0213,0.0059,0.002,0.0004,0.0008,0.0136,0.0194,0.0046,0.0005,0.0211,0.003,0.0148,0.0062,0.0173,0.0244,0.0068,0.0207,0.0028,0.0145,0.007,0.0208,0.0,0.0,0.01020408163265306,0.021222677224858086,0.011600788194856382,0.026024867535334638,0.011764955922431009,0.022485624089896253,0.01020408163265306,0.021002101499159095,0.026327422273284162,0.02249900411388652,0.027702839316950757,0.025367895089046452,0.026842815241796755,0.020802843249995488,0.010543793173846357,0.018675404967070874,0.022903793122941787,0.027639853916186792,0.02783825849484077,0.0122688540969575,0.011667598420256178,0.02441196198194684,0.02632767604860719,0.027248817226704546,0.02803663494276249,0.027839812470024733,0.024084418845202828,0.024366839858039183,0.01020408163265306,0.023371824637864407,0.026247060369903895,0.02795697718340144,0.027402356674554547,0.015815548835564866,0.011267736428081588,0.024756429229019303,0.027625264980342297,0.01020408163265306,0.026174300301867202,0.01628891857569658,0.023099570648638285,0.012871450511786132,0.01020408163265306,0.022754336494429924,0.011458172583807161,0.02628800833134018,0.015221292071942411,0.021784308128343866,0.01109848453326699,0.02606918197114088,0.008010575724374818,0.01883395097119389,0.002471981153943402,0.01861088758409376,0.006516926815013764,0.021574989255715177,0.008296861779217055,0.0021719371742380286,0.006501930345731996,0.0005912930253585058,0.0032473851670000464,0.0015552169042699377,0.008403004985865574,0.020096766923548465,0.010865584818079614,0.00608730113753255,0.0006618877140110551,0.00043951381009948916,0.01816330079811928,0.018759069379528235,0.004279742380931094,0.0021716527402311104,0.001100165680188824,0.0002562339354035937,0.0004377720986400861,0.004646856116467588,0.0043303157241180315,0.02072614392276856,0.005562726574621369,0.0022229451267531414,0.00030645267601880596,0.0009280770789354306,0.01411000365059423,0.019246301336246253,0.0038936599274874794,0.0006782391442031632,0.020765586975769513,0.0023044953635871918,0.013540383449653881,0.005750684161748097,0.017409779503549588,0.023115737169716724,0.0062157511726419696,0.01887660852317255,0.0022942377280386985,0.014658865277832603,0.007342031498636382,0.019436000610575967
vanilla_deficit,3,79000,71.89284074178431,72.34881808399223,0.3835418224334717,1.7987136840820312,18,0.44989999999999997,0.5641591836734694,0.0239,0.0088,0.0184,0.0014,0.0192,0.0071,0.0181,0.0085,0.0018,0.0088,0.0009,0.003,0.0012,0.0088,0.0207,0.0125,0.0051,0.0008,0.0004,0.02,0.0171,0.0046,0.0015,0.0011,0.0001,0.0001,0.0044,0.0051,0.0219,0.0062,0.0009,0.0003,0.002,0.0144,0.0191,0.005,0.0005,0.0196,0.0031,0.0139,0.005,0.0165,0.0283,0.0069,0.0186,0.0025,0.0137,0.0068,0.0213,0.0,0.0,0.01020408163265306,0.020933974656290884,0.011937586131719868,0.02607779535494354,0.01020408163265306,0.022677809069135472,0.01020408163265306,0.020426490609572245,0.026648521211741952,0.02267694346827541,0.02761522325013828,0.025154174054318544,0.02741321415527003,0.021548394157877498,0.010510346598153204,0.018165332098169812,0.02312320149550315,0.027952649708857094,0.02798958795512286,0.012815346547433203,0.011227040304372113,0.0244097863744379,0.0267713221366781,0.027404879854447166,0.02801981254152322,0.02794097305565369,0.024588820117023617,0.023545155797041646,0.01020408163265306,0.023540266033866906,0.026242352741979683,0.02790692423286073,0.02714012819565422,0.015109985706486903,0.011005367027732145,0.024930092813855678,0.027693091763366116,0.01028260516071611,0.02629398387424326,0.015916792225915626,0.02336251979972891,0.014068057085496213,0.01020408163265306,0.02257419419081825,0.01173630800136133,0.0262875978937141,0.01594455859735669,0.020815613718715792,0.010554772069165516,0.02475133631875398,0.008284464843073519,0.018428306373341124,0.002551574317252332,0.02095951957304882,0.006340926689300721,0.020830354550955336,0.008889128411594576,0.0019154889929450909,0.006302828918683895,0.0007990178346950136,0.0035419061359902733,0.0010241609907158317,0.007677807082187566,0.02013618073421965,0.011448297067470962,0.005805465467225397,0.0004229493319851144,0.0003817809214857082,0.017450024923425515,0.019181161337110945,0.0044887285178288995,0.0017395624184813495,0.0010334497348276346,0.0003480950185017922,0.0004359631943346778,0.004211066849114767,0.005413314001668745,0.02099008311683721,0.005379701240028656,0.0023291093348640005,0.0004739112848768394,0.0013285207268602833,0.014814478919508529,0.019428220615014993,0.00386977413749115,0.0007512943271927374,0.020390003098082757,0.002271565410545486,0.01399340199891763,0.005577802954957607,0.016171041600997957,0.02323028519733821,0.006495470033023461,0.018574509854870372,0.0022786827129202126,0.013806205825422004,0.008455442963271803,0.02024291766275152
vanilla_deficit,3,80000,72.79081094486173,73.25486695894506,0.4153657555580139,1.6636844873428345,18,0.44999999999999996,0.5622591836734694,0.0243,0.0076,0.0168,0.0014,0.0189,0.0059,0.0167,0.0077,0.0022,0.0083,0.0011,0.0036,0.0013,0.0088,0.0194,0.0131,0.0038,0.0006,0.0005,0.0204,0.0182,0.0045,0.0016,0.001,0.0,0.0003,0.0042,0.0054,0.0211,0.0064,0.0018,0.0007,0.0023,0.0141,0.0199,0.0042,0.0004,0.0198,0.0028,0.0155,0.0052,0.0178,0.0267,0.0068,0.0213,0.0028,0.0142,0.0077,0.0209,0.0,0.0,0.01020408163265306,0.02034897622672071,0.012330788925624829,0.026673113586960263,0.010870369709372451,0.02293859690243026,0.01020408163265306,0.020504090993320023,0.026450967236101734,0.022240239711528373,0.027552164564543097,0.02557782345489007,0.02698207777230284,0.021835227718949274,0.01117889904251576,0.01843800443707031,0.022873377064128498,0.02797186623774863,0.028108360327095835,0.011224599046207226,0.010535045352452926,0.02475135102656479,0.02628822076607045,0.027494670627704207,0.028289513620614888,0.02834588306825056,0.024694430845928365,0.02452859469118356,0.01020408163265306,0.023540585431784194,0.027005470701378285,0.02830810547086777,0.027568164356734752,0.01532379923361469,0.01020408163265306,0.025197696665215076,0.028142877640421622,0.010791908932675042,0.02611671916938548,0.016137219236167386,0.023416044255114715,0.012323681644969062,0.01020408163265306,0.022792076553855574,0.010411403203601748,0.02618349532234053,0.015148922690752971,0.021340086738922737,0.01020408163265306,0.02450965898718354,0.009113647621571453,0.018058092734140527,0.002112314528506458,0.01962681216291189,0.0062627228470654855,0.02099423726009679,0.009021006093817917,0.002317813921747881,0.006992484845445376,0.0011055009468319468,0.0032790617449952398,0.0017331120000110198,0.007516489326732496,0.019209025865112334,0.01125650735705019,0.006256398653472324,0.0006434495316317517,0.0004931825892399119,0.01915871453035157,0.020074097220060108,0.004188928870887356,0.0024969822253251795,0.0011687962743891158,0.00029375013284924247,0.00023169276039421095,0.004290655047721522,0.004473224798768641,0.020965280042683897,0.005639053531397809,0.0017073586216591208,0.00027328228325759144,0.0010878867053432239,0.014841199541925157,0.020831522514850112,0.0036975449971189977,0.0004551823274128001,0.0197131899765476,0.002763914086284665,0.013828514388887306,0.005658973959730156,0.0181049796706269,0.021977858480171943,0.006424027742272338,0.020288340404719104,0.0026122749262412893,0.014760284395952093,0.008061592206112328,0.020489305707101974
vanilla_deficit,3,81000,73.6680785358185,74.14040199993178,0.3962448835372925,1.5773788690567017,18,0.471,0.5429510204081632,0.0238,0.0094,0.0205,0.0019,0.0174,0.0068,0.0196,0.0082,0.0023,0.0092,0.001,0.0026,0.0014,0.0086,0.0204,0.0137,0.0077,0.0008,0.0005,0.0201,0.0184,0.0042,0.0015,0.0009,0.0002,0.0003,0.005,0.0053,0.0209,0.0062,0.0021,0.0003,0.0015,0.0144,0.0216,0.0045,0.0006,0.0203,0.0038,0.0145,0.0076,0.0184,0.0283,0.0076,0.0195,0.0022,0.0157,0.008,0.0213,0.0,0.0,0.01020408163265306,0.019633703838270854,0.011352041716560112,0.02587330944147645,0.01102046004933949,0.022242625865804576,0.01020408163265306,0.021634590848158795,0.026501092842002826,0.022741860793344143,0.02786351474745715,0.025741349694517406,0.027007392635869314,0.021271044016176924,0.010628565672646435,0.017550705707589254,0.022786442120062617,0.028047750798932014,0.02810697096189256,0.010651780899794494,0.010957638490829265,0.02493361737845913,0.026321223596098536,0.027540078226391145,0.028271959508749486,0.02834621378071376,0.024946480037268175,0.024149815122474085,0.01020408163265306,0.023600779083643872,0.026667722099120723,0.028315506897447294,0.027281462456087674,0.016456694328644845,0.010429854487620537,0.02550692234473653,0.027919284553387498,0.01020408163265306,0.026619334344253585,0.01620537564695504,0.022363355633604434,0.012880306159399153,0.01020408163265306,0.02252410870281635,0.011065851876584206,0.026509732344880917,0.015592407416613305,0.021940976530027637,0.01097768814003201,0.024986421116239773,0.009881503073019278,0.019020782783334314,0.0029861156636736335,0.01950232530655551,0.007092841576973718,0.02138805183976633,0.0077219119530480395,0.002296282485036292,0.006544262534165888,0.0008382620215544974,0.003248305741984258,0.0017399402882634716,0.008121391560949926,0.019893891815442332,0.012287571133382814,0.006495274812776174,0.0005967536765354382,0.0005316802240990684,0.01986838200756448,0.019571356114566243,0.0040577488914565,0.002493929911739865,0.0011546043366982045,0.00035038429683874377,0.00026879077204409465,0.004004552394277642,0.004919021746418791,0.020797759926483767,0.005522324215925212,0.0021522461805836028,0.00030253270735489595,0.0014387815524777303,0.013411589016373774,0.020112243508529908,0.0034668412665947836,0.0007379174576059086,0.02098238581032574,0.002166354055459933,0.013687747903174004,0.006842991443002046,0.01741959049409389,0.023765880113999084,0.006705412125749172,0.019452446975197712,0.0022867890582791584,0.01443942658806883,0.007346180772997978,0.019627449768677682
vanilla_deficit,3,82000,74.57860367791727,75.05933929199819,0.4643585681915283,1.5065277814865112,18,0.47409999999999997,0.5404428571428571,0.0229,0.0094,0.0185,0.0018,0.0193,0.0065,0.0191,0.009,0.0023,0.0095,0.0009,0.0031,0.0011,0.0093,0.0191,0.0141,0.0089,0.0009,0.0005,0.0221,0.0183,0.0044,0.0017,0.0011,0.0001,0.0002,0.0049,0.0052,0.0202,0.0066,0.0035,0.0005,0.0017,0.0154,0.0215,0.0043,0.0003,0.0211,0.0034,0.0149,0.007,0.017,0.0265,0.0069,0.0219,0.003,0.0147,0.0081,0.0214,0.0,0.0,0.01020408163265306,0.020213864772886996,0.0116050798611044,0.02613515894414188,0.01020408163265306,0.02254866437376217,0.01020408163265306,0.02100866216798422,0.026515910938935704,0.02186982911329648,0.02799806850122135,0.025892235729553632,0.02721220117173522,0.020845914602847494,0.011411267400825159,0.017462595679150587,0.02242816958467473,0.028130686176091706,0.02806365527746365,0.010951425189099523,0.011186120990701386,0.025283683771199786,0.02629390067376483,0.027724704763028574,0.02844226302071158,0.028332046331554443,0.025050543097310272,0.024509439062077924,0.01020408163265306,0.023361757205261714,0.026543144908780514,0.02831148736867057,0.02707187692653478,0.015472678027199491,0.01020408163265306,0.025060760008561844,0.02798318038019764,0.011219089639199068,0.026523280922983214,0.01662434745845438,0.022851524902994344,0.013584415863124137,0.01020408163265306,0.022572605998804243,0.010767585566513305,0.026850434957626658,0.015117211116726113,0.02153995612467275,0.01020408163265306,0.025009293180120667,0.009469758129278933,0.0190594958337421,0.002785904408718233,0.02052331106410791,0.00683316482591871,0.02261978451240802,0.008442570879594932,0.002407739704397984,0.007459843521738572,0.0007445321847260345,0.0030520991367117742,0.0015666213880169476,0.008659971806025749,0.01903750010442333,0.012367405293333477,0.00700426525263616,0.0005992100262444432,0.0006335998385633932,0.01942420669572183,0.019323277548909824,0.0037970740435785146,0.0026119555680945354,0.001005021072002325,0.00021872230040401386,0.00033949750766554965,0.004013486584839777,0.004567364704858445,0.021044074830519108,0.005785929476982882,0.0023388342797219276,0.00040108847429224975,0.001720388389434843,0.014547952710296162,0.020868233893379357,0.003924165915804372,0.0007217840552276723,0.01928715057589067,0.0023606011919750066,0.013246893362810814,0.006462228419443411,0.016656168765663525,0.0242892677961348,0.006845992145486902,0.01986003275264005,0.0019630440153278494,0.014898410074441516,0.007860380122219048,0.020431519719600666
vanilla_deficit,3,83000,75.48264568089508,75.97149766702205,0.43505430221557617,1.5447547435760498,17,0.45189999999999997,0.5619510204081632,0.0224,0.0097,0.019,0.0015,0.018,0.0066,0.0187,0.0083,0.0026,0.0097,0.001,0.0038,0.0008,0.0093,0.0205,0.0133,0.0081,0.0014,0.0016,0.0209,0.0176,0.005,0.0023,0.0006,0.0001,0.0004,0.0043,0.0049,0.0204,0.0058,0.0014,0.0003,0.002,0.0149,0.0217,0.0048,0.0005,0.0179,0.0028,0.0091,0.0046,0.0171,0.0286,0.0068,0.0161,0.0022,0.0135,0.0068,0.0222,0.0,0.0,0.01020408163265306,0.02058201700795543,0.010291460545371086,0.02688783302535653,0.01020408163265306,0.022750384289593067,0.01051718898793222,0.020920312389152408,0.026869803286841798,0.021674196799315787,0.028461007314510775,0.025687956781294333,0.027667052250975835,0.020882193889257793,0.010367505077286262,0.017171025354158112,0.022156514987255405,0.028233027630308744,0.028640682236311388,0.01066122019803219,0.011514356912383096,0.024956870148247552,0.026988145834721457,0.027911752521604764,0.028757114024604714,0.028820409516392337,0.02452888877302843,0.024511018001203262,0.010464078150124944,0.023199632597599676,0.02625678529685324,0.02881078812130726,0.027692664513627292,0.014818262966028195,0.01020408163265306,0.026146117926899477,0.02843876091554759,0.010792495025335115,0.026418152640768237,0.015594231294026968,0.022214797097249828,0.013178338054682475,0.01020408163265306,0.02211753724290464,0.010689792950225561,0.02714453145016698,0.014254196551228749,0.02233849125906361,0.01020408163265306,0.023817530547095584,0.009195906946450002,0.020344784624082055,0.0023187537561545177,0.021304568780854172,0.006832309701481189,0.020102799047143828,0.008716059774209908,0.002377144510170852,0.007907880034571158,0.0006322782563633491,0.003644108501294267,0.0015224770683524506,0.008874111097502888,0.020380450807053044,0.012813498317404103,0.007390824923340514,0.0009157397110802835,0.0004396630098311088,0.01990933209957975,0.01887756432920256,0.004388786050542765,0.002367466341847986,0.0012210907978376013,0.0003148457154554623,0.0002469916341353024,0.004847590970410868,0.004944873808835569,0.02012067246794604,0.0063507061881266065,0.0030343125227517923,0.00025730596942329933,0.0014559576910352368,0.015413833444893815,0.021472730285300085,0.003113887740988138,0.0006951893579255873,0.019651415259218666,0.002822260879809897,0.014542916786835211,0.007367407791389135,0.017054679497532553,0.024529416683843286,0.00758885987452989,0.01980057651600873,0.0020826302152546607,0.016057586852552704,0.00727386758182013,0.02163588481946454
vanilla_deficit,3,84000,76.37287585483864,76.87055579200387,0.3986632823944092,1.591193675994873,18,0.4726,0.543234693877551,0.0233,0.0087,0.0169,0.0011,0.0197,0.0055,0.0188,0.0093,0.0019,0.0098,0.0008,0.0029,0.001,0.0097,0.0208,0.0158,0.0085,0.0011,0.0007,0.0219,0.017,0.0046,0.0018,0.0011,0.0,0.0002,0.0044,0.0051,0.0201,0.0065,0.0023,0.0004,0.0021,0.0152,0.0218,0.0041,0.0006,0.0218,0.003,0.0138,0.0089,0.0175,0.0261,0.0068,0.0216,0.0026,0.015,0.0082,0.0218,0.0,0.0,0.01020408163265306,0.01987221580979256,0.011017352097023377,0.02689880328240861,0.01020408163265306,0.02368634401187675,0.01020408163265306,0.020736181243355002,0.026674088949017925,0.021594136063132367,0.028193038163094576,0.02600016824184448,0.027410044413487315,0.020725920465711527,0.01020408163265306,0.015324581949525972,0.021671081254340134,0.02837503159431419,0.028579079053495153,0.01020408163265306,0.012539959207232235,0.02532642256887029,0.02695585950698383,0.028064379657472285,0.028899900095846483,0.028836285892285922,0.02514941655443057,0.025134983235857875,0.01020408163265306,0.023193538064485642,0.02647391899190761,0.028781156398536623,0.02749647657483722,0.014405352531682167,0.01020408163265306,0.025774355420180202,0.02852541835475049,0.01020408163265306,0.02672057682136951,0.016996740986567095,0.021633392334115112,0.014196947742787087,0.01020408163265306,0.022551020297981898,0.01020408163265306,0.026792493421778238,0.01418991796484037,0.02179912171718336,0.010763482739067314,0.023915129702145217,0.010048242617262705,0.01957101755200763,0.0024364554184528025,0.02155521248804911,0.005862883449868663,0.021103014243007402,0.009165794483061707,0.0026761370536578736,0.008094444805023821,0.0010560168506871326,0.0033949448602478656,0.0018521001085455798,0.009020488689098567,0.021972644857301896,0.014937838251914266,0.008051437109626983,0.0008228390820564461,0.0006052008569464025,0.02084861231662582,0.01782980831541796,0.004074503474327149,0.002336536412334695,0.0011932447726683197,0.0002630112383372772,0.0003308625235739648,0.004341424134763654,0.004356818797599541,0.020827691613425025,0.0063885131839725865,0.0028505770121580068,0.0003896639672134653,0.00175991105476308,0.015801106278150595,0.021559911956101054,0.0035967356495334598,0.0006624356751589455,0.020858961531543083,0.0026656153144404295,0.013193366046879864,0.008091636334537756,0.016179642056869024,0.021938509538149253,0.007151951428571841,0.020713230509681047,0.002510783643689767,0.01599182755954635,0.007875805895724237,0.0200761711086099
vanilla_deficit,3,85000,77.25932111486327,77.76505724992603,0.39618760347366333,1.457287073135376,19,0.4826999999999999,0.5349265306122449,0.0237,0.0099,0.0212,0.0017,0.0187,0.0067,0.0217,0.0081,0.0028,0.0091,0.0011,0.0023,0.0014,0.0102,0.0201,0.0148,0.0095,0.0006,0.0006,0.022,0.016,0.0045,0.0018,0.0011,0.0001,0.0003,0.0045,0.0046,0.0211,0.0074,0.0039,0.0007,0.0024,0.0156,0.0227,0.004,0.0004,0.0225,0.0026,0.0146,0.0095,0.0176,0.0253,0.0065,0.0211,0.0028,0.0149,0.0076,0.0204,0.0,0.0,0.01020408163265306,0.020440296772923645,0.011523926273437814,0.027282274324522404,0.01038627074468665,0.023614772659129545,0.01020408163265306,0.020260224177956487,0.026228220399350417,0.021801719631088033,0.028344192099900883,0.026265546117317164,0.028043710773471522,0.021259236877099668,0.010751089907348535,0.01598287309671897,0.021475275683859093,0.02840304706084991,0.028330330768071482,0.010459276972821658,0.012173632125258509,0.025470901026562104,0.02636521575911918,0.027932252830981427,0.029015200865667494,0.02897281777473664,0.024949392173046855,0.024843122052949293,0.01020408163265306,0.023511871748056058,0.02710362343668101,0.02879340592568147,0.02747437098685631,0.014067073945085773,0.01020408163265306,0.025783675317184153,0.028440419560630877,0.01020408163265306,0.026788710788112534,0.01584596825887743,0.021196382231100867,0.013041338430702362,0.01020408163265306,0.02228365252878829,0.011538443551454005,0.026667201501982686,0.013540033150897714,0.021659643711147925,0.010464876181966723,0.02589856056402808,0.009370233575383184,0.01903148062026294,0.0019984484013437585,0.020166115054103706,0.0059080652677201495,0.02342869097313965,0.009523131412061136,0.0031220871559784367,0.00787987200201802,0.0008664266535418048,0.003121359829053634,0.0011867446708244329,0.008536292506209436,0.019933461849238374,0.014160982747953112,0.008227866598463838,0.0008036863008468068,0.0008812030603862873,0.020244539218723594,0.018182633536959494,0.003929402015853112,0.003093235357831343,0.0013055606637284727,0.00015112031492926496,0.00019630138429755292,0.004563463998488245,0.004637687187720719,0.0225511770274807,0.00609588432492934,0.0021888931749313415,0.0003875573550071759,0.0018327327118416096,0.016359506033468422,0.022366948856196646,0.0036350419973240366,0.0007638466037415367,0.02062800031880177,0.002524595218067754,0.014385050548242604,0.008564234088701304,0.017257644398212625,0.02450524791438279,0.007366123636723486,0.019055067464035833,0.002654126107980445,0.01676509015550019,0.008031327260551432,0.02019950787003336
vanilla_deficit,3,86000,78.14982718788087,78.66383383399807,0.4175930321216583,1.6674444675445557,21,0.4796,0.5356265306122449,0.0207,0.0074,0.0179,0.0011,0.0208,0.0059,0.0196,0.0084,0.0024,0.0099,0.001,0.0032,0.0011,0.01,0.0208,0.0147,0.0105,0.0014,0.0012,0.0236,0.0147,0.0043,0.0022,0.0006,0.0001,0.0004,0.0054,0.0048,0.0209,0.0056,0.0029,0.0006,0.0019,0.0168,0.0229,0.0043,0.0005,0.0214,0.0028,0.0147,0.0126,0.0172,0.0272,0.0069,0.0196,0.003,0.0155,0.0076,0.0206,0.0,0.0,0.01020408163265306,0.020398807726166757,0.01049529654777855,0.0276212132250716,0.01020408163265306,0.023866977298615866,0.01020408163265306,0.019530547548930178,0.027028564476440704,0.020311818335548397,0.02881498243228111,0.026569994789410363,0.028055517141189826,0.020390966747997057,0.01020408163265306,0.015355786672666565,0.02101756938127193,0.028851886521458286,0.02874114924235656,0.01020408163265306,0.013376316273190672,0.025844856057783992,0.026555618449960308,0.028405450704267574,0.02927023642424613,0.02925345438860316,0.024738713478415046,0.02521647203727427,0.01020408163265306,0.023218184138173337,0.026346092703041446,0.02895571477642836,0.027400624140762657,0.013324401406836946,0.01020408163265306,0.026415533006049645,0.02878745901682654,0.01020408163265306,0.026824420984739042,0.015792606522214793,0.01931856751290667,0.013932309931488094,0.01020408163265306,0.023204189241391754,0.010694719066356894,0.027780552384838383,0.013489414758591726,0.021775430417840726,0.011190849396710448,0.024354770447130504,0.009569023467387913,0.020172610191004088,0.001967930650768179,0.02278586540764043,0.005937767446936688,0.023051750103643007,0.010556237521439533,0.0026665729846305805,0.009777290928099074,0.0007180259012585827,0.0031857688524028656,0.0015522666222160654,0.009655358158001406,0.022035373779513357,0.014810123940749436,0.00892116529944419,0.0006793864422573665,0.000795331006969809,0.020679525021241707,0.016960801523674594,0.0039059438492652773,0.003122696221697252,0.0011468153597465661,0.000280426645071716,0.00025893533549102294,0.004985976435537643,0.004563876862621344,0.021889266671445855,0.00661706931516132,0.003303012161547123,0.0005706757901173723,0.0021988926679676495,0.01701515762335768,0.02309607959569071,0.0032303065129065255,0.0007468435717862054,0.02084660713468021,0.0028412535752702084,0.014352763170063568,0.01089537316034851,0.01637866294110249,0.022723214929751087,0.006709847304910558,0.01980756007149615,0.0018010987611762925,0.017037697219813852,0.008166729271123252,0.019249037316917947
vanilla_deficit,3,87000,79.05374840181321,79.57604929199442,0.4293260872364044,1.7432260513305664,21,0.4917,0.5239265306122448,0.0224,0.0099,0.0206,0.0014,0.0213,0.0056,0.0204,0.0094,0.0033,0.0115,0.0007,0.0019,0.0016,0.0102,0.0199,0.0168,0.01,0.001,0.0006,0.0223,0.0148,0.0042,0.0024,0.001,0.0,0.0003,0.005,0.0045,0.0198,0.0073,0.0046,0.001,0.0027,0.0171,0.0228,0.0037,0.0004,0.0206,0.0023,0.0136,0.0098,0.016,0.0261,0.0074,0.0215,0.0028,0.0183,0.0092,0.0217,0.0,0.0,0.01020408163265306,0.019432908578648128,0.010391801770429853,0.02775616249068681,0.01020408163265306,0.023905507130326985,0.01020408163265306,0.020245777193088503,0.026632597664377186,0.021417314872281382,0.028944325213997264,0.026361831004763782,0.02841472394008744,0.020474287353921726,0.01020408163265306,0.014190399926521192,0.01922376630882363,0.028753035060297853,0.028882541285117025,0.01020408163265306,0.011200120513892166,0.026006061796364208,0.026903896392257383,0.02854015218792525,0.02951740384412168,0.029434639197100827,0.025335478415163475,0.02538610286626221,0.010385094248178284,0.023018734269952316,0.0266137270147633,0.02922001722779643,0.028015268881602023,0.013545093556326692,0.01020408163265306,0.026245010497558154,0.029275083625189616,0.010965380132753402,0.027489732519319722,0.01770828443148497,0.01914296100925965,0.014181500317391457,0.01020408163265306,0.022362256304469037,0.010861150977956141,0.02725656819782929,0.01343804773579902,0.02121956239836511,0.010277120218977911,0.02455990243280537,0.010659768544592104,0.020283381808553255,0.0020519853763966054,0.02142058978051959,0.006073337344880266,0.02288833913911428,0.010053487131694032,0.0032139591071626275,0.00880283810286336,0.0008622679786698119,0.003533044386686112,0.0013709110971205718,0.009660915383376724,0.0219823323704771,0.016354929112493116,0.010915122813289633,0.0010600973591809275,0.0010042889824083369,0.021032345344963038,0.019369305803328234,0.0039009755150870742,0.002972448570694011,0.0012802576023948867,0.0002305362367399776,0.00039425518149724663,0.004594482694199122,0.004659315153409544,0.020095006126503,0.006951361909892799,0.0032725373472609113,0.0005380889724253112,0.0018621464702053114,0.01694417018955768,0.02413642461606822,0.003614795886385226,0.00048114013803631287,0.01957300825114984,0.0023665857186002844,0.01259959872396673,0.011037752930574721,0.016129757953500495,0.024420274375386658,0.007669343981648852,0.019641737964841824,0.002568658229397698,0.017093937856299146,0.008851100717092688,0.020401983732599185
vanilla_deficit,3,88000,79.9293694429798,80.46004620892927,0.4300621747970581,1.8032314777374268,23,0.49019999999999997,0.5221428571428571,0.0228,0.0075,0.0183,0.001,0.0202,0.0062,0.02,0.0102,0.0033,0.011,0.0006,0.0031,0.0012,0.0105,0.0195,0.018,0.0101,0.0013,0.0014,0.0235,0.0168,0.0041,0.0026,0.0012,0.0,0.0003,0.0049,0.0048,0.0213,0.0062,0.004,0.0007,0.0026,0.017,0.024,0.0038,0.0004,0.0205,0.0029,0.0152,0.0129,0.0171,0.0224,0.0073,0.0207,0.0022,0.0163,0.0086,0.0197,0.0,0.0,0.01020408163265306,0.02140627823268325,0.01101660995160255,0.027964646564987462,0.01020408163265306,0.024145187444195672,0.01020408163265306,0.020073200649219934,0.02667821711061344,0.020247077746447066,0.028886074393803036,0.02600688853907903,0.028303525187572363,0.01971889126868072,0.01020408163265306,0.014620909710937616,0.01855982800646792,0.028581714865531564,0.028224224972621142,0.01020408163265306,0.012991277542079214,0.02603377733585599,0.02662699447059806,0.028616111529467345,0.029616140920976995,0.029269531657719408,0.025505078232868475,0.025334873409884315,0.01020408163265306,0.02351224473034676,0.026631966157169416,0.029192982582406768,0.02772733298389727,0.013050212687432158,0.01020408163265306,0.026318527723768137,0.029028136025670982,0.011436122157492477,0.027496113217254627,0.017235793188269264,0.01839965856658064,0.014225111189013769,0.01020408163265306,0.0225293162255781,0.01043491146674177,0.027931233104590232,0.012568953457282596,0.021239465263823594,0.01098220646756434,0.0223989050658335,0.008657802120913775,0.0196762626483185,0.0018360573594276854,0.020576832979444425,0.005825214809029858,0.02229197962592422,0.010075537062045881,0.003205548679330564,0.009856650397972618,0.000883114207552097,0.003899838503119008,0.001524650671705818,0.010441964781365077,0.021396604864162908,0.015909623592072934,0.011679733640967919,0.001197883654603856,0.0015676006684166776,0.021382590489912992,0.0175949935872314,0.003872030036791583,0.0032585232721279037,0.0012013730317613454,0.00012807743122822003,0.00048654166843552785,0.004457874578573775,0.004594838366696035,0.02110601307323785,0.006479805875014037,0.0032143190404335907,0.0006047714290937593,0.0021596127066287937,0.017416855200561226,0.024278207895027083,0.003538477915717732,0.000736193683774501,0.019008026990729177,0.002320615814452072,0.0130099915298139,0.011845381308758167,0.016084584493588558,0.024742896783526657,0.007574478192243035,0.020316919294131344,0.0019096761505122872,0.017953637297588653,0.008908445544329721,0.01967278032452939
vanilla_deficit,3,89000,80.82042319211178,81.3596959169954,0.4081242084503174,1.5616579055786133,23,0.4986999999999999,0.5120591836734694,0.022,0.0095,0.0198,0.001,0.0196,0.0063,0.0201,0.0119,0.0042,0.0124,0.0008,0.0026,0.0013,0.012,0.0199,0.0189,0.0105,0.0009,0.0006,0.0236,0.0165,0.0046,0.0025,0.0009,0.0,0.0003,0.0043,0.0044,0.0219,0.0096,0.0045,0.0008,0.0029,0.0173,0.024,0.0041,0.0005,0.0198,0.0023,0.0128,0.0131,0.016,0.0213,0.0073,0.02,0.0029,0.018,0.0093,0.0189,0.0,0.0,0.01020408163265306,0.020800432678685817,0.011741809056424713,0.027809092481700007,0.01020408163265306,0.024428659095752113,0.01020408163265306,0.019563932705864442,0.026521176404293613,0.02016463986122634,0.02912236988804425,0.026157078245749005,0.02831192228429856,0.018279926693339787,0.01020408163265306,0.01595485074459138,0.018331847703511588,0.02895015943926082,0.028499498586444738,0.01020408163265306,0.011930326838400111,0.026665341530273487,0.027051682033343107,0.028808362087010264,0.029762939625929553,0.029702038287717114,0.02622004053217397,0.025184094446945245,0.01020408163265306,0.022843282965593126,0.026734658861192924,0.02940140626509237,0.02771425500178709,0.011997800994249741,0.01020408163265306,0.026904293613533192,0.029146512229001227,0.010416514716589232,0.02783914146458808,0.01705387385185518,0.016202540329212207,0.015200237786303503,0.01020408163265306,0.02300759432495794,0.01020408163265306,0.027791318500686217,0.012505097989067585,0.02039258775121089,0.01304992741022196,0.023594501222074758,0.009557820247376586,0.018669830318509658,0.002230714661236477,0.021260399844505153,0.005728441201225106,0.021553238260648748,0.010744810545675835,0.003509373445721914,0.01005207670722021,0.0009261076309526464,0.0039990851354364835,0.0017162482724853967,0.012097593777789285,0.02174271696719481,0.01447647709127414,0.011888221201391956,0.0010632409077999286,0.0014852685426757913,0.0222702183655168,0.01859413732095952,0.00340093452205247,0.0029665907511028525,0.0011692572622548812,0.00019258870225152483,0.00025489943120661474,0.003856540763400125,0.004877398416609385,0.02163597299954386,0.007311443917487218,0.003290950535832494,0.0005624887392058631,0.0022886843887554237,0.018446976664929206,0.0242949204396131,0.0031564525627018713,0.0008232815831946484,0.02014298238052221,0.0022390327788785135,0.013391082675184372,0.014105867925588055,0.015209490951006308,0.022522251723746594,0.007299580032338916,0.02093451081748979,0.0022879624712134126,0.018006064703318204,0.009818853602349065,0.017487689232581184
vanilla_deficit,3,90000,81.73170625476632,82.27987912495155,0.4438391625881195,1.5121146440505981,24,0.5189,0.49794285714285713,0.0219,0.0096,0.0196,0.0009,0.0192,0.0063,0.0206,0.0119,0.0045,0.0127,0.0006,0.0035,0.0016,0.0131,0.0201,0.0188,0.0121,0.0015,0.0025,0.0237,0.0176,0.0044,0.0024,0.0011,0.0001,0.0004,0.0048,0.0047,0.0221,0.0082,0.0041,0.0007,0.0027,0.0173,0.0245,0.0046,0.0004,0.0207,0.0019,0.014,0.0161,0.0172,0.0262,0.0068,0.0198,0.003,0.0187,0.0104,0.0193,0.0,0.0,0.01020408163265306,0.020222704166949337,0.011384953273974043,0.028185058317785006,0.01020408163265306,0.025004004586427746,0.01020408163265306,0.019063597193148582,0.026598384547435093,0.019462494764202025,0.029443655212796502,0.02595182844742991,0.028654771372816308,0.01943944091580284,0.01020408163265306,0.013913036950739813,0.017425722805204352,0.029091482495217688,0.028182707682046317,0.01020408163265306,0.011288457936657788,0.02711086018068279,0.02728268941127719,0.029044077516776158,0.029905310285174964,0.029933695599499738,0.026226568625998738,0.025950074584882278,0.01020408163265306,0.02232119338474589,0.027270219393081226,0.02959470068624507,0.028184608784173483,0.013129396141543133,0.01020408163265306,0.026887002686046678,0.0296012846768888,0.010507817502876856,0.0280318659748015,0.016877505320613263,0.01566959051944909,0.014265941478088111,0.01020408163265306,0.023011022225372532,0.010704753694407963,0.028075553973012812,0.013276661185351861,0.02001036143553207,0.012182291003620022,0.022637776535989203,0.010160379733630234,0.019523462239529225,0.0021470484907742363,0.021558896031575896,0.005348468167392544,0.021704470227899716,0.011326907616090103,0.0037048180652217945,0.011042643697543682,0.0008803937263791247,0.00447270108796326,0.0016743282088379384,0.010909595142762732,0.021026145803099104,0.016627630604068168,0.013092455607994326,0.001273883646611326,0.0021884766759031034,0.022783711850363486,0.01942526286545381,0.003267186427761106,0.003055194601097897,0.0012825296242319172,0.0003767205164265906,0.0003481534718304756,0.004196201950285193,0.004357278679201652,0.021748831969720044,0.008048455434206715,0.0030286819556403794,0.0006893187199584753,0.0021084384024185375,0.017338163488477096,0.024381854404314767,0.003453414617139292,0.0006826925768695606,0.02005465116525198,0.0022621591115549997,0.013566057925560657,0.01485983111597193,0.016389654188827266,0.02381033434393092,0.0073151476273414775,0.019778329136264053,0.002218191411252723,0.01726808061500425,0.010413144439237451,0.018525707243372554
vanilla_deficit,3,91000,82.64757415291388,83.2052867920138,0.4090840816497803,1.7030277252197266,24,0.5221,0.4936510204081632,0.0206,0.0093,0.0185,0.001,0.0182,0.007,0.02,0.0131,0.0051,0.0136,0.0007,0.0039,0.0014,0.0132,0.0197,0.0196,0.0127,0.0011,0.0027,0.024,0.0168,0.0043,0.0028,0.0013,0.0,0.0002,0.0049,0.0046,0.0225,0.0079,0.0039,0.0007,0.0028,0.0187,0.0244,0.0041,0.0004,0.0208,0.0022,0.0141,0.0173,0.0168,0.0259,0.0078,0.0187,0.003,0.0196,0.0103,0.0199,0.0,0.0,0.01026177934541213,0.020796327058319554,0.01292983220440284,0.028294622991288883,0.01020408163265306,0.02508062216056274,0.01020408163265306,0.018788309484100627,0.026175866420797958,0.01846690992978759,0.02935233992120455,0.02542624817627364,0.029273822539705632,0.018612652619031663,0.01020408163265306,0.013417913018831435,0.018107071680811177,0.029232594506806313,0.02783412928562002,0.01020408163265306,0.012460188729593476,0.027196026621253,0.027559892144573044,0.028833272166490467,0.030192505942341283,0.029962866077333797,0.02652677531078758,0.026008901415430254,0.01020408163265306,0.022557598014814058,0.026295240330201836,0.0298566806011872,0.028002508372836084,0.012498337637808306,0.01020408163265306,0.027153364294572192,0.02989739027182132,0.010785566542643331,0.027985528810398265,0.016641266009430087,0.013871500233285157,0.014211694657271078,0.01020408163265306,0.023489484416036065,0.011309175537845054,0.02822359911724076,0.012655817059086095,0.019745122725083716,0.012600084189108313,0.020380708966938617,0.009641728257453672,0.017593158687519216,0.00209787802395738,0.02093124329702984,0.005470911440550108,0.0214202577699883,0.011768671813277348,0.004296593950566522,0.012012224625719258,0.0010392453543344015,0.005007798692164083,0.0011178307138356683,0.011866355756810462,0.02028937866646463,0.017104655307308127,0.012606749411897619,0.0011590944407337475,0.002558770411314438,0.02191449231572986,0.018141333765613447,0.003236488025898126,0.002872307478682362,0.0015587625023978117,0.00019835194256551613,0.00042819062290517596,0.003906318754147103,0.004424641009246005,0.022495714177451994,0.007878932445201842,0.004138054190799455,0.0005344680312635941,0.0023902455465167854,0.01825940182921399,0.025141422564173208,0.003240124788346376,0.0004937231154132753,0.019700218290405802,0.002446302309352314,0.013917574134022365,0.0167678628905999,0.016427373936448643,0.022566827086470773,0.006946239244583733,0.019566780970184453,0.002208025888353052,0.017867411066959642,0.010850092691985246,0.018040379688790638
vanilla_deficit,3,92000,83.53140053735115,84.09817337500863,0.430014431476593,1.829851746559143,23,0.5221,0.49325102040816327,0.0205,0.0095,0.0186,0.0011,0.0178,0.0062,0.0197,0.0126,0.0058,0.014,0.001,0.004,0.0014,0.0146,0.0199,0.0207,0.0131,0.0007,0.0025,0.0233,0.0156,0.0045,0.0028,0.0011,0.0,0.0002,0.005,0.0048,0.0217,0.0092,0.0041,0.0007,0.0033,0.0185,0.0249,0.004,0.0003,0.0204,0.0021,0.0135,0.0175,0.0169,0.0267,0.0078,0.0186,0.0029,0.0195,0.0097,0.0188,0.0,0.0,0.011317878723345515,0.020945161995142743,0.011330071118098015,0.02898274832226417,0.01020408163265306,0.02539867731542146,0.01020408163265306,0.0182843241769457,0.02589044901753418,0.01809000376241321,0.029753538313616212,0.025012084818038332,0.028970921675783495,0.017760289881610575,0.01020408163265306,0.013151702285517947,0.01723361762280374,0.02983957874053373,0.028149380190550036,0.01020408163265306,0.01091892112422539,0.02712459912453187,0.027242900958078083,0.02947160923199668,0.030701251656091548,0.0305152383917296,0.026701828180908577,0.026882476973593424,0.01020408163265306,0.02277374719765781,0.026872285884745585,0.030224052301857415,0.028171811321593583,0.013640411770953102,0.01020408163265306,0.027574438948023985,0.03029753339019583,0.01024227357494757,0.02814911632916174,0.018138155534821843,0.012739690836696755,0.01390558096897052,0.01020408163265306,0.023444703995056222,0.01020408163265306,0.028810237904706472,0.011836643014040322,0.019710317756846576,0.012167092607725919,0.019235576380042578,0.009812154948901763,0.01934087913484942,0.0018992552877364923,0.020432830601634627,0.005392889765225838,0.021890268162266656,0.012405852094665007,0.004952589392594558,0.012556206740305983,0.0011479145683283088,0.0057697274101881765,0.0019107835135498414,0.012955725981513726,0.02202286153565492,0.017604275516734835,0.013664421268347982,0.0010640451914763832,0.0027897201191289986,0.022348672321704927,0.01978071711928334,0.003710517980111388,0.003634263745694524,0.0014227297597328382,0.0002241147882103327,0.0004054343972260378,0.004122621183955044,0.004024655685403068,0.022660081993990843,0.008146897766210848,0.0039564646234567504,0.0006892730156575831,0.0026897299907224443,0.01704977259215337,0.02573966244863341,0.0032720289229193488,0.0006176460687660718,0.020284040884075497,0.0027899773225274977,0.0125092699770784,0.017966828219104967,0.01679129438377157,0.02297211220696103,0.007336621159086822,0.021184136299058944,0.0020674127660216574,0.018847089520298725,0.01128927797773311,0.018524978130382556
vanilla_deficit,3,93000,84.42352833272889,85.00007950002328,0.4311164915561676,1.563708782196045,25,0.5158,0.49606734693877547,0.0185,0.0105,0.0186,0.001,0.019,0.0054,0.0203,0.0125,0.0058,0.0144,0.0009,0.007,0.0014,0.0147,0.0194,0.0182,0.0135,0.001,0.0039,0.0232,0.016,0.0036,0.0031,0.0012,0.0001,0.0004,0.0048,0.0048,0.0206,0.0087,0.0035,0.0002,0.0032,0.017,0.025,0.0043,0.0003,0.0201,0.0017,0.0132,0.0177,0.0166,0.0247,0.0052,0.02,0.0021,0.0182,0.0111,0.0192,0.0,0.0,0.01020408163265306,0.02050830047357543,0.011779402739695763,0.02969631404275217,0.010456385667661891,0.02629389210055702,0.01020408163265306,0.01757527133872731,0.0255713612752941,0.0177568009254791,0.0299830269090553,0.025214121556487626,0.02916261342815967,0.01689992074436778,0.01020408163265306,0.011848617105621725,0.01680347524766432,0.02979589212001399,0.029217042740661933,0.010260801740652368,0.013718487961499038,0.027310771501612215,0.027819710901420963,0.03011081923476417,0.03092767592757941,0.03093530592249659,0.026715073876426507,0.027076587108990163,0.01020408163265306,0.022237832553328993,0.026962129447097707,0.030454855934561327,0.02853067292251394,0.011016811081824427,0.01020408163265306,0.028125425633181517,0.030544485261790738,0.010399594304270777,0.02865308162379325,0.01798113707545454,0.013316282597538054,0.012544725458065314,0.01020408163265306,0.023574076119587933,0.01031404143427589,0.029089185508158075,0.01228014013363122,0.017847033640588993,0.011466326883202359,0.02059653282068451,0.010429629393347989,0.01884808610437439,0.0014923147639432416,0.020235317306623424,0.004836629332786722,0.02115195903442598,0.013167095559908092,0.005530230151478554,0.013031896885733255,0.0012170818301442332,0.005951291055068892,0.0020437086002332737,0.01393259273580508,0.021247329600061413,0.018781643069429806,0.013947051571862618,0.001435786275299369,0.0019523961277858554,0.020344945087755504,0.017025704012212418,0.003899528103265433,0.003371904047094554,0.0010944062865756168,0.00031025639140071253,0.00030293190013178935,0.004354186600799505,0.004046210794187687,0.02178607847144906,0.008730284972456455,0.004234210591522834,0.0007641447554464643,0.0026112838196979296,0.01950201872701582,0.02623111296728125,0.003117492579173375,0.0006781041706416591,0.02021170975385949,0.0024937763411880124,0.012894668115562247,0.017450867644470784,0.018269656772414513,0.02286811729435178,0.00740848186247398,0.020371962102057124,0.002153258979292847,0.01836739814721095,0.012984339572592082,0.019148626458894844
vanilla_deficit,3,94000,85.3202458327869,85.905808334006,0.47553831338882446,1.622646450996399,25,0.5194,0.49405918367346935,0.0181,0.0099,0.0196,0.0005,0.0191,0.0057,0.0214,0.0117,0.0063,0.0144,0.0009,0.0029,0.0016,0.0146,0.0188,0.0189,0.0128,0.0012,0.0022,0.0239,0.0144,0.0037,0.0027,0.0018,0.0,0.0001,0.0051,0.0045,0.02,0.0123,0.0057,0.0009,0.0025,0.0184,0.0266,0.003,0.0005,0.0199,0.0022,0.0137,0.0171,0.0169,0.0188,0.0082,0.0222,0.0019,0.0182,0.0122,0.0214,0.0,0.0,0.01020408163265306,0.020897992422294016,0.011687475093556013,0.02924736510299962,0.01020408163265306,0.026177165544984678,0.01020408163265306,0.01726227715407472,0.025207378512030993,0.016587833131958434,0.03012797475480393,0.024289250465166924,0.02946700231185164,0.016182769651920857,0.01020408163265306,0.013503167074552104,0.017107545808726934,0.029784678642433934,0.02857474555850588,0.01020408163265306,0.012922316043507444,0.027906499691282928,0.027775819271647996,0.030137854462150344,0.031072923001336558,0.030882308629927982,0.02662274313374604,0.027485101590890508,0.01020408163265306,0.02184991785685958,0.026585825746384906,0.030576276707388328,0.027870868559707322,0.011581882174657374,0.01020408163265306,0.02840119287134324,0.03060410375490108,0.011586723815009638,0.028720253934508125,0.018133477058192623,0.013684907541087919,0.013818246345257768,0.01020408163265306,0.024466672516579347,0.01020408163265306,0.02917488199185813,0.010560070212280876,0.019147771742548208,0.010490005423207436,0.0215165327573415,0.010092732811912034,0.018902429552703187,0.0020676431792817835,0.0223433620053534,0.005004234694660713,0.021067556474417125,0.013609292590912838,0.0060099438203445885,0.014293448856161534,0.0011472306396661711,0.006849054540523042,0.0018185015779762735,0.014680884902643573,0.020850826111025764,0.017204814822060207,0.013679165383018985,0.0014755872926454673,0.0027109918639892545,0.02189161836944089,0.0178775760485341,0.00331109470382883,0.003514213211343442,0.0011377808745223518,0.0002434043733911364,0.0004647861445689435,0.004578047620539181,0.0038313420254546576,0.021673928889040447,0.009260357988823652,0.004613358447879912,0.0007184377597863011,0.0033061127502855368,0.018886239809970253,0.02652315452739608,0.0028379294362850527,0.0006918216815542914,0.01899879636670083,0.0024936906787574866,0.012776005308347502,0.017070045783769208,0.01705969707851709,0.02299313951448942,0.006601228489834433,0.02102620712016679,0.0021369719916811904,0.02001983485947824,0.011727725402163365,0.02016497558963909
vanilla_deficit,3,95000,86.23703607695643,86.83231779199559,0.4155096411705017,1.4972988367080688,25,0.5408,0.4749428571428571,0.021,0.0104,0.0177,0.0011,0.0197,0.0052,0.0196,0.0146,0.0078,0.0158,0.0008,0.0076,0.002,0.0156,0.0202,0.0206,0.0131,0.0012,0.0044,0.0238,0.0147,0.0038,0.0027,0.0015,0.0,0.0004,0.0055,0.004,0.0222,0.0084,0.0042,0.0006,0.0048,0.0193,0.0244,0.0036,0.0006,0.0201,0.0019,0.0133,0.0186,0.0168,0.0252,0.0066,0.0214,0.0023,0.0198,0.0125,0.0194,0.0,0.0,0.01020408163265306,0.02122538202093497,0.011598892358802826,0.029775739882276712,0.01020408163265306,0.02650357869296932,0.01020408163265306,0.016590239321041037,0.024258249467918845,0.01691152090918783,0.030200976827629143,0.02451700885754833,0.02922513791307106,0.014962173185766635,0.011025705808992424,0.011772590081888593,0.017693460182865016,0.030191543509748307,0.028118723656006248,0.01020408163265306,0.014027444606031232,0.02806853735557093,0.02794883463934235,0.030123103318958323,0.03129927760071526,0.030938194711632616,0.027011992390164705,0.02719592834826206,0.01020408163265306,0.021426453687603104,0.02684886978077395,0.030928738694335753,0.02780072169226932,0.010992241300742264,0.01020408163265306,0.028452210143805556,0.030843628510339602,0.01198124665549371,0.028759677996084893,0.017710375251778186,0.011479083768907179,0.015573612008449518,0.01020408163265306,0.023857536105528054,0.01020408163265306,0.02893405622269054,0.01061707933441866,0.017581071037054436,0.013396509101175973,0.021512540528745384,0.009899547827010368,0.019041401184345046,0.0017362202143352025,0.021167828118765424,0.00479130729566405,0.02181285090439958,0.014204405209156397,0.006992611466768975,0.014056851932379714,0.001334116943650578,0.006708866565515859,0.0022959309201948585,0.016017339041823685,0.019700592827941215,0.01887715293798119,0.01327838909838059,0.0013039745716280486,0.0033030916996164917,0.02279376809576735,0.016823091661635134,0.003311485272681535,0.003424675940217385,0.001368691489722082,0.000256503259704507,0.0005979425731866713,0.00431055224195231,0.004214747739457752,0.0224177148552539,0.009748477330117881,0.004464800680324174,0.0006068841656900369,0.0036428562696042602,0.019536924305178636,0.02730645794190557,0.002987747492254424,0.0006873641985927735,0.01864078516708821,0.0026579439586186197,0.013223331740435676,0.01911562946582506,0.01536103861959979,0.02338477959065131,0.007371525282667138,0.0224426565461426,0.0024930522293823425,0.020086989268114728,0.013384664067227502,0.017302515610537084
vanilla_deficit,3,96000,87.13766647293232,87.74204029201064,0.46334952116012573,1.636486530303955,25,0.5462,0.47204285714285704,0.0192,0.0077,0.0159,0.0011,0.0198,0.004,0.0189,0.0151,0.0097,0.0167,0.0012,0.01,0.0025,0.0175,0.0204,0.0211,0.0135,0.001,0.0041,0.0244,0.0151,0.0039,0.0028,0.0015,0.0002,0.0004,0.0049,0.0043,0.0222,0.009,0.0051,0.0005,0.0043,0.0191,0.0255,0.0037,0.0005,0.0197,0.0019,0.0124,0.0181,0.016,0.0264,0.0076,0.0205,0.0024,0.0203,0.0131,0.021,0.0,0.0,0.011443250419493189,0.01964668396493296,0.012709910535281067,0.029846966818087156,0.012054449232067973,0.027255708957424768,0.01020408163265306,0.015695099068255787,0.023311085783887648,0.015133637638731375,0.030155462819750317,0.02200621139338064,0.02890328067073996,0.015312637094584733,0.010524630883287834,0.013140889042492419,0.01615051941838229,0.030321510267221317,0.028460636490046667,0.01020408163265306,0.013937602563273921,0.028473024507308105,0.027947696799395988,0.030462909940816574,0.03153812444332626,0.03148690481094784,0.027083285184989432,0.027544551635306606,0.01020408163265306,0.02150459988190949,0.026592131771100584,0.03099019525664394,0.028162067651963447,0.01214742633073354,0.01020408163265306,0.0290361940707035,0.031198625276803796,0.012808988397906108,0.029785663245322627,0.01751937847915594,0.012257529541751985,0.014717017482441815,0.01020408163265306,0.023326336765641133,0.01020408163265306,0.029137806639442515,0.011299253258167745,0.0167231074599545,0.011022518311026039,0.019357529034938935,0.011489160965759353,0.01797745000981646,0.0019092962248354905,0.018590533662550715,0.004372083552836154,0.02065904137311984,0.015263388375876371,0.007983549337276557,0.015710424544651446,0.0015426204673362706,0.009164996963152497,0.0027529075721155955,0.015542997970887193,0.020177694406926263,0.01765246062891274,0.014681162394660746,0.0014263710135661723,0.003127870903740898,0.022806967752923825,0.016751007162119073,0.003116283811054349,0.0036467099178309477,0.001294113276979349,0.0002884147995252594,0.0002972604203499854,0.004494297081954396,0.004062852969452341,0.022006367875178297,0.009634177700747168,0.004914633371118276,0.0008399811278430947,0.0034071363202458523,0.018503567827968127,0.026661637313571036,0.002589524944676308,0.0005669017690233219,0.017806652844998338,0.0019275738273432954,0.01347892941022508,0.01855683313847073,0.0161782338875236,0.023950624961429596,0.008125534379825407,0.022410714840754912,0.002533544450527228,0.019375028823442473,0.01422371898456817,0.019594809479249187
vanilla_deficit,3,97000,88.04007645929232,88.65434079198167,0.40342026948928833,1.5491578578948975,26,0.5638,0.45454285714285714,0.0192,0.0113,0.0177,0.001,0.0193,0.0051,0.0183,0.0167,0.0121,0.0181,0.0013,0.0096,0.0024,0.0197,0.0192,0.0218,0.0138,0.001,0.0039,0.024,0.0155,0.0035,0.0027,0.0019,0.0003,0.0004,0.0049,0.0044,0.0225,0.0097,0.0048,0.0004,0.0044,0.0196,0.0249,0.0041,0.0004,0.0209,0.0016,0.0144,0.0192,0.0174,0.0251,0.0073,0.022,0.0024,0.0203,0.0138,0.0195,0.0,0.0,0.010611836009191036,0.020552227462504742,0.012611773954112056,0.030782998827514244,0.01135591231254527,0.027389757207072297,0.01020408163265306,0.015258349132862335,0.021503503085488165,0.014527847577419588,0.030558210398183613,0.020575345190226132,0.02952394359843004,0.014057780071267838,0.010715597024959594,0.011180706724183873,0.017400676454327312,0.030672972325319785,0.02915291977645138,0.01020408163265306,0.013355664196513033,0.029036942901339277,0.02821206029148951,0.030877569888109198,0.03240053499622078,0.03201867516654047,0.02758385341059251,0.028235430719551757,0.01020408163265306,0.021759758298824643,0.027329987492619764,0.031851998575931954,0.02817719235994986,0.010355917121826694,0.01020408163265306,0.029602088133332635,0.03159556235406462,0.012186891542784944,0.030385580291030508,0.017742470595757388,0.01118378061721749,0.014877644462654275,0.01020408163265306,0.024048461066136395,0.01020408163265306,0.03034310599540689,0.010521515850209377,0.015542070639592637,0.011118396104325644,0.019991728598637813,0.010927658481137833,0.018105693649027615,0.0016010898531940807,0.019280033752459486,0.004824772671601189,0.020815911492703336,0.015830422117883547,0.010028658967601502,0.016412658122406026,0.0018433572771149296,0.010906760447743337,0.0027783169055247067,0.01691571616771297,0.020015117901915742,0.019516541629903406,0.013854732089197281,0.0017396144432770917,0.003113716141786564,0.023158981189371618,0.01758947949879231,0.003179494767968681,0.003925174643384373,0.001554661719932677,0.00013886461731337662,0.00048405942057650614,0.004571187998756383,0.003904048173171787,0.021285324162169238,0.009953258605145485,0.004722553478766239,0.0006347322288471383,0.003956694661549412,0.02022307492812477,0.02623747201247735,0.0026686130726189267,0.000866546219942107,0.01852884263571258,0.001960349463270053,0.013467630987924145,0.019552825382785965,0.01613551017659471,0.02253563545592,0.007806185158404203,0.021892114257117117,0.002037808005435075,0.02030775148900761,0.015534880192489995,0.0196119318724187
vanilla_deficit,3,98000,88.95309876173269,89.57671229192056,0.43738871812820435,1.6826062202453613,27,0.5628000000000001,0.4555428571428571,0.0177,0.0113,0.0172,0.001,0.0178,0.0042,0.0173,0.0178,0.0137,0.0193,0.0014,0.0104,0.0021,0.0197,0.0193,0.0214,0.0142,0.001,0.0042,0.0252,0.0152,0.0033,0.0024,0.0016,0.0003,0.0003,0.0046,0.004,0.0227,0.0099,0.0056,0.0006,0.0047,0.0198,0.0244,0.0039,0.0004,0.0208,0.0016,0.0139,0.0196,0.0172,0.0256,0.0087,0.0199,0.0022,0.0211,0.0138,0.0185,0.0,0.0,0.014010546183763042,0.02114188840364529,0.013377491270970408,0.031302641236513426,0.012123705385277146,0.02814673180044354,0.010942780238096195,0.013166752489032204,0.019920179891543762,0.014672839423442451,0.03127606751647072,0.019263398330460563,0.02856579800808577,0.010769678368367945,0.011114592183929205,0.010391913035551384,0.017670528937847707,0.031173414685891826,0.029397038469546395,0.01020408163265306,0.013607554241747595,0.028712463204095505,0.028739119786565424,0.03129267096107661,0.03228285834170041,0.03198766896241658,0.02802504559046058,0.02878161885776947,0.01020408163265306,0.020720617936576334,0.027073319505848153,0.0319052496900621,0.028706787312268396,0.010837290068185557,0.01020408163265306,0.029395033656559988,0.03197324121716095,0.011816842097580866,0.030141225489523006,0.017318510626826912,0.01020408163265306,0.013230406533748783,0.01020408163265306,0.024310689917930707,0.01020408163265306,0.030574251561595343,0.01020408163265306,0.015494485226271466,0.013216491926578838,0.01700747099535884,0.010423331702678836,0.01753901733309955,0.001186735221970741,0.018551939232069624,0.004070400581755586,0.019694500052840867,0.01761178082944865,0.0115635904181429,0.016410507970350638,0.001249750145688812,0.012038397949926142,0.0037317345832525305,0.01988958923346586,0.019617761054883304,0.02026915337580569,0.013669455334650374,0.001303214551591845,0.002943427200996223,0.02321305182461539,0.017253523332860315,0.0035995367986038857,0.0034973846862097974,0.0011957220052086408,0.0003813341141692234,0.0005692802957093949,0.00414102086826322,0.0034981403266708313,0.022098561741184335,0.010842109527101951,0.005116053878998722,0.0006435695307429884,0.003526527806667586,0.01986770941602864,0.024994346196797926,0.0029452342543575456,0.0005822848531106142,0.019258220279326433,0.002272648597198116,0.013986749703994945,0.02057897844264809,0.01755440577439537,0.022794194278549132,0.007606170970604054,0.023319643269236218,0.0018823372692177013,0.02203670021758843,0.015630848806281517,0.017645072810898707
vanilla_deficit,3,99000,89.86144736921415,90.49469662492629,0.4158755838871002,1.8178893327713013,27,0.5794999999999999,0.43772653061224487,0.019,0.0125,0.0182,0.0012,0.0196,0.0049,0.0191,0.0173,0.0152,0.0207,0.0012,0.0092,0.0055,0.0187,0.0178,0.0208,0.0143,0.0011,0.004,0.0246,0.015,0.003,0.0025,0.0017,0.0,0.0003,0.005,0.0046,0.0226,0.0132,0.0063,0.0009,0.0043,0.0198,0.0244,0.0033,0.0002,0.021,0.002,0.0147,0.0209,0.0181,0.0253,0.0076,0.0206,0.0027,0.0204,0.0145,0.0197,0.0,0.0,0.011895992740905855,0.020027222401882136,0.012638047526549033,0.032043262899245216,0.011074847709284684,0.029469841719876225,0.010215070104762766,0.012587008304714957,0.018812350860598927,0.012003433035945976,0.03163938265208817,0.019824661091724524,0.02758190734772445,0.01020408163265306,0.010871598001073351,0.012466135798021546,0.017113045205787682,0.0318348991758013,0.02961428236574437,0.01020408163265306,0.01342878889335473,0.029695056102534874,0.02903836505766473,0.03156291820053217,0.03289462369111275,0.03255459600040883,0.02842225037011247,0.02832633396956414,0.01020408163265306,0.021194906768924958,0.026680076096586187,0.03204859636501726,0.02856477827351351,0.01139115876815476,0.01020408163265306,0.029468535944084086,0.03225139520470048,0.012993868765047345,0.030831429608657673,0.016350651039985342,0.01020408163265306,0.014831737045985172,0.01020408163265306,0.024870748975812897,0.010248338930917795,0.030648063472999136,0.01020408163265306,0.015613944947922833,0.012947277136103249,0.019108896217122764,0.011616612397653586,0.018183797572500736,0.0010643097161888559,0.019673763204116027,0.0033242487716167043,0.020585056724787498,0.01822861943520483,0.01280068147362125,0.0187411062959822,0.0013799286618781557,0.011833561137035539,0.0049431413144661795,0.02051084239727209,0.019852253984122638,0.018530080318840528,0.014253923166656215,0.001208229046027041,0.003236465709216891,0.022661760338373662,0.0175675056181704,0.0030874064510048476,0.0037031649662353054,0.0014470785718146443,0.0002775952114465961,0.000576202320267059,0.004205164946090817,0.00432845975963243,0.022783970937180306,0.010552107375205828,0.0059304282033427295,0.0010205634482554709,0.004197186624822792,0.01939598367803802,0.026200350687952165,0.00332539548391314,0.0008424686140830314,0.0179494458119612,0.0020894606469409743,0.01500157104333881,0.02116222875366284,0.01625733304341339,0.022540594788044432,0.007402164062278871,0.020477715551329864,0.0022895524781440476,0.020923509072940275,0.0156094725471992,0.017951299366725543
vanilla_deficit,3,100000,90.7548465464497,91.39827012491878,0.4217151403427124,1.5035459995269775,28,0.5892,0.4312265306122449,0.0181,0.0131,0.0177,0.0017,0.0206,0.0041,0.0186,0.0189,0.0173,0.0208,0.0014,0.0107,0.0042,0.0212,0.0179,0.0217,0.0135,0.0016,0.0045,0.0245,0.0153,0.0041,0.0029,0.0017,0.0002,0.0004,0.0047,0.0042,0.0231,0.0125,0.0066,0.0007,0.0057,0.0196,0.0243,0.0036,0.0006,0.0203,0.0019,0.0148,0.0191,0.0173,0.0264,0.0088,0.02,0.0024,0.0215,0.0143,0.0201,0.0,0.0,0.012906084832208032,0.01928757583283433,0.01245544079158167,0.031926060633471934,0.01020408163265306,0.028797148465148206,0.01020408163265306,0.011162232572631128,0.017094353827822865,0.012572480281056212,0.03171555042020877,0.020895499944463936,0.027253576270897202,0.010726883946361069,0.011095300943518686,0.011752597068068065,0.016813982734620023,0.03188587426836074,0.02929345125861585,0.01020408163265306,0.014101226579077732,0.030102520624601996,0.02985444239270746,0.03204761515754141,0.0334032113659848,0.03294901852973767,0.0289552737739254,0.028921227303936266,0.01020408163265306,0.02013568953775402,0.02701545231764288,0.03250913796056068,0.02872192789295968,0.012026978235252204,0.01020408163265306,0.03009466329193175,0.03270012209170763,0.010690921604971072,0.03098142112151714,0.016184434128777295,0.01089432589519336,0.014370099830444487,0.01020408163265306,0.024437999704788545,0.011158011707135032,0.03099203403107672,0.01020408163265306,0.01554254452263567,0.012147034877698889,0.01794558370113851,0.012505159273893927,0.018374351586924645,0.0014194723991959959,0.020367708037897694,0.004164337736292669,0.02125152362207711,0.019492684822103867,0.014362738802910089,0.01839032634408111,0.0016015162219826338,0.011075605322222924,0.005499179303515521,0.01983010062661273,0.0196677530749666,0.01906027777750186,0.01472238401939964,0.0014542245350441345,0.0036960853343775916,0.02365898493309321,0.017107368330925018,0.0029964229379524,0.0032500171178371016,0.0013534176704610833,0.00014207040520074443,0.0005739071982435773,0.003988532532730192,0.0040179750450583945,0.02243689089628042,0.011732669836511504,0.005705102779034941,0.0009152421105175205,0.004190324054120239,0.019018312495105535,0.025356713173647294,0.0030032177573296893,0.0007500839417681791,0.01990026243529477,0.00223637237400425,0.015266801475736263,0.019763426132147488,0.016757666152586403,0.023220493254607247,0.007934017563843286,0.019535397418118054,0.002227194602545249,0.02286518281868342,0.015626578611995165,0.018601990595905796
vanilla_deficit,3,101000,91.65535249665845,92.3099284999771,0.47229695320129395,1.7507331371307373,27,0.5868,0.4334183673469388,0.0184,0.0129,0.018,0.001,0.0202,0.0043,0.0191,0.0178,0.0172,0.0212,0.0012,0.0091,0.0058,0.0207,0.0176,0.0207,0.0139,0.0013,0.0041,0.0257,0.0152,0.0036,0.0026,0.0017,0.0001,0.0004,0.0045,0.0045,0.0219,0.0135,0.0065,0.0009,0.005,0.02,0.0251,0.003,0.0003,0.0206,0.0019,0.0149,0.0207,0.0177,0.0264,0.0082,0.0202,0.0021,0.0213,0.0141,0.0197,0.0,0.0,0.012364601379954866,0.020297702957384263,0.01439868718701692,0.03195716404807863,0.010613776410948687,0.029750193012340116,0.010337693626935677,0.012378939425455815,0.01651730539985524,0.011834381552039499,0.03174398302515909,0.020854301680480435,0.026069282168028986,0.01020408163265306,0.011368504123274706,0.011676399004254165,0.01704628783245135,0.03180756904169222,0.02934873916148502,0.01020408163265306,0.01385580449682991,0.030246765784653067,0.02992967513400778,0.03150954077691677,0.03323786157133103,0.03266095377929762,0.029088003049765936,0.029148332113020446,0.01020408163265306,0.01998201662202783,0.026576505021145037,0.03262170311358187,0.02818445659190067,0.010996865152513422,0.01020408163265306,0.030278928402089345,0.03291918007200977,0.011904393922164344,0.030769209424653825,0.016089403003134963,0.01020408163265306,0.013424498739870174,0.01020408163265306,0.025061171439836653,0.01020408163265306,0.031151304129954496,0.01020408163265306,0.015544156288768016,0.012821107272466836,0.018487626787308694,0.011533212977074662,0.016763575410896066,0.0013488488159116886,0.01996615208390371,0.0032618169141314535,0.020322643838346657,0.018475198792926355,0.014849065162590856,0.018830025570690186,0.0015336308041603353,0.011050761878464507,0.006452373067126963,0.02147932260174714,0.01935102836526177,0.01920133738095861,0.014351488934187334,0.0014785154360150306,0.0037269783554098857,0.023845456171786364,0.0171950751659444,0.0028704578741580705,0.003106244608291856,0.0017759041911633896,0.00023876016237794982,0.0007388148454268493,0.003835792853485755,0.003900688061682864,0.023718933419028275,0.011767782472602267,0.006051782703094546,0.0007728367107491545,0.004658035341426712,0.019712221733138642,0.025847713453777565,0.0029207048186174565,0.0005540508193507594,0.018808402439406062,0.0024566743692693727,0.01537621429122566,0.020950738587841765,0.017607986774193535,0.023167909226326305,0.0073652502349573,0.020391911286245425,0.0021645431336459737,0.02205597362231728,0.015731638145589942,0.018091934594306025
vanilla_deficit,3,102000,92.54776281665545,93.21195108396932,0.4675912857055664,1.5292131900787354,28,0.5988,0.42411836734693875,0.019,0.013,0.0171,0.0012,0.0213,0.0042,0.0185,0.0188,0.0191,0.0199,0.0015,0.0108,0.0052,0.0211,0.0178,0.0217,0.0139,0.0014,0.0051,0.0252,0.0151,0.004,0.0028,0.0018,0.0001,0.0004,0.0044,0.0042,0.0224,0.0136,0.0065,0.0009,0.006,0.0205,0.025,0.0037,0.0006,0.0203,0.0018,0.0157,0.0201,0.0174,0.0275,0.0086,0.021,0.0023,0.0213,0.0148,0.0202,0.0,0.0,0.011396714633503243,0.017853778441701662,0.014254500582588012,0.03252050990666087,0.01020408163265306,0.02925628960267579,0.010254569317417996,0.013141349438736998,0.013989923418943874,0.011864358773385628,0.03215560664458688,0.02008358203571233,0.026062727146594793,0.01020408163265306,0.011620639225701728,0.010929655596323265,0.016839313110862706,0.03266838017766678,0.03015450879247896,0.01020408163265306,0.014031281722041317,0.03036974368111927,0.02980456054497893,0.03206198279641596,0.033822194757368584,0.03313818590363484,0.029226297203660982,0.029798547704968856,0.01020408163265306,0.019636958157991772,0.02760706283550355,0.03295057534690402,0.02822602489780871,0.01020408163265306,0.01020408163265306,0.0304091248409447,0.03309251686061575,0.012563664094887367,0.03130805516128684,0.016062992658682163,0.01020408163265306,0.013955167398197951,0.01020408163265306,0.024593215053382828,0.01078840950908857,0.03171454731939893,0.01020408163265306,0.0163777172109917,0.01157803280070734,0.019426692221667714,0.013753561016383274,0.016924178398419688,0.0012720481472032457,0.020833341649579267,0.0041193585804702665,0.020434688150614333,0.017829452262240936,0.01707050614955416,0.01891278108799201,0.0015816120564324304,0.012135355472547524,0.006828601771811059,0.020463645481772572,0.019119539381978704,0.01974479448630899,0.014887615250273455,0.0011466031213320097,0.003279233695460292,0.023212436266493216,0.017152607534091223,0.00309664022355953,0.0036932980907456174,0.0016610373930878073,0.00020683262930000404,0.0007871082166041755,0.0041057399864343185,0.0036593365543503525,0.022998038768970733,0.012357996668960675,0.005440347094417789,0.0009072042207626901,0.0050715036365443075,0.021490179488098348,0.025693703723978802,0.0030632314079840025,0.0007867888273327417,0.01828046631658601,0.002339690738836846,0.015389952933556075,0.02174739497846149,0.017217178750866237,0.023447155789457167,0.0081143177153805,0.01982555741806639,0.0019948450917440237,0.0228614654072007,0.01508389538892534,0.019350996835587993
vanilla_deficit,3,103000,93.43169383099303,94.10611237492412,0.4146963059902191,1.857118844985962,27,0.6018,0.42161836734693875,0.0198,0.0144,0.0172,0.0012,0.0213,0.0044,0.0189,0.0168,0.0194,0.0203,0.0011,0.0095,0.0082,0.0218,0.0174,0.0221,0.0144,0.0014,0.0043,0.0261,0.0151,0.0035,0.0029,0.002,0.0002,0.0004,0.0041,0.0042,0.0217,0.0166,0.0072,0.0009,0.0053,0.0206,0.0254,0.0033,0.0002,0.0188,0.002,0.0151,0.0206,0.0182,0.0266,0.0089,0.0196,0.0026,0.0213,0.0145,0.02,0.0,0.0,0.0112043771599516,0.016890206567367054,0.013587362587156857,0.03258802876254217,0.01020408163265306,0.02909344797884205,0.011033427332948478,0.012652236001416572,0.014185095807428251,0.011641464755530094,0.03210891035903234,0.019856653361697427,0.025864541481145656,0.01020408163265306,0.012019548014507601,0.01020408163265306,0.01683056282039709,0.03250072482721065,0.029443004964464246,0.01020408163265306,0.014587999343228495,0.03053276542771946,0.030089833877077192,0.032223799739637835,0.03380454816671589,0.033194184976103165,0.028923004180657297,0.02970740524981874,0.01020408163265306,0.020158841205975296,0.027026148343860697,0.03307249018586312,0.02849191306247404,0.01020408163265306,0.01020408163265306,0.030280115923299572,0.03315525188949807,0.014487058240040162,0.03156364794960964,0.015543069329618152,0.01020408163265306,0.013446123265926032,0.01020408163265306,0.023632588084910686,0.012413745263030525,0.03151511314233149,0.01020408163265306,0.016267497506296486,0.012342446538139195,0.019474525926485443,0.014661510881662381,0.017457345337533074,0.0012562260817683747,0.021609161565961394,0.004253426908142067,0.01973642126597898,0.018287985987963,0.017107618324187456,0.01914359681705003,0.001739921477766708,0.012111371803782916,0.006986673799346967,0.02073791620591402,0.018823551968134726,0.020710237122435096,0.014790123898612319,0.0013301282557722,0.003957529351203684,0.024088291510378265,0.016649375783582488,0.0029959921990341818,0.003449055675782663,0.0015645434162127566,0.00022645086780029487,0.0007431190631903812,0.00439770639776061,0.003733716348722986,0.023908824898579102,0.01185557189551005,0.006003381669772055,0.0008461328566640348,0.004762622030790259,0.020866167277910137,0.026078208264642452,0.0032098582471878833,0.000776075650197254,0.016891071725321942,0.0021624198146967134,0.015919040683221884,0.02127374529624132,0.017655028440545797,0.023240611904205413,0.009071319324606671,0.018528929239152257,0.0022425666914672633,0.022822252128622704,0.015149567270521667,0.01866740811384486
vanilla_deficit,3,104000,94.33925104187801,95.02367712499108,0.48107224702835083,1.467480182647705,28,0.6096999999999999,0.41431020408163266,0.0205,0.0157,0.0177,0.0012,0.0218,0.0037,0.018,0.0163,0.0192,0.0204,0.0018,0.0101,0.0082,0.0221,0.0175,0.0214,0.0143,0.0014,0.0052,0.0259,0.0155,0.0036,0.0029,0.0019,0.0002,0.0008,0.0047,0.0043,0.0215,0.0154,0.0075,0.0013,0.0055,0.0211,0.0251,0.0032,0.0005,0.0201,0.0021,0.0155,0.0213,0.0174,0.0265,0.0089,0.0202,0.0025,0.0213,0.0161,0.0204,0.0,0.0,0.01281356915825698,0.01535210133713195,0.013159664077585516,0.03256186044614766,0.01020408163265306,0.02969152826962796,0.01020408163265306,0.013222970779803667,0.014995361847078451,0.012483829060021137,0.032741210364791704,0.022356509230056238,0.02428360298874075,0.01020408163265306,0.010354327315784454,0.01020408163265306,0.016032996236042416,0.032545224118760215,0.030194600700393683,0.01020408163265306,0.014123898852032558,0.030640020793869252,0.030215001902708573,0.03260623859746371,0.034301049362257155,0.03344712676203219,0.03002314948033514,0.030160624745345622,0.01020408163265306,0.019025444927516386,0.02657584003038157,0.03368080677110184,0.02836875318534092,0.01020408163265306,0.01020408163265306,0.030498439555869943,0.03372467457334366,0.013665669267455115,0.03180408212583413,0.01595403131030079,0.01020408163265306,0.013391810352341969,0.01020408163265306,0.0246809836320897,0.010431974578405171,0.032081481720403114,0.01020408163265306,0.012946077899673714,0.01261856568449123,0.01826908525628735,0.016158701898328923,0.017864175203820595,0.0016171656496437809,0.02188987187609673,0.0040424501197841535,0.02072936847928726,0.017850608309590253,0.016416211208290822,0.018504148891681428,0.0014680648871215026,0.010101282395449633,0.008538274757675872,0.02055499596609843,0.02035261388546958,0.021614178460863366,0.015436396728677198,0.0016309960941613562,0.0036242258819467635,0.0237657873174887,0.017101630760212864,0.0032539303385640097,0.0036072655462827258,0.001619334817042473,0.00017130832490824357,0.0008812083448867249,0.0037667601403360276,0.0036915339526355537,0.023425592643269065,0.013104904414207138,0.006632646400694188,0.0006869408046396199,0.00510306346688671,0.020909640781448174,0.025873612891182146,0.003332569985875493,0.0006504717456409722,0.017404450346010868,0.0022471370833405937,0.015502043430552535,0.02168581164772298,0.017671182718267318,0.025838418168364963,0.008207916331071211,0.02017087510966168,0.0020165237026025006,0.023138034106313536,0.018197987938343336,0.018353074445425468
vanilla_deficit,3,105000,95.2329958305927,95.92708295898046,0.4538942575454712,1.5918443202972412,27,0.6139999999999999,0.4138102040816327,0.0198,0.0164,0.0178,0.0014,0.0215,0.0046,0.0196,0.0191,0.0199,0.0204,0.0019,0.0097,0.0088,0.0218,0.018,0.0215,0.0143,0.0016,0.0051,0.0255,0.0162,0.0037,0.0032,0.0018,0.0001,0.0006,0.0041,0.0046,0.0237,0.0116,0.0069,0.0012,0.0062,0.021,0.0239,0.0035,0.0008,0.0207,0.0022,0.0155,0.0221,0.0176,0.0276,0.0079,0.0175,0.0023,0.023,0.0156,0.0202,0.0,0.0,0.011103504310648125,0.017268001444825765,0.012253339518108307,0.032852208733327844,0.01020408163265306,0.03022643937887145,0.01020408163265306,0.012734295489410217,0.014150391176590166,0.011943027736526885,0.03234692176772033,0.022190982153677624,0.023923773778428317,0.01020408163265306,0.011547361742781967,0.011318649571769373,0.017714857881278065,0.03282995106489169,0.029575411107346836,0.01020408163265306,0.013175674836967721,0.030499062579492135,0.030305001524857877,0.03265332375453597,0.034080759459436,0.03318156836775136,0.029558298139256686,0.03025026294854148,0.01020408163265306,0.018095024743903135,0.026075252514912953,0.03342821146205087,0.028002143188517986,0.01020408163265306,0.01020408163265306,0.03048996667222581,0.0335590253723761,0.012801176969505461,0.031991073023856766,0.01475533220930006,0.01020408163265306,0.013029884211956168,0.01020408163265306,0.02503328668178776,0.013610293934132755,0.031425416193997316,0.01020408163265306,0.015535599351580047,0.012444428676323933,0.019608373821380243,0.014532701962547653,0.01868612237291104,0.0012692287534538126,0.022012928475440792,0.0035035525304827906,0.020602680895463348,0.01832308404940839,0.016982914364551883,0.018984619478907727,0.0017307338825076823,0.010221556173777888,0.008850989441383583,0.021834941626217793,0.019159164045167425,0.019467565206701346,0.013963797383841268,0.0013268996653281902,0.004086903946149931,0.02376738334550157,0.01791500856335581,0.0032365647732523436,0.0033988085430240378,0.0015136305407822722,0.0002421050910827138,0.0009938692857841796,0.00406214865714681,0.0035617599547488553,0.02440002813981025,0.013685023288287282,0.006974131452692067,0.0008267270659204948,0.005363164185649244,0.02058876874732781,0.024859075927047825,0.0032832318608248664,0.0006782982533971425,0.018110918123984743,0.0020282394370444087,0.01655528145335527,0.021576768905154295,0.018115021082950225,0.02519278749008657,0.007923386752680093,0.017473522450680623,0.002462091487810236,0.02475737942353963,0.015942005529084216,0.01856542574220945
vanilla_deficit,3,106000,96.13838537235279,96.84212037501857,0.4274113178253174,1.6553138494491577,27,0.6214,0.40951020408163263,0.0205,0.0171,0.0179,0.001,0.0216,0.004,0.0191,0.0185,0.0197,0.0204,0.0017,0.0098,0.0092,0.0216,0.0184,0.0222,0.0149,0.0017,0.005,0.0262,0.016,0.0044,0.003,0.0017,0.0001,0.0003,0.0046,0.0041,0.0239,0.0141,0.0073,0.001,0.0064,0.0211,0.0244,0.0036,0.001,0.0198,0.0016,0.0163,0.0229,0.0178,0.0285,0.0086,0.0186,0.0023,0.0225,0.0155,0.0195,0.0,0.0,0.010583337367855512,0.01481236579914989,0.011535781937439012,0.03307145705938497,0.01020408163265306,0.030236822921500858,0.01020408163265306,0.011963297501503376,0.013827230640102984,0.010998509626933982,0.03316239369083473,0.02241855827368247,0.021610879227942352,0.01020408163265306,0.011744933232948486,0.01060849831770087,0.0169929585713625,0.03322625140513677,0.030245993784983646,0.01020408163265306,0.013538308908624385,0.031259877126330333,0.03077814685028,0.03311494056749778,0.03489300932126864,0.034157121408761995,0.030323464887199003,0.030319112265088967,0.01020408163265306,0.0177916054821747,0.026326682163423175,0.034096752203803746,0.0280988813303377,0.01020408163265306,0.01020408163265306,0.03138766324863486,0.033989813413158536,0.013630382933609554,0.03271667767081574,0.015744543965788033,0.01020408163265306,0.01340721120007316,0.01020408163265306,0.02456624634236648,0.011440193283443863,0.03255730458194164,0.01020408163265306,0.014397442995255196,0.012384532165129466,0.019974572458215878,0.01650512367957956,0.019162932323484556,0.0016551567042204685,0.02069553816844235,0.003954476798546612,0.020832712937045007,0.01893333957627279,0.017538593362223343,0.01979405451164113,0.001620455743459058,0.0106087804081324,0.010951431150451,0.020743447861165255,0.019227653762168794,0.020149475595046724,0.014814455764937888,0.0015686574095188563,0.003986100331236338,0.023655017893671512,0.017655765398784953,0.0031246239934487577,0.0035935056307743094,0.0016589474551649724,0.00017760033719642693,0.0007745175342994222,0.003923259465929353,0.003887727605508851,0.02342867560735533,0.014205693959938613,0.007282446597068018,0.0008625486557464934,0.005766798108172104,0.021909134520397368,0.0242851837074831,0.003020969982208306,0.0009102298052733448,0.017737329338603686,0.0019819993329812354,0.01582711018488017,0.02253016129832176,0.01764491811093556,0.025093073501127928,0.00855417822052672,0.01935765678318712,0.002072212685848997,0.023132530569436517,0.01707606427999999,0.018708841596105266
vanilla_deficit,3,107000,97.03231292031705,97.74587866698857,0.4229115843772888,1.6105639934539795,28,0.6281,0.4081020408163265,0.0193,0.0147,0.0176,0.0009,0.0209,0.0041,0.0184,0.0189,0.0214,0.0214,0.0019,0.0087,0.0112,0.023,0.0183,0.0228,0.0149,0.0018,0.0049,0.0267,0.0158,0.0037,0.0028,0.0026,0.0002,0.0008,0.0045,0.0039,0.0232,0.0143,0.0084,0.0011,0.0063,0.0212,0.0247,0.0036,0.0008,0.0202,0.0024,0.0165,0.0234,0.0186,0.0292,0.0091,0.0184,0.0028,0.0232,0.0156,0.019,0.0,0.0,0.013129303893553143,0.013888136405279597,0.012956109220553968,0.03336162109397826,0.01020408163265306,0.03056632002551131,0.01020408163265306,0.011120292646768755,0.012429800129318092,0.010995951348535501,0.03305300501129951,0.021804287394712907,0.020876830394503082,0.01020408163265306,0.010210662337106382,0.010433180919450235,0.016873606222354308,0.0334965653149819,0.029851461807461982,0.01020408163265306,0.01414028101226809,0.03199308846571668,0.031264219741176325,0.03292255937640878,0.03486656519306523,0.034048628322189474,0.030800435529766003,0.03088227705851447,0.01020408163265306,0.017645273811390173,0.02704002621523366,0.03396284159237589,0.02863087148557652,0.01020408163265306,0.01020408163265306,0.03157025644746316,0.03451325670674187,0.01294243258451684,0.032467364977995745,0.015038306445676339,0.01020408163265306,0.012771506608534655,0.01020408163265306,0.02348276999873472,0.012597764565959855,0.03315454076944921,0.01020408163265306,0.014681995777938774,0.01149478682140788,0.017958610358429185,0.017384775057136922,0.01809849713533496,0.0015391418662063234,0.021983623143414795,0.003796865214031069,0.020627161347346372,0.019815634041633536,0.018484526707477064,0.01983793766997947,0.0017493440136670572,0.01087382943377617,0.011622922741505493,0.021869418382879063,0.02031595399495394,0.020136229025665354,0.015051580222478707,0.0014301494138902547,0.004452370628427543,0.02475011525541386,0.017181121585728123,0.0026835479379385347,0.003233181931299273,0.0018937655244859301,0.0002845582661685428,0.0009451937845585868,0.0036077735823616865,0.0035416713895204633,0.02611545079148084,0.014272065718994866,0.006723125592564762,0.001014482457975036,0.005321035886449458,0.020902593588964753,0.02441139882031664,0.0029860006080172957,0.0005699203073294042,0.01810954355206948,0.0022223568105805285,0.01649486221939399,0.0223552879101224,0.018325722935934593,0.02570316027158191,0.009518143848861318,0.018387926815154398,0.0017063975828940307,0.022811419313603323,0.016704524078099456,0.01943503563322504
vanilla_deficit,3,108000,97.9358487786958,98.65905520902015,0.42705392837524414,1.520455241203308,28,0.6259999999999999,0.41019387755102044,0.0167,0.016,0.0177,0.0011,0.0206,0.0045,0.0185,0.0193,0.0219,0.0224,0.0021,0.0089,0.0101,0.0231,0.0183,0.0219,0.0157,0.0015,0.0047,0.026,0.0156,0.0031,0.0029,0.0022,0.0002,0.0006,0.005,0.0039,0.0234,0.0135,0.0077,0.0009,0.0068,0.021,0.0247,0.0033,0.0009,0.0207,0.0025,0.0164,0.0236,0.0182,0.0289,0.0091,0.0191,0.0026,0.0233,0.0161,0.0188,0.0,0.0,0.011860158353354038,0.012943912121575855,0.013509767565310391,0.03344085292792942,0.01020408163265306,0.03114498956528656,0.010462209008860577,0.012802608828117219,0.012294916670929162,0.010317254181600299,0.03323082273654882,0.02343088434520669,0.02051435268927034,0.01020408163265306,0.010743005789265436,0.01123736590889442,0.01656837736045142,0.03363677410173965,0.03021708009036339,0.01020408163265306,0.012917301474809927,0.031889155587018235,0.031003974763956478,0.03280947380436208,0.0350861296376623,0.033892554014708066,0.030575971565273162,0.031470763113863785,0.01020408163265306,0.01922419109332143,0.02612752660941848,0.03413136156829353,0.027508521826781047,0.01020408163265306,0.01020408163265306,0.031435672678995656,0.03432631383212821,0.012904670866642385,0.03278520868639642,0.015151097623820555,0.01020408163265306,0.013875311253583735,0.01020408163265306,0.02448012473888221,0.011200504197598552,0.03291703434421681,0.01020408163265306,0.013293828297674486,0.010801241482011233,0.019024931559187285,0.018033844412140957,0.017694746649695954,0.0014667938567069017,0.023256204349344153,0.003318094623644158,0.02019124959874213,0.018304036251976585,0.018752483254235605,0.020386260902711586,0.0016361545689817297,0.009538468685334377,0.012046503804295599,0.023695193882906255,0.020042950281260703,0.019683378749504214,0.015228394883453138,0.0013478726433744973,0.004144452097111622,0.024055775289068364,0.018094364770464784,0.002718026192230798,0.0034318038339132594,0.0020149775329527057,0.0001791650195333214,0.0011025585184953623,0.0037769300565216914,0.0030554026750977763,0.024458439054824536,0.012969655721230124,0.007442119379448913,0.0009099927873212541,0.006367597531773731,0.023043684700336298,0.025442230558914893,0.0031227608263288426,0.0007527903677757603,0.018260799633801138,0.001995481542105907,0.016371237748617807,0.021701589887767533,0.017478110506040395,0.025255148266478022,0.008848649369050242,0.01955685269366529,0.0019282446231614061,0.02274974151561145,0.018064184726283416,0.019839741135347373
vanilla_deficit,3,109000,98.82893385679927,99.56179758394137,0.439333975315094,1.6855549812316895,30,0.6408,0.40099387755102034,0.0184,0.0176,0.0162,0.001,0.0222,0.0035,0.0183,0.0196,0.0237,0.0221,0.0018,0.0102,0.0102,0.0239,0.0186,0.0238,0.016,0.0016,0.0059,0.0256,0.0161,0.0034,0.0033,0.0021,0.0002,0.0005,0.0047,0.004,0.0243,0.0132,0.0085,0.0009,0.008,0.0208,0.0255,0.0034,0.0011,0.0204,0.0021,0.0165,0.0218,0.0188,0.0292,0.0108,0.0189,0.0024,0.0237,0.0155,0.0205,0.0,0.0,0.013003338242689717,0.013079506318392314,0.01276360287158235,0.033504165029097886,0.01020408163265306,0.03103908139946758,0.01020408163265306,0.011814918582431428,0.01020408163265306,0.010651181389609875,0.03319216286506527,0.023529161658536035,0.020874925522633054,0.01020408163265306,0.01089103512888634,0.01020408163265306,0.01711605571192891,0.034060397152322855,0.029941786394252073,0.01020408163265306,0.01331710945167093,0.03123372217500229,0.03157029752201285,0.033499743837092366,0.035260739238066025,0.03453172214946185,0.030873924958691804,0.031076433119657743,0.01020408163265306,0.019347817107127255,0.025344297215065807,0.03446032902846113,0.027465887876669974,0.01020408163265306,0.01020408163265306,0.03164156676115542,0.03462242446367055,0.013480303616446343,0.03286279431697928,0.015194871532896136,0.01020408163265306,0.011076285102887395,0.01020408163265306,0.022790653202562912,0.012031088132582678,0.03282376267704944,0.01020408163265306,0.016707062570752617,0.010876866085304792,0.018171160069353327,0.01807146707902672,0.018322929134478125,0.0017351254842037846,0.02322072108266755,0.0036192297749128165,0.02123104018460739,0.019156215572991513,0.020862275948590393,0.020043498605043262,0.0019053570826049638,0.009597195110206475,0.011905304039392234,0.023687049884810966,0.01985257281776482,0.02188485965969669,0.01481927405550807,0.001214234587133998,0.004531749213209671,0.024040344742598297,0.017843270294867174,0.0034642939235162437,0.0032354393449651525,0.0016995822937918288,0.00025875122291675736,0.000839055545046823,0.0037897583240740313,0.0036285599613577993,0.025302874413857902,0.01304277141401813,0.00826951797648031,0.000895885127418341,0.0065025872544128656,0.0223278763704204,0.02612131748952079,0.003256833373694585,0.000766855666902284,0.017908678735489222,0.002167537482784558,0.016387616870233237,0.02101037070473183,0.019626987130947283,0.026098574223506744,0.010302242148247421,0.018788830118562052,0.0021986070279367566,0.02451346981995679,0.015144836365714794,0.01986385150705668
vanilla_deficit,3,110000,99.73989468894433,100.4833036250202,0.41327762603759766,1.709964394569397,29,0.6424,0.39860204081632655,0.018,0.0173,0.018,0.0013,0.0215,0.0045,0.0179,0.0194,0.0234,0.0229,0.0018,0.0086,0.0121,0.0232,0.0179,0.0229,0.0153,0.0018,0.006,0.0268,0.0162,0.0031,0.0032,0.0024,0.0002,0.0002,0.0044,0.0037,0.024,0.0142,0.009,0.001,0.0083,0.0214,0.0245,0.003,0.001,0.0201,0.0018,0.0173,0.022,0.0189,0.0293,0.0105,0.019,0.0027,0.024,0.0163,0.0201,0.0,0.0,0.011853848494407666,0.011467571732953822,0.011770715123681302,0.034073147827795046,0.01020408163265306,0.031086432546993885,0.011205670679302409,0.012281866242142869,0.01020408163265306,0.01020408163265306,0.03337156316646978,0.022915608613874296,0.019841741818076134,0.01020408163265306,0.012599391747246363,0.011714820309244634,0.016083912091720352,0.03414494512747392,0.029352357821329562,0.01020408163265306,0.013429667824821093,0.03244070579141387,0.03184393623921745,0.03332976063723956,0.03547853765998226,0.03416679931243025,0.030646165363520966,0.03141110319989316,0.01020408163265306,0.017240835028557423,0.025156802554981515,0.034550285159492294,0.02708494122964889,0.01020408163265306,0.01020408163265306,0.032363332668706814,0.034309075036581746,0.01228188563799349,0.033526313613826214,0.014466664054083929,0.01020408163265306,0.013361807095771826,0.01020408163265306,0.02176709373550908,0.013000817590405384,0.03295399707049986,0.01020408163265306,0.016098465743051425,0.013082516450475838,0.0189789803419129,0.01936224302087756,0.019161838693279875,0.0013878771721792316,0.0227318108600832,0.003708157660045852,0.019686318140336754,0.01883618204899841,0.021516878333542204,0.021120372461910758,0.0019811534808180384,0.010357977650471042,0.012629915605620573,0.022476186670652668,0.018429104131536592,0.019284117563368182,0.015715584658403878,0.0012920987017504449,0.005195170088030085,0.024288970725787323,0.017968543587925323,0.002716480291063228,0.0031488333516282332,0.0019360502103576455,0.0002386329728709144,0.0013138975816244494,0.004095007342437065,0.003490747963580407,0.024957632328520645,0.014684490822545703,0.00839224356278556,0.0010500270735711303,0.006986306146609871,0.02151771281073684,0.024994321460489997,0.0027385383590938306,0.0012015074806067123,0.018758041727328995,0.00178078402545044,0.016993122842832036,0.02178882745983571,0.017944024881187716,0.025142571924324814,0.011148054576427502,0.01815106200013978,0.0022328830360313526,0.024184697512812197,0.015704088063654274,0.018047461834342516
vanilla_deficit,3,111000,100.63752236543223,101.39071658393368,0.4283978343009949,1.8284451961517334,29,0.6526000000000001,0.39199387755102033,0.0193,0.0171,0.0181,0.0015,0.0225,0.0043,0.0189,0.0206,0.0237,0.0229,0.0022,0.009,0.012,0.0232,0.0179,0.0223,0.0161,0.0015,0.0059,0.0275,0.0159,0.003,0.0031,0.0025,0.0003,0.0004,0.0043,0.0042,0.0252,0.0157,0.0099,0.001,0.0086,0.0223,0.0246,0.0036,0.0008,0.0199,0.0019,0.017,0.0229,0.0188,0.0283,0.0121,0.0185,0.0027,0.0239,0.0158,0.0189,0.0,0.0,0.010778736156973162,0.013439395166484581,0.011515852594719114,0.03444071978791247,0.01020408163265306,0.031591644530255786,0.01087830909766152,0.01020408163265306,0.01020408163265306,0.01020408163265306,0.034117433338903415,0.02385681490880249,0.018807201123223226,0.01020408163265306,0.011670107548023672,0.011307680574139884,0.0159437723109762,0.03425601933511143,0.03049012161767308,0.01020408163265306,0.013783616077487681,0.03165234937599835,0.03245585513247013,0.033442535674625205,0.035865520467155965,0.034880781632837275,0.03100310547372375,0.03169395182680972,0.01020408163265306,0.01744248098315105,0.025238455192604703,0.03477072397337383,0.02777369048848654,0.01020408163265306,0.01020408163265306,0.03257294228336299,0.0350979571494409,0.012979711565594361,0.0337237079126407,0.01405029059410193,0.01020408163265306,0.0123980933860734,0.01020408163265306,0.022390668566369967,0.013052657112855906,0.03349806696581241,0.01020408163265306,0.013373510563331794,0.01131653991899466,0.019914145227349928,0.017770170522962994,0.019224628928517545,0.0014247793631030046,0.023158352292671134,0.003675986019030368,0.019836832527995882,0.020533159611287797,0.021751366529051037,0.02207471608439499,0.0016757928198181135,0.009720701791336318,0.013602375886636701,0.023682335442142387,0.0193782962706186,0.019542512608608783,0.015903789757614493,0.001568188711860262,0.004531255625244311,0.024225305785908466,0.017698215152598003,0.0035897896746768434,0.0029659133630012455,0.0021607497959164773,0.00027944054152131444,0.0010440339834104212,0.004093890470304645,0.0035184252485738685,0.026138454288861756,0.014740128102247734,0.008686999550849709,0.0011294874678499098,0.006679471694024239,0.022371286916462164,0.02579145913235601,0.0028750018800961334,0.0008754096030701308,0.01843958857507557,0.0019424356178464415,0.017373970126870104,0.021791576087198485,0.018734931860774393,0.02595633515486724,0.010741893158103763,0.018148575525363864,0.002117632921084641,0.023650816781045518,0.017821326153000618,0.019613758833506873
vanilla_deficit,3,112000,101.53165354509838,102.29462279193103,0.4346767067909241,1.530133843421936,28,0.6495,0.3955938775510204,0.019,0.0183,0.0174,0.0014,0.0237,0.0036,0.0183,0.0196,0.0236,0.0228,0.0023,0.009,0.0111,0.023,0.0182,0.0231,0.0159,0.0017,0.0063,0.0272,0.0163,0.003,0.0033,0.0021,0.0002,0.0009,0.0045,0.0043,0.0251,0.0136,0.0097,0.0012,0.0083,0.0225,0.0247,0.0036,0.0014,0.0207,0.002,0.0177,0.0222,0.0193,0.0285,0.0099,0.0182,0.0026,0.0233,0.0149,0.02,0.0,0.0,0.011859182583283582,0.011232614670124041,0.011889540377618097,0.03462507778421159,0.01020408163265306,0.03182308171868552,0.01020408163265306,0.011814365007811243,0.01020408163265306,0.01020408163265306,0.034015239635745494,0.024967353975091942,0.018851325711677684,0.01020408163265306,0.011716621975194266,0.012097515599344265,0.014771454390055287,0.03431656432368608,0.030189038217985596,0.01020408163265306,0.012947983359628238,0.03221057454310822,0.032224857326418756,0.03348295869766168,0.03589656976609731,0.03450434900880841,0.03173617429382436,0.032238474872908686,0.01020408163265306,0.01667319226222844,0.02539647623726866,0.0348322924675428,0.027643899873777432,0.01020408163265306,0.01020408163265306,0.03271268539785016,0.03494834861749206,0.013635948709403545,0.033251965428032736,0.014272104462101518,0.01020408163265306,0.011123719593053515,0.01020408163265306,0.020526354674706725,0.01233521527551839,0.03378378221824281,0.01020408163265306,0.015044222518002064,0.01195989483397203,0.019077440719363303,0.019680289400359593,0.018975784986398382,0.0012750404497672665,0.023504756258692607,0.0034469051267633365,0.02058457378743966,0.01911217942234528,0.021392808384372117,0.021174046594823723,0.0017477341660910742,0.008799934018296204,0.013618674436085932,0.02353055393574322,0.01922700385598077,0.018814580606665368,0.01693728733842546,0.0015141733648833958,0.004752536628593413,0.02458431907214589,0.018311621655514344,0.0032246792489347147,0.003135483472304085,0.0021603122499384256,0.0002894899857544486,0.001368618940480076,0.0035142682357080317,0.0031249283296425,0.02679946631854964,0.01526791234408606,0.008467315605729202,0.0011144255735299308,0.006803432445748778,0.022165016597697432,0.025909467862511176,0.0027573614007479065,0.0010244688973860452,0.017661182999112846,0.002339358226877277,0.017285277655282184,0.021787371240968793,0.019569382933008264,0.024315510608442673,0.012437524553493956,0.018708461404195704,0.0019271399102631045,0.023796237591772098,0.016764923609321625,0.019038439805034436
vanilla_deficit,3,113000,102.42643528664485,103.19913170894142,0.4141218066215515,1.5740704536437988,30,0.6463000000000001,0.39860204081632644,0.0175,0.017,0.0179,0.0015,0.0212,0.0038,0.0182,0.0195,0.0241,0.0234,0.0011,0.0073,0.0134,0.0235,0.0182,0.022,0.0161,0.0015,0.0054,0.0274,0.0156,0.0026,0.0036,0.0024,0.0001,0.0012,0.0044,0.0033,0.026,0.0149,0.0103,0.0018,0.0088,0.0225,0.0242,0.0031,0.0013,0.0203,0.0023,0.0175,0.0223,0.018,0.0294,0.0108,0.0172,0.003,0.0238,0.0156,0.02,0.0,0.0,0.010858484208812786,0.01202787965187933,0.010870018154959752,0.03470826924407704,0.01020408163265306,0.0324932613204431,0.01020408163265306,0.010460804378338087,0.01020408163265306,0.01020408163265306,0.03409851936693329,0.02480669370601729,0.017403714015463898,0.01020408163265306,0.011381325076884698,0.012778057042432298,0.013075510575304317,0.034638031964316814,0.03060279601626846,0.01020408163265306,0.0117355318683339,0.032394598510858456,0.03247191194330617,0.03353910242592517,0.03658101016438231,0.03514836604051101,0.032317962797404766,0.03188190083905427,0.01020408163265306,0.015640515006361305,0.024902273778906393,0.03516064274836765,0.027587103151093292,0.01020408163265306,0.01020408163265306,0.03322311324486522,0.03541521152624032,0.011345050269616453,0.03417905675594956,0.014708406093938642,0.01020408163265306,0.013792820403462741,0.01020408163265306,0.020057047454601337,0.013171184124886645,0.034512995380045444,0.01020408163265306,0.015690023339516773,0.011891827818404263,0.019862520104654512,0.01901201010974824,0.01989280859983783,0.0015634657157794364,0.023688579750602446,0.00324844758957324,0.02061381707892801,0.020204102202337898,0.021215534264456784,0.02194261361029083,0.002027309424676713,0.009212895031085935,0.014961613893818695,0.023140981999968224,0.019503851573456004,0.018363216584491724,0.018332252778281946,0.0016168960182166457,0.0046865461790105145,0.025134431791543527,0.019234402414020312,0.003323501517820573,0.0033037508050617437,0.0024528642930969667,0.0001388502679713206,0.0012286790467144525,0.0034599241819855257,0.003713516503549852,0.027368746698569403,0.016185712056289332,0.009140186175918583,0.0012193400145658138,0.0069806182500543636,0.02370692414862572,0.02480876686005816,0.002693240878986309,0.0010647491322133254,0.019414258734436758,0.0020051062112645193,0.01693384047207041,0.022153347482532667,0.017747524483841728,0.024984301596174537,0.012708817784632443,0.018142285314324408,0.0017901377786626754,0.025153132867500958,0.016265238000735233,0.018998318796310774
vanilla_deficit,3,114000,103.31075508962385,104.09354391694069,0.4483226239681244,1.6949920654296875,30,0.6598999999999999,0.38810204081632654,0.019,0.0189,0.019,0.0012,0.0243,0.0035,0.0174,0.019,0.0239,0.023,0.0019,0.0077,0.0148,0.0237,0.018,0.0215,0.0164,0.0017,0.0066,0.0282,0.016,0.0031,0.0035,0.0027,0.0001,0.0008,0.0036,0.0035,0.0262,0.0173,0.0104,0.0016,0.0092,0.0226,0.0243,0.0032,0.0008,0.0191,0.0019,0.017,0.0218,0.018,0.0295,0.0133,0.019,0.0026,0.0239,0.0153,0.0199,0.0,0.0,0.01152871208435768,0.011980235232198898,0.011949108396272334,0.03496837293578905,0.01020408163265306,0.03253959151492486,0.012414692319059673,0.011202407662897389,0.01020408163265306,0.01020408163265306,0.034293174216306274,0.023711554465051715,0.01621240144439702,0.01020408163265306,0.012805353849563734,0.01045619278069763,0.015200812873086045,0.035081312785449986,0.030191259868751492,0.01020408163265306,0.01295829281095589,0.03287108571313555,0.03242509203570404,0.03435975852974123,0.03642156788605033,0.035015228385270436,0.03132041873261217,0.032225455027857446,0.01020408163265306,0.01620615770840524,0.02408432682226585,0.035129286120751495,0.027144470875585747,0.01020408163265306,0.01020408163265306,0.033064914195502615,0.035451683630788766,0.011475497990700441,0.03451256909240929,0.014904642317248556,0.01020408163265306,0.012879528817271696,0.01020408163265306,0.02051306447138803,0.01264964931012243,0.03382502797744307,0.01020408163265306,0.013276965855182218,0.01050523530562,0.019503237232275348,0.018962508806711343,0.018986320885655376,0.0012984219355589286,0.023941731044322567,0.003156443581827843,0.018552023444915168,0.01975286063318672,0.021614670092278652,0.02082618713317578,0.0017758875288468288,0.009948968452637635,0.015724894929512748,0.023083549916292072,0.01837035425332255,0.020245591203797035,0.01649876179396911,0.001172960271108095,0.004913858522624442,0.026466246177215495,0.018292418204839168,0.00294191249345591,0.003204973365370219,0.0017640129232673228,0.00014766298949775013,0.0012235149422528543,0.004128175197549615,0.0033576959935939445,0.027048812386395508,0.015807796397467693,0.009702859507037517,0.0011362605933733219,0.007400906943711492,0.023194625578914697,0.026190779760346464,0.002754570896453714,0.0008896259859085987,0.01946582109847976,0.0016080501000118985,0.016842520239796648,0.021538400465233726,0.018274547785162725,0.025365601837147353,0.012513005880156882,0.018489468473408002,0.0021340201454565625,0.025540157608638262,0.018048632819637953,0.020247136094303373
vanilla_deficit,3,115000,104.20285746408626,104.99618545896374,0.46188634634017944,1.5646183490753174,30,0.6608999999999999,0.38799387755102044,0.0188,0.018,0.0169,0.0013,0.0233,0.0033,0.0174,0.0207,0.0248,0.0228,0.0019,0.0094,0.0129,0.0242,0.0179,0.0211,0.0163,0.0013,0.007,0.0271,0.0165,0.0032,0.0035,0.0021,0.0003,0.0012,0.0044,0.0035,0.0269,0.0144,0.0109,0.0017,0.0093,0.0223,0.0251,0.0035,0.0019,0.0204,0.0016,0.0177,0.022,0.0186,0.0299,0.0122,0.0183,0.0031,0.024,0.0157,0.0203,0.0,0.0,0.01192962271765492,0.014148819688963189,0.012682861066956647,0.03464484456223277,0.01020408163265306,0.03312608580225456,0.011089346858036475,0.01020408163265306,0.01020408163265306,0.01020408163265306,0.03397829147232018,0.022768185002131493,0.01770726460296379,0.01020408163265306,0.012038572807864918,0.01233980251854967,0.015804694651914895,0.03469798952658256,0.030277314939963135,0.01020408163265306,0.011102594211746492,0.03287003282883581,0.03267217851912392,0.033897329606219447,0.03646519756580858,0.03519026689938359,0.032054824897544076,0.032117321941290626,0.01020408163265306,0.017031058244921942,0.02274828109668204,0.03548463326662122,0.025907803083367285,0.01020408163265306,0.01020408163265306,0.03317087355470265,0.03505576983881222,0.012879692359225908,0.0337326551689813,0.014281108357904582,0.01020408163265306,0.012103023686224106,0.01020408163265306,0.01900084824106555,0.012204133199775265,0.03375461005068387,0.01020408163265306,0.016389005938200467,0.01020408163265306,0.01911874932562998,0.017304302638807518,0.01846454174947827,0.001550657637989067,0.023660182656922525,0.0027512787068169967,0.019644211369875614,0.021195289646590836,0.021858462321517197,0.022222611019842624,0.0020213801503091346,0.010751207186406627,0.014699963659105855,0.024364314689827277,0.01891823594518547,0.018765978108324366,0.015959751526373585,0.0014709494539230613,0.004851915925623494,0.025157728627062094,0.019712204690229277,0.0028689850219579733,0.0030593680442696806,0.002083300418225121,0.00011937493467944114,0.0010944518720257545,0.0035705874187118842,0.0034837266912361373,0.027910085779931326,0.015060881566332084,0.010649242348844658,0.0009083806738704827,0.008350002741561904,0.023432101304454372,0.026420906277728015,0.0027170246837255525,0.0012363787750538503,0.01835306613890163,0.0022092447147660883,0.017164064730956753,0.021628410386039642,0.018908005909728638,0.02691423643803662,0.013476245783246972,0.019065051563587412,0.0022315159496611625,0.025768158334925996,0.015708178188192402,0.02122511299986512
vanilla_deficit,3,116000,105.10045856423676,105.90433183393907,0.42530113458633423,1.6040990352630615,30,0.6644000000000001,0.3837020408163265,0.0191,0.0192,0.0176,0.0014,0.0234,0.0032,0.0185,0.0193,0.0246,0.0235,0.0016,0.0081,0.0135,0.024,0.0178,0.0222,0.0167,0.0016,0.0066,0.0275,0.0173,0.0026,0.0036,0.0027,0.0002,0.0009,0.0043,0.0033,0.0262,0.0173,0.0115,0.0013,0.0092,0.0223,0.0255,0.0033,0.0012,0.0197,0.0018,0.0171,0.0217,0.0191,0.0291,0.0139,0.0181,0.0034,0.023,0.015,0.0204,0.0,0.0,0.010505983147499605,0.01020408163265306,0.011263832389087063,0.035404391888880095,0.01020408163265306,0.03243926616796514,0.010572297231371253,0.010876509030681656,0.01020408163265306,0.01020408163265306,0.03455915189636952,0.023654893053013458,0.017665930389071174,0.01020408163265306,0.010489501524675567,0.011336120037532838,0.015112590873474899,0.03540531869342606,0.03065848691763052,0.01020408163265306,0.012989879156760644,0.03283829228734608,0.03333138678485942,0.03461398971626745,0.03676401205219353,0.03557500538392783,0.032564413718999374,0.03257035230565392,0.01020408163265306,0.015443872533080955,0.02230841701014261,0.03583306074423407,0.026065766245809842,0.01020408163265306,0.01020408163265306,0.03316781487004691,0.03453915547308002,0.012548045409912048,0.03506024583737872,0.01459487682452484,0.01020408163265306,0.013793714381374424,0.01020408163265306,0.018173958270857708,0.013694710097970738,0.034469229680572915,0.01020408163265306,0.015497821512651926,0.011168726869838368,0.020133528712375236,0.02052861981423899,0.019642320957586855,0.0012723980307186827,0.024572095116373052,0.0034999429068556086,0.02000558538706712,0.019972359370121814,0.021358368613033342,0.022446648256330113,0.0019464454155558668,0.010177310962306103,0.014871819904918818,0.02353642658012781,0.02010684799916193,0.019588015003620868,0.01651657370280732,0.001271701770623205,0.004837749822303983,0.026869822709499763,0.01826750671227634,0.0032392378181148743,0.0028297390449951603,0.0019052486110256127,0.00025098605249511863,0.0012223499775450303,0.003405926054854688,0.0034014647032902267,0.025368992230118424,0.016463011506463617,0.011188848445854212,0.0009503613947784787,0.008366147209703955,0.02280038007561591,0.025688471507856497,0.002991684624842465,0.0019224051892913069,0.018716620947104058,0.0015309370762159153,0.017022692865606072,0.02191963608729796,0.01774175207802789,0.024331654690611035,0.014451102456183928,0.01793331635155081,0.001974936803620617,0.02498060815094579,0.016305294941483854,0.01975283129219314
vanilla_deficit,3,117000,105.99450935120694,106.80974645901006,0.4400377571582794,1.4157426357269287,30,0.6697000000000001,0.3806020408163265,0.0198,0.0185,0.0186,0.0015,0.0236,0.0035,0.019,0.019,0.0235,0.0224,0.0018,0.0061,0.0143,0.0232,0.0179,0.0228,0.0173,0.001,0.0067,0.0278,0.0172,0.0029,0.0034,0.003,0.0002,0.0009,0.0043,0.0027,0.0282,0.018,0.0119,0.0011,0.0097,0.0227,0.0255,0.0033,0.0012,0.0188,0.002,0.0178,0.0221,0.0184,0.0282,0.0161,0.0175,0.0031,0.0252,0.0158,0.0202,0.0,0.0,0.012105685992091825,0.01020408163265306,0.011452344459230298,0.035495395507246744,0.01020408163265306,0.03274054383297369,0.0106826211365481,0.011944749730651474,0.01020408163265306,0.01020408163265306,0.03508768616039078,0.025260068362102886,0.01700448216098034,0.01020408163265306,0.010386727300854909,0.01020408163265306,0.014382066797251802,0.03506615758722341,0.03079529394590179,0.01020408163265306,0.01020408163265306,0.03352604453016913,0.032775049415547666,0.0343699978880835,0.03696684092881123,0.035584149421218285,0.03286647165262427,0.03326850220922973,0.01020408163265306,0.015793920822734193,0.02251447963235767,0.0355298170145676,0.027111864226036723,0.01020408163265306,0.01020408163265306,0.03275307681781833,0.03423146807184798,0.01308302788360553,0.035014107557181595,0.013397903959707264,0.01020408163265306,0.013306089518113528,0.01020408163265306,0.016730455000935836,0.014220766519867579,0.034678390036777154,0.01020408163265306,0.015215567959686937,0.011801043102487361,0.018861897087887512,0.02114057311741875,0.01950612830780271,0.0013139826920151368,0.024045112820726564,0.003410645716520753,0.020198222662957812,0.019060225487237143,0.022451456470732264,0.022278412260657444,0.0016185010709068245,0.008958755257816477,0.015202983012518675,0.022503131652191304,0.020302038463137648,0.021408954759715073,0.01716166676971343,0.001634580776342404,0.004941679134535602,0.02431201938996372,0.020849609524293836,0.0028239547299813927,0.003345810974237933,0.002154542912767746,0.0002149591404145231,0.0012476923353889643,0.0032775276453324226,0.0030553757586078505,0.027504000905280556,0.01606808957097761,0.011087562282971673,0.001288273245594082,0.00781002271105063,0.023930627712616552,0.02641187949045335,0.0034794098219104214,0.002297073423480554,0.018366294787338092,0.0016734569779596272,0.017974863639332303,0.02086751454484918,0.018121564906049208,0.023757959179681716,0.015485779078297611,0.017555579552810573,0.0019242046144007706,0.02670377161485657,0.016617249204166733,0.019245685062178802
vanilla_deficit,3,118000,106.91891468304675,107.74507724994328,0.4334526062011719,1.563363790512085,31,0.6738999999999999,0.37590204081632655,0.0201,0.0202,0.0186,0.0014,0.024,0.0031,0.0197,0.0199,0.0247,0.0225,0.0018,0.0078,0.0125,0.0227,0.0181,0.0231,0.0171,0.0015,0.0081,0.0282,0.0171,0.0026,0.0029,0.003,0.0002,0.0012,0.0045,0.0025,0.0274,0.017,0.012,0.0013,0.0104,0.0227,0.0246,0.0035,0.0038,0.0202,0.0019,0.0185,0.0214,0.0182,0.0288,0.0145,0.0164,0.0023,0.0246,0.0156,0.0197,0.0,0.0,0.010308193158797335,0.01020408163265306,0.010446513583898934,0.03554087310511588,0.01020408163265306,0.032608162894591064,0.010320856184698348,0.011570515984222318,0.01020408163265306,0.01020408163265306,0.03540286727174764,0.02678860504012979,0.018162859145375587,0.01020408163265306,0.01020408163265306,0.01020408163265306,0.013165737546528729,0.036065945035559696,0.029989231650308354,0.01020408163265306,0.011970789038520049,0.03389856572919315,0.033913330089959795,0.03457057072682327,0.03732480383069754,0.035996343215807115,0.03303691824524364,0.03328343808999799,0.01020408163265306,0.015597288102269,0.021506062708961896,0.03579175823850725,0.02644237869100604,0.01020408163265306,0.01020408163265306,0.033720789245394754,0.03355837937204053,0.011755638633942234,0.03479740790291132,0.014180061082757154,0.01020408163265306,0.013048484982390654,0.01020408163265306,0.016203254319384842,0.014371629397951972,0.0346515124095516,0.01020408163265306,0.014960736360414662,0.012192356128156907,0.020478644270768235,0.02228528835534058,0.020141968843302462,0.0014652395828237466,0.023899532620303563,0.0037123682418969345,0.020430216321220693,0.019427855210868997,0.020843825385522298,0.02115018208809956,0.0016063698413342556,0.007977393556374779,0.014552222975848838,0.022203364119530056,0.020976100173003817,0.020679432391170344,0.01809179501576081,0.0010769015416759791,0.005688366560282397,0.025700320893082565,0.019053692192422977,0.0027189364830844643,0.0027470794069150155,0.0022219281890006213,0.0001458619445444797,0.0011283783637567016,0.0033171399968933194,0.003134816341665676,0.027847093582578347,0.016410631613685733,0.011923372465774042,0.0013187499030072568,0.008311584162660025,0.02206215571926695,0.026877501571449868,0.0028113557239233867,0.002931472470648214,0.019173752817887475,0.002054161642144714,0.01741973629366377,0.022191108143841395,0.01821757636024074,0.02538990310543202,0.015923402452867313,0.01723899174982293,0.0021230020156723668,0.02691847725374021,0.01688141902811097,0.01881169834973001
vanilla_deficit,3,119000,107.82771455915645,108.66588158393279,0.45179516077041626,1.4686799049377441,31,0.6867,0.3642857142857143,0.0202,0.0207,0.0194,0.0013,0.0244,0.0034,0.0203,0.0196,0.0242,0.0222,0.0021,0.0065,0.0143,0.0239,0.0187,0.024,0.0172,0.0013,0.008,0.0272,0.0172,0.0023,0.0034,0.0029,0.0002,0.0012,0.0045,0.003,0.0272,0.0193,0.0124,0.001,0.0104,0.022,0.0254,0.0034,0.0029,0.0195,0.0019,0.0177,0.0207,0.0185,0.0272,0.0192,0.0174,0.003,0.0257,0.0164,0.0219,0.0,0.0,0.01020408163265306,0.01020408163265306,0.01020408163265306,0.03590208831451194,0.01020408163265306,0.033546522311284105,0.01020408163265306,0.01066195410848572,0.01020408163265306,0.01020408163265306,0.0357854154003444,0.028187813089179704,0.016854132266722326,0.01020408163265306,0.010323641782606382,0.011211992059366155,0.012782537439399473,0.03584181978242648,0.031213883505368557,0.01020408163265306,0.012419438942226498,0.03363241259364201,0.03437269215500796,0.03474952270085377,0.037499518496882864,0.035997407373470104,0.03279863376223659,0.03370340624489459,0.01020408163265306,0.01399374270449286,0.021530436213488532,0.03623519079223336,0.025620920178240945,0.01020408163265306,0.01020408163265306,0.034011463348146836,0.03217736105603992,0.013116195640269708,0.03553392464335547,0.015878508942913025,0.011179893715208498,0.013042957585100514,0.01020408163265306,0.011858885592195842,0.015475272860924216,0.03484380417779761,0.01020408163265306,0.014955385730887116,0.01020408163265306,0.022030772942587304,0.022647981582253993,0.02140930318076522,0.0014048906279284761,0.025651507629292622,0.0031280879080574616,0.021901914715501524,0.020103503333140503,0.02088856074255112,0.02087210277632309,0.0014902418548024942,0.007126337898772605,0.01545647266775017,0.02208455055729878,0.020272868269313182,0.019662064546665796,0.018474080928138854,0.0014489796368650576,0.0049517004627445075,0.02461849149710603,0.018739703008730107,0.0030652554929411608,0.0025237093316649063,0.0023261666701427037,0.00027536462661476946,0.001374223159455469,0.003675200369263093,0.003052383100614974,0.02906934389626236,0.017705219972851755,0.012035556322769037,0.0011612119185111928,0.009004129850452517,0.023211494854477044,0.025178598274006096,0.002827026153825421,0.004168750425998701,0.018229995683469655,0.0016742180999287457,0.01624830785702733,0.019685545858279786,0.018283572453255154,0.024641959600049137,0.019071646759432223,0.016426104797616484,0.0022571957372910906,0.026371609487384224,0.016884549469078195,0.020877386130003527
vanilla_deficit,3,120000,108.72277172480244,109.57198633393273,0.42737072706222534,1.332108974456787,31,0.6602000000000001,0.38239387755102033,0.0187,0.0202,0.0172,0.001,0.0249,0.003,0.0192,0.0194,0.0241,0.0219,0.0016,0.0078,0.0126,0.0237,0.0178,0.0225,0.0169,0.0013,0.0081,0.0272,0.0173,0.0029,0.0027,0.0023,0.0001,0.001,0.005,0.0033,0.0228,0.0149,0.0117,0.0012,0.0103,0.0218,0.025,0.0036,0.0056,0.0197,0.0011,0.0173,0.0214,0.019,0.027,0.014,0.0164,0.0021,0.0236,0.016,0.022,0.0,0.0,0.010552978416954342,0.01020408163265306,0.01020408163265306,0.036358261244253974,0.01020408163265306,0.033612000590970165,0.01020408163265306,0.01020408163265306,0.01020408163265306,0.01020408163265306,0.03587930381531604,0.027994870583338806,0.015410817248958653,0.01020408163265306,0.011487835887273246,0.01020408163265306,0.013143398385374478,0.03607516765631308,0.029614450236681335,0.01020408163265306,0.011538343142912152,0.03449737135169535,0.033890466304429226,0.035577461371420066,0.037839270776662694,0.0365147417553093,0.03391537206117282,0.033408460630183226,0.01020408163265306,0.014347901977622129,0.02244981188259365,0.03635424995297382,0.025354234491191625,0.01020408163265306,0.01020408163265306,0.0346970010871699,0.032730863373404605,0.013571846003603082,0.03554055857585403,0.01429941417355684,0.01020408163265306,0.013074741155067677,0.01020408163265306,0.011883011297172678,0.013889138839905498,0.035614454208422394,0.01020408163265306,0.015412813767140997,0.01020408163265306,0.0201860400498374,0.023409841437117457,0.02112082504353921,0.0012823003467398496,0.024421580625553715,0.0032691393226600197,0.02096506397659131,0.0206614546834043,0.02310951032297398,0.021941526343496498,0.0016678744884816932,0.0073720305122739905,0.01651528623949306,0.02309048642490259,0.01935344810948343,0.021147779968947233,0.01827288473526612,0.0014871102484079605,0.006200312170090952,0.024704428999930576,0.019512220092489842,0.00274578706419045,0.003145802552344691,0.001925311137127203,0.00021083341981852728,0.0012081537899211285,0.0030496589683607607,0.003416394510096506,0.028884555188553193,0.017206149240201207,0.011461842726753109,0.0013242648982438236,0.009243390718445772,0.023155031616330222,0.026276110158511327,0.0024841733099966986,0.003906616236914226,0.01796291545903632,0.001873884226568695,0.017319353743255113,0.02100799556514726,0.018361618726203864,0.02234439551691595,0.01926286279939225,0.017772425904976158,0.0018594854053494026,0.027286269870083184,0.016474779317188836,0.021083911895461938
vanilla_deficit,3,121000,109.61286285740789,110.47274762496818,0.42305460572242737,1.656543493270874,31,0.6837,0.3605775510204081,0.0202,0.0198,0.0184,0.0012,0.0237,0.0037,0.021,0.0208,0.0242,0.0227,0.0021,0.0071,0.014,0.0235,0.0192,0.0238,0.0177,0.0012,0.0086,0.0266,0.0181,0.0028,0.0025,0.0028,0.0003,0.0013,0.0036,0.0036,0.0285,0.0192,0.0133,0.0011,0.0109,0.022,0.0252,0.0026,0.0027,0.02,0.0021,0.0189,0.0221,0.0193,0.0206,0.0201,0.0175,0.0023,0.0245,0.0151,0.0212,0.0,0.0,0.011649935240691557,0.01020408163265306,0.01020408163265306,0.03650769369576041,0.01020408163265306,0.033615530146490054,0.01020408163265306,0.01020408163265306,0.01020408163265306,0.01020408163265306,0.036491557808717386,0.026548387264979816,0.015815870894453556,0.01020408163265306,0.010528101396112995,0.01020408163265306,0.013552106207779769,0.03652731402271994,0.02983726593704248,0.01020408163265306,0.011597866966984196,0.03454337907704566,0.03431805381712228,0.0354221942651685,0.038165152565611586,0.036573298095541454,0.033484470414454404,0.0339783481217416,0.01020408163265306,0.015730216361388695,0.02166339391139057,0.036856988305821445,0.02540473751410898,0.01020408163265306,0.01020408163265306,0.034084120093814695,0.03184168286615021,0.011797862160371674,0.03582309643862786,0.015078464387082189,0.01020408163265306,0.01191617433604908,0.01020408163265306,0.010714459535813256,0.014606814575704733,0.035514290539655255,0.01020408163265306,0.016341785280501633,0.01020408163265306,0.019287256940042945,0.021883489886445666,0.020598705631106655,0.0013928718174092357,0.024285887286829157,0.0035002850524640584,0.022570379815377087,0.0212047207395047,0.022436523071656833,0.02172575905942046,0.0014044115084597714,0.008671588588673992,0.01626889678800541,0.02208186075599786,0.020206731661188797,0.02073390703907902,0.01812221873685764,0.001417902705089456,0.006241399293906461,0.025144754087250955,0.019402618925559487,0.002797664982208851,0.0029588078979013274,0.0022472992314731947,0.0002075286605035038,0.001345954377852893,0.0036330758249057756,0.00320175077190311,0.028614705846429944,0.01633015321884252,0.012047937820434288,0.0011430713648543655,0.009450415105861736,0.023175584867906485,0.024288422188987805,0.003126107215631627,0.004886051684889511,0.019259590981875328,0.0018824662735608744,0.017030633144157127,0.021266039728921972,0.019096854212395684,0.02329571301334261,0.02019064385062425,0.017172624263897835,0.002142373444772639,0.02669985935424357,0.015892785482947,0.02062100311412742
vanilla_deficit,3,122000,110.5084964070702,111.3815374589758,0.4769812822341919,1.37074875831604,31,0.6843000000000001,0.36168571428571417,0.0202,0.0204,0.0185,0.0005,0.0245,0.0034,0.0203,0.0215,0.0243,0.0225,0.0021,0.0077,0.0135,0.0235,0.0203,0.0236,0.0177,0.0012,0.0088,0.0274,0.017,0.0024,0.0028,0.0024,0.0004,0.0014,0.004,0.0032,0.0293,0.0187,0.0136,0.0013,0.0113,0.0229,0.0242,0.0027,0.0031,0.0202,0.0022,0.0192,0.0222,0.0189,0.0205,0.0185,0.017,0.0026,0.0248,0.0151,0.0205,0.0,0.0,0.01020408163265306,0.01020408163265306,0.01020408163265306,0.037091869833770115,0.01020408163265306,0.033434565710901434,0.01020408163265306,0.01020408163265306,0.01020408163265306,0.01020408163265306,0.03658795216624929,0.0277189895814478,0.0150080735370006,0.01020408163265306,0.01020408163265306,0.01020408163265306,0.013303263747915225,0.03691097338455861,0.03040427537324883,0.01020408163265306,0.011316849610588322,0.034546984080889916,0.03483808306995034,0.03551533833756473,0.038421681266226415,0.0361722353684984,0.03439289864172303,0.034270336378474334,0.01020408163265306,0.01508058484462212,0.020437969524431734,0.03716266979230335,0.025365869640145915,0.01020408163265306,0.01020408163265306,0.0341269574486481,0.031245097666912927,0.01138517716105329,0.035928019422886384,0.013716927977894268,0.01020408163265306,0.011607587985686379,0.01020408163265306,0.010703641045688734,0.015116289752602962,0.036150496145126436,0.01020408163265306,0.01759687289776798,0.01076799921746693,0.020965454000649194,0.02128463997887538,0.020564988741512795,0.0011230776630845529,0.024595439922119166,0.0037238084262706046,0.022119867764053846,0.021644114360973354,0.022474201639709118,0.02175010697170915,0.0014814165203427196,0.007749126182824859,0.017061371852581213,0.021882813858769733,0.02094716270884677,0.02154576824365137,0.01807835975607551,0.0012517142064536765,0.006034915949121885,0.024274296442908287,0.019529973190265146,0.0029327610921776803,0.0026866963657978856,0.0022441586078371205,0.00013837832637738574,0.001737972713336699,0.0030423321664820066,0.0030904244224793176,0.029523699480713737,0.0170098086294872,0.013239202947975998,0.0010336688905286725,0.009461506300176888,0.02265652078732616,0.026673739665836103,0.003231444534169346,0.0053198147039040964,0.019520447561824788,0.0019116361280476339,0.017784200656259574,0.022609636216368252,0.019518539898623635,0.02183281799378265,0.020005091956139098,0.016867231156582875,0.0017534316046653531,0.026566642210934095,0.015181398695147797,0.019998388976544615
vanilla_deficit,3,123000,111.40675756172277,112.29109516693279,0.44103896617889404,1.4419965744018555,31,0.6876,0.36139387755102037,0.0197,0.0196,0.0191,0.0011,0.0237,0.0037,0.0192,0.0203,0.0238,0.0224,0.0018,0.0067,0.0145,0.0237,0.0198,0.0231,0.0182,0.0015,0.0088,0.0273,0.0173,0.0028,0.0025,0.0021,0.0003,0.0012,0.0036,0.003,0.029,0.0185,0.014,0.0013,0.0115,0.0229,0.0243,0.0029,0.0051,0.0207,0.0025,0.0202,0.0217,0.0183,0.027,0.0192,0.0174,0.0017,0.0247,0.0146,0.0193,0.0,0.0,0.010634730585340124,0.01020408163265306,0.01028553698863364,0.03653043420551555,0.01020408163265306,0.03423347298882633,0.01020408163265306,0.01020408163265306,0.01020408163265306,0.01020408163265306,0.03602241013531167,0.027996630388158236,0.014991413341745415,0.01020408163265306,0.01020408163265306,0.011140848740819673,0.01255811834820362,0.03671434906582182,0.030095641772177453,0.01020408163265306,0.010805043592759677,0.034210768583634685,0.0346906844059913,0.0356167444442612,0.03835734426595351,0.036948536795129334,0.03431701240238373,0.034687365202418614,0.01020408163265306,0.014927327412000767,0.021171568796220865,0.037294937434024455,0.02511362375849044,0.01020408163265306,0.01020408163265306,0.03489865841487313,0.03052846976276128,0.010963839039417314,0.03620556951571985,0.012999958318203973,0.01020408163265306,0.01265013554147423,0.01020408163265306,0.01020408163265306,0.014271816324872913,0.03647387706470377,0.01020408163265306,0.016250046393993182,0.01214777984770921,0.02017131819354306,0.021756687977443002,0.020185227571284065,0.0014854621379269504,0.024410109397102076,0.0031577149133496596,0.0210574746476591,0.021238197963899256,0.02205328773478831,0.021773745872943378,0.00184667849852948,0.007631310574268663,0.0169564328050612,0.024457668545396858,0.022036542030269796,0.01977239448050286,0.01860843441399685,0.0013937571007236588,0.006060742012107481,0.024594628038631598,0.0199720968748614,0.003134795748073309,0.0027935649739533764,0.0021351157855339213,0.00018648864063829866,0.001188181940714692,0.0030592540409064713,0.0028349875011744194,0.029488323927034148,0.01715824931985035,0.012562205460030864,0.0009418834178083422,0.009681192112250988,0.02414663200909679,0.02738623062930049,0.002645690849489033,0.005752991728813125,0.019781064796858375,0.0017164481242586231,0.01829427641382924,0.021993338877157736,0.018582070652495637,0.022352057539421488,0.020361207080984437,0.01758526971456813,0.0015256755171117553,0.02670509580058248,0.0161005793411689,0.018978319171963052
vanilla_deficit,3,124000,112.28757226886228,113.18340979202185,0.4941819906234741,1.6963473558425903,31,0.6943,0.358969387755102,0.0192,0.0193,0.0183,0.0012,0.0228,0.0039,0.0205,0.0206,0.0241,0.0227,0.0017,0.0067,0.0146,0.025,0.0206,0.0237,0.0182,0.0012,0.0082,0.0278,0.0174,0.0029,0.0026,0.0021,0.0002,0.0012,0.0036,0.0026,0.0285,0.0176,0.0133,0.0016,0.0122,0.0233,0.0246,0.0027,0.006,0.0213,0.0019,0.0192,0.0228,0.0188,0.0269,0.0196,0.0178,0.002,0.0246,0.0163,0.0204,0.0,0.0,0.010232361530708499,0.01020408163265306,0.013090231899413041,0.03702713674942909,0.01020408163265306,0.0333284014995686,0.01020408163265306,0.01020408163265306,0.01020408163265306,0.01020408163265306,0.03645842186822474,0.027371917110696975,0.015655375581127257,0.01020408163265306,0.01020408163265306,0.01020408163265306,0.014022256701998357,0.036629434636019885,0.029142429455808028,0.01020408163265306,0.012043855049500935,0.03398610549312588,0.03466193085695885,0.035317886561374814,0.03797856087449136,0.03661973513367837,0.034462577533593816,0.034467309025465194,0.01020408163265306,0.014273263353977935,0.021171007225921898,0.03649399872056686,0.025439143678704198,0.01020408163265306,0.01020408163265306,0.03487357486712164,0.030714538200927975,0.011016218644174191,0.035934477799248604,0.012205202725088656,0.01020408163265306,0.012899823057653236,0.01020408163265306,0.01020408163265306,0.014785154888799145,0.035865243508418465,0.01020408163265306,0.01547131744341189,0.012891720569699481,0.020574419542878634,0.022393479838077813,0.018407087709970592,0.0009620841504979438,0.02466047012242306,0.003693562918557763,0.02201389828846662,0.021175345934294907,0.02182544253172668,0.02392126905643137,0.0014091244242659274,0.008005615840945564,0.01648881109226614,0.025403500465248335,0.02295306901192417,0.021652648683742712,0.01766035807762816,0.001247382862056027,0.0066183196997623315,0.02490464545101135,0.01907959982508435,0.0031826847162473525,0.002697869325433894,0.0022273077895526606,0.00027956306782455704,0.0012934034732339339,0.002801816491169183,0.0028765472710000207,0.030123950901591805,0.01751935647440174,0.012532074256749768,0.0013445402340554087,0.009314000369784477,0.02406629392459018,0.02572740022606034,0.002624167716088468,0.005490539423295897,0.019933980647686183,0.0017459225565517496,0.018807604189328312,0.022095758121344754,0.018387430892133155,0.023122669014758797,0.021912124343147463,0.017074016942675786,0.0017955890111756695,0.026209733790158493,0.016542723483498067,0.018393243356527183
vanilla_deficit,3,125000,113.17959705973044,114.08633379195817,0.4243071973323822,1.5697269439697266,31,0.6849,0.3629857142857143,0.02,0.0182,0.0181,0.0012,0.0217,0.0045,0.02,0.021,0.0247,0.0237,0.0021,0.0051,0.0167,0.0246,0.0202,0.0236,0.0184,0.0011,0.0066,0.027,0.0177,0.0023,0.0028,0.003,0.0004,0.001,0.0036,0.0021,0.0286,0.0189,0.0139,0.0009,0.0116,0.0222,0.0245,0.0024,0.0034,0.0198,0.0019,0.0187,0.0222,0.019,0.0242,0.0212,0.018,0.0022,0.0244,0.0158,0.0197,0.0,0.0,0.010750297098131913,0.01020408163265306,0.010301261674179725,0.037537366425816954,0.01020408163265306,0.03497770282313986,0.01020408163265306,0.01020408163265306,0.01020408163265306,0.01020408163265306,0.03667205658144306,0.027779250307958685,0.015749332378429223,0.01020408163265306,0.01020408163265306,0.01020408163265306,0.012807207489442722,0.03712247703013675,0.030204730722577705,0.01020408163265306,0.011824216062416987,0.03443479945326707,0.03534415349326905,0.03635049384589174,0.03874429579848469,0.036850925809977744,0.034317347820526735,0.03434633858299703,0.01020408163265306,0.013039622530007842,0.01946890952580356,0.037244661416191746,0.023665961789754858,0.01020408163265306,0.01020408163265306,0.03529632758108587,0.02953538454162978,0.012284793186235949,0.03687802516528001,0.013000601319249907,0.01020408163265306,0.013109049469218407,0.01020408163265306,0.01020408163265306,0.01219831486238962,0.036371840060707226,0.01020408163265306,0.015773645381240903,0.012549222018014616,0.020053723008368017,0.02106219422473405,0.02033094416748785,0.0009515441511847687,0.024715083299345367,0.002754474893808718,0.021701502331199017,0.020591338456429978,0.022337311535573494,0.02185831161297647,0.0016000983510648477,0.007902919026903052,0.016376340629533796,0.02546068644295446,0.021221938372626342,0.0210921898537536,0.01844866271335959,0.001243776632624196,0.006155439373736779,0.025077171248345284,0.019336357392668983,0.003175938102555783,0.0024963608282963365,0.0017875325442245958,0.00010142850790935333,0.001435047095863842,0.003258666613918548,0.0031991841115185703,0.02834271569515207,0.018480270802653128,0.013795472924037697,0.001157714547881186,0.010839227209888738,0.0235434616002733,0.02574532558098487,0.002530047601542199,0.00666596414160151,0.018933819194382282,0.0014159593295149221,0.018507755875463598,0.021712165211367124,0.01835324407863826,0.024149148674646053,0.021193947266892773,0.018916606272231136,0.0018115595735911732,0.02690454855491923,0.0165154654650517,0.018825690473560815
vanilla_deficit,3,126000,114.07541712198872,114.9941302499501,0.43470078706741333,1.5483336448669434,31,0.6916,0.36269387755102034,0.0184,0.0188,0.0176,0.0011,0.0231,0.0034,0.02,0.0216,0.0264,0.0238,0.0019,0.0084,0.0138,0.0246,0.0207,0.0249,0.0182,0.0013,0.0093,0.0275,0.0174,0.0029,0.003,0.003,0.0003,0.0013,0.0036,0.0026,0.0293,0.0178,0.0145,0.0015,0.0114,0.023,0.024,0.0026,0.0047,0.0201,0.0024,0.0203,0.0202,0.0181,0.0258,0.0177,0.0172,0.0021,0.0249,0.0149,0.0202,0.0,0.0,0.010721418215225525,0.01020408163265306,0.011722499966362277,0.037090211564818495,0.01020408163265306,0.03461741746867767,0.01020408163265306,0.01020408163265306,0.01020408163265306,0.01020408163265306,0.03653181985288876,0.02684481670457732,0.015771197780714494,0.01020408163265306,0.01020408163265306,0.01020408163265306,0.014208392242952261,0.0371621957964258,0.028938940848977072,0.01020408163265306,0.011479529113300184,0.034980721670347874,0.03498717352135309,0.03607618779917268,0.038577773768486326,0.037029685686146084,0.034128134851698855,0.03487069250162125,0.01020408163265306,0.013179951805994154,0.019941675430539964,0.037547560254344414,0.02460048188055302,0.01020408163265306,0.01020408163265306,0.03527180890364941,0.03059512744163053,0.011850778510189394,0.036187355557975864,0.012878571564556938,0.01020408163265306,0.011666835033311819,0.01020408163265306,0.01020408163265306,0.013197229707096511,0.03646854601632987,0.01020408163265306,0.015538342712774024,0.011867538072206023,0.020035854526688098,0.02302954802376203,0.019605817968199324,0.001310824494602081,0.02473840456475162,0.0030484912702115415,0.020899147740577672,0.021261588845702933,0.023701808846209475,0.021929168465058886,0.0017032141105067318,0.008588530842448828,0.01640917924957597,0.025397304865197066,0.02102688793813479,0.02193139760002492,0.017624571919163716,0.001260240174691658,0.007156023204278372,0.02455655778409793,0.019542181963195467,0.0028322548588841164,0.002827721053521821,0.0020233930865406697,0.0002654938615339637,0.0013533568706692008,0.00339231696468979,0.002948636384816187,0.028579407797874483,0.018425396306380952,0.013361339148199472,0.0009894392147285968,0.010126593612659048,0.02433464769889035,0.025811106186108046,0.002588641314823658,0.0059140728697083976,0.019085987352773812,0.002023398957538894,0.018519992890299593,0.021919031725529708,0.01925430949022567,0.022588613557679185,0.022112767895432876,0.01817887988516651,0.0017867400147688652,0.02642250890963268,0.016572809741788774,0.019386710175638235
vanilla_deficit,3,127000,114.96128021320328,115.89135937497485,0.44995394349098206,1.610127329826355,31,0.6994,0.357369387755102,0.0188,0.0196,0.0179,0.0012,0.024,0.003,0.0194,0.021,0.0265,0.0233,0.0023,0.0084,0.0135,0.0247,0.0205,0.0245,0.0184,0.0009,0.0096,0.0279,0.0175,0.0023,0.003,0.0021,0.0003,0.0012,0.0037,0.0028,0.0281,0.0169,0.0143,0.0018,0.0119,0.0231,0.0245,0.0025,0.0065,0.0196,0.0021,0.0207,0.0209,0.0186,0.0265,0.0213,0.0177,0.0022,0.0258,0.0163,0.0198,0.0,0.0,0.01020408163265306,0.01020408163265306,0.010397784246981382,0.0377072118569478,0.01020408163265306,0.03520309071470079,0.01020408163265306,0.01020408163265306,0.01020408163265306,0.01020408163265306,0.036829155889442994,0.026495421740747226,0.016020062889847926,0.01020408163265306,0.01020408163265306,0.01020408163265306,0.011711985745453112,0.03756889318489182,0.029156435445397873,0.01020408163265306,0.012223186297008942,0.03572525646910839,0.034973823521643015,0.036241853127074126,0.038879436682939535,0.03747042729183527,0.0346127319582455,0.03532924676285012,0.01020408163265306,0.01252859077350034,0.019121535290339012,0.03737765149238891,0.024696033181128285,0.01020408163265306,0.01020408163265306,0.035270364783484956,0.028428859789711033,0.011952645399699237,0.03680331488591564,0.012438104196885316,0.01020408163265306,0.013344857029067172,0.01020408163265306,0.01020408163265306,0.014929443572060528,0.03640539894742056,0.01020408163265306,0.01446477536489351,0.012018952080634577,0.02056580946293586,0.021980135769516334,0.020264192389767312,0.0010072775315189103,0.024206134483806374,0.0027941819179221022,0.020852177163878178,0.021668947331927757,0.024348832470943244,0.022931468622287402,0.0016201484396867359,0.008872014299446847,0.01618366974047591,0.024448735276514977,0.021593114923857945,0.02250828804427384,0.019464085439650745,0.0011038220495186092,0.00705372607674664,0.025382147476141093,0.018951024532507514,0.002429717451007387,0.00291514474435056,0.0020300776363019993,0.00018908083305105725,0.0011725498795595783,0.0032453066560978383,0.0026670642430112654,0.02815056875040853,0.01862066893640346,0.014057947446463312,0.001237306103042988,0.010167025100571998,0.02423022577079264,0.024624073154040436,0.0027081630493559195,0.007600626310745252,0.019100795833047492,0.0016381851023664306,0.018840077314046105,0.02123539676094762,0.018207176391657007,0.023546277281033867,0.02392632688537756,0.01717928192408868,0.0019159249180788083,0.02830074887839406,0.017425488899113505,0.018976389687805784
vanilla_deficit,3,128000,115.84551448374987,116.78627375001088,0.41733020544052124,1.442434549331665,31,0.7135,0.34928571428571425,0.019,0.0194,0.018,0.0011,0.0221,0.0036,0.0196,0.0218,0.0273,0.0246,0.0029,0.007,0.0158,0.0262,0.0204,0.0255,0.0192,0.0017,0.0095,0.0282,0.0175,0.0028,0.0027,0.0027,0.0002,0.0013,0.0039,0.0028,0.0283,0.0195,0.0145,0.0016,0.0129,0.0225,0.0246,0.0028,0.0059,0.0198,0.0022,0.0201,0.0223,0.0188,0.0262,0.0227,0.0182,0.002,0.0262,0.0159,0.0197,0.0,0.0,0.011361288715945184,0.01020408163265306,0.012353528500318643,0.037571039690266324,0.01020408163265306,0.03446159298666752,0.010896163729958957,0.01020408163265306,0.01020408163265306,0.01020408163265306,0.03691709948716187,0.02601684326888233,0.013651169177323313,0.01020408163265306,0.01020408163265306,0.01020408163265306,0.011697191000769278,0.03728959715050471,0.028473030849089413,0.01020408163265306,0.011624755186321943,0.03537888027402773,0.034105251168435304,0.035905306060877065,0.038916147846288635,0.03732160658932328,0.03456301133753683,0.0350356435025619,0.01020408163265306,0.012294103990867191,0.01929165194481384,0.03807299181047243,0.023283454267696305,0.01020408163265306,0.01020408163265306,0.035973027660046335,0.028014432423812553,0.01360856066858514,0.03639633847860931,0.01185802416684744,0.01020408163265306,0.013455560550645632,0.01020408163265306,0.01020408163265306,0.014968469599846542,0.036806413981370946,0.01020408163265306,0.015893985565937564,0.013278532245739577,0.01943698808282909,0.02133891731238427,0.019136379753377748,0.0011782428527026374,0.023376491277856164,0.003344405943046061,0.019839137474652168,0.021738778342155922,0.025466769293383533,0.022580633887375752,0.0015947408643580026,0.009188288831588265,0.01799801712889057,0.025465033150174024,0.021086669348156187,0.023228899692931446,0.019320172816193523,0.0013352443151363807,0.007477211785936806,0.02549274753374471,0.019526884458611504,0.0027053874762489843,0.003553585194000376,0.0022995960312060496,0.00020212501204568015,0.0013129452788380102,0.0032346914238034316,0.00294449973526838,0.028732946414392915,0.018865277208071705,0.014029572090024396,0.000789500728140597,0.011248725309223355,0.024434842693570873,0.026457579853384497,0.002252418496897544,0.007796689518413971,0.018105824894913344,0.0019575235016390906,0.019325317595648296,0.021398029159264663,0.01809522330549196,0.02216801648264407,0.022004248232916385,0.017041271251053265,0.001671848748858095,0.028354427523936732,0.01647464536243068,0.018257610697856162
vanilla_deficit,3,129000,116.7640407003928,117.71698466700036,0.48516806960105896,1.4114024639129639,31,0.7118,0.35157755102040816,0.019,0.0201,0.017,0.0011,0.0231,0.0032,0.0182,0.0218,0.0286,0.025,0.0023,0.008,0.0156,0.0259,0.0197,0.0256,0.0192,0.0009,0.0095,0.0279,0.0168,0.0025,0.003,0.0022,0.0002,0.0017,0.0043,0.0025,0.0267,0.0188,0.0146,0.0019,0.0129,0.0234,0.0246,0.0029,0.0071,0.0212,0.002,0.0199,0.0218,0.0183,0.0257,0.0219,0.0184,0.0019,0.0263,0.0165,0.0201,0.0,0.0,0.012086615922430807,0.01020408163265306,0.011005191091472346,0.03772033921535632,0.01020408163265306,0.03516340717168171,0.012405705166095014,0.01020408163265306,0.01020408163265306,0.01020408163265306,0.036946149624249594,0.02500507858908064,0.013622721057714254,0.01020408163265306,0.01020408163265306,0.01020408163265306,0.010375347287441921,0.03735350517579526,0.02928464986291994,0.01020408163265306,0.012421549268897814,0.03512793340047776,0.03497169282640824,0.0364107095834362,0.03879947743737347,0.037629030659963154,0.035164502819887235,0.034975141779505184,0.01020408163265306,0.012981929259335275,0.01845725425404974,0.037819348438179176,0.02435022379283771,0.01020408163265306,0.01020408163265306,0.036013602487138564,0.027959720473610915,0.012132777354603901,0.0368530402438373,0.012193973370206009,0.01020408163265306,0.014564461472177291,0.01020408163265306,0.01020408163265306,0.013423940305843755,0.03668720173940367,0.01020408163265306,0.015269600209121378,0.011558872537019416,0.019048745170767736,0.021795651942767155,0.01980218810964732,0.001033142158565814,0.024031502483087937,0.0028536529278774584,0.01878736898734866,0.02205686588670415,0.026166174042014562,0.023688685042614302,0.001611592754783708,0.01004828189423996,0.018017582968667803,0.024556752864144406,0.0220935393886509,0.02392691251521494,0.020241008592734613,0.0012887202708262778,0.00706664815937522,0.025583496907826696,0.018854455192013182,0.002839305472015436,0.0029481603400831904,0.0019455783912747985,0.00028129233028576954,0.0010967580330591908,0.0028528895753259786,0.0029457574089843046,0.02827420799745309,0.018346843563772752,0.014610237444937372,0.0009641611275368505,0.010465465365384688,0.024612735841167473,0.026874494230471092,0.002222248141329688,0.007872556434792344,0.019055646392310163,0.0016764632878127261,0.01893488532133877,0.022106967559979224,0.017322397504572516,0.021881213799601798,0.022774784027400248,0.018234201139523946,0.001752942660518873,0.027713701590043903,0.017026430548921286,0.019494555945955838
vanilla_deficit,3,130000,117.65374502551276,118.61812733393162,0.49342888593673706,1.5672457218170166,31,0.713,0.34757755102040816,0.0201,0.0201,0.018,0.0007,0.0226,0.0027,0.0178,0.0216,0.0269,0.0242,0.0019,0.0074,0.0151,0.0247,0.0207,0.026,0.0191,0.0014,0.0098,0.0273,0.0169,0.0023,0.0028,0.0028,0.0002,0.0017,0.0041,0.0031,0.0263,0.0198,0.0149,0.0016,0.0136,0.0238,0.0252,0.0029,0.0063,0.0204,0.002,0.0194,0.0213,0.0183,0.0264,0.0233,0.0197,0.002,0.0264,0.017,0.0204,0.0,0.0,0.010587221067157655,0.01020408163265306,0.01246615912522274,0.037733731439986824,0.01020408163265306,0.03530914498867727,0.012191251406076485,0.01020408163265306,0.01020408163265306,0.01020408163265306,0.037674151396711764,0.0266303064387816,0.013781799881265797,0.01020408163265306,0.01020408163265306,0.01020408163265306,0.010575147072463988,0.03738485015710911,0.028518303806773386,0.01020408163265306,0.011566791961986718,0.03600415439169077,0.03613220779547582,0.03611311015831438,0.039553904700011036,0.037725934493686095,0.0351667210218377,0.03522753883442106,0.01020408163265306,0.010369745928868138,0.01860081236601252,0.038285219793782625,0.023703079956288994,0.01020408163265306,0.01020408163265306,0.0355951837196158,0.028702003772388872,0.011623641927843004,0.03775849573641514,0.012031200972653122,0.01020408163265306,0.013048413004369975,0.01020408163265306,0.01020408163265306,0.011899539574632552,0.037092886800479855,0.01020408163265306,0.015129335358027109,0.012552704828523144,0.020136206489016414,0.021924062692312823,0.018845518985964746,0.001293306571603298,0.02354293903282293,0.003036938009849721,0.018917172175029237,0.022188726561923524,0.02425709376781562,0.022601334089426245,0.0013342335286981918,0.00903770233885456,0.018019898875772614,0.02459341188828754,0.022341252966377158,0.022558683153890733,0.020027312904824943,0.0015720239713090463,0.007740791779082911,0.025890491314053708,0.019502378306493866,0.0025204569237912288,0.002393431477232577,0.0024065501010830438,8.204851419155369e-05,0.0012986624805483103,0.003056647439966154,0.0030148702295214862,0.027318853199323215,0.02028559536429619,0.014592416411862142,0.000914476027792937,0.011009421739480805,0.025759918683339735,0.026957601785699593,0.0028795136624912157,0.007497416377936718,0.01938520170489121,0.0012762953839355077,0.019183364646730656,0.021608174456740965,0.018406492366768293,0.02208509379343692,0.022745346657885326,0.019234743510845902,0.0017335180857928946,0.029467701270854126,0.017055182018882495,0.01882513117188272
vanilla_deficit,3,131000,118.53443277277984,119.51018287497573,0.4212300181388855,1.519400715827942,32,0.7103999999999999,0.35266938775510204,0.0207,0.0193,0.018,0.0005,0.0231,0.002,0.0159,0.0218,0.0268,0.0236,0.0022,0.0079,0.0156,0.0254,0.0213,0.0259,0.0193,0.0013,0.0101,0.0279,0.0167,0.0025,0.0022,0.0029,0.0002,0.0018,0.0043,0.0033,0.0264,0.0202,0.0149,0.0015,0.0133,0.0238,0.0254,0.0029,0.0057,0.0194,0.0021,0.0199,0.0209,0.018,0.0266,0.0236,0.0193,0.002,0.0264,0.0163,0.0193,0.0,0.0,0.01020408163265306,0.01020408163265306,0.010235277086410937,0.038129301013916775,0.01020408163265306,0.035185435009915056,0.011890610837538357,0.01020408163265306,0.01020408163265306,0.01020408163265306,0.0374942842985713,0.02650340691180851,0.014474983992394363,0.01020408163265306,0.01020408163265306,0.01020408163265306,0.010277114173632267,0.03789997491052399,0.02821204402632934,0.01020408163265306,0.011375439111912956,0.03570573681770212,0.03568332565937987,0.036159981658984,0.0393995725168335,0.03739116516151267,0.034577904007910595,0.03557904426021918,0.01020408163265306,0.012027589339886176,0.01903306828855334,0.038029370512126515,0.023659699372521235,0.01020408163265306,0.01020408163265306,0.03572921759320227,0.029796461581122057,0.011488446836189787,0.03773200645430405,0.012314435093559572,0.01020408163265306,0.012648036514606494,0.01020408163265306,0.01020408163265306,0.011229268909167709,0.037138634663553764,0.01020408163265306,0.016382419685993722,0.013147355944615377,0.021870507616492937,0.021323872487564448,0.020377957435268636,0.0010146035145905165,0.024374539048618644,0.003115675997832195,0.019123268010515178,0.021274162306225843,0.02365841479242258,0.02320104784586412,0.0014509703411982177,0.009081737926813906,0.01734735458162045,0.02568518911706147,0.02293304509687325,0.02382395860082009,0.020310145586559997,0.001250315396286027,0.007946669829193398,0.026380669470420563,0.01947728050441759,0.0027190757460601434,0.0026954136060843106,0.0024069306086124576,0.00014170626438757882,0.0015218311067708482,0.0034550303633418974,0.0027670730476805987,0.02771941083345686,0.01906820247744368,0.014293283638332249,0.0010832731336631526,0.011113984140842244,0.025447554928330604,0.024931296850495256,0.0026638778731735997,0.006818837154017317,0.019673062061143703,0.0013266764126119116,0.018988277101149934,0.020957587206551272,0.018759034956909892,0.02189663210777658,0.023852099789689406,0.0196558498328505,0.0016953634396261192,0.027923942200275654,0.016036614816098867,0.01849404074465734
vanilla_deficit,3,132000,119.44143501552753,120.42818195896689,0.43785327672958374,1.497619390487671,32,0.7165,0.3484775510204081,0.0202,0.0199,0.0183,0.0008,0.0242,0.0024,0.0179,0.0222,0.0279,0.0242,0.002,0.0084,0.0156,0.0252,0.0209,0.0262,0.02,0.0014,0.0103,0.028,0.0168,0.0027,0.0022,0.0031,0.0001,0.0018,0.0039,0.0026,0.0278,0.0204,0.0158,0.0014,0.0128,0.0236,0.0252,0.0032,0.0053,0.0198,0.0022,0.0203,0.0205,0.018,0.0257,0.0233,0.019,0.0014,0.0262,0.0163,0.0191,0.0,0.0,0.01020408163265306,0.01020408163265306,0.010810901838764632,0.03835400127649812,0.01020408163265306,0.03585415639317448,0.010794532177166397,0.01020408163265306,0.01020408163265306,0.01020408163265306,0.03759158511567291,0.02611580480651321,0.014372158538295772,0.01020408163265306,0.01020408163265306,0.01020408163265306,0.01100171888767663,0.03721076753861429,0.027954121671906605,0.01020408163265306,0.012219722708455963,0.03562487568497701,0.03550938846050379,0.03653127004565083,0.03961668484828826,0.0376319813606987,0.035331046357123405,0.035905470699388514,0.01020408163265306,0.011581189960152734,0.018326261994347733,0.03817532819559554,0.02174708561826675,0.01020408163265306,0.01020408163265306,0.036391604336524726,0.02797506585674335,0.011474103340415763,0.037717501367088235,0.012472613239575513,0.010249088892637813,0.013069038806571974,0.01020408163265306,0.01020408163265306,0.012416700382996727,0.03743053730305476,0.01020408163265306,0.016140747600744403,0.013137638573465464,0.020502235123987404,0.020558200637885438,0.019984652037599856,0.000964516880056435,0.023341360754383214,0.0026730804607936463,0.020073965174840818,0.021555944163508305,0.024112909744815864,0.024414651452208693,0.0014856038060658322,0.009485180577086527,0.01743346011633931,0.02482303924781293,0.022134704587699665,0.021724337471642784,0.019893297221497692,0.0017458803725869797,0.008072500121333525,0.02587896390257359,0.01909989328197385,0.0028297864509953174,0.0029087182547610883,0.0022102950558436753,0.00010151326765329832,0.0014579942717663108,0.003069671846796637,0.002677071282805554,0.028550929957317263,0.019614434879714284,0.014770020071263254,0.0010866341845839028,0.012392934640743359,0.024981830054269304,0.025212049003072633,0.0023057520762702465,0.008175372944579377,0.019531375140313004,0.0014776690977909954,0.01873173823711575,0.02040769561792303,0.018558475543597804,0.022219953091233154,0.025601119935335516,0.019004327876385084,0.0015956748065636406,0.02872617227448561,0.016380936371397044,0.018511589809149572
vanilla_deficit,3,133000,120.33847867662553,121.33682949992362,0.45884260535240173,1.5430762767791748,32,0.6984,0.3544612244897959,0.0217,0.0207,0.019,0.0004,0.0226,0.003,0.0191,0.0176,0.0236,0.0215,0.0016,0.0048,0.0168,0.0251,0.0205,0.0256,0.0197,0.0014,0.01,0.0274,0.0167,0.0025,0.0024,0.0031,0.0004,0.0017,0.004,0.0031,0.0258,0.0214,0.0161,0.0009,0.0127,0.0227,0.026,0.0029,0.0039,0.0191,0.0019,0.0196,0.0212,0.0186,0.0241,0.0237,0.0196,0.0023,0.0262,0.0153,0.0184,0.0,0.0,0.010318540173211339,0.01020408163265306,0.01020408163265306,0.03794888575472004,0.01020408163265306,0.035547968704782495,0.013033859271440676,0.010218612111466716,0.01020408163265306,0.01020408163265306,0.03750906170698257,0.026488946140668455,0.013548843204488778,0.01020408163265306,0.01020408163265306,0.01020408163265306,0.010638178929853654,0.03740727928967185,0.027991455690499635,0.01020408163265306,0.012738944714951836,0.036161381843046604,0.035596713739178415,0.03587826954235388,0.039400073928168404,0.037979764674368796,0.035483435637804546,0.03540204339898693,0.01020408163265306,0.012397581565717825,0.01944149237821792,0.0383668536086121,0.023208000058744387,0.01020408163265306,0.01020408163265306,0.03547131307225625,0.027801752647166084,0.012151296088632225,0.0373853742159263,0.011387421840624296,0.01020408163265306,0.013851914057239229,0.01020408163265306,0.01020408163265306,0.012577804599136728,0.03714243544017179,0.01020408163265306,0.014573824773567171,0.011685371074893106,0.020438065120045208,0.02212898387352716,0.021894652255072602,0.0011716420084254817,0.02443901114068332,0.002818628182653724,0.018341029761363536,0.020389426483953314,0.023069949033727204,0.02373137293044973,0.001512415942285954,0.00911108071033968,0.017987759989839376,0.02576997023845571,0.02203418642966841,0.0224853001996799,0.020023486147281774,0.0015431743609614417,0.008041323520041149,0.025977719805737577,0.01850427337482481,0.0023978377360045003,0.00286331496049005,0.002592047712982674,0.00017615286483547413,0.0011504596215796215,0.0028628967129205193,0.0029577928336720492,0.02623883880107781,0.01889469239253163,0.013984570501599385,0.0009239860328121877,0.011518001067925675,0.0257956551826483,0.025789456958063832,0.002871212576167331,0.008249581416380696,0.018985514826881243,0.0016363258499462788,0.019509518904969148,0.02186035873044654,0.01785798380295558,0.020923127331218934,0.025750041550890834,0.0186538751135161,0.001724852507012902,0.028921271225666158,0.017479953457403503,0.019383256056802804
vanilla_deficit,3,134000,121.2552234355826,122.26584708399605,0.4422963857650757,1.6852363348007202,32,0.7196,0.3434775510204081,0.0202,0.0202,0.0187,0.0009,0.0229,0.0027,0.0194,0.0204,0.0277,0.0242,0.0019,0.0081,0.015,0.0261,0.0201,0.026,0.0199,0.0012,0.0106,0.0278,0.0172,0.0026,0.0022,0.0023,0.0001,0.0016,0.0034,0.0033,0.0264,0.019,0.0159,0.0013,0.0141,0.0234,0.0266,0.0022,0.0074,0.0205,0.0019,0.0207,0.0216,0.0192,0.0247,0.0232,0.0186,0.002,0.0274,0.0164,0.0204,0.0,0.0,0.01020408163265306,0.01020408163265306,0.01020408163265306,0.03820652896556393,0.01020408163265306,0.03554852434359717,0.010510654428979128,0.01020408163265306,0.01020408163265306,0.01020408163265306,0.037953775783679776,0.027047669369315207,0.01267605126154191,0.01020408163265306,0.01020408163265306,0.01020408163265306,0.010385263428444792,0.03799999611387846,0.02957407145180759,0.01020408163265306,0.011331838340824135,0.03596693803213902,0.035638930738178726,0.037058817622917115,0.03988646345946931,0.03813583874978492,0.035680209114407696,0.035797951486828766,0.01020408163265306,0.01063970634532813,0.018643913154476673,0.038464081035035,0.0227552220040638,0.01020408163265306,0.01020408163265306,0.03649339168230797,0.028399152248245386,0.013324777269107186,0.03832967380329231,0.011686191797671903,0.01020408163265306,0.012165720010167571,0.01020408163265306,0.01020408163265306,0.012541125642811944,0.03783948935586257,0.01020408163265306,0.015102208639692881,0.010542354932823874,0.021031786753859697,0.0213956196631762,0.020838032536396676,0.0013070836996493288,0.024896529055524787,0.0030654403878504696,0.02027020578859679,0.02138690500095295,0.024810764902165054,0.025194728088766702,0.0014389401721909617,0.00893115056558138,0.018844964658440426,0.025575689189434606,0.02145948638077094,0.02357604159212725,0.020237811290281408,0.00140768465529023,0.007183662300383477,0.0253473240237995,0.019714897604407054,0.002782497015150593,0.003004304983113387,0.0020441366257628645,0.00013200116818971007,0.001315823957104757,0.0030545163576521767,0.0028967705783258585,0.026980403005221885,0.020026687170324717,0.014731199768936333,0.00113291958127181,0.01175570195481107,0.02519681860917756,0.02650530609712593,0.0024264939124125614,0.008017238964736616,0.018250027470221714,0.00122380961786947,0.019358086103199598,0.020968746832490268,0.01911194033132045,0.021904381495424088,0.024571698098227488,0.018662767743231324,0.0015162239423589785,0.02804294777156719,0.01720432724605791,0.02013158149596848
vanilla_deficit,3,135000,122.15017242333852,123.17288670898415,0.4382835328578949,1.4492344856262207,32,0.7171,0.3456612244897959,0.0212,0.0208,0.0187,0.0009,0.0233,0.0025,0.0188,0.021,0.0281,0.0242,0.0023,0.0078,0.0151,0.0256,0.0206,0.0256,0.02,0.0012,0.0101,0.0279,0.0174,0.0028,0.0025,0.0023,0.0003,0.0017,0.0032,0.0038,0.0257,0.0198,0.0159,0.0016,0.014,0.0245,0.0255,0.0027,0.0074,0.0191,0.0015,0.0198,0.0211,0.0193,0.0246,0.0228,0.0176,0.0016,0.0272,0.0166,0.0191,0.0,0.0,0.01020408163265306,0.01020408163265306,0.01020408163265306,0.038417662142990985,0.01020408163265306,0.035820405642123625,0.010763702054598166,0.01020408163265306,0.01020408163265306,0.01020408163265306,0.037902526247371525,0.026546807219779027,0.014549467437873484,0.01020408163265306,0.01020408163265306,0.01020408163265306,0.011480824940874707,0.03760889335966533,0.029070475100559212,0.01020408163265306,0.012603279963280223,0.03637003244182866,0.035581004544853634,0.036899248294903146,0.03983623153443589,0.03745907277323463,0.03557956308572039,0.03565879435162572,0.01020408163265306,0.012956269643532308,0.016688943321223247,0.038190695577957685,0.021693899637010634,0.01020408163265306,0.01020408163265306,0.036004673128935336,0.02643514752965851,0.012692416098192653,0.03808024729133485,0.011755156837084323,0.01020408163265306,0.012067344944691694,0.01020408163265306,0.01020408163265306,0.013709325271179145,0.03755693604703559,0.01020408163265306,0.01498916756509928,0.011358316583591248,0.0217032415601652,0.02186004515918986,0.021232198444043136,0.001104786906123755,0.02501981299640015,0.00290207244953661,0.020098681878381208,0.021795788187460443,0.025461231359012272,0.023563040840019187,0.0014535101846543063,0.009218934017929835,0.01761401805424832,0.025737742167665716,0.02139210408840315,0.021975674934800953,0.01949603520898878,0.0016522861273832877,0.007432402081446353,0.024975855434530528,0.0188143098496081,0.002569062917299541,0.0030250734675980107,0.002132683155975732,0.000144480755427565,0.0017537077649274087,0.003026049269049799,0.003011475850754088,0.029554619769505276,0.018536289591797546,0.015970378907390222,0.0012584328184903377,0.012543191467572625,0.02640126858079001,0.026767453164198964,0.00281639434676752,0.009294522486040192,0.018753968791129103,0.0013332012222197712,0.019388450148662507,0.021861293117526756,0.019138050676556967,0.020755668775110155,0.023623516389551538,0.01794838061125568,0.0017265213353191066,0.027483004173460418,0.017238236316986608,0.019500842725170567
vanilla_deficit,3,136000,123.04546591069084,124.07974191696849,0.4313996136188507,1.5520166158676147,32,0.7196,0.34456938775510204,0.0206,0.0206,0.0179,0.0008,0.0243,0.0026,0.0188,0.021,0.0289,0.0244,0.0018,0.008,0.0165,0.0257,0.0197,0.0261,0.0204,0.0015,0.0108,0.0279,0.017,0.0025,0.0019,0.0032,0.0003,0.0013,0.0036,0.0031,0.0266,0.0212,0.0166,0.0011,0.0133,0.0239,0.0266,0.0027,0.0054,0.0198,0.0025,0.0202,0.0203,0.0187,0.0228,0.023,0.0192,0.0021,0.0271,0.0162,0.0191,0.0,0.0,0.01020408163265306,0.01020408163265306,0.01020408163265306,0.038258717298272106,0.01020408163265306,0.035304092014838896,0.011469000159894854,0.01020408163265306,0.01020408163265306,0.01020408163265306,0.03783892459171969,0.027004571136162232,0.014479386974455156,0.01020408163265306,0.01020408163265306,0.01020408163265306,0.011435540018043014,0.038340190217398123,0.028781666131089928,0.01020408163265306,0.01020408163265306,0.03695270697289484,0.03606455120355686,0.03667966840617934,0.039745044125435475,0.03830022902840682,0.035256121732657256,0.035623979489706664,0.01020408163265306,0.010844968755684664,0.018899963792527383,0.038358467569956624,0.022511141950172245,0.01020408163265306,0.01020408163265306,0.03654718626192283,0.02812486090063368,0.011259611820493023,0.0383867832987618,0.011651020548344748,0.01020408163265306,0.013921353265427587,0.01020408163265306,0.01020408163265306,0.01020408163265306,0.03799409839688345,0.01020408163265306,0.014988920611757928,0.010895600673661592,0.020464653394785755,0.022356414065629673,0.021840751397073196,0.0011922258533946118,0.02543999946757467,0.0031944942285716503,0.019659381100838477,0.021479554726735163,0.0239477771065104,0.024139523068211835,0.0015938953366676982,0.008896976495692243,0.017345887168084984,0.025244037151487483,0.023006845782849814,0.023135352984738268,0.019486743619641887,0.0011370138946010344,0.007614563043961894,0.024283309935751365,0.020467869182328832,0.0022335231677934825,0.0026791519302706325,0.002262303902622529,0.00018498299999685053,0.0012031569944322233,0.0032660648708051744,0.0030558402758786287,0.027053425421838626,0.02000414503798164,0.014701746215435357,0.0011246278349490556,0.0120982999964344,0.024448058418528804,0.027078903079136008,0.0023520834117899997,0.008137786902679196,0.01964502782543022,0.001105439043522748,0.019340718384662444,0.020643046021206715,0.017802176280513594,0.021024568902447267,0.02439106390739747,0.020807989942391636,0.0013715508123650236,0.0286090235255883,0.01715684022170714,0.01985264567829906
vanilla_deficit,3,137000,123.95785119046923,125.00370883394498,0.4954710006713867,1.4660502672195435,32,0.7295,0.33674489795918366,0.0209,0.0211,0.0183,0.001,0.0236,0.003,0.0192,0.0212,0.0281,0.0242,0.0019,0.0081,0.0157,0.025,0.0206,0.0256,0.0201,0.0013,0.0105,0.0282,0.0168,0.0027,0.0027,0.003,0.0004,0.0018,0.0032,0.0034,0.0272,0.0209,0.0165,0.0018,0.0147,0.0245,0.0261,0.003,0.0079,0.0206,0.002,0.0204,0.0207,0.0188,0.0256,0.023,0.0193,0.0019,0.0269,0.0173,0.0188,0.0,0.0,0.010376423453229613,0.01020408163265306,0.01020408163265306,0.038233897253654045,0.01020408163265306,0.036243546843051255,0.01020408163265306,0.01020408163265306,0.01020408163265306,0.01020408163265306,0.037985127247306266,0.026130024709583942,0.014877531176034872,0.01020408163265306,0.01020408163265306,0.01020408163265306,0.01020408163265306,0.038411566801325465,0.028569864666965046,0.01020408163265306,0.010873561868002554,0.0362210664863388,0.03638005572271121,0.03691635079895959,0.03990912070149646,0.03826671373859424,0.035502091761691126,0.035735245548559384,0.01020408163265306,0.010806193845093645,0.017101426591696025,0.03843194758117705,0.022287219605054854,0.01020408163265306,0.01020408163265306,0.036783993442760614,0.02717921157598066,0.010762990730176076,0.037968729161064224,0.012647210284961156,0.01045607450210563,0.010727098289091878,0.010641837741900922,0.01020408163265306,0.013008206486840236,0.03795183910514401,0.01020408163265306,0.015334929712822867,0.013809514811524197,0.02032213381818776,0.022942730802158987,0.020881389136126187,0.0012852432968932462,0.024976026665288746,0.0026677009215295535,0.02068279295974514,0.020893607516882857,0.025059420123847292,0.023381609773586224,0.001453151626955657,0.009454801420077454,0.017205967808892254,0.02487390135912745,0.02193746473249236,0.021537547412979027,0.020532844431828436,0.0011653245113032048,0.007886146493197155,0.02538814493594927,0.019947525718218187,0.002721936629948896,0.002575563696632954,0.002174526648352117,0.00015454440059872488,0.0012630936765844229,0.003129086551733093,0.0029717184526783895,0.028155771827494815,0.019992996039951538,0.01582212803088877,0.0011906309208464404,0.012204768393154784,0.026860958284554814,0.0257813223213248,0.00226386178556225,0.008785710966888207,0.020139343658511662,0.0014642195821225313,0.018711331987723217,0.020190248017997903,0.020163569407961077,0.020338303861909487,0.024218842820956515,0.018623926129421507,0.0014756195942295378,0.028599532042158413,0.016858182301594922,0.01788776730860461
vanilla_deficit,3,138000,124.85323059000075,125.91113858402241,0.4444715082645416,1.4774754047393799,32,0.7027,0.3566938775510204,0.0177,0.0178,0.0178,0.0005,0.0243,0.0023,0.017,0.0186,0.0269,0.0238,0.0017,0.0081,0.0156,0.024,0.0174,0.026,0.0202,0.0012,0.0108,0.0284,0.0163,0.002,0.0022,0.0027,0.0004,0.0017,0.0039,0.0031,0.0263,0.0204,0.0169,0.0015,0.0137,0.0245,0.0256,0.0025,0.0063,0.0199,0.0018,0.0205,0.0198,0.019,0.0241,0.0228,0.0195,0.0019,0.0275,0.0161,0.0197,0.0,0.0,0.01092337958118357,0.01020408163265306,0.01020408163265306,0.038441996743085405,0.01020408163265306,0.0356801908252842,0.01020408163265306,0.01020408163265306,0.01020408163265306,0.01020408163265306,0.037708663666178505,0.026990662431742078,0.014878055437833524,0.01020408163265306,0.01020408163265306,0.01020408163265306,0.01020408163265306,0.03820323789964539,0.028452792157978517,0.01020408163265306,0.01055833098995476,0.036594388069962125,0.03659157753389907,0.03692021046914577,0.03997235499190973,0.0384071432106316,0.035867458210298034,0.035782662434961844,0.01020408163265306,0.011173479242429464,0.016819270346976577,0.03870725652233187,0.021359011200864773,0.01020408163265306,0.01020408163265306,0.036941308042435936,0.025192029358604547,0.011441234123865964,0.03780745479109756,0.011755524870119993,0.01020408163265306,0.012351181699294167,0.01020408163265306,0.01020408163265306,0.012550910262529335,0.03803028629324279,0.01020408163265306,0.01652902547752564,0.01349137209457906,0.019955756783776625,0.023859713245081886,0.021112115562185743,0.0012544413837998014,0.02526950046223707,0.0031859336871157542,0.02082233767205479,0.020712364936201006,0.02507301012515859,0.02400117658483329,0.0017465597974866728,0.009056284947134199,0.017184701797764664,0.025047727035276357,0.022505084012203313,0.02463508306215019,0.020784924959038886,0.0014146654715813118,0.007996967383838378,0.026341783516358,0.020200730233483642,0.002494317611893304,0.0024962036805741173,0.002392855214214867,0.00022746265135180623,0.0012778305716636504,0.0030212015134703156,0.003039042982157786,0.02694425853168166,0.019826984704331387,0.015960134158095204,0.0010764332918584234,0.012835521637052223,0.024670632502634623,0.027621061906829197,0.0022615097488548554,0.010224232580224852,0.01964730222217032,0.0016802639583755187,0.01931920338003454,0.020910569289340666,0.018919475475885794,0.020986053140370328,0.02372301075895828,0.01878544346941771,0.0015307282442390414,0.029770719990266505,0.016154909014477525,0.018193389496568204
vanilla_deficit,3,139000,125.7320855462458,126.80151854199357,0.4186256527900696,1.7483012676239014,32,0.7289,0.3413612244897959,0.0205,0.0197,0.0186,0.0008,0.0235,0.0028,0.0176,0.0224,0.0301,0.0253,0.0021,0.0082,0.0171,0.0254,0.0208,0.0266,0.0208,0.0014,0.0107,0.0278,0.0167,0.0026,0.0022,0.003,0.0003,0.0013,0.0035,0.0031,0.0294,0.0215,0.017,0.0009,0.0138,0.0236,0.0255,0.0032,0.0069,0.0198,0.0021,0.0202,0.0194,0.0186,0.0237,0.0231,0.02,0.0019,0.0272,0.0158,0.0204,0.0,0.0,0.011088745469803768,0.01020408163265306,0.010584625330300208,0.0388057097878222,0.01020408163265306,0.03590587118191791,0.010497622025672547,0.01020408163265306,0.01020408163265306,0.01020408163265306,0.037936400286414276,0.025128597881222618,0.01383486918985434,0.01020408163265306,0.01020408163265306,0.01020408163265306,0.01131606390993355,0.03822648796704474,0.02782435007738949,0.01020408163265306,0.011913322756137512,0.03646442677629922,0.03633941046690699,0.037002907552501595,0.039995962376619065,0.0383505093166807,0.0364167282534063,0.036826469755376554,0.01020408163265306,0.012128372040376513,0.016091577943299705,0.038620431607795165,0.021798469025898687,0.01020408163265306,0.01020408163265306,0.03672561917283564,0.02469725599116012,0.011793925874145555,0.03806543305355044,0.012120155689042811,0.01020408163265306,0.012245022120627329,0.01020408163265306,0.01020408163265306,0.01288705216531542,0.03746227493668032,0.01020408163265306,0.015267350554779992,0.012372673340739672,0.019764274468417952,0.021542067176382358,0.02022112140533366,0.0009723153107297737,0.024442646698961314,0.0028870679251146716,0.020045366347573496,0.022595439661984018,0.02671136370537224,0.025814630093390207,0.0015189647325832836,0.010304687376463484,0.017953089848015698,0.02688083709954609,0.021721861702353105,0.022320986038464472,0.019728302339740805,0.0013625757706437608,0.00837119141888825,0.024981569346699487,0.01928682663007547,0.0025107316833995535,0.0027121510280056025,0.0021479211886334727,0.0001313000768113675,0.0012399517969356058,0.0025428693667769184,0.0023058616268986534,0.02813691331410125,0.019180996051878525,0.01631540680655045,0.0010580871059093359,0.012509355295505963,0.025883199732022907,0.02665430239788194,0.0023347489059179966,0.010634373741721201,0.019406334790799947,0.0014710892319068879,0.01910840695701069,0.02136658509376564,0.018985213595102583,0.021036221179611923,0.02548846092437221,0.018552635036197012,0.001877477174568711,0.029258140463370864,0.016909806395345995,0.018860143935008445
vanilla_deficit,3,140000,126.6499506047694,127.7309466250008,0.4180964231491089,1.5490305423736572,32,0.7336,0.33934489795918366,0.0201,0.0197,0.0188,0.0012,0.0229,0.0028,0.0171,0.0228,0.03,0.0258,0.0018,0.0079,0.0159,0.026,0.0205,0.027,0.0209,0.0013,0.0109,0.0285,0.0169,0.0024,0.0021,0.0025,0.0002,0.0016,0.0035,0.0033,0.0292,0.0213,0.017,0.0013,0.0148,0.0238,0.0258,0.003,0.0092,0.0206,0.0019,0.0213,0.0207,0.0193,0.0236,0.0232,0.019,0.0021,0.0268,0.016,0.0193,0.0,0.0,0.010640055023457256,0.01020408163265306,0.010919138714569381,0.03879672181866571,0.01020408163265306,0.03603381216099997,0.011515773633400003,0.01020408163265306,0.01020408163265306,0.01020408163265306,0.0381223317753051,0.027062459988028843,0.013840853736604116,0.01020408163265306,0.01020408163265306,0.01020408163265306,0.010411530386629746,0.03863527379318315,0.029442697769264586,0.01020408163265306,0.011033395491262293,0.036848042546371175,0.03734549090937912,0.03755308911206988,0.04029864571360394,0.03852712755249722,0.0364700141975918,0.03631329302412379,0.01020408163265306,0.010399504676713411,0.016580510458121374,0.03873969547358251,0.02124623972566953,0.01020408163265306,0.01020408163265306,0.03673814642308592,0.02419947765810711,0.01020408163265306,0.038022311910622476,0.011674800431278571,0.01020408163265306,0.011499747160993563,0.010508828974521392,0.01020408163265306,0.011712510857420014,0.03769764200762468,0.01020408163265306,0.013547366823276532,0.014358163949526773,0.020148253895870376,0.023690146066207347,0.01984529622580849,0.0011715842168872784,0.02357113653586594,0.003088821330263986,0.019487212730303165,0.02201839357979357,0.02574225305718497,0.023748790260549418,0.0016204873847646566,0.00913866618324651,0.018017663896484612,0.025647783447681368,0.0218215058871311,0.023400649805447992,0.020222244773647414,0.0012790510023183257,0.007398027014370857,0.024536481742218612,0.019847366975728937,0.0024687093852110305,0.0021375862492630164,0.0020384624107323635,0.0001718387417187231,0.0013510378154628687,0.002876591396960311,0.0029027867853406997,0.02952428313927205,0.020191187106059404,0.016194029942671898,0.0012095434175195278,0.013088318834863331,0.026178608315830014,0.027057382848116353,0.0025418609958640604,0.01096626599358685,0.020726719846952606,0.0017261274307244887,0.019342295118639084,0.020857764670179794,0.019380693143188264,0.02007935362716503,0.022828623519251374,0.01935625592871415,0.0019031792541861373,0.030314225005579953,0.01801770897392864,0.017634257354572167
vanilla_deficit,3,141000,127.53852357284632,128.63094441697467,0.4776226282119751,1.3331639766693115,32,0.7330999999999999,0.33905306122448986,0.0203,0.0196,0.0194,0.0007,0.0237,0.0019,0.0158,0.0222,0.0291,0.0258,0.0018,0.0093,0.0141,0.0258,0.0209,0.0258,0.021,0.0018,0.0112,0.0289,0.0172,0.0026,0.0025,0.0029,0.0003,0.0016,0.003,0.0033,0.0288,0.02,0.0166,0.0015,0.0147,0.0241,0.025,0.0028,0.0093,0.0206,0.0023,0.0214,0.0207,0.0196,0.0255,0.0224,0.0196,0.0017,0.0278,0.0167,0.0195,0.0,0.0,0.01020408163265306,0.01020408163265306,0.01020408163265306,0.03860278039622608,0.01020408163265306,0.03601331494576603,0.013325410673484618,0.01020408163265306,0.01020408163265306,0.01020408163265306,0.037789986229567606,0.025511248981262405,0.013232190082727722,0.01020408163265306,0.01020408163265306,0.01020408163265306,0.01202008550738351,0.0385253298776395,0.029529429205049154,0.01020408163265306,0.010424628099598753,0.03713571675936522,0.03683921800895246,0.03727089687544677,0.040379113362223426,0.038587649475887394,0.03632937928814365,0.0364120279444316,0.01020408163265306,0.013000853884036774,0.016615165864462503,0.03865674358746672,0.022021560828947184,0.01020408163265306,0.01020408163265306,0.036480454468875725,0.024030316133284352,0.01020408163265306,0.038526132290629955,0.010791811250677207,0.01020408163265306,0.011676558904711193,0.01020408163265306,0.01020408163265306,0.012201419778612896,0.037838380591775536,0.01020408163265306,0.014562764930284227,0.01179188075267164,0.02064733946464421,0.02114508062249687,0.021662700304453,0.0013030239771334583,0.025036304691217332,0.003065532899224507,0.01820477271028336,0.022327191867672392,0.026242443334356363,0.024307509374972263,0.0018439878267091164,0.010094357710157185,0.01834494167135519,0.02538303328278186,0.022126836548180207,0.02357882830828845,0.019229795833625357,0.001393634498028438,0.007380952392116513,0.02624571079519336,0.020369794573070997,0.0023185063693079364,0.0024767817833791827,0.002189473297444466,0.00012076657565061358,0.0013521570229737326,0.0028161103961881697,0.002761102699157579,0.02866677093401642,0.018459847452284843,0.016132428462547938,0.0012671081981251802,0.012495081978377844,0.025095191600085484,0.02647237032529244,0.0027155606940659884,0.01111907090410695,0.02028892565147082,0.0013540379434816988,0.01993009940024335,0.021949838195638064,0.019458433637680052,0.022365619611519005,0.023099842831504444,0.01930441937023438,0.0018117784414161688,0.029816512287948693,0.017498425852502473,0.01922542994852732
vanilla_deficit,3,142000,128.43632470571902,129.5409094169736,0.44787633419036865,1.9258639812469482,32,0.7418,0.33434489795918365,0.0193,0.0203,0.0193,0.0009,0.0231,0.0028,0.0183,0.0224,0.0294,0.0261,0.0018,0.0087,0.0151,0.0262,0.0207,0.026,0.0217,0.0016,0.0111,0.0286,0.018,0.0024,0.002,0.0029,0.0002,0.0017,0.0033,0.003,0.029,0.0212,0.0175,0.0012,0.0147,0.0242,0.0268,0.0035,0.0089,0.0209,0.0018,0.0211,0.0211,0.0201,0.0257,0.0223,0.0196,0.0014,0.0274,0.0164,0.0201,0.0,0.0,0.011693679178204023,0.01020408163265306,0.01020408163265306,0.038787590381010165,0.01020408163265306,0.0363640540064811,0.013231677084292279,0.01020408163265306,0.01020408163265306,0.01020408163265306,0.03815707140499,0.02663337604619069,0.013703276255568057,0.01020408163265306,0.01020408163265306,0.01020408163265306,0.01020408163265306,0.038461887342498356,0.028113098255487426,0.01020408163265306,0.01208876720525019,0.036858201092368016,0.036863277664351504,0.03663941932102451,0.04015794804824009,0.03820136852553083,0.03535646421602648,0.036349008583678996,0.01020408163265306,0.012318960730301231,0.015816440040854193,0.03834992511134842,0.020602566886463107,0.01020408163265306,0.01020408163265306,0.03681454560357159,0.02302863765555558,0.011780863333284602,0.03814732072348186,0.011240249164043878,0.01020408163265306,0.012616483216917596,0.01020408163265306,0.01020408163265306,0.012823033668246164,0.03776193157830506,0.01020408163265306,0.01578460929751955,0.01158079899115937,0.0193997273917012,0.022975104264363815,0.020802082378464135,0.0010217305870421057,0.02358104115556936,0.0026872248144169265,0.018172266739361606,0.02301154588049103,0.024866271448479346,0.025141223757449312,0.0015620584525381075,0.009217468606016122,0.01789483972312084,0.02635145275052195,0.023983070839754414,0.023139243865328354,0.020392305838677297,0.0012793719213048777,0.008341616688826013,0.027170149971279235,0.019095521892797927,0.0023165409255560044,0.002352196545499647,0.0025024275533157944,0.00010208555457701925,0.0014151432195293782,0.003363416853701997,0.00269732177572285,0.028873368019887848,0.018941039353763615,0.01647669858785659,0.0013545096113861026,0.013264735840051192,0.0255082274537378,0.025916019340289927,0.0023458380604365822,0.011714728284180072,0.019341218232343124,0.0015295396206815002,0.019704023613092713,0.020640422639992894,0.01866324744678998,0.022066415934479548,0.02293649397833651,0.018680881740058677,0.0017100487141034385,0.029434216546442397,0.01665431015329852,0.019670793620644965
vanilla_deficit,3,143000,129.33860140223987,130.4551516249776,0.44668880105018616,1.5736055374145508,32,0.7233,0.3441938775510204,0.0198,0.0203,0.0183,0.0007,0.0242,0.0022,0.0164,0.022,0.0289,0.025,0.0017,0.0089,0.0164,0.0254,0.0204,0.0256,0.0199,0.0009,0.0114,0.0279,0.0174,0.0028,0.0021,0.0029,0.0003,0.0015,0.0032,0.003,0.0285,0.0203,0.0173,0.0008,0.014,0.0241,0.0256,0.0032,0.007,0.0195,0.0016,0.0197,0.0189,0.0194,0.0252,0.0225,0.0197,0.0018,0.0279,0.0167,0.0201,0.0,0.0,0.010858123418389203,0.01020408163265306,0.010932070194453285,0.03909894193344392,0.01020408163265306,0.03619993424468893,0.011986701701684657,0.01020408163265306,0.01020408163265306,0.01020408163265306,0.038374256315927585,0.02691672775349168,0.013128688659669322,0.01020408163265306,0.01020408163265306,0.01020408163265306,0.010686424244733265,0.03858599619552492,0.028574530108639667,0.01020408163265306,0.010962389917672562,0.03645674946114281,0.036369440561671955,0.03723870961040849,0.040347959931167535,0.03875981440735296,0.03653575880932508,0.03675180189457304,0.01020408163265306,0.01184009206905555,0.014891494224956153,0.03873160112766303,0.0223715045524348,0.01020408163265306,0.01020408163265306,0.03711255737135263,0.024015376689639135,0.01020408163265306,0.03829325865921049,0.011708581173002093,0.01020408163265306,0.011602607100609577,0.01020408163265306,0.01020408163265306,0.013197759129555134,0.03814890251085758,0.01020408163265306,0.015647776639947805,0.01020408163265306,0.01992418764643364,0.021738282787168547,0.019796751666028366,0.0009747734754847728,0.025038973213686283,0.002868897504280104,0.01917160173835876,0.02234392114130379,0.026873740419788537,0.025041029732509438,0.0014189633927958693,0.009371850121021893,0.018371011833033378,0.025027992523228494,0.02232938941655084,0.022809787361282734,0.020038684248427648,0.0012777658773722007,0.007992916698120904,0.027633157102865954,0.019971845633765875,0.0028148292608876093,0.0028339881960896254,0.002215258652971882,0.0001028105396604053,0.0011618562070154546,0.0026449548335133436,0.0025399502502624865,0.031064573476509188,0.01915218002486895,0.017273620126086846,0.0012587950695799686,0.012129368453507015,0.024127283275994938,0.026979101409407034,0.0022993825447663574,0.011150349315962638,0.021261045512649207,0.0014729762122295176,0.01951331480612367,0.020720972521914495,0.019466795504054106,0.02225405715319643,0.02288559772150249,0.018559327589231178,0.0015692392757691897,0.02963838105163534,0.01661304756692366,0.020646787592083507
vanilla_deficit,3,144000,130.25225174904335,131.38137041695882,0.47916752099990845,1.5073139667510986,32,0.7276,0.34096122448979593,0.0157,0.0186,0.0191,0.0009,0.0222,0.003,0.0179,0.0213,0.0292,0.0257,0.0019,0.0084,0.0176,0.0266,0.0202,0.0262,0.0213,0.0012,0.011,0.0296,0.0184,0.0021,0.0024,0.0025,0.0002,0.0018,0.0031,0.003,0.0273,0.0211,0.0183,0.001,0.0148,0.0237,0.0254,0.0027,0.0095,0.0204,0.0012,0.02,0.0213,0.0209,0.0246,0.0223,0.019,0.0018,0.0268,0.0155,0.0189,0.0,0.0,0.010476761513293152,0.01020408163265306,0.01020408163265306,0.03923903128969909,0.01020408163265306,0.03706462456698752,0.011818622273036183,0.01020408163265306,0.01020408163265306,0.01020408163265306,0.038443762986044225,0.02680815993035931,0.012605783697146725,0.01020408163265306,0.01020408163265306,0.01020408163265306,0.010805912381374417,0.03899311432346099,0.027896727636459402,0.01020408163265306,0.011370746929847759,0.03707093238800542,0.0363414153995162,0.037524091062556865,0.04064697180302111,0.0389094145267626,0.036088988514955914,0.036335666478841955,0.01020408163265306,0.011496339906825895,0.01547340776722004,0.03948019210802243,0.020883319608648483,0.01020408163265306,0.01020408163265306,0.037460726679567485,0.024853717322106166,0.010662776280003899,0.03824415020086999,0.010679710827912605,0.01020408163265306,0.011436277826642954,0.01020408163265306,0.01020408163265306,0.01268438221854306,0.038078035483505766,0.01020408163265306,0.015739385961663434,0.010917462351996922,0.020258125490588037,0.023354348667341943,0.021519451599869063,0.0010414867930476426,0.02451403851683077,0.002479485250066147,0.019448838912114866,0.02349288164712106,0.02662124988135237,0.025487210059303152,0.0015283583704337345,0.009379571353113073,0.018811078650141488,0.025404949789085567,0.023317962349881302,0.023362450896094535,0.020313885940805503,0.001204118840820229,0.008620607343711905,0.027716472922531758,0.019627844413044535,0.002436251204422843,0.002957764523241173,0.002136564182678863,7.131225012398802e-05,0.001259471952658916,0.0030856392694869105,0.002922503951819087,0.02882898380326886,0.019544786121686007,0.016875572883569816,0.0008820001243301126,0.013180653214457067,0.02424006692586366,0.025846844296168077,0.002295656393521106,0.010711163638660485,0.01997885851095916,0.001699430615475247,0.019967659201506754,0.0212088788828085,0.01946731942356096,0.022028298125787923,0.022860473118462673,0.018759099160144822,0.0017702246132329164,0.029204027873471088,0.016660611261655217,0.01984948969830512
vanilla_deficit,3,145000,131.14691465417854,132.28745649999473,0.40827906131744385,1.6036018133163452,32,0.7484999999999999,0.3287448979591837,0.0204,0.0201,0.0189,0.0012,0.0236,0.0027,0.0183,0.0229,0.0291,0.0254,0.0019,0.0087,0.0174,0.0267,0.0211,0.0261,0.0213,0.0012,0.0112,0.0291,0.0179,0.0023,0.0026,0.0026,0.0003,0.0018,0.0031,0.0027,0.0306,0.0211,0.018,0.0011,0.0154,0.0243,0.0254,0.0033,0.0095,0.0203,0.0014,0.0207,0.0213,0.0205,0.0258,0.0223,0.0201,0.0023,0.0277,0.017,0.0198,0.0,0.0,0.01020408163265306,0.01020408163265306,0.01020408163265306,0.03921765615321151,0.01020408163265306,0.037100297420528866,0.012654032542142691,0.01020408163265306,0.01020408163265306,0.01020408163265306,0.03878495213081986,0.026589160220418254,0.012838785627347851,0.01020408163265306,0.01020408163265306,0.01020408163265306,0.01020408163265306,0.039089235644625506,0.029180099899996766,0.01020408163265306,0.010748095481747984,0.036797378041625785,0.03706409442990713,0.03759686747417698,0.0404129617573643,0.039018370294623544,0.036626787469408874,0.036146243571879004,0.01020408163265306,0.012919167231730208,0.01481963697551858,0.0384815230870616,0.020728305161642084,0.01020408163265306,0.01020408163265306,0.03603247859479685,0.024660791010201417,0.010343565801893363,0.03821881614781065,0.011141443015912555,0.01020408163265306,0.011491377712392104,0.01020408163265306,0.01020408163265306,0.013003583443652291,0.03838269593465115,0.01020408163265306,0.015140601170456652,0.01089344553204743,0.02126443505225983,0.02322286449289566,0.020949915023679808,0.0010084861834221005,0.02320560878906759,0.002409346378179314,0.01889567599430384,0.023105785506083002,0.026686087784147022,0.02470697501593217,0.0012947663643491215,0.009441717476388169,0.018617191986940063,0.025758075292944566,0.0236380267751533,0.02328485342784786,0.020795081583370123,0.0010934501415326289,0.0076884701251797045,0.025411366641900884,0.020195720547277335,0.0026097600792569105,0.0024332985444845937,0.0020808119587034245,0.00021766315679856222,0.0011403351811213166,0.0027616865633002534,0.003079617959379832,0.02939276002721692,0.018642135923083537,0.01734570858720591,0.001573642263463725,0.013397427522488882,0.024411347691368462,0.025627201788996495,0.0031158232094742853,0.010756603305562808,0.02026804787484129,0.0017083886171088913,0.019779228909990433,0.02112292152109024,0.01954770952714048,0.022734762430271678,0.02284073158398072,0.01854722303304405,0.0015609020382947685,0.02983071610439597,0.017055231302403717,0.019982368379180458
vanilla_deficit,3,146000,132.0330232984852,133.18691124999896,0.4730554521083832,1.2290221452713013,32,0.7505,0.32863673469387755,0.02,0.0197,0.0194,0.0011,0.0238,0.0022,0.017,0.023,0.0301,0.0255,0.0022,0.0093,0.0168,0.0258,0.0218,0.0264,0.0215,0.0011,0.0119,0.029,0.0181,0.0026,0.0023,0.0026,0.0002,0.0014,0.0029,0.0028,0.0308,0.0208,0.0188,0.0012,0.0156,0.024,0.0252,0.0033,0.0095,0.0208,0.0015,0.0212,0.0214,0.0203,0.0255,0.0225,0.0199,0.002,0.0277,0.0175,0.0205,0.0,0.0,0.01020408163265306,0.01020408163265306,0.01020408163265306,0.03905528291442323,0.01020408163265306,0.03710484424325678,0.010850361929435256,0.01020408163265306,0.01020408163265306,0.01020408163265306,0.038469671503997785,0.025314937598156114,0.013027997754204025,0.01020408163265306,0.01020408163265306,0.01020408163265306,0.01020408163265306,0.038885648392466145,0.02796459105455134,0.01020408163265306,0.011777641029265581,0.03665425601636236,0.03694584316379111,0.03767488701941959,0.04057841097045831,0.03866724162026167,0.03653586314613329,0.03649998530266534,0.01020408163265306,0.012968997186475279,0.015797729448096393,0.03943730810926599,0.019907426529080143,0.01020408163265306,0.01020408163265306,0.037176806714236676,0.023455819212220147,0.010784677061717252,0.038736562002308766,0.011944110924025416,0.01020408163265306,0.01325452558862875,0.01020408163265306,0.01020408163265306,0.012863160451962738,0.03851302621504875,0.01020408163265306,0.014204553164430927,0.011070282713246615,0.02103176778730495,0.022596619751185702,0.020981198014933942,0.0011828741264288728,0.025781398874232614,0.0024687720108910642,0.019856122757939472,0.022066976023023335,0.025511631847088104,0.024078420678386534,0.001608022323413461,0.010319823295148432,0.018537624357328922,0.024344902282819665,0.022403835391045984,0.024281584407839646,0.021976590681598143,0.0014509618766442706,0.008612005042369412,0.02738785762585388,0.0193619676659344,0.0027658387458223345,0.0025735992760261605,0.002132013004295149,0.00017869636171648426,0.0014387045130094989,0.002922018566829309,0.0028675473446673513,0.02931281776646862,0.01849839763510922,0.016633452643655997,0.0009310100729101942,0.013884922340160795,0.026207641743392907,0.026088785897705757,0.0024213281252864066,0.01162363994840617,0.020055677904462867,0.0013930025209693395,0.01917409131170684,0.02059699340638392,0.01834921511427837,0.022241037361992073,0.022677749739773864,0.018724424365349435,0.0015403766477176286,0.029605157467220318,0.0177619372591755,0.01978925695416138
vanilla_deficit,3,147000,132.93779143760912,134.10540841694456,0.4453779458999634,1.8311269283294678,33,0.7431,0.3324530612244898,0.0191,0.0201,0.0195,0.001,0.0241,0.0027,0.0186,0.0222,0.0304,0.0254,0.0019,0.0089,0.0175,0.0254,0.0216,0.027,0.0215,0.0008,0.0119,0.028,0.0169,0.0022,0.0027,0.0026,0.0003,0.0016,0.0028,0.0031,0.0296,0.0214,0.0184,0.0007,0.0153,0.0243,0.0251,0.0028,0.0102,0.0206,0.0018,0.0208,0.0204,0.0185,0.0241,0.0232,0.0201,0.002,0.0282,0.0161,0.0197,0.0,0.0,0.01020408163265306,0.01020408163265306,0.01020408163265306,0.039187545405678134,0.01020408163265306,0.0364497077180489,0.01020408163265306,0.01020408163265306,0.01020408163265306,0.01020408163265306,0.03844944291179904,0.02785261522615902,0.012801016407838494,0.01020408163265306,0.01020408163265306,0.01020408163265306,0.01042351047150272,0.039151985551214685,0.028603071992555337,0.01020408163265306,0.011262812084741421,0.03727533875610521,0.03768979162788334,0.03724691632361464,0.04110569037914017,0.039340236115496204,0.036399512657149795,0.037453062864424444,0.01020408163265306,0.011574488822229641,0.014699047702433986,0.03910551738801053,0.020403678635097452,0.01020408163265306,0.01020408163265306,0.037506339422022535,0.022821247930884386,0.01020408163265306,0.03894968730191426,0.010271493394648213,0.01020408163265306,0.013037731844390325,0.01020408163265306,0.01020408163265306,0.01375751747063138,0.038711962447552796,0.01020408163265306,0.014183316861118579,0.01020408163265306,0.02087176368372405,0.021489047708180053,0.021115868212841622,0.0013311740131153643,0.02510606526792152,0.003113947740940307,0.020706861926830564,0.023188543406752377,0.027287901210316934,0.02556001931019268,0.0018117977332414322,0.008790165973229095,0.0187083709171444,0.024413240208442523,0.02239739893466997,0.023612700341815458,0.02013932308232578,0.0013543292113176396,0.008262435129943072,0.025943908959537125,0.019709989920212046,0.002615391327235385,0.0023064531897692836,0.0026338989130407914,8.215239276914876e-05,0.0012708102442840917,0.003185695318014761,0.0026559142801046236,0.02818000135518084,0.019585163115698995,0.01739432154446017,0.0013845874771436057,0.013679687108809423,0.02465120781414127,0.02569739445008786,0.0024649726518813763,0.012066397237625367,0.020905045655112975,0.0015251204860610643,0.020316435707494907,0.02082298088504831,0.01867141850477412,0.0218842792509978,0.02351217670351855,0.018163659518519032,0.001679917692163382,0.02977395434083028,0.017886395468091783,0.021376401789394067
vanilla_deficit,3,148000,133.82038956566248,135.0007884169463,0.4435473680496216,1.5978963375091553,33,0.7519,0.32452857142857144,0.0195,0.0208,0.0204,0.0012,0.023,0.0029,0.0208,0.0228,0.0293,0.0255,0.002,0.008,0.017,0.0259,0.0215,0.0263,0.0214,0.0008,0.0115,0.0279,0.0183,0.0024,0.0022,0.003,0.0003,0.0016,0.0029,0.0028,0.0307,0.0218,0.0189,0.001,0.0153,0.0235,0.0259,0.0031,0.0107,0.0204,0.0014,0.0209,0.021,0.0201,0.0242,0.0231,0.0199,0.0022,0.0281,0.0171,0.0206,0.0,0.0,0.010362701899542383,0.01020408163265306,0.01020408163265306,0.0387779376114575,0.01020408163265306,0.03609537754222137,0.01020408163265306,0.01020408163265306,0.01020408163265306,0.01020408163265306,0.0381156784005523,0.0277501973475631,0.014906135484546914,0.01020408163265306,0.01020408163265306,0.01020408163265306,0.01020408163265306,0.03877222873976167,0.02805640533712777,0.01020408163265306,0.012773621030694828,0.03718659616169099,0.03728040366660184,0.03676757561054781,0.040427988319602724,0.03888631761980561,0.03636974060406059,0.03571690798883642,0.01020408163265306,0.012165332067361393,0.014335654497229735,0.03906520430103416,0.020176382802844454,0.01020408163265306,0.01020408163265306,0.03736126508493332,0.02274837247381553,0.010944126824008363,0.03892432049279026,0.011366343607603214,0.01020408163265306,0.01252013051477511,0.010697512851418536,0.01020408163265306,0.013133114586083336,0.03872621990163517,0.01020408163265306,0.014471837585016321,0.011444899657082109,0.02037226930633901,0.02200729929558494,0.02185044929232785,0.001283439689650003,0.024250178996925616,0.0030634075771149064,0.021948571368258608,0.02369563639788035,0.026250458795825146,0.02517241285329689,0.0016838082175355325,0.008678837382307802,0.01731848740717922,0.0249551725189856,0.02275326529418551,0.023539481091844314,0.021195175428530767,0.0012872277160240566,0.00843659568995312,0.026141017852973368,0.0184991067221033,0.0023393477049299034,0.0023161658033005045,0.002656444286543247,0.0001495136274619818,0.001172463446984869,0.002842296054175629,0.003275472222088854,0.030900800367030513,0.01901991419447586,0.017540770529132013,0.0010537661802456917,0.013743377906012443,0.025728458420459413,0.02700877700324205,0.002223449060990883,0.012075839657823589,0.01994741201784958,0.001186309775939966,0.01951100712962687,0.02108040761019956,0.018823556116140536,0.019915736096520874,0.024175546924656045,0.018416820783363128,0.0013177561113967874,0.029027124753559203,0.01768478351791153,0.01953700757627871
vanilla_deficit,3,149000,134.69420218234882,135.88761024991982,0.42243435978889465,1.5238628387451172,33,0.7384,0.33486938775510205,0.0192,0.0199,0.019,0.0012,0.0233,0.0022,0.0167,0.0231,0.03,0.0263,0.0012,0.0092,0.0155,0.0262,0.0217,0.0261,0.0204,0.0009,0.0112,0.0278,0.0176,0.0024,0.0024,0.0024,0.0,0.0016,0.0021,0.0028,0.0295,0.0199,0.0189,0.0013,0.0157,0.0245,0.025,0.0033,0.0117,0.0206,0.0014,0.0211,0.0197,0.02,0.0248,0.0224,0.0201,0.0018,0.0274,0.0168,0.0201,0.0,0.0,0.011429592195495743,0.01020408163265306,0.01020408163265306,0.03957812389176149,0.01020408163265306,0.03661189785984016,0.01030388533604455,0.01020408163265306,0.01020408163265306,0.01020408163265306,0.03908653542321966,0.02709651113133993,0.011491575930003039,0.01020408163265306,0.01020408163265306,0.01020408163265306,0.01020408163265306,0.03940009107470602,0.028816348351379424,0.01020408163265306,0.01020408163265306,0.03765178445728727,0.037560198903572733,0.038373947582140785,0.04121920805332025,0.038977052908588244,0.03713079855747159,0.036813248748660765,0.01020408163265306,0.012686228780839342,0.014814739834895273,0.03959533134036002,0.019609302282753212,0.01020408163265306,0.01020408163265306,0.038126498503114836,0.02133921402762695,0.01020408163265306,0.03921070674532416,0.011420186126560412,0.01020408163265306,0.010679629530141895,0.01020408163265306,0.01020408163265306,0.010282233224699714,0.03873706284411876,0.01020408163265306,0.01542558741227492,0.012450846289397622,0.01960185219510037,0.02136570755325116,0.02069198411373179,0.0010879423782162707,0.02583623400054158,0.003018313056727874,0.02021725603867927,0.022522088805195246,0.026171777937726074,0.024539780160109124,0.0014078599958743264,0.009327956336470843,0.019639639209272624,0.02512022153760365,0.02204554326726004,0.025117564936495668,0.021354325966985898,0.0012428656811888969,0.008091527313522327,0.025208829190914432,0.021436628362002455,0.002419697115516171,0.0024011744740563535,0.0018716003378035438,1.9952038858735665e-05,0.0014791093995879451,0.002680621093611327,0.002887277239602439,0.030692074189021323,0.018784053958625126,0.01732072928624009,0.001076744056217498,0.014278632608580952,0.02602447603729484,0.027024986717045035,0.002032636092137811,0.013113772252052102,0.02037376195532427,0.001366113860010765,0.019568911008674392,0.020475392897065275,0.019933665452450903,0.021286149359060102,0.023362999968826546,0.020387596873436345,0.0016352909510275455,0.028430963588228386,0.016845074819596666,0.018859111977998666
vanilla_deficit,3,150000,135.597353188321,136.8038357499754,0.45345795154571533,1.6296181678771973,33,0.728,0.33936122448979594,0.0193,0.02,0.0187,0.0012,0.0228,0.0029,0.0189,0.0232,0.0304,0.0264,0.0022,0.0075,0.0174,0.0272,0.021,0.0263,0.0207,0.0011,0.0107,0.0278,0.0187,0.0022,0.0016,0.0023,0.0004,0.0013,0.0023,0.0028,0.0288,0.0205,0.0185,0.001,0.0152,0.0217,0.0265,0.0031,0.0101,0.0201,0.0016,0.0196,0.0215,0.0202,0.0238,0.0213,0.0189,0.0018,0.0244,0.0126,0.0195,0.0,0.0,0.010890691167145488,0.01020408163265306,0.01020408163265306,0.03909181464286887,0.01020408163265306,0.036457091690742016,0.012723186480643845,0.01020408163265306,0.01020408163265306,0.01020408163265306,0.038848269721128814,0.025801668666783704,0.013830839751649893,0.01020408163265306,0.01020408163265306,0.01020408163265306,0.01020408163265306,0.03838502895409165,0.026716666777589895,0.01020408163265306,0.010415438596023455,0.037229588015603554,0.03691677325822781,0.03788944664826456,0.040712195702352974,0.038802738906173605,0.03675263668741354,0.03725248653431097,0.01020408163265306,0.010900574866563232,0.013874132538412944,0.039390367455228344,0.02052502216023245,0.01020408163265306,0.01020408163265306,0.037159865244028804,0.023195135962484577,0.011838174815509436,0.0387625321154247,0.011227393955582166,0.01093159753930881,0.012308351054791973,0.01020408163265306,0.01020408163265306,0.012542154501910041,0.03883927706473253,0.01020408163265306,0.016115389137020215,0.01020408163265306,0.01990982162131375,0.021952280442001825,0.020637820687408766,0.001288829821215574,0.02438580462929335,0.0029785068848397077,0.018707453400380634,0.024137489882338548,0.02676606350727302,0.02470574324945112,0.0014486286878827165,0.010165238096928,0.017980680958966978,0.025870208546665836,0.02355674546938189,0.024765052249103324,0.02119289023374129,0.001713515656578952,0.00944768635995382,0.02671660915818314,0.020338839980702413,0.0025497683611191728,0.002676892739132295,0.0020386856098082943,0.00018657513874489068,0.00147850314626309,0.002784588838099804,0.00253474379270831,0.02861132361014001,0.019864274059115984,0.017913212453987814,0.0010538757349140887,0.01347119180672246,0.026338647016194882,0.026648598568437414,0.002517391060553567,0.011797355992168527,0.01944439241686781,0.0014658218146655852,0.01976702341909122,0.01992204393156781,0.019135892327297635,0.021175864382303435,0.023906844807487036,0.018748110203858553,0.001454529103667148,0.029902631691467067,0.01652076577542922,0.020473563763090837
