method,seed,step,training_seconds,wall_seconds,d_loss,g_loss,coverage,valid_fraction,mode_tv,mode_0_mass,mode_1_mass,mode_2_mass,mode_3_mass,mode_4_mass,mode_5_mass,mode_6_mass,mode_7_mass,mode_8_mass,mode_9_mass,mode_10_mass,mode_11_mass,mode_12_mass,mode_13_mass,mode_14_mass,mode_15_mass,mode_16_mass,mode_17_mass,mode_18_mass,mode_19_mass,mode_20_mass,mode_21_mass,mode_22_mass,mode_23_mass,mode_24_mass,mode_25_mass,mode_26_mass,mode_27_mass,mode_28_mass,mode_29_mass,mode_30_mass,mode_31_mass,mode_32_mass,mode_33_mass,mode_34_mass,mode_35_mass,mode_36_mass,mode_37_mass,mode_38_mass,mode_39_mass,mode_40_mass,mode_41_mass,mode_42_mass,mode_43_mass,mode_44_mass,mode_45_mass,mode_46_mass,mode_47_mass,mode_48_mass,d_pair_rms_before_mean,d_pair_rms_after_mean,reference_weight_0,reference_weight_1,reference_weight_2,reference_weight_3,reference_weight_4,reference_weight_5,reference_weight_6,reference_weight_7,reference_weight_8,reference_weight_9,reference_weight_10,reference_weight_11,reference_weight_12,reference_weight_13,reference_weight_14,reference_weight_15,reference_weight_16,reference_weight_17,reference_weight_18,reference_weight_19,reference_weight_20,reference_weight_21,reference_weight_22,reference_weight_23,reference_weight_24,reference_weight_25,reference_weight_26,reference_weight_27,reference_weight_28,reference_weight_29,reference_weight_30,reference_weight_31,reference_weight_32,reference_weight_33,reference_weight_34,reference_weight_35,reference_weight_36,reference_weight_37,reference_weight_38,reference_weight_39,reference_weight_40,reference_weight_41,reference_weight_42,reference_weight_43,reference_weight_44,reference_weight_45,reference_weight_46,reference_weight_47,reference_weight_48,ema_mass_0,ema_mass_1,ema_mass_2,ema_mass_3,ema_mass_4,ema_mass_5,ema_mass_6,ema_mass_7,ema_mass_8,ema_mass_9,ema_mass_10,ema_mass_11,ema_mass_12,ema_mass_13,ema_mass_14,ema_mass_15,ema_mass_16,ema_mass_17,ema_mass_18,ema_mass_19,ema_mass_20,ema_mass_21,ema_mass_22,ema_mass_23,ema_mass_24,ema_mass_25,ema_mass_26,ema_mass_27,ema_mass_28,ema_mass_29,ema_mass_30,ema_mass_31,ema_mass_32,ema_mass_33,ema_mass_34,ema_mass_35,ema_mass_36,ema_mass_37,ema_mass_38,ema_mass_39,ema_mass_40,ema_mass_41,ema_mass_42,ema_mass_43,ema_mass_44,ema_mass_45,ema_mass_46,ema_mass_47,ema_mass_48
paired_deficit,3,0,0.0,0.0015211669960990548,nan,nan,1,0.9659,0.9795918367346937,0.0,0.0,0.0,0.0,0.0,0.0,0.0,0.0,0.0,0.0,0.0,0.0,0.0,0.0,0.0,0.0,0.0,0.0,0.0,0.0,0.0,0.0,0.0,0.0,0.9659,0.0,0.0,0.0,0.0,0.0,0.0,0.0,0.0,0.0,0.0,0.0,0.0,0.0,0.0,0.0,0.0,0.0,0.0,0.0,0.0,0.0,0.0,0.0,0.0,0.0,0.0,0.02040816326530612,0.02040816326530612,0.02040816326530612,0.02040816326530612,0.02040816326530612,0.02040816326530612,0.02040816326530612,0.02040816326530612,0.02040816326530612,0.02040816326530612,0.02040816326530612,0.02040816326530612,0.02040816326530612,0.02040816326530612,0.02040816326530612,0.02040816326530612,0.02040816326530612,0.02040816326530612,0.02040816326530612,0.02040816326530612,0.02040816326530612,0.02040816326530612,0.02040816326530612,0.02040816326530612,0.02040816326530612,0.02040816326530612,0.02040816326530612,0.02040816326530612,0.02040816326530612,0.02040816326530612,0.02040816326530612,0.02040816326530612,0.02040816326530612,0.02040816326530612,0.02040816326530612,0.02040816326530612,0.02040816326530612,0.02040816326530612,0.02040816326530612,0.02040816326530612,0.02040816326530612,0.02040816326530612,0.02040816326530612,0.02040816326530612,0.02040816326530612,0.02040816326530612,0.02040816326530612,0.02040816326530612,0.02040816326530612,0.02040816326530612,0.02040816326530612,0.02040816326530612,0.02040816326530612,0.02040816326530612,0.02040816326530612,0.02040816326530612,0.02040816326530612,0.02040816326530612,0.02040816326530612,0.02040816326530612,0.02040816326530612,0.02040816326530612,0.02040816326530612,0.02040816326530612,0.02040816326530612,0.02040816326530612,0.02040816326530612,0.02040816326530612,0.02040816326530612,0.02040816326530612,0.02040816326530612,0.02040816326530612,0.02040816326530612,0.02040816326530612,0.02040816326530612,0.02040816326530612,0.02040816326530612,0.02040816326530612,0.02040816326530612,0.02040816326530612,0.02040816326530612,0.02040816326530612,0.02040816326530612,0.02040816326530612,0.02040816326530612,0.02040816326530612,0.02040816326530612,0.02040816326530612,0.02040816326530612,0.02040816326530612,0.02040816326530612,0.02040816326530612,0.02040816326530612,0.02040816326530612,0.02040816326530612,0.02040816326530612,0.02040816326530612,0.02040816326530612
paired_deficit,3,1000,0.8846520781517029,0.8890983340097591,0.6906117796897888,0.7051798105239868,0,0.10609999999999997,0.8938999999999999,0.001,0.0014,0.0016,0.0013,0.0014,0.0016,0.0012,0.0009,0.0026,0.0029,0.0021,0.0026,0.003,0.0017,0.0011,0.0022,0.0051,0.0028,0.0031,0.0028,0.0014,0.0013,0.0028,0.0021,0.0038,0.003,0.0037,0.0009,0.0016,0.0026,0.0041,0.0029,0.0034,0.0027,0.0018,0.001,0.0026,0.003,0.0033,0.0035,0.0013,0.0017,0.0009,0.0019,0.0017,0.0021,0.0009,0.0013,0.0004,0.0,0.0,0.021155364702316624,0.02084145035340012,0.020596136429385452,0.020781911680138543,0.02093161551203855,0.021009869227809667,0.021233071866700884,0.020938022120915598,0.02027173529424668,0.019831463115794354,0.020123988131842015,0.019791851495153036,0.020411332682626036,0.020731924833970586,0.02085003061610944,0.02010968908387967,0.019833718072020612,0.019796462059027957,0.019815978819967175,0.020128985688898145,0.020592470195043344,0.02097584804611588,0.02002210798645676,0.01960054730653514,0.019877671503825432,0.019507058659680034,0.01989410636987917,0.02034684453670748,0.02104737433162493,0.020095181753311854,0.0195936845243201,0.019801703758575467,0.01968070845090642,0.019822369913213424,0.020573495501973068,0.02092383978241945,0.020386071609037534,0.020150502029443584,0.020318001746530666,0.020132703262969634,0.020342828038158824,0.020847412199186434,0.02118637179880757,0.020831089774534614,0.020714865400930524,0.020679215316599574,0.020684137608106248,0.020995933711612326,0.021191253097253306,0.0008140421317547548,0.0014089127125677693,0.0018432587747147077,0.0014752677439227038,0.0012102062716265493,0.0010716524026194315,0.0007155184715460489,0.0011988629067986537,0.0024176344697327172,0.003197168235505378,0.0027182940170328664,0.0033063659775627563,0.002131404687353166,0.0016028355738969577,0.001354658236266593,0.002704549016640121,0.003232238172257602,0.003220077640437103,0.003185521802264192,0.002631320480463232,0.001849750108037096,0.0011709518677963365,0.002859617690124282,0.0036060213931158464,0.0031153529392066747,0.0038106123105510234,0.0030862538190445194,0.0022846481183679385,0.0010052469011053939,0.0026911727956791327,0.003657234945863658,0.003288921831911605,0.003425027783682468,0.0032132684089838854,0.0018833461758046453,0.0012239737638467401,0.0022151937469352995,0.0026322867418364974,0.0023357163664706423,0.002663800746433198,0.002252697119825652,0.001359294332990959,0.0007591418226363536,0.0013881943675107427,0.0015939780351243837,0.0016570990903459714,0.0016483838168805489,0.0010963262429185998,0.0007504991303530447
paired_deficit,3,2000,1.7571805256884545,1.7652499590767547,0.6943802833557129,0.6924488544464111,0,0.10799999999999998,0.8919999999999999,0.0011,0.0018,0.0009,0.0009,0.0011,0.0014,0.0011,0.0017,0.0025,0.0037,0.0026,0.002,0.004,0.0026,0.0008,0.0024,0.0044,0.0032,0.0035,0.0037,0.0015,0.0014,0.0019,0.0027,0.0028,0.0029,0.0026,0.001,0.001,0.0021,0.004,0.003,0.0028,0.0037,0.0014,0.0007,0.0021,0.0026,0.0036,0.0029,0.0039,0.0021,0.0008,0.0018,0.0012,0.0012,0.002,0.0012,0.0017,0.0,0.0,0.021007584718905514,0.02082608721987186,0.020851610297122784,0.021111782399700352,0.020964820480868104,0.02078667793421344,0.02087856423426926,0.02084158821363787,0.01975189934953828,0.020295116261758943,0.01998627709705325,0.019979711480691005,0.019983456221194944,0.020670441926927352,0.020870473352316295,0.01996091981575088,0.01993888627538488,0.020049024403585462,0.019810675050915338,0.019857100111282517,0.021019843536199706,0.020977897391452047,0.019747435209086978,0.019965141855036794,0.02015008217867625,0.019963233662121244,0.019989227502506632,0.021052543036751113,0.02092706348022078,0.019737043536274684,0.01963126038970347,0.02003660961518982,0.019812906337021693,0.019905965700201693,0.02102158058835328,0.02062717215394344,0.020114587146565856,0.019889449363754697,0.019950466832602463,0.01979086083350819,0.020130878056294568,0.020664492889562652,0.021004771614738668,0.020778981701839006,0.02090263908723798,0.021052394959138354,0.020813475521505673,0.020867509390344884,0.02105178958517901,0.0011826766181537714,0.0015022338405357386,0.0014963586211932107,0.0009992188755913443,0.0012579703340301694,0.001571620592023305,0.001409839129594727,0.001474941704068846,0.0034325868210538647,0.002437098538085052,0.0029808624255302386,0.0029924223100416788,0.0030248915573503113,0.001815336356265933,0.0014240845036482253,0.003025508232901065,0.0031033645289373084,0.0029094476181615826,0.0033291022001879756,0.0032864254838415314,0.001161092884906335,0.0012349462083766885,0.003440446699732839,0.0030961996145086493,0.0027315182137342183,0.0030604968127475136,0.0029756677348231836,0.0011425823515305547,0.0013244479566782669,0.0034587430074917813,0.0036059297322640358,0.002931305965066052,0.003325173641423906,0.0031613268018103073,0.00115803450909243,0.0018524576524144023,0.0028330757559796955,0.0031513441217914653,0.003043912487936525,0.0034030510006164303,0.0027262678380844062,0.0017867481485632488,0.0011876295665889515,0.0015851711183582301,0.0013674512554647782,0.0011819055673579478,0.0015635013809405657,0.0014683655629114283,0.0011048464311961827
paired_deficit,3,3000,2.6330179050564766,2.6446062499890104,0.6905213594436646,0.695198655128479,0,0.11599999999999999,0.8839999999999999,0.002,0.0021,0.001,0.0011,0.0015,0.002,0.0025,0.0018,0.0035,0.0041,0.0032,0.0031,0.0034,0.0017,0.0008,0.0031,0.0032,0.0022,0.0028,0.0031,0.0017,0.0009,0.0026,0.0027,0.0025,0.0025,0.0031,0.001,0.0018,0.0031,0.0039,0.0032,0.0026,0.0033,0.0011,0.0027,0.0042,0.0033,0.0037,0.0033,0.0027,0.0018,0.0013,0.0016,0.0013,0.0011,0.0012,0.0016,0.002,0.0,0.0,0.020846193458178064,0.02076279473948951,0.02088834217104488,0.021036932171013982,0.02102566216905693,0.020715966916499698,0.02074149486766533,0.021077515651529752,0.019565512425055144,0.019836007384416595,0.02001451075488519,0.01967564178397521,0.019492843904623528,0.020808189541740123,0.02082927688775181,0.01964946046745361,0.020395940467157953,0.020293791548393038,0.02004848389528221,0.01976402200477201,0.02113216651251356,0.021061164112988046,0.020067584111616424,0.020260062127956648,0.020188076374591704,0.020132074920985676,0.0198089479846482,0.021034456287087295,0.021056607022518447,0.019789328101210892,0.020150457383480015,0.020328788970395247,0.020215704168361166,0.020006086130272254,0.02089778225257133,0.020745961687775025,0.01952461244650531,0.019901667803120582,0.019778533438167156,0.019759452972438758,0.02002259055046472,0.020654913443911606,0.02075616142377371,0.020712972883611833,0.02098923234560924,0.020969324450092613,0.021032627848489693,0.020803749704078507,0.020750329330779787,0.0014686929916616315,0.001615516050130454,0.0013944903776293926,0.001171960870025328,0.0011527391563384067,0.001697956215889785,0.001653014375948843,0.0010614513403067194,0.0037623885263526283,0.0032861834016413003,0.0030109915436449287,0.003568506299405733,0.0038512586204254152,0.0015746612107536669,0.0015375370356450688,0.0035755358860335386,0.0023004237995906773,0.0024802564985600267,0.0029511819871275388,0.0034519758295185714,0.0009652387523464467,0.0010902381482711149,0.0028394311446241463,0.0025005744872141195,0.002705430073024342,0.0027649578730485295,0.0032947588497632954,0.0011372571522254174,0.0011373233849628415,0.003407424563797823,0.0027325956328600903,0.002496768699014777,0.0025786664698927266,0.002986760556305714,0.001377871157769626,0.0016451505598081618,0.0037953302493961565,0.0031315260382422136,0.0033483035181528127,0.0034209570898060117,0.002957704600902354,0.0018445030719624665,0.001627193971763998,0.0017032271969392022,0.0012559361920024788,0.0012519214499703702,0.00114047610991858,0.0015434150244193216,0.0016374613445019432
paired_deficit,3,4000,3.501041475101374,3.515750667080283,0.6878418922424316,0.7076509594917297,0,0.1169,0.8831,0.0026,0.0016,0.0018,0.0011,0.0018,0.0023,0.0013,0.002,0.0037,0.004,0.0039,0.004,0.0037,0.0017,0.001,0.0024,0.002,0.002,0.0022,0.0029,0.0013,0.0018,0.0038,0.0026,0.0022,0.0016,0.003,0.0017,0.002,0.0024,0.0023,0.0023,0.0022,0.0021,0.0009,0.0023,0.0047,0.0029,0.0052,0.0028,0.0024,0.0022,0.0011,0.0024,0.0018,0.0018,0.0018,0.0025,0.0028,0.0,0.0,0.020830279866323874,0.02081118498366358,0.02091744407428208,0.020916522022402906,0.020911373050741602,0.020779103188408934,0.021061170444425202,0.020934139231937175,0.01934904487267028,0.019753141378423364,0.01982180451928065,0.019401649889502142,0.019502873229002706,0.020660511188812493,0.020932132926703192,0.019919924314754436,0.020466316530007553,0.020132957020564245,0.020445653564506838,0.02001029776182832,0.020970076519058734,0.021011554597521062,0.019687939251238795,0.020306150674839228,0.020170042735280447,0.020097521489465846,0.0198996049475593,0.020794191798375126,0.020981063732209905,0.019699014438539386,0.020306031533013233,0.02044585645247332,0.020248317221607373,0.02022951470796553,0.021005196170566107,0.020790808329606517,0.019386565270695648,0.020154015265132857,0.019819829380418198,0.020000359277298978,0.01989863056043406,0.020626331409395786,0.020920010999233987,0.02070063794606071,0.021014634120668445,0.02100172742899846,0.020711608890179832,0.020577811470798353,0.02098742932312319,0.0016399789924245246,0.0017124004938108848,0.0014877020192768623,0.001489312855565463,0.001498308174146021,0.0017293852956674323,0.0012366102337886251,0.0014975978678095612,0.004266777750661497,0.0035217535469180368,0.00347992317186808,0.004135813621275051,0.004037100167601103,0.001975629518086491,0.0015011029084150765,0.0032694441488408787,0.002314890041837674,0.002936335818840032,0.0023119260037684254,0.0030724980943900803,0.001395752472924159,0.001323289745525166,0.0036747249873309985,0.00263376431547684,0.002793421606429491,0.0029591796396102577,0.0033049423401883557,0.0017030253033210423,0.0014156201726594601,0.003655376495115183,0.0025949099577529237,0.0023506340559262665,0.002695737589346843,0.0027676483183621246,0.0013343979977924873,0.0017870612660303069,0.004162166641014996,0.0028995467993809254,0.0034052487644285583,0.0030898607524954386,0.003306644606813391,0.0019962795247948236,0.0014832175689373285,0.0019055275659306313,0.0013569722796583725,0.0013795204331596119,0.001925423687870583,0.0021201069708661497,0.0013654369048663744
paired_deficit,3,5000,4.380448249867186,4.398554958985187,0.69392329454422,0.6960482597351074,0,0.12170000000000003,0.8782999999999999,0.0015,0.0014,0.0016,0.0011,0.001,0.0011,0.0012,0.0014,0.0049,0.0042,0.004,0.0033,0.0038,0.0027,0.001,0.0041,0.0017,0.0015,0.0015,0.0037,0.0016,0.0014,0.004,0.0021,0.0016,0.0032,0.0035,0.0033,0.0011,0.0035,0.0026,0.0021,0.0027,0.0028,0.0021,0.0012,0.0057,0.0042,0.0034,0.0043,0.0035,0.0021,0.0005,0.0025,0.002,0.0015,0.0016,0.0025,0.0024,0.0,0.0,0.020974164893259414,0.020581993428542108,0.02099684458881837,0.02064503499857759,0.02078958338982919,0.020742261400196825,0.02094159798582058,0.0206773229490837,0.01919130818061483,0.019996378434678167,0.019611683837516,0.019707592554818906,0.019375934140619326,0.020451171636838735,0.020618913766056228,0.020073108893244436,0.020766279869141036,0.020630536388839514,0.020551815224420424,0.019908139168689443,0.020689911051992187,0.020854023832312413,0.019757166615535716,0.020965593885408883,0.020615724311158788,0.020670247259405406,0.02004816141568204,0.020579103637397952,0.02077038064008446,0.019939412208233337,0.02090608751045627,0.02052479469988442,0.020647451217050042,0.019795680934961868,0.020704904506805125,0.02056729585022296,0.019331275853849833,0.02018499056301505,0.02013073686435339,0.019624501125349376,0.019229302053800343,0.020706700985841084,0.020998574357712706,0.020588723686602327,0.020708199397612526,0.020818379883524342,0.020844226752412445,0.02059006701106495,0.020976716158664983,0.0015187162951157203,0.002200529621285594,0.001440223800695502,0.002051865616791012,0.0018396221746241025,0.0018828317572588675,0.0015362732931711019,0.0019957311018903696,0.004657380817941969,0.0032577184837152126,0.003848407832662779,0.003720727345382663,0.004297335148045323,0.002427971056885902,0.002097278927119146,0.0030852555354920854,0.0018410742259908474,0.002116134808811504,0.0023311212171019703,0.0033330026754980154,0.002012908439183816,0.0016885261475009235,0.003712664903740423,0.0015336175000654807,0.002102823983422157,0.0020470951076054286,0.0031286282032832752,0.002166491194399517,0.0018339447927496668,0.003317695143435043,0.0015980103584608144,0.002299972999877403,0.0020476648778243326,0.003606642977582166,0.0019477789296828676,0.0021870197319724693,0.004374976225438101,0.0028907426240064645,0.0029850658934676764,0.0038651867183859194,0.0045913262184076415,0.0019446556444438926,0.0014372164949900648,0.0021497661689041476,0.0019420505668036898,0.001750495264245659,0.0017055589513490118,0.0021864932197386967,0.001553343269054773
paired_deficit,3,6000,5.2625132175162435,5.284491250058636,0.6982451677322388,0.6958942413330078,0,0.12559999999999993,0.8744000000000001,0.0012,0.0015,0.0013,0.0018,0.0017,0.0019,0.0004,0.0038,0.0042,0.0034,0.0032,0.0036,0.0071,0.0005,0.0038,0.0019,0.0016,0.0014,0.0016,0.0046,0.0004,0.0034,0.0012,0.0023,0.0019,0.0019,0.0039,0.0003,0.0037,0.0011,0.0023,0.0021,0.0023,0.0028,0.0001,0.0053,0.0029,0.0027,0.002,0.004,0.005,0.0006,0.0045,0.0042,0.004,0.0028,0.003,0.0037,0.0007,0.0,0.0,0.021181338485353456,0.020843249038343614,0.020799573782386886,0.020666814733839852,0.02073095793220248,0.02077114957289871,0.02101801574164175,0.02060503729296064,0.018724754360202916,0.019913863202492162,0.020042346431836236,0.019700370532054097,0.019520610228589003,0.02005662776935935,0.020626972231493935,0.020229884538019653,0.020770109630394322,0.020720335780892857,0.020534462954078736,0.02061681880551435,0.020404639077174033,0.020591165963773313,0.02044031793421989,0.020848690588304335,0.02067786400890434,0.020461192485709344,0.020239423097541124,0.02054531706360576,0.02067713670489095,0.020197241432100124,0.02079797591307561,0.020771685287989977,0.020842939365054394,0.02032953338981803,0.020654983643972998,0.020554200169838978,0.018696913602876133,0.01997136347186377,0.02004525676462677,0.01986043970073073,0.018836097226819636,0.020314805516105004,0.021136248026765593,0.020456749090326187,0.02063616543212534,0.020452837273241386,0.02083988395120405,0.0205764418031024,0.021069198969684753,0.0010820440975694836,0.0016709853223844458,0.0017470662499755282,0.002017390853386529,0.00190565541135679,0.0018356428324126425,0.001366547200438922,0.0020859427199960796,0.005400399182188501,0.0033290088320609835,0.0030661325717460143,0.003700906375533117,0.004053105692526878,0.0030412549291953645,0.0021649202442624595,0.002778509566084767,0.0018374543796753143,0.0018850963661608035,0.0022088810073316372,0.0021044821942260592,0.002435030133696579,0.002188231140870793,0.002372878682492093,0.001661506312829131,0.00203720586238274,0.002375578367768374,0.002761893694228288,0.002229035988579843,0.0019603478031886426,0.0027963103339330897,0.0017498496882567256,0.0017956471335068712,0.00167152476355264,0.0026439868881131205,0.0019989377412828573,0.002213561895817052,0.005527021909239215,0.003189782664219793,0.003061062863201623,0.003383008398444758,0.005167380896760651,0.0025915173827172344,0.00119965276380765,0.002344256123320391,0.0021489059767728566,0.0023901328861302756,0.0016768471987580295,0.002135755167471867,0.0012773876206879679
paired_deficit,3,7000,6.1429062387906015,6.168267042026855,0.6869621872901917,0.7006300091743469,0,0.11739999999999995,0.8826,0.0028,0.0024,0.0025,0.0034,0.0029,0.0051,0.0035,0.0028,0.0036,0.0029,0.0021,0.0017,0.0029,0.003,0.0033,0.0021,0.0018,0.0024,0.0022,0.0025,0.0027,0.0036,0.0013,0.0028,0.0018,0.0026,0.0019,0.0022,0.0025,0.0023,0.0015,0.0015,0.0017,0.0024,0.0018,0.0029,0.0037,0.0035,0.0039,0.0061,0.0057,0.0017,0.0001,0.0,0.0003,0.0001,0.0002,0.0004,0.0003,0.0,0.0,0.02064177225154193,0.020720694492488506,0.020528136820687475,0.020332195244525175,0.020393614101431225,0.02042611721565999,0.020365313430866287,0.020170634297948332,0.019934724821890907,0.02027802694039017,0.020404910629369687,0.02006295430309872,0.020247834161413625,0.020327479018414835,0.020150439770682475,0.020414618048560634,0.020748545361855275,0.020676623197236094,0.020680497851874216,0.020546291683396074,0.02020335308927097,0.020057144920366678,0.020619659893234814,0.020827096327910577,0.020658761408440987,0.020632497475816206,0.020415358574213636,0.020315351167218935,0.020125829463260053,0.020701833373637336,0.020913284410508805,0.020597333101287973,0.020789073578888335,0.020358854223750035,0.020349709524250345,0.020119497073944642,0.01957515287113483,0.020446406387850218,0.020531426732657523,0.020097893600675508,0.019508442505314402,0.02023872991658644,0.02106098149385123,0.020411445922180353,0.020264022146171557,0.020422414346940088,0.02040252056967866,0.020627345618448666,0.020677156639178622,0.0019965177307414276,0.0018194874850077293,0.002156106764737763,0.002537704109597511,0.002430334867021086,0.0023735146178025827,0.0025188711233889525,0.002820136530806861,0.003232541173889565,0.0025933358139445853,0.0023715243660064928,0.0030083770821626404,0.0026851797555619028,0.0025068862701267875,0.0028554395502043183,0.0023936168620303858,0.0017708000476368345,0.0019355931249973167,0.0018897571558268201,0.002124369380548362,0.002762939246140668,0.0030185327420885508,0.0019961109023480302,0.0016725438453056346,0.0019277556726553118,0.001973668909974503,0.002392322313703102,0.002567150047105534,0.0029375245061832754,0.0018524595093534718,0.0014828118341188468,0.0020742039356606377,0.001699950732214556,0.0024520377724142205,0.0024680240591725766,0.002909531958942818,0.003861126106094727,0.0023771086450841876,0.0021503555122045627,0.0029472980242649847,0.0039386831885967625,0.0027010953215715495,0.0012246154955988867,0.002360099707938207,0.002617818264830825,0.00237998777978969,0.002375702543713882,0.001982675118348923,0.0018955980896130256
paired_deficit,3,8000,7.0054231602698565,7.034886000095867,0.7018253803253174,0.6918739080429077,0,0.12149999999999994,0.8785,0.0007,0.0031,0.0034,0.0034,0.0027,0.0038,0.0045,0.0,0.002,0.0025,0.0024,0.0023,0.0031,0.0038,0.0002,0.0026,0.0017,0.0019,0.0026,0.0024,0.004,0.0003,0.0023,0.0018,0.0021,0.0026,0.0027,0.0039,0.0,0.0024,0.0024,0.0026,0.0023,0.0025,0.0042,0.0001,0.0026,0.0026,0.0025,0.0014,0.0022,0.003,0.0001,0.0037,0.0044,0.0034,0.0033,0.0029,0.0041,0.0,0.0,0.020193817373400556,0.02019449185428663,0.020426296590010194,0.02012524165166937,0.020307793096277227,0.0202360776336259,0.02046739434922681,0.02056113182992711,0.02046961078294075,0.020520894187605686,0.020453486334211138,0.020596843511873825,0.020334271911520364,0.020622968242319864,0.02017071370763899,0.020483875649437856,0.02061127580848112,0.020594375111340595,0.020433456472249062,0.020453017098914256,0.020483883050616766,0.020055095750411877,0.02045808087674874,0.02063906111465246,0.020567826517732635,0.020499243044700043,0.020318650229771175,0.02049349676687251,0.02018761921896603,0.020448264364030355,0.02064091971522622,0.020490986904194444,0.020653670346584333,0.020355160055392944,0.02070993909401391,0.02003723583924756,0.020091912243874264,0.02043927173785251,0.020452336528789552,0.0201605492715329,0.019995333988912303,0.02065242552250976,0.020875553905571335,0.020471519170507414,0.020201514462380388,0.020231612868195057,0.020191069029701303,0.02032147812345491,0.020619257060598924,0.0028759406099217078,0.0030310206590627086,0.002511745931272407,0.0031120791820753607,0.0026782389438887596,0.002802636193484028,0.002518582982731487,0.0022387989609771674,0.0023975508689239363,0.0023085949554521607,0.0024255202495713987,0.0022159161726341024,0.0026713714356727826,0.0021706003579721324,0.002916016102291889,0.002372807109454492,0.00215181948981053,0.002220197846709416,0.002460263938669092,0.0024653966825530322,0.0023727942714100096,0.003155628879054426,0.0024566130811945123,0.002103623249570371,0.00226624889209568,0.0023461509096143955,0.002659406219463587,0.0023951808717310474,0.002886691894731379,0.002434578250509304,0.002139461831172244,0.002360471965816202,0.0020782821556997204,0.002752326475463568,0.001980678693912932,0.003147546083356949,0.0030527046906939953,0.00256736431073335,0.0024275146957720775,0.002972709777613621,0.0032592913039579683,0.0020804414207366033,0.0016934041468581568,0.002394240590279993,0.002940714281441309,0.0028494432512007604,0.0028807078718829354,0.0026545009705340092,0.0022161002535039387
paired_deficit,3,9000,7.881778706097975,7.914840334095061,0.6938692927360535,0.6946429014205933,0,0.138,0.862,0.0023,0.0013,0.0018,0.0021,0.0021,0.0018,0.0023,0.0034,0.0017,0.0028,0.0023,0.002,0.0015,0.0024,0.0027,0.0018,0.0026,0.0028,0.0028,0.0027,0.0035,0.0038,0.0027,0.0025,0.0029,0.0024,0.0032,0.0034,0.003,0.0018,0.003,0.0034,0.0024,0.0022,0.0046,0.0023,0.0025,0.0042,0.0034,0.0019,0.0016,0.0029,0.003,0.0032,0.0053,0.0044,0.0035,0.0041,0.0057,0.0,0.0,0.0198592738008369,0.020492073209162714,0.020289554508725056,0.019920470031312143,0.020248092430005436,0.02029513722617268,0.019517371865095414,0.020388082795224596,0.020846114167767472,0.020902203067317087,0.02075519187371531,0.020726876267767015,0.020858508382054056,0.02032985865419923,0.01989469127860271,0.0206377778669787,0.020684855463805718,0.020446803445113192,0.020471233219250932,0.020698038509037606,0.02012375088994581,0.020031162770704037,0.020505599902830546,0.020702401356088265,0.020428520882417825,0.02055975594590019,0.020696903739180695,0.02010144191941564,0.02022798572554598,0.020675569829061984,0.02077054190500279,0.02043152212137106,0.020689967440782796,0.02068749843601901,0.01994123218436348,0.020270164015485592,0.020663558669008993,0.020698918576865913,0.02068549270365845,0.020748842692518907,0.020853160682148902,0.020324687276611655,0.020095812868984635,0.020386131169187277,0.019948539651770368,0.02017843943900112,0.020078208425620657,0.020295394279527534,0.019936586438835863,0.003756245513255938,0.002636634898857855,0.003060574381313228,0.0036517487792541775,0.003053248706328472,0.002972916510814498,0.004301003868828387,0.0028532681175056406,0.0020711483344834306,0.002014435216096954,0.002187341847845921,0.0022747551746844278,0.002010921868935094,0.0029136273062266554,0.0036567052563031754,0.0023878342660023006,0.0023074460611264263,0.002713936106064059,0.002672220601857844,0.0023239976129809073,0.0032655703597387503,0.0034236708831369166,0.002613537147588633,0.002277485254317995,0.00274515482780577,0.0025210620133640574,0.002286872809845075,0.0033036644472542835,0.003126644774445901,0.002323301915258587,0.0021611306233324185,0.002740030007761526,0.0022987170120616655,0.002302933005956169,0.003577233487997901,0.003015559969963411,0.0024219367895982748,0.002283432337188278,0.0023063579306505976,0.00219818350742948,0.00202005343096384,0.00300058278588193,0.0033132764344796857,0.0028175381519658337,0.0036819429894036477,0.003172185935253863,0.0033433372212498575,0.00301154007469314,0.003624228915089481
paired_deficit,3,10000,8.758016278385185,8.794527249992825,0.6920294165611267,0.6923556923866272,0,0.14490000000000003,0.8551,0.0005,0.0004,0.0006,0.0005,0.0013,0.001,0.0032,0.0037,0.0011,0.0026,0.0021,0.0016,0.0021,0.0044,0.0033,0.0016,0.0028,0.0028,0.0018,0.0029,0.003,0.0046,0.003,0.003,0.0029,0.0029,0.0032,0.0042,0.0039,0.0011,0.0026,0.0026,0.0022,0.0027,0.0047,0.0042,0.0025,0.0029,0.0031,0.0022,0.0018,0.003,0.0057,0.006,0.0061,0.0051,0.0047,0.0044,0.0063,0.0,0.0,0.020075429738556305,0.02049570078865821,0.02034289641242604,0.019867530099796527,0.020123288339548913,0.02063146593994187,0.019495099809393214,0.01997196422999587,0.020885093694000444,0.02083785037951772,0.02055943531869922,0.020766646082647548,0.02097714389540563,0.020091927309359887,0.019706501902204965,0.02064602864569951,0.020537461548580934,0.020335655894889695,0.020414062712284284,0.020766352890714157,0.02000690073762299,0.01994024982753447,0.020722727269334898,0.02018948683721442,0.020401737231108857,0.0202824843576733,0.02085633405102926,0.019816662282651918,0.020178258639392828,0.020636016110339345,0.020586472626049096,0.02064838911868804,0.020573389574193586,0.02073070790369092,0.019890384835494396,0.019867078351658126,0.02078904603188731,0.020633682413407732,0.020371496598843627,0.02049422021637983,0.020832928481224484,0.020291069333354013,0.020521958198907113,0.020680396491126303,0.02067240565907406,0.020406759198254368,0.020650629193850373,0.020451402248090743,0.020349190549602637,0.0033194277415664803,0.0025598407515978463,0.0028608753651254413,0.003636794220307057,0.0032373776121025336,0.002405206163802176,0.00431436166842721,0.0034577494148679117,0.0019313171200975002,0.001973249885090985,0.002489634983559743,0.002173449531140279,0.001734441169937428,0.0032911438429108625,0.003912865484107157,0.0023021144521144584,0.0025273074320981996,0.002834226211711461,0.0027388658622203924,0.002134889687624039,0.0033978532851363743,0.0035121214770230855,0.002248745177972132,0.003084822548778069,0.0027599970132606315,0.0029253849882305677,0.0020196859596097426,0.003802128434444103,0.0031431349864235636,0.0023192802238989458,0.00240421896460175,0.0022980675909382406,0.00242664891608934,0.0021569379543271627,0.0036757364196404823,0.003676631210001117,0.002056921429148385,0.002401406179451282,0.002811842402406401,0.002601441586287996,0.0019816881257372337,0.0029497291648479837,0.002592949310130129,0.0022822557528278157,0.0022568929596895465,0.0027123247117640057,0.0023723521431761596,0.0026748499134985164,0.0028891470196035778
paired_deficit,3,11000,9.62505356874317,9.666736750048585,0.698164165019989,0.6954250335693359,0,0.10609999999999997,0.8938999999999999,0.0,0.0002,0.0,0.0002,0.0,0.0001,0.0,0.004,0.0018,0.0027,0.0013,0.0024,0.0019,0.0,0.0034,0.0021,0.0019,0.0034,0.0025,0.0025,0.0001,0.0032,0.0027,0.0032,0.0042,0.003,0.002,0.0002,0.0043,0.0023,0.0027,0.0022,0.0025,0.0017,0.0,0.0027,0.0026,0.0024,0.0018,0.0024,0.0025,0.0,0.0043,0.0029,0.0045,0.0048,0.0058,0.0046,0.0001,0.0,0.0,0.019981474449886807,0.020123724471039363,0.01981842204620856,0.019651214568969896,0.020177254763749423,0.020683523580555266,0.019758822198105618,0.02038249471026658,0.02066758081145645,0.020680900946617734,0.020855173386838805,0.02075406049956073,0.020898908907504475,0.020452523027939172,0.02029208951118784,0.020851209786992186,0.020429994914390265,0.020352549490679134,0.020716978716824486,0.0207037598178839,0.02031853839725681,0.020241170398279204,0.020642269886937008,0.020341815507100312,0.020100958817852815,0.020396416758644537,0.02071031298730614,0.020048522483777056,0.02012341596218767,0.020723155612311236,0.020329705861236128,0.020222775917921307,0.020381412254920753,0.020684100464038492,0.020253083669993656,0.02041689724648,0.020886014261553325,0.020688906899081805,0.020425083420587006,0.02081666344970303,0.02091814687969562,0.020455031938753518,0.020058647713624936,0.02029792519121037,0.02005322909664691,0.020080005742717122,0.020401730302226136,0.020306032849846112,0.02044536942145421,0.0034485318120382105,0.0032047574888664945,0.0037279552456949178,0.004014499242404715,0.003113022452422576,0.002245427937076711,0.0038300916989250453,0.0027613020896089732,0.0022727491122516473,0.0022499223533718293,0.001951271106657329,0.0021636110899254427,0.0019544464028720303,0.0026412943342134054,0.0029943547728392516,0.0019580635405853117,0.0026799008355567777,0.002851681809655847,0.002227158261414677,0.0022107490314543393,0.0028709042308964925,0.003081615021978307,0.002394249525791727,0.0028700766721708963,0.003243771062658246,0.0027765063300951814,0.0021995188437356093,0.003333631378638201,0.003244348681487453,0.002216572895561051,0.0028517665116114957,0.003035012702699258,0.002763157096850127,0.002244439329978219,0.0029830742095557725,0.0027414088515861092,0.0019374814995107652,0.0023143275266367526,0.0026883176784363093,0.0020172657109786205,0.001843353227457392,0.0026369948056037787,0.0033553422393686545,0.002945291649034686,0.0034427531408795426,0.003279678415558332,0.002767400493204942,0.002892335028102949,0.0026535534928762965
paired_deficit,3,12000,10.494974446250126,10.54034116701223,0.69331955909729,0.6950225234031677,0,0.13240000000000007,0.8675999999999999,0.0055,0.0048,0.0047,0.0037,0.0033,0.0044,0.0085,0.0023,0.0018,0.0023,0.0028,0.002,0.0022,0.0056,0.0021,0.0016,0.0025,0.002,0.0031,0.0035,0.0054,0.0029,0.0031,0.0035,0.002,0.0029,0.0022,0.0041,0.0033,0.0023,0.0026,0.0024,0.003,0.0028,0.0042,0.0039,0.0016,0.0016,0.0023,0.0026,0.0015,0.0029,0.0001,0.0002,0.0001,0.0001,0.0,0.0001,0.0,0.0,0.0,0.01926053825739929,0.019801732829457852,0.019952840646748283,0.019541957517622416,0.019825192874565772,0.0200758447715619,0.01977694832019918,0.02033350656064145,0.02111018658366439,0.020935553303861133,0.02075912367058164,0.021012234428197524,0.021044139410924652,0.0207499588921474,0.020138732078885557,0.0205052770920012,0.0203945707118181,0.020355430987377895,0.020795072930690307,0.020906003785925373,0.020179677953199623,0.020437356171285136,0.02063210714188545,0.02013916012886568,0.020324201900553382,0.020519110242249304,0.0206467338475181,0.02023126398830877,0.020061794705468948,0.02048125267877937,0.02041803397606503,0.020627514735533002,0.02063634196503917,0.020733349334933097,0.020651652587037758,0.020587201640878315,0.020871831894026457,0.0209469406605039,0.021003497976839404,0.020762519952940248,0.020985775129075304,0.020658340052352377,0.019885425325943736,0.020246032753545085,0.02014041347986604,0.019963859914873656,0.020065091963929943,0.019889995812984666,0.019998676431247753,0.004977596142736869,0.004019294110599373,0.00372356924471492,0.00438240734254276,0.0038622588331043007,0.003436517067720955,0.00398326654075012,0.0029988687344380317,0.0016796482214375913,0.0019762694787635268,0.0023150044106841575,0.0018850861771645927,0.001830894352432537,0.0023305711348809424,0.0033297005881289675,0.002707109964054319,0.002934211454794856,0.0030006917630609766,0.0022930057272408646,0.0020264604571002807,0.003260152465714786,0.0029006012271413496,0.0024916843080409813,0.0033680360289828223,0.003014673052935759,0.002683613833053432,0.0024668402930847176,0.0031725316261372763,0.003460381638521545,0.002747916342222356,0.00293342070946993,0.002499484684624128,0.002484491300099858,0.0023197205985460816,0.002458485627224788,0.0025679580067574747,0.002123565213144952,0.0019569276210786623,0.0018999253715571655,0.002270173196126544,0.0018909658014975848,0.0024861892134359622,0.0037599517271524256,0.0031474463175495742,0.003326844664713568,0.0036267275993547604,0.0034547811198143924,0.0037521885813522676,0.003567590424159803
paired_deficit,3,13000,11.377457696711645,11.427190709044226,0.6893823742866516,0.6956242322921753,0,0.1764,0.8235999999999999,0.0086,0.0052,0.0046,0.0038,0.0029,0.0058,0.008,0.004,0.0018,0.0025,0.0029,0.0013,0.0022,0.0048,0.0042,0.0019,0.0025,0.0022,0.0029,0.0027,0.004,0.005,0.0028,0.0033,0.0027,0.0034,0.0028,0.0039,0.005,0.0017,0.0033,0.0023,0.0027,0.0016,0.0055,0.0043,0.0014,0.0031,0.0024,0.0014,0.0014,0.0038,0.0059,0.0043,0.0047,0.0039,0.0045,0.0036,0.0069,0.0,0.0,0.019173274643896267,0.020376317909679784,0.01932951725501402,0.019134619501921565,0.019742587077055708,0.020144591768610137,0.01894481670549507,0.020323201593637135,0.02160599148680898,0.0210631402397414,0.021131617845256655,0.021306252248327953,0.021497394895356375,0.020115793634993738,0.019749175567307747,0.021310887256814612,0.020769554436903183,0.02061751203980211,0.02110876166687261,0.02129537339930834,0.01955487388573216,0.019745266631014745,0.021018971304121753,0.020659251121170855,0.020577913017785776,0.020923462536450433,0.020947812028429373,0.019613282421316856,0.019812743209421346,0.021304960538837375,0.020925075210556247,0.02112285765952576,0.020768441581356246,0.021263571343148997,0.01987574412804364,0.020226052994060544,0.0215856979364683,0.021318703275445557,0.021090213721372784,0.021055351553793282,0.021353280034597955,0.020137495153105478,0.018822031821944772,0.020245656468507893,0.019593319813143294,0.01940643569326968,0.01993730153536616,0.0200185849264612,0.018355267282748156,0.005633433058964479,0.0035461572516626775,0.0052603846518632525,0.005696734226418218,0.004623009279968796,0.00396469152462519,0.0060856778649228714,0.0036331398533186723,0.001532459486169232,0.0024214257643317386,0.002309287710967746,0.0020623711399496056,0.0017493583791889516,0.003972788480916925,0.0046512825523678586,0.002054780909171114,0.002902198130390152,0.003151180820591143,0.00238577919716026,0.0020411237043450573,0.0049694685078096445,0.004657683776583025,0.0024937562499303258,0.0031609544333211876,0.003294152673961918,0.0026892226896602315,0.002610285772171836,0.00495194443493355,0.004547184992444123,0.002064486426935698,0.0026865817951141086,0.002362695779385011,0.0030212080284394128,0.0020932023458782576,0.0044440154916812235,0.0037922291608606905,0.0015656919453641,0.0020029189967539322,0.0023770905761328334,0.002473242917096153,0.0019462965369904676,0.003976312851658707,0.006169561324110946,0.0037991892611468634,0.004867447447456695,0.00532973649846589,0.00434320986661093,0.004171038722118513,0.006855803979945394
paired_deficit,3,14000,12.2736551980488,12.328104958985932,0.6940710544586182,0.6959559917449951,1,0.18510000000000004,0.8149,0.0082,0.0033,0.0067,0.0069,0.005,0.0047,0.0028,0.005,0.0012,0.0035,0.002,0.0016,0.0015,0.0019,0.0047,0.0019,0.0023,0.0038,0.0023,0.0023,0.0021,0.0069,0.0028,0.003,0.0034,0.0031,0.0029,0.0033,0.0056,0.0024,0.0031,0.0035,0.0027,0.0022,0.0048,0.0039,0.0018,0.003,0.003,0.0018,0.0018,0.0047,0.0031,0.0034,0.0052,0.0061,0.0059,0.0066,0.0114,0.0,0.0,0.018978667459671944,0.02016058104996587,0.019542858066456757,0.01972193696085495,0.019201862571506488,0.02006573162378337,0.018071193102586515,0.020295933725642833,0.021335449483862828,0.02088435676599503,0.020994260901092923,0.021186244505150692,0.021508064574524775,0.02029136542714808,0.020006438169196013,0.020919497704524184,0.02087886624577861,0.020441873774882702,0.020836124791260603,0.021171832780009635,0.019849826181256587,0.02021397081970283,0.021078563865906674,0.020755831051634897,0.02077046993628289,0.020431369573930686,0.020704465686172048,0.019765416953445795,0.020110715084484265,0.021382215563006565,0.020947640223261232,0.020577227604346097,0.020921814424504213,0.02102183360296562,0.019760603495280964,0.020114493443769157,0.021505830307556727,0.021178553119474357,0.021080267943100788,0.02128359789141543,0.021334935387123343,0.020081941525558693,0.019791796446373324,0.02031496700071042,0.020055483592367723,0.01984945481659897,0.019710515802208887,0.020426248033442996,0.018486810940222996,0.005831933147450615,0.003757808653114982,0.004819657394518415,0.004484087504950792,0.005306130944234745,0.0039148542717730075,0.007178221197080618,0.0034946378422454055,0.001773474078530938,0.002520364574350835,0.0023774548307200225,0.0020595806475548237,0.0015267315421297893,0.003541264238962525,0.003973966084816573,0.0024621804539649446,0.0025685179268614597,0.0032920621348011187,0.002600223995921741,0.0020443801610829982,0.004233274206384824,0.003669409284180285,0.0021988088688400546,0.0027331692389390544,0.0027089311092155853,0.003309454319481748,0.0028182167286432904,0.004412096111744706,0.0038403735321472475,0.0017351042932031687,0.002493708869846971,0.0031070144135656986,0.0024974070770686406,0.0023318017129527243,0.004381003428176976,0.003873180066293892,0.0015304308985978976,0.002111378052450859,0.002274112366718627,0.0018593266318045567,0.0017743252870595684,0.003848952452283681,0.004329356133098527,0.003463123761682323,0.003970884807305454,0.004312014088253387,0.004463935429584375,0.00331793423893665,0.006529130240976995
paired_deficit,3,15000,13.1526624399703,13.210978000075556,0.6938509345054626,0.6932004690170288,1,0.18059999999999998,0.8194,0.0019,0.0007,0.0031,0.0053,0.0034,0.0029,0.0036,0.0041,0.0015,0.003,0.0022,0.0014,0.0018,0.0055,0.0047,0.0017,0.002,0.0026,0.0025,0.002,0.0041,0.0051,0.0029,0.0036,0.0037,0.0031,0.0029,0.0049,0.006,0.002,0.0029,0.0025,0.0025,0.0019,0.0052,0.0055,0.0019,0.0023,0.0022,0.0017,0.0015,0.0044,0.0114,0.0059,0.0055,0.0069,0.0066,0.0065,0.0091,0.0,0.0,0.01816389957961704,0.019515058180767805,0.019226428688142436,0.019285809500128717,0.01932913424499176,0.020159293113755732,0.01831501619020822,0.020444717540890937,0.021665784049552373,0.021530913397730094,0.021451911290358158,0.021542764402375764,0.021579123929379117,0.019796141967097617,0.019639025948195506,0.021499509517211714,0.021057022757183935,0.0209232991164158,0.02118227497996746,0.021586275001049947,0.019617542661855572,0.01937615062555898,0.021507906346942024,0.020462089631944555,0.02073434368465831,0.020803859604208885,0.02146685292171028,0.020156249153681673,0.020066541119177033,0.02122641460650851,0.02094982512648747,0.021026244109645563,0.021419149239356935,0.02140993626266642,0.019765957041144602,0.019989841452274417,0.021716903856277364,0.021483624961174907,0.02144836051229874,0.02138668090012126,0.02145592910837265,0.02025816937329613,0.018111911823092287,0.02014813507267448,0.019458860430903887,0.019351013331080875,0.019598801606352745,0.019815036645190704,0.017894265396322568,0.007415179239586354,0.005191971970293523,0.005619478380889536,0.0055625519349688035,0.005492517584602403,0.004111505183718368,0.007170899586335525,0.00365011725411128,0.0016762660529420757,0.001894284151230359,0.0020610533759868477,0.00187512702949375,0.0018163519377682536,0.004698538176559086,0.0049915783595378925,0.0019450484518174999,0.00273845228109253,0.002954616238651443,0.0024578573512101746,0.0018047922468693593,0.005026306042466177,0.005377453213615893,0.0019314749958823586,0.00362203530890209,0.0031819372592378405,0.0031476899352636998,0.0019978377632918335,0.004116425738172917,0.004339563569501505,0.0023865057464865945,0.002833612004415798,0.002710080894006352,0.0020749506560339,0.0021289059116519795,0.004864519539896533,0.004385423404538022,0.0016326935030148862,0.0019707258000953264,0.002066793200548369,0.00216649815168787,0.0020545585824127684,0.003951671937718619,0.00753827982836742,0.004168604631447833,0.005360940503618747,0.005457150092290437,0.005056600915557066,0.004785182472904581,0.0077729172763635265
paired_deficit,3,16000,14.034455345012248,14.096710875048302,0.6929076313972473,0.6938937902450562,1,0.20900000000000007,0.7909999999999999,0.0109,0.0055,0.0068,0.0067,0.0052,0.0057,0.0055,0.0051,0.0018,0.0032,0.0021,0.0017,0.0019,0.0054,0.006,0.0018,0.0022,0.0036,0.0026,0.0027,0.0044,0.0078,0.0031,0.0038,0.0029,0.003,0.003,0.0051,0.0068,0.0026,0.0038,0.0025,0.003,0.0018,0.0063,0.0048,0.0017,0.0019,0.0021,0.0015,0.0017,0.0041,0.0068,0.0057,0.0057,0.0061,0.0067,0.0055,0.0084,0.0,0.0,0.01844043727936573,0.019742363975773607,0.01894372490497618,0.01890607711340086,0.01898404860341136,0.019787049941269515,0.01884496544687106,0.020591090217360004,0.021538331285843405,0.021233468942797804,0.02118870009191886,0.02126936361404501,0.021526247445670974,0.020372267809810718,0.020284823667883062,0.02128535622989093,0.020753333513368714,0.02102503559670371,0.020991913892266578,0.021338880116037878,0.020287208338811737,0.020148726250006042,0.021230754812176567,0.02079038768391977,0.020318860432201467,0.02077688963641091,0.021047322034955757,0.02005559598390171,0.020091258760739923,0.021387892274886314,0.02104207130155254,0.020575817126564092,0.020966474673120024,0.021266362623212406,0.020076182349146182,0.02060354073537546,0.02151013388490486,0.021344235392752237,0.021327385478309667,0.021206440739143656,0.02140024792905014,0.020344764709943,0.018438743503315078,0.019455499575855316,0.019482770850122594,0.019283198239803782,0.019657391769891168,0.019851042358740703,0.01898532086252089,0.0067478891450898255,0.004575621924850154,0.005923253210092392,0.005945876553785935,0.005974370397472806,0.00454146654492853,0.006085070417450855,0.0032240478938237007,0.001671994983265197,0.002132448923785637,0.0022058026112690963,0.002112698064825219,0.001652731835229923,0.0036216505435619807,0.003725865124239447,0.0021646191904399516,0.003036337523961529,0.002513029113660219,0.0025282364711280985,0.001959732892274689,0.0037610203449008357,0.003987923016398402,0.002136896022280922,0.002897499327325983,0.003670095942682582,0.0028805533556523154,0.0025155753217616372,0.004257704302053987,0.004043020901695857,0.0018794265517617537,0.002446053639683734,0.0032100103276148095,0.0025699185892629883,0.0020785526832983042,0.004028661076942309,0.0031645852408248563,0.0017572588776651747,0.0019900207803116845,0.0019785668370174434,0.0021767345903855395,0.001898244333025553,0.0037057768268156095,0.006711601894323319,0.005045648765579979,0.005079089828185945,0.005445151717273881,0.004871098742441123,0.004475677575651711,0.0059332233030441744
paired_deficit,3,17000,14.902746549923904,14.969169792020693,0.6902710795402527,0.689781129360199,3,0.21750000000000003,0.7825,0.0106,0.0045,0.006,0.0058,0.0045,0.0062,0.0107,0.005,0.0015,0.0031,0.0025,0.0015,0.0022,0.0062,0.0053,0.0019,0.0025,0.0035,0.0027,0.0027,0.005,0.0074,0.0033,0.0031,0.0032,0.0036,0.0027,0.006,0.0063,0.0025,0.0047,0.0026,0.0025,0.0022,0.0062,0.0039,0.0023,0.0021,0.0014,0.0021,0.0021,0.0049,0.0123,0.0061,0.0065,0.0066,0.0065,0.0048,0.0057,0.0,0.0,0.01700559689229637,0.019752504360489007,0.01875713517674715,0.019237125798160545,0.019184023138995886,0.01981939506889456,0.018188736374266407,0.02048115774599444,0.021714355753932914,0.021659828530200445,0.021364888061540487,0.021182221023303322,0.021709538683451622,0.020062406728548993,0.019851710851786726,0.021499958214336354,0.02134850841834892,0.02102659985810837,0.021168955902504574,0.02151004619807864,0.019675550497751562,0.019786248712002862,0.021504026436921037,0.020760052313395453,0.02103115986950016,0.02082357289724626,0.021135934853863926,0.019823567495239593,0.019931401637487765,0.02143530257032954,0.021165754052508486,0.02094896237656573,0.02133704670173775,0.021147609801881833,0.02016098080194572,0.020178087905281923,0.021892789198597058,0.021532452168186344,0.021360670888206132,0.02158267403307272,0.02163916721369137,0.02003126372067293,0.018759459405758898,0.019673304431367174,0.019181933137770425,0.019209992030291397,0.019510835913654295,0.01995092482385505,0.018304581331230772,0.009406301167444406,0.004904204898831931,0.006429149795261157,0.005695173981111652,0.005741634798206108,0.004718350542983623,0.007422696956511838,0.003652563251627868,0.0017055258852135217,0.0017542810033688112,0.0022292908733449793,0.002523481244968766,0.0016742214118871054,0.004326973471605096,0.0047053675712329015,0.002128944116317686,0.0022556707466056163,0.0027741134819779896,0.002544845092847834,0.002034572136486404,0.005028141246051956,0.004810796177379675,0.0020052046301159837,0.0032424582541999277,0.0027667694561542577,0.003140156578160457,0.0025980264148025203,0.00482881823371281,0.004577023333068042,0.0021158863384695475,0.0025500017617757515,0.0029382133163946664,0.0022741301616255784,0.002618286084641023,0.004246342170715149,0.0041406657025550905,0.0014181538343911808,0.001998486695258535,0.002275145248893019,0.0019176029778832035,0.0018266191312034798,0.004377130156406904,0.006425406559462818,0.0051098835987538555,0.005862188303606678,0.005738873672802141,0.005293418688414155,0.004584643195643692,0.007236125414820554
paired_deficit,3,18000,15.751012906897813,15.821768291993067,0.7035495042800903,0.6930000185966492,0,0.10929999999999995,0.8907,0.0,0.0,0.0003,0.0008,0.0047,0.0043,0.0089,0.0,0.0003,0.002,0.0019,0.0025,0.0014,0.0017,0.0,0.0001,0.0021,0.0034,0.0022,0.0025,0.0019,0.0,0.0001,0.0033,0.0034,0.0034,0.0023,0.0031,0.0,0.0,0.0024,0.0036,0.0027,0.0026,0.002,0.0,0.0,0.0024,0.0024,0.001,0.0021,0.0014,0.0,0.0,0.0046,0.0053,0.0061,0.0061,0.008,0.0,0.0,0.019866373705584514,0.01982814045527888,0.01928376328976622,0.019126028353950768,0.019059586658993228,0.018349615530879135,0.01964553391998207,0.021006341951758323,0.020692824935990443,0.021125153917283167,0.02076687753458549,0.02104281822901109,0.020383886361072516,0.02108057399180633,0.020856675567727537,0.020402029710104228,0.020709609050442435,0.020606939138834695,0.020668455888010265,0.020483683044087972,0.02086246931080757,0.020700962480470313,0.02065169271971512,0.020329604471255824,0.020431130016618504,0.020498814780683983,0.02028234336372706,0.02054046914036354,0.0208565593398092,0.02057120178482065,0.020675680637770207,0.020603581788016304,0.020749024111635858,0.020683389929722667,0.020998494261499003,0.021188155565988055,0.02111322224289307,0.021110044640935473,0.02112916610368385,0.020941867737952043,0.02111306303369601,0.02120315363016561,0.01952643938370493,0.019637095670925704,0.019680419011926797,0.019730302589424584,0.01963421879696622,0.019723518856593864,0.01984900336307863,0.003991427442937823,0.004055580178238648,0.004969007206382341,0.0052727379599095845,0.005345160003741876,0.006653629685848754,0.00444010624614293,0.0020786399984091598,0.0026046997491256316,0.001879281782354912,0.0024804446382462337,0.0020564978417124302,0.0032012021944772947,0.001993146297249916,0.002329769783122867,0.0030926339164771915,0.0026155996722301298,0.002748810144317995,0.0026846518170307587,0.0029946878001650894,0.0023591107851271935,0.0025910455153672534,0.0026737167477316475,0.0032141584308671245,0.0030828681257600884,0.002930235298406781,0.0033325217827978324,0.002899404679477929,0.0023299648054874284,0.002808774939204329,0.002633466689337341,0.0027935060455235583,0.0025885264404418486,0.002659593533539587,0.0021308703769416988,0.0017735693969162928,0.0018993023022616557,0.001943696597378411,0.0018725496125790533,0.002225885745686826,0.0018995694442230382,0.001748403688180673,0.004561813596269756,0.004376140041269891,0.004342508987743236,0.004258807813569133,0.004380967235718212,0.004348315445523305,0.004059636169741892
paired_deficit,3,19000,16.60674180649221,16.681466834037565,0.6916581988334656,0.6957220435142517,2,0.17100000000000004,0.829,0.0113,0.0037,0.0048,0.0059,0.0049,0.0071,0.0106,0.0054,0.0015,0.0025,0.0028,0.0013,0.0025,0.0057,0.0052,0.0011,0.0022,0.0023,0.0034,0.0028,0.0061,0.0076,0.0028,0.0033,0.0028,0.0026,0.0034,0.0051,0.0063,0.0017,0.0027,0.0019,0.002,0.0012,0.0063,0.0048,0.0018,0.002,0.0021,0.0018,0.0015,0.0058,0.0005,0.0011,0.0005,0.0005,0.0009,0.0013,0.0036,0.0,0.0,0.0175769989964566,0.020111216137526994,0.01910637867557085,0.019097488880828642,0.019629729208280253,0.019779659938477582,0.017803785442415773,0.020448082607718434,0.02147647107645831,0.021441377337775194,0.021518953585887228,0.021482720701319357,0.021746155116867137,0.020065742031143884,0.01990446994085756,0.02145541385845778,0.021215896694925976,0.020673490083514285,0.02113278122442804,0.02145300620672603,0.019432345472664803,0.020061382700992902,0.02130708873803438,0.021088930363158436,0.02087847389134628,0.02090374039367409,0.021129215379796965,0.019618098853394994,0.020013507167752215,0.021535552233465025,0.02122469352822557,0.02114768159266176,0.02126193182119416,0.021333264236026377,0.020283829482283924,0.02024693685621559,0.021667958753288717,0.02139452580240271,0.021376749298267623,0.021620660345465705,0.02154192218634874,0.020048472779931853,0.018146382192943344,0.020045827076245498,0.019484923980049286,0.01896956302047983,0.01940628145880866,0.01960292672666117,0.018107315922583432,0.008418503799728264,0.004301652604663685,0.005918528592256232,0.0060890830904437475,0.005076409402368248,0.004796094553967192,0.008092646028872712,0.003759603440197549,0.0020657692144444074,0.002161300770923568,0.001997410945581134,0.0020947754926653995,0.0016708852647120288,0.004492012128450439,0.004712451269387667,0.0021387147168598236,0.002485057384355216,0.003396902059290965,0.002657860328490286,0.0021035263501589315,0.005433080505292596,0.004342776692009197,0.002416445991312664,0.0027284204014438227,0.00302800174046241,0.002987345612032686,0.00262453560079452,0.005095123714138178,0.004537000332699418,0.002009764693458375,0.0024709024696874453,0.002594821764185826,0.002450045127922551,0.0023352647051717215,0.004102026841140005,0.004044202973038238,0.001835772912931393,0.002197626704768525,0.0023043557365324367,0.0018337554056909791,0.001960452352812775,0.004402612443560434,0.007424188815782098,0.004367807124370979,0.005309414346221273,0.00621680257735952,0.005435957403195057,0.005119537062889012,0.007526112541464086
paired_deficit,3,20000,17.449524893425405,17.52829508401919,0.6941365599632263,0.6946821212768555,2,0.22199999999999998,0.7779999999999999,0.0098,0.0046,0.0061,0.0069,0.0057,0.0068,0.0126,0.0048,0.0015,0.0028,0.0025,0.0018,0.0021,0.0064,0.0049,0.0016,0.0022,0.0027,0.0035,0.0026,0.0052,0.0068,0.0034,0.0035,0.0025,0.0024,0.0017,0.0053,0.006,0.0019,0.0021,0.0022,0.0026,0.0016,0.0061,0.0042,0.0021,0.0026,0.0022,0.0024,0.002,0.003,0.0135,0.0077,0.0078,0.009,0.0075,0.0052,0.0076,0.0,0.0,0.01693751979108641,0.019637266336675608,0.019020769331732624,0.018838984338855478,0.019201061513752116,0.019826285952219108,0.017146221221215036,0.020213874304711034,0.0218533879755298,0.021724715728843234,0.02169664513500326,0.021502367767715743,0.021801358882298914,0.020549934095069826,0.01987155593681937,0.021611456717224635,0.021251704917572917,0.02096640474639478,0.02123183110154716,0.02165470318260808,0.019906499874956792,0.01979095443674808,0.021068009777915342,0.021187233600064373,0.020688868666076495,0.02109386662339062,0.02138516102973106,0.019730450404231194,0.019982320991985776,0.02144936515093241,0.02117076704795222,0.02104104982611831,0.021086191470875065,0.021754032679908712,0.0199578335871096,0.020577372384054687,0.021877415523494093,0.021667973816411067,0.021641166853348114,0.021721863809673586,0.02204494455061049,0.020268641112667518,0.017703645800764032,0.019909482152671423,0.019277459529532796,0.01917166160775325,0.019376653305710097,0.019959375616465894,0.016971689791971712,0.009725162160105974,0.005343843711000309,0.006317573620240589,0.006682820022609572,0.0061109350469758525,0.005045295540267786,0.009317402428731636,0.004394054281460263,0.0018045145349821774,0.0020468091903426727,0.00205208295892625,0.002358935517332121,0.0018866921997937895,0.0039023251206059895,0.0049347310903107115,0.0021866343187006134,0.002793908966391895,0.003205465540872582,0.0028252987848660475,0.002118328428363521,0.0049186011766603034,0.00514016261527316,0.0030449848616030616,0.0028957385773110923,0.003643821575261132,0.0030822701112133435,0.002544058405886507,0.005196663574006892,0.00475978255649885,0.002442650819784735,0.002921746772265993,0.003126629419919591,0.0030943926771016665,0.0019614418553291916,0.004798459335682574,0.0038980500497358623,0.0017665640795688528,0.0022145555458394526,0.0021787709651780868,0.0020903761712597903,0.0015800843482218594,0.004346615016628852,0.008476037317728495,0.004952953300153826,0.005912142740604855,0.006040183405658725,0.005872658033116584,0.004835086268124082,0.009593067146311885
paired_deficit,3,21000,18.307508149649948,18.391174416989088,0.6941130757331848,0.6957903504371643,3,0.2217,0.7783,0.0089,0.0047,0.0058,0.0076,0.0053,0.0061,0.0109,0.0055,0.0015,0.0024,0.0026,0.0017,0.0016,0.0059,0.0046,0.0019,0.0027,0.003,0.0028,0.0021,0.0054,0.0075,0.0033,0.0025,0.0034,0.0032,0.0027,0.0059,0.0061,0.0025,0.0025,0.0027,0.0024,0.0021,0.008,0.0044,0.0017,0.0025,0.0021,0.0024,0.0013,0.0046,0.0112,0.0059,0.0065,0.0061,0.0066,0.0054,0.0132,0.0,0.0,0.017454296379719833,0.0201326160008949,0.0196827724152662,0.019448224139754135,0.019532709386417654,0.020145729490321777,0.01719971653162851,0.020063080416816557,0.021384150193576593,0.021438516020839057,0.021587064097036708,0.02138787214557487,0.021736589892442267,0.019799253384744413,0.018962555294529795,0.021400919585595028,0.02144657768664674,0.02102148801921639,0.02128783299996963,0.021627340486265134,0.01939023827346756,0.0193960634821396,0.02146395961414465,0.021339128545755183,0.02103747426250551,0.02120708928855421,0.021629677498635366,0.019198963334381466,0.02010634993879343,0.02179774326565937,0.021537494503953758,0.021207948006577777,0.021215730442358846,0.02156162132636092,0.019870571884914437,0.020058014472217972,0.022005014287779956,0.021520164996740747,0.021777961683854947,0.02173692034406584,0.022015896700669925,0.020324393776116337,0.01706848797436965,0.01986169713355524,0.019512260078317155,0.019270784648026413,0.019314401936114584,0.02000549403857939,0.016829149694133516,0.009054120091332038,0.004653291893329282,0.005437764353150877,0.005727928651712153,0.005595269342388504,0.004593638502979856,0.009375738101493572,0.004762477140713221,0.002649061885949835,0.0025636962939646333,0.002369507593690324,0.0026432176515902733,0.0020956586720613265,0.005293927642098435,0.006490529177980085,0.0026617929724688178,0.002629162811445139,0.003218516500434756,0.0028002997988931548,0.0022672028331998774,0.005818978453611259,0.005848894171307637,0.002562807090585286,0.0027197551837795527,0.0031934147924186727,0.002966146624105087,0.002302595740470269,0.006158382164795075,0.0047726600428096965,0.0019996352292216196,0.002408279606123344,0.002964798259219981,0.002952578225588744,0.0023703955053707487,0.005025692847732683,0.004809494221401102,0.001674176859586576,0.0024745530162950686,0.002030696403605781,0.0021342022946729093,0.0016570892208002638,0.004352161125423415,0.009425544075252316,0.005039628042719077,0.0057445664851473515,0.006045607849288812,0.005977119686670406,0.0048528996637582054,0.009840417171832438
paired_deficit,3,22000,19.165854649734683,19.25406995904632,0.6904017925262451,0.6995892524719238,3,0.21019999999999994,0.7898000000000001,0.0083,0.0037,0.0051,0.0061,0.0047,0.0055,0.0104,0.0049,0.0023,0.0026,0.0021,0.0016,0.0012,0.0049,0.0045,0.0023,0.0023,0.0027,0.0024,0.0023,0.0053,0.0052,0.0033,0.0029,0.0031,0.0029,0.0027,0.0053,0.005,0.0026,0.0026,0.002,0.0028,0.0019,0.0056,0.0039,0.0024,0.0021,0.0019,0.0024,0.0014,0.0042,0.0122,0.0064,0.008,0.0067,0.007,0.006,0.0125,0.0,0.0,0.017962081972038798,0.01983462082772109,0.01957418000195529,0.019986578644143355,0.019716639775813918,0.020122172818119448,0.0169493111051479,0.02011824521016404,0.021421055094088263,0.021374396927857135,0.021291446273264653,0.021457950154216858,0.021546121128015065,0.01995152114282904,0.020174876039791637,0.021082327338421622,0.021173689093505595,0.02083380067589878,0.02116206327316219,0.021378388837497278,0.01986527271004271,0.019591047838946194,0.021160432858906154,0.02106947614571953,0.020840234761840954,0.021182542362465938,0.021363352841051075,0.019622491438802597,0.020181478837667632,0.021252194427098005,0.021047403254295702,0.02115373977609892,0.02124903332030682,0.0212658950866971,0.02012003509638046,0.02063984493915582,0.02146556171449777,0.02155269996434431,0.021449212689879954,0.02142484520673716,0.021701381693492113,0.020055739733013795,0.01807378756955145,0.019964930212640952,0.019430525641936938,0.019257614877142625,0.019399326009429757,0.019908540421920917,0.017599892236284644,0.0077730580998094136,0.004802231503562014,0.00518179743378731,0.004479851932634945,0.0049137473650168245,0.0043790875196335986,0.009479094841134125,0.004385400694029658,0.0021740973618227634,0.0022490949541898405,0.002382428513612041,0.0021147928305178666,0.0020511932132500233,0.0046143278012043395,0.004255310701547834,0.002718562954770842,0.0025717095265459485,0.0031180407489881964,0.002629459184775189,0.0023208034222911215,0.0046748371567074285,0.005193746841590511,0.002632079886650995,0.0027392197569890806,0.003146761201845681,0.0025965414231974362,0.0023059095432077527,0.0051822674005956105,0.004205634969533241,0.0025236463052121004,0.002813761870679139,0.0026037757412243293,0.0024506024178597694,0.0024234990834496074,0.00426533615946774,0.003429802107320369,0.0021025581298998067,0.002001555996643578,0.002167899791361333,0.0022070676951898285,0.0017235048561594685,0.004407746001259523,0.007749754303677046,0.004670899276215941,0.00549083016130151,0.005768764167316338,0.0055019174530696845,0.004683414326601472,0.008394298605414505
paired_deficit,3,23000,20.08314651832916,20.175728709087707,0.69284588098526,0.6942383050918579,2,0.1814,0.8186,0.01,0.0049,0.0053,0.0059,0.0062,0.0079,0.0129,0.0058,0.0026,0.0031,0.0032,0.002,0.0028,0.0063,0.0061,0.0021,0.0029,0.0022,0.004,0.0021,0.0061,0.0073,0.0032,0.0028,0.0027,0.0028,0.0024,0.0069,0.0057,0.0029,0.0026,0.0023,0.0032,0.0022,0.0073,0.0056,0.0017,0.0025,0.0026,0.0023,0.0014,0.0055,0.0004,0.0002,0.0,0.0,0.0002,0.0001,0.0002,0.0,0.0,0.017009200234738273,0.019656098733856653,0.019254311380226694,0.01924437642258737,0.019233564164462542,0.020144189827951735,0.01675919231774091,0.0205741683450685,0.02165067721682628,0.021657726563625287,0.021454307617487473,0.02164185834661986,0.021847219620793744,0.01962413716891026,0.019681993577213192,0.021622512445375254,0.021345579960703298,0.02122905687024619,0.021624649172611553,0.021617759979137056,0.019419754137298354,0.019644202662775778,0.021471141491930766,0.02135543230222319,0.02121787690974236,0.021296982720135367,0.021647534804792694,0.01955229740149474,0.02010724131024906,0.021456760217635464,0.021344585520079958,0.02119000531784,0.021539941063399168,0.021458358728129172,0.019214214843148614,0.020203352820591176,0.021949531981315728,0.021596336697784643,0.021694067396261216,0.021782938307895534,0.021837079616810105,0.019980806075424497,0.016811726144957444,0.020128030636280304,0.01918027789017187,0.01958945717532253,0.01946306064230899,0.01989644228358408,0.017097982934235006,0.009628257741378439,0.005469136136363661,0.006022347193889363,0.006077020680474752,0.00605494768588304,0.004663126881381445,0.010060162403386093,0.003948431016207751,0.0022178297934312015,0.0022067530216612376,0.0025263890538071323,0.0023098120507531418,0.00198712400187841,0.005480295447038649,0.005311259579908145,0.002301148130774898,0.0027362973745079693,0.0029975173073755034,0.002258728150911024,0.0023086157707372847,0.0058014463648991665,0.005448766157540336,0.0024999376689442366,0.002681753704191456,0.0028978970904769016,0.002773596636493746,0.00230089252481195,0.005671303630453747,0.004682122285113544,0.002600660236871064,0.0026987974578419464,0.0030198172492583524,0.002391831602842609,0.002520023467140398,0.006085351639924318,0.004531100453604844,0.0017482336573633964,0.002303216077359002,0.0022277749849521807,0.002049067942949998,0.0019249321816574426,0.004958917357641489,0.009821365008447004,0.004610393124461832,0.006099614915121576,0.005456663775982149,0.005655273035623446,0.004974292277183195,0.009371564308774151
paired_deficit,3,24000,21.00504619232379,21.10249408404343,0.6922897696495056,0.6964223980903625,3,0.22130000000000005,0.7787,0.0103,0.0052,0.0053,0.0063,0.0055,0.0067,0.0121,0.006,0.0018,0.0031,0.003,0.0019,0.0022,0.007,0.0058,0.0021,0.0027,0.0025,0.0041,0.0025,0.0062,0.007,0.0028,0.003,0.0028,0.0026,0.0029,0.0062,0.0062,0.0024,0.0018,0.0024,0.0033,0.0019,0.007,0.0048,0.0019,0.0024,0.0023,0.0026,0.0015,0.0049,0.0089,0.0062,0.0052,0.006,0.0054,0.0044,0.0102,0.0,0.0,0.017243206288271515,0.020365773309537625,0.019521552526232888,0.019326529604250745,0.01959387490498988,0.01986537444840306,0.01675029476651966,0.020240226502250463,0.021486965003006446,0.021505254168599518,0.021191844608668256,0.021517514382472083,0.02187245332909174,0.019753398863720906,0.019523566637898105,0.021387342636264153,0.021226689490075334,0.021371892967208893,0.02154894135049775,0.021313250361209284,0.01957109149279783,0.019695791771496874,0.021235932618858415,0.021167384410930946,0.020983413767271076,0.021148961123704346,0.021670758415044643,0.01903593207787684,0.0197433636409114,0.021592519879079862,0.021319761704879557,0.021169413064233117,0.021293790774035846,0.021425956284133067,0.019409206135879525,0.020266633419956423,0.021732482355170418,0.02161112123055227,0.021623620999928615,0.02163234590954372,0.02175966956757685,0.01982077720362662,0.01796755146786965,0.019837874846411453,0.019834754814562996,0.019570477572798138,0.019864622792638335,0.020118344854669915,0.017290499654392912,0.009100772115546274,0.0041970604637168625,0.0054552695240387755,0.0058030377303447105,0.005340788975860202,0.004950089387079789,0.010037261678784246,0.004395791030483716,0.002344178578121978,0.0023542907899980416,0.0028113305869909683,0.002334883850831481,0.001733981352240246,0.005205462792585116,0.005647393846167832,0.002501872826451746,0.0027952364232686194,0.0026044534183863877,0.0022460749709556555,0.0026191549790836356,0.0054159157973323714,0.005257587717696507,0.002741542788782186,0.002889111626033111,0.0032193849586540013,0.0029573367179887705,0.002131373289000251,0.0062630304005305715,0.0051432227486398205,0.0022161561414330323,0.0026088480422051274,0.0028468379299125216,0.002649957951071455,0.0024407505064840793,0.005633104885300222,0.0043149284892427765,0.001955544222530266,0.0021867116880007354,0.002127863051608315,0.0021531147166674266,0.0020296965371114795,0.004981620762959006,0.00807137905976105,0.0049545565602570184,0.005076682821432807,0.0053778250836495605,0.005029404198110157,0.004549657442222253,0.009260285494954678
paired_deficit,3,25000,21.84158998040948,21.943547667004168,0.6882932186126709,0.697113573551178,1,0.1745,0.8254999999999999,0.0048,0.0059,0.005,0.0063,0.0048,0.005,0.0052,0.0024,0.0022,0.0025,0.0031,0.0024,0.0023,0.0031,0.0022,0.002,0.0021,0.0023,0.0028,0.0023,0.0034,0.0024,0.0034,0.0028,0.0024,0.003,0.0022,0.0041,0.0032,0.0021,0.0021,0.0022,0.0035,0.0019,0.0045,0.0024,0.0022,0.0021,0.0023,0.0031,0.0019,0.0042,0.0053,0.0063,0.0056,0.0056,0.0058,0.0047,0.0111,0.0,0.0,0.01694256636706161,0.019969830247202645,0.01929040852484587,0.019476823635687583,0.019559734413762526,0.020121432064848926,0.01636663045824598,0.020262594104151536,0.021529112799155262,0.021942370782519618,0.02142977319696529,0.0214359330506846,0.021628790451364677,0.019547714589370047,0.019828480933130586,0.021709281959622857,0.021510668487943158,0.021675460324087632,0.02134816407512736,0.021479638629162856,0.019649461876175618,0.019985611353072086,0.02146733138641556,0.021381192283402732,0.021473203058332176,0.021342824203047915,0.02121214471678634,0.019310784599248433,0.020077075765571443,0.02143064404554789,0.021476746213489772,0.021342119949677274,0.021405763069308942,0.021535434626051363,0.01938661577248458,0.020126460426215485,0.02191912327678946,0.021388655335096637,0.021650840269878617,0.021589092007229485,0.021688390312244454,0.019627863788792537,0.017378115991798528,0.019827960298662732,0.019653254506381678,0.019389478100333035,0.01965226719510304,0.02008762127833197,0.01648851519958958,0.009803248604116795,0.005038965985410909,0.006060404756088534,0.005808494130832264,0.005640017185270607,0.0048023325146805,0.010585032601538416,0.0045038693695700115,0.0025660379299277517,0.001920988467930373,0.0027601584312904976,0.0026724185890186665,0.002371389770317743,0.005619716285940853,0.005220533945477528,0.002323876534185912,0.0025557649355228327,0.0022985433220861916,0.0029266036371418764,0.002604199072352174,0.005539025158350732,0.005014333445301377,0.002623409300907678,0.0027578628003973016,0.0026142442781778015,0.002856813579842655,0.003021727132817779,0.005989537484347671,0.0047934427336887376,0.0027197366341146414,0.0026477763095112926,0.0028188503405372515,0.0027585730534530964,0.0025561702656542846,0.005949298509620825,0.004716358805339609,0.001957275222615511,0.002746213811935366,0.002376034971337182,0.002433354598735738,0.0023174235576413726,0.005494612355591815,0.0090843418847203,0.005182284097614706,0.005454980287053738,0.005905768236188655,0.005573708869464117,0.0047769823684774395,0.010551034161110681
paired_deficit,3,26000,22.685138566885144,22.79155475005973,0.6933878064155579,0.6954540014266968,3,0.21219999999999994,0.7878,0.0088,0.005,0.006,0.0043,0.0064,0.0067,0.0108,0.0058,0.0023,0.0028,0.0031,0.0023,0.0029,0.0041,0.0046,0.0023,0.0033,0.0025,0.0035,0.0023,0.0046,0.0059,0.0026,0.0024,0.002,0.0029,0.0031,0.0036,0.0054,0.0026,0.0025,0.0021,0.003,0.0022,0.0055,0.0051,0.002,0.0024,0.0021,0.0025,0.0015,0.0034,0.0113,0.0064,0.0067,0.006,0.0069,0.0053,0.0104,0.0,0.0,0.017550371278159727,0.019512861633862705,0.019104404187075603,0.019254837135780193,0.01902599065175681,0.019703372195623417,0.01771576756161847,0.020705482776027517,0.021418904031173906,0.021410517353931575,0.02128232562458652,0.021404222409485498,0.02137359050866019,0.02037509729156225,0.02066591021589744,0.021384929509730942,0.020859332472094202,0.021281362837097077,0.02149050061528049,0.021047907571368207,0.020007209985523883,0.020181592001656763,0.021215408135534297,0.021388665144100795,0.021229209075252047,0.021217875642447634,0.021332352547233584,0.020118911467652455,0.020614370945779663,0.021235668793006913,0.021363077200670957,0.021211937930335406,0.020824043988515326,0.021330234173542267,0.020136531107808206,0.020267855720281114,0.021545503727672104,0.02146324031787266,0.021435818244683134,0.021402141180801373,0.021707337208260936,0.020357258896943405,0.017914680727952853,0.01940068025447478,0.018898119603791882,0.019149701965517227,0.019431805244598352,0.01972440152131073,0.01732667938600648,0.008618637015735025,0.005463764495873876,0.006112264908468394,0.005834362769063839,0.006275823143353937,0.005122231863728547,0.008473227863603227,0.0036093242360479305,0.002476638366429594,0.002411828740392604,0.0026544189028832425,0.0024218231084783175,0.002470456816787522,0.004133871222952651,0.003633090365501597,0.0025305790923161394,0.003286934889390569,0.0026950100029591033,0.0023239032802184773,0.0029875376556121676,0.004678896665603191,0.004402033530163326,0.002799725075514279,0.002446523093997445,0.0026996885761119494,0.0027567449599487765,0.00253592957339918,0.004501550266810377,0.0037149183213856323,0.002728495100459585,0.0025262111034653778,0.0027271096567961727,0.00334296176891191,0.0025392928765379853,0.0044345133866132425,0.004226011702919158,0.0022365758453522008,0.0023281214554895045,0.002410721479208287,0.002464189937169046,0.0019796357901298318,0.004123130415607148,0.008001167069962421,0.00564187281876218,0.006439779165886527,0.006079408954685571,0.005670581241598742,0.0051669689882177,0.008934726038853272
paired_deficit,3,27000,23.543418375425972,23.65509512508288,0.6897283792495728,0.6984726786613464,2,0.20819999999999994,0.7918,0.0109,0.0053,0.0059,0.0053,0.0058,0.0064,0.0129,0.0057,0.0022,0.0028,0.0033,0.0017,0.0023,0.0062,0.0044,0.0022,0.0029,0.0018,0.0029,0.0029,0.0065,0.0056,0.003,0.0021,0.0021,0.0036,0.0026,0.0044,0.0051,0.0027,0.0032,0.0021,0.0027,0.0022,0.0076,0.0041,0.0023,0.0031,0.0019,0.0029,0.0015,0.006,0.0083,0.0052,0.0047,0.0044,0.0042,0.0031,0.0072,0.0,0.0,0.017441397231615818,0.0197608843193004,0.0200107618093022,0.01960400241135677,0.0195220315023547,0.01983288433033226,0.016905888063051062,0.019784525933338966,0.021561330905396976,0.0217639419049781,0.021420646923071156,0.021408908373862272,0.021732970165658595,0.019677523887316938,0.020086319603966417,0.0213416721170658,0.02149167302510547,0.021450121276973162,0.021242194156480605,0.021495111211899398,0.01923748504457555,0.019956659296942014,0.02150609648375111,0.021467170740226582,0.02154983049236868,0.021472736246919304,0.021380526648825796,0.019445162597872725,0.019984306530640254,0.021363184341876312,0.0215907868185976,0.021357882504612742,0.02113529166363174,0.02136156239000922,0.019877234811430042,0.020008255561141962,0.02143756490437443,0.02141185596048056,0.021390628242402357,0.021375642168144804,0.02169976320127927,0.019689124540953513,0.017876892788761305,0.019586572172570257,0.019532000446774937,0.01977001653952295,0.019373898169260745,0.020105706875023832,0.01652137266460228,0.009002893451124372,0.005258280023943372,0.004945623764300209,0.0056208137918324665,0.00563181989211912,0.005223804825321443,0.00987943413869818,0.00522130710687941,0.0024816395775515664,0.0021647779761592096,0.0026625915487410506,0.0027200118649901173,0.0021741519131689155,0.005466771687281721,0.004827459578424442,0.002786099569293939,0.002629639438032467,0.002616496859920093,0.002941672297129232,0.002624262487246664,0.006154944652590291,0.004952109218526482,0.0025289577149842425,0.0026288958508286393,0.0024996249746738995,0.0026201920027312496,0.0027643978009162322,0.005830159511373702,0.004986996947293407,0.0028696442857478236,0.0023965112279850593,0.0027998107834904377,0.0031088561871794036,0.0027549933423368055,0.005115382988996085,0.004910480764264089,0.0026361336631417274,0.002676339659603713,0.002709537505515682,0.0027720365982853283,0.0023823339994444134,0.005370504524733378,0.008321825691122903,0.0055699477925084595,0.0056162295455944086,0.005243998223202215,0.005941609338969376,0.0047580774917949905,0.010324524466540145
paired_deficit,3,28000,24.416877812007442,24.533486084081233,0.6901059746742249,0.6978727579116821,2,0.19640000000000002,0.8035999999999999,0.0032,0.0029,0.0042,0.0049,0.0046,0.0046,0.011,0.0046,0.0033,0.0032,0.003,0.002,0.0028,0.0058,0.0031,0.0021,0.0025,0.0022,0.0035,0.0025,0.006,0.0049,0.003,0.0029,0.0027,0.0028,0.0027,0.005,0.0045,0.0027,0.0036,0.0029,0.0031,0.0018,0.0077,0.0036,0.0032,0.0015,0.0019,0.0021,0.0018,0.0053,0.0069,0.0056,0.0059,0.0048,0.0055,0.0045,0.0115,0.0,0.0,0.017770412833303398,0.020156051269481945,0.019568433900481713,0.01967960347011961,0.019827404158755967,0.02010127741619923,0.016830818981764476,0.020340391206105764,0.021490147770914236,0.02144871536767497,0.02150328076473303,0.02127681954653459,0.021289505139577714,0.020244375057872487,0.020313656804505913,0.02129790846928345,0.021227254367721195,0.020964058359555553,0.021441956346713403,0.020972332044421164,0.019382877510747493,0.020094051268864953,0.021704562218072238,0.021538329769218753,0.02147295579823787,0.021176237389006237,0.021430968667437003,0.019388095477941868,0.019852138856790068,0.0211610383481331,0.021324661091773174,0.021260690348741673,0.021223350354859657,0.021369297160612963,0.019261108225108056,0.020277963974065435,0.021485355070635564,0.021670206575302775,0.02165080232174732,0.021617451292913162,0.02175583339488333,0.019802534416788958,0.017755914831370245,0.01960983209174543,0.01986126968929793,0.01954688039557201,0.01958056441210254,0.01980534394711866,0.016195281825191664,0.008345289082566536,0.004593935941545186,0.005478886162621566,0.005304074964108534,0.005149787302930392,0.004641003872478015,0.010018087983188508,0.004265003782429048,0.0024961045915899258,0.0025221934463277584,0.0024754533072770916,0.0028315575640349045,0.0027725473055706046,0.004533174127859995,0.0043851679195816085,0.002798395792579956,0.002870434992570243,0.0032843037318407444,0.002650009327447834,0.0033494185819212294,0.005770668661976783,0.004652366797424573,0.002158943562647515,0.0023812771777038636,0.002484076012456469,0.002950657837929135,0.0025891621615659315,0.005840588547015718,0.005032767646575397,0.0030136204264150077,0.0027172655035615396,0.002974107799596596,0.002876573949207015,0.0026861389696720586,0.005962147632652298,0.004402231448385589,0.002464578485609958,0.0022129668993193853,0.0022434795731682508,0.002256860681083002,0.0020783209975272733,0.005227956812286672,0.008407149305920451,0.005530976105307502,0.005018409654731767,0.005551840977197341,0.005498873754965446,0.005106351400390512,0.010861203298732393
paired_deficit,3,29000,25.27041772461962,25.392242041998543,0.6881572008132935,0.6980423927307129,2,0.2127,0.7872999999999999,0.009,0.0053,0.0054,0.0051,0.0047,0.0041,0.0118,0.0044,0.0023,0.0027,0.003,0.0025,0.0025,0.005,0.0048,0.0022,0.003,0.0018,0.003,0.0029,0.0061,0.0046,0.0022,0.0028,0.0023,0.0036,0.0022,0.0048,0.0051,0.0024,0.0025,0.0027,0.0028,0.0019,0.0063,0.0041,0.0028,0.0032,0.0022,0.0027,0.0019,0.0052,0.0092,0.0069,0.0059,0.0053,0.0061,0.0058,0.0136,0.0,0.0,0.017233217183661106,0.019609892040342265,0.019532691765111465,0.019703179313616422,0.019444337858151806,0.02012430928678377,0.016631713576927856,0.020112923146121946,0.021269125223225088,0.02154625672062977,0.021819780174312867,0.021569103299041416,0.02171691000586998,0.02005841790700575,0.020106479824599517,0.021115342567212647,0.02123138832023426,0.02148210993528067,0.021486467877273277,0.02166139958019249,0.01910219900946418,0.020679040844268907,0.021357017740735455,0.021703228521222487,0.021640565049374342,0.021305074539896777,0.02141124236564832,0.019710540586956454,0.019832252393455495,0.0212902458782781,0.021349155402073466,0.02144482425744649,0.021104718171983793,0.021405700789371457,0.01936922993527496,0.0206871022309474,0.02182451081332753,0.021807776496242496,0.021439425665095272,0.02136083912816164,0.022064349070115466,0.019644176274207472,0.018111258897895617,0.019708198140303133,0.019364299436500955,0.019380069682592767,0.019151760817634325,0.019698336207681886,0.015597816048248985,0.00930231671396741,0.005511697039551184,0.005671350545027644,0.0054050397730263065,0.0060046766265360796,0.004708149477092939,0.010163772881480435,0.00484312274465401,0.0029198850641979465,0.002526053175916083,0.00205973224707722,0.002451303084723951,0.0022594835141699996,0.004928262876202854,0.004814125061374864,0.0032382268906009574,0.002978832147762437,0.0026653164241673597,0.0026194465830649445,0.002346193801495569,0.006343803513603699,0.0038416287802862915,0.0028216546979646915,0.002241792233185992,0.002339675965520132,0.002902792787149936,0.0026978904009791523,0.005432603565916679,0.005242483141084045,0.00296501845864279,0.002794873596208562,0.002645433669631553,0.003176697770594857,0.0027065466428533385,0.005965749264465664,0.003907161458274644,0.0020914052330681227,0.0021175451414714615,0.0026929290628802415,0.0028156854841158876,0.0016777024037258656,0.005536268211906974,0.00793076806529661,0.00551438759428613,0.005895325970228757,0.005948816992860968,0.006305447788570155,0.005373542466447298,0.011817839242156753
paired_deficit,3,30000,26.131181310978718,26.258694792049937,0.6871838569641113,0.702574610710144,0,0.16879999999999995,0.8311999999999999,0.0001,0.0044,0.0068,0.0042,0.0073,0.0069,0.0083,0.0002,0.0023,0.0035,0.0026,0.0024,0.0027,0.0011,0.0001,0.0019,0.0035,0.0013,0.0032,0.0034,0.0015,0.0017,0.0028,0.003,0.0026,0.0038,0.0033,0.0013,0.0013,0.0022,0.0031,0.0023,0.0041,0.0029,0.0014,0.0024,0.0026,0.0035,0.0021,0.0024,0.002,0.0017,0.0092,0.0069,0.0056,0.0053,0.0078,0.0067,0.0071,0.0,0.0,0.016730266166944226,0.019201405768508865,0.019593410790516096,0.01948742575530892,0.019009354841103884,0.020170384276076425,0.01673499482805472,0.02055915846011714,0.021554244469922382,0.02155670646466179,0.021482019526391297,0.0211543860647816,0.021693649170704092,0.02013047061056156,0.02047078154500756,0.02140091433413706,0.021372666517735003,0.02149606135177893,0.02140373802294141,0.021833073897227797,0.01973399012765608,0.02016507032637426,0.021455722293439,0.021496416793294323,0.021345205819052207,0.02136263632287324,0.021798062625768864,0.020088147585386767,0.020289297466269902,0.02128387146088546,0.021494097189311355,0.021212727813223226,0.02127219263111812,0.021307439843369982,0.01958008660737949,0.0206607798067091,0.021515722240134028,0.021705665670387526,0.021645248098376892,0.021398712130486185,0.022012648331815904,0.0200858368625361,0.016962450301729815,0.01945627989090025,0.019868125228812823,0.01917202685398954,0.018674327590983447,0.019827854078090932,0.016094245147164378,0.009982515982585613,0.006190245419120607,0.005537209310720606,0.0057032072210773535,0.006451980598424901,0.00467259335510616,0.0099751097684763,0.003985555011583121,0.002505137355725979,0.002462218783203551,0.0025791963891420716,0.0030923487401682743,0.002208671257112985,0.004656982700241715,0.004123974395067669,0.002706226515678034,0.0027504693513360702,0.0025572035326280815,0.002701803943754514,0.00202936129339908,0.005277965950668446,0.004602791271115719,0.002620384144655978,0.0025175843262148236,0.0027934793724146995,0.002766179035106696,0.0020841973170863375,0.004723270678778103,0.004447284362406633,0.0028504811447796624,0.0025212173807613947,0.0030009716102844383,0.0028687729850663743,0.0028526299216745945,0.005519015667852776,0.0038654541811286923,0.0024873473797663937,0.0022289130449874165,0.0022844789109920044,0.002670613193229474,0.0017871672854699095,0.004726889823347661,0.009657922603082847,0.005751989092951882,0.005185065805238271,0.006197197324920677,0.007093900890406788,0.005170015057696909,0.01097867699739343
paired_deficit,3,31000,26.999208382098004,27.13264879200142,0.6871387958526611,0.701177716255188,2,0.18469999999999998,0.8152999999999999,0.0047,0.0046,0.0046,0.0059,0.005,0.0044,0.0115,0.0018,0.003,0.0017,0.0024,0.0019,0.0021,0.0049,0.0021,0.0015,0.0026,0.0017,0.0035,0.0022,0.0064,0.0018,0.0025,0.002,0.0017,0.0031,0.0018,0.0048,0.0021,0.0028,0.0032,0.0027,0.003,0.0026,0.0064,0.0018,0.0029,0.002,0.0025,0.0028,0.0014,0.0057,0.0041,0.0058,0.0057,0.0056,0.0079,0.0047,0.0128,0.0,0.0,0.01711725399906492,0.019366902244705365,0.02003970260285897,0.019676246687849504,0.019399624711859888,0.020390759712186214,0.01613086137848478,0.020291089804756805,0.021373932895759305,0.021811324112081056,0.021604906988347255,0.020960589456380165,0.02189184205434231,0.020042869935080584,0.020320427836684096,0.02157945200229025,0.021446454278272808,0.021509581259612172,0.021223910934648735,0.021495894479190626,0.01932842860438199,0.020275431545671907,0.0215605073620047,0.021555942755831767,0.02147998413293464,0.0212911604720342,0.021519382944471834,0.019625126396512677,0.0197033193898158,0.021399816496280553,0.02144548040982206,0.02157917930965731,0.02106235031903738,0.021702300069413025,0.019356239038968714,0.020333665905790888,0.02144783570821126,0.021703232082376595,0.021675182705009684,0.021469647435666653,0.021847401988844176,0.019864135702701693,0.01680040090688425,0.019551944497231383,0.020205416796509168,0.01956005964867393,0.018782306950647792,0.02044468256853619,0.01575581048162198,0.009509035108407315,0.006003286208343051,0.004993887412169013,0.005521217981279041,0.005874168012648274,0.0043296285745638,0.011085246738868761,0.004563074598202626,0.0027974964674384074,0.0021158860074523764,0.002437557009079651,0.00344163197207134,0.0019904105300905983,0.00494988908654668,0.00443923055152123,0.002516287394733969,0.0026844824629287927,0.0026251707633961714,0.0030703463278260014,0.002646499615807314,0.006024179269176406,0.004548413212763618,0.0025067473553994886,0.0025138606288194532,0.002632231071482232,0.002926485225566386,0.002609896266157711,0.005718069004441985,0.005479029121165443,0.0027571606486129856,0.002725062594965991,0.0024776498464569026,0.0033221149994709163,0.0022857840874765294,0.006058965760299896,0.0044576634502935504,0.002760454705715913,0.0023624566811155734,0.0023671050474886163,0.002648339307579926,0.002059663894940313,0.005267482836834545,0.009924679470594036,0.005714924828062547,0.004618458494542926,0.005624153547339013,0.006953355268189316,0.004284660162307375,0.011708771397205235
paired_deficit,3,32000,27.84328238957096,27.981877624988556,0.6841611266136169,0.7022415995597839,1,0.2138,0.7862,0.0089,0.0054,0.0053,0.0058,0.0071,0.0059,0.0094,0.0046,0.002,0.0026,0.0028,0.0019,0.0024,0.0045,0.0042,0.0021,0.0033,0.0022,0.0032,0.0029,0.0055,0.005,0.0022,0.0031,0.0021,0.0038,0.0027,0.0039,0.0055,0.0026,0.0032,0.0022,0.0036,0.0028,0.0063,0.0045,0.0025,0.0024,0.0022,0.0026,0.0021,0.0053,0.0085,0.0063,0.0053,0.0049,0.0085,0.0056,0.0121,0.0,0.0,0.01693344302335471,0.019823471005352183,0.019895533451162427,0.019333021845025937,0.01922077250874272,0.02033007962798592,0.016821542422643578,0.020525791259910622,0.021395893429203703,0.021714682194801428,0.02180582757292569,0.02137482735390251,0.021737717391921117,0.01996820830607226,0.02012587619995302,0.021334525300114565,0.02161229414246776,0.021490776618500962,0.021109748416518376,0.021497337979173844,0.019574925424037895,0.020272910493987037,0.021401003067731822,0.021320644024905126,0.021989897645298524,0.021480063721356763,0.0214959983497272,0.0201839303469163,0.019769678371797175,0.02142435729124058,0.02144509529962777,0.021616472922392972,0.021045378449891787,0.02146799814605535,0.0191094292160125,0.02065346961128628,0.02186975645212403,0.02159623522647021,0.021580888964738726,0.021469570819077886,0.021750323788317406,0.019927142008472995,0.0165966336677052,0.019286634640520217,0.019670123428780408,0.019431856379849004,0.018560759289376064,0.020286854771166932,0.015670598131402473,0.009832610340306205,0.005328094139795591,0.005176712154786212,0.0060534658258928065,0.0061893597473994385,0.00446034815266771,0.009889835708240372,0.004233428972429754,0.002760064528090552,0.0023022497770325097,0.002160186850680275,0.0027928989774683786,0.0022272836735885426,0.005063438143824961,0.0047786279947674625,0.002894777912233894,0.00242277349673304,0.002612175695868862,0.0032841868863740893,0.0026410113898889544,0.0057154874815104825,0.004666641810764198,0.002752100435814613,0.0028773513373716963,0.0018732876828530059,0.0026288732569447544,0.002604036891314089,0.004688142419149544,0.005294750045750845,0.002715699584749901,0.0027224389739259488,0.002416260278871918,0.0033063915576789934,0.002686741657701513,0.006362903972246289,0.003956299254894588,0.002021482176340365,0.0024868660821592745,0.0024717228954037685,0.002645227924996416,0.0022076348268815684,0.005088383260354343,0.010279450222465639,0.006086704326261665,0.005528045465017859,0.006016605764397317,0.007296208433712475,0.004488657688170051,0.011761869707764131
paired_deficit,3,33000,28.691774313920178,28.836207000073045,0.6860308647155762,0.703713059425354,3,0.2168,0.7831999999999999,0.0088,0.0049,0.0059,0.0056,0.0052,0.005,0.0111,0.0051,0.002,0.0026,0.003,0.0024,0.0024,0.0047,0.0051,0.0018,0.0026,0.0016,0.0032,0.0021,0.0075,0.0053,0.002,0.0029,0.0014,0.0027,0.0026,0.0045,0.0062,0.0024,0.0031,0.0021,0.0035,0.003,0.0067,0.0041,0.0023,0.0019,0.0026,0.0019,0.0023,0.0063,0.0115,0.0071,0.0052,0.0046,0.0076,0.0047,0.0137,0.0,0.0,0.01702629020291531,0.01954604081560441,0.019960832915042977,0.019881230798443797,0.019098701356535037,0.020192867689267847,0.01676066041693397,0.020049436292200802,0.02163730383866113,0.02172586072289505,0.021802116540904734,0.021597547292884642,0.021882289953870645,0.019889243048974093,0.019925974657017925,0.02123455799715833,0.021680158221871085,0.02140869246276575,0.021377266836801752,0.021526327646908712,0.019361841800503522,0.019994651083053795,0.021370890823492188,0.021651901005247717,0.021588043729895375,0.021451797721002995,0.021858743296033687,0.019384603394907378,0.01995583926280004,0.021381451340413506,0.0215170845115848,0.02164978407112232,0.020908399528600567,0.021975410887640708,0.019349821240886883,0.020602849535288414,0.021733394609583664,0.021872688138908407,0.021761847272653585,0.021175592155640074,0.021896985570908023,0.020294455377342195,0.016429131625719982,0.0195391766004435,0.01969018707132788,0.01900750555074151,0.018358460848104025,0.020298799366817694,0.015735262871677543,0.009712928695703229,0.005770153155706417,0.005127538240043029,0.005250861484420747,0.006541316931401201,0.004885246841888232,0.010046329524539231,0.004990269830599277,0.0024912102119599233,0.0023540138314830095,0.0022358748261223373,0.002552802873309568,0.0021507290032510237,0.0051993860389818874,0.0051815422496933085,0.0031151625131763962,0.002424818238994319,0.0028844479246497197,0.0029331339435152127,0.002741264610326365,0.00605552270520978,0.005153270585473239,0.0029039494553209835,0.002507658113013462,0.0026456512283038283,0.0028567297846031287,0.0021872085638803907,0.006059321900802592,0.005135274634779789,0.0029266511188924703,0.002677459498855288,0.0024718752643045514,0.0036595246489429358,0.0020064617882241662,0.006074145506643869,0.00409383419110335,0.0023814044892141333,0.002126542074701218,0.002337324320609609,0.003245577595170029,0.0020888993803577084,0.00457161254336206,0.01059901161009625,0.005780787512177271,0.005507772675228225,0.006643539150006459,0.007805318926035695,0.004643007635935626,0.011908359859258835
paired_deficit,3,34000,29.527510570478626,29.68078312498983,0.6905790567398071,0.7071285247802734,1,0.18409999999999993,0.8159,0.0031,0.0044,0.0042,0.0051,0.0047,0.0036,0.0078,0.002,0.0022,0.0026,0.0022,0.0023,0.0024,0.0047,0.003,0.0018,0.0027,0.0031,0.0036,0.0021,0.0074,0.0028,0.0029,0.0022,0.0021,0.003,0.0019,0.0053,0.0023,0.0025,0.0027,0.0029,0.0029,0.0022,0.0062,0.0017,0.0033,0.0021,0.0024,0.0023,0.0028,0.0069,0.003,0.006,0.0054,0.0062,0.0078,0.0046,0.0127,0.0,0.0,0.017396313781622097,0.01943433251329535,0.02031613371095719,0.01905217369756862,0.0189524649397375,0.020278075263466654,0.01689023511928081,0.020160881183820048,0.021718408914513668,0.02162421244336149,0.021650856775135174,0.021103162022663192,0.021793459894428633,0.02006700057235185,0.020257197244179716,0.021483055142077177,0.021357895381034636,0.021500369904118806,0.021223291358440165,0.021429001359858854,0.019096146833065937,0.020043516881700855,0.021520292675289706,0.021686830167975117,0.02168219831673634,0.02138149602256589,0.021903668511904693,0.019146914592928443,0.01974892683940995,0.021630387826607932,0.021343116008335883,0.02133103821191247,0.021350311984470585,0.02161603546876374,0.018972048082639695,0.020485957910741943,0.02200868073350174,0.02161745345312907,0.021923630377481226,0.020968737223593235,0.022086991088714248,0.01982413962998828,0.017780760310165657,0.019681501923986926,0.019758518211811106,0.01960645537101067,0.018897512446114303,0.020380034244033236,0.014838177429509457,0.009104157298047057,0.0059256330846041245,0.004433175370129721,0.006404466136471573,0.0065990358926773735,0.00453159438878909,0.009854382578948806,0.004675309511997231,0.002324291183636395,0.0024321388958562108,0.002390584001204122,0.003205714352944276,0.00212911556324956,0.00482172710477347,0.004525093557041167,0.0026132274146194565,0.002847490932568797,0.002586223055167794,0.0030574213607803594,0.0026975304943404376,0.006453072482752502,0.004897415116695974,0.0025942137060324328,0.0022954168646743254,0.0023026407685014633,0.0027716205223204523,0.001996295070353754,0.006334831832190187,0.0053568621119117945,0.0023834451766377327,0.0028314785612317084,0.00288937777150342,0.002898380610221469,0.0024058293266059276,0.006568493732822521,0.004246440031676777,0.0017934539534714574,0.0024036178171779514,0.001926099749004065,0.003454427761491251,0.0017494449630728944,0.005317684129216654,0.008426443795370966,0.005462019009113355,0.00534190326538922,0.005696250225180978,0.00676286561602258,0.00433351515186108,0.013015739659471948
paired_deficit,3,35000,30.371199195971712,30.52998629200738,0.6832937002182007,0.6993816494941711,2,0.1664,0.8335999999999999,0.0056,0.0052,0.0048,0.0053,0.005,0.004,0.0108,0.0028,0.0021,0.0023,0.0025,0.0022,0.0014,0.0038,0.0027,0.0024,0.002,0.0025,0.0034,0.0019,0.0054,0.0025,0.0029,0.0023,0.0023,0.0026,0.0017,0.0035,0.0026,0.0026,0.0018,0.0021,0.003,0.0019,0.0052,0.0027,0.003,0.0016,0.0024,0.0026,0.0018,0.0058,0.0023,0.0026,0.0027,0.0035,0.0048,0.0034,0.0121,0.0,0.0,0.01757898617559946,0.019837420526539987,0.02030126926489455,0.019843303011872357,0.019075126895823052,0.020553552319195985,0.0159567784145687,0.020234163708284007,0.021522459177469443,0.021540266711327943,0.02149368713095045,0.021270502902583182,0.021660495791514807,0.01985895142712463,0.02025085236433686,0.02142234043977726,0.021316763286548017,0.021746522632609618,0.021398680036042884,0.021484437584790614,0.01925307076113217,0.02008085647886235,0.021139492679628565,0.021552359031896163,0.021796807285809038,0.021379538868121432,0.021651975308894518,0.018933034511946577,0.01982044001044233,0.02141520574015216,0.021440166629486605,0.021358458411011378,0.021030725234154807,0.02153046028947552,0.019129459941114507,0.02046415736560015,0.02152074225289098,0.021622338031698295,0.021605701874124056,0.021225354354998036,0.021746909368278958,0.019706033569256577,0.017905254774371934,0.019666005702521236,0.019834743216102513,0.019592061466560864,0.01879852807537139,0.020445173116981276,0.016008385847261733,0.008836597596818232,0.0052805571407298964,0.004519159813032547,0.005193271559536844,0.006467649381946252,0.004165351056755708,0.01136280294494564,0.004662723364051381,0.0026174450251155385,0.0025897139980849975,0.002662250690295366,0.002970744899653497,0.0024024856093023514,0.005207965349652917,0.004558609724873011,0.0027342938064455276,0.0029768302804470525,0.002229456627772183,0.0027711392955921577,0.0027547796732733994,0.006112418850207995,0.004862400655695268,0.003252887371297835,0.0025318205655592506,0.002151150159949354,0.0028400096426103756,0.002376691748055696,0.00668892470111304,0.005267937782977348,0.0028235294155692045,0.002706533727334659,0.0029118999743910335,0.003344141971777225,0.002565922683394723,0.006383038499855474,0.004226437577803975,0.002620118729530374,0.0025400323056082395,0.0024878141908087088,0.0030410530963651855,0.0022288543783318404,0.0055632862870894405,0.00821132383379768,0.005469370233116616,0.0052066014192330605,0.005623583411613921,0.0068593241995058285,0.004256001060079948,0.01128243656056253
paired_deficit,3,36000,31.247689995216206,31.411605667090043,0.679132342338562,0.7059670686721802,3,0.2237,0.7763,0.0098,0.0045,0.0053,0.007,0.0051,0.0046,0.0115,0.0047,0.0023,0.0025,0.0022,0.0028,0.0021,0.006,0.0059,0.0023,0.0034,0.0019,0.0031,0.0019,0.0065,0.0047,0.0026,0.0026,0.0022,0.0032,0.0027,0.005,0.0054,0.0022,0.0037,0.0031,0.0028,0.0026,0.0059,0.0045,0.0035,0.0028,0.003,0.0024,0.0027,0.0058,0.01,0.0061,0.0071,0.0051,0.0088,0.0054,0.0124,0.0,0.0,0.016851073509277878,0.01986605353031651,0.02017259539513873,0.01942663087438573,0.019018299603237282,0.02024667594907479,0.016024807895010214,0.020240256913275974,0.021656504226981545,0.021713676010953045,0.021662891187583452,0.021270624768501546,0.021813953051453682,0.019320955439161278,0.020156610116885396,0.021437372448841537,0.02160337948746427,0.02184190763827959,0.02125423953600574,0.02147361012333289,0.01941814490750496,0.01990932518240651,0.02162019225451025,0.02182601443462036,0.021686702929248416,0.02149103041479576,0.021595108742100612,0.01965957350955383,0.02012832535548708,0.021668739190173668,0.021193625407088433,0.02159735252800975,0.021217804287742614,0.02183866162237782,0.01911113328529652,0.02043052536759793,0.02179966851227637,0.02175847574286133,0.02166723062853486,0.021207581083541392,0.021957419442623773,0.019754676826813703,0.01689909489136368,0.019884758714518884,0.019764966787071438,0.01969150860045738,0.018666504398989953,0.020250119597314035,0.015253617649957595,0.010003137863073205,0.005301637443726446,0.00490571870066973,0.006098358751358761,0.006690749590675331,0.004752096242942809,0.011319957464125827,0.004722960294928295,0.0025328412452109723,0.002444429417721119,0.0025620267950846338,0.003168637059183098,0.002328421080499127,0.006222715296558347,0.004930438721021298,0.002832649419180443,0.0026149946254166046,0.0022070664323000375,0.0031549130784345246,0.0027766106041705783,0.00599429415548786,0.005195658615880375,0.002588994956411392,0.002270706566275596,0.002447078742696318,0.002749671444734764,0.0027059097057938134,0.005660005634534904,0.004974178959153209,0.0025529833026439568,0.003209585731284682,0.0025852523610742266,0.003250319926296669,0.002212086149685092,0.006469064342711738,0.0044677870619894795,0.0022723860368689753,0.0023360875303393702,0.002477191178795495,0.00318800433617415,0.0020284361883354473,0.00547387306788307,0.009967938938050844,0.005233648795126804,0.005418897924827572,0.005571557938696954,0.007195711690732899,0.004707708402138053,0.012551607184098514
paired_deficit,3,37000,32.10899734380655,32.27883304201532,0.6800389885902405,0.7102655172348022,2,0.2067,0.7932999999999999,0.0047,0.0022,0.0039,0.0047,0.0041,0.0032,0.0116,0.0046,0.0025,0.0034,0.0028,0.0026,0.0026,0.007,0.0053,0.0021,0.0031,0.002,0.0027,0.0031,0.0065,0.0052,0.0024,0.0025,0.0018,0.0028,0.0021,0.0064,0.0053,0.0029,0.003,0.0022,0.0031,0.0023,0.0063,0.005,0.0033,0.0024,0.0027,0.0025,0.0017,0.0051,0.0094,0.0067,0.005,0.0054,0.0085,0.0046,0.0114,0.0,0.0,0.01731861308523043,0.01997437048084575,0.02019083340377955,0.01993188069062769,0.01894899345305294,0.020399672776443122,0.016796703670068146,0.02024551904248358,0.021713482269480312,0.021577240674099524,0.02163359312935949,0.021378117407039866,0.02168113034235254,0.01914144532288231,0.019486649356741517,0.02165917105389963,0.021637383987080074,0.02170082188487902,0.02134421256862288,0.02161379104786201,0.019033443442446757,0.019637416055758514,0.021525875310606988,0.02174604658718346,0.021796045580548283,0.021177286547185037,0.02171419939571584,0.01938309817269937,0.019990194133203798,0.02193155472673081,0.02129599137842124,0.021298133959010035,0.021424006336110496,0.02153594135847891,0.019188117371202552,0.020360641249771202,0.02163282842096268,0.02186237357157359,0.02164739407157435,0.021508748326959863,0.021712971384254126,0.01910672289936817,0.015975355346981888,0.01987652194379927,0.020189929906359455,0.019718646729981693,0.019247604478351082,0.020455800669902588,0.015653484998027562,0.009231101781786755,0.00508139431393752,0.004746347812192733,0.005225286029915873,0.006707559960634454,0.00450122622432833,0.010038925687182645,0.004739829069536316,0.002389555392852031,0.002639495900530151,0.002552272219247068,0.0029477036672003556,0.0024396304812872817,0.006409678342541855,0.005875363262780651,0.002473619594421461,0.002507342138782574,0.002448213939666497,0.0029611198889595873,0.0025829223557373073,0.006615908742389798,0.0056029404514597965,0.0027580629416117035,0.0023782140611922262,0.0023008244205526174,0.0032194919869379087,0.0024275079076718164,0.006074704768046886,0.005056902085450833,0.0020520176153038007,0.0031138828032409756,0.0030324414656379604,0.002876675682612752,0.0026643574713853383,0.006376500727204673,0.004600702657079221,0.002553455853237285,0.0021590978658517354,0.0025699732900138295,0.0027455099975145633,0.0023903461532534254,0.006424360042115798,0.011388353313213244,0.005271909125464767,0.004747746267160612,0.0054772096664182845,0.006206300156576222,0.004336225125183861,0.0118474894560612
paired_deficit,3,38000,32.97166575898882,33.147088709054515,0.6846379041671753,0.70262610912323,2,0.2168,0.7831999999999999,0.0088,0.0048,0.0051,0.005,0.0049,0.0049,0.0078,0.0045,0.0023,0.0034,0.0015,0.0024,0.0025,0.0049,0.0064,0.0021,0.0035,0.0018,0.0039,0.003,0.0051,0.0049,0.002,0.0024,0.0016,0.0032,0.0028,0.0042,0.0052,0.0015,0.003,0.0022,0.0022,0.0032,0.0057,0.0043,0.0028,0.0033,0.0028,0.0035,0.0027,0.0045,0.0117,0.0059,0.0072,0.006,0.0086,0.007,0.0138,0.0,0.0,0.016785626970095353,0.01958265961265005,0.020469793828460738,0.01902142155929012,0.019034960492514304,0.020305952509180394,0.016325654022432873,0.020057260044018213,0.021647786642324675,0.021717564404812907,0.021780829589562865,0.021395301501018205,0.021426770594466342,0.019746952525432557,0.01986742671994101,0.021692470874803922,0.021395750419473707,0.021648143004124328,0.021368776085189528,0.021343155236068504,0.019483157881974734,0.02012238548327047,0.021478286604186485,0.021557943771045023,0.021684709156372016,0.021571081863152514,0.02165559866838442,0.019401385482005526,0.020004973263735855,0.021626231533160414,0.021311478852217666,0.021683787562560237,0.021518189073109754,0.02172689813059691,0.019958007639556602,0.020415606764300785,0.021963816154115485,0.021463118534472476,0.021818173156898074,0.02112956473983673,0.021621399108536,0.020167048920078284,0.01677125620883021,0.01988981710815442,0.01953360484744008,0.019620093371783533,0.01916263801567399,0.020050311145044797,0.014995180323645961,0.010101833638604452,0.0057363046147406085,0.0043250176978766285,0.006643493432909866,0.006583488831458465,0.004656573413095112,0.010735197496355878,0.004963127379257841,0.0025419539927710884,0.002512146339815089,0.0022970998803655655,0.002893436992675502,0.002844760414051322,0.0055212378720398934,0.005295825180197222,0.0024337736594556266,0.002931805102971166,0.002502340270245789,0.0029735291617141524,0.0029740971416551522,0.005890214476314507,0.004901453467215309,0.0027650751475634477,0.002680923473886692,0.002523904531125614,0.0026215388958295022,0.0024908078049667988,0.006016700504993689,0.005083067378179572,0.002536233062261039,0.0030621568582920415,0.0024472050578479686,0.002703353774208879,0.002419583877937443,0.005155714081579614,0.004408834567064236,0.0020140551872830166,0.0027885372069083644,0.0023174616310207624,0.003343542676054855,0.0025437078850602227,0.0048714303007665865,0.010084999916556536,0.005339316596166845,0.005851245313760509,0.005756526856192362,0.006346933988539046,0.005052000977014195,0.01302755703007421
paired_deficit,3,39000,33.804739796207286,33.98593570908997,0.6763783693313599,0.7136656045913696,3,0.2057,0.7943,0.01,0.0054,0.0045,0.0054,0.0048,0.0034,0.0099,0.0043,0.0024,0.0021,0.0025,0.0022,0.0019,0.005,0.0063,0.0025,0.0023,0.0023,0.0033,0.0026,0.0048,0.0036,0.0033,0.0024,0.0025,0.0033,0.0026,0.005,0.0033,0.003,0.0029,0.0027,0.0022,0.0019,0.0052,0.0035,0.0035,0.0022,0.0019,0.0032,0.0028,0.0058,0.0101,0.0073,0.0036,0.0046,0.0075,0.005,0.0129,0.0,0.0,0.016523997337473208,0.020047399906444538,0.01987965331860652,0.01940578732136064,0.019787828625212712,0.020182356715848726,0.01573907350022682,0.01959985389372776,0.021569897322717708,0.021836214646249116,0.02177642792142495,0.02146343581978569,0.021473848305774545,0.019484913535497275,0.019738692201252708,0.02185065655029232,0.021628752038622155,0.021731398779510625,0.021643764723266123,0.02180184131784451,0.01902870819052232,0.019631292294228976,0.02154555188359441,0.02137726799301414,0.0219870012361464,0.0216143538247369,0.02162604470712879,0.019518431496677133,0.020331789000174252,0.021731611344608097,0.02154575622072928,0.021881385972057795,0.021014631000189653,0.021867089313307643,0.019875087373843442,0.01983404041489823,0.021629539337412816,0.021754039302320734,0.021871411161229627,0.021402743590978157,0.021623830146654928,0.01972954968089715,0.01684964245482943,0.019795673652150004,0.019846089019040863,0.019679850948518887,0.019175645171873697,0.02006250551468105,0.015003643972416509,0.010556647726035394,0.0050564473635232796,0.0053927133574226856,0.006082871290939383,0.0054949575625109345,0.004848765732784351,0.011725484725474265,0.005823289636568424,0.0027135144829716243,0.002303685469606455,0.0023956897527755623,0.0028773454051566603,0.0028613218930437227,0.005922043455358001,0.005687759866252552,0.0022814611876609235,0.0027401319448262743,0.0024649839637518587,0.0025998418030078073,0.0023956442178840304,0.006780336356449838,0.005735847374830263,0.0027900415653109925,0.003049009400851104,0.002110706288851827,0.0026841639930894833,0.0026271106889896897,0.005909526010132493,0.0048141206587221045,0.0024646568526836936,0.0027897271160469816,0.002234172455420641,0.003567999824364519,0.0023342982230473903,0.005360677274677556,0.005462905904702791,0.002621732890570914,0.002430143034133383,0.00228858494026581,0.0030098056455713606,0.002630518620257565,0.005623704060277578,0.010055520666842994,0.005521947548387929,0.005366239611621568,0.005700184186264129,0.006515156241209572,0.005033201723931532,0.01297440618023731
paired_deficit,3,40000,34.64877295563929,34.835425625089556,0.6705319881439209,0.7057431936264038,2,0.20920000000000005,0.7908,0.005,0.0039,0.0034,0.0047,0.0048,0.0048,0.0115,0.0052,0.0029,0.0033,0.0023,0.003,0.0029,0.0074,0.0045,0.0022,0.002,0.002,0.0026,0.003,0.0067,0.0054,0.0018,0.0026,0.0033,0.0035,0.0031,0.0063,0.0055,0.0024,0.0027,0.0017,0.0027,0.0035,0.0072,0.005,0.0027,0.0025,0.0026,0.0026,0.0021,0.0058,0.0064,0.0055,0.0042,0.0046,0.0076,0.0047,0.0131,0.0,0.0,0.01642683044946453,0.01971670223604199,0.02024794220936034,0.019517569027515298,0.019679419420448728,0.02002415056915613,0.016769101138321443,0.020069800837488418,0.021616071621099752,0.021571132153292854,0.02176261964381162,0.02152191530939329,0.021563214477553966,0.019714492085974984,0.019531915413871594,0.021310672022693863,0.021167880037548468,0.021680470408390898,0.021276357407719024,0.021553947614313673,0.01986560961005416,0.019845891866086124,0.02134258031919474,0.021409131468763918,0.02147902619169457,0.021476353359432376,0.021570198467673905,0.01977909401081292,0.02033138952756009,0.021704004996481993,0.021483060536158147,0.021862538387829027,0.021543331875444854,0.021826162858144555,0.020045296512596393,0.020187604879681277,0.02154268843218502,0.021362577684475616,0.02167245964190357,0.021055942482745383,0.021606837398676568,0.020125739593663067,0.016887725802082077,0.01964045743295255,0.019526386038204634,0.01961385653011402,0.018726794475242343,0.019770992769902733,0.015994062766782433,0.010583445482723289,0.005515573573063487,0.004651856534672299,0.005785629573936407,0.005534385940594517,0.004960190316988228,0.010208381780629213,0.004928388983598876,0.002528081620954965,0.002636904564334922,0.0022615296659226096,0.00271330486500044,0.002571070332273181,0.005519004433644057,0.005802421888685975,0.0030021595847706537,0.003223818466839517,0.0023890515829799804,0.003016364354542144,0.0026245179712152383,0.005206296649363157,0.005275967401502967,0.0029135651917592625,0.0028493189983554903,0.0027017575085028964,0.0027059065999984248,0.0025992914433759736,0.005418721561153052,0.004522319577503676,0.0023525183666309535,0.0027736199141229208,0.002106423781834842,0.002680059497034518,0.0022019527511280067,0.004927365041966751,0.0047064568899793605,0.0026419958270003908,0.0029215853778088783,0.002440549357566909,0.0034366438936166,0.0025424160908974745,0.0048415541227670835,0.009946113319578485,0.005594867420579473,0.0057719427501934754,0.0055970980392318044,0.007013164880255248,0.005353172281013619,0.011450551995819826
paired_deficit,3,41000,35.49023265740834,35.68286729208194,0.6667056679725647,0.7178216576576233,3,0.2259,0.7741,0.01,0.0055,0.0068,0.0054,0.0052,0.0055,0.012,0.0047,0.0026,0.0051,0.0013,0.0029,0.0032,0.0058,0.0041,0.0017,0.0045,0.0018,0.0034,0.0033,0.0056,0.0041,0.0021,0.0036,0.0027,0.0031,0.0028,0.0056,0.0046,0.0017,0.0037,0.002,0.0023,0.0028,0.0069,0.0042,0.0027,0.0042,0.003,0.0036,0.0031,0.0046,0.0098,0.0057,0.0069,0.0056,0.0069,0.006,0.0112,0.0,0.0,0.016636979165450493,0.019999404841842094,0.01969220293956453,0.020202117139658013,0.019496480785870796,0.01993563650290523,0.015911728419330817,0.01975827597115807,0.021862763148612914,0.02174123434736443,0.02197212247352861,0.021463793911998354,0.0216304132008249,0.019397929262453276,0.019747260249745796,0.021867250253769135,0.02134467773360078,0.02200036936566451,0.021539597800354523,0.02153051191873342,0.019258681339382987,0.01969051456363858,0.021714438272312238,0.02138867853217713,0.021648104598369647,0.021493131168056553,0.021737660965575556,0.01942076597408217,0.020376384311554353,0.021863824174914646,0.021256403757020786,0.021883041274396886,0.021676147652719822,0.02169349397243743,0.019225155883971248,0.01993826014498324,0.021876362463819257,0.021685063012439366,0.021662431052711765,0.021431533599790657,0.021783985069453282,0.019896587853960562,0.016414174624966957,0.019546146342593655,0.019777546929889138,0.019344019360275126,0.018850008405456108,0.020661141237806407,0.015075564028813684,0.010472158767880064,0.00520691762466805,0.005755385176274681,0.004896554249018649,0.006015983767211157,0.005343612863999796,0.011660681470353707,0.00557609882915512,0.002393078843568122,0.0025791459416203413,0.0022647063650035946,0.003003922094767441,0.0027097565473170617,0.006205933923326766,0.0056710894881188975,0.002347146345456597,0.0031862953381288197,0.0021823963615745525,0.002926924785219351,0.002901773256191801,0.006497254945087165,0.00571890767016696,0.002581109666457007,0.0031189277609045387,0.0026826700709606565,0.002959005185824984,0.0025846169803606074,0.006288157195767606,0.004629741883329137,0.002352391855521736,0.003321447520056343,0.002322969447854519,0.0026787971540894865,0.002613176510352493,0.006431396711361967,0.005378658427580045,0.0024113200642504134,0.002743272261273415,0.0026997980027148585,0.0030142518590955624,0.0025527547983934594,0.005364335935134804,0.010735159442244818,0.0059399431421277675,0.005624718960095785,0.0062103478684288225,0.007005767576143198,0.004350013791110026,0.012940893897694372
paired_deficit,3,42000,36.339133565314114,36.53828995907679,0.6816966533660889,0.710507333278656,3,0.22560000000000002,0.7744,0.0103,0.0052,0.0046,0.0054,0.0048,0.0051,0.0124,0.0063,0.003,0.0035,0.0024,0.0024,0.003,0.0067,0.0054,0.0025,0.0027,0.0026,0.0033,0.0034,0.0059,0.0055,0.0017,0.0033,0.0026,0.0031,0.0033,0.0067,0.0055,0.0019,0.0031,0.0021,0.0029,0.0032,0.0076,0.0055,0.0038,0.0034,0.0026,0.0029,0.0031,0.0044,0.0089,0.0059,0.0051,0.0042,0.0073,0.0046,0.0105,0.0,0.0,0.016221144793072823,0.019512000871453793,0.02005736079602496,0.019852433443792266,0.01932432621494303,0.019662208694168855,0.015923907259963007,0.01979722079441671,0.02154623568857488,0.021743390222493796,0.02181606930483369,0.021368392234540304,0.021312775758009533,0.01965753776738908,0.01975329124974291,0.021968103874668854,0.021498588816719816,0.022153270257494157,0.02191146401009156,0.021607663277130734,0.019438783085814634,0.01954419511929596,0.021834716239177716,0.0215474240374557,0.02185286983974631,0.021736082773492194,0.021308835442415974,0.0198347344293403,0.02006271537361868,0.022088005284127264,0.021399005119311615,0.022141391122007914,0.021740391037483715,0.021337029184081317,0.019548697189472344,0.019694120729914534,0.02195856989018203,0.021387016331553196,0.02181684010914877,0.021380567965039367,0.021323656602209924,0.019848140488520384,0.015706942708003283,0.020145305727320012,0.01949414830994617,0.01987749725753085,0.019382663805606833,0.020223201057588895,0.015659068411069243,0.011084112023400958,0.005975359166027958,0.005180747155961778,0.005494013133666483,0.006301313992121542,0.00590199120664351,0.01157755216213827,0.00557841496875515,0.002904751083143616,0.00256430466755536,0.0024532024474767282,0.00317661476019568,0.003222571413115388,0.005831006505039562,0.005606506177678954,0.002259854497405393,0.0030166498528441995,0.001937733990156335,0.002346438071342954,0.002810848666617291,0.006087284884843565,0.005926144835110862,0.0024246974672735727,0.002941996991703044,0.002396946630847775,0.0026145378342871165,0.003228594849242543,0.00556013155863842,0.005133499282136287,0.002037502495770153,0.003090755309111486,0.001955893249776103,0.002607951927053118,0.0032245584658981757,0.005919262662476828,0.005736020784454251,0.0022353662986841012,0.003304394690700093,0.0025301491432398733,0.0031970646051376686,0.0032840632098872593,0.0055396381389437735,0.011909219027280555,0.005163496014237496,0.0060807748135393155,0.005455698872391532,0.006290260157880418,0.00504441988052742,0.011943340454523887
paired_deficit,3,43000,37.193531323224306,37.39889029203914,0.6715394854545593,0.7283200621604919,2,0.2298,0.7702,0.0098,0.0037,0.006,0.0061,0.0063,0.0066,0.0081,0.0051,0.0032,0.0041,0.0024,0.0025,0.0036,0.0052,0.0059,0.0018,0.0032,0.0015,0.0033,0.003,0.0045,0.0057,0.0026,0.0029,0.0023,0.0028,0.0031,0.005,0.0052,0.002,0.0029,0.0015,0.0018,0.0026,0.0066,0.0066,0.0036,0.0027,0.0028,0.0037,0.0031,0.0065,0.0134,0.0069,0.0044,0.0059,0.0079,0.006,0.0134,0.0,0.0,0.016347693871130442,0.01985697668736402,0.020193354005763775,0.01997415365411514,0.019345321316244474,0.020206656879889956,0.01649606918383891,0.019958236059072,0.02157673314065947,0.021561650441932145,0.02169325661853587,0.021557173514923776,0.021320667096833668,0.019587756693784136,0.019794976290536784,0.021795600720032976,0.02160533461941945,0.021653321070252616,0.021697266100769462,0.021473524990163445,0.019690462639228412,0.019897201964566992,0.021668236562805167,0.021470277252946472,0.021941000028830145,0.021465111665749655,0.0214797124941946,0.019911155377936182,0.01933594170690071,0.022010937675143075,0.02193564808220809,0.021782680996026402,0.021635146149823745,0.021210366589355385,0.019726882438464252,0.01976657448020521,0.021186315072886142,0.02149054561039573,0.021517381975622238,0.020866558757866867,0.021437898138397166,0.019913843099101793,0.01663369438936108,0.019584098575027197,0.019856103306320955,0.019441783198886852,0.018848061750181094,0.020134080522288864,0.016466576544016984,0.010837224841273904,0.0053026717315616005,0.004822460347975923,0.005160845285537796,0.006209714126899593,0.004840986876218921,0.010530049246468932,0.0052244801658478494,0.0026478416836480424,0.0026711252141201633,0.002507024044363867,0.0026780363557073095,0.003043137090795038,0.005718273212274387,0.005398383258716558,0.0023099704547763947,0.0026427513821968545,0.0025296110258117314,0.0024617720086944905,0.0028071666267825107,0.0055987860353463904,0.005240574988502732,0.0025847106155961913,0.0028512427380614994,0.002085513989908418,0.00282015448120444,0.0027976148256585744,0.005258097263424646,0.006146068658972756,0.002016612036827793,0.0021328384206485713,0.002447102448334,0.0025967305944626707,0.0032134106786582102,0.0055035014015872704,0.005442227827137225,0.0032505395921727212,0.002898078979542794,0.002739463526972189,0.0037832177268148216,0.0029012271681624013,0.005410198162604465,0.010356656354735766,0.0058020453395615955,0.005304019991213106,0.0060217410622515795,0.006860158366305384,0.004992087272374668,0.010731827755021121
paired_deficit,3,44000,38.04623610107228,38.257554708980024,0.6720806360244751,0.7258337736129761,3,0.21920000000000006,0.7807999999999999,0.0061,0.0057,0.0042,0.0052,0.0051,0.0056,0.0106,0.0035,0.0025,0.003,0.0027,0.0015,0.0027,0.0049,0.0047,0.0032,0.0023,0.0025,0.0035,0.0035,0.0057,0.0048,0.0026,0.0029,0.0029,0.0028,0.0025,0.0059,0.0061,0.0018,0.0015,0.002,0.0028,0.0026,0.0059,0.0063,0.0042,0.0018,0.002,0.0031,0.0032,0.0058,0.0134,0.0073,0.0039,0.0056,0.0075,0.0062,0.0131,0.0,0.0,0.016174671984879707,0.020039230125753434,0.020276552964501003,0.019626370755225976,0.01947033000251829,0.019657922737499618,0.016677595666718906,0.019470993623406194,0.02153764309962234,0.021704232179290323,0.021445918910872372,0.02137249708248584,0.021245503790797073,0.01965885650246901,0.01961844797634312,0.021561613670294827,0.021825283802543387,0.0219374919184062,0.02173418322355396,0.0215481645793551,0.019677465942826163,0.0190988560895699,0.02178663727742535,0.021618809364811895,0.021772689999774116,0.021836098512776278,0.021482465357193704,0.019966946629169816,0.020292415457009987,0.021627547404671495,0.022020873025746658,0.022037429622189166,0.021430455587257858,0.021568111742773947,0.020201979905862116,0.019533092432809027,0.021894551375880207,0.021723837805874547,0.02169305617582274,0.021795275733700967,0.02145715223162628,0.019750798342475145,0.01564072191614428,0.019534228450104996,0.020292542201844434,0.019543842099959748,0.018883510493211336,0.019711553262651546,0.01554355096229958,0.01112020339315238,0.005176174579327546,0.004891675103974497,0.00588514030844655,0.006084504907932352,0.005875992020649176,0.010468933726400113,0.006083490908700002,0.00288663000208034,0.0026711477733346823,0.003104907698711524,0.003217094760600027,0.003489262929875351,0.005874565246749478,0.005975371153593584,0.0029281284571599435,0.002447120852698086,0.0022756691316591854,0.0025863206862865276,0.0028705533948386337,0.005728942900016056,0.006613046998797427,0.002506171957804965,0.0028407345981189837,0.002566545614655998,0.002469658695210446,0.003010002971333708,0.005286622293351387,0.004867437537736807,0.002788320550765078,0.0021482644938954753,0.002162028850951118,0.003050410342989337,0.002840074534448661,0.0050056212222963055,0.0059495426897418525,0.0023412814081136537,0.0026021282742881868,0.0026491619795436707,0.002492972572143908,0.0030096184128536826,0.005734079983421397,0.012053255748645105,0.006025931878396782,0.0048672438742051434,0.006011242416762132,0.006942090694344042,0.005754983167956118,0.012123605991666144
paired_deficit,3,45000,38.90412705007475,39.12132450006902,0.6702216863632202,0.7335546016693115,3,0.2147,0.7852999999999999,0.0111,0.0059,0.0045,0.0055,0.005,0.006,0.0114,0.0062,0.0038,0.0028,0.0019,0.0022,0.0035,0.0064,0.006,0.0028,0.0016,0.0021,0.0031,0.003,0.005,0.0058,0.0029,0.0024,0.0027,0.0028,0.0031,0.0054,0.0057,0.0021,0.0022,0.0023,0.0029,0.0035,0.0054,0.0069,0.0045,0.0021,0.0029,0.0034,0.004,0.0065,0.0047,0.0044,0.002,0.0025,0.004,0.0055,0.0123,0.0,0.0,0.01660411039287208,0.01939244482557955,0.020092969896931587,0.019706993697874414,0.01951484700230758,0.019681209660925725,0.015724050622864208,0.019002037226764093,0.02175815658165424,0.02148809696427964,0.021729876438688678,0.021590683647739688,0.021191409781406143,0.019309017981452882,0.019433948252529306,0.021948788148291362,0.021954639329769356,0.022110715446715085,0.021961972814299423,0.021724579390779597,0.019667290878735533,0.01968770373978872,0.021808005445249214,0.0219416791448823,0.021657001428824915,0.02183249251359253,0.02111264071150678,0.01963655464387322,0.01988214091164922,0.022013527668925344,0.021904544074963783,0.022055700221100753,0.02201100511084867,0.021608208962080384,0.020323686779993536,0.019068447427036932,0.02168720683617803,0.021913786913389348,0.02144109388918864,0.02145339775649862,0.0212927805086053,0.01999070356022,0.016181537916515654,0.01941583747675079,0.020568701643232656,0.019703526936304703,0.01932052347517208,0.019435850171221097,0.015463875149946557,0.010566567853553834,0.006255579040206965,0.0052312012333033805,0.0058952619326362145,0.006069764979142602,0.006012528692563529,0.011902552917021116,0.006848241877955943,0.0027033450416106696,0.00311331221356187,0.0027462760445746757,0.002918516794635189,0.003524639173856863,0.006382226140147057,0.006309761775783881,0.002374892054359689,0.0024441345996394086,0.002129076418383316,0.0023548769173725574,0.0027152547903265866,0.005877408263237556,0.005924545279922008,0.002627671389134644,0.0024247464604259797,0.002817842308660938,0.0025514360076217386,0.0036442154849610706,0.005924067765333545,0.005551252648993795,0.0022766134651881153,0.002442057289184665,0.0022907179273624384,0.0023585678640846634,0.002891912285498803,0.004841896260956606,0.0067864895939491795,0.002771988635495829,0.0025061510898259174,0.003223728283397297,0.0031659877532120655,0.003487939651604181,0.005386447846088521,0.011129933961185667,0.00625913005152774,0.004469948571980871,0.005861462190727854,0.006364760090362134,0.0062287495457902416,0.012258452847465368
paired_deficit,3,46000,39.74084613728337,39.96402612503152,0.6657870411872864,0.7250180244445801,3,0.24960000000000004,0.7504,0.0095,0.0051,0.0056,0.0062,0.0059,0.0094,0.0112,0.0065,0.0029,0.0043,0.0025,0.0024,0.0042,0.0068,0.0057,0.0021,0.0025,0.0016,0.003,0.0037,0.0055,0.0059,0.0027,0.0019,0.0032,0.0031,0.003,0.0051,0.0054,0.0019,0.0029,0.0021,0.0025,0.003,0.0057,0.008,0.0042,0.0031,0.0027,0.0032,0.0047,0.0058,0.0134,0.0083,0.0047,0.0062,0.0081,0.0082,0.014,0.0,0.0,0.01637504460886175,0.019471975990659376,0.019637345544891528,0.01940274773735918,0.019755440546284884,0.0183240970328324,0.015561642670419679,0.019647609698982736,0.021497235643136638,0.021705201199585723,0.02182778653643741,0.021859212851414407,0.021150900275452467,0.019255131000505077,0.01983985987269839,0.021593363896375735,0.022296081049985924,0.021888266261318956,0.02237219921291092,0.021680484081621723,0.020124999949850304,0.019608492131646314,0.02188939240594901,0.022144287971671037,0.022072866001133083,0.0219483784673124,0.021135023165725422,0.019720732465100123,0.020065722630584707,0.02207022791517004,0.022306360022272355,0.02214214366992997,0.022120426323673413,0.021437008186713874,0.020160391192370612,0.01928962075129195,0.021575896207051297,0.022011016370581653,0.021430172540371245,0.021532316968470577,0.020916585355670397,0.020238632829541265,0.015864123253264938,0.019574260028435132,0.020324445829856957,0.019516096493132396,0.019835212277919217,0.019179054050613688,0.014624488832961725,0.011020392134706253,0.006411507538164655,0.006204465395447291,0.006592658724716959,0.006106840220274055,0.008158855109806157,0.012348092624085663,0.006150127677544318,0.003397495645243226,0.0031270617013236216,0.002905566463517965,0.002897860003806793,0.0039910404413481745,0.006851405945107407,0.005903081525112308,0.003254436606786598,0.0022086458333663555,0.002815559925417711,0.0020953660136441574,0.0031247834662010213,0.0054787331791443334,0.006208342836785711,0.0028138839855924207,0.002512670827347185,0.00257989922607415,0.002804225332642847,0.003975606416582942,0.006119430637638703,0.005527887785048986,0.0025447627522789547,0.002232411062875425,0.002437736998880018,0.0025091194731706704,0.0034871267548723466,0.005504188574172448,0.006721952949248513,0.0033585571986611096,0.002671944471643916,0.0035363621328770387,0.0033843497621617773,0.004300687774207506,0.005309623578606673,0.011819812962208971,0.006376474898917293,0.005181915803851765,0.006345846960266562,0.005949060622656121,0.006925561931176269,0.013781836940879
paired_deficit,3,47000,40.58108169271145,40.80986591707915,0.6689324975013733,0.7316799163818359,5,0.25960000000000005,0.7404,0.011,0.0061,0.0053,0.0065,0.0047,0.0074,0.0122,0.0056,0.0032,0.0043,0.0023,0.0024,0.005,0.0076,0.0055,0.0032,0.0027,0.0022,0.0029,0.0031,0.0071,0.0057,0.0037,0.0025,0.0038,0.0029,0.0035,0.0061,0.0053,0.0028,0.003,0.0022,0.0026,0.0032,0.0059,0.0072,0.0062,0.0031,0.0035,0.0042,0.0042,0.0054,0.0138,0.011,0.0051,0.0061,0.0073,0.0061,0.0129,0.0,0.0,0.015674351242622436,0.019581515508455785,0.020202981826398174,0.019420629864822656,0.019750435246729668,0.018759833634178012,0.016123813594602802,0.019411275929732286,0.021165684127599674,0.02153828951778066,0.02165168179510403,0.021992504674251907,0.020888796721750594,0.018780427405102974,0.019905869749674017,0.021463094175271938,0.021947428689788072,0.022187612681484108,0.022436829362688038,0.021483309416339864,0.020049604991818987,0.01988247816534006,0.02210893081055506,0.021617229142775925,0.02200445968587132,0.02196599442793192,0.021418297385536356,0.020016430714343524,0.020194158824028773,0.02192047947276512,0.022142764050962167,0.02194449841780867,0.022023184004774442,0.021610410987297837,0.02050087651279568,0.019243995428865415,0.021437825997274465,0.022039916327124442,0.02141662625853545,0.021463611296430728,0.020959354696105423,0.02040850821113064,0.015711546637130404,0.019075509768602523,0.020276080075895722,0.01983905232163323,0.01966170182635625,0.019423403675638516,0.015276704720293268,0.012076988699479985,0.0063893641229910625,0.005387936455870241,0.006589326875976192,0.006138402742824866,0.007610123871576232,0.011526417100760272,0.00660322386921246,0.00399672739218255,0.003443153464513003,0.003196563353756551,0.002768333199425885,0.004369032126305638,0.007462340532232841,0.00582935116323762,0.003476744994096198,0.0027962393757273614,0.0024003393227817606,0.0020300820460745802,0.0034467115305670606,0.005576743490152294,0.005903166169657004,0.00255629823242689,0.003247749113733445,0.0027115093279806704,0.0027295940525712526,0.003621423875211192,0.005704154988854768,0.005401044650770739,0.0027972149006946613,0.0025450952229321097,0.0027615303344038183,0.00268369090390177,0.003257878739355971,0.004945359037704467,0.006773624860321773,0.003514285526004016,0.002736956957556888,0.003623906642132724,0.003593164215379633,0.00426420526115203,0.005121651660757819,0.012099853090880111,0.007063003837661037,0.0052793355441645064,0.005889558257967174,0.006192107580304686,0.006507080869172718,0.012824015840634518
paired_deficit,3,48000,41.42722280474845,41.66206483403221,0.6624482870101929,0.7314850091934204,5,0.2632,0.7367999999999999,0.0113,0.0057,0.0057,0.0065,0.0051,0.0108,0.0126,0.0075,0.0048,0.0045,0.0045,0.0025,0.0065,0.0083,0.0067,0.0034,0.0028,0.0025,0.0029,0.0043,0.0065,0.006,0.0034,0.0028,0.0035,0.003,0.0041,0.0062,0.0064,0.0021,0.0022,0.0016,0.0018,0.0034,0.0052,0.0061,0.0043,0.0031,0.0031,0.0029,0.0041,0.004,0.0127,0.0084,0.0052,0.0057,0.007,0.0082,0.0113,0.0,0.0,0.01541234125058169,0.019507986585162444,0.020096662799979494,0.019599396292633558,0.020367150892929096,0.018404172179115535,0.015963101145345764,0.019486990807226576,0.021001730576668612,0.021685399629890145,0.021462718456341096,0.02203251391836409,0.020588299331085733,0.019082470806334316,0.01955155691264822,0.021865910405715807,0.022273765030245862,0.022332937139185757,0.022359763340262517,0.021664976075802644,0.020456790382599486,0.019348508559383488,0.02205153174702853,0.022445833963871432,0.021925964041960358,0.02222845303093327,0.021097106934830974,0.019718443674877222,0.020319197535528334,0.022136715724360954,0.022180811039169867,0.022079379986365888,0.022515776846064116,0.02122618695369195,0.020222327227999305,0.01900715362924548,0.021489317416219046,0.021599645515256713,0.021725343155293862,0.021865400748860626,0.020635764409678136,0.01971089463342135,0.01570185955528794,0.019433720207027015,0.019665482267852905,0.020141318073516955,0.020045174009617816,0.018748937125575904,0.015537118028962078,0.012806318383597998,0.0066400006826122975,0.005820837322406316,0.006506735276518129,0.005387432617975158,0.008327366967198213,0.011886182891894696,0.0068268602420376015,0.0045013469953933015,0.003504631914116227,0.0038292768325119916,0.0030376395552360854,0.005065022260986002,0.007299418882611973,0.006654604886553709,0.003241466846528819,0.0026077966875713804,0.0025215301919717156,0.002482420510086035,0.0035344072334412228,0.0052958104967955775,0.006989689789460187,0.002931788630603884,0.002356938907252486,0.0031148526800486424,0.0026738566516210376,0.004323236144250657,0.006411302148196105,0.0055354683946791635,0.002846662161554727,0.002743313491109241,0.002930251428154622,0.0022549697963486996,0.004135051523513441,0.0057548197614236615,0.00737016063063215,0.0037514359435653114,0.003668714581306697,0.0034463986008169654,0.003242209870761726,0.005073948341649046,0.006383245329136026,0.012188919701333751,0.006904522980108592,0.006527576616264648,0.005716672293070506,0.005895902375634008,0.007746612193313468,0.0124290949191937
paired_deficit,3,49000,42.27295024006162,42.513736792025156,0.6735669374465942,0.7346066832542419,6,0.27970000000000006,0.7202999999999999,0.0111,0.0053,0.0059,0.0074,0.0058,0.0103,0.0123,0.0065,0.0043,0.0041,0.0042,0.003,0.0074,0.0086,0.0059,0.0032,0.0028,0.0018,0.0026,0.0047,0.0073,0.0062,0.0033,0.0024,0.0032,0.0027,0.0051,0.006,0.0059,0.0021,0.0032,0.0026,0.0024,0.0043,0.0059,0.0074,0.0038,0.0042,0.0037,0.0035,0.0068,0.0063,0.0122,0.0067,0.0077,0.0072,0.007,0.0106,0.0128,0.0,0.0,0.015993946987561423,0.019761589943695246,0.02058463531504777,0.019521645238032605,0.02008978290975772,0.01812762340719159,0.015563856294301487,0.018886664488111955,0.020562944714898043,0.021706196946460934,0.02143727978769356,0.021944916813176334,0.01993128595038387,0.018908280279065236,0.01973157837700027,0.02195737473642636,0.02232426512705209,0.02205535533088042,0.022532730843417795,0.021114223434102814,0.020082640294990094,0.019906842786245153,0.022014933527066308,0.022107584111730555,0.02232290760852417,0.022392634985963503,0.02130221406495103,0.020020051211346812,0.020578991395240356,0.022028813723100747,0.02207968072412348,0.02233285785951444,0.02237089128632204,0.021413684002985746,0.020450025802162708,0.018445390197606132,0.021292159656082128,0.021356240293668276,0.021468158855595727,0.021909283215674008,0.020989091136744735,0.019487382785791683,0.01662219369489508,0.020014204005514707,0.019351616295859006,0.020102435391710707,0.02049222318146613,0.018712541700830705,0.015616149280036212,0.011924873675584865,0.006500144142162401,0.0051503233087531524,0.006809046666058066,0.00586795251651603,0.008791578426035923,0.01258764870111944,0.007847075870855171,0.005181778765036574,0.003562910163885841,0.003991953202602147,0.003255783887198326,0.006214990465200048,0.007581353901999113,0.006426479067436691,0.003237717551667344,0.002666594870599345,0.003017502232164926,0.002325217811183284,0.004382320772531573,0.006073623153451921,0.006250437657794377,0.00307612146233814,0.0029417606610960007,0.0026295010281936126,0.0026065081956919327,0.004148761444204039,0.00596907661524048,0.005158508055673189,0.0032122425633425915,0.0030603508295549233,0.0026150712898335344,0.0025989781562412357,0.003948046535392686,0.00534553246012109,0.008408881719157726,0.004124279731109353,0.0040704132351253195,0.003986235237157916,0.003229334316219127,0.004563786176071432,0.0068196711761540465,0.01109192260109507,0.006016618665191254,0.006977495662191888,0.005927729034214862,0.005284338311006189,0.007982399213591937,0.012511814020872973
paired_deficit,3,50000,43.126828833599575,43.3738724590512,0.6587164998054504,0.7274963855743408,6,0.2792,0.7207999999999999,0.0115,0.0042,0.0059,0.0074,0.0046,0.0111,0.0125,0.0072,0.0045,0.0045,0.005,0.003,0.0084,0.0085,0.0059,0.0029,0.0024,0.0019,0.003,0.005,0.0069,0.0066,0.0036,0.0027,0.0034,0.003,0.0053,0.0065,0.0062,0.0023,0.0027,0.0021,0.002,0.0043,0.0058,0.0082,0.0041,0.0044,0.0047,0.0043,0.007,0.0055,0.0118,0.0052,0.0061,0.0054,0.0052,0.0101,0.0144,0.0,0.0,0.014762311393304611,0.01933878471031648,0.020374638979411844,0.01992243508691096,0.020525181150451377,0.017627269567080557,0.016628798202340454,0.018824233278535024,0.02047416418057154,0.021950131922889922,0.02138548883054659,0.02174268148775676,0.01952555446476848,0.01875221265196663,0.019814755930676088,0.021806734728533887,0.022372199190525834,0.02222453675302611,0.022852913460077146,0.02105579485986555,0.020596359000553552,0.019943395714650557,0.02176034692255037,0.022418100006840372,0.022218734829585387,0.022507186216503543,0.020768448458250075,0.01965255259404159,0.02079649247947656,0.02171525766330952,0.022318645608280806,0.022367208343681,0.02259694734891128,0.02152748411825274,0.01997096606540675,0.01912122453646768,0.021272629598524953,0.021702480097334758,0.02134381542858293,0.0218657297360195,0.020495124495889874,0.019782699779001347,0.01575679650521474,0.01940394965884873,0.020234029695986113,0.020302997354834346,0.020947915561321036,0.01899987354475694,0.01565178780736704,0.013909015696150634,0.00704078541730719,0.005548097974255609,0.006238795643577841,0.005409288589695234,0.00958523916558954,0.010984994569671492,0.007860389681272732,0.00544374259929912,0.0033168425313658966,0.004091442415055043,0.0035767204024369074,0.00677164633516989,0.007964172894922305,0.006393963536577456,0.0035234808566305237,0.0027086348622760875,0.002882356991197609,0.001976853149484098,0.004644663251185729,0.005267657334378225,0.006403903445138261,0.00362938914524013,0.002603428335859741,0.002890717682970473,0.002514115763727825,0.00509779786373498,0.00662770190213619,0.004940198348660696,0.00365530120111477,0.0027858066828038873,0.002676764275885696,0.0023457056139506594,0.003964949266291146,0.006168861499016236,0.007393356631130265,0.00429313740448646,0.0037518389381689353,0.004190557149887956,0.003399405329698258,0.005530725851065043,0.0064401571146753,0.012358754564908652,0.007025006377614291,0.005789781362162324,0.005690397538191288,0.004800119553396308,0.007646350922045738,0.012392886772096181
paired_deficit,3,51000,43.99321762227919,44.248396791983396,0.6586501598358154,0.7456278800964355,5,0.2903,0.7096999999999999,0.0118,0.0062,0.0059,0.0065,0.0033,0.0094,0.0108,0.0084,0.007,0.0047,0.0051,0.0025,0.0078,0.0086,0.0064,0.0029,0.0017,0.0026,0.0032,0.005,0.0061,0.0075,0.0042,0.0024,0.0032,0.0031,0.0053,0.0056,0.0066,0.0044,0.0021,0.0024,0.0019,0.0046,0.0057,0.0081,0.0072,0.0035,0.0041,0.004,0.0074,0.0054,0.0131,0.0089,0.0062,0.0067,0.0054,0.0111,0.0143,0.0,0.0,0.01519812187585316,0.01995616066484468,0.020393384093367353,0.019792442386947225,0.02045258671104008,0.01751800431869232,0.016168744855461256,0.01850339233532371,0.020395349422756837,0.022027344930513046,0.021757277037916606,0.02196316856216351,0.019103071630153352,0.019181454296683515,0.020011193197172514,0.022083378731700347,0.022798144486403105,0.022410574381093964,0.022986233825816917,0.021140325963527745,0.020322441720450016,0.01934386548338412,0.021806221275038222,0.022753145113276287,0.022224574146188555,0.02278140165172464,0.020613635731319233,0.019941063961785424,0.020406866654467525,0.021800131458568642,0.022776229388158774,0.022572988030831853,0.022909519319292908,0.021285657337093977,0.02057261601768673,0.01894379314124283,0.020844626640820676,0.021675761588815706,0.021308241219613624,0.02182580848920176,0.020269196147494943,0.020139166715492797,0.01618324346434132,0.01884566089223997,0.019677051317017483,0.019689532209715394,0.021083966703145524,0.017590099837168638,0.015973140636991113,0.013352181941469926,0.006405468129474666,0.005785071583781796,0.0067159005664698904,0.005662003751258241,0.009865080941448306,0.011779607601330996,0.008505930807347517,0.005821345387008377,0.003427506476115483,0.003810718300412076,0.00355763179352601,0.007694080618855678,0.007700047327870574,0.006444567423926578,0.003426122523870853,0.0023337833343534354,0.0028837244831158757,0.0020668946709342145,0.004686138715794751,0.005846672498022616,0.007274282083031648,0.003819394058534939,0.0023976350262459546,0.003186711319520454,0.0023966030168875974,0.005472546347359209,0.006465952039715558,0.005922190554225802,0.0037889726807968393,0.0023648796808947016,0.002692330743359429,0.0022148109325289267,0.004597108807807396,0.005647938616323449,0.0079591507339031,0.0051447826618097724,0.004043571841487868,0.004447875992324498,0.0037916008543878816,0.005922225104264195,0.006223917379603233,0.011993409854584709,0.00802027012093917,0.006840571792793994,0.00686192457686429,0.004883296977144569,0.009762781275637226,0.012135284474230092
paired_deficit,3,52000,44.84746169298887,45.10882970900275,0.6634613275527954,0.72951340675354,7,0.29369999999999996,0.7062999999999999,0.0111,0.0063,0.006,0.0072,0.0045,0.0131,0.0122,0.0079,0.006,0.0046,0.0054,0.0027,0.0076,0.0076,0.0064,0.0023,0.0017,0.0021,0.003,0.0052,0.0066,0.0067,0.0045,0.0026,0.0034,0.0029,0.005,0.0056,0.0057,0.0037,0.0025,0.0028,0.0012,0.0048,0.0063,0.0092,0.0077,0.004,0.0043,0.0046,0.009,0.0103,0.013,0.0078,0.0037,0.0034,0.0049,0.0119,0.0127,0.0,0.0,0.016180585508003296,0.01968571301690111,0.020341465136033705,0.019871250458687664,0.02069575193206207,0.017268739816069786,0.0167542173384118,0.01868260114040248,0.019844662976096425,0.021816030239441085,0.021356654232120537,0.02183458289834317,0.01838629102291954,0.018515371164799163,0.02054313245454919,0.021599455814686298,0.022617815084841023,0.02229918326465699,0.023242335284551243,0.021415256349634686,0.019906780202978286,0.01966990382098472,0.021479299726182427,0.022468775352630765,0.022368955513294292,0.022520700913306428,0.02047543628191026,0.020185002211175897,0.020646635099421322,0.02162584611891387,0.022530783009312914,0.022214653643427455,0.02269775809332178,0.02088641818829693,0.021053158204914615,0.01906157826386656,0.020814899104943614,0.02173187314605196,0.020771990667786008,0.022191439605225946,0.020335584529403476,0.020396823149057552,0.01587469536088677,0.019360259964253577,0.021018828375700085,0.020157350972092522,0.021284035847402002,0.017362374613318174,0.015957064886728493,0.011899520839090594,0.006820198070943141,0.005891863592596736,0.006596599118224568,0.0053903072294833885,0.010241856179404835,0.011048379825719452,0.008240282449510191,0.006556113457941121,0.003765290299844415,0.004454681748357566,0.0037780881909757645,0.00869882494860824,0.008594213907533444,0.005567304912757878,0.004110952656347893,0.0026692828633797456,0.0031203632273538286,0.0017461002562550161,0.00437171996355319,0.006468175406761091,0.006803516316984087,0.004320117602816438,0.002841212776545431,0.002982525622932602,0.002806765352785754,0.005780328460067862,0.006113364863413148,0.005498903396058332,0.0041126549578922415,0.0027534298415918274,0.0032400300336658592,0.002517046728236038,0.005198510022058154,0.004884334688662354,0.007703772509318737,0.005260695583634281,0.0039234922263305765,0.0053605026553453965,0.003233831159135519,0.0059392511436780135,0.005891619418264882,0.01241068808458169,0.007241872610200345,0.005011059705598247,0.006152510140814698,0.004557486067747659,0.01022648686697145,0.012176891779862822
paired_deficit,3,53000,45.693866710877046,45.96142150007654,0.6634726524353027,0.7452934384346008,7,0.3006,0.6993999999999999,0.0115,0.0075,0.0063,0.0077,0.0034,0.0126,0.0116,0.007,0.0074,0.0052,0.0063,0.0028,0.0094,0.0087,0.0052,0.0027,0.0018,0.002,0.0029,0.0048,0.0063,0.0061,0.0048,0.002,0.0029,0.0025,0.0049,0.0066,0.0039,0.0046,0.0022,0.0027,0.0021,0.0051,0.0058,0.0057,0.008,0.0047,0.0046,0.0044,0.0083,0.0084,0.0116,0.0103,0.0061,0.008,0.0063,0.0121,0.0128,0.0,0.0,0.015194354906381888,0.019489421099034288,0.020349711293856543,0.019728556488740556,0.020956697166635438,0.016484629022958434,0.016418870776005005,0.01836482233177148,0.019533991533911128,0.021966882278153126,0.02146438323325337,0.022359772799010046,0.017792880221823862,0.018822963561268825,0.02056918802968286,0.021542693542673907,0.02313614508009797,0.02296299396005562,0.023230396857393185,0.020891771571116075,0.02087590668688443,0.020250675669070822,0.021989944748336966,0.02317930421128066,0.022536856762821116,0.023060130135588237,0.02051814855107631,0.020169286766507366,0.020114912096420988,0.021651481387943698,0.023135991440448547,0.022465123190698842,0.0231561994136033,0.02117147067971055,0.02117796088754173,0.019213888419345078,0.020856927646620047,0.02159758350701348,0.021142449913261863,0.022078468125060022,0.019060033485460127,0.01906984601431245,0.015523486470524258,0.018862411050060517,0.020798728724216536,0.02029440961588828,0.02126343903938253,0.017360478524211236,0.016163331082886416,0.013407156831644812,0.007417203795729777,0.006147131442912208,0.007046814963707274,0.0053842667296609146,0.0116975841141552,0.011632443333874084,0.009014417872591302,0.007277325666163592,0.003906512306036016,0.004680858662464895,0.003401218007480065,0.009728728829690413,0.0083015300576684,0.005843042525186874,0.004572358337139891,0.002286477915414883,0.0026435693692365586,0.0021558904030597116,0.005435159796021173,0.0054180783750529616,0.006362472060977419,0.003952683843761878,0.002265742672196684,0.003155865028727749,0.002391797971865917,0.0059137586297995,0.006514300331810462,0.0064724499034868105,0.004382568344290983,0.002286690785879429,0.0032161906676533127,0.0022977547799652802,0.00504763171063657,0.005116764412351441,0.007720834219826108,0.00548343667260861,0.004457244816118636,0.005087840498268271,0.0038300331321966716,0.008090252964821484,0.00807665753172186,0.012951139200653147,0.00820781236094112,0.005720322313829685,0.006301877900482416,0.004881145413976137,0.010484079065779566,0.012064623119789022
paired_deficit,3,54000,46.53417105367407,46.80828191700857,0.6513150930404663,0.7510449886322021,5,0.28490000000000004,0.7151,0.0105,0.0051,0.0058,0.0075,0.0051,0.0098,0.0072,0.0085,0.0057,0.0051,0.006,0.003,0.0097,0.0051,0.0063,0.0024,0.0021,0.0024,0.0024,0.0054,0.0027,0.0073,0.0044,0.0023,0.0032,0.0036,0.0057,0.0022,0.0067,0.0036,0.0017,0.0029,0.0018,0.0045,0.0031,0.0101,0.0078,0.0051,0.0056,0.004,0.0099,0.0037,0.0139,0.0087,0.0065,0.0068,0.0052,0.014,0.0128,0.0,0.0,0.016257821584710588,0.019205033708976457,0.020553456253525393,0.01841258445095229,0.020721623059471672,0.016737075937672465,0.01628775911103475,0.018513374749770183,0.01947555463709394,0.02176798408169626,0.02066828568990296,0.022258901562615604,0.017952627649346055,0.01866549779213348,0.020568467770888436,0.021630824007246474,0.02330157754933026,0.022783455540455563,0.023426575250494148,0.021507582566591195,0.02077548301455018,0.019790806944923085,0.021127135994266077,0.023366087796005682,0.022387810680602877,0.02350515740758396,0.021232926326849384,0.020351076258207878,0.020451331707403514,0.021800276484799014,0.023208060228726686,0.022521800986899633,0.02333703393370022,0.02107210826603212,0.020967828542087376,0.018976289659267134,0.020023072812747032,0.021906495233895155,0.021141108667094073,0.022270485006757008,0.019062269589202346,0.019819557543697797,0.0156935408456587,0.019017057061181723,0.021261524577170093,0.020092167095770386,0.021301194651341074,0.016870060693941286,0.015974189035730276,0.012059165021519061,0.007978749725456199,0.006168793223458014,0.0090263300898383,0.00578194516578164,0.011323864413621404,0.011861863308708438,0.008888121797130093,0.007607798988575182,0.0043861893138749655,0.005894146319720526,0.003713020688578363,0.009657044007894848,0.008640461185871428,0.006070083740526237,0.004574269515439657,0.0022832554268239196,0.0029546656518874546,0.0020727903308109374,0.004782326346279387,0.005747152418559977,0.0070973855268045664,0.005304012181567409,0.0021947960099974622,0.0035362545779457186,0.0019650348633097102,0.005119885112627212,0.006290055979736919,0.006230706097426491,0.004302845985733556,0.0023724281773475618,0.0033525209082382506,0.0021955735020692405,0.005379468733041353,0.005444336885949114,0.008253351585501473,0.0067788918878052724,0.004157193952369681,0.0052848522100346655,0.0037752619372923746,0.008096389451678704,0.007018898883632113,0.012793870220069028,0.008236511949255752,0.005158794876660818,0.006645084129535836,0.005026272446679134,0.011063384600353728,0.012291845015881632
paired_deficit,3,55000,47.38367025135085,47.664375417050906,0.6571203470230103,0.750800371170044,9,0.31089999999999995,0.6890999999999999,0.0119,0.009,0.0055,0.0087,0.0035,0.0129,0.0121,0.0106,0.0102,0.0063,0.0079,0.0036,0.0104,0.0109,0.0057,0.0038,0.0022,0.0036,0.0028,0.0052,0.0054,0.006,0.0036,0.0023,0.0036,0.0027,0.0051,0.0067,0.0059,0.0041,0.0012,0.0029,0.0018,0.0037,0.0059,0.0061,0.0071,0.004,0.0066,0.0046,0.0054,0.0056,0.0121,0.0099,0.0058,0.0078,0.0068,0.0092,0.0122,0.0,0.0,0.016111472453627245,0.018942437355270295,0.02075541207467574,0.018744867710801187,0.021475141477601153,0.016571618337949165,0.015886225999838636,0.017930619847780865,0.018413568211030795,0.021915737298897203,0.020366968147717223,0.021874345458489115,0.017406858936079878,0.01787137550442255,0.021318410648348003,0.021813226596476873,0.023387596830681878,0.022675127578350544,0.023212220189284434,0.021410972379370223,0.021262461201348067,0.019990991487887196,0.02116080276464858,0.023503565237027898,0.022698463806628558,0.023595245396608656,0.021069518375963634,0.020514003190290578,0.021065694753053896,0.02183354175545462,0.02318390107693075,0.02318427565253059,0.023472972384538604,0.02093461467474143,0.02089336567613807,0.01927851850650649,0.019826125037903545,0.02211896379472418,0.02067230369254533,0.022335598891867134,0.01841998316412396,0.0192951707089074,0.01587325705702005,0.01854867958828889,0.021528902347497353,0.02118901467607027,0.021776169580011915,0.016557657956218722,0.01613203452783063,0.012360884748694597,0.00848829336134908,0.005916080384051862,0.008755830743707772,0.005019589465788385,0.011854969313395948,0.012626837965021426,0.009936563092366919,0.009087269859317097,0.0043448350947912955,0.006481151176929369,0.004439948030391081,0.010489559817362642,0.009938663354624361,0.005192762787267782,0.004522711657361384,0.0023517280697142214,0.0033555752120714728,0.0025892129712658243,0.005184608546177867,0.005268526291499431,0.006951214517941942,0.005406186265137285,0.0022337528630690844,0.00328491214183002,0.0021877298950228182,0.005490735803133342,0.006438294828832333,0.005534976032066078,0.004534264544385607,0.0026275610748430944,0.0027442413462364615,0.0022361174339931866,0.005751539590618484,0.005768334098110269,0.00795506670996211,0.007252592126336915,0.004069637531594886,0.006145808446985923,0.003815345316236742,0.009078583100968613,0.00789345476086624,0.012644399757081978,0.008982434848959027,0.004985852106052827,0.00544610832686012,0.004572892125164012,0.011678561154672296,0.012372103277405278
paired_deficit,3,56000,48.231985353981145,48.519108750042506,0.6491499543190002,0.7379487752914429,9,0.3147,0.6853,0.0105,0.0082,0.0062,0.0079,0.0043,0.0131,0.0123,0.009,0.0095,0.0057,0.0072,0.0027,0.0121,0.0103,0.0051,0.0034,0.0022,0.0034,0.0021,0.005,0.0046,0.0066,0.0063,0.0028,0.0041,0.0026,0.0055,0.0044,0.0057,0.0048,0.0017,0.0027,0.0016,0.0055,0.0041,0.0104,0.0095,0.0048,0.0065,0.0048,0.0099,0.0051,0.0114,0.0083,0.0051,0.0052,0.0045,0.0128,0.0132,0.0,0.0,0.01656344695282102,0.018697078204634395,0.02138957113147215,0.01946374545523609,0.021485062270030067,0.016387140530857085,0.015828511284440835,0.018299123400616985,0.017803568714627314,0.02208486673967422,0.020232962276675495,0.0223279471996085,0.01752471121118221,0.017473876481288664,0.021243732197748534,0.02175300464031654,0.024147571271652325,0.022991491274440022,0.024183613670418755,0.021206957904314004,0.021201578092917894,0.019911288523412358,0.021432249970803938,0.023612749925502066,0.022426181340340468,0.023416325889906938,0.020725132785486516,0.020235621920770754,0.020810711847707896,0.021463115213361444,0.023801079978620764,0.022609793229718102,0.023605139124484018,0.021340160896609714,0.020938185864673928,0.018546297640744495,0.01952722528700876,0.022255011012386656,0.020806289838683587,0.02232129289632686,0.018526438858864,0.01882904815590162,0.016289355384375898,0.018011622033981618,0.021968336574695598,0.020299487100496935,0.02157707093454945,0.016901297605736436,0.015523929259876047,0.012062776835774058,0.009161420862765147,0.005481513975713046,0.008029775627366544,0.005277034649118196,0.01221794132795126,0.012918059691359863,0.009531746543358859,0.01026559184981607,0.004561495535410945,0.00697288178776581,0.004200787820083107,0.010556452418485934,0.010779967173732665,0.005596363743217579,0.0049615545363160705,0.0017539901338551277,0.0033227831590486707,0.0017453611611826878,0.00564502366237964,0.005769329754286995,0.007476647020887006,0.005385978633467612,0.0024616682709251787,0.00410986644002619,0.0027215774846959515,0.00628257694057208,0.00704748753410821,0.006208400820309508,0.005345137598399476,0.0022124690530841273,0.003827847818783096,0.002510801418861786,0.0054687688323910464,0.006117851597598117,0.009165621918699386,0.007945778813451449,0.004336359828294935,0.006214252043584264,0.0042486553256868426,0.009348149152895127,0.008830547598502665,0.01215201859669001,0.010029357212722124,0.0046375638013644105,0.006845793325956789,0.005233413348657173,0.011420418752451526,0.013282021568155167
paired_deficit,3,57000,49.08841952774674,49.38190666702576,0.662390947341919,0.7527865171432495,12,0.34109999999999996,0.6589,0.0113,0.0109,0.0062,0.0094,0.0041,0.012,0.0121,0.0109,0.0116,0.0059,0.0088,0.0038,0.0103,0.0105,0.006,0.0038,0.0021,0.0037,0.0026,0.0054,0.0056,0.0067,0.0063,0.0026,0.0048,0.0027,0.0064,0.007,0.0071,0.0056,0.0018,0.0031,0.0014,0.0051,0.0062,0.0057,0.0077,0.0045,0.0065,0.0046,0.0106,0.0086,0.0117,0.0095,0.0055,0.0097,0.0057,0.0136,0.0134,0.0,0.0,0.0151692157988203,0.018540377262024853,0.021415929613159964,0.018869212206361504,0.021645384894744945,0.016533893512021763,0.015453871522872756,0.01781647150300472,0.01858338968171415,0.022034537519504276,0.020328527883068045,0.02248701304291586,0.0173987570222508,0.01771727615860663,0.02134489778164802,0.021942805606604582,0.023944319097184454,0.023144011850428033,0.0237544509480056,0.02228163050939628,0.021363687473376282,0.020203709283449084,0.021451396508786073,0.02384964291085777,0.022401462993331234,0.023577133924172294,0.020355527610606026,0.020145675367819273,0.02055936946295288,0.021850933437751154,0.024198978234823268,0.022732650009489687,0.023910607585167262,0.021608429478708523,0.020579992353536712,0.018774473610803456,0.018930987979892195,0.022816247448198247,0.020403638944421206,0.02234871596841841,0.018811187822594562,0.019395194774371044,0.01523146033342884,0.017558954972003934,0.02177752204896908,0.02031621324237548,0.02179509206617624,0.017095971108880427,0.015549169630301708,0.013814241820030545,0.009396186037005073,0.0055495228542481794,0.008926170839145748,0.00536599908757731,0.01210389648759964,0.013480250438883661,0.010227708962154554,0.009378878863934131,0.00469974740920526,0.007052735781522283,0.004106758279285106,0.01085326721253173,0.010513958836011264,0.005642613202312352,0.00493715362690774,0.002196894420501216,0.0033238573650262305,0.002445725004158454,0.004375921147884719,0.005617988482580772,0.007333503561462799,0.005503041923258319,0.002360034238387316,0.004297000392461337,0.002756231784481405,0.006978288947757414,0.007214247067488739,0.006633020209786598,0.0049794311562236,0.0018631523888525874,0.00382390270074112,0.002280137343850178,0.005297243290216264,0.006684118002101328,0.009089392447082116,0.008767085963305596,0.003675282070238115,0.0068761744228362535,0.004327065195023696,0.009080339353244996,0.00815872248524262,0.013654542612123104,0.010682383233829737,0.005036577519040953,0.0069907496612886455,0.005052613736563168,0.011289144006413999,0.013355358065963132
paired_deficit,3,58000,49.935677357483655,50.235623875050806,0.6501970291137695,0.7487168312072754,11,0.3295,0.6704999999999999,0.0112,0.0076,0.0058,0.0088,0.0042,0.0136,0.0116,0.0108,0.0104,0.0048,0.0076,0.0034,0.0118,0.0098,0.0056,0.0039,0.002,0.0028,0.0029,0.0055,0.0054,0.0072,0.005,0.0017,0.0047,0.0035,0.007,0.0072,0.007,0.0047,0.0014,0.0025,0.0017,0.0055,0.0069,0.0059,0.0051,0.0035,0.0059,0.0044,0.0118,0.0102,0.0116,0.0071,0.006,0.0084,0.0054,0.0143,0.0144,0.0,0.0,0.01585200049604819,0.018440661783755634,0.021162158005061528,0.019233455303292832,0.02162774651162583,0.016492501971927052,0.01617747787883096,0.01723659287528751,0.018394254590376115,0.021953175809553645,0.020116365761606823,0.022795026849465404,0.01739848968218182,0.017577187413429163,0.021198320758393688,0.021614261460578356,0.024190302018836086,0.02342670548331345,0.0245099739312803,0.022059190820625157,0.02115985192028993,0.020775135358737915,0.021441359693225234,0.023827411160479307,0.022304237271693658,0.023999442466682952,0.020724128045463856,0.020194928250176426,0.020984506340973687,0.021389278038941847,0.024011117285686785,0.023162811399461664,0.02435586661518144,0.021364997711409508,0.021440849850006792,0.018202563579380167,0.017647422896192935,0.022821176109446454,0.020095047435928725,0.022771571136648863,0.018093964980868557,0.018213624820319668,0.016106874641365135,0.017982291297401712,0.02141012568224536,0.01967098090932586,0.02225773585067914,0.01613057787193703,0.01600427197437979,0.012923095291551723,0.009685219180086191,0.006040805857147136,0.008540522711865568,0.005476437130470951,0.01213202864139386,0.012657506664569128,0.01124576624728325,0.009706303245632337,0.004976535824406072,0.00739621667038456,0.003885445304493463,0.011075000567674399,0.010843397360871563,0.006032999213481541,0.005415789582728981,0.0020770832097820498,0.003144876098098954,0.001662768828004037,0.004878196375528415,0.006121919684282956,0.006659598415970191,0.005757068365261459,0.0025474119930755075,0.004521538663283867,0.0023244488815176044,0.006725707018705146,0.0073725198724237,0.006271053296828698,0.005746444379759142,0.002348380100883787,0.0034087739970454084,0.0018625013503541497,0.005816975671665231,0.005679604153305796,0.009876621538963737,0.010635180372551312,0.003890616761642172,0.007423846526433941,0.003954907845211592,0.010095496975435533,0.009940410493089372,0.012709950285512061,0.010240232910390449,0.005758487056901449,0.00805158772342427,0.004581807353617403,0.012640166946619933,0.012921054627412255
paired_deficit,3,59000,50.78381759778131,51.090786042041145,0.6409893035888672,0.7565599679946899,15,0.3459,0.6540999999999999,0.0126,0.0102,0.0047,0.0079,0.0045,0.012,0.0113,0.0122,0.0102,0.005,0.0088,0.0035,0.0093,0.0104,0.0064,0.0044,0.0019,0.0038,0.0023,0.0035,0.0056,0.0076,0.0062,0.0023,0.0047,0.003,0.0058,0.007,0.0075,0.0065,0.0022,0.0024,0.0014,0.0053,0.0069,0.0106,0.0115,0.0045,0.0068,0.0055,0.0118,0.0115,0.0136,0.0108,0.0035,0.005,0.0047,0.0132,0.0136,0.0,0.0,0.01565546431682962,0.018767400369378247,0.02151657581440896,0.01873817471719781,0.021560470613844182,0.016049979263058973,0.016358360631356525,0.01747013242101217,0.01765528213784262,0.022348698657403382,0.0194183770155145,0.022315646639981604,0.016851479017332194,0.017428107464926193,0.021454650971196136,0.022083522811152057,0.024331267702421017,0.023600478776121144,0.024467083709140976,0.021866347854300798,0.021678028026988753,0.020844200338233282,0.021011690199841247,0.024150820427300185,0.02246042807457113,0.023934568105886383,0.020736833299803845,0.02060515342147824,0.02107891927084079,0.021397890715331117,0.02442742269491303,0.02315949318584784,0.02444013255703801,0.021774114703123282,0.020446198147109212,0.01912388347647083,0.0172036758921218,0.02282862190482258,0.020789108383795427,0.022272811244978978,0.018606537985186238,0.017467714651388876,0.015848861975320056,0.01751426990905584,0.022108440335709127,0.019464061242378643,0.02134603824169875,0.016785626822376082,0.01655695386197118,0.013388751535485513,0.009291819316667772,0.005775996281196372,0.009329194967373652,0.005797985777996421,0.012923282853855009,0.012489842352141622,0.01110709931574927,0.010714067905301224,0.004711823870872429,0.008498370856999216,0.0047540929244646035,0.011898273226298488,0.011043656042564194,0.005894252268330535,0.00501188536180805,0.002176386588946734,0.0031109666448673927,0.0020026963117856754,0.005367747716623046,0.005530458269005288,0.006635873446146858,0.006460739098610774,0.0023680917133646773,0.004529874579369828,0.0027227741424203926,0.006851306346100238,0.007019707075257798,0.006335699722562075,0.00588871594775811,0.0020143548771454026,0.003713989986070273,0.001998100684959368,0.005446638924572155,0.007301114341672066,0.008874988206117021,0.011369736126319724,0.004059004540043537,0.006706328594010144,0.004847936092885006,0.009497540518239467,0.010953941315625597,0.01318048462478677,0.011128778446689774,0.005019081722823347,0.008557134418484495,0.006033153238438714,0.011826239264376943,0.012157743508403943
paired_deficit,3,60000,51.6231801493559,51.93735020898748,0.6551513671875,0.7696255445480347,12,0.3395999999999999,0.6604,0.0117,0.0077,0.0055,0.0085,0.0052,0.0134,0.0118,0.0121,0.0112,0.0069,0.0081,0.0035,0.0133,0.0101,0.006,0.0036,0.002,0.0028,0.0031,0.0058,0.004,0.0079,0.0056,0.0019,0.0048,0.0033,0.006,0.0043,0.0071,0.006,0.0019,0.0028,0.0016,0.0055,0.0043,0.0096,0.0108,0.0043,0.0068,0.0041,0.008,0.0056,0.0136,0.0117,0.0058,0.0089,0.006,0.0122,0.0129,0.0,0.0,0.01688613838764328,0.018479100161297612,0.02197721543612332,0.01841201915277418,0.0217496151639847,0.016202618422098716,0.01616060020819816,0.016146922414246104,0.0176317318986877,0.022330108907439635,0.018752761131787782,0.02229229882708235,0.017522605121496025,0.01614881621469382,0.02162489653290177,0.022373330430814742,0.0245429025339704,0.023150905197706517,0.02442576471937518,0.02199589493336171,0.021561694823280277,0.020522986778717986,0.02072150117082676,0.02382504127760618,0.022398542733005802,0.023909781134636942,0.02089430511591829,0.020926618973960094,0.021540899979507595,0.022378464452341307,0.024312615079796755,0.02334510837853584,0.024669367706110102,0.02192964378723543,0.02168693128965405,0.019078461244937953,0.017353742114375084,0.022660996184271844,0.02031481745778,0.0220893542471643,0.018326965881695245,0.017231165819918612,0.01578294513481404,0.017573802898665215,0.021844593021586985,0.019682938390146534,0.02167189195407928,0.01690856872697918,0.01605000844676853,0.011805769806111782,0.009688289188566927,0.005209901097577312,0.009852293230880044,0.0055012815319463206,0.012641769284679923,0.012812749714287218,0.012595885420691523,0.010812176983852229,0.004719054195072244,0.009455128019375949,0.004884647250718167,0.010951884232181144,0.01278877342272463,0.0057000124214319,0.00462465825396169,0.0018861719581176974,0.003629184605347963,0.0020361351676388413,0.005146924566333086,0.005663737573377935,0.0070325840774269855,0.006817502725762673,0.0027661361478955398,0.004592380737353975,0.0026576497382881175,0.006674399130083387,0.006633029996804739,0.005846609732280407,0.004618085531493414,0.0021809926004497234,0.003380560090736536,0.0016852050963857672,0.005270803694864899,0.00554246873621413,0.00907721983848883,0.011207130025379453,0.004256380257596339,0.007416275947510827,0.005027275256621173,0.009883055882193535,0.011207805733712165,0.013179047134100074,0.010886339360858671,0.0053796881386539925,0.008147100758799227,0.005600785027482579,0.01181611633860732,0.012798082477700498
paired_deficit,3,61000,52.49719682172872,52.81862762500532,0.651795506477356,0.7736836671829224,13,0.35340000000000005,0.6466,0.0113,0.0106,0.0049,0.0098,0.0052,0.0147,0.0138,0.0117,0.0129,0.0054,0.0097,0.0036,0.0134,0.0126,0.0045,0.0044,0.0023,0.0038,0.0027,0.005,0.0056,0.0058,0.0059,0.0023,0.0058,0.0035,0.0066,0.0074,0.0056,0.0053,0.0014,0.003,0.0019,0.0052,0.0062,0.003,0.0089,0.0048,0.0071,0.0046,0.0099,0.0104,0.0123,0.0121,0.0053,0.0083,0.0065,0.013,0.0134,0.0,0.0,0.01608529084592204,0.018655878176478582,0.022076867508738326,0.01809638761028181,0.02189436020546437,0.01604105905885253,0.015855676374581257,0.01677604237740018,0.017184986343721516,0.022740529426134873,0.019247468655139953,0.02205306709396806,0.016637527825659047,0.016769439857840667,0.021878042901227125,0.022438250695062806,0.02433495024677432,0.023402304123301715,0.024746108348303694,0.022101751181240865,0.021990141143957434,0.020227555436940006,0.020868908180403344,0.023828927268258603,0.02214422747999452,0.023801822132985612,0.02110338642324964,0.020174415627808837,0.021397346919314247,0.021736105152913715,0.024432679909053005,0.023238271587725325,0.024375635039665444,0.021779194227543104,0.021165113101645934,0.020441513378475527,0.018001962129273626,0.02256048967312483,0.020139747721900157,0.0221444939822045,0.0179624880603313,0.01743719510251012,0.01581684221530103,0.017680515483279015,0.021327493735514878,0.02031328266464398,0.02182679274279091,0.016824147839948622,0.01624331678314904,0.012871234651127578,0.009541727842165114,0.005084613361609994,0.010218833405228656,0.00524010427897774,0.012888790430657727,0.013126086939198646,0.01194798532789008,0.01146358483144901,0.004196039719461868,0.008706345735741017,0.005076016249189262,0.012125288939818492,0.011956436790577675,0.005339116015727288,0.004582967375470011,0.002116061179379904,0.0033098817871364725,0.0016288265101768525,0.005013698865142576,0.005195626230162686,0.007451799377743872,0.006591782281227787,0.002841913805696644,0.0049593276738438665,0.0027984843544696806,0.00633070419056283,0.00759794524614874,0.005876299174771198,0.005442676442482924,0.0019909636939767932,0.0035589118368696106,0.002063983180068778,0.005504708376006983,0.006329816820422394,0.00725605051136546,0.010300638919674658,0.004387434583674678,0.007525133913550208,0.004919924041422592,0.010429292148752463,0.011101686042184807,0.013175796060876021,0.010712102196714554,0.0059657137643334135,0.007420190440612624,0.00540471806322643,0.011886408604317627,0.012590830763483458
paired_deficit,3,62000,53.36015238869004,53.689549959031865,0.6263942122459412,0.7548686861991882,16,0.3728,0.6272,0.0111,0.0107,0.0049,0.0105,0.0052,0.0134,0.0133,0.0125,0.0115,0.0053,0.0099,0.0034,0.0118,0.0122,0.006,0.0036,0.002,0.004,0.0025,0.0039,0.0066,0.0082,0.0068,0.0024,0.0055,0.0045,0.0064,0.0073,0.0065,0.0057,0.0026,0.0031,0.0019,0.0054,0.0064,0.0118,0.0113,0.0057,0.0076,0.0052,0.0129,0.0117,0.013,0.0076,0.0069,0.0071,0.0055,0.0146,0.0149,0.0,0.0,0.015288912705586428,0.017776553384801476,0.02232446701559105,0.01887612992799279,0.022288562692491104,0.01696437974695507,0.015043657535694957,0.016491245207477453,0.01754584162334667,0.02217472751507642,0.0184932427689617,0.02209797798553328,0.01751672974243882,0.016907296828794917,0.022199877323608886,0.022782154335671725,0.024754513427953238,0.023450738690126816,0.024721123053552313,0.022410686230618142,0.02178384105553107,0.020271118954150492,0.02015551949290163,0.02405139247209795,0.022205215356731933,0.024253728934297773,0.02011186534979454,0.020462685027847528,0.021567824606440418,0.022164576560940664,0.025075699606428012,0.023626928706750566,0.02462268769359121,0.022156282253750416,0.021792836477005452,0.018248786104711687,0.017847018041186435,0.022263932029173227,0.019057140038980708,0.022476488681973668,0.01747472156133933,0.017629621749992143,0.016049843989539177,0.018650750323206143,0.02172152181140346,0.020048711746518212,0.022209895133033286,0.01672811207509075,0.015182436423318797,0.013928537501295055,0.010722910519543508,0.005044262655674807,0.009340505155838223,0.00505033964972905,0.011743988315510608,0.014197813756276509,0.012338820689098529,0.01128640256688713,0.005154392570670712,0.009939064567249,0.00532900831700326,0.01108862749307122,0.01185481638083589,0.00516183632577594,0.004429788275440342,0.001989169115071877,0.0035892332423130622,0.0019530230322775837,0.004974928968027893,0.005645821331698075,0.007664827454233212,0.007692973461264985,0.0028731441204743217,0.005194187764443621,0.0025406384569814553,0.007904106154018733,0.007345862496867307,0.005956463195336369,0.0052062170139214005,0.001546306171509413,0.003406786811879635,0.0020767775543534643,0.0052557072506888075,0.005673574642745314,0.010246399428059981,0.010673383717105772,0.0050813057168874395,0.009073873825033281,0.004853138564943646,0.011141440855843487,0.010985760340490393,0.01301094491906272,0.009584793529823377,0.005841357590479379,0.007905378882578064,0.005188304274203682,0.012236340343024949,0.014101463700576024
paired_deficit,3,63000,54.20587529754266,54.543245917069726,0.6403220295906067,0.7729297876358032,16,0.36949999999999994,0.6305,0.0112,0.0102,0.0042,0.0095,0.0049,0.0133,0.013,0.0123,0.0106,0.0045,0.0091,0.0039,0.0106,0.0119,0.0056,0.0035,0.0022,0.0039,0.0029,0.0041,0.0061,0.0094,0.0086,0.0026,0.006,0.0046,0.0074,0.0077,0.0065,0.0059,0.0022,0.0034,0.0019,0.0048,0.0062,0.0134,0.0125,0.0044,0.0085,0.005,0.0124,0.0134,0.0132,0.0107,0.005,0.0036,0.0052,0.0125,0.015,0.0,0.0,0.014831523906102283,0.01849321457403644,0.021904251225305815,0.018770389543066066,0.022123280700357108,0.016258476697734316,0.016327546903738027,0.016616454388810525,0.01761955752476608,0.022100382754351857,0.019129522060044767,0.022254687826887425,0.01730010631016994,0.016482024678021893,0.022184849820581724,0.022771992846937435,0.025162806451385113,0.023480520698449414,0.024586255658212965,0.021961228575636586,0.02202612656524043,0.019568343890447017,0.020427138959649704,0.023930563238559147,0.02203932258897014,0.024141324145514516,0.0203279762389657,0.019224942586670853,0.021481547997068473,0.022292279655688127,0.025079953445886337,0.023500317279473402,0.02488785407405572,0.022216558169341427,0.022123257173348107,0.019789121823630462,0.01815794558020893,0.022554046591319765,0.019321864825419553,0.022514451807900057,0.01769365589617989,0.016465406573093144,0.014834612569770485,0.018434502988733767,0.022648248483486476,0.019600967657526065,0.02126366245745117,0.017355156814410314,0.01573977677739495,0.014496876116706638,0.00987988708422384,0.005576271238452763,0.009650544317215595,0.005302435752016435,0.01279099322586583,0.012665577629074387,0.012304379111425588,0.011128402419788588,0.005370125769757017,0.009162486413930564,0.005255335160625077,0.011449662382570985,0.012433383604403032,0.005264523178309048,0.004569526501149631,0.001541416037631527,0.0037227718350945683,0.0022231700709614355,0.005505036896864599,0.005423899997149407,0.008652924171260946,0.007540177111367075,0.0031601187133668777,0.005563652036880798,0.0028184957733550647,0.007546965034530988,0.00900412706441501,0.0061438066487561355,0.005130212026135367,0.0016059381947109196,0.003658959212339576,0.0018461050714156616,0.005263943200488781,0.0054196526660026285,0.00822065272385741,0.010338110283898038,0.004763882722729801,0.008843890241242151,0.004891509995314519,0.010879512999566774,0.012454159926154923,0.014493014601183112,0.010031414604670188,0.004763296936925904,0.008534012217243071,0.006455274461851878,0.011419899526514694,0.013400420820485967
paired_deficit,3,64000,55.02833852323238,55.3729653339833,0.6071274280548096,0.776300311088562,17,0.36240000000000006,0.6376,0.0109,0.0126,0.0051,0.0103,0.0053,0.0135,0.0125,0.0115,0.0119,0.0051,0.01,0.0043,0.011,0.0117,0.004,0.0039,0.0017,0.0036,0.003,0.0033,0.0057,0.0071,0.0075,0.0027,0.0055,0.0044,0.0066,0.0083,0.004,0.0053,0.0016,0.0026,0.0015,0.0042,0.0056,0.0091,0.0143,0.0054,0.0086,0.0051,0.0113,0.0124,0.0137,0.0124,0.0053,0.0056,0.0054,0.0117,0.0143,0.0,0.0,0.01581680343019851,0.017828248985164764,0.02181439356671062,0.018389071915397938,0.021565662353116896,0.016956651464094134,0.015557633245113537,0.01639812764703085,0.016619893730939177,0.022989864461741488,0.019009747541567534,0.02220650342198225,0.017524216582280105,0.016817611708979815,0.022621703717473934,0.022608085203679497,0.02483192154820668,0.023430820962697628,0.02496981898753979,0.022790135064006723,0.021895765561929993,0.019746408853793425,0.01965630159689849,0.023777409455001636,0.022175458950249874,0.023954622686056054,0.020425859654880578,0.019424343299292133,0.021511032742850045,0.022498958246522035,0.024942040518068885,0.023425041401697447,0.025185405278242055,0.022704556466420677,0.021744648363516215,0.019870859577044632,0.017612150224162654,0.02235057457965998,0.019106780467440677,0.022011951534715357,0.018069486135360094,0.01711594587946245,0.015729673009020922,0.017811010672174988,0.02201304029563577,0.019262004956451764,0.02237663676911545,0.017630993671465894,0.015224123614947908,0.013405729033158365,0.010835265201857668,0.005935181870524304,0.01014036159730675,0.006204316855992206,0.011993367903300451,0.013687798723193458,0.012607297726278973,0.012332512151782288,0.004478681221269415,0.009332233307320543,0.005410264500619273,0.011211985198982229,0.012087524066919502,0.004895798763942248,0.0048736106708436346,0.0020790404901916064,0.003815114025565495,0.0019081747454349142,0.00476522411291989,0.0058343555851869166,0.008497577153764382,0.008531102113559091,0.003463788695319924,0.005487793536392413,0.003166082600476616,0.007616621811411864,0.008935704140360157,0.006232944728555728,0.00504789003127205,0.0019816569482031593,0.0038613378550248264,0.0016410464194970339,0.004715012708578291,0.005982539148474146,0.008226185445066503,0.011142091018698012,0.005153624034533654,0.0092510644003748,0.005651329550648063,0.010614478448815353,0.011756927126741302,0.013435565459980146,0.010856624823918758,0.005689042990459358,0.009097791581839352,0.005160393437338849,0.011040617509307099,0.014179168317272704
paired_deficit,3,65000,55.875645267777145,56.22791541705374,0.6173068284988403,0.7920929193496704,18,0.39449999999999996,0.6054999999999999,0.0106,0.0106,0.0052,0.0096,0.005,0.0146,0.0141,0.0112,0.0122,0.0056,0.0108,0.0044,0.0126,0.0134,0.0047,0.0044,0.002,0.004,0.0024,0.0047,0.0067,0.0092,0.0085,0.0024,0.0076,0.0049,0.0082,0.009,0.0067,0.0059,0.0021,0.0032,0.0019,0.0049,0.0058,0.0122,0.0134,0.0053,0.0097,0.0051,0.0114,0.0113,0.0139,0.0125,0.0062,0.0102,0.0073,0.0123,0.0146,0.0,0.0,0.01611860248630407,0.016025982607034583,0.022009489216100415,0.018439677943521263,0.022193232342586147,0.016015201710098462,0.015855885225153517,0.016620891721792277,0.0169424923793785,0.02261273640668602,0.018127182967016264,0.022548943977210606,0.017231357712659007,0.0170127979549489,0.0226232513898201,0.02260040923450439,0.025454934334601536,0.023727531978163224,0.02525452154311237,0.02228860460902835,0.021744504256939065,0.019649682924092686,0.019691000281270493,0.02417010446897041,0.022451875298401945,0.024040248126462563,0.020359542765903356,0.01935797668758842,0.022075901446214442,0.02261179373153223,0.025596052316129773,0.024392315876583692,0.025405012494609438,0.023165488121903166,0.022504816835942472,0.01892734967712425,0.017218129028067814,0.02293195067361936,0.018358357551445784,0.02257518164468314,0.01790117830923161,0.016562625367857048,0.015338267633229824,0.017619400199570277,0.022239305339496494,0.019217984358539966,0.022380508484555278,0.01640571860474413,0.015403999755570903,0.013180119285002338,0.013252273650912062,0.0061064115163833544,0.010471124069259248,0.005807649922799182,0.013304281725645996,0.013690899594245923,0.012655101255754269,0.012268926953937522,0.005382039357458733,0.010807301875914103,0.00545864055939271,0.01180487334602618,0.012145442342479482,0.005330350588902892,0.005396841681391604,0.001891036384273902,0.003965280895964056,0.0021316897162955385,0.005771253022618914,0.006346477350830383,0.009018164264779752,0.008929488366347025,0.003511970034098814,0.005497074491667775,0.003667900008809762,0.008087647883317834,0.009290316695998696,0.00598760198853562,0.0053831713107392,0.0017215835653665143,0.0032451411792238202,0.00195098194486153,0.004640176573761071,0.005433502913642201,0.009807408565019046,0.011937945695498504,0.00495966810557946,0.01056877264332907,0.005466197175687266,0.011078685621153876,0.012686004310922053,0.014312448734317588,0.011417041473975889,0.0057913885078917995,0.009536542844596294,0.00573902092561469,0.012952541113777936,0.014194455871915597
paired_deficit,3,66000,56.71495160216,57.075784542015754,0.6189878582954407,0.8085472583770752,18,0.39660000000000006,0.6033999999999999,0.0112,0.0111,0.0052,0.0103,0.0055,0.0148,0.0142,0.0137,0.0133,0.0063,0.0104,0.0042,0.0127,0.0131,0.0057,0.0053,0.0021,0.0042,0.0023,0.004,0.0062,0.0098,0.0085,0.0028,0.0068,0.0046,0.0085,0.0085,0.0071,0.0064,0.0022,0.0031,0.0015,0.0049,0.0058,0.0047,0.0126,0.0063,0.0091,0.005,0.0119,0.0123,0.0141,0.0134,0.0061,0.0105,0.0069,0.0131,0.0143,0.0,0.0,0.015515099975030987,0.01724392306412146,0.022008365852151667,0.018263091833414877,0.022549083318515274,0.016862846197977586,0.015937875319418985,0.016135141481269585,0.016572010436905864,0.022830806534887647,0.019120448069662947,0.022505110251774988,0.01670324608936271,0.01639554584401245,0.022871751696760097,0.022604744569046195,0.025388019523607253,0.02399120462666635,0.02539874036048688,0.022900705100332937,0.022278739691265804,0.01951264965370704,0.01946097462293887,0.024521478620651363,0.022393956969627787,0.024557054925022796,0.019465823445364377,0.018912441779592077,0.021454317055787056,0.023043906826501523,0.02539630875996706,0.023804789150304873,0.025383509460803713,0.02344658840125253,0.022281900509537038,0.01977288342538709,0.016992534262702006,0.022590413813643552,0.01907348125438322,0.02301749180359712,0.01817311312726039,0.016369233037816688,0.014521330665583244,0.01668731228991641,0.022077521883555138,0.018917736535499996,0.022238857033122363,0.016162612914384155,0.015693277935417915,0.014060026216329936,0.012087299050154893,0.006279130196161911,0.010722039006621178,0.005793942911931814,0.012422171868727756,0.013480375215020183,0.013246364148244583,0.012767181808934481,0.005264430416452201,0.009665919929005663,0.005650794372343238,0.012650563300380788,0.01285932908406121,0.005254920870850539,0.005493538601620246,0.002230883588913203,0.0038878841664817965,0.0021791032743047997,0.005298699296692547,0.005919331134322025,0.009200662683605688,0.009222900758231756,0.0032197731674808946,0.005860777253527007,0.003177570040194439,0.00933433624228663,0.010107984195141726,0.006897319546487922,0.005050698285569077,0.0021819878107416446,0.004069960883048842,0.0021971712442463895,0.0045730089343172095,0.005954644048236931,0.009009142486600836,0.01222926421814786,0.005549601256781232,0.009799760285575457,0.005160158653129187,0.010828778108841081,0.013007730694935396,0.0152779681249983,0.012591340099712398,0.006197092422775571,0.00998451568137482,0.006005705262887401,0.01313565059221102,0.013770533923557125
paired_deficit,3,67000,57.56217523524538,57.93090495909564,0.6037022471427917,0.8162211179733276,18,0.402,0.598,0.0113,0.0098,0.0056,0.0103,0.0054,0.0152,0.0148,0.0143,0.0127,0.0066,0.0115,0.0039,0.0135,0.0132,0.0062,0.0049,0.0023,0.0039,0.0028,0.0058,0.0059,0.0103,0.0085,0.0022,0.0084,0.0045,0.0091,0.0091,0.0071,0.0053,0.0019,0.0034,0.0011,0.0045,0.006,0.0059,0.0119,0.0053,0.0098,0.0051,0.012,0.0123,0.0142,0.0128,0.006,0.0108,0.008,0.0121,0.0145,0.0,0.0,0.01528136124293336,0.016553914525161636,0.022321182356435466,0.01799260842427589,0.021973841870845466,0.016691422812500252,0.015778453708836924,0.015941471825962405,0.017122928711851317,0.02307865143391679,0.018789670411934307,0.02280348013864438,0.01711710673909177,0.01724298861512152,0.022693174146710182,0.02254990057366278,0.02541758148396229,0.02402888818736403,0.02547043563583016,0.022717176695835326,0.022402123656132082,0.018773353213762417,0.019607441685870232,0.024437210121836618,0.021694833124869393,0.024186127861187155,0.019545164501118283,0.018557654710243926,0.022062555982243777,0.02301938349537077,0.025456539617590535,0.02359486504815716,0.02556555138125534,0.023324290303859734,0.022806644728647074,0.019602663772040056,0.017523596205796507,0.022603049416165144,0.019850495882025934,0.022887037110716255,0.017120007162466915,0.01644918595729774,0.014889521954578572,0.01760385075792027,0.021888725146868914,0.01905935155738072,0.02224523418439701,0.016639896586417385,0.01503740533290781,0.01435831573667306,0.012687948979061937,0.00582590477948803,0.01109334132506459,0.006278241958963702,0.01268058806777244,0.013727799783825174,0.013533836618289425,0.012049983705516215,0.004885586010219323,0.010066851388819856,0.00525205442335795,0.012056910839052144,0.011946195832178385,0.005422361841103193,0.005553769938211739,0.002141729136145644,0.0037940322820539034,0.00203977940134764,0.00531567798831227,0.005729598730880881,0.010164391012580095,0.009289158508965542,0.0033082002999127967,0.006571151270047883,0.0035678819575818174,0.00920700751162943,0.010303847162264543,0.006133625118268781,0.005034229534036617,0.002134438242699917,0.004271381721295767,0.0019266082311717478,0.004632381039383035,0.005248289112450378,0.009021405894225534,0.011612321674382874,0.005568657072886718,0.008921841349747932,0.0051135736802115925,0.012014397340419865,0.013046932733616935,0.014707348740815357,0.011555895235772471,0.006340453535205281,0.009667852797721822,0.0059162698758649795,0.012702832802179096,0.014609518278338871
paired_deficit,3,68000,58.41234023682773,58.78869262500666,0.6126731038093567,0.7991943359375,19,0.40670000000000006,0.5932999999999999,0.0119,0.0108,0.0059,0.0108,0.0054,0.0146,0.0153,0.0144,0.0131,0.0067,0.0116,0.004,0.0143,0.0139,0.0057,0.0055,0.0019,0.0039,0.003,0.0059,0.0054,0.01,0.0087,0.0024,0.0077,0.0042,0.0089,0.0086,0.0077,0.0059,0.0023,0.0035,0.0014,0.0049,0.0051,0.0071,0.0129,0.0059,0.0097,0.005,0.0113,0.0102,0.0146,0.0128,0.0065,0.0103,0.0075,0.0123,0.0153,0.0,0.0,0.014499388535729971,0.017915734178698614,0.02226689235418949,0.016927580113414272,0.021980690583145078,0.016885365406100583,0.014061850007016987,0.015739993905353557,0.017220018116705513,0.022655899963538034,0.018568843840158483,0.0228478595461427,0.01710875152221113,0.016676471408649814,0.023058781233643223,0.022755014286083355,0.025656797217208545,0.0242683743500543,0.02568645767055712,0.02344657761866805,0.022281203993242314,0.01873000317679479,0.020322758259117942,0.02433063215495323,0.02178250066204787,0.02461044455082579,0.019473222167020028,0.01806359506011042,0.02235357710347995,0.023557090140106172,0.02581896303953496,0.024059667109063623,0.025842881369558847,0.022997489845013458,0.02230179336732374,0.02037510397043875,0.01844009731626918,0.023333676454977248,0.018592085260535622,0.022936813192179824,0.018133502093125455,0.015659537620979144,0.014662156384373778,0.01745497882076632,0.022802512818144216,0.017724093280206618,0.02240554835825803,0.01665960728901547,0.014067123285268266,0.01543671796895152,0.011380374770209088,0.006235474201123738,0.01249198403955019,0.006490621420351484,0.01277551662910368,0.015829029190534173,0.013953012749895289,0.012151449940170776,0.005743425583005164,0.010619850803220659,0.005519895183933103,0.012241953601616022,0.012823454077766538,0.00523522155923586,0.005628010328545377,0.0022489828905103678,0.0039048165532969137,0.0022144443023153766,0.004783645870608603,0.006179746284657181,0.010354061242047422,0.008577477170768705,0.0037932569589316455,0.00672140683649899,0.0034674249495783224,0.00948860802929937,0.0112863208074261,0.006056407761579854,0.004694020301566496,0.0020601463110147475,0.004108786530419741,0.00207135672995252,0.005345655794755354,0.006155770659462452,0.008477459871938223,0.010691646747377872,0.00495417793223752,0.010670911960398065,0.005377249191367674,0.011048666447321935,0.013890451354079774,0.015325305350304047,0.011877846199048199,0.0056117624049508005,0.0114472840724809,0.006074014004645766,0.012843091770976294,0.015822888637528523
paired_deficit,3,69000,59.263434410560876,59.64774225000292,0.600883960723877,0.8167630434036255,19,0.40889999999999993,0.5911,0.0134,0.0135,0.0056,0.012,0.005,0.015,0.0147,0.0132,0.0137,0.0072,0.0107,0.0044,0.0133,0.0129,0.0053,0.0058,0.0016,0.0039,0.0025,0.0056,0.0048,0.0094,0.0091,0.0028,0.0077,0.0049,0.0102,0.0094,0.0064,0.0057,0.0026,0.0033,0.0016,0.0055,0.0052,0.0034,0.0126,0.0064,0.0092,0.0052,0.0138,0.0132,0.014,0.0119,0.0065,0.01,0.0063,0.0136,0.0149,0.0,0.0,0.015269149959763887,0.016302517206236426,0.02231501756667561,0.017717659642406142,0.022349621460764246,0.01531074311227927,0.015015073710656397,0.016095322266249143,0.017148971747272576,0.022850393092524006,0.018692372035447193,0.023028367801379204,0.01749220934388788,0.01700165927269292,0.022317162494676877,0.022605174461061642,0.02591947855235615,0.02389763882546444,0.025866670455560764,0.023059867115578572,0.022058339598568472,0.019359044112377148,0.019117391378876497,0.024429876527538447,0.021299453689630453,0.024666858911342307,0.018917848074430345,0.017701919383906917,0.022288815568573296,0.023001994417019535,0.02578609011975653,0.02418606287017105,0.025737614163127996,0.02312518049953487,0.023133818790803885,0.0218975366062105,0.01712472472887469,0.022803594926471632,0.01867525201887511,0.022234660651081088,0.016983960903119,0.015748490996978493,0.014223064195412083,0.017582939005130707,0.02286582832344923,0.01945778647033971,0.022971847979382357,0.016088703431986227,0.016276231534098084,0.014418853193465584,0.013128557139066147,0.006036649751278973,0.01154667723293734,0.00599605833624532,0.014370063166771327,0.014795017323145572,0.013371603074311289,0.012291890344953064,0.005447700556615156,0.010403310096769681,0.005199868336822055,0.011811137256227627,0.012308442335965421,0.006034133685818429,0.005735349432726517,0.0017694454280611266,0.00421924961756417,0.0019095159238098941,0.005162918687956905,0.006376803276085131,0.009465033574069824,0.00986568704395217,0.003516793685152211,0.0072279369145309795,0.003277868676809744,0.010021632379135052,0.011526078532527136,0.006028322988041942,0.005230805114851813,0.00200403909642748,0.003841856984129414,0.0019827778606507163,0.005125366611902791,0.005037108634811139,0.006487305052734494,0.012125020331356356,0.005424471221715154,0.010345267394336548,0.006169973345228873,0.012407328059106978,0.01389563414982195,0.015802193454256295,0.011665646117706867,0.005429594563601156,0.009427330799796985,0.005266167798565453,0.01334030466721704,0.013393766028005726
paired_deficit,3,70000,60.117282259627245,60.509960125084035,0.5813060998916626,0.8141093254089355,20,0.4114,0.5886,0.0137,0.0133,0.0065,0.0119,0.005,0.0148,0.0152,0.0145,0.0136,0.007,0.0108,0.0033,0.014,0.0134,0.0058,0.0058,0.0018,0.0045,0.0031,0.0059,0.0058,0.0107,0.0083,0.0028,0.009,0.0047,0.0101,0.0107,0.0074,0.0054,0.0023,0.0031,0.0019,0.0047,0.0053,0.003,0.0111,0.0055,0.0097,0.0046,0.0104,0.0097,0.0153,0.0127,0.0063,0.0117,0.008,0.0123,0.015,0.0,0.0,0.014982861984859139,0.01665906217451475,0.022453303308535205,0.017952031150540126,0.02247745376629952,0.015171490222258366,0.015461909654879358,0.0162920089192802,0.01632322631563355,0.023636843348039248,0.018758783873777177,0.022769617884814387,0.0162642540663735,0.01656924364154804,0.022813294699150256,0.02276155076896854,0.025738142431726677,0.023797618680276474,0.02571678949578834,0.023233120351046216,0.021763894990838112,0.019049536684952913,0.019172750179479208,0.02461627920835784,0.021685462500874327,0.02437966804699821,0.019225056121378543,0.018486733797807773,0.0220697938293444,0.02346028496042167,0.02586036848505334,0.024137717051510896,0.026028165032805084,0.02351518285274768,0.022785675086122767,0.021039479174560043,0.015858953340429117,0.02260672700618363,0.018874980483657954,0.023205900324288115,0.01704547747898495,0.016849778763240758,0.014794590366010009,0.01741904433424945,0.022854164542866172,0.01889427220317781,0.022782401367147327,0.016568813066093938,0.015136241982108967,0.014830221072922208,0.01272053353218311,0.006007008709295515,0.011252774739376852,0.005939801354573518,0.014571331918294038,0.014232878178852238,0.013187358546858026,0.013268165407876419,0.004705840496943566,0.010273525580652903,0.005560251864602974,0.013336891450432275,0.012942395220406015,0.005509351065694759,0.005608715751761873,0.002100744267401588,0.004362223515627616,0.0021646914004689035,0.005137275293897055,0.006771380129061383,0.010051870823068618,0.009791090769375635,0.0034472220449010614,0.006940910064614082,0.0037229678227682864,0.009769196116918281,0.010629634239363065,0.006453949246889981,0.004911600992994699,0.001958302474053658,0.003965874123703233,0.0017627529939811034,0.004730435691035906,0.005697788861210798,0.007576549159015737,0.013652977426907274,0.005906334295911,0.010099047978537707,0.005090872413043289,0.01230926905648738,0.012576398120593711,0.015010569625602722,0.01195204061627601,0.0054617215000309985,0.01019375297950921,0.005623479041273371,0.012864772011457795,0.014573347587821611
paired_deficit,3,71000,60.979754373664036,61.38068920909427,0.6031298041343689,0.8529574871063232,22,0.42900000000000005,0.571,0.0114,0.0126,0.0061,0.011,0.0054,0.0144,0.0151,0.0142,0.0142,0.007,0.0119,0.0044,0.0152,0.0154,0.0057,0.0058,0.0021,0.0041,0.0027,0.0062,0.0057,0.0107,0.0096,0.003,0.0092,0.0042,0.0108,0.0103,0.0076,0.0055,0.0021,0.0032,0.0017,0.0057,0.006,0.0071,0.0137,0.0061,0.0103,0.0053,0.0123,0.0103,0.015,0.0128,0.0065,0.0119,0.0076,0.0139,0.016,0.0,0.0,0.015845841500762167,0.01720886669775342,0.022676598061795818,0.017145050583572796,0.022550691798539885,0.015901378996421595,0.016003283063031313,0.015179053407951691,0.01603144033138263,0.022632638872931075,0.017891874193885132,0.02336178173202357,0.016167440987696666,0.01721308444257286,0.02258202332949478,0.022583131899716353,0.02593172925252077,0.024643889917157165,0.02605324232318921,0.023101616226683358,0.02211628415962888,0.019400201917336154,0.01925462557477927,0.02424146201101409,0.021661513893102335,0.024640636549212308,0.01850744920425792,0.01777780965405958,0.022253667616357834,0.023377107093324162,0.026099177736171292,0.0246411464557534,0.02628157524866965,0.023494101281433186,0.02277710050313771,0.02155949117537775,0.017296716258171023,0.022357678915629446,0.018445485214938554,0.022746499389369693,0.016962251303445107,0.01692996071850647,0.014747576815189515,0.016653290465254045,0.02278267541423709,0.018261979091597866,0.022647409534042023,0.01699002019118434,0.014390448995737017,0.013877086056669801,0.012271698990411896,0.006066563801162872,0.012345033472844706,0.006054999367958573,0.01381326497398415,0.013735224104739974,0.0146823901291387,0.013585679593853645,0.005999892137248371,0.011486818841100713,0.005083870394745652,0.01346845652445838,0.012344977156076423,0.006018994643510741,0.006095845726656302,0.00216966985585688,0.003688656859692893,0.0019909702397349293,0.005421902879458185,0.006554200232402141,0.009753519432972195,0.009920808931446732,0.004072983116596309,0.007115863372534515,0.0038095829773988313,0.010818491438661844,0.011578833955265178,0.006474450613688567,0.005066259209020774,0.0019381834196718377,0.003652747016740454,0.0017676432613489032,0.004931814980587532,0.0057948211138741925,0.0072721655900695676,0.012209808899864933,0.006237738211597871,0.010850635046156045,0.0058299864771818605,0.012594160323665431,0.012592204647926545,0.015100097772952244,0.012832016114089208,0.005827477187764873,0.011061511668012891,0.005904793386939852,0.012405999621545155,0.015432367296940017
paired_deficit,3,72000,61.83005179860629,62.23837970907334,0.5841543674468994,0.8809874057769775,22,0.4343,0.5656999999999999,0.012,0.0127,0.006,0.0121,0.0056,0.0163,0.0149,0.0143,0.0138,0.0072,0.0117,0.0041,0.0148,0.0154,0.0056,0.0057,0.0014,0.0045,0.0024,0.0061,0.0061,0.0106,0.0088,0.0035,0.0095,0.0049,0.0108,0.0111,0.0065,0.0061,0.0021,0.0033,0.0013,0.0061,0.006,0.0058,0.0143,0.0058,0.0105,0.0047,0.0128,0.012,0.0157,0.0135,0.0065,0.0113,0.0077,0.015,0.0154,0.0,0.0,0.015450025922329894,0.015467640682433278,0.02252168534212612,0.018001711144153804,0.02317488860990313,0.015135220068162591,0.015434292322961233,0.015067138237653942,0.016031938582617707,0.02246889021757629,0.01891494956434061,0.023058257408164674,0.016072390782625966,0.016091555994247175,0.0227973378334213,0.02288573724380407,0.02602780248274939,0.02412540998993959,0.025977787058820534,0.02334687207963474,0.022459828888610894,0.018780821823489228,0.019327396894793642,0.02495006956034675,0.021766766702940664,0.024555656310141054,0.018795627489497393,0.017336446198379048,0.02297798956996968,0.023122259584196725,0.026239064823416397,0.024202851560116485,0.026159880025142426,0.023296031246339388,0.022860446070391383,0.02153276755021196,0.016574417458664358,0.02257390599493063,0.018441484712679482,0.022930534908573615,0.017566898695592543,0.017026205657902527,0.014886034916322267,0.016865673232643166,0.023209750221939225,0.01878445673603589,0.023331093671567188,0.015768842775490073,0.015625265152009835,0.014388935302581035,0.014368753465993235,0.006130441844407638,0.01142631926747085,0.005382044390708396,0.014671494198836212,0.01444602432860425,0.014788560394024782,0.013565967950237016,0.006190931034725524,0.010223740594599838,0.005554735270584687,0.01355868297315573,0.013575787230929337,0.005853679802847639,0.005674272557484526,0.002074300328033979,0.004292999348225811,0.0022097297197303527,0.0052631220133069695,0.006162250411025547,0.010455540361208437,0.010024623000154914,0.0033872210106075254,0.006956315598078315,0.003800051338951354,0.010399514500356706,0.012227598700566718,0.005607638393970983,0.005481405775867665,0.0018322497970318836,0.004204271877329805,0.0019229745443247253,0.005282309604908137,0.005742312024864891,0.0072634789767924215,0.013100681240997007,0.006109673346129854,0.011000580562059619,0.005622946331944815,0.011885436347079247,0.01266117695988227,0.014996056699121916,0.012610729481722656,0.005342102242579749,0.01052950071686488,0.005164012378197897,0.013984593366803725,0.01411003268901059
paired_deficit,3,73000,62.67075915506575,63.08718866703566,0.5869194865226746,0.868070662021637,21,0.4337,0.5662999999999999,0.0138,0.0126,0.0059,0.0117,0.0056,0.0161,0.015,0.0148,0.0127,0.007,0.0115,0.0043,0.0144,0.0151,0.0061,0.0055,0.0017,0.0041,0.0023,0.006,0.0059,0.0117,0.0085,0.0038,0.0073,0.0036,0.0104,0.0112,0.0074,0.0064,0.0026,0.0037,0.0015,0.0057,0.0059,0.0087,0.0152,0.0063,0.0107,0.0053,0.014,0.0126,0.0165,0.0136,0.0054,0.0067,0.0053,0.0148,0.0168,0.0,0.0,0.014601800858975184,0.016279694164317647,0.022577288115451857,0.017243930647461228,0.02235642536580487,0.01564800695248313,0.0139118809870542,0.01612624619687814,0.016037141478638668,0.022952129416772535,0.017775460701097718,0.023096344447949023,0.015511695732430254,0.016909081414060785,0.022032038818267423,0.023489164777397625,0.025906952655939654,0.023963672800485898,0.02620888825729504,0.023308192153641872,0.022850796085366856,0.019352886897938987,0.019263223961774597,0.0248505138518268,0.021466850747068868,0.024851890803677223,0.018815183594482046,0.017637366133692794,0.022525884553166717,0.023491787606928417,0.02610491365374184,0.024694945539259487,0.02635720595913677,0.02330921085716818,0.022907951719301916,0.02146416465802338,0.017063683390806016,0.023058898845904466,0.018249580917457077,0.023140248500883275,0.0170885287213864,0.01767966762705965,0.013528291869149077,0.017761287577550137,0.023122070493075242,0.019329530775780108,0.022911210162622896,0.01607574645679275,0.015110442096575132,0.015311230503351083,0.013453680887131812,0.006296112727254649,0.012441878064541504,0.006545765649563959,0.014167710566975841,0.016169208658578207,0.013627131292666145,0.01376691359867955,0.005794284651808445,0.011801998851910368,0.005709395725595517,0.014438977894760925,0.01278131347686519,0.006834312031134606,0.005187244997644117,0.0024933531612210623,0.004729008321387953,0.002112996779169547,0.005508995487332604,0.005947889610204896,0.010018950056230116,0.010120300845677643,0.003687502175073694,0.0076294241926109585,0.0036859457331028904,0.010509557221731459,0.011919031992133917,0.006354216909884382,0.005262405273813916,0.0022305248080675766,0.0038242868195706016,0.001945345385921151,0.005468781492511878,0.0059614085548101515,0.00755433542203788,0.01248937113318542,0.005673597482791999,0.011266075534242605,0.005659768637579188,0.012578474633529305,0.01187121636249984,0.016602799856750505,0.011818019487882527,0.00560219120740837,0.009967225724337787,0.0058405378628795844,0.01376233883695362,0.014853473737843136
paired_deficit,3,74000,63.53030572354328,63.95415537501685,0.5615326166152954,0.9369871616363525,21,0.4354,0.5646,0.0138,0.0131,0.006,0.0131,0.005,0.0165,0.0148,0.014,0.0146,0.0082,0.0119,0.0042,0.0139,0.0143,0.0063,0.0054,0.002,0.0046,0.0022,0.0062,0.005,0.0106,0.0094,0.004,0.0081,0.0039,0.0106,0.0096,0.0068,0.0059,0.0023,0.0035,0.0014,0.0061,0.0056,0.0025,0.013,0.0071,0.0114,0.0052,0.0144,0.0128,0.0151,0.014,0.0062,0.012,0.0063,0.0154,0.0171,0.0,0.0,0.015751456783983618,0.015801555917911294,0.023097582380616488,0.018534090441830176,0.023100567908656847,0.015716656085680257,0.015241443649869065,0.0157347445890802,0.015834449288174946,0.023015739768496395,0.017561514316491132,0.023772866085795978,0.015895445218947667,0.015387472982775685,0.022216154143520336,0.023105067189687595,0.026075767050921177,0.024183638481669177,0.026347163039040583,0.023541560859968537,0.022637079514911174,0.017868380849727708,0.019561418654515814,0.02506969240115546,0.021740322790740965,0.02530138858309086,0.018622434792702452,0.016952833072846216,0.02324978594921244,0.02319944618185451,0.02655050624916476,0.024510527994920317,0.026652033737503626,0.023565757748820686,0.02263164142491577,0.021771343430583213,0.015626213111909655,0.022794061819280266,0.017282818538130254,0.023343525168259646,0.01650110468307501,0.017144181874232098,0.01522874932749823,0.018366054193394928,0.022694687569280107,0.017559173587346294,0.023277494729356314,0.01557750068714862,0.014804905151305375,0.014209274189243417,0.014114307835688665,0.00581667967351347,0.010987044100496293,0.005930535728251505,0.014326232058976509,0.014661192326911734,0.014188860237096718,0.01411666578592946,0.005908004952890653,0.012033244937788578,0.005102216944579112,0.013970477581757571,0.014498243353516405,0.00691742180255719,0.0058473901395082375,0.002532491118753249,0.004643850540553422,0.002190587423991722,0.005399384774099843,0.006369601051854524,0.011768948414900025,0.009879747343317254,0.0036941967759552426,0.0073702601980709555,0.0034356551923260524,0.010927526260551032,0.012829638332951815,0.0057249660886472655,0.005742075956545297,0.0019636839199003013,0.004279086081675601,0.00185039298261441,0.00529425932070231,0.00645379422435346,0.0074528328620257055,0.014309966678069969,0.006155367544571115,0.012422356710580021,0.00558130330590551,0.013255581083598963,0.012537993965810734,0.014753482472756778,0.011213612313428881,0.006383443259268438,0.012113981874743683,0.005615921839831902,0.0143252606518579,0.015226435214617067
paired_deficit,3,75000,64.37300602183677,64.80416429205798,0.5486900210380554,0.9279749393463135,20,0.4145,0.5854999999999999,0.0082,0.0125,0.0066,0.0109,0.0054,0.0135,0.0154,0.0107,0.0131,0.0074,0.012,0.0048,0.0147,0.0133,0.0052,0.0045,0.0018,0.0044,0.0021,0.0067,0.004,0.0109,0.009,0.0047,0.0077,0.0036,0.0106,0.0096,0.0064,0.0069,0.0028,0.0036,0.0017,0.0063,0.0048,0.013,0.0164,0.0075,0.0113,0.0053,0.0133,0.0106,0.0103,0.0125,0.0047,0.007,0.0056,0.0148,0.0164,0.0,0.0,0.014978897266527028,0.01770763286556014,0.022203182486207437,0.01849470255051175,0.023282985594033714,0.015712526320092714,0.014794296496706475,0.016510266845488467,0.015151888831885087,0.02220471623085412,0.0187861523559548,0.02396931074310685,0.015505310669508365,0.016058132810007474,0.022746203036817975,0.02302127016976919,0.026355867217028338,0.024076842641569354,0.026660033206288618,0.022762650106998027,0.02260215425160275,0.018397335371036924,0.01868947160411729,0.025051100380710616,0.021630488894695425,0.025300415783447484,0.018660071357339422,0.017406557840044763,0.02272981062030432,0.023407630461449405,0.02662886614607774,0.024762103393154683,0.026583843333896254,0.023937691216907225,0.023452404089103172,0.02224966438253034,0.0163286570218869,0.022202298596958867,0.0182360406252657,0.023755895460235297,0.01579170339434911,0.016730427869018773,0.013498466561769675,0.017059961728571833,0.022549762195906688,0.01817962444285833,0.02293059772593519,0.015313825488189449,0.014950261317720474,0.015072032575032469,0.011971723892276385,0.006992723100351094,0.011139075274535414,0.005835860522737052,0.014415759091383989,0.01519836030199274,0.013493167091575144,0.014841375005775918,0.007108211916885261,0.01073815797224547,0.004997603002998262,0.014528071202203594,0.013798611097604344,0.006391306148104826,0.006086658310050372,0.0023543963705868597,0.0048394446297944545,0.0019784578867364953,0.006412152860857096,0.006668033432154462,0.01132503831540279,0.010923360767083286,0.0037604152642982686,0.007587941630766745,0.003484288496179688,0.010994985214863261,0.012344239010302238,0.006370398904233731,0.005619686352793112,0.0020129766509737416,0.004119553472793688,0.0020628412140244385,0.005032622891393036,0.005531035271561216,0.007019367543326659,0.013616182226116342,0.006915577043003268,0.011464616189705384,0.005233968954237263,0.014249942318699658,0.013093079963079464,0.01671166872041574,0.012689045549490699,0.006530747226782196,0.011409911865420667,0.006148019163755962,0.014622961189914999,0.015064685532277234
paired_deficit,3,76000,65.239164221799,65.67799487500452,0.5646762251853943,0.8853546380996704,22,0.4558,0.5442,0.0138,0.0135,0.0073,0.0135,0.0045,0.0171,0.0148,0.0151,0.0145,0.0089,0.0122,0.0044,0.0155,0.0152,0.0063,0.0055,0.0021,0.0047,0.0021,0.0067,0.0054,0.0124,0.009,0.0048,0.0093,0.004,0.0121,0.012,0.007,0.0055,0.0022,0.0035,0.0014,0.0067,0.0059,0.0046,0.0153,0.0078,0.0112,0.0047,0.0149,0.012,0.0157,0.0138,0.0071,0.0121,0.0056,0.0161,0.016,0.0,0.0,0.014585954432006786,0.01523050318531628,0.021718405392986247,0.01717035920147909,0.023824719236210143,0.015076367841625497,0.014576823604571163,0.015901799173324696,0.016542740206379275,0.022159068329829994,0.018481886779786155,0.023703258887127703,0.016428355525278472,0.017167815929954637,0.023248413895957776,0.02265138339191291,0.026270663334526698,0.024202078549101745,0.02712712929879022,0.02291597162311831,0.022914344139611395,0.018268075153735703,0.019071303578595433,0.024591511049406566,0.021418826638732763,0.025190488080611098,0.018394069932499812,0.017144443639712643,0.022427281164070896,0.023759912160668847,0.026519817028539124,0.025011865978959123,0.02707754476424138,0.024011348662179,0.022899623321302492,0.02190815965461776,0.015212965322086157,0.022215392570444963,0.018080266187156364,0.023792101237157685,0.016211659427603144,0.01686629093073986,0.014110153618170557,0.01775419491431724,0.022373554082423842,0.01897176770230917,0.024168304742343254,0.015177961391413891,0.015473075107065963,0.015433446108495846,0.014876470806428028,0.007541033835555144,0.012612735995628326,0.005210292647445764,0.015007966742075794,0.015560737323881944,0.013977398356821462,0.013229102676924967,0.006975293345451855,0.011122402899873759,0.00530563207393896,0.013550987524340367,0.012615550252256632,0.005808940713596562,0.006547709705854256,0.002425608664272676,0.00475366327055199,0.0014778864121758786,0.006176804648246342,0.0062176680398156265,0.011358996114572325,0.010509246351716302,0.004361799310390862,0.007872532649878264,0.0036208763888697726,0.011336764115765459,0.01264141285563965,0.006756627484034924,0.005242942404729235,0.0021499076909003863,0.0038185306419461834,0.0015327541695796475,0.004925652891148548,0.006273019858553964,0.007291998792941587,0.014739627325695505,0.007069217767564865,0.011605878591310799,0.005324511088178657,0.01367358505057436,0.012910140183576588,0.01599900590979388,0.011966692697105295,0.006855141676153148,0.010697512756949565,0.004869160670085188,0.014856485918614737,0.014373677891918442
paired_deficit,3,77000,66.08208497345913,66.5285935420543,0.5569868087768555,0.8792703151702881,23,0.46330000000000005,0.5367,0.0129,0.0137,0.0068,0.0133,0.0044,0.0161,0.0153,0.0146,0.0145,0.0095,0.0125,0.004,0.015,0.0152,0.0059,0.0048,0.002,0.0051,0.002,0.0071,0.0058,0.0115,0.0097,0.0044,0.0082,0.004,0.0111,0.0113,0.0061,0.0068,0.0027,0.0038,0.0012,0.0064,0.0061,0.0106,0.016,0.0086,0.0119,0.005,0.0155,0.0122,0.0162,0.0146,0.0076,0.0124,0.0061,0.016,0.0168,0.0,0.0,0.014731582213331165,0.01570443697699614,0.021670819869779652,0.017530884358281432,0.0235757219450441,0.015538551778986968,0.014600810024603842,0.015109709374218724,0.016366039938881187,0.022242354340702746,0.017718878541653743,0.024002849202912898,0.015604365842134007,0.014377724465000137,0.022929996352004867,0.02393899218935792,0.02645757876058015,0.024521381370578785,0.02714332067005648,0.023116061081498475,0.02360697194667636,0.01852796523699721,0.019229315667808444,0.025198126891389047,0.02170564017574495,0.02545902398917722,0.018042655037656105,0.01841346733152467,0.022635065873227334,0.024041676940138167,0.026774474109316562,0.024388608353390302,0.027066918088550967,0.0233108984725674,0.02291935357611526,0.022488221283338078,0.01566348698274861,0.021820541344702474,0.018403816110591997,0.023616705414944553,0.01617163480933983,0.01822250509186149,0.014618372374185099,0.017668571650933464,0.021894036436477513,0.018324690530344884,0.02372917190889435,0.015049874210682372,0.014126150864071707,0.015472207019454655,0.014413468899132687,0.007725062830643882,0.01234765823468248,0.00565199651294898,0.014593998397768058,0.015536398741800718,0.015021636394590664,0.013654397305867002,0.0072593234504770504,0.012064942975407552,0.0052652875757324075,0.014678624286842652,0.015974490734554623,0.006471914087521115,0.005295719369254574,0.0025157301534943113,0.004661917027886831,0.001808513632841865,0.006191298613793922,0.005657050269584701,0.011262555324394366,0.010577414866345176,0.00392542859467018,0.007765293597441123,0.0036024370713192404,0.011712583577494357,0.011465286074140733,0.006714755949573827,0.0051449071363167944,0.0021708593686753917,0.004845473711292009,0.0018916610136761344,0.0060183235302890235,0.006483496404801364,0.00691362644032993,0.014418971447849207,0.007601186484217871,0.011475789302259364,0.005685520033357913,0.01382690196791304,0.011555918908916926,0.015556348492725976,0.012197815944898684,0.007599328265524816,0.011522837567431159,0.005524062527596685,0.015086753790257186,0.0162092106852528
paired_deficit,3,78000,66.92856939602643,67.38352654199116,0.5460162162780762,0.8977354764938354,22,0.4598,0.5402,0.0143,0.0141,0.0078,0.0132,0.0045,0.0166,0.0152,0.0158,0.0153,0.0095,0.0117,0.0041,0.0151,0.016,0.0063,0.0052,0.0016,0.0052,0.0018,0.0068,0.0066,0.0114,0.0096,0.0046,0.0089,0.0035,0.011,0.0117,0.0069,0.0061,0.0025,0.0037,0.0012,0.0067,0.0055,0.0027,0.0159,0.0087,0.0118,0.0051,0.0149,0.0111,0.0168,0.015,0.0082,0.0116,0.006,0.0154,0.0166,0.0,0.0,0.014155011735546806,0.015763631654871674,0.021542192561249673,0.01644683427691079,0.024281607808504517,0.015023795448445003,0.014573165958421513,0.015489012670644144,0.01574684810567981,0.021705067161361998,0.018319007223553424,0.02415128200390853,0.016101144585677237,0.015614342962584684,0.022627242084511202,0.023910469226698768,0.02628879464350145,0.024320048046930977,0.0273122568178571,0.023087131987627605,0.02204384684126237,0.018587705866856114,0.018697390555526376,0.02486676642611433,0.020899274321082607,0.025979484726171946,0.018378563369469088,0.01817435148950569,0.023285982602328767,0.023876929293796575,0.026934684486760008,0.025106834714574644,0.027556071360459268,0.023396413607797734,0.022742897619451287,0.02387780726646688,0.016321914411581196,0.021357460208163218,0.017928949543963693,0.02407769682798839,0.015196013449310306,0.018081636773883858,0.013721721382584769,0.017635856385657872,0.022008736748972912,0.019089051529818865,0.0239197567727328,0.014835519417584982,0.014961795035646448,0.015985462365175066,0.014330073604378577,0.00818098810644374,0.01359382687978616,0.005033571153052998,0.015244538465655053,0.015612967494825152,0.014704139107424304,0.014426285234495226,0.008044530362545828,0.011576297737813317,0.0051740155009937115,0.013966356045638069,0.01456907812557674,0.006933569939597364,0.005511650070689918,0.0028705455948359456,0.004992146400393879,0.0017676214412889481,0.006398911515459958,0.0074841352038454365,0.011208612233136708,0.011207599084944822,0.0045201681054107745,0.008795697754956873,0.0032819954477735893,0.011512117630850489,0.011732184596192585,0.006145559565984547,0.005469669056303711,0.0022526336268756633,0.004144273326844015,0.0015048770480325581,0.00610467965668354,0.006769872366437847,0.005507785417512756,0.013689383069349933,0.00834100064728626,0.011879452138936198,0.005253313857004201,0.014941761895937353,0.011832097716394551,0.01664770604031264,0.01235155115772224,0.007521971256598136,0.01074646690872948,0.005423516436169969,0.015330244816715268,0.015311352613279474
paired_deficit,3,79000,67.78187208727468,68.24451791704632,0.5722301006317139,0.9577170014381409,23,0.44599999999999995,0.554,0.0145,0.0142,0.008,0.0135,0.0044,0.0168,0.0148,0.0136,0.0151,0.0109,0.0118,0.0039,0.0156,0.0159,0.0069,0.0064,0.0022,0.0055,0.0023,0.0072,0.0064,0.0104,0.0087,0.0046,0.0104,0.0039,0.0118,0.012,0.0086,0.005,0.0026,0.004,0.0014,0.0061,0.0056,0.0022,0.0029,0.0071,0.0108,0.0039,0.014,0.0125,0.0154,0.0137,0.008,0.0123,0.0059,0.0157,0.0166,0.0,0.0,0.014630981603743605,0.01610744995362181,0.021071906917489756,0.018129327044655308,0.024161429495674992,0.01593687426399701,0.014265505381700037,0.01486611323717175,0.015194749724025215,0.020774178336964308,0.018503500831512826,0.024593934448026593,0.014834227960675477,0.015980256698375512,0.023228889454115165,0.02387460397291754,0.026534872130967273,0.024599612167353152,0.027778619419998943,0.023987180415777687,0.023220226419487587,0.019406484101080784,0.019126487148476697,0.02446390583738524,0.021492472823994115,0.026371862549785775,0.016866457604436225,0.017102335913986907,0.022749222584381515,0.024919914258100504,0.026771295940592528,0.025445984214374752,0.027840799434799307,0.02340850178856642,0.02355904894206086,0.02253966621325698,0.01618207415470272,0.02080779462690649,0.016824578375823348,0.024457685670097623,0.015586290552612738,0.017065213430616573,0.01354724689558021,0.017032539408144913,0.021574663262953042,0.0188079460302659,0.023927904788181915,0.015423260908418914,0.014423922662165403,0.015624756783152546,0.014097429284703719,0.008713433500886554,0.011952413406951282,0.00547481160836273,0.014356518579826493,0.016090616676980193,0.015453429880610128,0.015065715879766853,0.009146482204972571,0.01155545123877227,0.004937840719997415,0.01537006957250737,0.01434955651633046,0.006464146323443391,0.005740043223562825,0.0028786937193715566,0.0050099422093899185,0.0015591982392972512,0.005698735514983851,0.006551461964609506,0.010597473397706763,0.010855460560973418,0.0051929759892385356,0.008345378784476557,0.0030516311058282866,0.013214070638428865,0.013002889084797992,0.006933963940921035,0.004592007696053392,0.0026278709429654627,0.004112023395532068,0.0014932312625620411,0.006273595022898617,0.006074816565866358,0.007117220465821084,0.013862010230910576,0.00903269357536972,0.013258500446116496,0.005199574984624248,0.014572203961425898,0.013159459946231829,0.016774494403995574,0.013076936421259077,0.008297245184699676,0.011154339352909179,0.005683496218036984,0.014745162632796634,0.0158053637770528
paired_deficit,3,80000,68.64915929490235,69.12006529199425,0.5408963561058044,0.9691635966300964,24,0.46109999999999995,0.5388999999999999,0.0127,0.013,0.0081,0.0128,0.0047,0.0151,0.0159,0.0131,0.0133,0.0093,0.0123,0.0046,0.0161,0.0162,0.0057,0.0045,0.0028,0.0056,0.0023,0.0074,0.0065,0.012,0.0108,0.0059,0.0103,0.0031,0.0121,0.012,0.0052,0.0061,0.0029,0.0039,0.0017,0.007,0.0057,0.0054,0.0151,0.0097,0.0119,0.0042,0.0141,0.0113,0.0159,0.0134,0.0089,0.0121,0.0063,0.0154,0.0167,0.0,0.0,0.014868474783556292,0.015837986762792963,0.02066695021796943,0.016828954613587556,0.02453858471361073,0.015652234174085306,0.01489609174894924,0.015680773809477376,0.015325241061225552,0.020714696421900332,0.01734234486740787,0.024822534699537983,0.015499221342268795,0.014710587076758406,0.02315733714525696,0.023856242918381555,0.026555409656628483,0.024579331627828965,0.027713587283928198,0.023835095141973624,0.022508933575665056,0.019033883600472132,0.01948536501499451,0.02401530330139015,0.021125731367665233,0.026606476914477713,0.017698139863321746,0.01691811866032561,0.022841584605945167,0.02521015848437596,0.026336711696130527,0.024937275606349434,0.027803301820567297,0.02322006872313963,0.02262813522928714,0.023220707522087908,0.01655273623236179,0.02060690147003083,0.017648997863983138,0.02501511095854702,0.015252379431395922,0.016996277974119012,0.014545500815765557,0.018545777300689008,0.021110921715046187,0.0186488641289258,0.02497650503883425,0.015161281069234964,0.014267169947745718,0.015553813543330203,0.014248845690482424,0.009228167456498288,0.013350736962913345,0.004991682224322868,0.01448554312174223,0.015368179957911487,0.014533302844369064,0.014833453542975585,0.009099241992303135,0.012648255827029043,0.004689568340794295,0.01476553147802272,0.015526488613769283,0.006422223836564886,0.005678610003834126,0.0028067812100413952,0.004909266284962499,0.001574516522100651,0.005779235574974249,0.007151167407921534,0.010965699142798062,0.010368149571157483,0.00558749974266887,0.008583788695471294,0.0028305722485882745,0.012504076105131254,0.013177744212372028,0.006914424639921971,0.004277148785276353,0.003156656484087431,0.0045674876129393645,0.0015181255675618364,0.006433604404258894,0.00698527808529925,0.006354799742203523,0.013566499661416244,0.009213932441847348,0.012321986651883662,0.004445610738247862,0.01495003853298793,0.013172710152698393,0.015741197720205595,0.011367841444209003,0.00867767070159277,0.011336285290615852,0.004525748726572077,0.015007901834500702,0.015998270538433414
paired_deficit,3,81000,69.53136530169286,70.01040541706607,0.5654294490814209,0.9439243674278259,26,0.474,0.526,0.0147,0.0128,0.0092,0.0124,0.0047,0.0165,0.0156,0.0155,0.0135,0.011,0.0119,0.004,0.0152,0.0157,0.0074,0.0047,0.0035,0.0059,0.0021,0.0073,0.0062,0.0121,0.0101,0.0071,0.0081,0.0032,0.0116,0.011,0.0063,0.0061,0.0033,0.0037,0.0013,0.0069,0.0065,0.0065,0.0148,0.0125,0.0123,0.0043,0.0158,0.0127,0.0161,0.0122,0.0105,0.011,0.0043,0.0167,0.0172,0.0,0.0,0.014118205368129957,0.016436074921551,0.01910605502648695,0.01791528562595073,0.02475978659898273,0.014068876557946652,0.014828620429579435,0.016327291345571954,0.016146988710980737,0.02002390909626886,0.019332350138628007,0.02567713371552897,0.014395001674970275,0.016230494041442445,0.023430152714843885,0.02470267546043549,0.025965316237986244,0.02534661680799185,0.02806924008797681,0.024329440147348377,0.023016502261553714,0.018566457261676418,0.019438329623081174,0.022638664656611348,0.021269599440128628,0.02706403903986241,0.01807524748144857,0.017546128997448018,0.02346253595241088,0.02449970997189327,0.026614907804315066,0.02543356271523884,0.028254972062878643,0.023192797461185827,0.023450559496920667,0.02215155405306788,0.01677067563306726,0.018174924149128198,0.017267297514049568,0.024705604563264386,0.01573244628749693,0.018399586629953574,0.014748896447892994,0.01853080476594014,0.018688766255332362,0.01867950929258153,0.023975251779363303,0.014372810103946974,0.014068343589659955,0.016248702729241796,0.013954193944529864,0.01105894626861318,0.012376042691738903,0.005137290674440989,0.01641721585629132,0.015470467758654585,0.014145506050180022,0.014137794786550556,0.010064875214860169,0.01082349079166731,0.004104684595253227,0.015882576782923003,0.014011846682944909,0.006520747777827967,0.005196713656397313,0.0038048365223954037,0.004487643237624684,0.0016157464052013266,0.005506932433797095,0.007029267689352178,0.01158132430469154,0.010596033786407989,0.007305212558134117,0.008729697163510849,0.002700700219295333,0.012287730623686308,0.012760142680507791,0.00656517867558136,0.005368832632904286,0.003168012165525836,0.004397177783618013,0.0014224960502959591,0.0067677111078217195,0.006460452434743739,0.007812041266883359,0.013606048686901061,0.012184019071515211,0.012972136186780177,0.005154603484279798,0.014490992774980085,0.011715887314358176,0.015553418945511436,0.011540295003792028,0.011532189276122835,0.011659008458216828,0.005914520750919567,0.016140041662726562,0.01630058289898981
paired_deficit,3,82000,70.40189175819978,70.88905862509273,0.5455183982849121,0.9553766250610352,26,0.48350000000000004,0.5165,0.0123,0.011,0.0115,0.0117,0.0049,0.016,0.0162,0.0143,0.0122,0.0144,0.0113,0.0041,0.0161,0.0165,0.0062,0.0039,0.0038,0.0056,0.0021,0.0074,0.0063,0.011,0.0095,0.008,0.0093,0.003,0.0114,0.0118,0.0058,0.0067,0.0042,0.0034,0.0015,0.0067,0.0064,0.0091,0.0156,0.0141,0.0122,0.0049,0.0152,0.0117,0.0172,0.0127,0.0131,0.0124,0.0056,0.0162,0.017,0.0,0.0,0.015056054679501513,0.016938660749293167,0.017170342173276364,0.018796717957030338,0.02477998217189023,0.014169980768803698,0.014444259640614484,0.015342863642255594,0.016741885048697384,0.017531150664084647,0.01962311160646612,0.02581197718111934,0.014666492293302531,0.015239802659625937,0.02378623299506092,0.024634730229839537,0.02546582957019292,0.025140373372225903,0.028298530500418223,0.02395484725112141,0.023664501371052485,0.019414219192537944,0.020188635646354633,0.021548654738959942,0.02157093689917041,0.026931445135385076,0.018267279371592504,0.01750376010716474,0.02357758043628399,0.02547899067897802,0.025940099866127525,0.025996766989917916,0.028476820321721975,0.02391815011360121,0.023007984061858132,0.024525637486536953,0.017295720067166537,0.016446324053951265,0.01796786049340183,0.025353157636943742,0.015616848740787684,0.018072299554328403,0.013520164579166166,0.01890113951768398,0.016505234457664893,0.018389217746832477,0.02544050666929487,0.015436152644766263,0.013450086265948248,0.015363881048718962,0.013479435564026185,0.013242720578301106,0.011424759795382005,0.005350564361881745,0.016230143496727772,0.01602803058162376,0.015109903311150842,0.013680486456914994,0.012913135582603034,0.010736661735160863,0.004335210501354991,0.01568378215328402,0.015098015919431256,0.006404966452614392,0.005498972079677726,0.004610753591659716,0.004982343222801172,0.0017555712759410231,0.0062326888460191455,0.006490280344748171,0.01091103009176968,0.010041663495189302,0.008730221327666859,0.008590267560326725,0.003113295739285362,0.012121951080356628,0.012823933732806774,0.006696277242926022,0.004597306541720928,0.0041652416946198825,0.004068280908393467,0.0015343453906369701,0.0061920582736469535,0.007200123793873717,0.005688559995994461,0.012997431196621528,0.013826218875053491,0.012349750199166709,0.00472587346019363,0.014829965551908606,0.012282104572156203,0.017128452736294292,0.011513382048859218,0.013961341070909208,0.012036425945068426,0.004636626663490601,0.015053649991185834,0.017082866086409146
paired_deficit,3,83000,71.23983963869978,71.73533691698685,0.557830810546875,0.9330763220787048,26,0.4929,0.5070999999999999,0.0138,0.0127,0.0125,0.0117,0.0046,0.0169,0.0159,0.0139,0.0138,0.0166,0.0107,0.0037,0.017,0.0159,0.0058,0.0048,0.0038,0.0047,0.002,0.0073,0.0069,0.011,0.0102,0.0097,0.0083,0.0031,0.0122,0.0119,0.005,0.0064,0.0051,0.0042,0.0012,0.0072,0.0067,0.0091,0.0162,0.0151,0.0108,0.0045,0.0157,0.0118,0.0171,0.0137,0.0133,0.0099,0.0052,0.0165,0.0168,0.0,0.0,0.0150556807060281,0.017338998089821846,0.017770708495753317,0.019129018993397896,0.025273518708570693,0.014412109893816041,0.014458462398440954,0.0162414476532807,0.01734944353235303,0.017004137978796286,0.019234145449209893,0.026087695887154976,0.014575526916490042,0.014488376021959928,0.024367504636117313,0.0254153496252065,0.02548526898405109,0.02618041230925551,0.028431428088391643,0.02387433909426097,0.024153700796471413,0.0190623732052964,0.01918988648968175,0.02016932641533028,0.021801605162507932,0.027222710064980324,0.017662074415934655,0.01714504989015355,0.02388135654145606,0.02565135204186016,0.02535586247371935,0.025635865958903402,0.02859701541372476,0.02353897302644135,0.02340044442845842,0.024145687418572016,0.017038048903050416,0.015113046568721252,0.018865547635989587,0.025838700111734392,0.015926328988479507,0.017948431894512715,0.013196109091680286,0.018806032381142035,0.014967240532671898,0.01844467158560968,0.025601725057563147,0.015000601818097292,0.014466658224899192,0.01545182709078311,0.013102665677130393,0.012704954145261963,0.01121352422619086,0.005075079327626855,0.01618107148605504,0.01605605030274776,0.014291214523210038,0.013092097717715214,0.013402390935764499,0.011146227219145915,0.004173227486532436,0.01601573770931817,0.016025785815784593,0.006030782737639603,0.004814397345095317,0.004782720386771828,0.004040361073203343,0.0017629426368064006,0.006373482726186707,0.006168969329364159,0.01139813921734279,0.0111910053017073,0.010239139810580004,0.008548653208351856,0.0030249004787389314,0.012814862418004053,0.013298888737725764,0.0065226329698159745,0.004614689304389671,0.004952707234415625,0.004630357027006356,0.001634475601455024,0.006712782376092963,0.0068919983063526185,0.006255201697928632,0.013407144762850064,0.01535472587131783,0.011558210896875587,0.004464206287956774,0.014570966783871752,0.012447021189820126,0.017294147528019294,0.011579361719186769,0.015658492098309447,0.011984023494662426,0.004664898374458546,0.015585677011057992,0.016086820845645326
paired_deficit,3,84000,72.10362355282996,72.60783645906486,0.5489137172698975,0.9571821689605713,28,0.503,0.49699999999999994,0.0138,0.0129,0.0132,0.0124,0.0045,0.0165,0.0154,0.0154,0.0135,0.0179,0.0111,0.004,0.0157,0.0161,0.0067,0.0046,0.0042,0.0054,0.0017,0.007,0.0062,0.0119,0.0106,0.0102,0.0093,0.0034,0.0129,0.0125,0.0061,0.0063,0.006,0.0041,0.0013,0.0074,0.0072,0.0052,0.0155,0.0151,0.0114,0.0044,0.0157,0.0137,0.0167,0.0135,0.0137,0.0118,0.0057,0.0159,0.0173,0.0,0.0,0.015512205996529704,0.01669454523084825,0.015954748499429496,0.01911549712273536,0.026185200306579802,0.01504581644958447,0.014823894591057415,0.015980029589846928,0.017724658529669816,0.016962445806371587,0.019567388446241497,0.026137813608163148,0.015368618039698839,0.01647201174042154,0.023450872370614807,0.025164337840914403,0.02470513269999764,0.02620187340337142,0.029016717378408517,0.024180771883920225,0.023351962674271955,0.018323654660720716,0.019362004644660313,0.019473487468372783,0.022027631460547266,0.02764953833413051,0.01856306305723794,0.017323118198301898,0.02447191745687722,0.025904287592885135,0.025538408560436522,0.025585922185466965,0.028994894679159125,0.02444112905842484,0.02363678745183621,0.023976704917278265,0.016055302741128527,0.01335409648868804,0.01794298116178045,0.026004012696998938,0.01605875025797919,0.017231193166597374,0.014249898222608328,0.01864845752606277,0.014894432212411634,0.018953671248647247,0.0254381239387897,0.014483661888254618,0.013796326515040636,0.015217366607017668,0.01396758768875558,0.014544448554000486,0.011412264996485157,0.004406453808061366,0.015601416187927868,0.015704144941693303,0.014597520939838873,0.012985846473725516,0.013623983247740924,0.01096445761223662,0.004531537252187919,0.015164344396769485,0.013992797546836057,0.007155132928229899,0.0054571527937548655,0.005951270397251722,0.004546181393327553,0.0015614638926980272,0.0064318298356155525,0.007292211234447313,0.012431326232327178,0.011207047770699932,0.01109657246595635,0.00852644888858154,0.0029553496428267366,0.01211595647405277,0.013305632909742978,0.006065190472361479,0.004684827790871543,0.005125525214703384,0.005000315991054291,0.0015830893706830667,0.006095700622609966,0.006970898042797361,0.006634052559952122,0.014640115564901541,0.01727784733666573,0.012652309418595388,0.004586003946079336,0.01451951170476639,0.013279539674787014,0.01642920385426331,0.011914146252339412,0.015673307299631123,0.01161169087947042,0.0051077160204242925,0.016119427812961575,0.016917738936208713
paired_deficit,3,85000,72.96513287420385,73.47753654199187,0.5542230606079102,0.9616134166717529,21,0.46799999999999997,0.532,0.0085,0.0127,0.014,0.0125,0.0044,0.0166,0.0157,0.0086,0.0119,0.0165,0.0108,0.004,0.0154,0.0161,0.0064,0.005,0.0043,0.0051,0.0018,0.0061,0.0069,0.0086,0.0099,0.0093,0.0087,0.0033,0.0117,0.0117,0.0064,0.0063,0.0049,0.0041,0.0012,0.0064,0.0072,0.0147,0.018,0.0144,0.0096,0.004,0.0162,0.0131,0.008,0.0103,0.0109,0.0079,0.005,0.0154,0.0175,0.0,0.0,0.01533301432770385,0.016721481530312075,0.015824118744702232,0.019465366536722664,0.025973756476555004,0.014747710316660964,0.015131408324271749,0.015858109744515972,0.016985797700914927,0.016169223292219703,0.019059302083655007,0.025945149903358958,0.015721594055338454,0.015028742347233708,0.023454343452765834,0.024730149659449197,0.02447909382587796,0.02553942593612954,0.028957122510379685,0.02469433058401962,0.02332536366262766,0.019445234496871487,0.01956566538976949,0.020058325730345213,0.022626108877415216,0.027680659839531954,0.018684215692424844,0.016955859419675784,0.02275690496340884,0.025203559588476296,0.024772421808332466,0.026118835433875227,0.029045351364641286,0.023518638633851403,0.022517077962137706,0.025489157905215325,0.01619406590406964,0.015088831466655581,0.01901076386197066,0.025799749152804898,0.016676041588613296,0.017985369678539552,0.014001955147916032,0.018598026380579474,0.016851842689912015,0.018172465306548178,0.025204183660293644,0.01479656575320051,0.014037517287509146,0.01513818486159021,0.01370657035451952,0.014723760638758228,0.011071800468943177,0.004388013155503647,0.015686148309191416,0.015418508980294267,0.014689669639039945,0.013441476578315938,0.014416703310078143,0.011439997044315791,0.004455766387877258,0.014787524450881145,0.015482414495753063,0.006953900672563548,0.0057134036047085945,0.005926135532599791,0.0049408089757184935,0.0013958702007223665,0.005749328058154215,0.007083259915108903,0.010974804236297937,0.010932144041441778,0.010359909317579304,0.007862696874636785,0.002676088164028033,0.011855249421866573,0.013627752936554362,0.007653390992779968,0.005316725926189802,0.00567100709317414,0.004242507382792209,0.0013073817813684656,0.007045666338113661,0.007893923553680581,0.004991224892788476,0.014313662612445873,0.015461211097000214,0.011488678063139433,0.004601594900522924,0.01383026897836526,0.012399901407481503,0.016551284954168178,0.01178544229856748,0.01373207567858915,0.012290380353035176,0.005277037518382852,0.015793399142281565,0.016554680692452025
paired_deficit,3,86000,73.83279074612074,74.35458541708067,0.5196526050567627,0.9525312185287476,29,0.512,0.488,0.0128,0.014,0.015,0.0134,0.0048,0.0171,0.0167,0.0153,0.014,0.0182,0.0117,0.0039,0.0161,0.0166,0.0064,0.0055,0.0046,0.0051,0.0023,0.0066,0.0065,0.0109,0.0116,0.0112,0.0102,0.0034,0.0118,0.0133,0.0059,0.0069,0.0058,0.0045,0.0016,0.0073,0.007,0.0066,0.0169,0.0145,0.0113,0.0035,0.0142,0.0104,0.0175,0.0149,0.0132,0.0119,0.0062,0.0159,0.017,0.0,0.0,0.014358383302968895,0.016280586803087947,0.014322973824564269,0.01851015859416716,0.025416693203308333,0.014521938499574064,0.013553394729866311,0.017389261872829742,0.016359738411666058,0.014197808730720794,0.019635835985545497,0.026691171225860066,0.016270089295243262,0.01717943890979101,0.02411056003792854,0.025298349299386978,0.024969195524552616,0.025828234414033046,0.029081710176341376,0.024028108423608918,0.02446345555279134,0.019982997979984717,0.019045444725465387,0.020293389116701345,0.021931556656174654,0.02798626552269933,0.0191026461050619,0.01812670170477932,0.02393941149684161,0.02552839970483612,0.025193953949148785,0.02554498469519923,0.02909776023534732,0.023400190422747803,0.023756371198247153,0.024629938300596024,0.014343429849099656,0.014296067837362307,0.01821056166655414,0.026154844979790953,0.0171557307755488,0.017260855914269166,0.01450047570967651,0.017432775253627103,0.016187168355257343,0.0187222816237061,0.026067319019849565,0.015497004964561073,0.014144385419030339,0.01620061233217391,0.014390175674144266,0.016274464584269184,0.012199625194865723,0.005296779229531054,0.016078982130667076,0.017186824731284165,0.013300904310421323,0.01431240935381308,0.016280251575337287,0.011093649079154621,0.004005544247666587,0.014517676957684411,0.013507055013478816,0.006540990335194765,0.005373989413143156,0.005736444935114761,0.004931503192416928,0.0016568438090159348,0.006700123905534499,0.0063114585941678675,0.010713500512157862,0.011634644984497265,0.010525729250112659,0.008759982438621866,0.0027331163115026946,0.01161750722667561,0.012654495934200989,0.006865393484694521,0.005147965282441847,0.005515620166569092,0.005209795557717524,0.0016410746534370126,0.007317052269643437,0.007006167765648455,0.0061869520786042844,0.016293429075077723,0.016379024670771687,0.012415853664890304,0.0045715463690221645,0.013413160714906495,0.013427062945542438,0.016100069285108508,0.013336277488057017,0.014442896639690238,0.011952152180397552,0.004657540475274341,0.015120980993071124,0.016371802387889683
paired_deficit,3,87000,74.6973543401109,75.2275907919975,0.5380908250808716,1.0195318460464478,29,0.5108999999999999,0.4891,0.0143,0.014,0.015,0.013,0.0046,0.0167,0.0161,0.0156,0.0145,0.0187,0.012,0.0041,0.0163,0.0158,0.008,0.0053,0.0046,0.0057,0.0021,0.0065,0.0058,0.0122,0.0121,0.0108,0.0101,0.0034,0.0126,0.0112,0.0077,0.0067,0.0061,0.0046,0.0018,0.0076,0.0069,0.0016,0.0139,0.0146,0.0119,0.0039,0.0152,0.0108,0.0166,0.0147,0.0133,0.0123,0.0057,0.0166,0.0173,0.0,0.0,0.015087799758018564,0.016517699461053317,0.015049181458441988,0.019154302733923476,0.02624536082828037,0.014357366095177886,0.014900634381449635,0.015819753247198507,0.015415173711119027,0.015534384546739884,0.01879517909122432,0.02635639783611385,0.016665617855914566,0.013912590930018166,0.02368187928749685,0.025784808111452794,0.02574234223275681,0.02610902245571045,0.02967241283920711,0.025127224339836215,0.02375421413382463,0.020262732329778592,0.0197794515839561,0.01959557646156688,0.022327309531203043,0.0281148824422299,0.018560948221054856,0.018560538880625414,0.023669391430175983,0.025683699460896672,0.025048390256037396,0.026069314114206196,0.029340304380295897,0.02384302970846247,0.022999987278989824,0.02352975424232643,0.014647521025491397,0.014690816321441284,0.018026199849266872,0.02694522909099789,0.017587284812600357,0.017979034587257754,0.013441642620615831,0.017955696204727985,0.016042433824870507,0.018263286295041724,0.025541751651851866,0.015082320214899752,0.012728127844172672,0.0156631111143767,0.014315441311759408,0.015583376061832513,0.011719372246952353,0.004686136890349667,0.01621524363451463,0.015805563634674145,0.014875129650105099,0.015423745289785,0.015190945823276727,0.012067654266248923,0.004617514491036901,0.014054800941694433,0.016685653932979022,0.007211291703134249,0.005132785930228117,0.005252094801811399,0.0048574218286981195,0.0013234820319378297,0.005809580332572224,0.007141140581489352,0.010527217654863965,0.011113096084754127,0.011135170180719505,0.008603093203111393,0.0029511794713500874,0.012255751414750686,0.012217085897556594,0.007301527563148116,0.005269904700540395,0.005846971985488712,0.00489593141068519,0.0016455644318202735,0.007015943770065682,0.007911660498314517,0.007280699228476561,0.01609009822351101,0.016048109974043122,0.012696231208748868,0.004007397028087143,0.01312189579078782,0.012702910093442241,0.01714238473173725,0.012686481410958381,0.014541984101042035,0.012544427191929762,0.005368504731465053,0.015746550234961743,0.017912484131611953
paired_deficit,3,88000,75.54080988268834,76.07935554208234,0.5436413288116455,0.9864090085029602,29,0.5198,0.4801999999999999,0.0146,0.0146,0.0143,0.0134,0.0044,0.0167,0.0166,0.0161,0.0149,0.0181,0.012,0.0035,0.016,0.0164,0.0064,0.0055,0.0044,0.0062,0.0019,0.0061,0.0067,0.012,0.0112,0.0102,0.0107,0.0039,0.0127,0.0119,0.0062,0.0077,0.0056,0.0047,0.0014,0.007,0.0074,0.0058,0.0178,0.0154,0.0116,0.0038,0.0151,0.0114,0.018,0.0153,0.013,0.0116,0.0061,0.0163,0.0172,0.0,0.0,0.015263129815623576,0.01552174411820173,0.015752296609968453,0.016766540915171112,0.026334889695158507,0.015494363152011921,0.014631103157160177,0.01696856331607148,0.0164896536512962,0.0160675289818386,0.018740096762124278,0.026834823649476904,0.015288895054075657,0.01532725232943999,0.024295892170398174,0.025313831781411396,0.02486965418060067,0.02632308031064213,0.029312619558404474,0.02524734436686052,0.02421369479414217,0.019368918253812623,0.019269511693308025,0.020396282826002102,0.022090126902767567,0.02849555511118742,0.01913592050335212,0.016867662259100566,0.02369451717061131,0.025429523182380787,0.025556089343257253,0.025718222033986188,0.02922240897079298,0.024220510729065076,0.023180162071192313,0.02380251157463277,0.014752498392095147,0.01495385609098336,0.018426627221764864,0.02565793538931599,0.01610185236242603,0.01862972596197843,0.0135091100196551,0.017426327146941138,0.01581944656809376,0.019010241080692325,0.026066143242287405,0.01426002090629074,0.013881294621948436,0.015458490358713162,0.015131784183810039,0.01502736364160636,0.013935280172927729,0.004777204858427578,0.015431540385744125,0.01606599708886954,0.013741095376217247,0.014318612896465535,0.01472436093608779,0.012233602342996973,0.0042185412010543035,0.015316537201198369,0.015474980523890333,0.006698035509257116,0.005719587596811808,0.006146533008470984,0.00474949358938696,0.0018759356646345967,0.005783495584346001,0.006816106479244954,0.0115901139328678,0.011529413944437027,0.010524481707386613,0.008857289028554725,0.0026613015095859082,0.011696884868197387,0.01403339440418863,0.007276079733857598,0.005686509526863777,0.005525791091132452,0.005330885954627754,0.001962646467686139,0.006848617473414424,0.00784860505764614,0.007211337550330848,0.015949311469292658,0.0157557655870022,0.012456785607319816,0.0053497712356038556,0.014652306655710556,0.0122615662286531,0.017300711696487156,0.013379215822055566,0.01488469381435173,0.01177862596735825,0.0050355250995733946,0.016422682937205186,0.01694296626324311
paired_deficit,3,89000,76.40134777210187,76.94844300008845,0.531090497970581,1.0685889720916748,29,0.5222,0.47779999999999995,0.0133,0.0143,0.0141,0.0128,0.0043,0.0169,0.0167,0.0138,0.0151,0.0171,0.012,0.0035,0.0153,0.0166,0.0066,0.0055,0.0049,0.0055,0.0019,0.0063,0.006,0.0123,0.0117,0.0111,0.0104,0.0039,0.0128,0.0118,0.007,0.0078,0.0063,0.0053,0.0014,0.0081,0.0076,0.0066,0.0185,0.0158,0.0123,0.0041,0.0147,0.0113,0.0179,0.0155,0.0131,0.0131,0.0065,0.0157,0.0171,0.0,0.0,0.014812911466280566,0.015764881809581018,0.014316431715343116,0.018343049220695164,0.026628143712614682,0.01271277828981532,0.013590315157120201,0.016657143385587315,0.015682852954102662,0.016328898517417895,0.01964591203188406,0.026953271412410648,0.015276249947129268,0.014346029824288335,0.02415232124767908,0.026155302367711797,0.02575891823211412,0.026020988480396877,0.02958336824833825,0.0257272865020807,0.023680693794880005,0.019541478901371125,0.018802482480381796,0.0195632136592837,0.022750373045871488,0.027946235991329373,0.01898228814700735,0.01811240898789427,0.02320293173089688,0.026114222798445462,0.025207049164258064,0.02617834890142117,0.029396603032038546,0.024453584847614777,0.0228427567525746,0.02470755677784282,0.015052243910363198,0.014237948873059604,0.01893289517598778,0.02648955077221591,0.017486869317506277,0.018123356744964632,0.013807090843942063,0.01675162845272754,0.0165584131908558,0.018193953577273596,0.02594306703398805,0.015265193441672709,0.013218505129740304,0.015930275047837086,0.015023299460269673,0.016364226247256183,0.012449801299965417,0.004595363232701833,0.017970208200057826,0.017173210499824558,0.014290398012796312,0.015140513732453066,0.014564065929525256,0.011364768131835427,0.004246540151784431,0.015488836200642123,0.01641415208912022,0.007032291267534252,0.005084918292304724,0.0053844423827582024,0.005212883851025352,0.0017407545042458729,0.005453641543143409,0.0073644398094873526,0.0113470777438779,0.012285520594157003,0.01144355777650024,0.008367976568050179,0.0033395704158682357,0.011918900919218893,0.012864852851852304,0.007858683011016575,0.0050849937410176824,0.005949289930161776,0.00506296105004444,0.0019577547866386586,0.006706204352869146,0.008240896865352234,0.006542361373230613,0.015663192120915777,0.01655618710810192,0.012044084337821366,0.004766468095613134,0.01330457647024244,0.012698172539110614,0.017005743187935726,0.013966003770191813,0.014384461737582954,0.012709037456993102,0.005287122350300158,0.015694682621791533,0.017449321974121853
paired_deficit,3,90000,77.278528333758,77.83405050006695,0.5165631175041199,0.9813669919967651,29,0.5158,0.48419999999999996,0.0103,0.0141,0.0143,0.0133,0.005,0.0166,0.0176,0.015,0.0136,0.018,0.0119,0.0042,0.0157,0.0168,0.0057,0.0044,0.0043,0.0055,0.0023,0.0063,0.0058,0.011,0.0113,0.0106,0.0101,0.0039,0.0123,0.012,0.0054,0.0068,0.0062,0.0047,0.0017,0.0076,0.0074,0.0068,0.0174,0.0159,0.0126,0.004,0.0149,0.0121,0.0176,0.0151,0.0136,0.0126,0.0065,0.0177,0.0173,0.0,0.0,0.014669020373432626,0.01552350005486357,0.015215626949131325,0.017871422630639185,0.026187198090765917,0.01585457053742624,0.013317944901805451,0.016506832661509846,0.015191516303544029,0.015827157432674828,0.018770390549624885,0.026947657341408957,0.01510418040172028,0.01527974221823513,0.024344702316827286,0.026233692716831854,0.02523212217124482,0.025489414514267256,0.029527296588109375,0.025484655391999744,0.024430854418237308,0.019535745228119593,0.018641357431255005,0.020039797638817178,0.02261976429212946,0.028666205370169583,0.019425811681238803,0.018178389872894052,0.023929384812932518,0.026118226580116463,0.025381267029513474,0.025932954112142602,0.02961797433313538,0.023388887020876895,0.02284920337132568,0.02470370530654719,0.015597613294665441,0.014269788529295292,0.01875642268059543,0.027276835491920566,0.01656958451718265,0.018502585719577393,0.013250368994564846,0.017456810481631904,0.015200259490508027,0.016724252309163138,0.026315407004446213,0.014388357676687913,0.013653541164247354,0.01624142501716233,0.015399153683633302,0.015571366158265862,0.01307492464211057,0.005179990825741419,0.015048885730895398,0.01751143269219333,0.014396698412101568,0.015867467606793435,0.015113716483048475,0.012151771972898667,0.004504223469714333,0.01575425064323917,0.01562828546040535,0.006950994896182394,0.0051362859897115575,0.006234009879729392,0.005914030699687431,0.0020403063180529724,0.005879441763106408,0.006948137129261904,0.011471402926533217,0.012429312792030753,0.010997594879797797,0.008728682466713291,0.0028887924799067778,0.011652865194668089,0.012864501176955428,0.007341392345175993,0.005362011378907423,0.005937564073743455,0.005497104550622311,0.0019550694570811458,0.0078103964622253256,0.008395822787289956,0.006730720454286398,0.015329487417502046,0.01661670198489571,0.012399276735997595,0.004155734304526809,0.014572086819568054,0.012481632865314113,0.01745776638153103,0.013425596559216213,0.015702999032197344,0.014153261969253159,0.005059474757023764,0.01654430977316954,0.017039723017316967
paired_deficit,3,91000,78.12328746751882,78.68792779208161,0.5200188159942627,1.0805861949920654,29,0.5335,0.46649999999999997,0.0141,0.0153,0.0154,0.0135,0.0046,0.0171,0.0171,0.0163,0.0157,0.0189,0.0122,0.0045,0.0159,0.0171,0.0066,0.0055,0.0043,0.0057,0.0023,0.0072,0.0071,0.0125,0.0108,0.011,0.01,0.0035,0.0122,0.0121,0.0069,0.0077,0.0071,0.0054,0.002,0.0084,0.0084,0.0042,0.0175,0.0151,0.0122,0.0039,0.0144,0.0119,0.0179,0.0156,0.0131,0.0119,0.0063,0.0181,0.017,0.0,0.0,0.015146459270738136,0.014838945975835363,0.014880343664171795,0.01870828982989723,0.026058116714291805,0.015691164227022377,0.013354188177873507,0.01688748161035667,0.01639604554647517,0.015483286172877073,0.018414324823511453,0.026181391323515595,0.014697823302927435,0.014650713216472147,0.025002225175544755,0.025704015283932874,0.02554746103038053,0.02617331658995932,0.029809492201432336,0.025584637956190516,0.024324731915291404,0.020291803105528847,0.019050215721113782,0.01939714006857092,0.022252370073241975,0.02809043705485234,0.018744561336431598,0.01898500963912135,0.022952988189335354,0.026688857112010543,0.025913213185327348,0.02559427689204865,0.029803839095158678,0.02403877975869361,0.02347134543887476,0.023966514256488707,0.01487644448454633,0.013382586599049649,0.0182526236380737,0.0265063618781924,0.016435132685074107,0.01810359283714498,0.013419129034803579,0.01793767798336301,0.014770146956799119,0.01771112953911673,0.026295689017207788,0.014818464755217534,0.014715215655915123,0.0156453625227799,0.015972928110684383,0.015934089591780855,0.012342783760619681,0.005330129343062027,0.015290580757683154,0.01756121196054973,0.014011968684476274,0.014551149594212684,0.01525123296958779,0.012540451103532763,0.005214475463991446,0.01626157670151651,0.01622764948300786,0.006359809076430925,0.005662340528019888,0.00580921673247379,0.00533923852447486,0.001849723157093784,0.005813400552193091,0.006995420286929536,0.010779036911645938,0.011982932933462451,0.01173558015032375,0.009056858005040325,0.0034625077953099256,0.012230629527374914,0.011965983031634767,0.008282363997369917,0.004738380773409153,0.0055832625606861055,0.00580435748704671,0.0018159642932071957,0.007419945127526245,0.00791323864648301,0.007292430738634496,0.015898685227480634,0.01741738160530824,0.012770281060976496,0.004948656809074438,0.014553541288852188,0.012988223906167249,0.017383098191454883,0.01302669454660782,0.015920286533627426,0.013356425461180103,0.0051463060552670295,0.016226518199886186,0.016128072028808713
paired_deficit,3,92000,78.98818263714202,79.56130633398425,0.5651206970214844,1.0121674537658691,27,0.5255,0.4745,0.0145,0.0149,0.015,0.0136,0.0051,0.0174,0.0166,0.0142,0.0166,0.0187,0.0111,0.0044,0.0153,0.017,0.0067,0.0057,0.0047,0.0056,0.0026,0.0069,0.0065,0.0099,0.0107,0.0108,0.0095,0.0041,0.0122,0.0113,0.0084,0.007,0.0072,0.0051,0.0023,0.0086,0.0092,0.0026,0.0166,0.0148,0.0119,0.0049,0.0154,0.0124,0.0178,0.0158,0.0128,0.0119,0.0042,0.0174,0.0176,0.0,0.0,0.014192811553691004,0.015601479160567575,0.014726585268912677,0.018205413462589214,0.025392174016751493,0.014521938881871687,0.01431339706900613,0.01664709346398042,0.01591274801985107,0.015909030749220864,0.01976229161461665,0.02670508995207333,0.0155272912154338,0.015010183503857247,0.024064776915115903,0.025922051806466832,0.025810049289691748,0.02645297843603446,0.029597333324930093,0.025865390466383593,0.02446835220480561,0.020138915186227447,0.01945379601368752,0.020238547721132788,0.022732694314041964,0.028797709557773603,0.017980442485509545,0.017396572872377326,0.023407959548045927,0.025754853908145883,0.025099303279188592,0.025905561169179706,0.029613957817316405,0.023566614601823056,0.022778745024303125,0.02445524340887001,0.014287029596744246,0.014110772092895702,0.018579005993739815,0.02682175205003657,0.017172713294058943,0.018790593470237836,0.013334802852836829,0.01668085749267645,0.0163582780222475,0.017827869398872584,0.025947585014015888,0.013888090652106331,0.014271272786056988,0.016803459263750802,0.015179625755344118,0.016150317480863204,0.012833739379444178,0.0061435593216627,0.016301761004705297,0.016652143293812764,0.014401572312774589,0.01520236450626775,0.015010512426251437,0.011345373666043362,0.004960423872832114,0.015522125068009394,0.01580818991092238,0.0074183003378999095,0.005611231769195941,0.005832682796344626,0.005195115348112098,0.002228962093697869,0.005663978005085561,0.006964485716053287,0.01103383599102825,0.011749740779402548,0.01090202522244375,0.008619278101640315,0.0029342721020681646,0.013121290633887334,0.013703879360019836,0.007951608878458197,0.005727814366402074,0.00641619369610506,0.0057047079600262155,0.002135361296696508,0.007803916344548567,0.008615471837457343,0.006937626239166266,0.016520438864208647,0.016684517579284096,0.01252502331039302,0.004734635225568263,0.01395133350954288,0.012328055802560366,0.017563120007220084,0.014174828762616429,0.01467043159841502,0.013185196443718836,0.005626525318683605,0.01708712499653917,0.01649604443333933
paired_deficit,3,93000,79.84963864262681,80.43200891709421,0.5566772818565369,1.0412884950637817,29,0.5332,0.4668,0.0143,0.015,0.0151,0.0133,0.0052,0.0172,0.0162,0.016,0.0165,0.019,0.0119,0.0046,0.0167,0.0177,0.0069,0.0059,0.0047,0.0053,0.0025,0.0071,0.007,0.0129,0.0109,0.011,0.0119,0.0037,0.0123,0.0117,0.0065,0.0072,0.0063,0.0063,0.0019,0.0085,0.0085,0.0045,0.0162,0.0148,0.0121,0.0041,0.0134,0.0109,0.0181,0.0153,0.0122,0.0128,0.007,0.0171,0.017,0.0,0.0,0.015142727989999017,0.017210118611520026,0.0155440911014661,0.017869456665950346,0.02553596618281139,0.013954010957841264,0.015115852236003743,0.0162984888113608,0.01583601672777634,0.015320724940371233,0.01917862696260312,0.026614752545155905,0.014294503605103936,0.01568577588272163,0.0246074564691206,0.02565690196060203,0.025865241616710208,0.026204550679487536,0.02997724688064865,0.025983016772683276,0.024478226573060667,0.01798750923144571,0.01873464135291595,0.021342279939492826,0.021388406670187612,0.027997471310808923,0.019412409787807325,0.019504179608072398,0.02329636466057841,0.02599077770031337,0.025411136174098736,0.025913216970288436,0.029840814067750125,0.023503800391834848,0.023130206770831364,0.024144131043571198,0.013653126625852652,0.014938355861226446,0.017891363461967236,0.026230329277724986,0.016809924524419526,0.016533105130098872,0.012211685759873856,0.018165162293555782,0.015820148141645514,0.017554980636075673,0.025953928192338577,0.014804633787347136,0.015462156454878613,0.015733535702100655,0.013790332078851053,0.01548105334003191,0.013261183015355262,0.006160989497889623,0.016828386845022796,0.015914539238209416,0.0148252884147053,0.015094991838088935,0.015569594108534075,0.011938202583316414,0.005128325955900878,0.01667103086990234,0.015311494060314106,0.0069771178412507085,0.006010540796672404,0.00577958997974302,0.0054670741285052634,0.0019922852292147924,0.005788302324902439,0.0072133307237204946,0.013152452356366657,0.012425254299310903,0.010023525368364872,0.009902915990288136,0.003893854738488645,0.011918192692498324,0.01179460688721633,0.008262805554853501,0.005781154231406612,0.006393149925855458,0.005735402953498539,0.0021570072571706553,0.008071749785225343,0.008533030447751683,0.007481982223277443,0.017222699637126273,0.01599989478364815,0.013280068568270284,0.005443331112312445,0.014237050227430183,0.01441388584636305,0.01847219352108127,0.012910702496258634,0.015187732376683818,0.013589889250084057,0.005697906453670951,0.01624024512346624,0.01563464309660093
paired_deficit,3,94000,80.70099432999268,81.29175154201221,0.5653107166290283,1.033492922782898,30,0.5467,0.4533,0.0145,0.015,0.0149,0.0134,0.0047,0.0169,0.0162,0.0153,0.0156,0.0183,0.0113,0.0048,0.0148,0.0163,0.0071,0.0057,0.0059,0.006,0.0028,0.0069,0.007,0.0117,0.0108,0.0099,0.0105,0.0043,0.0124,0.0115,0.0073,0.0074,0.0069,0.0054,0.002,0.0085,0.0102,0.0103,0.0195,0.0155,0.0131,0.0049,0.0147,0.0135,0.0188,0.0168,0.013,0.0138,0.0067,0.0166,0.0173,0.0,0.0,0.015152471458966402,0.014873846851457886,0.014511479031309255,0.018865481931301085,0.025433226796815894,0.015253013008960245,0.014589342431895573,0.015038869330787488,0.01495694686846661,0.01682858890577909,0.018636650390738755,0.02613576567144861,0.0164531389821544,0.015785801727615522,0.02467864492012489,0.026679372056881173,0.025428329940352278,0.026809238072860328,0.029609762853386803,0.0255570592959122,0.02496740667874166,0.019147631943618654,0.01897050398500525,0.019222211625678935,0.02229803224680971,0.028149815006814898,0.019712747935313135,0.018353811235525153,0.023941730976870034,0.025426231184667435,0.02512780724280077,0.02490956195641507,0.029748368852668447,0.024067678502710597,0.022344409801982393,0.02343110421493722,0.014704296965316901,0.014893160884089993,0.018882271538045607,0.02667776884367768,0.01728421204463147,0.01823549582041316,0.013776762362780914,0.017248865765640425,0.015298060932454076,0.017485170140705265,0.025780468132874535,0.01464421700579877,0.013993165645797348,0.015764638272707833,0.016175254997109652,0.016506074002164757,0.01241395598324744,0.006339893427384464,0.01594628766767682,0.01651311461972261,0.016063662363325553,0.015982202413572122,0.014351636072412036,0.012583802272507497,0.005737582166813781,0.014577210714289282,0.015225510112014375,0.0070678416721979545,0.005202241262465847,0.006344363949028816,0.005083681766263692,0.0025269789631673038,0.006265904652225082,0.006843282867071082,0.012195433286215049,0.01227901496042219,0.012010159232043686,0.009280253659149286,0.0038988819285186668,0.01156233046559851,0.012881079113615412,0.007701535206160388,0.006424404980831058,0.006696847250932353,0.006817966456641544,0.002400440412480842,0.00762561554474595,0.009316038871215515,0.00824583029065585,0.01629098086826623,0.016079497501331374,0.012359565629366234,0.005164642395182054,0.013779430832751394,0.013028156138453676,0.017098699062642678,0.01392888726006238,0.015553599249752002,0.013595968743392483,0.005983821449937466,0.016345830088661646,0.01717457399003678
paired_deficit,3,95000,81.5646621666383,82.16556279198267,0.509556233882904,1.0307807922363281,23,0.4898,0.5102,0.0087,0.0086,0.0135,0.0134,0.0054,0.0173,0.0164,0.0079,0.012,0.0162,0.0108,0.0049,0.0167,0.0166,0.0057,0.0053,0.0046,0.0058,0.0026,0.0065,0.0066,0.0089,0.0079,0.0098,0.0102,0.0049,0.0123,0.0118,0.0062,0.0057,0.0062,0.006,0.0019,0.0079,0.0097,0.0024,0.0136,0.014,0.0118,0.0046,0.0147,0.0122,0.0185,0.016,0.0127,0.0128,0.0072,0.0171,0.0173,0.0,0.0,0.014998316707971485,0.015029974679380735,0.015435203861667616,0.019778893426094495,0.02527427797493944,0.01386374848730313,0.014244600899349702,0.015557594665303754,0.0158832090744005,0.015683595435123668,0.01869736879730647,0.02647960934877413,0.016351682038332545,0.01669939549226487,0.024497251291238177,0.026041341514987285,0.026385302439999155,0.026469032362808953,0.030246291020131058,0.026121698583975082,0.024844718148055403,0.018509736849647226,0.018430428877192227,0.020226629374598078,0.022350288500108603,0.02900024156796193,0.017964047877964618,0.018638554622078515,0.024293294752651243,0.02552193335403371,0.02470070645377376,0.025693642939180174,0.02975717957936476,0.022754761256746237,0.02303842333565193,0.022450352812493683,0.014507254414133385,0.014669142919482119,0.019373232195158664,0.026271189474447267,0.01733386316356942,0.018006238498829704,0.013040187176275251,0.016982643563012125,0.015573599561820218,0.016903374439494735,0.025385369926263595,0.01497988285528784,0.015060693409371285,0.01589318429983032,0.015903522529565006,0.01577022038433899,0.011555617122822121,0.006569482384361786,0.017078863626922028,0.01665517928979958,0.015424796369979022,0.015285606205217165,0.015388596920090638,0.012575980835534135,0.0054758474292435876,0.014743358493556083,0.014349742172380681,0.007274503062328322,0.005873501579079868,0.005561415045074685,0.005485444260307988,0.002019156524290164,0.005761528590359811,0.0070373604864488225,0.012668100185852684,0.012935371296388477,0.011110309755579766,0.009261572232267916,0.003266923768815204,0.01343665840286843,0.01270746978115276,0.007420496725940782,0.006344776892345209,0.007089901812930589,0.006267104400865678,0.0024629426732132326,0.008816456415755243,0.008598143415816332,0.009131718243587064,0.016416865518924913,0.016387166501138563,0.012079936279336543,0.0056649533173447454,0.013891257257065073,0.01339837752944405,0.01766985663160514,0.014170867315027369,0.015449337125450154,0.014203728176703746,0.0064686851730406695,0.016027097412462634,0.015953775462493842
paired_deficit,3,96000,82.40319421421736,83.01477620902006,0.50877445936203,1.0397236347198486,29,0.5462,0.4538,0.0155,0.0155,0.0145,0.0141,0.0071,0.0168,0.0171,0.0154,0.016,0.018,0.0122,0.0049,0.016,0.0168,0.0065,0.0058,0.0048,0.0063,0.0034,0.0066,0.0067,0.0132,0.0115,0.0108,0.0104,0.005,0.012,0.0125,0.0077,0.0071,0.0065,0.0062,0.0023,0.0083,0.009,0.005,0.018,0.0153,0.012,0.0053,0.0139,0.0114,0.0186,0.0164,0.0135,0.0133,0.0072,0.0166,0.0172,0.0,0.0,0.014439750614543877,0.015043378110179653,0.015184136293259726,0.018314481647343048,0.024519306606420647,0.013841933986626502,0.01390122766709983,0.016351950604530322,0.01577959699571085,0.01611344216492139,0.019033239637856067,0.026068031591081606,0.015060319895479405,0.01621632519867781,0.02479533222594256,0.02577669368903377,0.02639409570796311,0.025574582791598813,0.030316152719745693,0.02578083773193366,0.02413603831483993,0.02018324257995937,0.01937701599483203,0.01994366169709242,0.022931085801347707,0.028339979058479882,0.018958508988143684,0.018286140588525228,0.024642156095155653,0.026159482631815285,0.024936115643055583,0.02624989256292895,0.029701764459253953,0.024150066702186168,0.022199591291478457,0.02432888018034201,0.014218704001211072,0.015458134961520245,0.018274189557418392,0.02681275719174544,0.016632836347951818,0.018603926129634657,0.013062590857740034,0.0166203127813974,0.01573590323415977,0.01683695383337705,0.026309729482845177,0.01437096967044934,0.014034553481164853,0.016558697574547837,0.016061553950679396,0.015936517565992122,0.013272999480480826,0.007526839207868465,0.017128804367853346,0.01695894591630398,0.01486007822386375,0.01544662855618556,0.01511100927994719,0.012517334709516676,0.006151097004328517,0.016007441955597296,0.015058680130061775,0.007359768903475743,0.006370831806178551,0.00582238968610918,0.0065894306952408626,0.002338401625452773,0.00652340062664886,0.007867298856436528,0.011456717319322293,0.012172893496345993,0.011630476033537791,0.00893766579859294,0.004132911693132192,0.012505593418519595,0.013141925022358728,0.007378648729686432,0.006069860466181938,0.007273772603237332,0.00606767375229851,0.002923229104832252,0.007893899851191261,0.009626519500292448,0.007735058707090646,0.016715992179859265,0.015693122815230574,0.013113478698911914,0.005489552540955534,0.014610565640658258,0.012859634115380991,0.017821099800591333,0.014660752904072288,0.015368254501046718,0.014507371786787362,0.00601452023771463,0.016697921122403245,0.017113949252041613
paired_deficit,3,97000,83.25583159993403,83.87669525004458,0.5447249412536621,1.0362107753753662,30,0.5555,0.4445,0.0137,0.0155,0.0147,0.0135,0.0075,0.0171,0.0165,0.0105,0.0139,0.0171,0.0124,0.0061,0.0158,0.0167,0.0064,0.0055,0.0055,0.0074,0.0033,0.0068,0.0073,0.0111,0.0115,0.0106,0.0105,0.0062,0.0123,0.0117,0.0072,0.0085,0.0068,0.0058,0.0027,0.0081,0.0088,0.0177,0.0199,0.0156,0.0118,0.0056,0.0134,0.0112,0.0178,0.0172,0.0148,0.0132,0.0084,0.0167,0.0172,0.0,0.0,0.014742426017639353,0.014777739640102443,0.015617534251519261,0.017808892312117186,0.023977660753473188,0.015040577963481285,0.01465656106968163,0.01621960505634655,0.016367910338143693,0.016987205252292893,0.018646523200697773,0.025712164647658634,0.015032035205256682,0.015759707719324296,0.02533211685187027,0.02646243093461035,0.026149597901755382,0.026915287125087978,0.029160858765405105,0.026759600331051993,0.02538694252660366,0.01884978252535129,0.018506484333294992,0.01927798760158847,0.0227285493128559,0.02710473134716152,0.0201692434468546,0.018187569550943937,0.023884611262312144,0.026494898569186354,0.024907684662468926,0.02577662118132891,0.029205141168041474,0.02369932407745811,0.022980670079266154,0.021890690059901022,0.015457459428033522,0.014696248631864906,0.01903372310040994,0.024957099215861672,0.017817192820042585,0.01872565023169373,0.01299153875817612,0.016821190872897244,0.015622536288654013,0.01757677031645813,0.025221638534362555,0.015095162951507805,0.014806421807904414,0.016228530115085134,0.01639199632307951,0.015400283430375873,0.013502212735368432,0.007900073230061873,0.016037777745190527,0.016384089261314887,0.014779203012006359,0.01476264684651227,0.014243220998447548,0.0126296386165488,0.00633587466740085,0.0160454817175949,0.01523300701587578,0.006639544298419684,0.005581149602334971,0.005863266570757475,0.005172757897587651,0.003108609179037565,0.005352220808490596,0.006629164279494032,0.01264164916805719,0.012873115020161191,0.01209923816431444,0.008948413455402038,0.005001914591403535,0.011295491849992557,0.013160716590752729,0.007866798992417962,0.005551869859863917,0.006983240362891187,0.006199621912450776,0.0031077372223971495,0.008072955927431784,0.0088382351122016,0.009860256016236111,0.01570089102429883,0.01630923599259381,0.012319519123575132,0.007055865164790258,0.013377539727489327,0.012636405812991011,0.017924690913337683,0.014471059962482024,0.015434835027101003,0.013594355922482523,0.006661050106992722,0.01606667728072188,0.016248942864634422
paired_deficit,3,98000,84.11047526355833,84.74092845898122,0.5577510595321655,1.0024691820144653,30,0.5566,0.44339999999999996,0.0143,0.0154,0.0146,0.0139,0.0078,0.0175,0.0162,0.0157,0.016,0.0184,0.0131,0.0061,0.0158,0.0158,0.0062,0.006,0.0047,0.0061,0.004,0.0072,0.0059,0.0128,0.0119,0.0115,0.0111,0.0065,0.0111,0.0119,0.0074,0.0078,0.0072,0.0065,0.0022,0.0085,0.0083,0.0124,0.0183,0.0149,0.0121,0.0054,0.0136,0.01,0.0191,0.0171,0.0141,0.0123,0.0089,0.0163,0.0167,0.0,0.0,0.014053793836332922,0.01690224654563303,0.016364278198400414,0.018081837591782148,0.02403197040666242,0.015963659020513547,0.015384835122476535,0.01608613189031084,0.01641983266559619,0.017806516030033186,0.018656410366416916,0.024019913417527773,0.016277826781873575,0.014912901635540097,0.024700412199062646,0.026332052629473524,0.02629156905250938,0.026858240830168453,0.030018212441672507,0.026877191645468444,0.025328845869854733,0.0189954046217463,0.018884169162133833,0.02002029657346313,0.02204720438134595,0.027139814932737753,0.019131455856496126,0.017602259827866534,0.02471382545994305,0.02696359594650452,0.0254199828905028,0.025969055937999537,0.0290797552667255,0.024623555458897797,0.022163092109350427,0.019787605888428667,0.01366702893267758,0.01460375931150498,0.01951338862280838,0.025252462005925416,0.01886500248239603,0.018977171516323547,0.013770727642185752,0.016141646681993513,0.01464119686114234,0.01844688837531062,0.02464875329336278,0.014258054600845546,0.01330416718207228,0.017093071760224537,0.014393562120952006,0.014905575704802054,0.013278407959950446,0.008164578099309087,0.015218714733697543,0.015844771187313773,0.0151110435727253,0.014817672886206888,0.013754829972021503,0.012929526351534942,0.008097052916395966,0.014981578858811153,0.01622060568878217,0.007655047204993694,0.006142477011357228,0.006139005362941361,0.005679882360374599,0.0027846280720882637,0.0055850968845639355,0.006985376669034586,0.012553376939314928,0.012729293810262174,0.011730475397721636,0.009792283672834627,0.005393275971074598,0.012472830954419731,0.013934400373690583,0.007447942531153014,0.005470072651806731,0.0069052541991604785,0.006422540496277617,0.0036877910883976544,0.007605427766849254,0.009807589292893947,0.0120131687747553,0.01715965590149753,0.0164923859858358,0.01217611995266179,0.007130654005077886,0.012707081561773123,0.012530343945541464,0.01734192741132723,0.015140363134578068,0.016381348027724486,0.01303560113446621,0.007583275268134055,0.016757247347601124,0.01771303825410353
paired_deficit,3,99000,84.97566072968766,85.61616350000259,0.5521812438964844,1.0729639530181885,26,0.5225000000000001,0.4774999999999999,0.0142,0.0155,0.0139,0.0137,0.008,0.0171,0.0144,0.0163,0.0164,0.0181,0.0128,0.0065,0.0148,0.0057,0.0064,0.006,0.0043,0.0059,0.004,0.0066,0.0059,0.0126,0.0114,0.0112,0.0103,0.0065,0.0088,0.007,0.0071,0.0079,0.007,0.0066,0.0029,0.0075,0.0083,0.011,0.0189,0.0147,0.0115,0.006,0.0113,0.0025,0.0189,0.0176,0.014,0.0133,0.0098,0.0159,0.0155,0.0,0.0,0.015922515558296085,0.01503381707993081,0.0165881070166611,0.018629306307239867,0.022678451194476847,0.015512050489801097,0.014920369176025057,0.015700884081753443,0.015923540126146815,0.015598283936480387,0.01922992909593306,0.02368200701273082,0.016154307004615995,0.016129023955264422,0.02572898131809196,0.02622350531463935,0.027334509665400686,0.026816405653574196,0.02915655580502135,0.027146213987471496,0.02610402782913035,0.018640853684710735,0.018885572826103054,0.019785593598304296,0.0216640218890226,0.026219439977754833,0.020748334692021267,0.018388936959358483,0.024795540285299587,0.025936156274093222,0.024184091234616734,0.025697133962625806,0.02912899537251104,0.024417429921539092,0.02347408948649763,0.02086568025327954,0.012678650595954242,0.014949333740312768,0.018729519823594748,0.024806058829391835,0.017989108914241915,0.018425040399295534,0.013505389172306594,0.016899061266654854,0.015697895700208325,0.01781570788446773,0.024501350481881616,0.0163928044816973,0.014565416683569355,0.015262427870444887,0.016042548757686417,0.014873468188506163,0.012925404383972341,0.009370967666795373,0.015818056474513145,0.01606401105484647,0.015691356308230826,0.015261528480156493,0.01550798368209981,0.012437225762017556,0.008490022245607302,0.015176143266958552,0.015120212335444638,0.0066540764942751235,0.0061418464425162635,0.005205642616597228,0.005816696772595061,0.003645269216076141,0.005449058089019407,0.006285789151349431,0.01291526781844738,0.012856697473464754,0.01191038760452363,0.010144270596429604,0.006223540092957886,0.011026207829656789,0.013136406375648783,0.007512535971334349,0.006394088337732732,0.007971155646310204,0.006642970368464323,0.0036303999262437244,0.007844450337829774,0.00867253724814952,0.01092319907517906,0.018188095511869,0.016351085264051535,0.012876497050338592,0.007503302540480695,0.013370197544897931,0.012987526408201363,0.017540489516034312,0.014366130073003958,0.015459604581387183,0.013678663137125412,0.007770782852641049,0.01488865944846729,0.016649034385231257
paired_deficit,3,100000,85.82430692913476,86.47467783407774,0.5536640286445618,0.9679112434387207,32,0.5721999999999999,0.4278,0.0151,0.0155,0.0144,0.0132,0.0079,0.0163,0.0155,0.0158,0.0146,0.0168,0.0121,0.008,0.015,0.0167,0.0067,0.0059,0.0055,0.0069,0.0052,0.0065,0.0068,0.0136,0.0108,0.0114,0.0102,0.0073,0.0121,0.0132,0.0073,0.0084,0.0077,0.0054,0.0042,0.0082,0.0101,0.0128,0.0201,0.0161,0.0119,0.0078,0.0135,0.0111,0.0193,0.0173,0.0142,0.0127,0.0115,0.0163,0.0173,0.0,0.0,0.014913211907990519,0.01572746795651917,0.016586185627951548,0.019518309183940204,0.021129504852866764,0.01565600010075213,0.014516442434516679,0.01589956858795513,0.015916472074311485,0.016848975891534425,0.01943356872939278,0.022510940179568114,0.01704728933499373,0.016195873231072258,0.024624628210274696,0.027338140790658987,0.02546621282143256,0.026784736059812825,0.02888390053477087,0.02654058249804917,0.026232415092476806,0.01927790452185576,0.01946955925248564,0.02109461873034215,0.022996767878390077,0.026635753379802278,0.01924633763508035,0.018180117358442393,0.025299204695989293,0.02583420612035211,0.024838542231982695,0.025985418677290623,0.02733085017079035,0.024757884849462293,0.022206667205364745,0.02192911813002968,0.013598320250894348,0.014385805317976537,0.020374331305746333,0.024206510951565136,0.018948129130787222,0.02002813278896442,0.012778522677910199,0.017948548758512393,0.015486224747380577,0.018160944461919442,0.021903278716584304,0.015355409274532505,0.013972464678725253,0.016224818726765785,0.01543162189810509,0.014716566799931916,0.012219729100141616,0.010726667563420302,0.015572509281517705,0.016612320361441366,0.01547579727918906,0.015304702800082736,0.014602974418500279,0.012216022352120538,0.009513504348942735,0.014350692460233046,0.01509839789205935,0.007657283854091348,0.005196178210035466,0.006918212344630921,0.00564311042090156,0.003838706872991686,0.0058575237300809435,0.006206278381078862,0.012430850161687199,0.01226254082096984,0.01075730422061632,0.009086855137508086,0.00589113307727088,0.01234138439797937,0.013316791287865462,0.007025814773774164,0.006634106669621626,0.007352239118083946,0.006345063256785613,0.0052025807622682165,0.007540259155487958,0.009702588947776893,0.009985392375709282,0.017340481430747335,0.01680516962045562,0.01131172870771898,0.00806353290839488,0.012681393237678668,0.011732944414721181,0.01817760727287529,0.01371546510463008,0.015838791863606788,0.013255503741148325,0.010008084300021413,0.015953672753414874,0.01697284889350205
paired_deficit,3,101000,86.67934285174124,87.3421407500282,0.5302559733390808,1.0008940696716309,30,0.5727,0.42729999999999996,0.0152,0.0159,0.015,0.0131,0.0093,0.0162,0.0161,0.0156,0.016,0.0183,0.012,0.0094,0.0145,0.0161,0.0062,0.006,0.0053,0.0063,0.0063,0.006,0.007,0.0128,0.0107,0.0114,0.0098,0.009,0.0104,0.0124,0.0062,0.0082,0.0073,0.0049,0.0054,0.0083,0.0114,0.0099,0.0191,0.0154,0.0116,0.0094,0.0127,0.0119,0.0192,0.0174,0.0143,0.0122,0.0126,0.0158,0.0172,0.0,0.0,0.015004665900565647,0.015562616945543771,0.01573571864887902,0.018548023364486507,0.020277450276925207,0.016377531120110058,0.014728167259898159,0.016179627470355635,0.01568974518689816,0.016694240539979234,0.020560732521971693,0.022246980770212983,0.016502030963911996,0.017399581358766587,0.02551806218878014,0.026704411056909023,0.025864158994014452,0.02706362864950533,0.02830671445660099,0.02788712214582649,0.026260421959556954,0.019626134677179552,0.01979048440221487,0.020558063232851947,0.023238499016841718,0.02496205317764766,0.020394212542536996,0.018323669010053008,0.025375534436019517,0.025757911570423495,0.02547268485492687,0.02676809500116875,0.02750655701450315,0.02438210165554366,0.02240076095110568,0.0216553117274544,0.013294619182766018,0.01491341583979652,0.019753222114426518,0.021935737335824906,0.019200569343388037,0.019185289223579826,0.013505470893943343,0.016461213832566143,0.014819732525358498,0.019004756790490865,0.021622917998342265,0.016296075234112556,0.014683274635235114,0.016307799359246485,0.015749586017177686,0.015561578353419168,0.01310267145943441,0.011692713039580967,0.015048394042510398,0.01650664980013457,0.015140555012856934,0.015601136166492925,0.014736819282391726,0.011331775654020264,0.00999803276666646,0.014902205793510249,0.014208034577081752,0.007066246980407286,0.006045454446113314,0.006924698377974764,0.005736366077118026,0.004627691808219556,0.005027792034804402,0.006427484359961284,0.012175011806611808,0.01215078477262745,0.011295009940807446,0.00902769451905273,0.007622789301662353,0.011631307580934239,0.013412904408538491,0.0071888848231669855,0.006820806352763665,0.007105291855711659,0.005951595168705629,0.005355248869217859,0.008004620429251982,0.009904775284918406,0.010468071221576468,0.017779207112664695,0.01626912787025251,0.012104722065774873,0.010226779325794626,0.012775564014058265,0.012632461775768477,0.017441529997593228,0.015015451847753644,0.016349737571610488,0.012787800702492276,0.010417819368948169,0.015157545166973534,0.016545277607967503
paired_deficit,3,102000,87.54990856756922,88.22319029201753,0.5480543375015259,1.0053609609603882,33,0.5846,0.41559183673469385,0.0143,0.0161,0.0148,0.0126,0.0094,0.0162,0.0155,0.0163,0.0162,0.0176,0.0121,0.0106,0.0145,0.0163,0.0064,0.006,0.0059,0.0062,0.007,0.0057,0.0068,0.0137,0.0105,0.0115,0.0092,0.0097,0.0106,0.0129,0.0062,0.0086,0.0079,0.0053,0.0062,0.0078,0.0113,0.0132,0.0206,0.0168,0.0114,0.0109,0.0123,0.0113,0.0189,0.0178,0.0142,0.0117,0.0143,0.016,0.0173,0.0,0.0,0.015604698309274656,0.015095080264272654,0.015421880726606949,0.020418867047655158,0.020286450526309518,0.017455140685395134,0.01521143902835508,0.01630487251960242,0.015127870081699732,0.016033330034867874,0.020383454964440738,0.019349959474340102,0.01716722920243369,0.016938984410868878,0.02555636533427099,0.027049986135783723,0.025577178984308342,0.027896203965384357,0.028371985426975763,0.02715244542628869,0.026529517648983023,0.019038338513730862,0.017944486864566934,0.022327452958385036,0.02310346111105121,0.023417196818679965,0.0222807648266814,0.019425267555850223,0.025642760911534702,0.025887654996304042,0.02528866642751349,0.027057471816924646,0.026995207307049275,0.024557715789561108,0.023241148977447376,0.01915532693864984,0.013996290386897451,0.01576442034258991,0.02032023563138122,0.020591899703278627,0.019462701887377504,0.019791393590709496,0.013104172303657962,0.015023594514233712,0.015673296661618777,0.020546119391712653,0.0200082613492788,0.017100374120532426,0.014321378104683861,0.015726187386260842,0.016316042790317346,0.015881736610976683,0.011591018789795095,0.011703684579016918,0.014151749781372184,0.016138914645883403,0.015286698431652358,0.01605376877423295,0.015400551197919552,0.011738336444724384,0.012539554776403106,0.014552967509902114,0.014708105698125121,0.007141684720071338,0.005870846574721564,0.0071239755529355865,0.005189909797768255,0.004824156544246175,0.0058227322125706605,0.006469934010976407,0.012765633069321682,0.013657267570664586,0.010045235113258095,0.009345910811526501,0.00911803319900991,0.009967771925241432,0.012397354354757105,0.007107238070315898,0.006898871432558715,0.007486642201469097,0.005864477428598143,0.005917454806906606,0.00806950459173364,0.009150634930532572,0.012666094181806961,0.017250941453002253,0.01562935136878956,0.011674938728513039,0.011482857510550212,0.012599878582189958,0.012163963251986182,0.018049057180694866,0.016220616004553795,0.015785008396735013,0.011443684409308662,0.012057567642868226,0.01441453824840854,0.016857155051909517
paired_deficit,3,103000,88.40091643785127,89.0834184170235,0.5708747506141663,0.9817617535591125,34,0.5703,0.42969999999999997,0.0156,0.0163,0.015,0.0127,0.011,0.0161,0.0153,0.0143,0.0168,0.0185,0.0124,0.0116,0.0149,0.016,0.007,0.0065,0.0057,0.0061,0.0079,0.0058,0.0067,0.0102,0.0107,0.0115,0.0095,0.011,0.0106,0.0124,0.008,0.0075,0.008,0.0052,0.0065,0.009,0.0114,0.0027,0.0164,0.0144,0.0109,0.0107,0.0127,0.0117,0.0167,0.0166,0.0135,0.012,0.0148,0.0157,0.0178,0.0,0.0,0.014970248973819659,0.014895559632658774,0.015801298306295043,0.019437144654009787,0.01840374437634877,0.016630343642331676,0.01596713854763976,0.01662701950175594,0.016741969526123463,0.016062005692312475,0.02009148293756604,0.020621709196754514,0.01863889720496668,0.016666844813665264,0.026680999014553668,0.027270554458983194,0.02600059410194483,0.02748836096047476,0.026564929834458004,0.027656979683839802,0.026271040079600502,0.018203453875923974,0.01969758935513695,0.02141278119568407,0.02355080350530836,0.023188109309482934,0.022363201707513363,0.019686793939953533,0.026206034016581024,0.026197261671631993,0.025357436942015477,0.026936428983120396,0.025772691770112214,0.024118468215095737,0.02230438787129667,0.020583370345878642,0.01335064393018296,0.016064048925675728,0.02048592927525585,0.019738674196588108,0.019661675547352667,0.01969856043571013,0.013231777549463168,0.015187428299242852,0.017253308048545198,0.01919577301572315,0.018763823507835932,0.017539784321069597,0.014760895102516719,0.016294123762641048,0.016434744948933846,0.015754994568051378,0.012556455974431042,0.013382089497503705,0.01498316721426416,0.01549904051238453,0.014868761183553562,0.014850701935231435,0.015419660581401325,0.01208706446629161,0.011643398495263716,0.013341575745726496,0.014952624917758216,0.006534234969207793,0.005962800397690263,0.007025437687353572,0.005741488657284213,0.006553230669288488,0.005600397211248073,0.006838204949786815,0.013549682252141388,0.012377591788941149,0.010981470270329653,0.009153421035627819,0.009417842321631462,0.010108082433081747,0.01242568733526241,0.006892598668642567,0.006860876414193514,0.007563598408250967,0.006242379353136024,0.0073333220975873165,0.008639366001173657,0.010274482316102708,0.011636415967176034,0.01776651318241493,0.015496075909165304,0.011639824626565185,0.012460401613824012,0.0126029551099403,0.012533029238830734,0.0177878494356266,0.01619052431080319,0.014540027747616367,0.012758423305213443,0.013197981362386273,0.014183131686556941,0.01666461277830858
paired_deficit,3,104000,89.25131767767016,89.94347400008701,0.5540467500686646,0.9713385701179504,35,0.5964,0.40359999999999996,0.0147,0.0157,0.015,0.0128,0.0121,0.0158,0.0153,0.0162,0.0157,0.0181,0.0125,0.0119,0.0148,0.0161,0.006,0.0068,0.0067,0.0071,0.0078,0.0067,0.0069,0.013,0.011,0.011,0.0094,0.0117,0.0101,0.0124,0.0087,0.0102,0.0085,0.0056,0.0072,0.0092,0.0116,0.0098,0.0186,0.0156,0.0116,0.0111,0.0124,0.0123,0.0188,0.0177,0.0139,0.0118,0.0151,0.0157,0.0177,0.0,0.0,0.014331208718518378,0.014967134672245808,0.016548508479299257,0.021540355815760803,0.017654983806911252,0.016702080527594754,0.015653517998195216,0.01656736279441756,0.016281916378511858,0.01657923333924621,0.021016631580166784,0.019194860541410425,0.01770314400678142,0.016056666793682152,0.026790586497893114,0.02744893356976367,0.027369877343788374,0.02826411106354628,0.026069171766864366,0.028697605196023643,0.02699514336740167,0.01953499541267461,0.020328873182254834,0.020455362137418553,0.023795789707493218,0.023381358043996592,0.022185830159081047,0.018892263961850293,0.024634104187743443,0.02613504470422929,0.025639253819842542,0.027010368560549343,0.026418658695230378,0.025574440966575678,0.02317468212192409,0.018546289923419185,0.01342172219679089,0.015998864547813494,0.021468821996057805,0.018836525935374385,0.018906670286050864,0.018860547334730964,0.01402848244454738,0.015957427352539938,0.017105545870531706,0.019319270696352885,0.017034858217656483,0.016553535313726962,0.014367377965520064,0.01692626756323385,0.016688626084583543,0.01522240003649514,0.011171505304545472,0.014372213910891652,0.015138040233737956,0.015902620683067983,0.015363497259576173,0.015436653941038662,0.015158644677289093,0.011592410357803501,0.013056525600096928,0.014372571172306926,0.01569580682184995,0.006912953854653036,0.006422918042000675,0.006642703702073326,0.005689653747088824,0.0075708631860777155,0.005380327040485705,0.006904806230477523,0.012900354572126602,0.012184208372846925,0.012043489625548479,0.009671365258887002,0.009730996900126972,0.010691815006054588,0.013299715471367624,0.008685131303160312,0.007478860130102876,0.007838253295155228,0.006736320094936809,0.0072118636261482225,0.007968466886062522,0.009818972557829802,0.013538704302917277,0.017657200842330585,0.015703198649762017,0.011189932880706816,0.013500760833903655,0.013327199941857465,0.013364267890908364,0.017286749166902447,0.01585368826507027,0.014852846970656777,0.012917477536449097,0.014714344502112326,0.015179297585947289,0.017053449176092514
paired_deficit,3,105000,90.10150475404225,90.80291966698132,0.579965353012085,0.9488078951835632,36,0.6015,0.3984999999999999,0.0154,0.0162,0.0149,0.013,0.0124,0.0163,0.0159,0.016,0.0152,0.0178,0.0126,0.012,0.0153,0.0163,0.0057,0.0074,0.0068,0.0078,0.0095,0.007,0.0061,0.0131,0.0107,0.0111,0.0101,0.0117,0.0099,0.0105,0.009,0.0105,0.0093,0.006,0.0076,0.0088,0.0109,0.012,0.0177,0.0141,0.011,0.0106,0.012,0.0113,0.0193,0.0181,0.0145,0.0125,0.0161,0.0159,0.0176,0.0,0.0,0.015404204786824017,0.014544318097750556,0.0149978068509801,0.02120399179966429,0.017444036395502772,0.017737114083353524,0.015978568032485242,0.01708401650596656,0.01751466147374503,0.017415431738980042,0.020132073121832895,0.019229784779806906,0.017889510463215276,0.016711844183553502,0.026019774393506744,0.027076015409128275,0.02490015134606255,0.027714630198773613,0.026081102691403978,0.02703967871221842,0.026941291697436413,0.019952853915418605,0.02068698463352509,0.021743330413460698,0.024377236570880652,0.0227343451417586,0.02151921427524682,0.02098989924930064,0.024393672221176915,0.02486705071499227,0.024705138968407758,0.02682897236114664,0.025077119113278395,0.023996631312615705,0.023108410887902813,0.01792912299237688,0.015089312334334113,0.017623827207560526,0.021542546380112288,0.020487128868542443,0.020641876759712817,0.019400033933676432,0.012714169209558424,0.015253892950495996,0.01673001764607128,0.019013231702099086,0.016941147671887757,0.017822125312443222,0.01477070048982641,0.016278872797381223,0.016855968872748373,0.016489816219169964,0.011400737647827786,0.014436574013704231,0.014317126818032162,0.01569793702353966,0.014844446204241558,0.014418612916926084,0.014459669781385142,0.012344343578750805,0.013072862794217327,0.014115955020322767,0.015144942925427063,0.007707725325581129,0.006698652740822522,0.0083773483782555,0.006104901943759595,0.007384770568858439,0.0067279914573862044,0.006690242898889247,0.012449984971699597,0.01189630088516617,0.010965268712352566,0.008838618995137494,0.010165110671127913,0.011146222965644091,0.011690786227333636,0.00878628613964046,0.008404074253627693,0.008495741380846085,0.006819993476019683,0.008234462326280736,0.009184987077221169,0.00990214767526261,0.013966783854654805,0.016611246014674123,0.014486721099005086,0.011205509324003651,0.012018604500996385,0.011932721562803754,0.012896338937094649,0.01837271713029555,0.01640023650782343,0.015013081937985086,0.013130523035156019,0.014803550338912078,0.014287550157979171,0.016751309816932895
paired_deficit,3,106000,90.95649062364828,91.66792283405084,0.5712966918945312,0.9389629364013672,35,0.6051000000000001,0.3948999999999999,0.0146,0.0153,0.0147,0.0127,0.0124,0.0161,0.0158,0.0118,0.0142,0.0169,0.0126,0.0123,0.0144,0.016,0.0076,0.0075,0.0076,0.0081,0.0095,0.0083,0.007,0.0121,0.0114,0.0109,0.0101,0.0115,0.0099,0.0088,0.0087,0.0104,0.0089,0.0064,0.0077,0.0094,0.0131,0.017,0.0183,0.0138,0.012,0.0111,0.0126,0.0127,0.0185,0.0175,0.0147,0.0128,0.0157,0.0165,0.0172,0.0,0.0,0.016055107695141183,0.014340173547194229,0.016048352406680958,0.020766795284040407,0.017437197614406135,0.017099304456971283,0.016081367074043534,0.01792892163047685,0.017238948713870834,0.01678258536543696,0.02119089499664242,0.01797676135490895,0.018414405301569944,0.016424855490091907,0.025709214598219197,0.025954020346005573,0.025101886786123358,0.027190253256314405,0.025737598870061537,0.026729929406412258,0.027806326227449128,0.019958613871076558,0.021539029758898202,0.022107438699075704,0.024314997312299795,0.0240272776417062,0.022185797992899707,0.02211383654912627,0.023540173124898374,0.02521594237053769,0.025481313912269203,0.025800609549390594,0.024257059389987207,0.02310076808973234,0.021837908519699495,0.018419191030943215,0.01577887880085226,0.018162314060569368,0.020216738791496224,0.019439722325260263,0.01876963145222931,0.019744167314265437,0.013439678777318687,0.01679710407215919,0.016411244615955292,0.01858355504017429,0.01735817039236652,0.01819219638089569,0.01519173974185583,0.015852354785653743,0.017196539989989892,0.01581858715881848,0.012003029601376463,0.014612806734377457,0.014955776296143338,0.015675522380995316,0.014149262767818133,0.015041634013742738,0.015164961880351636,0.01174874034539742,0.01415082793893345,0.013885922555770782,0.015445354690864794,0.008129104224301378,0.007898160150011869,0.008722322282196784,0.007007311507997747,0.008145918803999595,0.007289993661428256,0.006446301393381484,0.01263649153285996,0.011475868295412571,0.01095221779910493,0.009260970345715144,0.009408363348649175,0.011047048879021876,0.011103453090296532,0.009829223998299554,0.008632924197013628,0.008307735415754865,0.008018405305338764,0.009267320258801554,0.010212697242985045,0.011124416168610207,0.013960296445780226,0.01606886618532341,0.01412257708383867,0.01235604523713328,0.013199454723203963,0.013646554693601345,0.012804577222407534,0.01782423319746909,0.015270769450232757,0.015456023051311416,0.013753341035820595,0.014830999184315031,0.014060092475822471,0.016411885065221832
paired_deficit,3,107000,91.8191927637672,92.53984558407683,0.5826878547668457,0.8977525234222412,40,0.6263000000000001,0.3736999999999999,0.0151,0.0156,0.0146,0.0125,0.0131,0.0164,0.0158,0.0146,0.0152,0.0164,0.0129,0.0126,0.0149,0.0161,0.0115,0.0104,0.0099,0.01,0.0111,0.0092,0.0071,0.0117,0.0106,0.0106,0.0105,0.012,0.0102,0.0097,0.0093,0.0115,0.0093,0.0071,0.0083,0.0098,0.0118,0.0152,0.0176,0.0135,0.0118,0.0109,0.0133,0.0132,0.0182,0.0178,0.0147,0.0137,0.0153,0.0162,0.0175,0.0,0.0,0.01625706241265453,0.0164022498635887,0.01582696703499912,0.02082473399147354,0.015554182309795786,0.01661402483621359,0.015990926534470765,0.01909625802371731,0.01738364292781127,0.018373151823719458,0.021967796601569695,0.01910672430169993,0.017757525121990275,0.015301368560448394,0.023639974469463695,0.023114378941015493,0.02283186433352343,0.0257749225797368,0.024846734820511966,0.02597438409845356,0.025854990215747414,0.02312835640227152,0.02265340854368539,0.02263580207256245,0.023840830663500276,0.023408345443988492,0.023304743938257214,0.02336750480896766,0.023761420973819558,0.02308374958484139,0.02400902192296906,0.02569772223290861,0.025066211907814162,0.02406559674828774,0.02346019024011013,0.01798698571481689,0.017364123185840272,0.01778274564178512,0.021577442693968142,0.020437014667296943,0.01904079896193818,0.01781235603196017,0.01361738451545656,0.015962546993496526,0.016638632539041895,0.018892822849136008,0.018418304860700896,0.017846687475177602,0.016645384582796373,0.0156844332157143,0.015612276068461403,0.01605296672632958,0.012263531140752532,0.016144743711330768,0.015371922600361826,0.015888304406388762,0.013470428375225394,0.014899550519859556,0.014219670405447745,0.011348834972244119,0.013501473269448942,0.01465220365401441,0.016572784595277234,0.009989751932037176,0.010587692544147327,0.010569735525087741,0.008315230071052313,0.009104385635341591,0.0082014967225856,0.008214832420003263,0.010459797725433597,0.010706440108495734,0.010798052400235226,0.00983588770406449,0.010167189433289026,0.010246552510801327,0.010120350064322391,0.009857656340763458,0.010454905909385494,0.00974610867934056,0.008335306258912644,0.008858132025928153,0.00974183250182503,0.010244661655560504,0.014359239762677466,0.0147973159569248,0.014671946183196893,0.01156973735806771,0.012521477825710302,0.013512912331299863,0.014453950888443628,0.01790184915990762,0.015988169319280994,0.01539213457291845,0.013743455709936889,0.014067893794521419,0.014701089070012469,0.015386962225585558
paired_deficit,3,108000,92.68274974648375,93.41350187500939,0.5839554667472839,0.9608253240585327,43,0.631,0.369,0.0147,0.0152,0.0142,0.013,0.0129,0.0159,0.0157,0.0143,0.0145,0.0158,0.0128,0.0122,0.0139,0.0155,0.0153,0.0128,0.0118,0.0115,0.0114,0.0107,0.0102,0.0101,0.0103,0.0102,0.0098,0.0119,0.0104,0.0103,0.0095,0.0111,0.0094,0.007,0.0084,0.0099,0.011,0.0128,0.0176,0.0141,0.0112,0.0112,0.0137,0.0135,0.0168,0.0176,0.015,0.0144,0.0157,0.0167,0.0171,0.0,0.0,0.01590774681848887,0.015335371359864678,0.015549072389446635,0.02166835238055008,0.016463320940770913,0.017015687205972956,0.01706502176341647,0.01918630758169384,0.017530613636128123,0.01851694186218112,0.02254731226195332,0.019151598102642334,0.019760136098157847,0.018204456145016,0.018349367794524334,0.02114840263647335,0.02112768497376394,0.024865749979737027,0.0239419271994808,0.023577798154828522,0.024843890470488347,0.02571267088384331,0.023356569462872116,0.022555550818110143,0.02452593823792033,0.022604200318565706,0.023154748065248566,0.021566393574538684,0.023107277297329865,0.023350564619862006,0.024461763224962647,0.025539775016339854,0.024854102707820007,0.024472118914532045,0.02292976075665408,0.018237644249279955,0.016723881542463133,0.018054403925481396,0.022420132682953883,0.020095897953333653,0.020681991334801805,0.018829651146307747,0.014638182631870018,0.01607110278258274,0.017836167239938125,0.019645749303818634,0.01764508673899828,0.01815348893763015,0.017018425876361584,0.016156646827014606,0.01642616593438122,0.016345326577615924,0.011793418664231468,0.015704313117433748,0.015254365615061695,0.015295792447506538,0.013561595741880175,0.014832268232585032,0.014098574846452605,0.011178655151118218,0.013782727350107566,0.013251933258088674,0.014331021508617352,0.014340414548305425,0.012063002705665432,0.012117476314974191,0.009336866879522267,0.010102189757397906,0.010412114496461258,0.009314064866585522,0.008863123486342536,0.010498553405131573,0.011055339291406025,0.009745890369031684,0.011058213212614429,0.010609618439460542,0.011869262079894301,0.010683992702357115,0.010581145187572662,0.009676440307055167,0.008874546879883058,0.009423655857847414,0.009629674589459628,0.010816040745171545,0.014228209095286218,0.015549554143913437,0.014520764850401597,0.011351384374639627,0.012963109830690447,0.012527136463731298,0.01406127438102624,0.017179154054338997,0.016074194817670612,0.014722165615256199,0.013376083898375819,0.014708053390547749,0.014368934144574535,0.015291390918621545
paired_deficit,3,109000,93.53253086353652,94.27268591709435,0.6011762022972107,0.8908419013023376,44,0.6416,0.3584,0.014,0.015,0.0139,0.0131,0.0129,0.0161,0.0161,0.0123,0.0136,0.0157,0.0135,0.0122,0.0147,0.0158,0.0161,0.0148,0.0137,0.0131,0.0122,0.0141,0.0112,0.0106,0.0101,0.0099,0.0111,0.0118,0.0103,0.0094,0.0102,0.012,0.0103,0.0081,0.0089,0.0099,0.0119,0.015,0.0178,0.0137,0.0117,0.0106,0.0127,0.0125,0.0172,0.0167,0.0147,0.0137,0.0149,0.0161,0.0157,0.0,0.0,0.016277387108745336,0.015170787368112178,0.016722529472253084,0.02177088824896482,0.017536608192074744,0.01872642681102165,0.015458295089709823,0.019352080132063125,0.01775294117732465,0.02004841041314586,0.022244871156389845,0.02075289731603661,0.01912171860167028,0.020311341008903618,0.014968051202671431,0.01647909914818493,0.01866250994948858,0.02323036838214182,0.02243354048281726,0.021748675475810875,0.022085063247265092,0.02519154977949567,0.02435768811087443,0.024223214368800636,0.025748906002307066,0.024560172380621706,0.023847862295082643,0.02475028332493668,0.024228421044275257,0.02507116676237438,0.024287851003298708,0.025737531866280465,0.024281329951398797,0.02520852076081492,0.022364135661894123,0.015353735134493986,0.016479310460866845,0.019356821942941575,0.021833874382899045,0.02204815663349543,0.019738614709516197,0.01926946266639322,0.014431056585719207,0.01617400063949941,0.01787690199340775,0.01895540596837965,0.019905172374773884,0.017439150842248435,0.016425212368114256,0.01595471502658863,0.016938527480644013,0.015676594429317035,0.012118483970271592,0.01509652829554985,0.014209668808143106,0.01665554085186701,0.013802926382675173,0.014981444230476003,0.01338488608055161,0.011819813243880421,0.012804783834249215,0.014006131390088881,0.013041286711974923,0.016926735726263995,0.015771924014832843,0.014450524823591028,0.011000416545112194,0.011568190726631494,0.012017124027398352,0.011972745758824087,0.009602990371107314,0.010236215207545415,0.01033203353783544,0.00936210006830206,0.01013099894845108,0.01048230054917654,0.009917411716395963,0.010250198557413635,0.009727830953266337,0.0102469146531639,0.00925301712987485,0.01036874868337231,0.00966902281632066,0.011773894649400178,0.016769106821239367,0.01592802344545002,0.013760485138290451,0.012112666138305448,0.01188185580995587,0.013488441356018715,0.013822732383627122,0.017192180008332322,0.016028382336689136,0.014814991812533299,0.014241823801027557,0.013447886849254945,0.015126908352816706,0.0159275081654462
paired_deficit,3,110000,94.38320548099,95.13365833403077,0.580054521560669,0.9350003004074097,44,0.653,0.347,0.015,0.015,0.0136,0.0138,0.0131,0.0161,0.0157,0.0141,0.0144,0.0159,0.0131,0.012,0.0144,0.0153,0.0171,0.0164,0.0144,0.0139,0.0137,0.0146,0.0127,0.0098,0.0107,0.01,0.0109,0.0113,0.0101,0.0099,0.0123,0.0113,0.0108,0.0086,0.0092,0.0098,0.013,0.0129,0.0168,0.0145,0.0117,0.0107,0.0127,0.0137,0.0155,0.0168,0.0149,0.0127,0.0157,0.016,0.0164,0.0,0.0,0.015797346237712277,0.017251892713288745,0.01814306682541253,0.02205970247050821,0.016182267518628522,0.019355665436512032,0.018249478589460147,0.01866388218573179,0.019538132660530467,0.020156499381456784,0.023014413595367142,0.019736099685655824,0.02033082665583713,0.01948921206337799,0.01438042299058099,0.01566188242899217,0.01925033278178808,0.02235773448752014,0.02016356348702641,0.021308543492000488,0.021575694425637185,0.02424044788544382,0.02401104104843563,0.024920087010463807,0.024855231075495643,0.02448967037155022,0.024429653777867856,0.02467285857610544,0.02336057720986346,0.024480810192500688,0.024470445647988583,0.027016177115807123,0.024689680288513316,0.023549862801114624,0.02273423285559726,0.01681502952544459,0.016991953600608563,0.018948354633255227,0.02111173916454956,0.02072099260910061,0.018513770765521936,0.020059620672567315,0.015518331806253085,0.016419473667945786,0.01645252333532877,0.019628171305962675,0.018434053261689804,0.018370698107277175,0.017427851574722306,0.016459502437146615,0.015406016740894198,0.01486262313944852,0.012013913397727456,0.016191052385773813,0.013977875623880155,0.01474934743030286,0.014382210956467505,0.01381155766129569,0.01338029915149139,0.011387145601453624,0.0138297423978254,0.013180595615610784,0.013806613141957894,0.017447686612306515,0.0165539769913295,0.014090398745502764,0.011845123762124172,0.013336310035071132,0.012498720780654029,0.012390530589952303,0.010493027835679639,0.010653019709949436,0.010058099504119768,0.010103331035700956,0.010319216221421094,0.010322010221583671,0.01015239543586545,0.011028538245752915,0.0104035204472497,0.01033262384080619,0.0085571913635721,0.010179726213604412,0.011052777548462936,0.011543485480365639,0.015710691881069595,0.015704489796181484,0.014418190474227514,0.012675037660793347,0.013103800348671577,0.014525963481324167,0.01352598886060907,0.016810341414614117,0.015986558650538937,0.016119759301628695,0.013709700818165898,0.014659684700759235,0.014547619564782129,0.015244237810981822
paired_deficit,3,111000,95.23659985407721,95.99830283399206,0.6105387210845947,0.8557912111282349,46,0.6638999999999999,0.3361,0.0146,0.0155,0.0133,0.0135,0.0133,0.0162,0.0157,0.0138,0.0145,0.0165,0.0138,0.0124,0.0142,0.0156,0.0162,0.0155,0.0142,0.0145,0.0136,0.0153,0.0135,0.0102,0.0104,0.0099,0.0112,0.0121,0.0102,0.0097,0.0119,0.0133,0.0116,0.009,0.0102,0.0109,0.0136,0.0137,0.0166,0.0142,0.0116,0.011,0.0134,0.0144,0.0166,0.0165,0.0152,0.0132,0.0152,0.0157,0.0167,0.0,0.0,0.01799135920109182,0.017220804069203323,0.0174605729099186,0.021664253598832377,0.016852629388468817,0.01940449953982247,0.015544196795946104,0.019056937788296247,0.01901503585700478,0.0223972379220057,0.021599227045768096,0.01901619568309868,0.01829160757691457,0.019332748178428408,0.015114835696500429,0.016077549745728135,0.01846012258862964,0.02125091604912331,0.02154939991981738,0.020488024214934432,0.019326465207878035,0.024864938025209886,0.02499450454187853,0.02538142953577871,0.025566765266129308,0.02674168765900467,0.023994008520528524,0.02556508307420383,0.02300129526237019,0.02379411229417045,0.024469096048675216,0.02450919600199089,0.025140363225127825,0.023741220343923255,0.02257982863760548,0.017644526359736633,0.018426073028868534,0.018479001182161395,0.021427946596808294,0.020935500854654107,0.021787133616453513,0.018150005961500196,0.014513722294659807,0.01749729540959874,0.01794051168850852,0.01946600115678202,0.018703869456103955,0.01772371885007294,0.01584654613008321,0.015293113769057003,0.015579468862822105,0.015534624023096305,0.01253758697398303,0.015789213525459443,0.014103758819358946,0.01690780848376381,0.014377698560417412,0.014327890283916312,0.012159434193270157,0.012581530984830632,0.014366168990095938,0.014777710227928394,0.014035059859114605,0.017080777049593227,0.016430188718691206,0.01470289270271053,0.012895039554981846,0.012537078441082754,0.01352777840219848,0.014078368300395664,0.010413672897115284,0.010287051205590175,0.010064635350550345,0.009939388125206505,0.009106329942757093,0.01092410955074287,0.00997958742635523,0.011673095916282968,0.01113732155021508,0.010759302220980961,0.010654078248323585,0.01018848200182832,0.01125119017071909,0.012036042009479383,0.01533218592308827,0.014764965406281048,0.014807322320278614,0.012775404852829702,0.013108192614372089,0.012493608922503098,0.014951527566374447,0.01744793835519786,0.015353557485109123,0.01509310078794374,0.014218446909716527,0.014616297069621273,0.015239606275240264,0.016390985145173922
paired_deficit,3,112000,96.09731321199797,96.86974633403588,0.6181466579437256,0.9559887647628784,47,0.6754,0.32459999999999994,0.0151,0.0154,0.0133,0.0136,0.0133,0.0165,0.0158,0.0144,0.0147,0.0167,0.0139,0.0123,0.0147,0.0156,0.0166,0.0159,0.0148,0.0155,0.0147,0.0154,0.0132,0.0106,0.0111,0.0104,0.0114,0.0122,0.0101,0.0093,0.0123,0.0128,0.0119,0.0092,0.0108,0.0116,0.0147,0.0137,0.0167,0.0141,0.0116,0.0115,0.0133,0.0136,0.0163,0.0157,0.015,0.0141,0.016,0.0162,0.0178,0.0,0.0,0.016630383174349443,0.01590781701916048,0.019480619296220997,0.022029997015738823,0.018215513360531413,0.01811944876396343,0.01653393071176848,0.01937505044322645,0.019166813394057763,0.019198549693934336,0.024140812318227955,0.02138325534384058,0.021887780027118574,0.01970320896716197,0.016002738149601133,0.016891589096845797,0.01869384760946955,0.019865973297864097,0.019232900163640813,0.02047455722823127,0.018353271137505126,0.02641089577785906,0.023938555932387556,0.024886959661304917,0.026627313182696413,0.025113356308327638,0.025226553046461018,0.024588876770755632,0.022952304042037363,0.022836530224116233,0.023271633737347874,0.025253445545436744,0.023872716225483755,0.023902929830882602,0.022215765004628664,0.018889304222410953,0.0181126572639469,0.018649988557238345,0.021372939451122785,0.020550288591979656,0.0206558182180206,0.018941934668233934,0.016145546274701137,0.015493072021475797,0.016414325697697855,0.019715877050242442,0.018084948443666538,0.01753902190221371,0.017048386134865295,0.016160706876621814,0.016598237629174117,0.014280736033662002,0.012521081653128503,0.01503705497818338,0.015178542672664257,0.016224325401414354,0.01419411758595043,0.014448654962985903,0.014466784699565513,0.011167883633692212,0.012947662271051975,0.012614885738315682,0.014133919393418785,0.0165356291469365,0.015949357065218602,0.014721553243329813,0.013987500105100156,0.014326940170909321,0.013547025232348065,0.014907129618747197,0.00967057234693836,0.011145038759416569,0.010558549101110388,0.009449701836178326,0.010409221439419292,0.010334558654264081,0.010755159879676294,0.011951804968738515,0.01191098005512204,0.011741180132477299,0.01039494578560796,0.011227528092842179,0.011481037174710551,0.012320427014272176,0.014631695640685038,0.0151439597390809,0.014828606983219746,0.012954466471370586,0.013575199017902346,0.013583718339094528,0.014518856427767755,0.01655862265744012,0.016871796895695044,0.016342277484420874,0.014086501225393691,0.015123173540409117,0.01563950808654675,0.015845936209143856
paired_deficit,3,113000,96.93999450118281,97.72287704201881,0.5841813087463379,0.9692180156707764,47,0.6824,0.3176,0.0151,0.0151,0.0135,0.0138,0.0134,0.0166,0.0155,0.0146,0.0145,0.0162,0.0137,0.0123,0.0139,0.0147,0.0163,0.0156,0.0153,0.0158,0.0142,0.0162,0.0137,0.0111,0.0113,0.011,0.0118,0.0129,0.0105,0.0095,0.0139,0.0134,0.0129,0.0095,0.011,0.0117,0.015,0.0145,0.0166,0.0136,0.0119,0.0111,0.0137,0.0137,0.0167,0.0164,0.0147,0.0139,0.0159,0.0167,0.0175,0.0,0.0,0.017551116489749594,0.017393804611968863,0.018213311055164813,0.021701547881363904,0.018541577798371622,0.017775200245264973,0.017190977529049703,0.01866586045416732,0.018609149445087465,0.019175797602787405,0.022153708227287374,0.020392061189725343,0.020400928695679835,0.01932447735579339,0.017589089332937173,0.0175035901753203,0.018031010855823808,0.020030429220029067,0.019245443403769526,0.019696486313025195,0.020636508355021694,0.02633320743369042,0.024180341085314846,0.025617890880951143,0.0266876172505646,0.025496209292656287,0.024107261411939376,0.025996884059468282,0.02163382198702899,0.022114670945224284,0.022447805363504443,0.023014197309121125,0.022692078423411702,0.02259461773548082,0.02238161454740142,0.017414885817407022,0.01988967231609178,0.01982438034781534,0.023965410979225367,0.020991284005740844,0.019832292341805034,0.019156222105311663,0.015175543393639981,0.0176338662874997,0.017738809647394358,0.018975586623205275,0.02003718322507555,0.017678664114476137,0.01656590483216583,0.015609376746043045,0.015751001251579487,0.015177648362640343,0.012825311334100972,0.014807379586631995,0.015307031742296223,0.01580511262619254,0.014843539012899578,0.014958637666188063,0.014393889798006636,0.012569580633764238,0.013718114716305246,0.013556083403364165,0.014375080644870333,0.01546743224098925,0.015679424790125213,0.015296501905792168,0.013992948987651344,0.014465670599372765,0.014132543429820395,0.013636868460465064,0.009844688993069749,0.011287347289244035,0.010271988609378689,0.00953550082026163,0.010507570875374364,0.011217805256141222,0.009946772919077931,0.012986653818757753,0.012751281616840436,0.012299714281881133,0.011930445955282785,0.012257644036845934,0.012203997597801835,0.012303805947627488,0.01577631952107785,0.014084717712076786,0.014049160859544881,0.011310286924217419,0.01328837927640552,0.014044002507977136,0.014406652358016785,0.017119107283622953,0.01555542668623373,0.015447944677100851,0.014563483062028032,0.013910420605575288,0.015448095023372695,0.016173576311137333
paired_deficit,3,114000,97.79550860228483,98.58851995901205,0.6000913977622986,0.9201768040657043,46,0.6638999999999999,0.33609999999999995,0.0139,0.0146,0.0132,0.0144,0.0135,0.0171,0.0156,0.0109,0.0146,0.0166,0.0141,0.0124,0.0151,0.0154,0.0096,0.0155,0.0154,0.016,0.0145,0.0159,0.0143,0.0087,0.0105,0.01,0.0119,0.0122,0.0108,0.01,0.0125,0.0124,0.0128,0.0089,0.0113,0.0122,0.0147,0.0109,0.0161,0.0132,0.0118,0.0112,0.014,0.0142,0.0158,0.0161,0.0149,0.0134,0.0164,0.0166,0.0178,0.0,0.0,0.019030968855942486,0.0191904576846762,0.01788959473574054,0.02082024216192111,0.018545893550960733,0.01582228145003086,0.01708091247640162,0.01934192425285132,0.01861826627087689,0.02087913395061882,0.022904407876725222,0.021306426320109144,0.018725853609069653,0.018260460676894203,0.016360641334196943,0.017017540421776573,0.018166075989173823,0.02098415067408841,0.017902017672498056,0.01867739838732182,0.017367502885799094,0.02531864058818884,0.02435528390844716,0.025757471718775703,0.026574223705488988,0.026366307799939648,0.024851158396007076,0.025331134082716464,0.02145037776173484,0.022557458787460467,0.021574263774232914,0.02449594492284468,0.024568928417615245,0.022681875677723243,0.022160429974439875,0.018135352617067224,0.018432072389844754,0.021259166279082385,0.02226270886802731,0.020322334498581014,0.022304765997138723,0.017112151637635742,0.018257667784877293,0.016404081539571687,0.018505900566476854,0.019256703970706602,0.018488666306038057,0.01872117142398584,0.017601605367677804,0.014819085309191063,0.014679900663807564,0.015574667119710447,0.01373489746310497,0.015006413057017085,0.016833399850815018,0.015965145287465607,0.014741064645056434,0.015000042205711061,0.01361980202275061,0.012387460299138205,0.013390623611590621,0.01508875220807308,0.015380911472052141,0.016417309195044125,0.016122115799961194,0.015322975754769125,0.013436688277392847,0.015449680884902488,0.015158233395042853,0.015824295207612638,0.010832817300830438,0.01151570777757931,0.010479207712948854,0.010083663620364995,0.010136061784201816,0.011048163137511842,0.010707786772040434,0.013261192856452976,0.012566201688174457,0.013222483556052936,0.011310217650711232,0.011303463373874688,0.012488096619161435,0.01285450657621065,0.0154594504359037,0.01515599145554947,0.013537479501132883,0.01275123655562924,0.01396934346793522,0.0127638968929904,0.016101784309896998,0.015421727263130756,0.01654628877997774,0.015187769413610254,0.014638313297885355,0.015315776048360506,0.014935441538804868,0.01579452042247082
paired_deficit,3,115000,98.64524827140849,99.44835454202257,0.6028410792350769,0.8185120224952698,48,0.6944999999999999,0.3055,0.0146,0.0148,0.0132,0.0141,0.0138,0.017,0.0153,0.0153,0.0151,0.0169,0.0145,0.0131,0.0155,0.0149,0.0159,0.0162,0.0151,0.0159,0.0145,0.0165,0.0138,0.0105,0.011,0.0107,0.0119,0.0127,0.0112,0.0094,0.0149,0.0144,0.0139,0.01,0.0118,0.0125,0.0147,0.0139,0.0164,0.0144,0.0118,0.0113,0.0149,0.0145,0.0158,0.016,0.0153,0.0138,0.0167,0.0163,0.0178,0.0,0.0,0.01818554781365426,0.01928153150158966,0.017554597866956033,0.021364502624835593,0.018792064774752454,0.01754387494600894,0.015859507877717983,0.02068330960871864,0.020010067576144236,0.01988259832867102,0.02156696209993368,0.020324206949109126,0.02044942417957229,0.016749961602921408,0.017043346011134677,0.017796136556127537,0.017980240232389866,0.020668446475564255,0.01900902577130669,0.0191809761520215,0.018028348804215583,0.024767630414937167,0.02570941115292128,0.02548755721586648,0.02775064783981543,0.024972650070749322,0.02492979061824347,0.02545987481195207,0.01947639695225263,0.021464036635308274,0.021351547806864997,0.024117109308709642,0.024483284229738694,0.0230809132955736,0.022091955534252132,0.0170799718055943,0.019260794677855873,0.01807320423265992,0.02268680627430098,0.02084794451782398,0.020366425784531822,0.01823416848363095,0.017670387240638828,0.017881327038881643,0.017204402312467778,0.020631907065056514,0.019166537933090057,0.02158658753257199,0.016212051460364692,0.015454207801324338,0.014824944494217012,0.01595614567399254,0.013476633293045524,0.015006231550788094,0.016118934461818855,0.016872616245410695,0.014048271658131363,0.014458811550058463,0.014458416710312382,0.013353174437233216,0.014071938306689694,0.013995581416040452,0.01652493416333861,0.01611165470192167,0.01580885649335493,0.015618465919164468,0.014057335128300576,0.014952054733955333,0.014886262683437235,0.01558912953355204,0.011362359134290383,0.0109052530761289,0.011001476085552311,0.009543328842103696,0.011471714092065446,0.011302537088883024,0.011135544188012391,0.01466705393954314,0.013533125411703584,0.013484533081401346,0.011837168909935955,0.011535752128923948,0.01246903646820691,0.013111160858001365,0.016167445461081564,0.014681339713859681,0.015522714399796439,0.012670298615350937,0.01383069054852104,0.014202443455220093,0.015463621640617091,0.015885537847003084,0.015561595229179659,0.016130630810855317,0.013962429192604525,0.01485600454286956,0.013497456938763842,0.016774824291786963
paired_deficit,3,116000,99.49637227435596,100.3097356670769,0.6131542921066284,0.8611959218978882,48,0.7011000000000001,0.29889999999999994,0.0147,0.0148,0.0136,0.0146,0.0132,0.0168,0.0156,0.015,0.0153,0.0174,0.0143,0.0131,0.0155,0.0163,0.0149,0.0154,0.0152,0.0155,0.0148,0.0159,0.0145,0.0116,0.0105,0.0111,0.0115,0.0127,0.0109,0.0098,0.015,0.0151,0.014,0.0109,0.0125,0.0124,0.0153,0.0137,0.0179,0.0145,0.0124,0.012,0.0144,0.0138,0.0168,0.0167,0.0154,0.0139,0.0165,0.0166,0.0168,0.0,0.0,0.017289610448017124,0.01908462748805955,0.017742915035785164,0.020511997124586415,0.016863125283528395,0.018130218851784355,0.017782275213883945,0.018439494048622912,0.018364938260865358,0.02008230122267736,0.023244704388623208,0.02204854516655827,0.020246925665717404,0.019798704052070848,0.017498101839108115,0.017005345468997488,0.01914721082514676,0.021357307263609515,0.0203362532321164,0.019436749195675507,0.019551993604126933,0.023887102509410653,0.024665419017168035,0.02548060288523315,0.027179000489780107,0.02466727985929401,0.02455704753167845,0.025392939306215626,0.02006613444075485,0.020394300980161068,0.02088446935563906,0.02292497756262806,0.02255938588550136,0.023994502872725296,0.019786889991766532,0.018403673301090252,0.017825891325688504,0.020298344735022004,0.021772326563783105,0.02225243051640667,0.021200588348312056,0.01971747570975899,0.017643318234620408,0.016557997062843787,0.017364096417174783,0.020549482717183834,0.01925792969263568,0.018812513135662533,0.017940535872300045,0.016071077577188404,0.015004248465437988,0.015879790911486592,0.01423404754567988,0.016363612205339058,0.015688667860718677,0.015856398050637502,0.01542673191287279,0.01554916751441859,0.014411302905381422,0.012570860261272607,0.013320833828923224,0.01450877446882036,0.01465797768004313,0.01614247777964278,0.016200961749172144,0.01496705342805074,0.013614468455711286,0.014377559583771682,0.014912160131179006,0.014882729637987403,0.01234531499064186,0.01172648959993032,0.011320127900093412,0.010232597436279519,0.011725383649118671,0.01171277282170475,0.011294103830641635,0.014577161278568703,0.014225872674515857,0.013934551822984014,0.012760882906278321,0.012978164322260424,0.01216429643408881,0.014625936608352423,0.015682396190589955,0.015791413268688933,0.014321964669771342,0.013524060813200546,0.013238721531232973,0.013902923414791967,0.014784378968426147,0.015899921591578783,0.016466833488622948,0.016104933470800168,0.014211768803716966,0.014979375091133992,0.015205036178283539,0.015723276790259887
paired_deficit,3,117000,100.36935556330718,101.19375508406665,0.603757381439209,0.8871122002601624,48,0.7085,0.2915,0.0157,0.0149,0.0139,0.0145,0.0137,0.0164,0.0156,0.015,0.0156,0.0177,0.0148,0.0133,0.0158,0.016,0.0151,0.0152,0.015,0.0153,0.015,0.0157,0.0139,0.0127,0.0111,0.0115,0.012,0.0129,0.0109,0.0096,0.015,0.0152,0.0146,0.0109,0.0126,0.0129,0.0158,0.0142,0.017,0.0149,0.0125,0.0122,0.0148,0.0141,0.0167,0.0164,0.0149,0.0146,0.0167,0.0167,0.017,0.0,0.0,0.01704569024490774,0.019130870503123922,0.018468129197306872,0.020221333828357134,0.01838330211852654,0.01908511663492493,0.01761902744022772,0.02027746671817327,0.01756171847717471,0.020757255231138347,0.020898515896085566,0.021192193868709464,0.019995772507438635,0.018137737606478833,0.01782052581239082,0.017524312197224022,0.020363613008155798,0.020159983581811654,0.018797660702126073,0.02009381718057318,0.019100890980584255,0.024757629530379306,0.024369198722519934,0.024052538695780983,0.026761167352134102,0.026473175080861833,0.025132553321536955,0.026320823732848567,0.018654028808492824,0.019423653795503135,0.022020640202159294,0.023125047323968122,0.020256712250342434,0.021831015463363024,0.02014657863713635,0.018929312778627326,0.01802694470438227,0.018045762787009402,0.022581255305438655,0.021573324949084947,0.020901569753258922,0.02085923851654517,0.017256480515130526,0.018648549301521322,0.01843864224439438,0.02077888164827936,0.02047017094605232,0.018362911241678152,0.019167258656130875,0.016466956495875134,0.015088370272261079,0.015515932856027682,0.014488201311238392,0.015565658634280189,0.015076128767831952,0.01593555275415945,0.014377171115494265,0.016125397366040815,0.014174043270921085,0.013974048528210804,0.013880018999794727,0.01469855074225271,0.01578773397004963,0.015895559064744595,0.016069199991143833,0.014482922013385132,0.014602289930395399,0.015244635925890987,0.014523889287647324,0.015105944319503517,0.011868079534119856,0.011978590836150695,0.012164217483884613,0.010615477245999577,0.010706173806586443,0.011531111068315607,0.010834544926625058,0.015289770686901114,0.014916740206930297,0.01351156984622202,0.012786039507865747,0.014467462419933174,0.01350554069150691,0.014492960431826022,0.015401836254115052,0.015774555958214483,0.015802587266084463,0.013104811316557913,0.013812849310464531,0.01393319585192747,0.013958010495084442,0.016148078379970475,0.01533204528323304,0.0156113431581146,0.014278553328309452,0.014342332568457017,0.015538549301065088,0.015106101974908881
paired_deficit,3,118000,101.22565173008479,102.06103337509558,0.5942113399505615,0.9043556451797485,49,0.7165999999999999,0.2834,0.0148,0.0152,0.0138,0.015,0.0137,0.0167,0.016,0.0155,0.0157,0.0179,0.0148,0.0134,0.0154,0.0162,0.0144,0.0156,0.0155,0.016,0.0146,0.0167,0.0146,0.0125,0.012,0.0119,0.0129,0.0133,0.0114,0.0114,0.0155,0.0156,0.0143,0.0115,0.0124,0.0128,0.0149,0.0145,0.0171,0.0144,0.0126,0.0118,0.0151,0.0142,0.0169,0.0167,0.0148,0.0142,0.0167,0.0162,0.0175,0.0,0.0,0.017497254901798064,0.018402303383339206,0.01821354665351005,0.021084855296543553,0.018196319446095163,0.018179114940481376,0.01610702850158463,0.020639689291809506,0.01736575447467407,0.019414781113451428,0.022433565492185656,0.02198132479764424,0.021009302870305238,0.018509513032344563,0.019655099111802833,0.02018855042927662,0.0185984387891161,0.0195335166048958,0.02116797988605523,0.019812364669545175,0.019112923573884805,0.022749049148579323,0.024473187989800305,0.024320873440468436,0.02621314346728071,0.02512296449584792,0.025375978100608453,0.02469612982944778,0.019789689840798486,0.02200929344511749,0.02161594983307092,0.02206988118399983,0.022847955745242215,0.023366836084511552,0.021619105144594912,0.01833571723301291,0.019351344366274295,0.019891624015435434,0.021938943807447646,0.021602522684510177,0.020340261267016997,0.01955862067054319,0.016151495872769463,0.017134873313360225,0.01785181153293651,0.019654868303357994,0.01857613892994516,0.01937255281771285,0.01686596017596554,0.016267699935460525,0.015789191156626203,0.01562369821875607,0.01421605412628458,0.015672612464772244,0.01579963872827923,0.01694554305592236,0.014392506801473236,0.016186651259612717,0.015092996670532904,0.013327577932946626,0.013664326420404608,0.014259260392760622,0.015532568532062939,0.01499462819719782,0.014572375182795088,0.01544265194126862,0.015064157747124916,0.01409039255672659,0.015060942533531834,0.01514843284314903,0.013108099374778174,0.012083051302580847,0.012209218126482398,0.011048958149570048,0.011867712747878352,0.011566771521221188,0.011994619756233702,0.014839534618004246,0.013492081952776368,0.013756086387336146,0.01353555856196131,0.013090600027800877,0.012754804738083018,0.013832406955138425,0.015749144866971477,0.01520739932751063,0.014703116385984313,0.013649500393634157,0.013880952488641404,0.014602803604244284,0.014971676451715262,0.016841988441222224,0.016435873076400334,0.01602587666325854,0.014877572689930141,0.015572592091391045,0.015234333322179668,0.016433406789931035
paired_deficit,3,119000,102.07947812054772,102.92542066704482,0.6025363802909851,0.8630411624908447,49,0.7166,0.2834,0.0152,0.0151,0.0137,0.0148,0.0133,0.017,0.0157,0.0153,0.0152,0.0177,0.0156,0.013,0.0151,0.0158,0.0147,0.0149,0.0154,0.0155,0.0146,0.0159,0.0138,0.0126,0.0116,0.0116,0.0133,0.0136,0.0117,0.0117,0.0155,0.0157,0.0146,0.0114,0.0129,0.0126,0.0159,0.0144,0.0171,0.0149,0.0132,0.0125,0.0148,0.0146,0.0169,0.0162,0.015,0.0147,0.0167,0.0163,0.0173,0.0,0.0,0.0175984789886312,0.019162876743724765,0.017550036891856004,0.021663178252204818,0.01993075559352183,0.01707696123924434,0.01811774445356336,0.019048952838991412,0.018073180621621953,0.019362927819423215,0.021478273485332468,0.021953709549185952,0.020751846393992968,0.018126062340086083,0.018540263022850716,0.019525393870236298,0.017634680099925856,0.021257308591840017,0.019511107462182372,0.018703120865267445,0.01978090577390234,0.02502480387061947,0.02479830646781226,0.02430291128309371,0.02512046518551253,0.027685140822453734,0.025944248447859523,0.023688993746887804,0.01920829743685036,0.020803492284773822,0.020219322537276957,0.023570127140372946,0.02225942204631822,0.021989503832662023,0.021735307537003062,0.01978136487027505,0.021780964287049995,0.01890247178361217,0.019646322390290027,0.02177741447795796,0.02144180433818959,0.019134235575471205,0.01567300158401925,0.01842298458126996,0.017993438196884017,0.01954801484613642,0.017807261814327346,0.017925513358484836,0.018967100358950433,0.01611571063865575,0.01530408547374136,0.01614326204842618,0.01392110318221533,0.014828292397379504,0.016451386005819437,0.015781316256752033,0.015290754617490392,0.016041036906021842,0.015151244059769862,0.013948142643288267,0.013833988703598017,0.01451754756006897,0.015854710464419174,0.015619134106298256,0.015097904103276126,0.016173246281096502,0.014112878776982175,0.014949779488192226,0.015487446318594989,0.014796331880916603,0.011970118385838741,0.012020813630462743,0.012302569306642912,0.011759461077706968,0.010300803544166931,0.01132999740452596,0.012573609490052658,0.015278252485252695,0.014370986494625145,0.014703232643330622,0.012680277292096245,0.013542927427664636,0.013657380729085377,0.013684767200280869,0.014835133270165196,0.013697862454577882,0.015452190618644775,0.014951001089302165,0.013778006406097575,0.013968884446054868,0.01524225011881019,0.017288949609967953,0.015685836140609942,0.015930140356146812,0.014967850938535733,0.015996965547779976,0.016007835062036062,0.015259183160141541
paired_deficit,3,120000,102.94185157795437,103.79843908408657,0.6351521611213684,0.862771213054657,49,0.7241,0.2759,0.0145,0.0153,0.0139,0.0142,0.0134,0.0167,0.0158,0.0157,0.0152,0.0181,0.0152,0.0136,0.0155,0.0162,0.015,0.0161,0.0161,0.0154,0.0149,0.0161,0.014,0.0127,0.0117,0.0126,0.0132,0.0133,0.0116,0.0119,0.0156,0.0159,0.0152,0.012,0.0129,0.0133,0.0161,0.0147,0.0173,0.0155,0.013,0.012,0.0143,0.0142,0.0165,0.0163,0.0154,0.015,0.0168,0.0166,0.0176,0.0,0.0,0.016559767000855152,0.01890187470751874,0.020608681266412375,0.020894185290558132,0.017472067581887078,0.01907182643802678,0.017405481405316017,0.019340404807303604,0.01950362302506772,0.019267713570108883,0.02153182564051475,0.021800874906774348,0.020304274074048417,0.017546539995379255,0.01837697790297741,0.01931930654104061,0.018564255154250676,0.021959548455813903,0.019654841576154804,0.018940135957179534,0.019453303695913023,0.023144534795522854,0.024150292590668615,0.024083508381359094,0.025892158749918362,0.024677007636401602,0.025011522162723676,0.024954528192485635,0.020141496365160487,0.01956907419568471,0.021023674404807253,0.021613220508536424,0.022242507944029107,0.02302105624142097,0.02015323110136885,0.018295704673387446,0.018351716547345624,0.021052778996234412,0.021727749791437632,0.021258179135165707,0.020844132598307065,0.019376017394335178,0.0177872757182653,0.019943242384392146,0.018268476014595983,0.020257735711157326,0.02010127144000106,0.019403839734301178,0.017176557597884983,0.016897603788467684,0.015646235803461347,0.014549587029596816,0.014626657950326053,0.01627776627032243,0.015474472541906086,0.01647070323902282,0.01544368148637594,0.015236565686617576,0.015288419658769021,0.014040962409552854,0.013931786904032368,0.014717306182633214,0.016432046723679625,0.01581825056180985,0.01553343099275073,0.015754128962503215,0.014000612579240544,0.01503606134014375,0.015586092512507005,0.015303352614551246,0.013113345958276273,0.012910766342738087,0.012752249921485815,0.011638550789818968,0.012386187288504562,0.012045629905366157,0.012233281858592928,0.014728866775328565,0.01516144157185784,0.014477188366117513,0.014113303799905805,0.013571272962281607,0.013220441405695482,0.015073963790716693,0.015902092152361248,0.016105606304470978,0.014343965116811703,0.013893951630154538,0.014347983354720397,0.014458922969393027,0.015228747528394,0.01606503362392087,0.015033411220481834,0.01599521931954185,0.01486013491255022,0.014868216992070898,0.01540873076084828,0.01644058333073989
paired_deficit,3,121000,103.77514352730941,104.64327370899264,0.6111111640930176,0.8837882876396179,49,0.7275,0.27249999999999996,0.0151,0.0152,0.0136,0.0147,0.0137,0.0169,0.0159,0.0158,0.0152,0.0175,0.0154,0.0137,0.0159,0.0164,0.0148,0.0159,0.0156,0.0154,0.0152,0.0163,0.0142,0.0131,0.0116,0.012,0.0135,0.0135,0.0121,0.0126,0.0159,0.0157,0.0151,0.0125,0.0127,0.0131,0.0159,0.0145,0.018,0.0149,0.0131,0.0125,0.0143,0.0139,0.0167,0.0167,0.0149,0.0157,0.0169,0.0166,0.0171,0.0,0.0,0.017914513365807273,0.017161784194662258,0.020928460681025655,0.021672471026036276,0.01935041326320115,0.018049971801449502,0.018148805260334935,0.01969993584799564,0.01963660332994923,0.018606342889878162,0.022044817472422255,0.021482605577943632,0.020312063608910566,0.01763492407462075,0.019374210242829402,0.0184942208865633,0.018323045431182197,0.020790340212855044,0.018061436441001354,0.020253379829088,0.01947125619021805,0.023398068565808776,0.023622788511285978,0.023040984939498528,0.02337113344745587,0.025165972189441502,0.02500172264626501,0.023872612930698353,0.019588183035634067,0.01986701934176599,0.021170817916913914,0.023766278931385543,0.02151883783150666,0.022521576979293044,0.021016425466176977,0.020294612398540322,0.018850797193480442,0.020172485256931518,0.021402838972934612,0.021145806716502777,0.020605087499169016,0.02085727603582132,0.016819812379268897,0.0190242228984435,0.02071225233712792,0.019891079037529846,0.017818161856773814,0.021049339539752618,0.017022203516618477,0.016044808369637356,0.016419420926069808,0.014466567609544867,0.01409674663158636,0.015177560277486953,0.016087552393608238,0.016111361793457322,0.015141724225116567,0.01533277968235294,0.01566460174502054,0.013735867339769704,0.014122965402181598,0.014844381553446175,0.016276586396839102,0.015281669744552924,0.015765282789679886,0.015859355158440242,0.014620599050606586,0.01608125180689605,0.014759444717908722,0.015267399001599853,0.013070290296746188,0.012907729147178281,0.013266531647457093,0.013085092946931387,0.012098708937462704,0.012110850053945455,0.012809496409049787,0.015164077374638742,0.01501083816311851,0.014333376088508978,0.012985121558144087,0.01410305335398163,0.013473856083304814,0.014340100073003884,0.014814909661478203,0.015530257744928175,0.014882026699230447,0.01424492749006586,0.014425246417025717,0.01456615781493514,0.014661938336163227,0.01668548232531413,0.015474011213423126,0.014585388564400397,0.01503667825008552,0.01621494747223851,0.014478261586778337,0.016613317350182323
paired_deficit,3,122000,104.63438434689306,105.5127598750405,0.6259603500366211,0.8326907157897949,49,0.7319,0.2681,0.0147,0.0154,0.0139,0.0151,0.0136,0.0172,0.0158,0.0159,0.015,0.0173,0.0154,0.0136,0.0154,0.0162,0.015,0.0162,0.0155,0.0159,0.0152,0.0172,0.0143,0.0137,0.0129,0.0122,0.0136,0.0141,0.0125,0.0127,0.0162,0.0148,0.0144,0.0121,0.0137,0.0138,0.0161,0.0145,0.0178,0.0143,0.0129,0.0126,0.0149,0.0138,0.0166,0.017,0.0149,0.0155,0.0174,0.0156,0.0175,0.0,0.0,0.01838990693569499,0.0189707912783728,0.019359268800649768,0.021276096372228867,0.017950697152047876,0.018425344793221603,0.020027015745396635,0.019218905965092684,0.018371866230601788,0.021278836451160393,0.023433333277370346,0.02078108060813516,0.019782361430440674,0.01785961659728074,0.018560817556075124,0.017611135922390855,0.020017578302280736,0.02096754460172351,0.018423518197493754,0.019823558080730247,0.020494822326443424,0.0229430372369763,0.022081637945684643,0.024471328312538926,0.025412365871230132,0.023238520584661693,0.025612088431257916,0.023162926011822887,0.017827223765224064,0.021276751510156903,0.02267240696429347,0.02157265373924322,0.02137673766839788,0.021249068829233712,0.021482334503102107,0.01817609970519341,0.018721921118718125,0.019166981537039555,0.02200966862404711,0.022775265500663847,0.02080447627194278,0.020656663498692558,0.016262959099338142,0.018205620211400236,0.019019911826498752,0.01997879108127033,0.019591225163265735,0.02029629743509852,0.018930940928175034,0.015854540846892494,0.01573565634972438,0.015486468594145864,0.014449667594651114,0.01617023189061236,0.015991622713749834,0.015086225615532037,0.015601452543918006,0.0158252364604284,0.014448185501729965,0.013165643070518006,0.014600231271954561,0.01525762022617049,0.016180434338392356,0.015723033776153972,0.01639296110509312,0.015130392774187996,0.014577498971178719,0.015953548208864465,0.015157212195172102,0.014872254228712493,0.013391778876440793,0.01377957979456577,0.012682322531080783,0.012056133232546876,0.013310078634589807,0.012143416949505183,0.01339002980388784,0.016158892934786624,0.014293063234317057,0.013538161233086437,0.014172073921927549,0.014317106296882027,0.014308036637076605,0.01422092707684516,0.016009250447116867,0.015674956286492396,0.015551413168155625,0.01405288258635733,0.013482525642855691,0.014587576692075162,0.01466752777026091,0.01700499468807514,0.015993282975240605,0.015630962327999195,0.015073247558758855,0.015243817232833978,0.014901510199657842,0.015718148674752914
paired_deficit,3,123000,105.49977401923388,106.38871079206001,0.6291494369506836,0.8585207462310791,49,0.7294,0.27059999999999995,0.0144,0.0148,0.0137,0.0149,0.0136,0.0173,0.0161,0.0162,0.0153,0.0169,0.0155,0.014,0.0157,0.0163,0.0147,0.015,0.0151,0.0156,0.0151,0.0173,0.0141,0.013,0.0124,0.0119,0.0137,0.0137,0.013,0.0128,0.0159,0.0152,0.0145,0.0116,0.0137,0.0138,0.0164,0.0144,0.0173,0.0142,0.0133,0.0127,0.0159,0.0143,0.0164,0.0168,0.0151,0.0154,0.0163,0.0165,0.0176,0.0,0.0,0.016217225694332746,0.01951326007131102,0.018929130597622947,0.020209699914531788,0.01773960092321554,0.019425391228732908,0.015248515152503053,0.01957105812932608,0.020049281397929497,0.020896935782848507,0.02283944875287163,0.02084987690786593,0.021072960780475606,0.01859098468852824,0.0191366178118111,0.018551707026613948,0.022811350263564414,0.02059569897547066,0.02295775048918936,0.019671033155406636,0.020018574169273457,0.02226200455727046,0.023423188591292353,0.024798348513876408,0.026402449470347825,0.023004895348358326,0.025382557442794534,0.0218184047011869,0.01799812129655969,0.01979170882378986,0.020542445011282464,0.021757135425056404,0.023779264174686454,0.023542955886384873,0.02069596119084649,0.020307831171971533,0.01786486352324022,0.019686032703893852,0.022127410880319796,0.020853659196253524,0.01959078170423676,0.021311840043988235,0.015549073571955847,0.017005970292696293,0.018163278725913334,0.02168434590566434,0.017588194344213406,0.0181705315957918,0.020000643992702863,0.017110082821738155,0.015431794518226634,0.015853334190036397,0.01510798716082875,0.01659030883680068,0.01543851480145825,0.017771065369129382,0.01540167968020587,0.015191570897184571,0.014828037900772743,0.013737794752612196,0.015047869743570912,0.014697260134322718,0.015951395200942117,0.01570616349295774,0.016128110255772765,0.013791497562047757,0.014906867960711126,0.013754280352446618,0.015427714146026452,0.015168507952339214,0.014077726157446822,0.013472708094595049,0.012795263505196407,0.01195947001780101,0.013612528708837932,0.012373682434393924,0.014308857414633863,0.016338423053922423,0.015403900343063794,0.015012740164692846,0.014418905880398727,0.01324811758750754,0.013293117586332098,0.014893690290723767,0.015252169795500028,0.016290667579778338,0.015380836349309052,0.014147854236472107,0.014694336537182984,0.01554765299818533,0.014533733066234157,0.017575401273358826,0.01697255641334384,0.016174245175958692,0.01433964430146566,0.01635669703406051,0.01620952867353064,0.015177850210222108
paired_deficit,3,124000,106.36569873034023,107.26511208398733,0.6159622669219971,0.8580111861228943,49,0.7425999999999999,0.2574,0.0149,0.0153,0.014,0.0143,0.0133,0.0174,0.0163,0.016,0.0153,0.0175,0.0156,0.0143,0.0158,0.0164,0.0145,0.0158,0.0154,0.0156,0.0152,0.0178,0.0144,0.0146,0.0128,0.0122,0.0151,0.0148,0.0136,0.0131,0.0157,0.0156,0.0153,0.0122,0.0143,0.014,0.0168,0.0149,0.0172,0.0149,0.0132,0.0131,0.0153,0.0143,0.0165,0.0172,0.0147,0.0157,0.017,0.0164,0.017,0.0,0.0,0.01726040231582905,0.018700851648200865,0.01975311619625529,0.019254583856823063,0.017297237320346114,0.017264676390193516,0.018607455935242004,0.01957440396905312,0.019278752449651167,0.0202933631461839,0.023691005072977868,0.022058693083161527,0.02129190240450186,0.01689361084574769,0.02097830808047733,0.019448493893898765,0.021208249723741884,0.02368306302401818,0.0206387176821125,0.02009106330767807,0.019816480699366833,0.020911700242322605,0.022838918910732593,0.023144487870785414,0.02465095976391203,0.024019239632406982,0.02387717960179961,0.02260974644639238,0.0213978078328477,0.020479058182810154,0.0229590837918297,0.022712307019660604,0.02197897667649929,0.0216436837431107,0.01979134367410014,0.0181201795994355,0.01793900527111408,0.020710735956806954,0.02145090518148539,0.021165591402663993,0.023341313512762942,0.019810056480876685,0.01665732261044489,0.01890957740361321,0.018728321257716105,0.017607425589390758,0.017212429500772487,0.018959314793656305,0.019288897004590105,0.01660083458943022,0.015935432957720312,0.015587590834020778,0.015688671697943746,0.0167380712119916,0.016715815911090958,0.01610082916476182,0.015562650452576633,0.01567619642927945,0.015191540352904626,0.013242443668475285,0.01412406786669861,0.01451986748124778,0.016868288863400912,0.014720800118728688,0.015627642321415024,0.014680234560397958,0.013402793170470365,0.01489608882856583,0.01525690035089838,0.015320508542962559,0.01498955654432671,0.013760395838999684,0.013680793208796215,0.012864124758146252,0.013190204080067207,0.01322446968240607,0.013878689364958676,0.01458238904843908,0.015056626369617377,0.013815557006462989,0.013825749968983673,0.014399590632194804,0.014299223589999846,0.015411608694054462,0.016274224939933826,0.01644586793814576,0.014937039660754627,0.014554981425069015,0.014741316299167865,0.013540133864447152,0.015284762075972541,0.016990255385762435,0.015905818550033327,0.015960316280585616,0.016421709201318562,0.01682090954708218,0.015802020259583126,0.015631897544635828
paired_deficit,3,125000,107.2020441936329,108.1129428340355,0.6458836793899536,0.8341324925422668,49,0.7423,0.2577,0.0152,0.0152,0.0141,0.0145,0.0136,0.0177,0.0162,0.0156,0.0154,0.0178,0.0154,0.0139,0.0158,0.0164,0.0147,0.0152,0.0152,0.0151,0.0153,0.0165,0.0141,0.0131,0.0127,0.013,0.0153,0.0148,0.0138,0.0138,0.0164,0.0159,0.0151,0.0124,0.0138,0.0133,0.0156,0.0144,0.0176,0.0155,0.0139,0.0138,0.0152,0.0145,0.0163,0.0171,0.0151,0.0158,0.0178,0.0165,0.0169,0.0,0.0,0.01699511960101871,0.018232115553333986,0.01886687928910632,0.020837459897469143,0.01882829843898379,0.018287941032856043,0.019746423242377423,0.017153741171119515,0.01998349449840218,0.020237400005913626,0.02047832970707808,0.01998530954803441,0.02003631155905149,0.019427898138582006,0.020711979901894217,0.019572698356098,0.019636804753521878,0.021109233443178218,0.022262472589345318,0.020583973919581604,0.019233882330016598,0.021048025418196455,0.022960215870655845,0.024099140136914103,0.023130172170167197,0.023302944712264604,0.023921003109074843,0.02142336803510395,0.021318938755869467,0.02151020734970544,0.021813638864452554,0.02204373754002286,0.02387640895350157,0.023187439675680342,0.01993269703573068,0.019083407044428544,0.019169073859565865,0.019437852435032058,0.020528280643777833,0.02139187225550235,0.02119743462752359,0.018094165520528914,0.020163179706176038,0.019203985133331783,0.01862275559807589,0.019773477012488758,0.019320380250767044,0.01909483600318069,0.019143595305318128,0.01697391470458618,0.01642808439657636,0.015912589602102414,0.014957668065090926,0.01601017523669578,0.01624367536808093,0.01546893728679429,0.016893904118905602,0.015466543256801135,0.015299407832352053,0.01517788005724704,0.015426565224417856,0.01536177671017042,0.01570773009567074,0.014903774150766352,0.01563469116280198,0.015485167641915938,0.014781519792009425,0.014121687402176127,0.015085529373863163,0.015883718951543203,0.014929581339744737,0.013886924984161414,0.013273375688127089,0.013801197027646012,0.014026548525245291,0.013480417600233583,0.01470119160896166,0.014675741965714473,0.014696451337264532,0.014582459412236255,0.014388269933836467,0.013463848916825366,0.013850435624279425,0.01541404109445714,0.015803370455498185,0.01591640910632184,0.01570270903145797,0.0150354967172481,0.014717078450649007,0.014776092577195046,0.016302355515704414,0.015375907924525794,0.015937861949204647,0.01615291596326383,0.015494353546941161,0.015722900882920048,0.015719480554275127,0.01585113578876553
paired_deficit,3,126000,108.05323706904892,108.97523970901966,0.6066045165061951,0.8206207156181335,49,0.7402,0.2598,0.0145,0.0162,0.0138,0.015,0.0139,0.0174,0.0158,0.0147,0.0161,0.0175,0.0154,0.0142,0.0156,0.0163,0.0147,0.0158,0.0151,0.0155,0.0153,0.0163,0.0139,0.0142,0.0132,0.013,0.0149,0.0153,0.0138,0.0138,0.0156,0.016,0.0152,0.0121,0.0133,0.0132,0.0163,0.0126,0.0171,0.0148,0.0128,0.0141,0.0155,0.0145,0.0165,0.0173,0.0145,0.0156,0.018,0.0168,0.0172,0.0,0.0,0.019641762371484225,0.01827311445912384,0.020168893653690147,0.019954533955516485,0.017131251898110732,0.017539554071419244,0.01788335799299152,0.019575298947652787,0.016625751091640006,0.019812611168416,0.021467359516244795,0.020921032422744998,0.019642330743021748,0.018213161343911342,0.01942592783217234,0.020513434909074174,0.02077924374745488,0.022686402435089896,0.02015222943808125,0.02177585558224357,0.01998654717947093,0.023815417317715026,0.02070286046063631,0.023249752105537026,0.025322046405956367,0.023455821160088534,0.024905804664105684,0.02172467804572845,0.018760589757298902,0.02126452299300167,0.02064151941299864,0.02306689377146053,0.02122289819447941,0.023968488170190653,0.021792729705170558,0.02134582719905443,0.019572070502904042,0.021656203818436102,0.02212317057418393,0.019667214365691126,0.01805775226397647,0.019113317360196315,0.01990003505741383,0.017803969660871315,0.020769854188488875,0.019351318957663857,0.01649078825670865,0.01970218249640848,0.018382618374079875,0.015552236255759863,0.016472549280260478,0.015327111460325189,0.015395481607224279,0.016810452177504147,0.01668394457358227,0.01647257465934588,0.01570273384905176,0.017298173725906068,0.015544735372581787,0.014637284727538565,0.015028280066546714,0.01555195139970148,0.016346346541532074,0.015777595562531752,0.015076309509633394,0.015060279117838846,0.01418257563135146,0.01529640072050499,0.014443610380206355,0.015340374741541263,0.013538611724773891,0.015176685841277003,0.013783048928873047,0.012744457888930534,0.013640708881073339,0.012953069640383359,0.01454738450294929,0.016071986743775926,0.014895192197508332,0.015012116205572041,0.013796568743662255,0.014798866185558503,0.013500958279637439,0.01455234091882046,0.014815381711134511,0.015821539378782536,0.014620764869344244,0.014269543290124618,0.015773855242713547,0.016502359357907094,0.0158170819650372,0.01553998282769569,0.01651236244933273,0.014986859970578548,0.015697800487222118,0.017209564307196373,0.015600079938880384,0.01630048068306837
paired_deficit,3,127000,108.90192001522519,109.83452670904808,0.6579403877258301,0.8305834531784058,49,0.7484999999999999,0.2515,0.0142,0.0154,0.0138,0.0149,0.0137,0.0177,0.016,0.0154,0.0159,0.0178,0.0162,0.0138,0.0158,0.017,0.0144,0.0149,0.0154,0.0154,0.0153,0.0168,0.014,0.013,0.0129,0.0128,0.0152,0.0157,0.014,0.0146,0.0157,0.0157,0.0154,0.0127,0.0138,0.0138,0.0163,0.0131,0.0161,0.0155,0.0138,0.0145,0.0165,0.0141,0.0165,0.0178,0.016,0.0161,0.0185,0.0169,0.0177,0.0,0.0,0.01900554062793898,0.01939119201404007,0.01890264249190486,0.019752222528041617,0.017626387908949808,0.01846857690796154,0.018057342616057057,0.01835261173271545,0.017568670922761948,0.021943083613277056,0.023262391219502635,0.020976652512722533,0.021194369800530664,0.019822063006600832,0.021321416358821017,0.019090247296998528,0.020828464560399017,0.021210145917122544,0.02063315823539255,0.01993470434479224,0.022477386945980546,0.022460032416616156,0.02249862428316609,0.02152757979242636,0.023314541039421113,0.022309242307083775,0.02425709623989919,0.021249577392293106,0.018201861415327997,0.022430358749998155,0.022136644772846457,0.021920768064850105,0.023570349810397073,0.023205502034765756,0.021841720121017677,0.01935548599624472,0.01978194959270546,0.021079634829107706,0.021077652056322296,0.020958224327301177,0.020847681829259057,0.019326562896962503,0.018704611938874918,0.018236499507665115,0.017608267092382862,0.018823166920864248,0.018823861159233367,0.017435436859290714,0.017197794991165284,0.015992675985806604,0.015840361981624654,0.016043738386385883,0.015544015893939668,0.016638007307806228,0.016220077560111474,0.01646321188254177,0.016316686877380342,0.016666648913791937,0.014456818101447553,0.013802121951713183,0.0150145270267815,0.015062736514177786,0.015665608099053503,0.014843440646665765,0.015989703459381818,0.015049001646832514,0.014898657738885558,0.015224045893259295,0.015531585710099745,0.01426979922365852,0.01435653627402623,0.01418113536007555,0.01466300864444694,0.013854368008736687,0.014353239694375679,0.013308507313321017,0.014879090175679911,0.01639149555118702,0.014410324100547229,0.014438889879810523,0.014428829518982323,0.013766487393548126,0.013947540267660131,0.014624306446976446,0.015858080815551366,0.015724576569053277,0.015080610352357016,0.014886281787947382,0.015023671870626122,0.015000402726461928,0.015911496178863227,0.016181072009804467,0.016374306666972115,0.01660793712224483,0.01612224002105978,0.016239083010662726,0.01684995278267852,0.016889755713468298
paired_deficit,3,128000,109.77050381549634,110.71459662506822,0.626605212688446,0.8718752264976501,49,0.7535,0.2465,0.0143,0.0157,0.0138,0.0152,0.0134,0.0178,0.0161,0.016,0.0157,0.0176,0.0159,0.0139,0.0164,0.0165,0.0158,0.0152,0.0153,0.0157,0.0151,0.0173,0.014,0.0143,0.0135,0.0131,0.0154,0.0155,0.0141,0.0139,0.0159,0.0157,0.0156,0.0124,0.0149,0.0141,0.0165,0.0143,0.0169,0.0157,0.0134,0.0146,0.0165,0.0144,0.0164,0.017,0.0149,0.0156,0.0174,0.017,0.0178,0.0,0.0,0.01704044114233875,0.016269417961542087,0.020411497830184068,0.022948196226546758,0.01785079494248117,0.019246428336197823,0.01941969649795616,0.022076373709908323,0.019601613675670378,0.01826906003124598,0.02194096338127107,0.0213560223109716,0.021205417544256838,0.018873660512632423,0.0211096716315464,0.0202845769084294,0.02047234146974261,0.021439760406431065,0.02017408328613901,0.018391334955213216,0.01990137248193706,0.020957856543951835,0.02005642056437504,0.02238311016048119,0.022616816324963596,0.022196789547512676,0.022807034304690558,0.022680004506285663,0.022029898384493252,0.017689614522046634,0.021707865723781774,0.02172739743378891,0.02163496524778892,0.02255357575687035,0.021595008216733262,0.017554072221015054,0.019791769181521535,0.0200733813159521,0.023414769415214885,0.019688327883803862,0.021113041873556487,0.02358500420092943,0.019274059952481933,0.018764717108651872,0.018577353585071097,0.020278327650401412,0.01853176596584607,0.018650529162105862,0.019783798003042502,0.0170055384366715,0.017462026118917222,0.015351266448250056,0.013989249955813677,0.016568812617297507,0.015805811199272417,0.0159942211565688,0.014573327696993515,0.015670574299352515,0.016402620716630487,0.014600714840043195,0.015004949315836461,0.01492260529546513,0.01622311381687449,0.015086777998049772,0.015374487601432282,0.015321408769214808,0.014963856685688233,0.015506834918402882,0.01626449198476366,0.015484411752569684,0.015044090416052622,0.015564575313394568,0.014344678524605647,0.014269054860229165,0.014475173770904652,0.014097584566840595,0.014316171648846283,0.0144398844416158,0.01680415836658236,0.014754164892985137,0.014744580135521025,0.01463368919954379,0.014339151279268773,0.0146923597344529,0.016714422772184375,0.01553819716364559,0.015556252197281552,0.01387747691672067,0.0157061462073115,0.015046061625846558,0.01375487543665015,0.01583131409080353,0.01627657539827658,0.01613414493003992,0.015260366787478052,0.01619557855235735,0.016137298123690476,0.015698358844312404
paired_deficit,3,129000,110.62279978126753,111.57769583398476,0.6371680498123169,0.8932784199714661,49,0.7575,0.2425,0.0153,0.0149,0.0133,0.0149,0.0132,0.0173,0.0163,0.0165,0.0163,0.0185,0.0157,0.0141,0.0163,0.0167,0.0164,0.016,0.0156,0.0157,0.015,0.017,0.014,0.0149,0.0136,0.0138,0.0166,0.0161,0.0146,0.0146,0.0158,0.0158,0.0158,0.012,0.0146,0.0145,0.0162,0.0139,0.0168,0.0153,0.0134,0.0133,0.0161,0.0141,0.0159,0.0177,0.0157,0.0154,0.0175,0.0168,0.0177,0.0,0.0,0.018976389849622514,0.019808027755769564,0.01830346704894066,0.021095758311739418,0.017354464710580966,0.019853096185796046,0.018558581553681744,0.019676806217923684,0.02073857495558771,0.021277203057571217,0.021773736801804017,0.02097967052823914,0.020339225600401144,0.019402713064390092,0.021105761692835578,0.0179056662364301,0.020748244590050438,0.022291669882054985,0.02057131587609489,0.020877124955355576,0.021202924190463143,0.021419465399627385,0.021669466881481008,0.019740641334585113,0.024520205240128927,0.020774946359633308,0.022573627260727883,0.020534105082922253,0.020906504812054333,0.020950220391154087,0.021586403643181082,0.02061794329286873,0.021964345408470032,0.02337169969820046,0.01865398235875975,0.01878782497354213,0.02103393242813666,0.019641065509176277,0.021529190584335306,0.020955211147396003,0.021053237938055774,0.02125665048453039,0.01776529847052914,0.018948416112825193,0.017937875139589995,0.020305380049275786,0.019151150882104805,0.02039010171547271,0.019120684335902804,0.016017048738998965,0.01573729450114354,0.01641636057280109,0.01527890921215777,0.01694744549037218,0.015715783287182636,0.01629459412358617,0.015799926693461374,0.015371268242618526,0.015075117924376028,0.014799059291945312,0.01513900554596126,0.01548375315335914,0.01604793917377277,0.015156947086750017,0.01664529386232511,0.015249465414866279,0.014551849231595703,0.015529226195391894,0.01530513816691945,0.015032446313859452,0.015007215943393966,0.014887889945937732,0.01576945811818781,0.01352722921860822,0.015314845629252614,0.014495395647497598,0.015390736950162388,0.015291115127217016,0.015387437130573644,0.014888473625986727,0.015272595875247017,0.014669019082751242,0.014114474746798698,0.016639684208594248,0.016263300973212432,0.015191231278160388,0.015895110775229433,0.014837656485378901,0.01515068003682679,0.015182016735868801,0.015202115191343027,0.01682947905990933,0.016108525636040413,0.016629920515463206,0.015617095174194556,0.016246135095356485,0.01542040742458545,0.016104426813220097
paired_deficit,3,130000,111.46868625283241,112.43489083403256,0.646740198135376,0.8738898038864136,49,0.7652999999999999,0.23470000000000002,0.0145,0.0152,0.0143,0.0157,0.0138,0.0175,0.016,0.0165,0.016,0.0177,0.0168,0.0142,0.0165,0.0163,0.016,0.0158,0.0163,0.0161,0.0153,0.0175,0.0142,0.0147,0.0138,0.0146,0.0164,0.0163,0.0137,0.0145,0.0154,0.0158,0.0161,0.0123,0.0151,0.0141,0.017,0.0139,0.0168,0.0163,0.0138,0.014,0.0166,0.0146,0.016,0.0184,0.0157,0.0147,0.0184,0.0169,0.0172,0.0,0.0,0.020773007352513667,0.0194609056804404,0.02021404626060512,0.01984470078228643,0.018298508759331332,0.017588202083875657,0.01980526282284223,0.021333558826356014,0.021432559645390675,0.017512632514655478,0.02011715280051688,0.01960693711095654,0.023410319136336122,0.018497064044645725,0.02007444677451057,0.01997112055393591,0.020197090237348954,0.020167696755331758,0.020835424414463344,0.020526318112822274,0.019779286542668046,0.021878052402348643,0.02117741894263611,0.021637968064662904,0.022054957242692793,0.022281393861509017,0.02350345013050184,0.02113921965632877,0.021959168330874287,0.020418577220212696,0.021273486810459083,0.02330412794168859,0.02272298473875534,0.021403076327593695,0.019472121337728306,0.02038492646263249,0.017970555931787008,0.020520583648095506,0.024359901963397226,0.021165521851438225,0.019630449219014592,0.0203253608953899,0.019241290619264724,0.01860443050779067,0.018406403051808018,0.02084635005492972,0.017986919070127824,0.0192845078863318,0.017600554618167064,0.015308704761583955,0.015935849680557557,0.015575871259543274,0.01583053222851848,0.016452377755906973,0.01675282036584344,0.015732194880459096,0.015001715609156245,0.014993458711617707,0.01686706533457313,0.015778433403235686,0.01582698857301983,0.014048149485894078,0.01647466183419003,0.015681658092160874,0.01577010740082773,0.015583975725879561,0.015676149921372846,0.015200746293574461,0.01546567725783711,0.015705548256813653,0.014702401646281438,0.015154470751627853,0.014934342199119821,0.014695971482512487,0.014548679126562554,0.014081760687129002,0.01513366635526872,0.014741755685535462,0.01547811164622916,0.015108553216070866,0.01405984316552588,0.014298549541728699,0.015124738345896938,0.016086738935555272,0.015533258190694017,0.01672631678959907,0.015468418158556142,0.013594277611624638,0.015121094701431343,0.015737625496415848,0.015483603730467772,0.01615800653825129,0.016306156411758664,0.01647893254701753,0.015195524167842244,0.016640370704322432,0.015981099991559892,0.016825041228014655
paired_deficit,3,131000,112.30790078954305,113.28600550000556,0.659704327583313,0.8162379264831543,49,0.7692000000000001,0.2307999999999999,0.0149,0.0154,0.014,0.0156,0.0138,0.0176,0.0162,0.0163,0.0163,0.0181,0.0169,0.0142,0.016,0.0169,0.016,0.0156,0.0163,0.0162,0.0152,0.0176,0.0147,0.0151,0.0135,0.014,0.017,0.0159,0.0144,0.0141,0.0154,0.0154,0.0161,0.0124,0.0148,0.0142,0.0169,0.0139,0.0169,0.0156,0.0135,0.0143,0.0171,0.015,0.0165,0.0184,0.0159,0.0159,0.0181,0.0175,0.0176,0.0,0.0,0.01759625634253139,0.020640042841939613,0.01953720140975923,0.019641781435808626,0.019524315786392847,0.020351953720975768,0.01692834978300682,0.020569345532053543,0.017579563954835866,0.020177796920491545,0.021501037457141416,0.02050378063770912,0.021789471712704442,0.02011833048311972,0.018661197929710993,0.0207943800809178,0.020583273743982337,0.021498475970159907,0.01976305876782069,0.02069236060652861,0.021125118184560383,0.022823740968102184,0.02143388122104213,0.02068032026798906,0.023287948117640008,0.024702615067350484,0.02251845724311121,0.021478047923333837,0.01973620864758066,0.021029773568795332,0.020920080870135846,0.023180010127728516,0.02115054082216595,0.024514396124405778,0.019858809274934927,0.02017044760773125,0.01975387506629462,0.018309045817967842,0.019347329745289025,0.02171868532893336,0.01988511211863614,0.022551576180275812,0.016375546681419325,0.017597862667677884,0.018461042616664834,0.02159423851084715,0.018989308610320173,0.018432237051395774,0.01992176845008018,0.01693305984055579,0.015388581734636779,0.01598385050154532,0.016012935896180067,0.016028955320606074,0.015484609818716546,0.017324379198381624,0.015538920576323768,0.016940887225345362,0.015800650324932688,0.014984844637352423,0.015491540228681634,0.014849592212955905,0.01567228529237202,0.01643368804705797,0.015316210005745847,0.01553238936723697,0.015103233268347189,0.01587794159975425,0.01540311141870666,0.01531737048536053,0.014755228271547875,0.01513352300076614,0.015369694867295015,0.014225052523309753,0.013600750214963823,0.014585881739409138,0.014995624876256957,0.016046782142617174,0.015244891927473546,0.015218203964323874,0.014236604243148238,0.015227324316829438,0.013689009732894275,0.01591116732730439,0.015569721560424164,0.01576506051576545,0.016520694011743987,0.016033822512698193,0.015117160323117568,0.01578164591303971,0.014492226626537472,0.017388286809244237,0.01681511910349659,0.01652754476075688,0.015019265853121232,0.016357955576362763,0.016501989749772523,0.015764457047287232
paired_deficit,3,132000,113.15514947578777,114.14484279206954,0.6579227447509766,0.8428094387054443,49,0.77,0.22999999999999995,0.0149,0.016,0.0151,0.0157,0.0137,0.0179,0.0154,0.0165,0.0165,0.0186,0.0164,0.0143,0.0165,0.0169,0.016,0.0167,0.0163,0.0167,0.0158,0.0172,0.0139,0.015,0.0137,0.0149,0.0168,0.0162,0.0145,0.0138,0.0159,0.016,0.0164,0.0122,0.0138,0.0139,0.0162,0.0142,0.0167,0.0164,0.014,0.0137,0.0164,0.014,0.0169,0.0178,0.0157,0.0157,0.0179,0.0172,0.0171,0.0,0.0,0.0201544490416719,0.021963786863170028,0.020499407528657667,0.021472103169768997,0.020201799989750784,0.019206922522218797,0.0186757467945953,0.017962707444517022,0.020574276612829973,0.02105357535900608,0.02196449732540518,0.021969212224069622,0.019272283172153497,0.020466364406766677,0.020635523883711163,0.01946769075209199,0.020098355402157334,0.021466589341125993,0.019565298844088863,0.022109560864431273,0.018882433484824962,0.021528675553601766,0.022484012314187105,0.022880546865618395,0.023532753670673298,0.021796672494224317,0.024687083041062135,0.022609033538412426,0.021397153938485132,0.02033128379862902,0.020246426125275437,0.02154798719458688,0.021863798152522172,0.02279023102509667,0.019542844959213983,0.019973147525346166,0.01702780138580956,0.018457288423004457,0.022765543509782257,0.019399623695022794,0.020494531405688906,0.018681191236166034,0.018400684634141632,0.017386839986350537,0.019397225618692594,0.02180757571068984,0.017616469615768703,0.017263236110947135,0.016427753443987527,0.01576501566219656,0.014975585967932754,0.015685184856256393,0.015239789454424852,0.0159777087571326,0.016237948673218566,0.016481172983731286,0.016846734785698925,0.015533714951339286,0.01554862000757912,0.01489713564868659,0.014934039205954163,0.016247082661450616,0.015778440236131015,0.01566191994766882,0.016118543418768606,0.015790700828301793,0.015203251725607414,0.016230098867339046,0.015026023842331305,0.016347469058852593,0.015057635072247322,0.01469831326732569,0.014516740883930367,0.014257159183486738,0.015052107305504863,0.013806719057829472,0.014680128797104166,0.01519598355854513,0.01572310587826331,0.015683837038324464,0.015126917310202288,0.015099495599913564,0.014636221327895313,0.016045067956619224,0.0158480332663716,0.01711857641281571,0.016542142138121142,0.014530338192116707,0.016227836188987238,0.015687417623277505,0.01659586748475128,0.016607123400599548,0.01695417335084837,0.016111746763375123,0.015047114744344243,0.016966213899690785,0.017088896319859867,0.01762771217339716
paired_deficit,3,133000,114.00694609910715,115.00802599999588,0.6735886335372925,0.8357561826705933,49,0.7635000000000001,0.23649999999999993,0.0148,0.0164,0.0144,0.0159,0.0142,0.0175,0.0163,0.0164,0.0166,0.0179,0.0169,0.0141,0.0162,0.017,0.0158,0.0158,0.0157,0.0165,0.0152,0.0175,0.0147,0.0151,0.0137,0.0137,0.0167,0.0156,0.0141,0.0146,0.0152,0.0153,0.0154,0.0118,0.0143,0.0145,0.0177,0.0142,0.0161,0.0163,0.0136,0.0136,0.0164,0.0149,0.0162,0.0167,0.0155,0.0155,0.0171,0.0161,0.0178,0.0,0.0,0.019723331452565385,0.01857156405373911,0.020027675829573044,0.0211304821630849,0.018315161149193515,0.020168448270121982,0.019568558004113716,0.020878460608518702,0.019742013119028304,0.016276841518619523,0.023190153365370045,0.02267991333112835,0.01988031275134513,0.02030523900238914,0.0185868211979085,0.01952400547722487,0.021101045561300387,0.020304039562302294,0.024053636023181578,0.02008032601571859,0.02019455229004971,0.02096743850708928,0.021349828504310338,0.020867041447887508,0.022467954880235085,0.02315319754561502,0.022579450768938546,0.02193039451371074,0.020931216228381056,0.021824350333532673,0.02067703260603828,0.023180856761501313,0.022478126046918883,0.02095265661508501,0.020247545343911787,0.01834068973389824,0.020812433152230067,0.01968090416757569,0.021348541355290407,0.022072584197206944,0.022622503421490917,0.0201223263740605,0.017432439451345497,0.019011191827404343,0.01610942533278109,0.021101494423569667,0.018124529852345986,0.019925789172607677,0.015385476688560672,0.016038952823108767,0.016483686590865916,0.01582266700513614,0.015400159706286224,0.01660008379646201,0.01595407414987553,0.01614827660557034,0.015436442944966192,0.016030472054234423,0.017486341193016813,0.01446514700501586,0.014618651651623193,0.015928626760236146,0.01581385133933957,0.016515822925384907,0.016246626765036833,0.015413522808377577,0.01581439583970175,0.014073158588862484,0.015837828315123037,0.015981286413702122,0.015474175349680335,0.015183397276658898,0.015715064311311543,0.01487112275890814,0.014638173547222437,0.01474238284912958,0.01507609230142161,0.015412493892039702,0.015124232342051534,0.01568413362758668,0.014547492310997853,0.014710255434538338,0.015519948268681905,0.015683792074734245,0.016666619786081183,0.015544541908865842,0.016214463203261566,0.015418356593554106,0.014894356071551006,0.014722838575793531,0.015740636743495476,0.01707893100797768,0.01628411223562312,0.01752327929931917,0.015452381541911146,0.016764748183726506,0.015986107187723,0.018086299559136633
paired_deficit,3,134000,114.84318979620002,115.85538012499455,0.6377071738243103,0.8646012544631958,49,0.7776,0.2224,0.015,0.0158,0.0145,0.0156,0.0136,0.0174,0.016,0.0165,0.0168,0.0182,0.0168,0.0139,0.0163,0.0164,0.0165,0.0165,0.0162,0.0168,0.0157,0.0172,0.0151,0.0156,0.0143,0.0143,0.0169,0.0163,0.0141,0.0143,0.0163,0.0162,0.0158,0.0123,0.0151,0.0147,0.0176,0.0147,0.017,0.0166,0.0148,0.0139,0.017,0.0149,0.0174,0.0173,0.0148,0.0156,0.0186,0.0171,0.0173,0.0,0.0,0.018654482817255135,0.01598426767278397,0.020294449959900804,0.017822722735027854,0.02025002779607467,0.019335429670690317,0.017965103710980996,0.020852285340063975,0.020777263504810725,0.020092026823224952,0.019396179450548872,0.020077937938520675,0.020308340806896516,0.018750486038101824,0.021525902508504308,0.018867170354120694,0.02033221067119278,0.02134109038824321,0.021981010499486607,0.021443127661806262,0.018749583939385427,0.021821411717608843,0.022412561448300495,0.021131701425907506,0.02110477981580393,0.022132166894282747,0.024367225814641905,0.020813943882376472,0.021752749664838013,0.0215749391427533,0.023485444811839354,0.021546074315197415,0.02391037659153757,0.021632063659257572,0.019599888991502345,0.018502811864473875,0.019892077642919434,0.019512494523459045,0.022061575180199,0.021062137149498842,0.02298671367410405,0.021199061419000402,0.019849600827955637,0.020126160462275007,0.01795890653503303,0.019103961174354218,0.01681145269705576,0.019069875828005775,0.019776742558197842,0.01650752397206729,0.017856523829226104,0.015970284797650367,0.01691812272124225,0.015833877591841693,0.016437729001400593,0.016854523018768136,0.01576016959697504,0.015676493360465317,0.015982579540739485,0.01629340537665845,0.015949810359558142,0.015729704939661953,0.016542765600594856,0.015224898699840856,0.016568769256907492,0.015992480086372288,0.015541826834369762,0.01513879546787121,0.015496248131200764,0.016386918556183416,0.015131961136970132,0.014946027355676097,0.015557233119829534,0.015569258647687097,0.015032213401638865,0.013955717085559798,0.015542921220001922,0.015123569069577113,0.01524205718262444,0.014544909519660164,0.015333075720066723,0.014198848102933419,0.015138415415167774,0.016202411013759552,0.016692460884559224,0.016110956700175164,0.016202386468993593,0.015063745788482045,0.015471119063825832,0.014533311135441908,0.015370894300092993,0.015973680532709048,0.015889207494753112,0.016896353715458962,0.016306747923239925,0.01744796869804732,0.01643916089751397,0.01600622536005241
paired_deficit,3,135000,115.6820128064137,116.70773204206489,0.688224732875824,0.8542808294296265,49,0.7818999999999998,0.21810000000000007,0.0151,0.0167,0.0139,0.0163,0.0143,0.0178,0.0163,0.0164,0.0163,0.018,0.0172,0.0133,0.0162,0.0173,0.0163,0.0168,0.0165,0.0168,0.0155,0.0173,0.0151,0.0152,0.014,0.0148,0.017,0.0168,0.0148,0.015,0.0157,0.0164,0.0164,0.0127,0.0153,0.0148,0.0179,0.0143,0.0166,0.0165,0.0137,0.0144,0.017,0.0145,0.0167,0.0172,0.0158,0.0153,0.0187,0.0172,0.0178,0.0,0.0,0.017998233609461962,0.018854013259242165,0.018150807556157843,0.01838653441652299,0.02113848903981104,0.018294925897338662,0.018385744148070638,0.01758946276135987,0.020322026560953985,0.019657490840972406,0.022226726652989186,0.023703286205402612,0.021709898252957844,0.019337927927104526,0.018452086469910277,0.019842458419462857,0.0215020734376196,0.02226976487007521,0.020309431519810753,0.020668896526943197,0.02081135776917501,0.021534172292605666,0.021887701845002057,0.02035980756203424,0.022749347715346178,0.022450554619184777,0.02247249653544764,0.020994015222895436,0.021959050968937924,0.020824871528855312,0.021188236603594427,0.02304072440184317,0.02023427385769156,0.020965420618436127,0.018602582189862597,0.01625557979979863,0.01890343167290373,0.020590388667894838,0.022396152850414602,0.020843498103188356,0.020111427290697766,0.023233953681996718,0.019034735309850545,0.02144761548779562,0.017901048326455983,0.023446924976889848,0.01683435258415372,0.019937971121024623,0.020188028023855283,0.016988665232540265,0.016648948708858455,0.016843009051372787,0.016855860826577716,0.015442497995872377,0.016818282929405515,0.016660898109507126,0.017169592440605397,0.01584293723659498,0.01609800674976094,0.014921767603022499,0.014385410950839343,0.01538489746629271,0.016356636884615455,0.016631534148934264,0.01625051273264725,0.015242508388919978,0.014902718337416528,0.015887574462973075,0.01580659565104629,0.015743540482278343,0.015306426024961219,0.015071824321251613,0.01590433988206531,0.014729511333283148,0.01501801098104697,0.014969236708136865,0.015623631455948583,0.015196494286003143,0.01565943411931968,0.01577204158756431,0.014600544283338322,0.015920840205956126,0.015558162793783265,0.0165649228175168,0.017720923607965598,0.016470825486606167,0.01576321923405983,0.015042089900038117,0.01576837725917134,0.0159361511684713,0.014632206031350532,0.016529896316711805,0.015227549674364443,0.01691449318239666,0.01445981721101712,0.01734756386754375,0.016012925088740675,0.015980371703780923
paired_deficit,3,136000,116.50153198721819,117.54028708406258,0.6498867273330688,0.8478518724441528,49,0.7757000000000001,0.22429999999999994,0.0152,0.0162,0.014,0.0158,0.0135,0.0177,0.0149,0.0163,0.0167,0.0174,0.0181,0.0142,0.0165,0.0173,0.0164,0.0168,0.0166,0.017,0.0155,0.0165,0.0145,0.0156,0.0136,0.0145,0.0161,0.0166,0.0147,0.0145,0.0169,0.0166,0.0159,0.0127,0.0145,0.0142,0.0172,0.0145,0.0171,0.016,0.0137,0.0142,0.0164,0.0148,0.0174,0.017,0.0157,0.0158,0.0186,0.0168,0.017,0.0,0.0,0.01766402505083853,0.018234902120395365,0.018107404701486415,0.020315970372109207,0.018810060783438942,0.017517656535239325,0.02185726802197009,0.019694749426108642,0.019581296250788437,0.02296409686057583,0.019975901833984844,0.020765512470298297,0.019869057632815136,0.020158487140295486,0.02174545547421739,0.02120865557283657,0.018957334093647152,0.02073145496796962,0.023808386071169245,0.019786781230031615,0.021684301289358946,0.021914073592508444,0.023261097204056065,0.022268951447562774,0.023540026988531165,0.02362503014279764,0.024504182243430525,0.020459289000770868,0.021910296683344495,0.022728159940467035,0.022773141340155775,0.02135894338650314,0.019963859292698737,0.019577017731272454,0.019036830529197985,0.019007484259766713,0.019791008854614923,0.01904690543926259,0.021329943616233936,0.019991471600440937,0.02106525103905877,0.017599435926281694,0.01862093914587018,0.02158595568749773,0.01698138047607375,0.021272526440545086,0.017050428813221028,0.019007320818223893,0.017290290460036495,0.017177146589723826,0.01704774948021997,0.0167903207082145,0.016226977975937362,0.01660400297946485,0.01724036899816757,0.015404979955237912,0.016299995616617352,0.01627087557482144,0.014809708868578745,0.016061367161279906,0.015798427787181653,0.016068454939558968,0.015982501274281323,0.01525796376086223,0.015646079080249564,0.01650132725408828,0.01569595108283318,0.014523151634163352,0.01622118090437681,0.01536250369605056,0.015341380860275856,0.01464236005682263,0.015188094939406638,0.014560941641312778,0.014602350383611861,0.014222609474422172,0.015891635435486884,0.015499262258208944,0.014794431948658156,0.014970315185391731,0.01581553877041775,0.01614469381588967,0.01635084863830194,0.01654511456816149,0.016674977894138743,0.016219354824450683,0.016462637812071523,0.015554627429566311,0.016132766957227443,0.0157080212265511,0.01724410771257341,0.016685692169021587,0.01552217058981951,0.01731575804917774,0.015579428201222878,0.017324995814291172,0.01651879849106961,0.017338577487977534
paired_deficit,3,137000,117.31949752895162,118.36972000007518,0.6434339284896851,0.8635056018829346,49,0.7738,0.22619999999999993,0.0145,0.016,0.0142,0.0153,0.0138,0.017,0.0162,0.0165,0.0169,0.0177,0.0171,0.0134,0.0159,0.0161,0.0164,0.0163,0.0156,0.0165,0.0158,0.0172,0.014,0.0154,0.0135,0.014,0.0167,0.017,0.0154,0.015,0.0169,0.0153,0.0161,0.013,0.0156,0.0153,0.0176,0.0145,0.0161,0.0163,0.0141,0.0145,0.0173,0.0148,0.0175,0.0155,0.0158,0.0154,0.0183,0.0169,0.0176,0.0,0.0,0.016405941461427574,0.018533451460339426,0.020288027596375036,0.02160436198325534,0.01677208987475829,0.018452396826828386,0.019827439368942844,0.019554012481485757,0.02142871489415276,0.022200338219734394,0.022482368530710763,0.022685611258070764,0.019470101921967922,0.01821542174666444,0.020627123153028983,0.020851546964707826,0.022444066554975897,0.020657259540593213,0.021562748886826945,0.02009516262248201,0.021932679035167144,0.01939985263057003,0.021826856439338516,0.024224840026291723,0.02316096903406518,0.02111849621254431,0.021612314688419496,0.021150335914613135,0.02221293907596706,0.019991174068689634,0.02169085356186528,0.023107908559143766,0.02017826183154739,0.022286960026186027,0.01969424107902544,0.020213383832060505,0.019948006633665256,0.02123033353682626,0.021431660140810115,0.01940508932685881,0.020234626584017548,0.019898823223019342,0.017291717450760226,0.02025774729897731,0.01628810289961223,0.019745442269845842,0.01839025273114573,0.018140931709609086,0.01977701483202897,0.01767625744693653,0.01667737725001337,0.01607427237202059,0.015348332110527758,0.01751779377128196,0.016712456509372038,0.016273608217335873,0.016235693373332034,0.01561966210055053,0.015051339815950311,0.014929281224143852,0.014919445745674057,0.016389196135677356,0.01693220335654965,0.015927516776887134,0.01571320193505453,0.014906795258791556,0.01579728668931742,0.015483529149761935,0.01611867901064145,0.015245303794531168,0.01630241150107769,0.015291102265565827,0.014331415057419732,0.01475278035585518,0.015675795206702658,0.01538395279609998,0.015544827949538959,0.015202136349753752,0.01600743373511928,0.015271837320885912,0.014775744152998363,0.01596552738889994,0.015091976165604131,0.016253129488199677,0.016145639600997495,0.016182365969354073,0.015588331149203398,0.01554026244089329,0.01637827013554941,0.016058321048783214,0.016359901829809627,0.017566344059793845,0.015931127241660487,0.017844443752227657,0.0162309703620096,0.016817476564665396,0.01688631655461819,0.016295431219079524
paired_deficit,3,138000,118.14200052851811,119.20402020902839,0.6461538672447205,0.861019492149353,49,0.7816,0.21839999999999998,0.0145,0.0155,0.0147,0.016,0.0139,0.0177,0.0163,0.0162,0.0168,0.0181,0.0175,0.0141,0.0165,0.0174,0.0151,0.0166,0.0174,0.0173,0.0155,0.0173,0.0147,0.0141,0.0139,0.015,0.0164,0.017,0.015,0.0151,0.0167,0.0169,0.0166,0.013,0.0156,0.0146,0.0174,0.0134,0.0167,0.016,0.0139,0.0144,0.0166,0.015,0.0169,0.0173,0.0153,0.016,0.0191,0.017,0.0176,0.0,0.0,0.017910141193648362,0.01844951980274367,0.01876367865375395,0.019610520646645344,0.019050432424028374,0.01982714978126053,0.019837058655859198,0.019327739907001137,0.0188220688604098,0.019459225998974906,0.02245023869815164,0.01982649351574231,0.01998605042986621,0.019710869144405715,0.020631127690976178,0.02032985457960982,0.019718906221197513,0.02329040355784328,0.01890502361547524,0.024627307242201406,0.023355018865869565,0.02196883188517016,0.022856741046004082,0.020955167490217072,0.02266018083299027,0.017708306711314337,0.0223800429697625,0.021448235284039004,0.0197375129911675,0.021725575566085217,0.018979188986157622,0.02145405565929448,0.02137952440172653,0.02192645723009347,0.020628344885817385,0.020626703903240957,0.021917656189194258,0.019034530560250222,0.02173158154173948,0.019591792024648055,0.018557838167217205,0.019213220640079846,0.018649986801113152,0.021621903020364937,0.020446057387852996,0.02029600113204074,0.018963880225785986,0.021295626346143008,0.018356226634825314,0.016979655503906423,0.01690748059446485,0.016657247946062215,0.01641580089460681,0.01669205875121385,0.016245934231844398,0.01635892535893546,0.016613682525210668,0.01682783240263831,0.016401748636110373,0.015213190468800496,0.016168087157941283,0.01613957787618179,0.016412366165152424,0.015866389966118,0.016111165549925154,0.0162917749919118,0.014818321159344429,0.016597388860928375,0.01429120973645968,0.014790956807782175,0.015299877030184383,0.014923850680166498,0.015885410271523286,0.015085218226497369,0.017260444184407288,0.015281980608402983,0.01563753532651135,0.0164401450914602,0.01548102021021801,0.016526917592029962,0.015635070418433372,0.015705696639117587,0.015278760044866075,0.015945693474137542,0.015868263424382315,0.015399674754170438,0.01654254313357946,0.015400351701035778,0.016345607398955624,0.016861608154997466,0.016505931024659297,0.016900708538526023,0.015563987662080031,0.016140079076755458,0.01604737736374175,0.01688496329722681,0.015584977165218974,0.016907927416996222
paired_deficit,3,139000,118.97137594327796,120.0453070839867,0.6228398084640503,0.8613429665565491,49,0.7682,0.23179999999999998,0.0139,0.0122,0.0124,0.0157,0.0136,0.0144,0.0165,0.0142,0.015,0.0175,0.0164,0.0138,0.0158,0.0174,0.0165,0.0158,0.0167,0.0171,0.016,0.0173,0.0154,0.0156,0.0136,0.0145,0.0166,0.017,0.0148,0.0156,0.0166,0.0162,0.0166,0.0131,0.0152,0.0148,0.0176,0.0141,0.0169,0.0168,0.0136,0.0145,0.0166,0.0151,0.0167,0.0182,0.0156,0.0156,0.0186,0.0171,0.0174,0.0,0.0,0.019530301340798417,0.01902887675873193,0.01951307558092291,0.02035690362244149,0.016563561770636503,0.021028086079781072,0.01818595183085344,0.01935922674356714,0.020002220666848668,0.0187439805484313,0.023488792370624317,0.022538676007386838,0.02165435399076078,0.020420355082083473,0.021511667579562996,0.01889132245085457,0.019255171905231842,0.02198423940328765,0.021592548321189918,0.021200802396249895,0.020593672538945063,0.0198409414911922,0.02117866337229863,0.019916163117947548,0.023431459925310413,0.02226856291819227,0.021277077129703233,0.020788155916191466,0.020018211682432903,0.023950530589495013,0.022851422686808592,0.02572147404969288,0.01920547757758915,0.01962513606307162,0.01884286980039076,0.02027814667346838,0.022406376759902036,0.01936695772656223,0.023364211803613567,0.020890557109874877,0.02163292127034294,0.019056610581913554,0.01819987796513354,0.0189547988426298,0.017913838595169644,0.0201285816657972,0.01611848484046615,0.017919176974977493,0.01940952588064166,0.016219510177430813,0.016550928323842015,0.016500307280061074,0.015905411808469088,0.01756515687178046,0.01573584062762593,0.016832937945545863,0.016605100773425033,0.01629132297475463,0.016750773521605897,0.014606393617957167,0.015051387637754966,0.015390146417431154,0.016034552552758458,0.01552923333114312,0.01672688507717971,0.01657143257924599,0.015327329852747583,0.015455615019201185,0.015662048616930352,0.01584331620843419,0.016203978535609186,0.015671507382179643,0.016054653046567068,0.014787138561482501,0.015166791835658062,0.01562946069436539,0.015838349351525175,0.016206365909219943,0.014487243732282915,0.015191205994035771,0.013769681256554117,0.016514539182790413,0.016374305110918447,0.016708523681593892,0.015978122742732824,0.015303224198046503,0.016328360257291265,0.014698682418293293,0.015755536555467357,0.015477428418730416,0.01657814171416501,0.01690511308816843,0.016504452669364626,0.017027321694044664,0.016120148495547618,0.01783343832174977,0.017181290903277864,0.01654454826867698
paired_deficit,3,140000,119.81170051067602,120.89781454205513,0.6380441188812256,0.8272936344146729,49,0.7861,0.21389999999999995,0.0144,0.0163,0.0148,0.0156,0.0141,0.0174,0.0163,0.0155,0.017,0.0178,0.0175,0.0141,0.0162,0.0168,0.0159,0.0166,0.0166,0.0171,0.0158,0.0176,0.0154,0.0151,0.0138,0.0148,0.0161,0.017,0.015,0.015,0.0169,0.0167,0.0168,0.0136,0.0157,0.0149,0.0176,0.0138,0.0171,0.0164,0.014,0.0149,0.0171,0.0151,0.0173,0.0185,0.0156,0.0152,0.0182,0.0174,0.0177,0.0,0.0,0.016809111232487788,0.020321750716854804,0.019000631577025556,0.021993401784066675,0.021549890197465366,0.019942672727321906,0.01851764392052483,0.020775706085813875,0.017456897957121284,0.021220613980925923,0.021775527596791154,0.023889366189173398,0.022078278675957845,0.019631250356966556,0.0200160952742974,0.01862136434701181,0.017967937759618052,0.020533700651821172,0.021211445384491122,0.02062497895701645,0.018931103931302748,0.02021428098118379,0.023207539337590226,0.020235509236292165,0.024779357681225862,0.019909578183261202,0.022151298731748433,0.02232222188057159,0.02232885497205385,0.02213246703115908,0.023965980440137202,0.019577038959762677,0.019294580864143533,0.020509606853987956,0.019539357739180398,0.02078045133185303,0.02031963651979188,0.02140484528245787,0.021451914101226363,0.019164090401598537,0.01972374011574811,0.01788614799121444,0.02106776718846793,0.019347880614422504,0.017669508551157183,0.020420769440543288,0.01863517757079206,0.019098800497011677,0.019992228197361427,0.017640779206999285,0.016056524896237663,0.016647357668060678,0.015514603674626317,0.01569983792134784,0.016214848213961852,0.016927204240688117,0.015984116265370593,0.017331166196936615,0.01572017384525971,0.015605599630942393,0.014527434661740054,0.015479154528293963,0.016423039913294468,0.016184183016947268,0.016727635022768285,0.017117728542273263,0.016202378225705836,0.015880253143310544,0.01620331800554325,0.01659827114522985,0.016257660026939506,0.014890327156125836,0.016209731468051745,0.01427291393900291,0.016463045272110666,0.015214282433204333,0.015416333250925857,0.015296375415851715,0.015300272562275445,0.014573561437806005,0.016367556502890207,0.016563651166261014,0.015978066089060765,0.016539544203371934,0.01602119689589497,0.01613553289842341,0.015643228964014762,0.015740757998594576,0.016852525988281658,0.016579723725082186,0.01707376334011726,0.015862135870762743,0.01665857782935926,0.01720330609971249,0.01597610686179872,0.016760928379009638,0.01660635705726617,0.016272276189484892
paired_deficit,3,141000,120.62946083268616,121.72716424998362,0.6460323929786682,0.8020792007446289,49,0.7941,0.20589999999999994,0.0145,0.0166,0.0155,0.0157,0.0149,0.0178,0.0164,0.0163,0.0169,0.0182,0.0168,0.0145,0.0168,0.017,0.0165,0.0169,0.017,0.0171,0.0161,0.0177,0.0152,0.0153,0.0148,0.0143,0.0166,0.0175,0.0151,0.015,0.017,0.0165,0.0164,0.0131,0.0163,0.0152,0.0173,0.0146,0.0174,0.0163,0.0143,0.015,0.0174,0.0152,0.017,0.0175,0.0155,0.0163,0.0182,0.0176,0.017,0.0,0.0,0.019321406238366014,0.019290516564952016,0.018853618292838513,0.023440896819940826,0.018838254704792626,0.019688578376216976,0.02021512737086261,0.021603319712186646,0.019269038376565323,0.02047601636675361,0.02135705840191724,0.020229008812050614,0.020710564328348946,0.021893126672570283,0.021994574770000712,0.019271016860876247,0.018712092304453046,0.02012533737113545,0.019221737455305157,0.01981758533416441,0.019272703803523923,0.020109528724150578,0.01900699475858705,0.021274272251475716,0.023348018867848798,0.022003573165164526,0.023282305936121215,0.0213539428221539,0.02338773659474703,0.019537866944720296,0.02181855923803068,0.02301919690800612,0.0215726357374278,0.021744563568495585,0.019116959354439314,0.020892332309003257,0.021451941911355032,0.020449648029073238,0.021111839395577342,0.021406774807624783,0.020860479578317333,0.02147749093318421,0.01661282247412102,0.01709296920580878,0.019564445350289436,0.019925289955035962,0.01803768787835694,0.017202922026489657,0.019735622336573215,0.01658509564521779,0.016714941373792057,0.016854914699713397,0.014857913860425082,0.016900273019245036,0.016551820277426056,0.016257921629047014,0.01576718156770373,0.01656749288536248,0.01619007485557431,0.01582903408589153,0.01629129567604387,0.016015834831316498,0.015531234549019807,0.015645912299663584,0.016722932125523664,0.016991035402230948,0.016372841525677896,0.016547813752258594,0.016342704727846324,0.01652692833606457,0.016379319725181744,0.01675300030952544,0.015784833886617902,0.014974099163987828,0.015407849862076967,0.015118215058436829,0.01583031081420967,0.014879698301864263,0.01649639256760162,0.015600853915644732,0.015108846575271277,0.015623505503363682,0.015592113979626804,0.01666887559825764,0.01598041092882955,0.015790151928275452,0.016200880293398407,0.01577327198006262,0.015691473381587856,0.016032526307062773,0.01589686973654941,0.01781222924082227,0.017498283199628463,0.01660268854640213,0.016493881128016946,0.01707208598521369,0.01764853831368882,0.01653254221011706
paired_deficit,3,142000,121.45894449367188,122.56887625006493,0.6365817189216614,0.8469691872596741,49,0.7868999999999999,0.21309999999999998,0.0148,0.0168,0.0149,0.016,0.0148,0.0179,0.0166,0.0133,0.0166,0.0181,0.017,0.0141,0.0167,0.0172,0.0133,0.0168,0.0166,0.017,0.0156,0.0179,0.0158,0.015,0.0144,0.0145,0.017,0.0174,0.0158,0.0149,0.0163,0.0167,0.0164,0.0132,0.0154,0.0157,0.0175,0.0145,0.0176,0.0166,0.0142,0.0145,0.0173,0.0154,0.0166,0.0174,0.0157,0.0162,0.0174,0.0176,0.0179,0.0,0.0,0.020521111952693495,0.019415670994912135,0.020570284792918742,0.01995923821294697,0.015329688518870375,0.022334499657805887,0.020143317487269406,0.02109185347597567,0.020106211159465464,0.018700435487059158,0.0216670449834732,0.020304784164343982,0.023118854002856043,0.017625786620309163,0.022118777766412554,0.018104219626407694,0.020302511372009238,0.018709296637860712,0.02138690760348503,0.018755638108234954,0.020393446773987564,0.0198006243123752,0.02171254094294206,0.022649547608930017,0.02424398438195685,0.02164390692730349,0.019528121067864612,0.02354066154371634,0.02021878109847824,0.020732912489000922,0.022676518057593985,0.02175721744633641,0.021857315738086098,0.02236748390208686,0.019215702187554945,0.020016004779359046,0.021975747249651678,0.01954849841176346,0.020577804725934325,0.01931581178534511,0.01887162605141683,0.021800934880236492,0.019775484663838223,0.019676195897743925,0.017406219617175128,0.02099504729089747,0.020524225910305036,0.017183290592477973,0.019728211040331782,0.016015186068175032,0.01651563333098186,0.016033724994243596,0.016132511302948887,0.01818196273117436,0.015414571171582722,0.01617286849218189,0.015737909631474097,0.016266480790831303,0.016814155620045654,0.015497838377204778,0.016144538641664336,0.015009075323867992,0.017340813496447484,0.015426483358093806,0.016945814439256083,0.016106424751126374,0.016810457186464022,0.015692886056529576,0.016830177858964113,0.016107532977243922,0.016433087972407605,0.015517911945846254,0.015126827650215537,0.014578535164916345,0.015663745651510137,0.016546824345162373,0.014833022889027367,0.01618043427576927,0.015965848062007168,0.015115570826436733,0.015499265035962429,0.015340298889829223,0.015283616832551822,0.016520970554904188,0.016460380788324243,0.015486180893801459,0.016421131826495187,0.016069648853064892,0.0165963746898986,0.016781767250259302,0.015363830918873991,0.01620920566375908,0.016328771433138337,0.017237143041142954,0.01593456423058555,0.01605294887633362,0.017369250813673014,0.016463311549805057
paired_deficit,3,143000,122.29235537257046,123.41364391706884,0.6749029159545898,0.8333227634429932,49,0.7996000000000001,0.2003999999999999,0.0144,0.0163,0.0151,0.0165,0.0148,0.0176,0.0164,0.0168,0.0166,0.018,0.0173,0.014,0.0166,0.0171,0.0168,0.0168,0.0167,0.0167,0.0157,0.0178,0.0154,0.0165,0.0145,0.0146,0.0171,0.0174,0.0156,0.0152,0.0166,0.0165,0.0168,0.0134,0.0166,0.0159,0.0178,0.0152,0.0175,0.0167,0.0143,0.0149,0.0176,0.0153,0.0179,0.0175,0.0161,0.016,0.0177,0.0175,0.0175,0.0,0.0,0.0199299783781372,0.019021402294009407,0.01944707596232589,0.021007772150444932,0.016517599380712556,0.02103865183001363,0.018333048490127714,0.02138801618835886,0.021164764499305357,0.02168757084718487,0.024621656601936395,0.018198367714882563,0.021350013344300256,0.01969267596446888,0.019647581766845355,0.02131387199730873,0.01802638532913528,0.019040501280806803,0.021730236147860228,0.02161372704372356,0.020393782177223627,0.02006996105344419,0.017972248083919833,0.02339938454610531,0.019312085067328538,0.024275687524314554,0.022383792341027914,0.020622885831427323,0.023089829558576785,0.023746579719432507,0.02241425130492372,0.021729356266052685,0.020532852897103302,0.021349474967854942,0.0193016170934143,0.018028787958868978,0.017031273998417407,0.02100391890216812,0.019585782610261393,0.023044183979116544,0.020101334429039355,0.01890241883193485,0.019640986922956044,0.020655619069984005,0.018711398033037095,0.019830851113458524,0.018703555642765886,0.02056171796543782,0.01883348489851587,0.016457956916665052,0.01674803401517085,0.016731778992541677,0.015943054044505734,0.017723642166342368,0.015969602498607977,0.0170269906370007,0.01574989696161934,0.01584037011168401,0.015784751895291126,0.014517583345754422,0.017198757764331808,0.015843422682787343,0.01659318664824813,0.01653333615325159,0.01574088152890802,0.017151266436666094,0.016740294116288426,0.01572839920516123,0.015697489729967092,0.0163481245896983,0.016323103684761427,0.017368518153033193,0.015012911303163765,0.016669296796462278,0.014696850439099803,0.015385419377899504,0.016099029920190928,0.015255546520754035,0.0148331473323201,0.015334013327787777,0.01572875577885234,0.016213640929378104,0.01576551586081383,0.016751663961790703,0.017150292766628623,0.017593599600089896,0.01602274058032686,0.016675567873034185,0.015195919474242332,0.016388514567657584,0.016757189777998435,0.016614133725644575,0.016359202216166727,0.017029913801635366,0.01657625341964806,0.016876841944452027,0.01620194330832033,0.016902312878975093
paired_deficit,3,144000,123.11974433623254,124.25473587505985,0.6386216282844543,0.8147736191749573,49,0.8029,0.1971,0.0147,0.0163,0.015,0.0164,0.0145,0.018,0.016,0.0171,0.0173,0.0185,0.0177,0.0139,0.0173,0.017,0.0162,0.0169,0.0163,0.0167,0.016,0.0179,0.0152,0.016,0.0149,0.0151,0.0169,0.0171,0.0155,0.0153,0.0171,0.0174,0.017,0.0137,0.0163,0.0162,0.0174,0.0146,0.018,0.0168,0.0144,0.0149,0.0176,0.0152,0.0176,0.0179,0.016,0.0164,0.0177,0.0175,0.0175,0.0,0.0,0.021934576222335297,0.01918391432079107,0.01960995012803732,0.019477303652464816,0.019729757445477322,0.020980667130732322,0.020782736090637632,0.02024131337810032,0.01787814416777033,0.021703752069810962,0.019619686856829063,0.020973261015819977,0.023081636319555718,0.02247097304414227,0.01845387242599201,0.020783041087260354,0.021050807280152635,0.01997702243420752,0.019033618586732384,0.021957536064061714,0.018323937761544104,0.019323896453505116,0.024676376816607365,0.020397574843080163,0.02308432900641491,0.02490958468040267,0.02156225538591903,0.01997901245807678,0.01830140833289056,0.02048788758355711,0.019530192720957656,0.021666026473914045,0.020032225226528685,0.022955795284090384,0.02107621653462996,0.01981299134872514,0.018023936284428232,0.018682217635245295,0.022812435887410498,0.020303291971300794,0.020434755566456207,0.019925583064655857,0.01660019368637198,0.02079127099510441,0.02049484766693032,0.018520022140436288,0.018880678955528096,0.020002716259689773,0.019484769254687548,0.015603362691910193,0.01677862112244708,0.01660869179508292,0.016622536881693906,0.016678092755736673,0.016101027906566128,0.016219037499593775,0.01651311523360415,0.01733850520603467,0.015656367084670667,0.01664387068777535,0.01594773192147293,0.01538021945646697,0.015428477092760753,0.017147931806891573,0.016023603348150246,0.01599492669374671,0.016462280744601758,0.016916693320687,0.015711392392507895,0.017004445256155402,0.01683997512382909,0.014587888696645446,0.01637266353433304,0.01514477044705508,0.014494871032973191,0.015908117179607655,0.01638336200048028,0.01716968138030713,0.01618039124939681,0.016679566462761874,0.015710476876532382,0.0165574499700619,0.015196037614290142,0.01590666691763466,0.01660583144720408,0.017358479327875376,0.016900603669431608,0.015292280673845936,0.01629308185222658,0.016279708571201437,0.016404672934282244,0.017691980590650535,0.016059383253869616,0.016294802639347152,0.017238734725385372,0.016938632567995167,0.016530157464040948,0.016541434139582797
paired_deficit,3,145000,123.94458693277556,125.09109704208095,0.6190861463546753,0.8657246232032776,49,0.8068,0.19319999999999998,0.0145,0.0166,0.0142,0.0163,0.0144,0.0179,0.0162,0.0162,0.0173,0.019,0.0177,0.0141,0.0175,0.0172,0.0164,0.0174,0.0169,0.0172,0.0162,0.0179,0.0153,0.0159,0.0148,0.015,0.017,0.0171,0.0158,0.0158,0.017,0.0175,0.0169,0.0137,0.016,0.0165,0.0179,0.0144,0.0182,0.017,0.0143,0.0148,0.018,0.0156,0.0173,0.0179,0.016,0.0164,0.0175,0.0179,0.0182,0.0,0.0,0.01915055984586851,0.021780673958976204,0.019118099410380684,0.01969882439888696,0.015379861938827578,0.020038115643008662,0.019315803765490906,0.019554014176084503,0.01733920600937551,0.02233981660689032,0.023733064697563366,0.02071375790392474,0.02237267672008101,0.01884332737435635,0.019321674309969963,0.01852154121406258,0.017671263112110522,0.02217400460229358,0.020522387798222796,0.02346508978577167,0.018716110320623165,0.020818462590655076,0.022852393605939707,0.021626133612455713,0.02244758857163498,0.02254517366297596,0.023959464418558965,0.02170595174574368,0.019587026760857322,0.019401493093783365,0.021215815609023768,0.023573574066003584,0.021071727696165613,0.0225770785832878,0.020117009803318518,0.01864127957692267,0.020532347953309455,0.019010168754886144,0.02312985581978526,0.019131563239159256,0.019411932591330776,0.019473379224803758,0.016276702169286995,0.01918766721802003,0.016807396364180396,0.02463317440104989,0.021150384953405564,0.019376584887608267,0.01996879543307787,0.016778451303132845,0.015741533798285693,0.0168307933712548,0.016397906207542,0.018281981777359783,0.016376289618139465,0.01663272499543666,0.0164180855873739,0.01740228887883451,0.015473725972744662,0.014786560508714672,0.016138946786693052,0.015304032896425658,0.016786952644745976,0.0166303233549734,0.01695765790221688,0.017344569277556662,0.01538530968407322,0.016100048820304764,0.014896189077852246,0.016917122156963255,0.015939862086565726,0.015185905659840527,0.015648506272918826,0.015195261448807113,0.015311589376022974,0.014693940355208705,0.015654915164843776,0.016560830134912028,0.016636731980768316,0.01585542991822857,0.01485180814556188,0.01587531380097405,0.015259474569227351,0.016265889007522596,0.017143047923349038,0.016135036619642534,0.016640572815597502,0.014955208334274182,0.01674716031725736,0.016632461181046856,0.016646385855789543,0.018032271829561734,0.016724208172654312,0.017619852269625442,0.014496450519101981,0.015765010107432,0.016685984430956195,0.016326523524487154
paired_deficit,3,146000,124.7550929832505,125.91434474999551,0.6507655382156372,0.8064994215965271,49,0.806,0.19399999999999995,0.0147,0.0168,0.0144,0.0169,0.0144,0.0181,0.016,0.0171,0.0174,0.0187,0.0177,0.0149,0.0177,0.0175,0.0165,0.0173,0.0168,0.0177,0.0167,0.0177,0.0153,0.0161,0.0149,0.0148,0.0168,0.0173,0.0154,0.0153,0.0172,0.0168,0.0169,0.0136,0.0154,0.0159,0.0174,0.0144,0.0182,0.0164,0.0146,0.0146,0.0171,0.0145,0.0174,0.0182,0.0162,0.0168,0.0177,0.0177,0.0181,0.0,0.0,0.019211579711816085,0.01943095679474551,0.02158781325702811,0.022147170209557313,0.017736883122111576,0.019638080884828442,0.020648078914807008,0.018061567593676192,0.017845031890803966,0.020476954677159678,0.020468342877987843,0.02147488200931124,0.020106035098456133,0.020355833210890732,0.016500126513758342,0.018240626004060446,0.020342359092523105,0.018838458638152155,0.018190262517781476,0.020488222731741404,0.020417372712991117,0.022587209893307536,0.02087901104434338,0.02347282872241902,0.02084125735235873,0.0232619381791824,0.019634450416367404,0.019386729527686802,0.020391845547862678,0.018964134145336944,0.022507826889092194,0.02391875719974265,0.02382938258279207,0.022169838039443807,0.02135437600622145,0.020131490604974912,0.017122247491617792,0.02283843074062305,0.02163830287052388,0.021643159693626075,0.019612464236122402,0.021739110791323575,0.018578096232112533,0.021206892689715165,0.020150574921358473,0.020040097436185504,0.02103735404008623,0.021461454881622807,0.01739409935976266,0.01671074106298812,0.01658374436541219,0.01579732399100639,0.015534051176408513,0.017379977311036483,0.016539784106531105,0.01636931569657472,0.01721076963775244,0.017375689908362968,0.01639884592432173,0.01632417284208701,0.0157254033826827,0.016391273785668757,0.016213020749140966,0.017797588686504898,0.017138996609202206,0.01625748415871128,0.016977488862419496,0.01719824659959058,0.016120891784184778,0.01622741601104956,0.015513917499611295,0.016198624822172002,0.0150808047312622,0.01601844535505706,0.01508721221956149,0.016580301828410634,0.016679597239207627,0.016198585713757256,0.016848988614778893,0.015506674552882899,0.014902060614939337,0.014859760164706613,0.015485902597747792,0.015929956507800797,0.016302945306300144,0.017704470301016698,0.01525696917995071,0.01577708594430897,0.015775139155535245,0.016550052177463904,0.015658553516575646,0.01692560144646113,0.015950010607035495,0.01641248312828882,0.01633957896399174,0.015900780274275352,0.015887035456704588,0.017634564828767168
paired_deficit,3,147000,125.59144949202891,126.76246858399827,0.698876142501831,0.8223990201950073,49,0.8079,0.1921,0.0148,0.0166,0.0152,0.0162,0.0143,0.0182,0.0159,0.0169,0.0173,0.0185,0.0171,0.0141,0.0176,0.0174,0.0161,0.0175,0.0164,0.0174,0.016,0.0174,0.0156,0.0163,0.0148,0.0152,0.0171,0.0174,0.0161,0.0156,0.0173,0.0171,0.017,0.0142,0.0165,0.0164,0.0175,0.0146,0.0182,0.0166,0.0143,0.0149,0.0177,0.0151,0.0175,0.0184,0.0163,0.0167,0.0179,0.0175,0.0172,0.0,0.0,0.018015676768297878,0.01895539763724146,0.019274162696972925,0.022580010152885733,0.01665755839952102,0.020871771595232652,0.020585728524256764,0.0213064096480445,0.020202889750908677,0.019481153923194595,0.02380869107209318,0.01988486632419311,0.020246150073251694,0.019853400210297925,0.020118749602810272,0.022136587285346475,0.018149686441408054,0.02186464713707167,0.018013236458499518,0.021619764308584713,0.020749872580201424,0.020675037877846972,0.022468886338880462,0.02145711260975297,0.020081377490359063,0.024213311964304145,0.02129931968262726,0.018754313915660834,0.01930921103986731,0.022609353026352686,0.022269497522450818,0.0223859298869959,0.021279369679732534,0.02051102950851616,0.01926474692411031,0.020426855740955974,0.022225902287612148,0.022622738105506454,0.021498902002171798,0.02106917794511419,0.02120310000448429,0.019923402146416778,0.01737297553855408,0.02277028044901546,0.021263191924057505,0.01742024434417548,0.015628364085596633,0.01776030299133683,0.01785965437723067,0.01726411461193161,0.01684788361504558,0.016798068348513183,0.01539310092424858,0.017887337077225455,0.01603966092174305,0.016232592816737224,0.015943338608198968,0.016425312354125053,0.016636864881020605,0.014899954766952972,0.016396704957150038,0.0164470117931437,0.016526521767909124,0.01638095803458437,0.015610136630933549,0.017210328185934737,0.015719283144922408,0.017226031560200774,0.016012882371743167,0.016088586586576803,0.016352997412250943,0.015476764329987458,0.015765664626071832,0.016356895290303878,0.014659430208991193,0.01594618425278107,0.016850466033092044,0.01666681376620747,0.015381323802077941,0.015556791477062733,0.015314747419452738,0.0159151289311394,0.016223511682924633,0.016645597484440645,0.016413545856967294,0.015496163959282088,0.015454076536385041,0.01582701694085722,0.015843241961932777,0.015984803200785106,0.01661561313223988,0.017365820633533834,0.015316733607138783,0.015882559571807647,0.01750309871862269,0.018300416838690044,0.017483799509599055,0.01732673611227728
paired_deficit,3,148000,126.41191591566894,127.59457425004803,0.6736565828323364,0.7570026516914368,49,0.8107,0.18929999999999997,0.0151,0.0169,0.015,0.0163,0.0146,0.0184,0.0159,0.0168,0.0174,0.0187,0.0176,0.014,0.0175,0.0176,0.0163,0.0173,0.0171,0.0177,0.0159,0.0176,0.0151,0.0166,0.0151,0.0152,0.0174,0.0171,0.0167,0.0151,0.017,0.0171,0.0167,0.0146,0.0162,0.016,0.0176,0.0149,0.018,0.0165,0.0152,0.0151,0.0175,0.0149,0.0171,0.0183,0.0158,0.0169,0.0176,0.0178,0.0179,0.0,0.0,0.0182650113207015,0.020327018948806435,0.02052660754453079,0.020461155086226368,0.019651413005701578,0.02056744870661479,0.021708601111571503,0.020543816067277607,0.017947338631610715,0.02051040642598383,0.025154548746175558,0.02343120347943158,0.01917730356238862,0.020154598091938834,0.019456930849982457,0.02185929512640665,0.021873858835126013,0.020032926838521457,0.01914740851378176,0.020725354754215553,0.022824803101665122,0.018639280611853777,0.02102992989011257,0.020633196197833815,0.022341536050506428,0.021189341146767432,0.022862871241869764,0.022589343997145725,0.023745809288549736,0.020739847954249938,0.020383444488254555,0.02035822451970579,0.021870455281925646,0.02090211921001486,0.016989051264217202,0.017728048400878424,0.020379451357580923,0.02120463333441174,0.02306223633220903,0.019400662317875995,0.020047468397395567,0.01916368461959159,0.01776153555334628,0.01846652464267711,0.017809043240564478,0.017460955755185824,0.02059212260449269,0.021025499927029335,0.01727663362509506,0.017234868079507384,0.016386311251502278,0.016347020095593714,0.016450840147847284,0.01653435030617441,0.016213799343046287,0.015765810506045322,0.01634026444572752,0.017359578694771914,0.016314317762933715,0.014530202300154439,0.0150895584751678,0.016993911707941064,0.01641493701014969,0.01692319929722907,0.015745714180146368,0.015818121820306202,0.016501764701791176,0.016966585281053912,0.016229934247496542,0.015366679098528496,0.01689262650698368,0.01614942791486976,0.0162661134680054,0.01551733555567137,0.016086846910646768,0.015390796967309222,0.015615364648711588,0.015161364342812296,0.016185182067660942,0.016442284949288205,0.01649124819903056,0.015897582972982462,0.016121478296952447,0.01765765414036237,0.01732847923612793,0.016365727555822353,0.016002718567597923,0.015195343554209675,0.01690622646215782,0.016456993537444595,0.016960195675527975,0.017549707989909295,0.01707763382261941,0.017296682620814824,0.017628645849562394,0.01624317546744335,0.01599491701124374,0.017544756260261467
paired_deficit,3,149000,127.23905449465383,128.4335891250521,0.6455010175704956,0.8593317270278931,49,0.7913,0.20869999999999997,0.0146,0.0162,0.0151,0.0167,0.0143,0.0186,0.0163,0.0164,0.0168,0.0187,0.0176,0.0137,0.0172,0.0173,0.0159,0.0167,0.0172,0.0177,0.016,0.0172,0.0151,0.0163,0.0148,0.0145,0.0171,0.0164,0.0153,0.0149,0.0174,0.0168,0.0159,0.0144,0.0153,0.0161,0.0162,0.0144,0.0173,0.0167,0.0147,0.0144,0.0153,0.01,0.0175,0.0179,0.0165,0.0168,0.0179,0.0171,0.0181,0.0,0.0,0.017792299284452046,0.017787502008966623,0.02105467040763908,0.02009245089491568,0.018638278671393563,0.02059603311373933,0.02151253606333437,0.02091314479130993,0.02039300554209272,0.021421480703286977,0.019303203308602586,0.019451975309868294,0.019327872836736107,0.019936593862651588,0.020405229660866803,0.020018635790102674,0.020506927638750228,0.02262012166759096,0.020924106252669446,0.02240546887239324,0.02029263661919653,0.022055155381017467,0.02346544011509859,0.022611736510146453,0.025102938751928934,0.020618629290539182,0.019857068015582686,0.02164424780275072,0.017067553526687675,0.022273899679470653,0.02020461137057545,0.022612181596214236,0.02126980622846482,0.02192882089366282,0.022597298565603413,0.021496639066112613,0.020130818103515018,0.021296926829248664,0.021198885481528214,0.01894115352532244,0.02100694576358384,0.019132078302265466,0.017430399227057712,0.01901253842406237,0.020035220207994486,0.017574683462911682,0.018902754729899024,0.018114301249784533,0.017023094598412024,0.01748783360136504,0.01741159868224654,0.0160462404295898,0.0165034707593414,0.017076400774815367,0.01634412665814513,0.015826783219142694,0.016023875175403837,0.016424117588987833,0.01594078316435007,0.016736301796408268,0.016716749543899238,0.016765644737124538,0.01648675194662953,0.016263051402538177,0.016532553208076596,0.016262045867198253,0.015624780032899736,0.01621486896395774,0.015474976191174437,0.01642459948931253,0.01576924637254507,0.015135482610196295,0.015471833705124198,0.014451261232752272,0.01617897397955302,0.016479021873459558,0.015774890047425293,0.017656189031902463,0.015448688200930033,0.016459280599458084,0.015588845845449756,0.01596147896381503,0.015662770958130044,0.01547752211785596,0.015989296484742822,0.016566479444326616,0.01602891870523602,0.015989421063094988,0.01683988346508495,0.01626035598511154,0.01688184842016287,0.01751323127946778,0.01692894599441221,0.016369769105275232,0.017495447163817093,0.01689407472500779,0.017204717891790587,0.01771276792648964
paired_deficit,3,150000,128.06662121822592,129.27338904200587,0.6411110162734985,0.8411334753036499,49,0.8133,0.18669999999999995,0.0152,0.0166,0.0147,0.0173,0.0143,0.0184,0.0161,0.0168,0.0172,0.0188,0.0176,0.0137,0.0168,0.0176,0.0164,0.0171,0.0167,0.0177,0.0168,0.0178,0.0157,0.0165,0.0156,0.0151,0.0174,0.0167,0.0163,0.0151,0.0172,0.0173,0.0162,0.014,0.0163,0.017,0.0178,0.0142,0.018,0.0168,0.0146,0.0153,0.0174,0.0154,0.0174,0.0181,0.0166,0.0169,0.0184,0.018,0.0184,0.0,0.0,0.016077677111901917,0.021817112566873503,0.02272289918749981,0.01924488901893883,0.018698612878733843,0.02011441759753177,0.019547790349565948,0.022387756639155387,0.019055250458691456,0.01876696696342521,0.022579046636394616,0.022616437804666843,0.02137525516997197,0.020772542078569198,0.02079348640238792,0.02213328476061384,0.02162988858782674,0.01947163643347109,0.01738994688823372,0.020217178154047156,0.021446343011555485,0.020520687162338916,0.019676825257185674,0.01833622615782071,0.023528106151457943,0.020786173005040133,0.02437253920232963,0.020981272479988322,0.019102859698698446,0.020657276131450044,0.020319594921379656,0.020900680207918354,0.02185397560010447,0.023735020050911007,0.017728757582033138,0.01886679207165231,0.01880014389057386,0.020511278543285855,0.021025592004554353,0.021126112442765212,0.018946050914648634,0.018696807888037216,0.018240068049592544,0.0209623160911922,0.02143095970834359,0.022069631815054943,0.019848566660220793,0.01722489648836547,0.020892371123000214,0.01800387044189022,0.015778466439888294,0.015382030209237993,0.01679332480107313,0.016969792910318953,0.016567444005557853,0.01663475404594975,0.01559238408088845,0.01690720827789866,0.01694282413677442,0.015321599037584375,0.015619346532971777,0.016069986638948198,0.01626872167435168,0.016182333192678842,0.015692784729903448,0.015852334755378394,0.016703862705253397,0.017486120747968865,0.016448775324949927,0.015963814274842714,0.016250902313542783,0.016622906447180247,0.01722995833849955,0.015142464695708055,0.016068031158233742,0.014770235219289518,0.016030118103922797,0.016966549282499216,0.016353261796344404,0.016486492284701497,0.016179102895111874,0.015763922308402088,0.015178015317345011,0.017469632127268833,0.016903438623092376,0.016968796840616435,0.016332739438688695,0.01597356954984103,0.016090159697076615,0.01683310492989564,0.017048630060669104,0.01726789705506617,0.01599853475544641,0.01585269618272904,0.015678836191738668,0.01655514670717952,0.01770749058502878,0.016104256204382366
