method,seed,step,training_seconds,wall_seconds,d_loss,g_loss,coverage,valid_fraction,mode_tv,mode_0_mass,mode_1_mass,mode_2_mass,mode_3_mass,mode_4_mass,mode_5_mass,mode_6_mass,mode_7_mass,mode_8_mass,mode_9_mass,mode_10_mass,mode_11_mass,mode_12_mass,mode_13_mass,mode_14_mass,mode_15_mass,mode_16_mass,mode_17_mass,mode_18_mass,mode_19_mass,mode_20_mass,mode_21_mass,mode_22_mass,mode_23_mass,mode_24_mass,mode_25_mass,mode_26_mass,mode_27_mass,mode_28_mass,mode_29_mass,mode_30_mass,mode_31_mass,mode_32_mass,mode_33_mass,mode_34_mass,mode_35_mass,mode_36_mass,mode_37_mass,mode_38_mass,mode_39_mass,mode_40_mass,mode_41_mass,mode_42_mass,mode_43_mass,mode_44_mass,mode_45_mass,mode_46_mass,mode_47_mass,mode_48_mass,mode_49_mass,mode_50_mass,mode_51_mass,mode_52_mass,mode_53_mass,mode_54_mass,mode_55_mass,mode_56_mass,mode_57_mass,mode_58_mass,mode_59_mass,mode_60_mass,mode_61_mass,mode_62_mass,mode_63_mass,mode_64_mass,mode_65_mass,mode_66_mass,mode_67_mass,mode_68_mass,mode_69_mass,mode_70_mass,mode_71_mass,mode_72_mass,mode_73_mass,mode_74_mass,mode_75_mass,mode_76_mass,mode_77_mass,mode_78_mass,mode_79_mass,mode_80_mass,mode_81_mass,mode_82_mass,mode_83_mass,mode_84_mass,mode_85_mass,mode_86_mass,mode_87_mass,mode_88_mass,mode_89_mass,mode_90_mass,mode_91_mass,mode_92_mass,mode_93_mass,mode_94_mass,mode_95_mass,mode_96_mass,mode_97_mass,mode_98_mass,mode_99_mass,d_pair_rms_before_mean,d_pair_rms_after_mean,reference_weight_0,reference_weight_1,reference_weight_2,reference_weight_3,reference_weight_4,reference_weight_5,reference_weight_6,reference_weight_7,reference_weight_8,reference_weight_9,reference_weight_10,reference_weight_11,reference_weight_12,reference_weight_13,reference_weight_14,reference_weight_15,reference_weight_16,reference_weight_17,reference_weight_18,reference_weight_19,reference_weight_20,reference_weight_21,reference_weight_22,reference_weight_23,reference_weight_24,reference_weight_25,reference_weight_26,reference_weight_27,reference_weight_28,reference_weight_29,reference_weight_30,reference_weight_31,reference_weight_32,reference_weight_33,reference_weight_34,reference_weight_35,reference_weight_36,reference_weight_37,reference_weight_38,reference_weight_39,reference_weight_40,reference_weight_41,reference_weight_42,reference_weight_43,reference_weight_44,reference_weight_45,reference_weight_46,reference_weight_47,reference_weight_48,reference_weight_49,reference_weight_50,reference_weight_51,reference_weight_52,reference_weight_53,reference_weight_54,reference_weight_55,reference_weight_56,reference_weight_57,reference_weight_58,reference_weight_59,reference_weight_60,reference_weight_61,reference_weight_62,reference_weight_63,reference_weight_64,reference_weight_65,reference_weight_66,reference_weight_67,reference_weight_68,reference_weight_69,reference_weight_70,reference_weight_71,reference_weight_72,reference_weight_73,reference_weight_74,reference_weight_75,reference_weight_76,reference_weight_77,reference_weight_78,reference_weight_79,reference_weight_80,reference_weight_81,reference_weight_82,reference_weight_83,reference_weight_84,reference_weight_85,reference_weight_86,reference_weight_87,reference_weight_88,reference_weight_89,reference_weight_90,reference_weight_91,reference_weight_92,reference_weight_93,reference_weight_94,reference_weight_95,reference_weight_96,reference_weight_97,reference_weight_98,reference_weight_99,ema_mass_0,ema_mass_1,ema_mass_2,ema_mass_3,ema_mass_4,ema_mass_5,ema_mass_6,ema_mass_7,ema_mass_8,ema_mass_9,ema_mass_10,ema_mass_11,ema_mass_12,ema_mass_13,ema_mass_14,ema_mass_15,ema_mass_16,ema_mass_17,ema_mass_18,ema_mass_19,ema_mass_20,ema_mass_21,ema_mass_22,ema_mass_23,ema_mass_24,ema_mass_25,ema_mass_26,ema_mass_27,ema_mass_28,ema_mass_29,ema_mass_30,ema_mass_31,ema_mass_32,ema_mass_33,ema_mass_34,ema_mass_35,ema_mass_36,ema_mass_37,ema_mass_38,ema_mass_39,ema_mass_40,ema_mass_41,ema_mass_42,ema_mass_43,ema_mass_44,ema_mass_45,ema_mass_46,ema_mass_47,ema_mass_48,ema_mass_49,ema_mass_50,ema_mass_51,ema_mass_52,ema_mass_53,ema_mass_54,ema_mass_55,ema_mass_56,ema_mass_57,ema_mass_58,ema_mass_59,ema_mass_60,ema_mass_61,ema_mass_62,ema_mass_63,ema_mass_64,ema_mass_65,ema_mass_66,ema_mass_67,ema_mass_68,ema_mass_69,ema_mass_70,ema_mass_71,ema_mass_72,ema_mass_73,ema_mass_74,ema_mass_75,ema_mass_76,ema_mass_77,ema_mass_78,ema_mass_79,ema_mass_80,ema_mass_81,ema_mass_82,ema_mass_83,ema_mass_84,ema_mass_85,ema_mass_86,ema_mass_87,ema_mass_88,ema_mass_89,ema_mass_90,ema_mass_91,ema_mass_92,ema_mass_93,ema_mass_94,ema_mass_95,ema_mass_96,ema_mass_97,ema_mass_98,ema_mass_99
vanilla,1,0,0.0,0.011326833046041429,nan,nan,0,0.0,1.0,0.0,0.0,0.0,0.0,0.0,0.0,0.0,0.0,0.0,0.0,0.0,0.0,0.0,0.0,0.0,0.0,0.0,0.0,0.0,0.0,0.0,0.0,0.0,0.0,0.0,0.0,0.0,0.0,0.0,0.0,0.0,0.0,0.0,0.0,0.0,0.0,0.0,0.0,0.0,0.0,0.0,0.0,0.0,0.0,0.0,0.0,0.0,0.0,0.0,0.0,0.0,0.0,0.0,0.0,0.0,0.0,0.0,0.0,0.0,0.0,0.0,0.0,0.0,0.0,0.0,0.0,0.0,0.0,0.0,0.0,0.0,0.0,0.0,0.0,0.0,0.0,0.0,0.0,0.0,0.0,0.0,0.0,0.0,0.0,0.0,0.0,0.0,0.0,0.0,0.0,0.0,0.0,0.0,0.0,0.0,0.0,0.0,0.0,0.0,0.0,0.0,0.0,0.01,0.01,0.01,0.01,0.01,0.01,0.01,0.01,0.01,0.01,0.01,0.01,0.01,0.01,0.01,0.01,0.01,0.01,0.01,0.01,0.01,0.01,0.01,0.01,0.01,0.01,0.01,0.01,0.01,0.01,0.01,0.01,0.01,0.01,0.01,0.01,0.01,0.01,0.01,0.01,0.01,0.01,0.01,0.01,0.01,0.01,0.01,0.01,0.01,0.01,0.01,0.01,0.01,0.01,0.01,0.01,0.01,0.01,0.01,0.01,0.01,0.01,0.01,0.01,0.01,0.01,0.01,0.01,0.01,0.01,0.01,0.01,0.01,0.01,0.01,0.01,0.01,0.01,0.01,0.01,0.01,0.01,0.01,0.01,0.01,0.01,0.01,0.01,0.01,0.01,0.01,0.01,0.01,0.01,0.01,0.01,0.01,0.01,0.01,0.01,0.01,0.01,0.01,0.01,0.01,0.01,0.01,0.01,0.01,0.01,0.01,0.01,0.01,0.01,0.01,0.01,0.01,0.01,0.01,0.01,0.01,0.01,0.01,0.01,0.01,0.01,0.01,0.01,0.01,0.01,0.01,0.01,0.01,0.01,0.01,0.01,0.01,0.01,0.01,0.01,0.01,0.01,0.01,0.01,0.01,0.01,0.01,0.01,0.01,0.01,0.01,0.01,0.01,0.01,0.01,0.01,0.01,0.01,0.01,0.01,0.01,0.01,0.01,0.01,0.01,0.01,0.01,0.01,0.01,0.01,0.01,0.01,0.01,0.01,0.01,0.01,0.01,0.01,0.01,0.01,0.01,0.01,0.01,0.01,0.01,0.01,0.01,0.01,0.01,0.01,0.01,0.01,0.01,0.01,0.01,0.01,0.01,0.01,0.01,0.01
vanilla,1,1000,1.0516107289586216,1.0807697500567883,0.6830216646194458,0.7310295104980469,0,0.10980000000000001,0.8902000000000001,0.0,0.0005,0.0004,0.0004,0.0005,0.0007,0.0005,0.0007,0.0003,0.0003,0.0004,0.0012,0.0013,0.001,0.0008,0.0015,0.0012,0.0014,0.0006,0.0005,0.0008,0.0012,0.0027,0.0018,0.0022,0.0024,0.0027,0.0014,0.0005,0.0007,0.0001,0.0012,0.0021,0.0023,0.0023,0.0016,0.0016,0.002,0.0012,0.0006,0.0004,0.0011,0.0017,0.002,0.0011,0.0022,0.0019,0.0018,0.0012,0.0004,0.0004,0.001,0.0019,0.0015,0.0014,0.0014,0.0019,0.0019,0.0012,0.0005,0.0004,0.0009,0.0013,0.001,0.001,0.0016,0.0019,0.0025,0.0013,0.0003,0.0009,0.0007,0.0014,0.0016,0.0015,0.001,0.0009,0.0015,0.0012,0.0006,0.0007,0.0012,0.0014,0.0012,0.0008,0.001,0.0007,0.0014,0.0008,0.0007,0.0003,0.0006,0.0003,0.0003,0.0004,0.0005,0.0003,0.0003,0.0004,0.0005,0.0,0.0,0.01,0.01,0.01,0.01,0.01,0.01,0.01,0.01,0.01,0.01,0.01,0.01,0.01,0.01,0.01,0.01,0.01,0.01,0.01,0.01,0.01,0.01,0.01,0.01,0.01,0.01,0.01,0.01,0.01,0.01,0.01,0.01,0.01,0.01,0.01,0.01,0.01,0.01,0.01,0.01,0.01,0.01,0.01,0.01,0.01,0.01,0.01,0.01,0.01,0.01,0.01,0.01,0.01,0.01,0.01,0.01,0.01,0.01,0.01,0.01,0.01,0.01,0.01,0.01,0.01,0.01,0.01,0.01,0.01,0.01,0.01,0.01,0.01,0.01,0.01,0.01,0.01,0.01,0.01,0.01,0.01,0.01,0.01,0.01,0.01,0.01,0.01,0.01,0.01,0.01,0.01,0.01,0.01,0.01,0.01,0.01,0.01,0.01,0.01,0.01,0.01,0.01,0.01,0.01,0.01,0.01,0.01,0.01,0.01,0.01,0.01,0.01,0.01,0.01,0.01,0.01,0.01,0.01,0.01,0.01,0.01,0.01,0.01,0.01,0.01,0.01,0.01,0.01,0.01,0.01,0.01,0.01,0.01,0.01,0.01,0.01,0.01,0.01,0.01,0.01,0.01,0.01,0.01,0.01,0.01,0.01,0.01,0.01,0.01,0.01,0.01,0.01,0.01,0.01,0.01,0.01,0.01,0.01,0.01,0.01,0.01,0.01,0.01,0.01,0.01,0.01,0.01,0.01,0.01,0.01,0.01,0.01,0.01,0.01,0.01,0.01,0.01,0.01,0.01,0.01,0.01,0.01,0.01,0.01,0.01,0.01,0.01,0.01,0.01,0.01,0.01,0.01,0.01,0.01,0.01,0.01,0.01,0.01,0.01,0.01
vanilla,1,2000,1.9985162083758041,2.03189766604919,0.677245557308197,0.7152270078659058,0,0.11450000000000005,0.8855,0.0004,0.0001,0.0007,0.0003,0.0004,0.0009,0.0004,0.0003,0.0005,0.0003,0.0004,0.0008,0.0011,0.0014,0.001,0.0018,0.0013,0.0016,0.001,0.0005,0.0008,0.0017,0.0015,0.0015,0.0022,0.0019,0.002,0.0017,0.0005,0.0007,0.0001,0.0008,0.0024,0.0005,0.0019,0.001,0.0019,0.002,0.0012,0.0005,0.0006,0.0008,0.0024,0.0015,0.0015,0.0012,0.0011,0.0018,0.0011,0.0003,0.0008,0.0012,0.0021,0.001,0.0012,0.0014,0.0012,0.0014,0.0021,0.0008,0.0006,0.0011,0.0014,0.001,0.0013,0.0014,0.0021,0.0029,0.0014,0.0008,0.0005,0.0017,0.0027,0.0019,0.0011,0.0014,0.0011,0.0022,0.0011,0.0006,0.0002,0.0007,0.0014,0.0011,0.0012,0.0018,0.001,0.0019,0.0012,0.001,0.0007,0.0008,0.0007,0.0008,0.0008,0.0005,0.0009,0.0009,0.0007,0.0004,0.0,0.0,0.01,0.01,0.01,0.01,0.01,0.01,0.01,0.01,0.01,0.01,0.01,0.01,0.01,0.01,0.01,0.01,0.01,0.01,0.01,0.01,0.01,0.01,0.01,0.01,0.01,0.01,0.01,0.01,0.01,0.01,0.01,0.01,0.01,0.01,0.01,0.01,0.01,0.01,0.01,0.01,0.01,0.01,0.01,0.01,0.01,0.01,0.01,0.01,0.01,0.01,0.01,0.01,0.01,0.01,0.01,0.01,0.01,0.01,0.01,0.01,0.01,0.01,0.01,0.01,0.01,0.01,0.01,0.01,0.01,0.01,0.01,0.01,0.01,0.01,0.01,0.01,0.01,0.01,0.01,0.01,0.01,0.01,0.01,0.01,0.01,0.01,0.01,0.01,0.01,0.01,0.01,0.01,0.01,0.01,0.01,0.01,0.01,0.01,0.01,0.01,0.01,0.01,0.01,0.01,0.01,0.01,0.01,0.01,0.01,0.01,0.01,0.01,0.01,0.01,0.01,0.01,0.01,0.01,0.01,0.01,0.01,0.01,0.01,0.01,0.01,0.01,0.01,0.01,0.01,0.01,0.01,0.01,0.01,0.01,0.01,0.01,0.01,0.01,0.01,0.01,0.01,0.01,0.01,0.01,0.01,0.01,0.01,0.01,0.01,0.01,0.01,0.01,0.01,0.01,0.01,0.01,0.01,0.01,0.01,0.01,0.01,0.01,0.01,0.01,0.01,0.01,0.01,0.01,0.01,0.01,0.01,0.01,0.01,0.01,0.01,0.01,0.01,0.01,0.01,0.01,0.01,0.01,0.01,0.01,0.01,0.01,0.01,0.01,0.01,0.01,0.01,0.01,0.01,0.01,0.01,0.01,0.01,0.01,0.01,0.01
vanilla,1,3000,2.9274365914752707,2.964855916099623,0.6861996650695801,0.7268465161323547,0,0.11840000000000006,0.8815999999999999,0.0005,0.0005,0.0006,0.0003,0.0005,0.0004,0.0002,0.0006,0.0004,0.0005,0.0008,0.001,0.0016,0.0012,0.0009,0.0014,0.0018,0.0014,0.0017,0.0004,0.0006,0.0015,0.002,0.0017,0.0018,0.0018,0.0014,0.0016,0.0011,0.0004,0.0007,0.0016,0.0022,0.0014,0.0009,0.0013,0.0015,0.0009,0.0016,0.0007,0.0005,0.0016,0.0015,0.0015,0.0016,0.0017,0.0011,0.0008,0.0014,0.0005,0.0003,0.0016,0.0018,0.0014,0.0006,0.0022,0.0013,0.0023,0.0023,0.0007,0.0004,0.0024,0.0013,0.0012,0.0019,0.0017,0.0011,0.002,0.0018,0.0007,0.0009,0.0017,0.0018,0.0016,0.002,0.0011,0.0008,0.0018,0.0009,0.0001,0.0006,0.0016,0.0017,0.0015,0.001,0.0012,0.0012,0.0014,0.0013,0.001,0.0009,0.0008,0.001,0.0008,0.0008,0.0012,0.0006,0.0009,0.0009,0.0007,0.0,0.0,0.01,0.01,0.01,0.01,0.01,0.01,0.01,0.01,0.01,0.01,0.01,0.01,0.01,0.01,0.01,0.01,0.01,0.01,0.01,0.01,0.01,0.01,0.01,0.01,0.01,0.01,0.01,0.01,0.01,0.01,0.01,0.01,0.01,0.01,0.01,0.01,0.01,0.01,0.01,0.01,0.01,0.01,0.01,0.01,0.01,0.01,0.01,0.01,0.01,0.01,0.01,0.01,0.01,0.01,0.01,0.01,0.01,0.01,0.01,0.01,0.01,0.01,0.01,0.01,0.01,0.01,0.01,0.01,0.01,0.01,0.01,0.01,0.01,0.01,0.01,0.01,0.01,0.01,0.01,0.01,0.01,0.01,0.01,0.01,0.01,0.01,0.01,0.01,0.01,0.01,0.01,0.01,0.01,0.01,0.01,0.01,0.01,0.01,0.01,0.01,0.01,0.01,0.01,0.01,0.01,0.01,0.01,0.01,0.01,0.01,0.01,0.01,0.01,0.01,0.01,0.01,0.01,0.01,0.01,0.01,0.01,0.01,0.01,0.01,0.01,0.01,0.01,0.01,0.01,0.01,0.01,0.01,0.01,0.01,0.01,0.01,0.01,0.01,0.01,0.01,0.01,0.01,0.01,0.01,0.01,0.01,0.01,0.01,0.01,0.01,0.01,0.01,0.01,0.01,0.01,0.01,0.01,0.01,0.01,0.01,0.01,0.01,0.01,0.01,0.01,0.01,0.01,0.01,0.01,0.01,0.01,0.01,0.01,0.01,0.01,0.01,0.01,0.01,0.01,0.01,0.01,0.01,0.01,0.01,0.01,0.01,0.01,0.01,0.01,0.01,0.01,0.01,0.01,0.01,0.01,0.01,0.01,0.01,0.01,0.01
vanilla,1,4000,3.8391317636705935,3.880859916098416,0.6905263066291809,0.6972993016242981,0,0.11850000000000005,0.8815,0.0011,0.0014,0.0015,0.0011,0.0013,0.0013,0.0004,0.001,0.0011,0.0011,0.0007,0.0021,0.0014,0.0012,0.0015,0.0009,0.0017,0.0016,0.0011,0.0001,0.0012,0.0018,0.0009,0.0013,0.0006,0.0012,0.0007,0.001,0.0016,0.0008,0.0011,0.0024,0.0012,0.001,0.0012,0.0012,0.0013,0.0018,0.0021,0.001,0.0006,0.0028,0.0009,0.0011,0.0009,0.0017,0.0013,0.0004,0.0016,0.0003,0.0003,0.0015,0.0012,0.0011,0.0012,0.0013,0.0009,0.0006,0.0025,0.0004,0.0007,0.0018,0.001,0.0008,0.0009,0.0017,0.0012,0.0015,0.0016,0.001,0.0008,0.0025,0.0011,0.0014,0.0015,0.0012,0.0013,0.0013,0.0009,0.0007,0.0007,0.0027,0.0019,0.0021,0.002,0.0017,0.002,0.0014,0.0019,0.0009,0.0003,0.0009,0.0004,0.0002,0.0002,0.0002,0.0008,0.0005,0.0005,0.0007,0.0,0.0,0.01,0.01,0.01,0.01,0.01,0.01,0.01,0.01,0.01,0.01,0.01,0.01,0.01,0.01,0.01,0.01,0.01,0.01,0.01,0.01,0.01,0.01,0.01,0.01,0.01,0.01,0.01,0.01,0.01,0.01,0.01,0.01,0.01,0.01,0.01,0.01,0.01,0.01,0.01,0.01,0.01,0.01,0.01,0.01,0.01,0.01,0.01,0.01,0.01,0.01,0.01,0.01,0.01,0.01,0.01,0.01,0.01,0.01,0.01,0.01,0.01,0.01,0.01,0.01,0.01,0.01,0.01,0.01,0.01,0.01,0.01,0.01,0.01,0.01,0.01,0.01,0.01,0.01,0.01,0.01,0.01,0.01,0.01,0.01,0.01,0.01,0.01,0.01,0.01,0.01,0.01,0.01,0.01,0.01,0.01,0.01,0.01,0.01,0.01,0.01,0.01,0.01,0.01,0.01,0.01,0.01,0.01,0.01,0.01,0.01,0.01,0.01,0.01,0.01,0.01,0.01,0.01,0.01,0.01,0.01,0.01,0.01,0.01,0.01,0.01,0.01,0.01,0.01,0.01,0.01,0.01,0.01,0.01,0.01,0.01,0.01,0.01,0.01,0.01,0.01,0.01,0.01,0.01,0.01,0.01,0.01,0.01,0.01,0.01,0.01,0.01,0.01,0.01,0.01,0.01,0.01,0.01,0.01,0.01,0.01,0.01,0.01,0.01,0.01,0.01,0.01,0.01,0.01,0.01,0.01,0.01,0.01,0.01,0.01,0.01,0.01,0.01,0.01,0.01,0.01,0.01,0.01,0.01,0.01,0.01,0.01,0.01,0.01,0.01,0.01,0.01,0.01,0.01,0.01,0.01,0.01,0.01,0.01,0.01,0.01
vanilla,1,5000,4.744302554638125,4.790295375045389,0.6890159845352173,0.7085320353507996,0,0.1119,0.8881,0.0005,0.0009,0.0003,0.0002,0.0002,0.0002,0.0005,0.0004,0.0004,0.0011,0.0007,0.0021,0.0011,0.0008,0.001,0.0012,0.0014,0.0019,0.0017,0.0005,0.0014,0.0024,0.0012,0.0007,0.0008,0.0015,0.0011,0.0007,0.0012,0.0006,0.0005,0.0016,0.001,0.001,0.0004,0.0009,0.0009,0.0013,0.0009,0.001,0.0003,0.0013,0.0009,0.0017,0.0012,0.0013,0.001,0.0007,0.0011,0.0009,0.0004,0.0011,0.0007,0.0009,0.0007,0.0016,0.0012,0.0017,0.0016,0.0024,0.0009,0.0015,0.0012,0.0009,0.0008,0.0015,0.0008,0.0009,0.0011,0.0018,0.0006,0.0016,0.0008,0.0017,0.0018,0.0011,0.0013,0.0006,0.0015,0.0018,0.0009,0.0018,0.0018,0.0021,0.0038,0.0022,0.0029,0.0015,0.0019,0.0012,0.001,0.0006,0.0007,0.0006,0.0002,0.0004,0.0004,0.0015,0.0006,0.0007,0.0,0.0,0.01,0.01,0.01,0.01,0.01,0.01,0.01,0.01,0.01,0.01,0.01,0.01,0.01,0.01,0.01,0.01,0.01,0.01,0.01,0.01,0.01,0.01,0.01,0.01,0.01,0.01,0.01,0.01,0.01,0.01,0.01,0.01,0.01,0.01,0.01,0.01,0.01,0.01,0.01,0.01,0.01,0.01,0.01,0.01,0.01,0.01,0.01,0.01,0.01,0.01,0.01,0.01,0.01,0.01,0.01,0.01,0.01,0.01,0.01,0.01,0.01,0.01,0.01,0.01,0.01,0.01,0.01,0.01,0.01,0.01,0.01,0.01,0.01,0.01,0.01,0.01,0.01,0.01,0.01,0.01,0.01,0.01,0.01,0.01,0.01,0.01,0.01,0.01,0.01,0.01,0.01,0.01,0.01,0.01,0.01,0.01,0.01,0.01,0.01,0.01,0.01,0.01,0.01,0.01,0.01,0.01,0.01,0.01,0.01,0.01,0.01,0.01,0.01,0.01,0.01,0.01,0.01,0.01,0.01,0.01,0.01,0.01,0.01,0.01,0.01,0.01,0.01,0.01,0.01,0.01,0.01,0.01,0.01,0.01,0.01,0.01,0.01,0.01,0.01,0.01,0.01,0.01,0.01,0.01,0.01,0.01,0.01,0.01,0.01,0.01,0.01,0.01,0.01,0.01,0.01,0.01,0.01,0.01,0.01,0.01,0.01,0.01,0.01,0.01,0.01,0.01,0.01,0.01,0.01,0.01,0.01,0.01,0.01,0.01,0.01,0.01,0.01,0.01,0.01,0.01,0.01,0.01,0.01,0.01,0.01,0.01,0.01,0.01,0.01,0.01,0.01,0.01,0.01,0.01,0.01,0.01,0.01,0.01,0.01,0.01
vanilla,1,6000,5.677965712966397,5.727879457990639,0.688595175743103,0.7036158442497253,0,0.12729999999999997,0.8727,0.0025,0.0013,0.0015,0.002,0.0023,0.0019,0.002,0.0011,0.0009,0.0005,0.0016,0.0014,0.0008,0.0007,0.0008,0.0008,0.0012,0.0012,0.0007,0.0001,0.0018,0.0011,0.001,0.001,0.0015,0.0021,0.001,0.0014,0.001,0.0006,0.0027,0.0014,0.0016,0.001,0.0011,0.0009,0.002,0.0021,0.0011,0.0004,0.0012,0.0012,0.001,0.0012,0.0019,0.0018,0.0014,0.0007,0.0011,0.0008,0.0015,0.0011,0.0005,0.0012,0.0011,0.0013,0.0014,0.001,0.0022,0.0013,0.0017,0.0007,0.0007,0.0008,0.0009,0.0013,0.001,0.0015,0.0013,0.0009,0.0007,0.001,0.0007,0.002,0.0009,0.0013,0.0011,0.0007,0.001,0.0016,0.001,0.0007,0.001,0.001,0.001,0.0014,0.0007,0.001,0.0009,0.0003,0.0035,0.0013,0.0017,0.0011,0.0016,0.0015,0.0018,0.0027,0.0021,0.0022,0.0,0.0,0.01,0.01,0.01,0.01,0.01,0.01,0.01,0.01,0.01,0.01,0.01,0.01,0.01,0.01,0.01,0.01,0.01,0.01,0.01,0.01,0.01,0.01,0.01,0.01,0.01,0.01,0.01,0.01,0.01,0.01,0.01,0.01,0.01,0.01,0.01,0.01,0.01,0.01,0.01,0.01,0.01,0.01,0.01,0.01,0.01,0.01,0.01,0.01,0.01,0.01,0.01,0.01,0.01,0.01,0.01,0.01,0.01,0.01,0.01,0.01,0.01,0.01,0.01,0.01,0.01,0.01,0.01,0.01,0.01,0.01,0.01,0.01,0.01,0.01,0.01,0.01,0.01,0.01,0.01,0.01,0.01,0.01,0.01,0.01,0.01,0.01,0.01,0.01,0.01,0.01,0.01,0.01,0.01,0.01,0.01,0.01,0.01,0.01,0.01,0.01,0.01,0.01,0.01,0.01,0.01,0.01,0.01,0.01,0.01,0.01,0.01,0.01,0.01,0.01,0.01,0.01,0.01,0.01,0.01,0.01,0.01,0.01,0.01,0.01,0.01,0.01,0.01,0.01,0.01,0.01,0.01,0.01,0.01,0.01,0.01,0.01,0.01,0.01,0.01,0.01,0.01,0.01,0.01,0.01,0.01,0.01,0.01,0.01,0.01,0.01,0.01,0.01,0.01,0.01,0.01,0.01,0.01,0.01,0.01,0.01,0.01,0.01,0.01,0.01,0.01,0.01,0.01,0.01,0.01,0.01,0.01,0.01,0.01,0.01,0.01,0.01,0.01,0.01,0.01,0.01,0.01,0.01,0.01,0.01,0.01,0.01,0.01,0.01,0.01,0.01,0.01,0.01,0.01,0.01,0.01,0.01,0.01,0.01,0.01,0.01
vanilla,1,7000,6.589265239657834,6.643111833021976,0.6839513778686523,0.6977139711380005,0,0.16199999999999992,0.8380000000000001,0.0043,0.002,0.0017,0.003,0.0032,0.0041,0.0035,0.0034,0.0041,0.0047,0.001,0.0013,0.0014,0.0006,0.0011,0.0011,0.0019,0.0018,0.0006,0.0032,0.0018,0.0012,0.0011,0.0015,0.0006,0.0021,0.0016,0.0018,0.001,0.0036,0.0022,0.0008,0.0006,0.0008,0.0013,0.0007,0.0013,0.0012,0.0012,0.0028,0.0012,0.0012,0.0018,0.0009,0.0017,0.0012,0.0022,0.001,0.0008,0.0043,0.0014,0.0008,0.0018,0.0008,0.0008,0.0015,0.0014,0.0008,0.001,0.0034,0.002,0.0006,0.0009,0.0006,0.0008,0.0017,0.0009,0.0018,0.001,0.0025,0.0014,0.0009,0.0011,0.0014,0.0017,0.001,0.0014,0.0011,0.0013,0.0029,0.0013,0.001,0.001,0.0015,0.0014,0.0009,0.0015,0.0007,0.0008,0.0031,0.003,0.0014,0.0018,0.0009,0.0008,0.001,0.0013,0.0012,0.0014,0.0018,0.0,0.0,0.01,0.01,0.01,0.01,0.01,0.01,0.01,0.01,0.01,0.01,0.01,0.01,0.01,0.01,0.01,0.01,0.01,0.01,0.01,0.01,0.01,0.01,0.01,0.01,0.01,0.01,0.01,0.01,0.01,0.01,0.01,0.01,0.01,0.01,0.01,0.01,0.01,0.01,0.01,0.01,0.01,0.01,0.01,0.01,0.01,0.01,0.01,0.01,0.01,0.01,0.01,0.01,0.01,0.01,0.01,0.01,0.01,0.01,0.01,0.01,0.01,0.01,0.01,0.01,0.01,0.01,0.01,0.01,0.01,0.01,0.01,0.01,0.01,0.01,0.01,0.01,0.01,0.01,0.01,0.01,0.01,0.01,0.01,0.01,0.01,0.01,0.01,0.01,0.01,0.01,0.01,0.01,0.01,0.01,0.01,0.01,0.01,0.01,0.01,0.01,0.01,0.01,0.01,0.01,0.01,0.01,0.01,0.01,0.01,0.01,0.01,0.01,0.01,0.01,0.01,0.01,0.01,0.01,0.01,0.01,0.01,0.01,0.01,0.01,0.01,0.01,0.01,0.01,0.01,0.01,0.01,0.01,0.01,0.01,0.01,0.01,0.01,0.01,0.01,0.01,0.01,0.01,0.01,0.01,0.01,0.01,0.01,0.01,0.01,0.01,0.01,0.01,0.01,0.01,0.01,0.01,0.01,0.01,0.01,0.01,0.01,0.01,0.01,0.01,0.01,0.01,0.01,0.01,0.01,0.01,0.01,0.01,0.01,0.01,0.01,0.01,0.01,0.01,0.01,0.01,0.01,0.01,0.01,0.01,0.01,0.01,0.01,0.01,0.01,0.01,0.01,0.01,0.01,0.01,0.01,0.01,0.01,0.01,0.01,0.01
vanilla,1,8000,7.520184015156701,7.578019040985964,0.687771737575531,0.7131438255310059,0,0.16700000000000004,0.833,0.0027,0.0013,0.0014,0.0026,0.0024,0.0034,0.0022,0.0024,0.0019,0.0037,0.0015,0.001,0.0008,0.0013,0.0008,0.0011,0.0004,0.0007,0.0004,0.0032,0.0024,0.0013,0.0013,0.0011,0.0017,0.0013,0.0009,0.0012,0.0008,0.0026,0.0025,0.0011,0.0007,0.0013,0.0015,0.0014,0.0016,0.0006,0.001,0.0026,0.0024,0.001,0.0008,0.0009,0.0015,0.0009,0.001,0.0017,0.0008,0.0038,0.0022,0.0012,0.0016,0.0008,0.001,0.0009,0.0009,0.0009,0.0013,0.0046,0.0025,0.0011,0.0008,0.0016,0.0007,0.0014,0.0017,0.0009,0.0012,0.0025,0.0028,0.0007,0.001,0.0017,0.001,0.001,0.002,0.001,0.0015,0.0031,0.0018,0.0007,0.0011,0.0007,0.001,0.0014,0.0014,0.0007,0.0009,0.003,0.0054,0.0015,0.0024,0.0024,0.0028,0.0036,0.0022,0.003,0.0027,0.0038,0.0,0.0,0.01,0.01,0.01,0.01,0.01,0.01,0.01,0.01,0.01,0.01,0.01,0.01,0.01,0.01,0.01,0.01,0.01,0.01,0.01,0.01,0.01,0.01,0.01,0.01,0.01,0.01,0.01,0.01,0.01,0.01,0.01,0.01,0.01,0.01,0.01,0.01,0.01,0.01,0.01,0.01,0.01,0.01,0.01,0.01,0.01,0.01,0.01,0.01,0.01,0.01,0.01,0.01,0.01,0.01,0.01,0.01,0.01,0.01,0.01,0.01,0.01,0.01,0.01,0.01,0.01,0.01,0.01,0.01,0.01,0.01,0.01,0.01,0.01,0.01,0.01,0.01,0.01,0.01,0.01,0.01,0.01,0.01,0.01,0.01,0.01,0.01,0.01,0.01,0.01,0.01,0.01,0.01,0.01,0.01,0.01,0.01,0.01,0.01,0.01,0.01,0.01,0.01,0.01,0.01,0.01,0.01,0.01,0.01,0.01,0.01,0.01,0.01,0.01,0.01,0.01,0.01,0.01,0.01,0.01,0.01,0.01,0.01,0.01,0.01,0.01,0.01,0.01,0.01,0.01,0.01,0.01,0.01,0.01,0.01,0.01,0.01,0.01,0.01,0.01,0.01,0.01,0.01,0.01,0.01,0.01,0.01,0.01,0.01,0.01,0.01,0.01,0.01,0.01,0.01,0.01,0.01,0.01,0.01,0.01,0.01,0.01,0.01,0.01,0.01,0.01,0.01,0.01,0.01,0.01,0.01,0.01,0.01,0.01,0.01,0.01,0.01,0.01,0.01,0.01,0.01,0.01,0.01,0.01,0.01,0.01,0.01,0.01,0.01,0.01,0.01,0.01,0.01,0.01,0.01,0.01,0.01,0.01,0.01,0.01,0.01
vanilla,1,9000,8.437874320428818,8.49992974998895,0.6872543692588806,0.6935030221939087,0,0.18520000000000003,0.8148,0.0059,0.0017,0.0023,0.0032,0.0036,0.0038,0.0029,0.0031,0.0027,0.0045,0.0023,0.0008,0.0005,0.0013,0.0009,0.0015,0.0011,0.0011,0.0006,0.003,0.0032,0.0009,0.001,0.0012,0.0008,0.0014,0.0009,0.001,0.0008,0.0033,0.0039,0.001,0.0017,0.0014,0.0014,0.0008,0.002,0.0012,0.0012,0.0023,0.0029,0.0013,0.0008,0.0009,0.0018,0.0011,0.0011,0.0013,0.001,0.0038,0.0023,0.0012,0.0016,0.0012,0.0005,0.001,0.0009,0.0008,0.0012,0.0044,0.0033,0.0009,0.0011,0.0008,0.0006,0.0021,0.0014,0.0016,0.0015,0.0025,0.0031,0.0009,0.001,0.0013,0.0014,0.0011,0.0012,0.0009,0.0018,0.0037,0.0019,0.0008,0.0004,0.0012,0.0015,0.0012,0.0016,0.0012,0.0007,0.004,0.005,0.0018,0.0031,0.002,0.0028,0.003,0.0023,0.0031,0.0016,0.0045,0.0,0.0,0.01,0.01,0.01,0.01,0.01,0.01,0.01,0.01,0.01,0.01,0.01,0.01,0.01,0.01,0.01,0.01,0.01,0.01,0.01,0.01,0.01,0.01,0.01,0.01,0.01,0.01,0.01,0.01,0.01,0.01,0.01,0.01,0.01,0.01,0.01,0.01,0.01,0.01,0.01,0.01,0.01,0.01,0.01,0.01,0.01,0.01,0.01,0.01,0.01,0.01,0.01,0.01,0.01,0.01,0.01,0.01,0.01,0.01,0.01,0.01,0.01,0.01,0.01,0.01,0.01,0.01,0.01,0.01,0.01,0.01,0.01,0.01,0.01,0.01,0.01,0.01,0.01,0.01,0.01,0.01,0.01,0.01,0.01,0.01,0.01,0.01,0.01,0.01,0.01,0.01,0.01,0.01,0.01,0.01,0.01,0.01,0.01,0.01,0.01,0.01,0.01,0.01,0.01,0.01,0.01,0.01,0.01,0.01,0.01,0.01,0.01,0.01,0.01,0.01,0.01,0.01,0.01,0.01,0.01,0.01,0.01,0.01,0.01,0.01,0.01,0.01,0.01,0.01,0.01,0.01,0.01,0.01,0.01,0.01,0.01,0.01,0.01,0.01,0.01,0.01,0.01,0.01,0.01,0.01,0.01,0.01,0.01,0.01,0.01,0.01,0.01,0.01,0.01,0.01,0.01,0.01,0.01,0.01,0.01,0.01,0.01,0.01,0.01,0.01,0.01,0.01,0.01,0.01,0.01,0.01,0.01,0.01,0.01,0.01,0.01,0.01,0.01,0.01,0.01,0.01,0.01,0.01,0.01,0.01,0.01,0.01,0.01,0.01,0.01,0.01,0.01,0.01,0.01,0.01,0.01,0.01,0.01,0.01,0.01,0.01
vanilla,1,10000,9.361921693664044,9.428270750096999,0.6868161559104919,0.7092642784118652,1,0.1604,0.8404,0.0108,0.0029,0.0021,0.0035,0.0029,0.0038,0.0026,0.0024,0.0033,0.0004,0.0033,0.0012,0.0009,0.0006,0.0008,0.0006,0.002,0.0006,0.001,0.0005,0.0036,0.0021,0.001,0.0015,0.0014,0.0008,0.0008,0.0013,0.0012,0.0002,0.004,0.0014,0.0017,0.0009,0.0013,0.0014,0.0016,0.0016,0.0008,0.0001,0.0032,0.001,0.001,0.001,0.0018,0.0015,0.0013,0.001,0.0009,0.0003,0.0031,0.0012,0.0015,0.0011,0.0008,0.0014,0.0005,0.0011,0.0009,0.0008,0.0042,0.0009,0.0014,0.0009,0.0011,0.0018,0.0017,0.0009,0.0009,0.0006,0.0034,0.0009,0.0018,0.0009,0.0014,0.0006,0.0014,0.001,0.0015,0.0008,0.0026,0.001,0.0007,0.0005,0.0009,0.0007,0.0017,0.0011,0.0005,0.0003,0.0034,0.0014,0.0026,0.0023,0.0024,0.0028,0.002,0.0024,0.002,0.0007,0.0,0.0,0.01,0.01,0.01,0.01,0.01,0.01,0.01,0.01,0.01,0.01,0.01,0.01,0.01,0.01,0.01,0.01,0.01,0.01,0.01,0.01,0.01,0.01,0.01,0.01,0.01,0.01,0.01,0.01,0.01,0.01,0.01,0.01,0.01,0.01,0.01,0.01,0.01,0.01,0.01,0.01,0.01,0.01,0.01,0.01,0.01,0.01,0.01,0.01,0.01,0.01,0.01,0.01,0.01,0.01,0.01,0.01,0.01,0.01,0.01,0.01,0.01,0.01,0.01,0.01,0.01,0.01,0.01,0.01,0.01,0.01,0.01,0.01,0.01,0.01,0.01,0.01,0.01,0.01,0.01,0.01,0.01,0.01,0.01,0.01,0.01,0.01,0.01,0.01,0.01,0.01,0.01,0.01,0.01,0.01,0.01,0.01,0.01,0.01,0.01,0.01,0.01,0.01,0.01,0.01,0.01,0.01,0.01,0.01,0.01,0.01,0.01,0.01,0.01,0.01,0.01,0.01,0.01,0.01,0.01,0.01,0.01,0.01,0.01,0.01,0.01,0.01,0.01,0.01,0.01,0.01,0.01,0.01,0.01,0.01,0.01,0.01,0.01,0.01,0.01,0.01,0.01,0.01,0.01,0.01,0.01,0.01,0.01,0.01,0.01,0.01,0.01,0.01,0.01,0.01,0.01,0.01,0.01,0.01,0.01,0.01,0.01,0.01,0.01,0.01,0.01,0.01,0.01,0.01,0.01,0.01,0.01,0.01,0.01,0.01,0.01,0.01,0.01,0.01,0.01,0.01,0.01,0.01,0.01,0.01,0.01,0.01,0.01,0.01,0.01,0.01,0.01,0.01,0.01,0.01,0.01,0.01,0.01,0.01,0.01,0.01
vanilla,1,11000,10.27467070822604,10.347755541093647,0.6857662200927734,0.7048577666282654,1,0.19399999999999995,0.8067,0.0107,0.0032,0.0023,0.0045,0.0028,0.0044,0.0026,0.0036,0.003,0.0053,0.0034,0.0012,0.001,0.0009,0.0012,0.0007,0.0021,0.0013,0.0009,0.0033,0.0035,0.0018,0.0017,0.0022,0.0015,0.001,0.001,0.0016,0.0011,0.0026,0.0041,0.0009,0.0013,0.0009,0.0015,0.0013,0.0015,0.0015,0.0009,0.0025,0.0031,0.0011,0.0011,0.0014,0.0014,0.0017,0.0011,0.0014,0.0009,0.0026,0.003,0.0011,0.0015,0.0012,0.0006,0.0015,0.0014,0.0008,0.0012,0.0032,0.0039,0.0008,0.0017,0.0009,0.0009,0.0017,0.0009,0.0013,0.0012,0.0029,0.0035,0.0011,0.0008,0.0013,0.0016,0.001,0.0007,0.0006,0.0017,0.0036,0.0031,0.0008,0.0007,0.0012,0.0017,0.0011,0.0019,0.0013,0.0008,0.0026,0.0038,0.002,0.0029,0.0022,0.0019,0.0025,0.0014,0.0019,0.0019,0.0021,0.0,0.0,0.01,0.01,0.01,0.01,0.01,0.01,0.01,0.01,0.01,0.01,0.01,0.01,0.01,0.01,0.01,0.01,0.01,0.01,0.01,0.01,0.01,0.01,0.01,0.01,0.01,0.01,0.01,0.01,0.01,0.01,0.01,0.01,0.01,0.01,0.01,0.01,0.01,0.01,0.01,0.01,0.01,0.01,0.01,0.01,0.01,0.01,0.01,0.01,0.01,0.01,0.01,0.01,0.01,0.01,0.01,0.01,0.01,0.01,0.01,0.01,0.01,0.01,0.01,0.01,0.01,0.01,0.01,0.01,0.01,0.01,0.01,0.01,0.01,0.01,0.01,0.01,0.01,0.01,0.01,0.01,0.01,0.01,0.01,0.01,0.01,0.01,0.01,0.01,0.01,0.01,0.01,0.01,0.01,0.01,0.01,0.01,0.01,0.01,0.01,0.01,0.01,0.01,0.01,0.01,0.01,0.01,0.01,0.01,0.01,0.01,0.01,0.01,0.01,0.01,0.01,0.01,0.01,0.01,0.01,0.01,0.01,0.01,0.01,0.01,0.01,0.01,0.01,0.01,0.01,0.01,0.01,0.01,0.01,0.01,0.01,0.01,0.01,0.01,0.01,0.01,0.01,0.01,0.01,0.01,0.01,0.01,0.01,0.01,0.01,0.01,0.01,0.01,0.01,0.01,0.01,0.01,0.01,0.01,0.01,0.01,0.01,0.01,0.01,0.01,0.01,0.01,0.01,0.01,0.01,0.01,0.01,0.01,0.01,0.01,0.01,0.01,0.01,0.01,0.01,0.01,0.01,0.01,0.01,0.01,0.01,0.01,0.01,0.01,0.01,0.01,0.01,0.01,0.01,0.01,0.01,0.01,0.01,0.01,0.01,0.01
vanilla,1,12000,11.193146758014336,11.270593082997948,0.6863501071929932,0.7157171964645386,0,0.19720000000000004,0.8028,0.0078,0.0024,0.0021,0.0036,0.0031,0.0034,0.0028,0.0027,0.0033,0.0057,0.0032,0.0008,0.0007,0.0009,0.0013,0.0015,0.0012,0.0013,0.0008,0.0029,0.0032,0.0012,0.0011,0.0011,0.001,0.0016,0.0014,0.0015,0.0014,0.0029,0.0032,0.0014,0.0016,0.0009,0.0015,0.0006,0.0018,0.0013,0.0011,0.0023,0.0031,0.0008,0.0014,0.001,0.0014,0.0011,0.0011,0.0014,0.0011,0.0031,0.0029,0.0008,0.0016,0.0012,0.0006,0.0013,0.0005,0.0012,0.0013,0.0033,0.0041,0.0011,0.0013,0.0017,0.0008,0.0013,0.0017,0.0011,0.0012,0.0026,0.0046,0.0011,0.0019,0.0011,0.0013,0.0007,0.002,0.0006,0.0013,0.0027,0.0031,0.0009,0.0011,0.0007,0.0009,0.0011,0.0017,0.0015,0.0005,0.0019,0.0075,0.0025,0.0026,0.0033,0.0024,0.0034,0.0027,0.0037,0.0035,0.0042,0.0,0.0,0.01,0.01,0.01,0.01,0.01,0.01,0.01,0.01,0.01,0.01,0.01,0.01,0.01,0.01,0.01,0.01,0.01,0.01,0.01,0.01,0.01,0.01,0.01,0.01,0.01,0.01,0.01,0.01,0.01,0.01,0.01,0.01,0.01,0.01,0.01,0.01,0.01,0.01,0.01,0.01,0.01,0.01,0.01,0.01,0.01,0.01,0.01,0.01,0.01,0.01,0.01,0.01,0.01,0.01,0.01,0.01,0.01,0.01,0.01,0.01,0.01,0.01,0.01,0.01,0.01,0.01,0.01,0.01,0.01,0.01,0.01,0.01,0.01,0.01,0.01,0.01,0.01,0.01,0.01,0.01,0.01,0.01,0.01,0.01,0.01,0.01,0.01,0.01,0.01,0.01,0.01,0.01,0.01,0.01,0.01,0.01,0.01,0.01,0.01,0.01,0.01,0.01,0.01,0.01,0.01,0.01,0.01,0.01,0.01,0.01,0.01,0.01,0.01,0.01,0.01,0.01,0.01,0.01,0.01,0.01,0.01,0.01,0.01,0.01,0.01,0.01,0.01,0.01,0.01,0.01,0.01,0.01,0.01,0.01,0.01,0.01,0.01,0.01,0.01,0.01,0.01,0.01,0.01,0.01,0.01,0.01,0.01,0.01,0.01,0.01,0.01,0.01,0.01,0.01,0.01,0.01,0.01,0.01,0.01,0.01,0.01,0.01,0.01,0.01,0.01,0.01,0.01,0.01,0.01,0.01,0.01,0.01,0.01,0.01,0.01,0.01,0.01,0.01,0.01,0.01,0.01,0.01,0.01,0.01,0.01,0.01,0.01,0.01,0.01,0.01,0.01,0.01,0.01,0.01,0.01,0.01,0.01,0.01,0.01,0.01
vanilla,1,13000,12.100085517857224,12.181876208051108,0.683335542678833,0.7340715527534485,0,0.2006,0.7994,0.0074,0.0023,0.0022,0.0032,0.0024,0.0029,0.003,0.0037,0.003,0.006,0.0034,0.0007,0.0006,0.0012,0.0011,0.0015,0.002,0.001,0.0008,0.0034,0.0034,0.0008,0.0014,0.0012,0.0013,0.0012,0.0011,0.0018,0.0013,0.0031,0.0032,0.0011,0.0011,0.0016,0.0011,0.0011,0.0019,0.0015,0.0009,0.0025,0.0034,0.0007,0.0013,0.0011,0.0019,0.0008,0.0013,0.0016,0.0008,0.0034,0.0022,0.0009,0.0012,0.001,0.0011,0.0013,0.0015,0.001,0.0016,0.0038,0.0032,0.0011,0.0014,0.0016,0.0013,0.0013,0.0021,0.0014,0.0016,0.0035,0.0035,0.0008,0.0013,0.0014,0.0011,0.0009,0.0013,0.0011,0.0016,0.0034,0.0028,0.0006,0.0013,0.0009,0.0005,0.001,0.0017,0.0008,0.0005,0.0027,0.0068,0.0027,0.0034,0.0037,0.003,0.0035,0.0028,0.0034,0.0026,0.0047,0.0,0.0,0.01,0.01,0.01,0.01,0.01,0.01,0.01,0.01,0.01,0.01,0.01,0.01,0.01,0.01,0.01,0.01,0.01,0.01,0.01,0.01,0.01,0.01,0.01,0.01,0.01,0.01,0.01,0.01,0.01,0.01,0.01,0.01,0.01,0.01,0.01,0.01,0.01,0.01,0.01,0.01,0.01,0.01,0.01,0.01,0.01,0.01,0.01,0.01,0.01,0.01,0.01,0.01,0.01,0.01,0.01,0.01,0.01,0.01,0.01,0.01,0.01,0.01,0.01,0.01,0.01,0.01,0.01,0.01,0.01,0.01,0.01,0.01,0.01,0.01,0.01,0.01,0.01,0.01,0.01,0.01,0.01,0.01,0.01,0.01,0.01,0.01,0.01,0.01,0.01,0.01,0.01,0.01,0.01,0.01,0.01,0.01,0.01,0.01,0.01,0.01,0.01,0.01,0.01,0.01,0.01,0.01,0.01,0.01,0.01,0.01,0.01,0.01,0.01,0.01,0.01,0.01,0.01,0.01,0.01,0.01,0.01,0.01,0.01,0.01,0.01,0.01,0.01,0.01,0.01,0.01,0.01,0.01,0.01,0.01,0.01,0.01,0.01,0.01,0.01,0.01,0.01,0.01,0.01,0.01,0.01,0.01,0.01,0.01,0.01,0.01,0.01,0.01,0.01,0.01,0.01,0.01,0.01,0.01,0.01,0.01,0.01,0.01,0.01,0.01,0.01,0.01,0.01,0.01,0.01,0.01,0.01,0.01,0.01,0.01,0.01,0.01,0.01,0.01,0.01,0.01,0.01,0.01,0.01,0.01,0.01,0.01,0.01,0.01,0.01,0.01,0.01,0.01,0.01,0.01,0.01,0.01,0.01,0.01,0.01,0.01
vanilla,1,14000,13.023462234763429,13.109962041024119,0.688132643699646,0.675783634185791,0,0.1654,0.8346,0.0009,0.002,0.0023,0.0043,0.0037,0.0038,0.0026,0.0038,0.0037,0.0019,0.0007,0.0009,0.0016,0.0011,0.001,0.0012,0.0011,0.0006,0.0008,0.0009,0.0008,0.0008,0.0011,0.0017,0.0011,0.0013,0.0006,0.0015,0.0015,0.0008,0.001,0.0012,0.0009,0.0017,0.0013,0.0016,0.0016,0.0012,0.0014,0.0008,0.0015,0.0007,0.0013,0.0016,0.0013,0.0011,0.0016,0.0015,0.001,0.0016,0.0019,0.0008,0.0011,0.0009,0.0005,0.0015,0.0013,0.001,0.0013,0.0019,0.0017,0.0015,0.0007,0.0015,0.0012,0.0011,0.0014,0.0017,0.0017,0.0019,0.0023,0.0008,0.0014,0.0014,0.0006,0.001,0.0014,0.0012,0.0017,0.0024,0.002,0.0005,0.0011,0.0008,0.0009,0.0013,0.0015,0.0014,0.0006,0.0021,0.0043,0.0027,0.0035,0.0036,0.0036,0.003,0.0032,0.0029,0.0034,0.0062,0.0,0.0,0.01,0.01,0.01,0.01,0.01,0.01,0.01,0.01,0.01,0.01,0.01,0.01,0.01,0.01,0.01,0.01,0.01,0.01,0.01,0.01,0.01,0.01,0.01,0.01,0.01,0.01,0.01,0.01,0.01,0.01,0.01,0.01,0.01,0.01,0.01,0.01,0.01,0.01,0.01,0.01,0.01,0.01,0.01,0.01,0.01,0.01,0.01,0.01,0.01,0.01,0.01,0.01,0.01,0.01,0.01,0.01,0.01,0.01,0.01,0.01,0.01,0.01,0.01,0.01,0.01,0.01,0.01,0.01,0.01,0.01,0.01,0.01,0.01,0.01,0.01,0.01,0.01,0.01,0.01,0.01,0.01,0.01,0.01,0.01,0.01,0.01,0.01,0.01,0.01,0.01,0.01,0.01,0.01,0.01,0.01,0.01,0.01,0.01,0.01,0.01,0.01,0.01,0.01,0.01,0.01,0.01,0.01,0.01,0.01,0.01,0.01,0.01,0.01,0.01,0.01,0.01,0.01,0.01,0.01,0.01,0.01,0.01,0.01,0.01,0.01,0.01,0.01,0.01,0.01,0.01,0.01,0.01,0.01,0.01,0.01,0.01,0.01,0.01,0.01,0.01,0.01,0.01,0.01,0.01,0.01,0.01,0.01,0.01,0.01,0.01,0.01,0.01,0.01,0.01,0.01,0.01,0.01,0.01,0.01,0.01,0.01,0.01,0.01,0.01,0.01,0.01,0.01,0.01,0.01,0.01,0.01,0.01,0.01,0.01,0.01,0.01,0.01,0.01,0.01,0.01,0.01,0.01,0.01,0.01,0.01,0.01,0.01,0.01,0.01,0.01,0.01,0.01,0.01,0.01,0.01,0.01,0.01,0.01,0.01,0.01
vanilla,1,15000,13.9600887701381,14.051439125090837,0.6801666021347046,0.7217423915863037,0,0.17799999999999994,0.8220000000000001,0.0074,0.0028,0.0021,0.0032,0.003,0.0033,0.0026,0.0038,0.0026,0.0054,0.0025,0.001,0.0012,0.0006,0.0009,0.0011,0.0012,0.0006,0.0009,0.0036,0.0024,0.0012,0.0016,0.0017,0.0014,0.0012,0.0007,0.0017,0.0016,0.0028,0.002,0.0012,0.001,0.0015,0.0011,0.0013,0.0024,0.0016,0.0012,0.0025,0.0025,0.0006,0.0011,0.0009,0.0015,0.0012,0.0014,0.0011,0.0014,0.0024,0.0031,0.001,0.0015,0.0007,0.0006,0.0021,0.0011,0.0014,0.0008,0.0031,0.0036,0.0012,0.0006,0.0012,0.0015,0.0021,0.0014,0.0015,0.0016,0.0036,0.0035,0.001,0.0009,0.0011,0.0015,0.0006,0.001,0.0009,0.0016,0.004,0.0024,0.0007,0.0017,0.0013,0.0011,0.0009,0.0008,0.0004,0.0007,0.0031,0.0015,0.0016,0.0022,0.001,0.001,0.0018,0.0017,0.0016,0.002,0.0047,0.0,0.0,0.01,0.01,0.01,0.01,0.01,0.01,0.01,0.01,0.01,0.01,0.01,0.01,0.01,0.01,0.01,0.01,0.01,0.01,0.01,0.01,0.01,0.01,0.01,0.01,0.01,0.01,0.01,0.01,0.01,0.01,0.01,0.01,0.01,0.01,0.01,0.01,0.01,0.01,0.01,0.01,0.01,0.01,0.01,0.01,0.01,0.01,0.01,0.01,0.01,0.01,0.01,0.01,0.01,0.01,0.01,0.01,0.01,0.01,0.01,0.01,0.01,0.01,0.01,0.01,0.01,0.01,0.01,0.01,0.01,0.01,0.01,0.01,0.01,0.01,0.01,0.01,0.01,0.01,0.01,0.01,0.01,0.01,0.01,0.01,0.01,0.01,0.01,0.01,0.01,0.01,0.01,0.01,0.01,0.01,0.01,0.01,0.01,0.01,0.01,0.01,0.01,0.01,0.01,0.01,0.01,0.01,0.01,0.01,0.01,0.01,0.01,0.01,0.01,0.01,0.01,0.01,0.01,0.01,0.01,0.01,0.01,0.01,0.01,0.01,0.01,0.01,0.01,0.01,0.01,0.01,0.01,0.01,0.01,0.01,0.01,0.01,0.01,0.01,0.01,0.01,0.01,0.01,0.01,0.01,0.01,0.01,0.01,0.01,0.01,0.01,0.01,0.01,0.01,0.01,0.01,0.01,0.01,0.01,0.01,0.01,0.01,0.01,0.01,0.01,0.01,0.01,0.01,0.01,0.01,0.01,0.01,0.01,0.01,0.01,0.01,0.01,0.01,0.01,0.01,0.01,0.01,0.01,0.01,0.01,0.01,0.01,0.01,0.01,0.01,0.01,0.01,0.01,0.01,0.01,0.01,0.01,0.01,0.01,0.01,0.01
vanilla,1,16000,14.866595315630548,14.96295233303681,0.6835464835166931,0.7216945886611938,0,0.20440000000000003,0.7956000000000001,0.0078,0.0022,0.002,0.0034,0.0031,0.0029,0.0022,0.0031,0.0029,0.0059,0.0024,0.001,0.0011,0.0006,0.0009,0.0011,0.0011,0.0003,0.0012,0.0027,0.003,0.0022,0.0008,0.0019,0.0008,0.0011,0.0008,0.0016,0.001,0.0023,0.0032,0.0009,0.0023,0.0012,0.0006,0.0014,0.0015,0.0017,0.0012,0.0031,0.003,0.0007,0.0013,0.0015,0.0023,0.0008,0.0016,0.0017,0.0014,0.0028,0.0025,0.0013,0.0017,0.002,0.0011,0.001,0.001,0.0007,0.0015,0.004,0.0047,0.0009,0.0008,0.0015,0.0011,0.0019,0.0014,0.0016,0.001,0.0032,0.005,0.0015,0.001,0.0009,0.0016,0.0015,0.002,0.0012,0.0015,0.003,0.0029,0.0005,0.0014,0.0011,0.0008,0.0012,0.0016,0.0018,0.0006,0.0026,0.0085,0.002,0.003,0.0026,0.0033,0.0027,0.0024,0.0039,0.0029,0.0069,0.0,0.0,0.01,0.01,0.01,0.01,0.01,0.01,0.01,0.01,0.01,0.01,0.01,0.01,0.01,0.01,0.01,0.01,0.01,0.01,0.01,0.01,0.01,0.01,0.01,0.01,0.01,0.01,0.01,0.01,0.01,0.01,0.01,0.01,0.01,0.01,0.01,0.01,0.01,0.01,0.01,0.01,0.01,0.01,0.01,0.01,0.01,0.01,0.01,0.01,0.01,0.01,0.01,0.01,0.01,0.01,0.01,0.01,0.01,0.01,0.01,0.01,0.01,0.01,0.01,0.01,0.01,0.01,0.01,0.01,0.01,0.01,0.01,0.01,0.01,0.01,0.01,0.01,0.01,0.01,0.01,0.01,0.01,0.01,0.01,0.01,0.01,0.01,0.01,0.01,0.01,0.01,0.01,0.01,0.01,0.01,0.01,0.01,0.01,0.01,0.01,0.01,0.01,0.01,0.01,0.01,0.01,0.01,0.01,0.01,0.01,0.01,0.01,0.01,0.01,0.01,0.01,0.01,0.01,0.01,0.01,0.01,0.01,0.01,0.01,0.01,0.01,0.01,0.01,0.01,0.01,0.01,0.01,0.01,0.01,0.01,0.01,0.01,0.01,0.01,0.01,0.01,0.01,0.01,0.01,0.01,0.01,0.01,0.01,0.01,0.01,0.01,0.01,0.01,0.01,0.01,0.01,0.01,0.01,0.01,0.01,0.01,0.01,0.01,0.01,0.01,0.01,0.01,0.01,0.01,0.01,0.01,0.01,0.01,0.01,0.01,0.01,0.01,0.01,0.01,0.01,0.01,0.01,0.01,0.01,0.01,0.01,0.01,0.01,0.01,0.01,0.01,0.01,0.01,0.01,0.01,0.01,0.01,0.01,0.01,0.01,0.01
vanilla,1,17000,15.787705035996623,15.888615583069623,0.6782532930374146,0.7048550844192505,0,0.20879999999999999,0.7911999999999999,0.0078,0.0025,0.0023,0.0046,0.0031,0.0034,0.003,0.0035,0.0034,0.0061,0.0022,0.0012,0.0013,0.0004,0.0009,0.0016,0.0013,0.0004,0.0011,0.0036,0.0033,0.0015,0.0011,0.0023,0.0012,0.0018,0.0008,0.002,0.0014,0.0028,0.0026,0.0013,0.0015,0.0013,0.0013,0.0019,0.0015,0.0012,0.0008,0.0029,0.002,0.0012,0.0018,0.0017,0.0015,0.0011,0.0008,0.0019,0.0015,0.0026,0.0026,0.0008,0.0017,0.0012,0.0012,0.0017,0.0008,0.0005,0.001,0.0023,0.005,0.001,0.0013,0.001,0.001,0.0013,0.0014,0.0019,0.001,0.0024,0.0048,0.0008,0.0019,0.0012,0.0012,0.0005,0.0013,0.0009,0.0008,0.0033,0.003,0.0008,0.0011,0.0018,0.0008,0.0014,0.0018,0.0014,0.0008,0.0028,0.0074,0.0028,0.0042,0.0038,0.0041,0.0033,0.0034,0.0033,0.0023,0.0064,0.0,0.0,0.01,0.01,0.01,0.01,0.01,0.01,0.01,0.01,0.01,0.01,0.01,0.01,0.01,0.01,0.01,0.01,0.01,0.01,0.01,0.01,0.01,0.01,0.01,0.01,0.01,0.01,0.01,0.01,0.01,0.01,0.01,0.01,0.01,0.01,0.01,0.01,0.01,0.01,0.01,0.01,0.01,0.01,0.01,0.01,0.01,0.01,0.01,0.01,0.01,0.01,0.01,0.01,0.01,0.01,0.01,0.01,0.01,0.01,0.01,0.01,0.01,0.01,0.01,0.01,0.01,0.01,0.01,0.01,0.01,0.01,0.01,0.01,0.01,0.01,0.01,0.01,0.01,0.01,0.01,0.01,0.01,0.01,0.01,0.01,0.01,0.01,0.01,0.01,0.01,0.01,0.01,0.01,0.01,0.01,0.01,0.01,0.01,0.01,0.01,0.01,0.01,0.01,0.01,0.01,0.01,0.01,0.01,0.01,0.01,0.01,0.01,0.01,0.01,0.01,0.01,0.01,0.01,0.01,0.01,0.01,0.01,0.01,0.01,0.01,0.01,0.01,0.01,0.01,0.01,0.01,0.01,0.01,0.01,0.01,0.01,0.01,0.01,0.01,0.01,0.01,0.01,0.01,0.01,0.01,0.01,0.01,0.01,0.01,0.01,0.01,0.01,0.01,0.01,0.01,0.01,0.01,0.01,0.01,0.01,0.01,0.01,0.01,0.01,0.01,0.01,0.01,0.01,0.01,0.01,0.01,0.01,0.01,0.01,0.01,0.01,0.01,0.01,0.01,0.01,0.01,0.01,0.01,0.01,0.01,0.01,0.01,0.01,0.01,0.01,0.01,0.01,0.01,0.01,0.01,0.01,0.01,0.01,0.01,0.01,0.01
vanilla,1,18000,16.702108132769354,16.80772262508981,0.6770374774932861,0.7339441776275635,0,0.18359999999999999,0.8164,0.0046,0.0008,0.0016,0.0024,0.001,0.0006,0.0012,0.0016,0.0015,0.0009,0.0028,0.0012,0.001,0.0005,0.0008,0.0016,0.0007,0.0009,0.0009,0.0034,0.0032,0.0017,0.0008,0.0017,0.0014,0.001,0.0013,0.0013,0.0013,0.0026,0.0026,0.0012,0.0012,0.0011,0.0012,0.0018,0.0011,0.0013,0.0013,0.0033,0.0021,0.0011,0.0011,0.0007,0.0015,0.0006,0.0016,0.0015,0.0014,0.0031,0.0029,0.0011,0.0013,0.0015,0.0011,0.0012,0.0011,0.0006,0.0007,0.0033,0.0035,0.001,0.0012,0.0009,0.0011,0.0011,0.0014,0.0012,0.0011,0.0037,0.0043,0.0009,0.0014,0.0014,0.0015,0.0011,0.0017,0.0012,0.0011,0.003,0.0031,0.0009,0.0014,0.0012,0.0007,0.0016,0.0022,0.001,0.0006,0.0036,0.0072,0.0027,0.0036,0.0033,0.0035,0.0034,0.0035,0.0036,0.0029,0.0079,0.0,0.0,0.01,0.01,0.01,0.01,0.01,0.01,0.01,0.01,0.01,0.01,0.01,0.01,0.01,0.01,0.01,0.01,0.01,0.01,0.01,0.01,0.01,0.01,0.01,0.01,0.01,0.01,0.01,0.01,0.01,0.01,0.01,0.01,0.01,0.01,0.01,0.01,0.01,0.01,0.01,0.01,0.01,0.01,0.01,0.01,0.01,0.01,0.01,0.01,0.01,0.01,0.01,0.01,0.01,0.01,0.01,0.01,0.01,0.01,0.01,0.01,0.01,0.01,0.01,0.01,0.01,0.01,0.01,0.01,0.01,0.01,0.01,0.01,0.01,0.01,0.01,0.01,0.01,0.01,0.01,0.01,0.01,0.01,0.01,0.01,0.01,0.01,0.01,0.01,0.01,0.01,0.01,0.01,0.01,0.01,0.01,0.01,0.01,0.01,0.01,0.01,0.01,0.01,0.01,0.01,0.01,0.01,0.01,0.01,0.01,0.01,0.01,0.01,0.01,0.01,0.01,0.01,0.01,0.01,0.01,0.01,0.01,0.01,0.01,0.01,0.01,0.01,0.01,0.01,0.01,0.01,0.01,0.01,0.01,0.01,0.01,0.01,0.01,0.01,0.01,0.01,0.01,0.01,0.01,0.01,0.01,0.01,0.01,0.01,0.01,0.01,0.01,0.01,0.01,0.01,0.01,0.01,0.01,0.01,0.01,0.01,0.01,0.01,0.01,0.01,0.01,0.01,0.01,0.01,0.01,0.01,0.01,0.01,0.01,0.01,0.01,0.01,0.01,0.01,0.01,0.01,0.01,0.01,0.01,0.01,0.01,0.01,0.01,0.01,0.01,0.01,0.01,0.01,0.01,0.01,0.01,0.01,0.01,0.01,0.01,0.01
vanilla,1,19000,17.618705490487628,17.729280083091,0.673789918422699,0.7388306260108948,0,0.16110000000000002,0.8389,0.0059,0.0034,0.003,0.0032,0.0023,0.0026,0.0025,0.0039,0.0037,0.0,0.0012,0.001,0.0012,0.0003,0.0013,0.0015,0.0014,0.0013,0.0009,0.0,0.0022,0.002,0.0007,0.0015,0.0012,0.0015,0.0011,0.0013,0.0018,0.0,0.0022,0.0011,0.0016,0.0015,0.0008,0.0013,0.0013,0.001,0.0012,0.0,0.0023,0.0012,0.0011,0.0012,0.0015,0.0006,0.0008,0.0008,0.0016,0.0,0.0031,0.0011,0.0015,0.0013,0.0012,0.0012,0.0009,0.0003,0.0014,0.0,0.003,0.0007,0.0005,0.0009,0.001,0.0012,0.0012,0.001,0.0014,0.0,0.0037,0.0009,0.0015,0.0012,0.0013,0.0009,0.0019,0.0011,0.0009,0.0001,0.0033,0.001,0.0012,0.0008,0.0007,0.0008,0.0015,0.0013,0.0014,0.0001,0.0077,0.0029,0.0043,0.0033,0.0037,0.0028,0.0027,0.0038,0.0031,0.0013,0.0,0.0,0.01,0.01,0.01,0.01,0.01,0.01,0.01,0.01,0.01,0.01,0.01,0.01,0.01,0.01,0.01,0.01,0.01,0.01,0.01,0.01,0.01,0.01,0.01,0.01,0.01,0.01,0.01,0.01,0.01,0.01,0.01,0.01,0.01,0.01,0.01,0.01,0.01,0.01,0.01,0.01,0.01,0.01,0.01,0.01,0.01,0.01,0.01,0.01,0.01,0.01,0.01,0.01,0.01,0.01,0.01,0.01,0.01,0.01,0.01,0.01,0.01,0.01,0.01,0.01,0.01,0.01,0.01,0.01,0.01,0.01,0.01,0.01,0.01,0.01,0.01,0.01,0.01,0.01,0.01,0.01,0.01,0.01,0.01,0.01,0.01,0.01,0.01,0.01,0.01,0.01,0.01,0.01,0.01,0.01,0.01,0.01,0.01,0.01,0.01,0.01,0.01,0.01,0.01,0.01,0.01,0.01,0.01,0.01,0.01,0.01,0.01,0.01,0.01,0.01,0.01,0.01,0.01,0.01,0.01,0.01,0.01,0.01,0.01,0.01,0.01,0.01,0.01,0.01,0.01,0.01,0.01,0.01,0.01,0.01,0.01,0.01,0.01,0.01,0.01,0.01,0.01,0.01,0.01,0.01,0.01,0.01,0.01,0.01,0.01,0.01,0.01,0.01,0.01,0.01,0.01,0.01,0.01,0.01,0.01,0.01,0.01,0.01,0.01,0.01,0.01,0.01,0.01,0.01,0.01,0.01,0.01,0.01,0.01,0.01,0.01,0.01,0.01,0.01,0.01,0.01,0.01,0.01,0.01,0.01,0.01,0.01,0.01,0.01,0.01,0.01,0.01,0.01,0.01,0.01,0.01,0.01,0.01,0.01,0.01,0.01
vanilla,1,20000,18.534347128355876,18.649840208003297,0.6764928698539734,0.7224745154380798,0,0.19619999999999993,0.8038000000000001,0.0081,0.0025,0.0019,0.0038,0.0029,0.0031,0.0036,0.0039,0.0031,0.006,0.0031,0.0008,0.0007,0.001,0.0008,0.0012,0.0008,0.0011,0.0009,0.0033,0.0026,0.0017,0.0009,0.0021,0.0013,0.0014,0.0012,0.0016,0.0013,0.0031,0.0035,0.0007,0.0017,0.0014,0.0013,0.0017,0.0013,0.0006,0.0017,0.0035,0.0026,0.0013,0.0016,0.0007,0.0014,0.0005,0.0018,0.0016,0.0012,0.0028,0.0026,0.0011,0.0017,0.001,0.0015,0.001,0.0008,0.0007,0.0012,0.0035,0.0024,0.0013,0.0008,0.0017,0.001,0.0011,0.0013,0.0013,0.001,0.003,0.003,0.0012,0.0013,0.0014,0.0016,0.0011,0.0014,0.001,0.0008,0.0036,0.0023,0.0008,0.0013,0.001,0.001,0.0009,0.0014,0.0016,0.0011,0.0022,0.0051,0.0025,0.0031,0.0027,0.0025,0.0031,0.0026,0.0031,0.0027,0.0061,0.0,0.0,0.01,0.01,0.01,0.01,0.01,0.01,0.01,0.01,0.01,0.01,0.01,0.01,0.01,0.01,0.01,0.01,0.01,0.01,0.01,0.01,0.01,0.01,0.01,0.01,0.01,0.01,0.01,0.01,0.01,0.01,0.01,0.01,0.01,0.01,0.01,0.01,0.01,0.01,0.01,0.01,0.01,0.01,0.01,0.01,0.01,0.01,0.01,0.01,0.01,0.01,0.01,0.01,0.01,0.01,0.01,0.01,0.01,0.01,0.01,0.01,0.01,0.01,0.01,0.01,0.01,0.01,0.01,0.01,0.01,0.01,0.01,0.01,0.01,0.01,0.01,0.01,0.01,0.01,0.01,0.01,0.01,0.01,0.01,0.01,0.01,0.01,0.01,0.01,0.01,0.01,0.01,0.01,0.01,0.01,0.01,0.01,0.01,0.01,0.01,0.01,0.01,0.01,0.01,0.01,0.01,0.01,0.01,0.01,0.01,0.01,0.01,0.01,0.01,0.01,0.01,0.01,0.01,0.01,0.01,0.01,0.01,0.01,0.01,0.01,0.01,0.01,0.01,0.01,0.01,0.01,0.01,0.01,0.01,0.01,0.01,0.01,0.01,0.01,0.01,0.01,0.01,0.01,0.01,0.01,0.01,0.01,0.01,0.01,0.01,0.01,0.01,0.01,0.01,0.01,0.01,0.01,0.01,0.01,0.01,0.01,0.01,0.01,0.01,0.01,0.01,0.01,0.01,0.01,0.01,0.01,0.01,0.01,0.01,0.01,0.01,0.01,0.01,0.01,0.01,0.01,0.01,0.01,0.01,0.01,0.01,0.01,0.01,0.01,0.01,0.01,0.01,0.01,0.01,0.01,0.01,0.01,0.01,0.01,0.01,0.01
vanilla,1,21000,19.464675567578524,19.584867291036062,0.6638155579566956,0.7333825826644897,0,0.1997,0.8003,0.0078,0.0018,0.0023,0.003,0.0025,0.0029,0.0024,0.0039,0.002,0.0052,0.0029,0.0011,0.0008,0.0006,0.0009,0.0016,0.0015,0.0012,0.0007,0.0028,0.0033,0.0019,0.0006,0.0009,0.001,0.0012,0.0013,0.0015,0.0015,0.0025,0.0034,0.0014,0.0015,0.0012,0.0006,0.0017,0.002,0.0007,0.0009,0.0024,0.0031,0.0007,0.001,0.0017,0.001,0.0011,0.0019,0.0008,0.0008,0.0028,0.0031,0.0013,0.0013,0.0011,0.0004,0.0015,0.0012,0.0005,0.0008,0.0039,0.004,0.0009,0.001,0.0014,0.0011,0.0011,0.0014,0.0016,0.0013,0.003,0.0054,0.0011,0.0012,0.0014,0.0008,0.0013,0.002,0.0009,0.0018,0.0028,0.0029,0.0013,0.0013,0.0006,0.0004,0.0011,0.0015,0.0013,0.0006,0.0023,0.0079,0.0037,0.0035,0.0032,0.0033,0.0037,0.0031,0.0038,0.0024,0.0069,0.0,0.0,0.01,0.01,0.01,0.01,0.01,0.01,0.01,0.01,0.01,0.01,0.01,0.01,0.01,0.01,0.01,0.01,0.01,0.01,0.01,0.01,0.01,0.01,0.01,0.01,0.01,0.01,0.01,0.01,0.01,0.01,0.01,0.01,0.01,0.01,0.01,0.01,0.01,0.01,0.01,0.01,0.01,0.01,0.01,0.01,0.01,0.01,0.01,0.01,0.01,0.01,0.01,0.01,0.01,0.01,0.01,0.01,0.01,0.01,0.01,0.01,0.01,0.01,0.01,0.01,0.01,0.01,0.01,0.01,0.01,0.01,0.01,0.01,0.01,0.01,0.01,0.01,0.01,0.01,0.01,0.01,0.01,0.01,0.01,0.01,0.01,0.01,0.01,0.01,0.01,0.01,0.01,0.01,0.01,0.01,0.01,0.01,0.01,0.01,0.01,0.01,0.01,0.01,0.01,0.01,0.01,0.01,0.01,0.01,0.01,0.01,0.01,0.01,0.01,0.01,0.01,0.01,0.01,0.01,0.01,0.01,0.01,0.01,0.01,0.01,0.01,0.01,0.01,0.01,0.01,0.01,0.01,0.01,0.01,0.01,0.01,0.01,0.01,0.01,0.01,0.01,0.01,0.01,0.01,0.01,0.01,0.01,0.01,0.01,0.01,0.01,0.01,0.01,0.01,0.01,0.01,0.01,0.01,0.01,0.01,0.01,0.01,0.01,0.01,0.01,0.01,0.01,0.01,0.01,0.01,0.01,0.01,0.01,0.01,0.01,0.01,0.01,0.01,0.01,0.01,0.01,0.01,0.01,0.01,0.01,0.01,0.01,0.01,0.01,0.01,0.01,0.01,0.01,0.01,0.01,0.01,0.01,0.01,0.01,0.01,0.01
vanilla,1,22000,20.383309479337186,20.50818716606591,0.6684008836746216,0.7290061116218567,0,0.20840000000000003,0.7916,0.0093,0.0027,0.0028,0.0035,0.0033,0.0028,0.0026,0.004,0.0033,0.0028,0.0042,0.0012,0.0011,0.0011,0.0012,0.0016,0.0012,0.001,0.0004,0.0035,0.0035,0.0016,0.0006,0.0018,0.0013,0.0015,0.0012,0.0016,0.001,0.0024,0.0035,0.0008,0.0017,0.0014,0.0008,0.0016,0.0014,0.0013,0.001,0.003,0.003,0.0008,0.0009,0.001,0.0016,0.001,0.0015,0.0013,0.0013,0.0023,0.0033,0.0016,0.0014,0.0016,0.0006,0.0011,0.0011,0.0008,0.0018,0.0037,0.0034,0.0014,0.0013,0.0011,0.0009,0.0013,0.0012,0.0015,0.0012,0.0027,0.0042,0.0011,0.0014,0.0008,0.0013,0.0007,0.0017,0.0011,0.0012,0.0039,0.0036,0.0019,0.0015,0.001,0.001,0.0007,0.0012,0.0015,0.0009,0.0032,0.0068,0.0026,0.0031,0.0029,0.0031,0.0036,0.0035,0.0041,0.0032,0.0073,0.0,0.0,0.01,0.01,0.01,0.01,0.01,0.01,0.01,0.01,0.01,0.01,0.01,0.01,0.01,0.01,0.01,0.01,0.01,0.01,0.01,0.01,0.01,0.01,0.01,0.01,0.01,0.01,0.01,0.01,0.01,0.01,0.01,0.01,0.01,0.01,0.01,0.01,0.01,0.01,0.01,0.01,0.01,0.01,0.01,0.01,0.01,0.01,0.01,0.01,0.01,0.01,0.01,0.01,0.01,0.01,0.01,0.01,0.01,0.01,0.01,0.01,0.01,0.01,0.01,0.01,0.01,0.01,0.01,0.01,0.01,0.01,0.01,0.01,0.01,0.01,0.01,0.01,0.01,0.01,0.01,0.01,0.01,0.01,0.01,0.01,0.01,0.01,0.01,0.01,0.01,0.01,0.01,0.01,0.01,0.01,0.01,0.01,0.01,0.01,0.01,0.01,0.01,0.01,0.01,0.01,0.01,0.01,0.01,0.01,0.01,0.01,0.01,0.01,0.01,0.01,0.01,0.01,0.01,0.01,0.01,0.01,0.01,0.01,0.01,0.01,0.01,0.01,0.01,0.01,0.01,0.01,0.01,0.01,0.01,0.01,0.01,0.01,0.01,0.01,0.01,0.01,0.01,0.01,0.01,0.01,0.01,0.01,0.01,0.01,0.01,0.01,0.01,0.01,0.01,0.01,0.01,0.01,0.01,0.01,0.01,0.01,0.01,0.01,0.01,0.01,0.01,0.01,0.01,0.01,0.01,0.01,0.01,0.01,0.01,0.01,0.01,0.01,0.01,0.01,0.01,0.01,0.01,0.01,0.01,0.01,0.01,0.01,0.01,0.01,0.01,0.01,0.01,0.01,0.01,0.01,0.01,0.01,0.01,0.01,0.01,0.01
vanilla,1,23000,21.289603499346413,21.41937612509355,0.6713070273399353,0.7453378438949585,0,0.21189999999999998,0.7881,0.0079,0.0026,0.002,0.0033,0.0027,0.0024,0.0026,0.0034,0.0027,0.0065,0.0033,0.0015,0.001,0.0009,0.0007,0.0013,0.0007,0.0014,0.0006,0.004,0.0034,0.0017,0.0008,0.0009,0.0011,0.0008,0.0009,0.0017,0.0012,0.0043,0.0029,0.0011,0.0015,0.0011,0.0004,0.0018,0.0019,0.0011,0.0008,0.0032,0.0031,0.0015,0.0011,0.0014,0.0015,0.0008,0.0014,0.0011,0.0011,0.0029,0.0034,0.0011,0.0011,0.0017,0.0008,0.001,0.0012,0.0008,0.0012,0.0044,0.0041,0.0011,0.001,0.0014,0.001,0.0014,0.0018,0.001,0.0011,0.0029,0.0049,0.0005,0.0012,0.0015,0.0012,0.001,0.0016,0.0012,0.0015,0.0036,0.0033,0.002,0.0018,0.0009,0.0009,0.0006,0.0017,0.0017,0.0008,0.0026,0.0091,0.0031,0.0033,0.0032,0.0037,0.0033,0.0038,0.0037,0.0036,0.0071,0.0,0.0,0.01,0.01,0.01,0.01,0.01,0.01,0.01,0.01,0.01,0.01,0.01,0.01,0.01,0.01,0.01,0.01,0.01,0.01,0.01,0.01,0.01,0.01,0.01,0.01,0.01,0.01,0.01,0.01,0.01,0.01,0.01,0.01,0.01,0.01,0.01,0.01,0.01,0.01,0.01,0.01,0.01,0.01,0.01,0.01,0.01,0.01,0.01,0.01,0.01,0.01,0.01,0.01,0.01,0.01,0.01,0.01,0.01,0.01,0.01,0.01,0.01,0.01,0.01,0.01,0.01,0.01,0.01,0.01,0.01,0.01,0.01,0.01,0.01,0.01,0.01,0.01,0.01,0.01,0.01,0.01,0.01,0.01,0.01,0.01,0.01,0.01,0.01,0.01,0.01,0.01,0.01,0.01,0.01,0.01,0.01,0.01,0.01,0.01,0.01,0.01,0.01,0.01,0.01,0.01,0.01,0.01,0.01,0.01,0.01,0.01,0.01,0.01,0.01,0.01,0.01,0.01,0.01,0.01,0.01,0.01,0.01,0.01,0.01,0.01,0.01,0.01,0.01,0.01,0.01,0.01,0.01,0.01,0.01,0.01,0.01,0.01,0.01,0.01,0.01,0.01,0.01,0.01,0.01,0.01,0.01,0.01,0.01,0.01,0.01,0.01,0.01,0.01,0.01,0.01,0.01,0.01,0.01,0.01,0.01,0.01,0.01,0.01,0.01,0.01,0.01,0.01,0.01,0.01,0.01,0.01,0.01,0.01,0.01,0.01,0.01,0.01,0.01,0.01,0.01,0.01,0.01,0.01,0.01,0.01,0.01,0.01,0.01,0.01,0.01,0.01,0.01,0.01,0.01,0.01,0.01,0.01,0.01,0.01,0.01,0.01
vanilla,1,24000,22.19360876304563,22.32853908301331,0.6534078121185303,0.7382924556732178,0,0.19679999999999997,0.8032000000000001,0.007,0.0016,0.0017,0.004,0.003,0.0017,0.0024,0.0027,0.0028,0.0068,0.0023,0.0017,0.0009,0.0003,0.0008,0.0015,0.0011,0.0013,0.0008,0.0037,0.0023,0.0018,0.0008,0.0007,0.0011,0.0008,0.0013,0.0017,0.0008,0.0033,0.002,0.0013,0.0021,0.001,0.0007,0.0011,0.0016,0.001,0.0015,0.003,0.0025,0.001,0.0011,0.0006,0.0012,0.001,0.0009,0.0012,0.0011,0.0033,0.0018,0.001,0.0014,0.0011,0.0011,0.001,0.0009,0.0006,0.0021,0.0042,0.003,0.0009,0.0009,0.0009,0.0012,0.0008,0.0013,0.0014,0.0013,0.0028,0.0037,0.0009,0.0019,0.0011,0.0016,0.0012,0.0016,0.0012,0.001,0.0033,0.0028,0.0016,0.001,0.0016,0.0013,0.0007,0.0016,0.0009,0.0009,0.0031,0.0079,0.0028,0.003,0.003,0.0054,0.0035,0.0036,0.0033,0.0027,0.007,0.0,0.0,0.01,0.01,0.01,0.01,0.01,0.01,0.01,0.01,0.01,0.01,0.01,0.01,0.01,0.01,0.01,0.01,0.01,0.01,0.01,0.01,0.01,0.01,0.01,0.01,0.01,0.01,0.01,0.01,0.01,0.01,0.01,0.01,0.01,0.01,0.01,0.01,0.01,0.01,0.01,0.01,0.01,0.01,0.01,0.01,0.01,0.01,0.01,0.01,0.01,0.01,0.01,0.01,0.01,0.01,0.01,0.01,0.01,0.01,0.01,0.01,0.01,0.01,0.01,0.01,0.01,0.01,0.01,0.01,0.01,0.01,0.01,0.01,0.01,0.01,0.01,0.01,0.01,0.01,0.01,0.01,0.01,0.01,0.01,0.01,0.01,0.01,0.01,0.01,0.01,0.01,0.01,0.01,0.01,0.01,0.01,0.01,0.01,0.01,0.01,0.01,0.01,0.01,0.01,0.01,0.01,0.01,0.01,0.01,0.01,0.01,0.01,0.01,0.01,0.01,0.01,0.01,0.01,0.01,0.01,0.01,0.01,0.01,0.01,0.01,0.01,0.01,0.01,0.01,0.01,0.01,0.01,0.01,0.01,0.01,0.01,0.01,0.01,0.01,0.01,0.01,0.01,0.01,0.01,0.01,0.01,0.01,0.01,0.01,0.01,0.01,0.01,0.01,0.01,0.01,0.01,0.01,0.01,0.01,0.01,0.01,0.01,0.01,0.01,0.01,0.01,0.01,0.01,0.01,0.01,0.01,0.01,0.01,0.01,0.01,0.01,0.01,0.01,0.01,0.01,0.01,0.01,0.01,0.01,0.01,0.01,0.01,0.01,0.01,0.01,0.01,0.01,0.01,0.01,0.01,0.01,0.01,0.01,0.01,0.01,0.01
vanilla,1,25000,23.097785016754642,23.23808141599875,0.6620585918426514,0.7296033501625061,0,0.2026,0.7974,0.0094,0.0025,0.0033,0.0043,0.0036,0.0025,0.0024,0.0042,0.0034,0.0064,0.0035,0.0013,0.0014,0.0007,0.0011,0.0008,0.0016,0.0017,0.0008,0.0033,0.0039,0.0018,0.0013,0.0009,0.0016,0.0013,0.0008,0.0016,0.0015,0.0031,0.0032,0.0012,0.0015,0.0012,0.0005,0.001,0.0017,0.0012,0.0012,0.0026,0.0027,0.0011,0.0007,0.0013,0.0015,0.001,0.0011,0.0014,0.0012,0.0029,0.0023,0.0006,0.0013,0.0016,0.0013,0.0011,0.0011,0.001,0.001,0.005,0.004,0.0013,0.0015,0.0007,0.001,0.0011,0.0017,0.0016,0.0016,0.0025,0.0034,0.0005,0.0013,0.001,0.001,0.001,0.0016,0.0017,0.0016,0.003,0.0033,0.0012,0.0009,0.0016,0.0008,0.0006,0.0015,0.0009,0.0007,0.0036,0.0071,0.0016,0.0021,0.0028,0.0029,0.0025,0.0027,0.0025,0.0021,0.0056,0.0,0.0,0.01,0.01,0.01,0.01,0.01,0.01,0.01,0.01,0.01,0.01,0.01,0.01,0.01,0.01,0.01,0.01,0.01,0.01,0.01,0.01,0.01,0.01,0.01,0.01,0.01,0.01,0.01,0.01,0.01,0.01,0.01,0.01,0.01,0.01,0.01,0.01,0.01,0.01,0.01,0.01,0.01,0.01,0.01,0.01,0.01,0.01,0.01,0.01,0.01,0.01,0.01,0.01,0.01,0.01,0.01,0.01,0.01,0.01,0.01,0.01,0.01,0.01,0.01,0.01,0.01,0.01,0.01,0.01,0.01,0.01,0.01,0.01,0.01,0.01,0.01,0.01,0.01,0.01,0.01,0.01,0.01,0.01,0.01,0.01,0.01,0.01,0.01,0.01,0.01,0.01,0.01,0.01,0.01,0.01,0.01,0.01,0.01,0.01,0.01,0.01,0.01,0.01,0.01,0.01,0.01,0.01,0.01,0.01,0.01,0.01,0.01,0.01,0.01,0.01,0.01,0.01,0.01,0.01,0.01,0.01,0.01,0.01,0.01,0.01,0.01,0.01,0.01,0.01,0.01,0.01,0.01,0.01,0.01,0.01,0.01,0.01,0.01,0.01,0.01,0.01,0.01,0.01,0.01,0.01,0.01,0.01,0.01,0.01,0.01,0.01,0.01,0.01,0.01,0.01,0.01,0.01,0.01,0.01,0.01,0.01,0.01,0.01,0.01,0.01,0.01,0.01,0.01,0.01,0.01,0.01,0.01,0.01,0.01,0.01,0.01,0.01,0.01,0.01,0.01,0.01,0.01,0.01,0.01,0.01,0.01,0.01,0.01,0.01,0.01,0.01,0.01,0.01,0.01,0.01,0.01,0.01,0.01,0.01,0.01,0.01
vanilla,1,26000,24.029966483009048,24.176062208018266,0.657014012336731,0.7446014285087585,0,0.20550000000000002,0.7945,0.008,0.0022,0.0024,0.004,0.0037,0.0026,0.0031,0.0034,0.0022,0.0047,0.0037,0.0013,0.0011,0.0009,0.0007,0.0012,0.0016,0.0018,0.0009,0.0016,0.0038,0.0015,0.0007,0.001,0.0016,0.0011,0.0011,0.0022,0.0014,0.0025,0.0028,0.0014,0.0018,0.0008,0.0006,0.001,0.001,0.0011,0.0015,0.0028,0.0022,0.0011,0.0013,0.0011,0.0017,0.0012,0.0013,0.0012,0.0008,0.0023,0.0026,0.0009,0.001,0.0017,0.001,0.001,0.0014,0.001,0.0011,0.0037,0.0035,0.0014,0.0018,0.0011,0.001,0.0019,0.0016,0.0013,0.001,0.0026,0.0047,0.0011,0.0015,0.0008,0.0013,0.0009,0.0013,0.0018,0.0015,0.0031,0.0041,0.0013,0.0013,0.0013,0.0007,0.0004,0.0014,0.0012,0.0007,0.0032,0.0092,0.0035,0.0034,0.0035,0.004,0.0029,0.0035,0.0031,0.002,0.0072,0.0,0.0,0.01,0.01,0.01,0.01,0.01,0.01,0.01,0.01,0.01,0.01,0.01,0.01,0.01,0.01,0.01,0.01,0.01,0.01,0.01,0.01,0.01,0.01,0.01,0.01,0.01,0.01,0.01,0.01,0.01,0.01,0.01,0.01,0.01,0.01,0.01,0.01,0.01,0.01,0.01,0.01,0.01,0.01,0.01,0.01,0.01,0.01,0.01,0.01,0.01,0.01,0.01,0.01,0.01,0.01,0.01,0.01,0.01,0.01,0.01,0.01,0.01,0.01,0.01,0.01,0.01,0.01,0.01,0.01,0.01,0.01,0.01,0.01,0.01,0.01,0.01,0.01,0.01,0.01,0.01,0.01,0.01,0.01,0.01,0.01,0.01,0.01,0.01,0.01,0.01,0.01,0.01,0.01,0.01,0.01,0.01,0.01,0.01,0.01,0.01,0.01,0.01,0.01,0.01,0.01,0.01,0.01,0.01,0.01,0.01,0.01,0.01,0.01,0.01,0.01,0.01,0.01,0.01,0.01,0.01,0.01,0.01,0.01,0.01,0.01,0.01,0.01,0.01,0.01,0.01,0.01,0.01,0.01,0.01,0.01,0.01,0.01,0.01,0.01,0.01,0.01,0.01,0.01,0.01,0.01,0.01,0.01,0.01,0.01,0.01,0.01,0.01,0.01,0.01,0.01,0.01,0.01,0.01,0.01,0.01,0.01,0.01,0.01,0.01,0.01,0.01,0.01,0.01,0.01,0.01,0.01,0.01,0.01,0.01,0.01,0.01,0.01,0.01,0.01,0.01,0.01,0.01,0.01,0.01,0.01,0.01,0.01,0.01,0.01,0.01,0.01,0.01,0.01,0.01,0.01,0.01,0.01,0.01,0.01,0.01,0.01
vanilla,1,27000,24.931082930066623,25.082511375076137,0.6501978635787964,0.7421466112136841,0,0.20779999999999998,0.7922,0.0099,0.0028,0.0025,0.0041,0.0035,0.0027,0.0027,0.0039,0.0032,0.0067,0.0035,0.0013,0.0013,0.0009,0.0011,0.0012,0.0016,0.0011,0.0007,0.0037,0.0037,0.0014,0.0009,0.001,0.0018,0.0014,0.0016,0.0019,0.0017,0.0039,0.0032,0.0012,0.001,0.0009,0.0001,0.0009,0.0011,0.0013,0.0015,0.003,0.0025,0.0011,0.0012,0.0009,0.0015,0.0009,0.0012,0.0006,0.0013,0.0032,0.0031,0.0011,0.001,0.0015,0.0016,0.0013,0.0012,0.0009,0.0011,0.0043,0.0029,0.002,0.0013,0.0013,0.0012,0.0015,0.0017,0.0014,0.0016,0.0036,0.0039,0.0008,0.0011,0.0011,0.001,0.0011,0.0012,0.0008,0.0015,0.0036,0.0035,0.0009,0.0006,0.0011,0.0007,0.0009,0.0015,0.0008,0.0008,0.0031,0.0071,0.0016,0.0038,0.0021,0.0027,0.0038,0.0026,0.0027,0.0028,0.0067,0.0,0.0,0.01,0.01,0.01,0.01,0.01,0.01,0.01,0.01,0.01,0.01,0.01,0.01,0.01,0.01,0.01,0.01,0.01,0.01,0.01,0.01,0.01,0.01,0.01,0.01,0.01,0.01,0.01,0.01,0.01,0.01,0.01,0.01,0.01,0.01,0.01,0.01,0.01,0.01,0.01,0.01,0.01,0.01,0.01,0.01,0.01,0.01,0.01,0.01,0.01,0.01,0.01,0.01,0.01,0.01,0.01,0.01,0.01,0.01,0.01,0.01,0.01,0.01,0.01,0.01,0.01,0.01,0.01,0.01,0.01,0.01,0.01,0.01,0.01,0.01,0.01,0.01,0.01,0.01,0.01,0.01,0.01,0.01,0.01,0.01,0.01,0.01,0.01,0.01,0.01,0.01,0.01,0.01,0.01,0.01,0.01,0.01,0.01,0.01,0.01,0.01,0.01,0.01,0.01,0.01,0.01,0.01,0.01,0.01,0.01,0.01,0.01,0.01,0.01,0.01,0.01,0.01,0.01,0.01,0.01,0.01,0.01,0.01,0.01,0.01,0.01,0.01,0.01,0.01,0.01,0.01,0.01,0.01,0.01,0.01,0.01,0.01,0.01,0.01,0.01,0.01,0.01,0.01,0.01,0.01,0.01,0.01,0.01,0.01,0.01,0.01,0.01,0.01,0.01,0.01,0.01,0.01,0.01,0.01,0.01,0.01,0.01,0.01,0.01,0.01,0.01,0.01,0.01,0.01,0.01,0.01,0.01,0.01,0.01,0.01,0.01,0.01,0.01,0.01,0.01,0.01,0.01,0.01,0.01,0.01,0.01,0.01,0.01,0.01,0.01,0.01,0.01,0.01,0.01,0.01,0.01,0.01,0.01,0.01,0.01,0.01
vanilla,1,28000,25.83005651354324,25.986211250070482,0.6401559710502625,0.7760123014450073,0,0.1965,0.8035000000000001,0.0078,0.0019,0.0025,0.0026,0.0018,0.0019,0.0015,0.0024,0.0024,0.006,0.0032,0.001,0.0016,0.001,0.0015,0.0007,0.0017,0.0009,0.0007,0.0026,0.0028,0.0015,0.0011,0.0009,0.0018,0.0013,0.0018,0.0019,0.0015,0.0034,0.0027,0.0011,0.0013,0.001,0.0008,0.0009,0.0011,0.0015,0.0015,0.0028,0.0023,0.0006,0.0005,0.0008,0.0012,0.0009,0.0008,0.0011,0.0014,0.0027,0.0026,0.0006,0.0014,0.0008,0.001,0.0009,0.0014,0.0012,0.0007,0.0044,0.0039,0.002,0.0013,0.0014,0.0011,0.0013,0.0013,0.0014,0.0014,0.0028,0.0042,0.0008,0.0015,0.0014,0.0012,0.0012,0.0014,0.0014,0.0012,0.003,0.0035,0.0016,0.001,0.001,0.0006,0.0004,0.0012,0.0013,0.0013,0.0029,0.0078,0.0032,0.0037,0.0028,0.0036,0.0031,0.0036,0.0033,0.0024,0.0073,0.0,0.0,0.01,0.01,0.01,0.01,0.01,0.01,0.01,0.01,0.01,0.01,0.01,0.01,0.01,0.01,0.01,0.01,0.01,0.01,0.01,0.01,0.01,0.01,0.01,0.01,0.01,0.01,0.01,0.01,0.01,0.01,0.01,0.01,0.01,0.01,0.01,0.01,0.01,0.01,0.01,0.01,0.01,0.01,0.01,0.01,0.01,0.01,0.01,0.01,0.01,0.01,0.01,0.01,0.01,0.01,0.01,0.01,0.01,0.01,0.01,0.01,0.01,0.01,0.01,0.01,0.01,0.01,0.01,0.01,0.01,0.01,0.01,0.01,0.01,0.01,0.01,0.01,0.01,0.01,0.01,0.01,0.01,0.01,0.01,0.01,0.01,0.01,0.01,0.01,0.01,0.01,0.01,0.01,0.01,0.01,0.01,0.01,0.01,0.01,0.01,0.01,0.01,0.01,0.01,0.01,0.01,0.01,0.01,0.01,0.01,0.01,0.01,0.01,0.01,0.01,0.01,0.01,0.01,0.01,0.01,0.01,0.01,0.01,0.01,0.01,0.01,0.01,0.01,0.01,0.01,0.01,0.01,0.01,0.01,0.01,0.01,0.01,0.01,0.01,0.01,0.01,0.01,0.01,0.01,0.01,0.01,0.01,0.01,0.01,0.01,0.01,0.01,0.01,0.01,0.01,0.01,0.01,0.01,0.01,0.01,0.01,0.01,0.01,0.01,0.01,0.01,0.01,0.01,0.01,0.01,0.01,0.01,0.01,0.01,0.01,0.01,0.01,0.01,0.01,0.01,0.01,0.01,0.01,0.01,0.01,0.01,0.01,0.01,0.01,0.01,0.01,0.01,0.01,0.01,0.01,0.01,0.01,0.01,0.01,0.01,0.01
vanilla,1,29000,26.750487299636006,26.913009166019037,0.6460918188095093,0.8169549107551575,0,0.21189999999999998,0.7881,0.0098,0.0029,0.0028,0.004,0.0032,0.002,0.002,0.0043,0.0026,0.0072,0.0035,0.0015,0.0017,0.0008,0.002,0.0012,0.0009,0.0015,0.0009,0.0027,0.0027,0.0018,0.0017,0.001,0.0014,0.0013,0.0014,0.002,0.0012,0.0038,0.0043,0.0007,0.0011,0.0011,0.0006,0.0005,0.0013,0.0012,0.0014,0.0031,0.0026,0.0011,0.0011,0.0012,0.0009,0.0005,0.0013,0.001,0.001,0.0025,0.0025,0.0012,0.0014,0.0008,0.001,0.0012,0.0012,0.0012,0.0015,0.0042,0.004,0.0015,0.0016,0.0016,0.0011,0.0011,0.0019,0.0005,0.0018,0.0026,0.0043,0.0011,0.0017,0.001,0.0012,0.0013,0.002,0.0014,0.0008,0.003,0.0036,0.0015,0.0014,0.0011,0.0006,0.0007,0.0005,0.001,0.0006,0.0028,0.0085,0.0043,0.0036,0.0029,0.0038,0.0028,0.0032,0.0039,0.0024,0.0067,0.0,0.0,0.01,0.01,0.01,0.01,0.01,0.01,0.01,0.01,0.01,0.01,0.01,0.01,0.01,0.01,0.01,0.01,0.01,0.01,0.01,0.01,0.01,0.01,0.01,0.01,0.01,0.01,0.01,0.01,0.01,0.01,0.01,0.01,0.01,0.01,0.01,0.01,0.01,0.01,0.01,0.01,0.01,0.01,0.01,0.01,0.01,0.01,0.01,0.01,0.01,0.01,0.01,0.01,0.01,0.01,0.01,0.01,0.01,0.01,0.01,0.01,0.01,0.01,0.01,0.01,0.01,0.01,0.01,0.01,0.01,0.01,0.01,0.01,0.01,0.01,0.01,0.01,0.01,0.01,0.01,0.01,0.01,0.01,0.01,0.01,0.01,0.01,0.01,0.01,0.01,0.01,0.01,0.01,0.01,0.01,0.01,0.01,0.01,0.01,0.01,0.01,0.01,0.01,0.01,0.01,0.01,0.01,0.01,0.01,0.01,0.01,0.01,0.01,0.01,0.01,0.01,0.01,0.01,0.01,0.01,0.01,0.01,0.01,0.01,0.01,0.01,0.01,0.01,0.01,0.01,0.01,0.01,0.01,0.01,0.01,0.01,0.01,0.01,0.01,0.01,0.01,0.01,0.01,0.01,0.01,0.01,0.01,0.01,0.01,0.01,0.01,0.01,0.01,0.01,0.01,0.01,0.01,0.01,0.01,0.01,0.01,0.01,0.01,0.01,0.01,0.01,0.01,0.01,0.01,0.01,0.01,0.01,0.01,0.01,0.01,0.01,0.01,0.01,0.01,0.01,0.01,0.01,0.01,0.01,0.01,0.01,0.01,0.01,0.01,0.01,0.01,0.01,0.01,0.01,0.01,0.01,0.01,0.01,0.01,0.01,0.01
vanilla,1,30000,27.661640203208663,27.83050529100001,0.6465378403663635,0.7535581588745117,0,0.20609999999999995,0.7939,0.0093,0.0029,0.0031,0.0041,0.0029,0.0028,0.0028,0.0029,0.0028,0.006,0.0032,0.0015,0.002,0.0007,0.0014,0.001,0.0008,0.0015,0.001,0.0028,0.0026,0.0015,0.0016,0.0013,0.0017,0.0015,0.0023,0.0013,0.0013,0.004,0.0025,0.0009,0.0014,0.0013,0.001,0.0006,0.002,0.0007,0.0012,0.0033,0.002,0.0008,0.0008,0.0007,0.0015,0.0005,0.0014,0.0006,0.0011,0.0029,0.0018,0.0007,0.0011,0.0009,0.0019,0.0013,0.0008,0.0017,0.0015,0.0042,0.0031,0.0014,0.0011,0.0014,0.0011,0.0009,0.001,0.0018,0.0022,0.0025,0.0036,0.0008,0.0013,0.001,0.0008,0.0012,0.0016,0.0011,0.0012,0.004,0.0031,0.0014,0.0016,0.0016,0.0008,0.001,0.0008,0.0012,0.001,0.0034,0.0064,0.0039,0.0032,0.0032,0.0039,0.0028,0.003,0.0037,0.0028,0.0065,0.0,0.0,0.01,0.01,0.01,0.01,0.01,0.01,0.01,0.01,0.01,0.01,0.01,0.01,0.01,0.01,0.01,0.01,0.01,0.01,0.01,0.01,0.01,0.01,0.01,0.01,0.01,0.01,0.01,0.01,0.01,0.01,0.01,0.01,0.01,0.01,0.01,0.01,0.01,0.01,0.01,0.01,0.01,0.01,0.01,0.01,0.01,0.01,0.01,0.01,0.01,0.01,0.01,0.01,0.01,0.01,0.01,0.01,0.01,0.01,0.01,0.01,0.01,0.01,0.01,0.01,0.01,0.01,0.01,0.01,0.01,0.01,0.01,0.01,0.01,0.01,0.01,0.01,0.01,0.01,0.01,0.01,0.01,0.01,0.01,0.01,0.01,0.01,0.01,0.01,0.01,0.01,0.01,0.01,0.01,0.01,0.01,0.01,0.01,0.01,0.01,0.01,0.01,0.01,0.01,0.01,0.01,0.01,0.01,0.01,0.01,0.01,0.01,0.01,0.01,0.01,0.01,0.01,0.01,0.01,0.01,0.01,0.01,0.01,0.01,0.01,0.01,0.01,0.01,0.01,0.01,0.01,0.01,0.01,0.01,0.01,0.01,0.01,0.01,0.01,0.01,0.01,0.01,0.01,0.01,0.01,0.01,0.01,0.01,0.01,0.01,0.01,0.01,0.01,0.01,0.01,0.01,0.01,0.01,0.01,0.01,0.01,0.01,0.01,0.01,0.01,0.01,0.01,0.01,0.01,0.01,0.01,0.01,0.01,0.01,0.01,0.01,0.01,0.01,0.01,0.01,0.01,0.01,0.01,0.01,0.01,0.01,0.01,0.01,0.01,0.01,0.01,0.01,0.01,0.01,0.01,0.01,0.01,0.01,0.01,0.01,0.01
vanilla,1,31000,28.568452207837254,28.743172791088,0.6542536020278931,0.7798745036125183,0,0.2057,0.7943,0.0083,0.0029,0.0027,0.0033,0.003,0.0033,0.0021,0.0036,0.0032,0.0058,0.0028,0.0011,0.0013,0.001,0.0017,0.0014,0.0009,0.0013,0.0008,0.0033,0.0024,0.0023,0.0011,0.0012,0.0021,0.0019,0.0012,0.0013,0.0007,0.0037,0.0027,0.0013,0.0014,0.001,0.0009,0.0009,0.0014,0.0013,0.0013,0.003,0.0026,0.0005,0.0013,0.0009,0.0009,0.0011,0.0013,0.0009,0.0004,0.002,0.0024,0.0018,0.0017,0.0009,0.0014,0.0009,0.0015,0.0011,0.0015,0.0048,0.0047,0.0015,0.0015,0.0016,0.0007,0.0011,0.0011,0.0014,0.0014,0.0031,0.0031,0.001,0.0018,0.0014,0.0011,0.0012,0.0012,0.0013,0.0009,0.0045,0.0029,0.0014,0.0013,0.001,0.0012,0.0015,0.0013,0.0011,0.0009,0.0029,0.0075,0.0034,0.0036,0.0027,0.0034,0.0027,0.0026,0.0034,0.0018,0.0067,0.0,0.0,0.01,0.01,0.01,0.01,0.01,0.01,0.01,0.01,0.01,0.01,0.01,0.01,0.01,0.01,0.01,0.01,0.01,0.01,0.01,0.01,0.01,0.01,0.01,0.01,0.01,0.01,0.01,0.01,0.01,0.01,0.01,0.01,0.01,0.01,0.01,0.01,0.01,0.01,0.01,0.01,0.01,0.01,0.01,0.01,0.01,0.01,0.01,0.01,0.01,0.01,0.01,0.01,0.01,0.01,0.01,0.01,0.01,0.01,0.01,0.01,0.01,0.01,0.01,0.01,0.01,0.01,0.01,0.01,0.01,0.01,0.01,0.01,0.01,0.01,0.01,0.01,0.01,0.01,0.01,0.01,0.01,0.01,0.01,0.01,0.01,0.01,0.01,0.01,0.01,0.01,0.01,0.01,0.01,0.01,0.01,0.01,0.01,0.01,0.01,0.01,0.01,0.01,0.01,0.01,0.01,0.01,0.01,0.01,0.01,0.01,0.01,0.01,0.01,0.01,0.01,0.01,0.01,0.01,0.01,0.01,0.01,0.01,0.01,0.01,0.01,0.01,0.01,0.01,0.01,0.01,0.01,0.01,0.01,0.01,0.01,0.01,0.01,0.01,0.01,0.01,0.01,0.01,0.01,0.01,0.01,0.01,0.01,0.01,0.01,0.01,0.01,0.01,0.01,0.01,0.01,0.01,0.01,0.01,0.01,0.01,0.01,0.01,0.01,0.01,0.01,0.01,0.01,0.01,0.01,0.01,0.01,0.01,0.01,0.01,0.01,0.01,0.01,0.01,0.01,0.01,0.01,0.01,0.01,0.01,0.01,0.01,0.01,0.01,0.01,0.01,0.01,0.01,0.01,0.01,0.01,0.01,0.01,0.01,0.01,0.01
vanilla,1,32000,29.488729895441793,29.669349041068926,0.6459366083145142,0.7441442012786865,0,0.20440000000000003,0.7956000000000001,0.0085,0.0027,0.0025,0.0035,0.0033,0.002,0.0022,0.0028,0.0024,0.005,0.0029,0.0014,0.0014,0.0012,0.0013,0.0009,0.001,0.0016,0.0006,0.0027,0.0031,0.0024,0.0013,0.0016,0.0016,0.0012,0.0018,0.0016,0.0017,0.0052,0.0024,0.0013,0.0013,0.0009,0.0009,0.0004,0.001,0.0008,0.0011,0.0035,0.0025,0.0008,0.0008,0.0012,0.0007,0.0008,0.0014,0.0011,0.0012,0.0028,0.0022,0.0018,0.001,0.0012,0.0014,0.0014,0.0009,0.001,0.0008,0.0045,0.0038,0.0014,0.0013,0.0016,0.001,0.0007,0.0012,0.0013,0.0017,0.0026,0.0033,0.0015,0.0016,0.0008,0.0009,0.0009,0.0016,0.0007,0.001,0.0041,0.0022,0.0017,0.0017,0.001,0.001,0.0011,0.0008,0.0012,0.0007,0.0039,0.0058,0.0036,0.0036,0.0031,0.0037,0.003,0.0036,0.0044,0.0027,0.0081,0.0,0.0,0.01,0.01,0.01,0.01,0.01,0.01,0.01,0.01,0.01,0.01,0.01,0.01,0.01,0.01,0.01,0.01,0.01,0.01,0.01,0.01,0.01,0.01,0.01,0.01,0.01,0.01,0.01,0.01,0.01,0.01,0.01,0.01,0.01,0.01,0.01,0.01,0.01,0.01,0.01,0.01,0.01,0.01,0.01,0.01,0.01,0.01,0.01,0.01,0.01,0.01,0.01,0.01,0.01,0.01,0.01,0.01,0.01,0.01,0.01,0.01,0.01,0.01,0.01,0.01,0.01,0.01,0.01,0.01,0.01,0.01,0.01,0.01,0.01,0.01,0.01,0.01,0.01,0.01,0.01,0.01,0.01,0.01,0.01,0.01,0.01,0.01,0.01,0.01,0.01,0.01,0.01,0.01,0.01,0.01,0.01,0.01,0.01,0.01,0.01,0.01,0.01,0.01,0.01,0.01,0.01,0.01,0.01,0.01,0.01,0.01,0.01,0.01,0.01,0.01,0.01,0.01,0.01,0.01,0.01,0.01,0.01,0.01,0.01,0.01,0.01,0.01,0.01,0.01,0.01,0.01,0.01,0.01,0.01,0.01,0.01,0.01,0.01,0.01,0.01,0.01,0.01,0.01,0.01,0.01,0.01,0.01,0.01,0.01,0.01,0.01,0.01,0.01,0.01,0.01,0.01,0.01,0.01,0.01,0.01,0.01,0.01,0.01,0.01,0.01,0.01,0.01,0.01,0.01,0.01,0.01,0.01,0.01,0.01,0.01,0.01,0.01,0.01,0.01,0.01,0.01,0.01,0.01,0.01,0.01,0.01,0.01,0.01,0.01,0.01,0.01,0.01,0.01,0.01,0.01,0.01,0.01,0.01,0.01,0.01,0.01
vanilla,1,33000,30.404220746364444,30.59041508298833,0.6339414715766907,0.800902247428894,0,0.21489999999999998,0.7851,0.0094,0.0031,0.0032,0.0039,0.0036,0.003,0.0028,0.0038,0.0036,0.009,0.0026,0.0013,0.0019,0.0012,0.0012,0.0012,0.001,0.0017,0.0011,0.0043,0.0024,0.0017,0.0014,0.0008,0.0015,0.0008,0.0012,0.0019,0.0014,0.0037,0.0026,0.0007,0.0012,0.0013,0.0008,0.0012,0.0012,0.0015,0.0013,0.0037,0.0022,0.0011,0.0009,0.0009,0.001,0.0005,0.0011,0.0009,0.0014,0.0026,0.003,0.0011,0.0009,0.0011,0.0019,0.001,0.0008,0.0013,0.0015,0.0038,0.0029,0.0014,0.0013,0.0013,0.0015,0.0012,0.0013,0.0019,0.0014,0.0033,0.0036,0.0018,0.0011,0.0013,0.0015,0.0012,0.0013,0.0005,0.0014,0.0036,0.0028,0.0016,0.0019,0.0012,0.0013,0.001,0.0014,0.0006,0.0012,0.0034,0.0078,0.0035,0.0036,0.003,0.0037,0.0027,0.0027,0.0035,0.0022,0.0068,0.0,0.0,0.01,0.01,0.01,0.01,0.01,0.01,0.01,0.01,0.01,0.01,0.01,0.01,0.01,0.01,0.01,0.01,0.01,0.01,0.01,0.01,0.01,0.01,0.01,0.01,0.01,0.01,0.01,0.01,0.01,0.01,0.01,0.01,0.01,0.01,0.01,0.01,0.01,0.01,0.01,0.01,0.01,0.01,0.01,0.01,0.01,0.01,0.01,0.01,0.01,0.01,0.01,0.01,0.01,0.01,0.01,0.01,0.01,0.01,0.01,0.01,0.01,0.01,0.01,0.01,0.01,0.01,0.01,0.01,0.01,0.01,0.01,0.01,0.01,0.01,0.01,0.01,0.01,0.01,0.01,0.01,0.01,0.01,0.01,0.01,0.01,0.01,0.01,0.01,0.01,0.01,0.01,0.01,0.01,0.01,0.01,0.01,0.01,0.01,0.01,0.01,0.01,0.01,0.01,0.01,0.01,0.01,0.01,0.01,0.01,0.01,0.01,0.01,0.01,0.01,0.01,0.01,0.01,0.01,0.01,0.01,0.01,0.01,0.01,0.01,0.01,0.01,0.01,0.01,0.01,0.01,0.01,0.01,0.01,0.01,0.01,0.01,0.01,0.01,0.01,0.01,0.01,0.01,0.01,0.01,0.01,0.01,0.01,0.01,0.01,0.01,0.01,0.01,0.01,0.01,0.01,0.01,0.01,0.01,0.01,0.01,0.01,0.01,0.01,0.01,0.01,0.01,0.01,0.01,0.01,0.01,0.01,0.01,0.01,0.01,0.01,0.01,0.01,0.01,0.01,0.01,0.01,0.01,0.01,0.01,0.01,0.01,0.01,0.01,0.01,0.01,0.01,0.01,0.01,0.01,0.01,0.01,0.01,0.01,0.01,0.01
vanilla,1,34000,31.32303966942709,31.51455329102464,0.6305310726165771,0.7961663007736206,0,0.20419999999999994,0.7958000000000001,0.0086,0.003,0.0029,0.0035,0.0036,0.0025,0.0029,0.0044,0.0028,0.0062,0.0019,0.0015,0.0012,0.0016,0.0018,0.0016,0.001,0.0016,0.0008,0.0044,0.0018,0.0018,0.0011,0.001,0.0015,0.0015,0.0017,0.002,0.001,0.0039,0.0015,0.001,0.0016,0.0014,0.0011,0.0012,0.0017,0.0013,0.0014,0.0033,0.0017,0.0006,0.0008,0.0011,0.0006,0.0007,0.0017,0.0012,0.0015,0.003,0.0018,0.0012,0.001,0.0012,0.001,0.0006,0.001,0.0014,0.0016,0.004,0.003,0.0015,0.0012,0.0009,0.001,0.0009,0.0015,0.0014,0.0013,0.0022,0.0033,0.0012,0.0017,0.0011,0.0012,0.0009,0.0014,0.0009,0.0013,0.003,0.0018,0.0015,0.002,0.0013,0.0011,0.001,0.0011,0.0013,0.0011,0.0036,0.0065,0.0024,0.0033,0.0037,0.0031,0.0034,0.0028,0.0034,0.003,0.0076,0.0,0.0,0.01,0.01,0.01,0.01,0.01,0.01,0.01,0.01,0.01,0.01,0.01,0.01,0.01,0.01,0.01,0.01,0.01,0.01,0.01,0.01,0.01,0.01,0.01,0.01,0.01,0.01,0.01,0.01,0.01,0.01,0.01,0.01,0.01,0.01,0.01,0.01,0.01,0.01,0.01,0.01,0.01,0.01,0.01,0.01,0.01,0.01,0.01,0.01,0.01,0.01,0.01,0.01,0.01,0.01,0.01,0.01,0.01,0.01,0.01,0.01,0.01,0.01,0.01,0.01,0.01,0.01,0.01,0.01,0.01,0.01,0.01,0.01,0.01,0.01,0.01,0.01,0.01,0.01,0.01,0.01,0.01,0.01,0.01,0.01,0.01,0.01,0.01,0.01,0.01,0.01,0.01,0.01,0.01,0.01,0.01,0.01,0.01,0.01,0.01,0.01,0.01,0.01,0.01,0.01,0.01,0.01,0.01,0.01,0.01,0.01,0.01,0.01,0.01,0.01,0.01,0.01,0.01,0.01,0.01,0.01,0.01,0.01,0.01,0.01,0.01,0.01,0.01,0.01,0.01,0.01,0.01,0.01,0.01,0.01,0.01,0.01,0.01,0.01,0.01,0.01,0.01,0.01,0.01,0.01,0.01,0.01,0.01,0.01,0.01,0.01,0.01,0.01,0.01,0.01,0.01,0.01,0.01,0.01,0.01,0.01,0.01,0.01,0.01,0.01,0.01,0.01,0.01,0.01,0.01,0.01,0.01,0.01,0.01,0.01,0.01,0.01,0.01,0.01,0.01,0.01,0.01,0.01,0.01,0.01,0.01,0.01,0.01,0.01,0.01,0.01,0.01,0.01,0.01,0.01,0.01,0.01,0.01,0.01,0.01,0.01
vanilla,1,35000,32.24137075804174,32.4388156660134,0.6190905570983887,0.7802796363830566,0,0.21840000000000004,0.7816,0.0082,0.0035,0.0023,0.0033,0.0045,0.002,0.0027,0.0043,0.0034,0.0066,0.0038,0.0017,0.0007,0.0012,0.0013,0.0012,0.0014,0.0014,0.0008,0.0041,0.0028,0.0022,0.0014,0.0009,0.0012,0.0018,0.0018,0.0028,0.0016,0.0033,0.0034,0.0013,0.0016,0.0011,0.0012,0.0015,0.0013,0.0013,0.0005,0.0032,0.0026,0.0008,0.0009,0.0008,0.0008,0.0005,0.0011,0.0008,0.0014,0.0029,0.0032,0.0009,0.0012,0.0012,0.0016,0.0012,0.001,0.0014,0.0016,0.0044,0.0043,0.0015,0.0011,0.0012,0.0013,0.001,0.0018,0.0016,0.0011,0.0025,0.0051,0.0015,0.0016,0.0009,0.0013,0.0012,0.0015,0.0006,0.0016,0.0036,0.0039,0.0011,0.0022,0.0011,0.001,0.001,0.0009,0.0017,0.0007,0.004,0.0084,0.0026,0.003,0.0034,0.0033,0.0033,0.0027,0.0036,0.0024,0.0069,0.0,0.0,0.01,0.01,0.01,0.01,0.01,0.01,0.01,0.01,0.01,0.01,0.01,0.01,0.01,0.01,0.01,0.01,0.01,0.01,0.01,0.01,0.01,0.01,0.01,0.01,0.01,0.01,0.01,0.01,0.01,0.01,0.01,0.01,0.01,0.01,0.01,0.01,0.01,0.01,0.01,0.01,0.01,0.01,0.01,0.01,0.01,0.01,0.01,0.01,0.01,0.01,0.01,0.01,0.01,0.01,0.01,0.01,0.01,0.01,0.01,0.01,0.01,0.01,0.01,0.01,0.01,0.01,0.01,0.01,0.01,0.01,0.01,0.01,0.01,0.01,0.01,0.01,0.01,0.01,0.01,0.01,0.01,0.01,0.01,0.01,0.01,0.01,0.01,0.01,0.01,0.01,0.01,0.01,0.01,0.01,0.01,0.01,0.01,0.01,0.01,0.01,0.01,0.01,0.01,0.01,0.01,0.01,0.01,0.01,0.01,0.01,0.01,0.01,0.01,0.01,0.01,0.01,0.01,0.01,0.01,0.01,0.01,0.01,0.01,0.01,0.01,0.01,0.01,0.01,0.01,0.01,0.01,0.01,0.01,0.01,0.01,0.01,0.01,0.01,0.01,0.01,0.01,0.01,0.01,0.01,0.01,0.01,0.01,0.01,0.01,0.01,0.01,0.01,0.01,0.01,0.01,0.01,0.01,0.01,0.01,0.01,0.01,0.01,0.01,0.01,0.01,0.01,0.01,0.01,0.01,0.01,0.01,0.01,0.01,0.01,0.01,0.01,0.01,0.01,0.01,0.01,0.01,0.01,0.01,0.01,0.01,0.01,0.01,0.01,0.01,0.01,0.01,0.01,0.01,0.01,0.01,0.01,0.01,0.01,0.01,0.01
vanilla,1,36000,33.16306498425547,33.36662245809566,0.623505175113678,0.8249293565750122,0,0.20140000000000002,0.7986,0.0098,0.0042,0.0033,0.0034,0.0042,0.0029,0.0025,0.0037,0.0036,0.003,0.004,0.0013,0.001,0.0014,0.0013,0.0011,0.0017,0.0014,0.0006,0.0029,0.0024,0.0019,0.0006,0.0014,0.0019,0.001,0.0016,0.0021,0.0009,0.0028,0.002,0.0017,0.0012,0.0011,0.0008,0.0007,0.0009,0.0007,0.0009,0.002,0.0026,0.0011,0.0008,0.0008,0.0004,0.0008,0.0014,0.0016,0.0008,0.0023,0.003,0.0007,0.0013,0.0006,0.0009,0.0007,0.0013,0.0009,0.0012,0.003,0.0035,0.0018,0.001,0.001,0.0008,0.0009,0.0014,0.0013,0.0016,0.002,0.0042,0.0015,0.0014,0.0012,0.0015,0.0013,0.0016,0.0009,0.0011,0.0023,0.0033,0.0009,0.0011,0.0005,0.0012,0.0014,0.0015,0.0012,0.0011,0.0035,0.0093,0.0031,0.0029,0.0039,0.0027,0.0033,0.0026,0.0031,0.0026,0.0078,0.0,0.0,0.01,0.01,0.01,0.01,0.01,0.01,0.01,0.01,0.01,0.01,0.01,0.01,0.01,0.01,0.01,0.01,0.01,0.01,0.01,0.01,0.01,0.01,0.01,0.01,0.01,0.01,0.01,0.01,0.01,0.01,0.01,0.01,0.01,0.01,0.01,0.01,0.01,0.01,0.01,0.01,0.01,0.01,0.01,0.01,0.01,0.01,0.01,0.01,0.01,0.01,0.01,0.01,0.01,0.01,0.01,0.01,0.01,0.01,0.01,0.01,0.01,0.01,0.01,0.01,0.01,0.01,0.01,0.01,0.01,0.01,0.01,0.01,0.01,0.01,0.01,0.01,0.01,0.01,0.01,0.01,0.01,0.01,0.01,0.01,0.01,0.01,0.01,0.01,0.01,0.01,0.01,0.01,0.01,0.01,0.01,0.01,0.01,0.01,0.01,0.01,0.01,0.01,0.01,0.01,0.01,0.01,0.01,0.01,0.01,0.01,0.01,0.01,0.01,0.01,0.01,0.01,0.01,0.01,0.01,0.01,0.01,0.01,0.01,0.01,0.01,0.01,0.01,0.01,0.01,0.01,0.01,0.01,0.01,0.01,0.01,0.01,0.01,0.01,0.01,0.01,0.01,0.01,0.01,0.01,0.01,0.01,0.01,0.01,0.01,0.01,0.01,0.01,0.01,0.01,0.01,0.01,0.01,0.01,0.01,0.01,0.01,0.01,0.01,0.01,0.01,0.01,0.01,0.01,0.01,0.01,0.01,0.01,0.01,0.01,0.01,0.01,0.01,0.01,0.01,0.01,0.01,0.01,0.01,0.01,0.01,0.01,0.01,0.01,0.01,0.01,0.01,0.01,0.01,0.01,0.01,0.01,0.01,0.01,0.01,0.01
vanilla,1,37000,34.093433217843994,34.30368875002023,0.6260842084884644,0.8147218823432922,0,0.19999999999999996,0.8,0.0022,0.0022,0.0029,0.0029,0.0034,0.0027,0.003,0.0031,0.0034,0.0087,0.0026,0.0011,0.001,0.0013,0.0014,0.0012,0.0013,0.0019,0.0013,0.0025,0.0033,0.0011,0.0016,0.0012,0.0013,0.0011,0.0017,0.0018,0.0011,0.0035,0.0025,0.0009,0.0009,0.0009,0.0013,0.0007,0.0014,0.001,0.001,0.0029,0.0026,0.0007,0.0011,0.0012,0.0006,0.0007,0.0009,0.0011,0.0007,0.0032,0.0027,0.001,0.0015,0.0007,0.0009,0.0008,0.0005,0.0009,0.0015,0.0034,0.0027,0.0017,0.001,0.0007,0.0007,0.0005,0.0007,0.0013,0.001,0.0034,0.0057,0.0015,0.0025,0.0009,0.0013,0.0011,0.0013,0.001,0.0012,0.0034,0.0041,0.0009,0.002,0.0007,0.0012,0.0009,0.0011,0.0014,0.001,0.0035,0.0091,0.0035,0.0037,0.003,0.0035,0.0038,0.0022,0.0029,0.0025,0.0074,0.0,0.0,0.01,0.01,0.01,0.01,0.01,0.01,0.01,0.01,0.01,0.01,0.01,0.01,0.01,0.01,0.01,0.01,0.01,0.01,0.01,0.01,0.01,0.01,0.01,0.01,0.01,0.01,0.01,0.01,0.01,0.01,0.01,0.01,0.01,0.01,0.01,0.01,0.01,0.01,0.01,0.01,0.01,0.01,0.01,0.01,0.01,0.01,0.01,0.01,0.01,0.01,0.01,0.01,0.01,0.01,0.01,0.01,0.01,0.01,0.01,0.01,0.01,0.01,0.01,0.01,0.01,0.01,0.01,0.01,0.01,0.01,0.01,0.01,0.01,0.01,0.01,0.01,0.01,0.01,0.01,0.01,0.01,0.01,0.01,0.01,0.01,0.01,0.01,0.01,0.01,0.01,0.01,0.01,0.01,0.01,0.01,0.01,0.01,0.01,0.01,0.01,0.01,0.01,0.01,0.01,0.01,0.01,0.01,0.01,0.01,0.01,0.01,0.01,0.01,0.01,0.01,0.01,0.01,0.01,0.01,0.01,0.01,0.01,0.01,0.01,0.01,0.01,0.01,0.01,0.01,0.01,0.01,0.01,0.01,0.01,0.01,0.01,0.01,0.01,0.01,0.01,0.01,0.01,0.01,0.01,0.01,0.01,0.01,0.01,0.01,0.01,0.01,0.01,0.01,0.01,0.01,0.01,0.01,0.01,0.01,0.01,0.01,0.01,0.01,0.01,0.01,0.01,0.01,0.01,0.01,0.01,0.01,0.01,0.01,0.01,0.01,0.01,0.01,0.01,0.01,0.01,0.01,0.01,0.01,0.01,0.01,0.01,0.01,0.01,0.01,0.01,0.01,0.01,0.01,0.01,0.01,0.01,0.01,0.01,0.01,0.01
vanilla,1,38000,35.03114828746766,35.248019249993376,0.6199678182601929,0.765640377998352,0,0.20030000000000003,0.7997000000000001,0.0057,0.0019,0.0023,0.0026,0.0022,0.0014,0.0016,0.0026,0.0024,0.0044,0.0039,0.0015,0.001,0.0012,0.0006,0.0008,0.0009,0.0018,0.0013,0.0039,0.0034,0.0014,0.0011,0.0008,0.0016,0.0015,0.0018,0.0022,0.0011,0.0044,0.0031,0.0014,0.0012,0.001,0.0012,0.0011,0.0011,0.0006,0.001,0.0036,0.0025,0.001,0.001,0.0014,0.0005,0.0004,0.0009,0.0012,0.0011,0.0035,0.0023,0.001,0.0013,0.0015,0.0011,0.001,0.0012,0.0009,0.0016,0.0034,0.0031,0.0017,0.0005,0.0009,0.0006,0.0008,0.0011,0.0015,0.0011,0.0032,0.0057,0.0019,0.0017,0.0006,0.0017,0.0009,0.0019,0.0009,0.0013,0.0037,0.0036,0.001,0.002,0.0012,0.0014,0.0018,0.001,0.0014,0.0012,0.0034,0.0084,0.003,0.0027,0.0035,0.0033,0.0035,0.0026,0.0039,0.0021,0.0071,0.0,0.0,0.01,0.01,0.01,0.01,0.01,0.01,0.01,0.01,0.01,0.01,0.01,0.01,0.01,0.01,0.01,0.01,0.01,0.01,0.01,0.01,0.01,0.01,0.01,0.01,0.01,0.01,0.01,0.01,0.01,0.01,0.01,0.01,0.01,0.01,0.01,0.01,0.01,0.01,0.01,0.01,0.01,0.01,0.01,0.01,0.01,0.01,0.01,0.01,0.01,0.01,0.01,0.01,0.01,0.01,0.01,0.01,0.01,0.01,0.01,0.01,0.01,0.01,0.01,0.01,0.01,0.01,0.01,0.01,0.01,0.01,0.01,0.01,0.01,0.01,0.01,0.01,0.01,0.01,0.01,0.01,0.01,0.01,0.01,0.01,0.01,0.01,0.01,0.01,0.01,0.01,0.01,0.01,0.01,0.01,0.01,0.01,0.01,0.01,0.01,0.01,0.01,0.01,0.01,0.01,0.01,0.01,0.01,0.01,0.01,0.01,0.01,0.01,0.01,0.01,0.01,0.01,0.01,0.01,0.01,0.01,0.01,0.01,0.01,0.01,0.01,0.01,0.01,0.01,0.01,0.01,0.01,0.01,0.01,0.01,0.01,0.01,0.01,0.01,0.01,0.01,0.01,0.01,0.01,0.01,0.01,0.01,0.01,0.01,0.01,0.01,0.01,0.01,0.01,0.01,0.01,0.01,0.01,0.01,0.01,0.01,0.01,0.01,0.01,0.01,0.01,0.01,0.01,0.01,0.01,0.01,0.01,0.01,0.01,0.01,0.01,0.01,0.01,0.01,0.01,0.01,0.01,0.01,0.01,0.01,0.01,0.01,0.01,0.01,0.01,0.01,0.01,0.01,0.01,0.01,0.01,0.01,0.01,0.01,0.01,0.01
vanilla,1,39000,35.947052353294566,36.16958729107864,0.6203631162643433,0.7735180854797363,1,0.21989999999999998,0.7808,0.0107,0.0042,0.0042,0.0037,0.0045,0.0027,0.0028,0.0034,0.0034,0.0074,0.0035,0.0018,0.0017,0.0019,0.0014,0.0011,0.001,0.0015,0.0007,0.0034,0.0032,0.0016,0.0013,0.0009,0.0015,0.0011,0.0013,0.002,0.0014,0.0039,0.003,0.0012,0.0013,0.0013,0.0008,0.001,0.0016,0.0013,0.001,0.0032,0.0023,0.0012,0.0013,0.0013,0.001,0.0006,0.0009,0.0011,0.0011,0.0033,0.0024,0.001,0.0011,0.0005,0.0015,0.0009,0.0019,0.0009,0.0014,0.0029,0.0035,0.0013,0.0005,0.0011,0.0012,0.001,0.0009,0.0014,0.001,0.0033,0.0049,0.0015,0.0012,0.0008,0.0012,0.001,0.0012,0.0008,0.0009,0.0034,0.0036,0.0014,0.002,0.0013,0.0011,0.0015,0.0011,0.001,0.001,0.0031,0.009,0.0031,0.0033,0.0035,0.0033,0.0035,0.0029,0.0033,0.0029,0.0084,0.0,0.0,0.01,0.01,0.01,0.01,0.01,0.01,0.01,0.01,0.01,0.01,0.01,0.01,0.01,0.01,0.01,0.01,0.01,0.01,0.01,0.01,0.01,0.01,0.01,0.01,0.01,0.01,0.01,0.01,0.01,0.01,0.01,0.01,0.01,0.01,0.01,0.01,0.01,0.01,0.01,0.01,0.01,0.01,0.01,0.01,0.01,0.01,0.01,0.01,0.01,0.01,0.01,0.01,0.01,0.01,0.01,0.01,0.01,0.01,0.01,0.01,0.01,0.01,0.01,0.01,0.01,0.01,0.01,0.01,0.01,0.01,0.01,0.01,0.01,0.01,0.01,0.01,0.01,0.01,0.01,0.01,0.01,0.01,0.01,0.01,0.01,0.01,0.01,0.01,0.01,0.01,0.01,0.01,0.01,0.01,0.01,0.01,0.01,0.01,0.01,0.01,0.01,0.01,0.01,0.01,0.01,0.01,0.01,0.01,0.01,0.01,0.01,0.01,0.01,0.01,0.01,0.01,0.01,0.01,0.01,0.01,0.01,0.01,0.01,0.01,0.01,0.01,0.01,0.01,0.01,0.01,0.01,0.01,0.01,0.01,0.01,0.01,0.01,0.01,0.01,0.01,0.01,0.01,0.01,0.01,0.01,0.01,0.01,0.01,0.01,0.01,0.01,0.01,0.01,0.01,0.01,0.01,0.01,0.01,0.01,0.01,0.01,0.01,0.01,0.01,0.01,0.01,0.01,0.01,0.01,0.01,0.01,0.01,0.01,0.01,0.01,0.01,0.01,0.01,0.01,0.01,0.01,0.01,0.01,0.01,0.01,0.01,0.01,0.01,0.01,0.01,0.01,0.01,0.01,0.01,0.01,0.01,0.01,0.01,0.01,0.01
vanilla,1,40000,36.8770056606736,37.10589241608977,0.6341679096221924,0.7509267926216125,0,0.2077,0.7923,0.0092,0.0039,0.0036,0.0033,0.0035,0.0032,0.003,0.0034,0.0028,0.0067,0.0037,0.0014,0.0008,0.0018,0.0012,0.0013,0.0014,0.0011,0.0006,0.0036,0.0029,0.0025,0.0009,0.0017,0.0015,0.0013,0.0014,0.0015,0.0006,0.0038,0.0027,0.0012,0.001,0.001,0.0006,0.0007,0.0014,0.001,0.001,0.0029,0.0018,0.0008,0.001,0.0014,0.001,0.0004,0.001,0.0014,0.0011,0.0032,0.002,0.0009,0.0009,0.0009,0.0015,0.0007,0.0015,0.0016,0.0014,0.0027,0.004,0.0015,0.0007,0.0011,0.001,0.0008,0.0016,0.001,0.0011,0.0024,0.0048,0.0017,0.0014,0.0015,0.0014,0.0012,0.0015,0.0015,0.0014,0.0037,0.0036,0.0016,0.0012,0.0014,0.001,0.0021,0.0016,0.001,0.0009,0.0038,0.0046,0.0018,0.0024,0.0027,0.0033,0.0031,0.0027,0.0047,0.0027,0.0079,0.0,0.0,0.01,0.01,0.01,0.01,0.01,0.01,0.01,0.01,0.01,0.01,0.01,0.01,0.01,0.01,0.01,0.01,0.01,0.01,0.01,0.01,0.01,0.01,0.01,0.01,0.01,0.01,0.01,0.01,0.01,0.01,0.01,0.01,0.01,0.01,0.01,0.01,0.01,0.01,0.01,0.01,0.01,0.01,0.01,0.01,0.01,0.01,0.01,0.01,0.01,0.01,0.01,0.01,0.01,0.01,0.01,0.01,0.01,0.01,0.01,0.01,0.01,0.01,0.01,0.01,0.01,0.01,0.01,0.01,0.01,0.01,0.01,0.01,0.01,0.01,0.01,0.01,0.01,0.01,0.01,0.01,0.01,0.01,0.01,0.01,0.01,0.01,0.01,0.01,0.01,0.01,0.01,0.01,0.01,0.01,0.01,0.01,0.01,0.01,0.01,0.01,0.01,0.01,0.01,0.01,0.01,0.01,0.01,0.01,0.01,0.01,0.01,0.01,0.01,0.01,0.01,0.01,0.01,0.01,0.01,0.01,0.01,0.01,0.01,0.01,0.01,0.01,0.01,0.01,0.01,0.01,0.01,0.01,0.01,0.01,0.01,0.01,0.01,0.01,0.01,0.01,0.01,0.01,0.01,0.01,0.01,0.01,0.01,0.01,0.01,0.01,0.01,0.01,0.01,0.01,0.01,0.01,0.01,0.01,0.01,0.01,0.01,0.01,0.01,0.01,0.01,0.01,0.01,0.01,0.01,0.01,0.01,0.01,0.01,0.01,0.01,0.01,0.01,0.01,0.01,0.01,0.01,0.01,0.01,0.01,0.01,0.01,0.01,0.01,0.01,0.01,0.01,0.01,0.01,0.01,0.01,0.01,0.01,0.01,0.01,0.01
vanilla,1,41000,37.807036149082705,38.04166437499225,0.6139864921569824,0.8249698281288147,0,0.21330000000000005,0.7867,0.0095,0.0029,0.0029,0.0031,0.0032,0.0023,0.0027,0.0028,0.0023,0.0077,0.003,0.0018,0.0014,0.0014,0.0012,0.0008,0.0008,0.0014,0.0012,0.0032,0.0041,0.0014,0.0011,0.0017,0.0012,0.0017,0.0011,0.0019,0.0011,0.0041,0.0026,0.0009,0.0012,0.0013,0.0012,0.0009,0.0013,0.0011,0.0012,0.0034,0.0021,0.0014,0.0016,0.0009,0.0009,0.0004,0.0007,0.0009,0.0009,0.003,0.0033,0.0008,0.0009,0.0008,0.0008,0.0012,0.0013,0.0008,0.0015,0.0029,0.0035,0.0017,0.0008,0.0013,0.0013,0.0011,0.0012,0.0017,0.001,0.0033,0.0049,0.0016,0.0014,0.0015,0.0013,0.0012,0.0022,0.001,0.0013,0.0032,0.0032,0.0014,0.001,0.0014,0.0012,0.0014,0.0015,0.0009,0.0008,0.0035,0.0088,0.0044,0.0032,0.0035,0.0032,0.0029,0.0029,0.0043,0.0025,0.0076,0.0,0.0,0.01,0.01,0.01,0.01,0.01,0.01,0.01,0.01,0.01,0.01,0.01,0.01,0.01,0.01,0.01,0.01,0.01,0.01,0.01,0.01,0.01,0.01,0.01,0.01,0.01,0.01,0.01,0.01,0.01,0.01,0.01,0.01,0.01,0.01,0.01,0.01,0.01,0.01,0.01,0.01,0.01,0.01,0.01,0.01,0.01,0.01,0.01,0.01,0.01,0.01,0.01,0.01,0.01,0.01,0.01,0.01,0.01,0.01,0.01,0.01,0.01,0.01,0.01,0.01,0.01,0.01,0.01,0.01,0.01,0.01,0.01,0.01,0.01,0.01,0.01,0.01,0.01,0.01,0.01,0.01,0.01,0.01,0.01,0.01,0.01,0.01,0.01,0.01,0.01,0.01,0.01,0.01,0.01,0.01,0.01,0.01,0.01,0.01,0.01,0.01,0.01,0.01,0.01,0.01,0.01,0.01,0.01,0.01,0.01,0.01,0.01,0.01,0.01,0.01,0.01,0.01,0.01,0.01,0.01,0.01,0.01,0.01,0.01,0.01,0.01,0.01,0.01,0.01,0.01,0.01,0.01,0.01,0.01,0.01,0.01,0.01,0.01,0.01,0.01,0.01,0.01,0.01,0.01,0.01,0.01,0.01,0.01,0.01,0.01,0.01,0.01,0.01,0.01,0.01,0.01,0.01,0.01,0.01,0.01,0.01,0.01,0.01,0.01,0.01,0.01,0.01,0.01,0.01,0.01,0.01,0.01,0.01,0.01,0.01,0.01,0.01,0.01,0.01,0.01,0.01,0.01,0.01,0.01,0.01,0.01,0.01,0.01,0.01,0.01,0.01,0.01,0.01,0.01,0.01,0.01,0.01,0.01,0.01,0.01,0.01
vanilla,1,42000,38.74230914982036,38.98315400001593,0.6298325061798096,0.8277441263198853,0,0.20140000000000002,0.7986,0.0078,0.0035,0.0031,0.0032,0.003,0.0029,0.0029,0.0029,0.0016,0.0083,0.0015,0.0014,0.0008,0.001,0.0015,0.0011,0.0011,0.0014,0.0011,0.0043,0.0023,0.0013,0.0012,0.0019,0.0015,0.0015,0.0014,0.0016,0.0006,0.0046,0.0018,0.0011,0.0013,0.0016,0.0014,0.0006,0.0011,0.0007,0.0014,0.0034,0.0018,0.001,0.0012,0.0009,0.0012,0.0004,0.0006,0.0013,0.0011,0.0031,0.0025,0.001,0.001,0.0007,0.0011,0.0009,0.0011,0.0015,0.0009,0.0033,0.002,0.0023,0.001,0.0013,0.0012,0.0012,0.0013,0.0016,0.0014,0.0025,0.0042,0.0018,0.0013,0.0014,0.0015,0.0009,0.0013,0.0011,0.0017,0.0038,0.0021,0.0011,0.0017,0.0014,0.001,0.0011,0.0011,0.0007,0.0015,0.0028,0.0068,0.0031,0.0037,0.0037,0.0027,0.0034,0.003,0.0029,0.0037,0.0058,0.0,0.0,0.01,0.01,0.01,0.01,0.01,0.01,0.01,0.01,0.01,0.01,0.01,0.01,0.01,0.01,0.01,0.01,0.01,0.01,0.01,0.01,0.01,0.01,0.01,0.01,0.01,0.01,0.01,0.01,0.01,0.01,0.01,0.01,0.01,0.01,0.01,0.01,0.01,0.01,0.01,0.01,0.01,0.01,0.01,0.01,0.01,0.01,0.01,0.01,0.01,0.01,0.01,0.01,0.01,0.01,0.01,0.01,0.01,0.01,0.01,0.01,0.01,0.01,0.01,0.01,0.01,0.01,0.01,0.01,0.01,0.01,0.01,0.01,0.01,0.01,0.01,0.01,0.01,0.01,0.01,0.01,0.01,0.01,0.01,0.01,0.01,0.01,0.01,0.01,0.01,0.01,0.01,0.01,0.01,0.01,0.01,0.01,0.01,0.01,0.01,0.01,0.01,0.01,0.01,0.01,0.01,0.01,0.01,0.01,0.01,0.01,0.01,0.01,0.01,0.01,0.01,0.01,0.01,0.01,0.01,0.01,0.01,0.01,0.01,0.01,0.01,0.01,0.01,0.01,0.01,0.01,0.01,0.01,0.01,0.01,0.01,0.01,0.01,0.01,0.01,0.01,0.01,0.01,0.01,0.01,0.01,0.01,0.01,0.01,0.01,0.01,0.01,0.01,0.01,0.01,0.01,0.01,0.01,0.01,0.01,0.01,0.01,0.01,0.01,0.01,0.01,0.01,0.01,0.01,0.01,0.01,0.01,0.01,0.01,0.01,0.01,0.01,0.01,0.01,0.01,0.01,0.01,0.01,0.01,0.01,0.01,0.01,0.01,0.01,0.01,0.01,0.01,0.01,0.01,0.01,0.01,0.01,0.01,0.01,0.01,0.01
vanilla,1,43000,39.6637731527444,39.910627166042104,0.6189634799957275,0.7953546643257141,1,0.2107,0.79,0.0107,0.003,0.003,0.0023,0.0029,0.0023,0.0018,0.0019,0.0009,0.0061,0.0035,0.0018,0.0011,0.0016,0.0016,0.0018,0.0011,0.0014,0.0009,0.0045,0.0038,0.0009,0.001,0.0014,0.0019,0.0012,0.0012,0.0017,0.0009,0.0042,0.0018,0.0008,0.0022,0.0017,0.001,0.0008,0.001,0.0009,0.0005,0.003,0.0029,0.0012,0.001,0.0007,0.0009,0.0006,0.0002,0.0013,0.001,0.0029,0.003,0.0015,0.0017,0.001,0.0011,0.0007,0.001,0.0016,0.0011,0.0035,0.0034,0.0028,0.0011,0.0012,0.0009,0.0009,0.0008,0.0012,0.0012,0.0029,0.005,0.0019,0.0013,0.0018,0.0014,0.0008,0.0017,0.0013,0.001,0.0042,0.0025,0.0011,0.0016,0.0014,0.0012,0.0007,0.0016,0.0011,0.0016,0.0037,0.0076,0.0037,0.0035,0.0038,0.0028,0.0034,0.0035,0.0038,0.0029,0.0074,0.0,0.0,0.01,0.01,0.01,0.01,0.01,0.01,0.01,0.01,0.01,0.01,0.01,0.01,0.01,0.01,0.01,0.01,0.01,0.01,0.01,0.01,0.01,0.01,0.01,0.01,0.01,0.01,0.01,0.01,0.01,0.01,0.01,0.01,0.01,0.01,0.01,0.01,0.01,0.01,0.01,0.01,0.01,0.01,0.01,0.01,0.01,0.01,0.01,0.01,0.01,0.01,0.01,0.01,0.01,0.01,0.01,0.01,0.01,0.01,0.01,0.01,0.01,0.01,0.01,0.01,0.01,0.01,0.01,0.01,0.01,0.01,0.01,0.01,0.01,0.01,0.01,0.01,0.01,0.01,0.01,0.01,0.01,0.01,0.01,0.01,0.01,0.01,0.01,0.01,0.01,0.01,0.01,0.01,0.01,0.01,0.01,0.01,0.01,0.01,0.01,0.01,0.01,0.01,0.01,0.01,0.01,0.01,0.01,0.01,0.01,0.01,0.01,0.01,0.01,0.01,0.01,0.01,0.01,0.01,0.01,0.01,0.01,0.01,0.01,0.01,0.01,0.01,0.01,0.01,0.01,0.01,0.01,0.01,0.01,0.01,0.01,0.01,0.01,0.01,0.01,0.01,0.01,0.01,0.01,0.01,0.01,0.01,0.01,0.01,0.01,0.01,0.01,0.01,0.01,0.01,0.01,0.01,0.01,0.01,0.01,0.01,0.01,0.01,0.01,0.01,0.01,0.01,0.01,0.01,0.01,0.01,0.01,0.01,0.01,0.01,0.01,0.01,0.01,0.01,0.01,0.01,0.01,0.01,0.01,0.01,0.01,0.01,0.01,0.01,0.01,0.01,0.01,0.01,0.01,0.01,0.01,0.01,0.01,0.01,0.01,0.01
vanilla,1,44000,40.58330774400383,40.83663500007242,0.612717866897583,0.8222993016242981,1,0.21510000000000007,0.7849999999999999,0.0101,0.0041,0.0042,0.0032,0.0046,0.0024,0.0026,0.0032,0.0022,0.0076,0.0027,0.0015,0.0015,0.0014,0.0007,0.0017,0.001,0.0018,0.0009,0.0031,0.0025,0.0016,0.0013,0.0018,0.0022,0.0016,0.0014,0.0018,0.0008,0.0039,0.0017,0.001,0.0017,0.0018,0.0012,0.0015,0.0012,0.001,0.0013,0.0035,0.002,0.0011,0.0009,0.001,0.0006,0.0009,0.0008,0.0011,0.0008,0.0029,0.0026,0.0013,0.0008,0.001,0.0007,0.0009,0.0016,0.0012,0.0012,0.0037,0.0026,0.0018,0.0006,0.0004,0.0013,0.0012,0.0008,0.0009,0.001,0.0036,0.0043,0.0021,0.001,0.0015,0.0014,0.0006,0.0015,0.0012,0.0013,0.0039,0.0024,0.0014,0.0011,0.001,0.001,0.0012,0.0013,0.0011,0.0002,0.0037,0.0081,0.0048,0.0039,0.0036,0.0035,0.0027,0.0033,0.0042,0.0027,0.0085,0.0,0.0,0.01,0.01,0.01,0.01,0.01,0.01,0.01,0.01,0.01,0.01,0.01,0.01,0.01,0.01,0.01,0.01,0.01,0.01,0.01,0.01,0.01,0.01,0.01,0.01,0.01,0.01,0.01,0.01,0.01,0.01,0.01,0.01,0.01,0.01,0.01,0.01,0.01,0.01,0.01,0.01,0.01,0.01,0.01,0.01,0.01,0.01,0.01,0.01,0.01,0.01,0.01,0.01,0.01,0.01,0.01,0.01,0.01,0.01,0.01,0.01,0.01,0.01,0.01,0.01,0.01,0.01,0.01,0.01,0.01,0.01,0.01,0.01,0.01,0.01,0.01,0.01,0.01,0.01,0.01,0.01,0.01,0.01,0.01,0.01,0.01,0.01,0.01,0.01,0.01,0.01,0.01,0.01,0.01,0.01,0.01,0.01,0.01,0.01,0.01,0.01,0.01,0.01,0.01,0.01,0.01,0.01,0.01,0.01,0.01,0.01,0.01,0.01,0.01,0.01,0.01,0.01,0.01,0.01,0.01,0.01,0.01,0.01,0.01,0.01,0.01,0.01,0.01,0.01,0.01,0.01,0.01,0.01,0.01,0.01,0.01,0.01,0.01,0.01,0.01,0.01,0.01,0.01,0.01,0.01,0.01,0.01,0.01,0.01,0.01,0.01,0.01,0.01,0.01,0.01,0.01,0.01,0.01,0.01,0.01,0.01,0.01,0.01,0.01,0.01,0.01,0.01,0.01,0.01,0.01,0.01,0.01,0.01,0.01,0.01,0.01,0.01,0.01,0.01,0.01,0.01,0.01,0.01,0.01,0.01,0.01,0.01,0.01,0.01,0.01,0.01,0.01,0.01,0.01,0.01,0.01,0.01,0.01,0.01,0.01,0.01
vanilla,1,45000,41.526187561801635,41.78627275000326,0.638025164604187,0.7568585276603699,0,0.22310000000000008,0.7768999999999999,0.0077,0.0033,0.0031,0.0038,0.0045,0.0028,0.0025,0.004,0.003,0.0096,0.004,0.0015,0.0014,0.0009,0.001,0.0015,0.0013,0.0014,0.0008,0.0047,0.0038,0.0016,0.0012,0.0018,0.0015,0.0012,0.0015,0.0017,0.001,0.004,0.0038,0.0012,0.0017,0.0021,0.0018,0.001,0.001,0.0008,0.0012,0.003,0.0019,0.0006,0.0009,0.001,0.0009,0.0011,0.0006,0.0011,0.001,0.0023,0.0032,0.0014,0.0014,0.0008,0.001,0.0013,0.001,0.0013,0.0013,0.0037,0.0028,0.0022,0.0009,0.0006,0.0012,0.0008,0.0009,0.0016,0.0012,0.0033,0.005,0.0019,0.0017,0.0021,0.0015,0.0016,0.002,0.0013,0.001,0.0038,0.0027,0.0011,0.0013,0.0008,0.0011,0.0013,0.0012,0.0009,0.0008,0.0034,0.0084,0.004,0.0037,0.0038,0.0029,0.0041,0.0036,0.0028,0.003,0.0073,0.0,0.0,0.01,0.01,0.01,0.01,0.01,0.01,0.01,0.01,0.01,0.01,0.01,0.01,0.01,0.01,0.01,0.01,0.01,0.01,0.01,0.01,0.01,0.01,0.01,0.01,0.01,0.01,0.01,0.01,0.01,0.01,0.01,0.01,0.01,0.01,0.01,0.01,0.01,0.01,0.01,0.01,0.01,0.01,0.01,0.01,0.01,0.01,0.01,0.01,0.01,0.01,0.01,0.01,0.01,0.01,0.01,0.01,0.01,0.01,0.01,0.01,0.01,0.01,0.01,0.01,0.01,0.01,0.01,0.01,0.01,0.01,0.01,0.01,0.01,0.01,0.01,0.01,0.01,0.01,0.01,0.01,0.01,0.01,0.01,0.01,0.01,0.01,0.01,0.01,0.01,0.01,0.01,0.01,0.01,0.01,0.01,0.01,0.01,0.01,0.01,0.01,0.01,0.01,0.01,0.01,0.01,0.01,0.01,0.01,0.01,0.01,0.01,0.01,0.01,0.01,0.01,0.01,0.01,0.01,0.01,0.01,0.01,0.01,0.01,0.01,0.01,0.01,0.01,0.01,0.01,0.01,0.01,0.01,0.01,0.01,0.01,0.01,0.01,0.01,0.01,0.01,0.01,0.01,0.01,0.01,0.01,0.01,0.01,0.01,0.01,0.01,0.01,0.01,0.01,0.01,0.01,0.01,0.01,0.01,0.01,0.01,0.01,0.01,0.01,0.01,0.01,0.01,0.01,0.01,0.01,0.01,0.01,0.01,0.01,0.01,0.01,0.01,0.01,0.01,0.01,0.01,0.01,0.01,0.01,0.01,0.01,0.01,0.01,0.01,0.01,0.01,0.01,0.01,0.01,0.01,0.01,0.01,0.01,0.01,0.01,0.01
vanilla,1,46000,42.45515286771115,42.72142733307555,0.6045188903808594,0.8605519533157349,1,0.22850000000000004,0.7725,0.0093,0.0032,0.0032,0.0031,0.0042,0.0024,0.0033,0.0037,0.0031,0.011,0.0026,0.0018,0.0016,0.0016,0.0017,0.0011,0.0012,0.0018,0.001,0.0046,0.0031,0.0009,0.0013,0.0015,0.0018,0.0008,0.0009,0.0023,0.0011,0.0048,0.003,0.0007,0.0017,0.0015,0.0013,0.0008,0.0008,0.0006,0.0012,0.0033,0.0018,0.001,0.0011,0.0008,0.0013,0.0002,0.0004,0.0011,0.0012,0.0033,0.0038,0.0014,0.0015,0.0011,0.0009,0.0013,0.0013,0.0012,0.002,0.0038,0.0026,0.0022,0.0006,0.0009,0.0012,0.0008,0.0008,0.0013,0.0013,0.0032,0.005,0.002,0.0016,0.0012,0.0016,0.001,0.0016,0.0015,0.0021,0.004,0.0033,0.001,0.0015,0.0008,0.0011,0.0013,0.0013,0.0011,0.0011,0.0034,0.0089,0.0035,0.0039,0.0042,0.0035,0.0035,0.0033,0.0042,0.0034,0.0083,0.0,0.0,0.01,0.01,0.01,0.01,0.01,0.01,0.01,0.01,0.01,0.01,0.01,0.01,0.01,0.01,0.01,0.01,0.01,0.01,0.01,0.01,0.01,0.01,0.01,0.01,0.01,0.01,0.01,0.01,0.01,0.01,0.01,0.01,0.01,0.01,0.01,0.01,0.01,0.01,0.01,0.01,0.01,0.01,0.01,0.01,0.01,0.01,0.01,0.01,0.01,0.01,0.01,0.01,0.01,0.01,0.01,0.01,0.01,0.01,0.01,0.01,0.01,0.01,0.01,0.01,0.01,0.01,0.01,0.01,0.01,0.01,0.01,0.01,0.01,0.01,0.01,0.01,0.01,0.01,0.01,0.01,0.01,0.01,0.01,0.01,0.01,0.01,0.01,0.01,0.01,0.01,0.01,0.01,0.01,0.01,0.01,0.01,0.01,0.01,0.01,0.01,0.01,0.01,0.01,0.01,0.01,0.01,0.01,0.01,0.01,0.01,0.01,0.01,0.01,0.01,0.01,0.01,0.01,0.01,0.01,0.01,0.01,0.01,0.01,0.01,0.01,0.01,0.01,0.01,0.01,0.01,0.01,0.01,0.01,0.01,0.01,0.01,0.01,0.01,0.01,0.01,0.01,0.01,0.01,0.01,0.01,0.01,0.01,0.01,0.01,0.01,0.01,0.01,0.01,0.01,0.01,0.01,0.01,0.01,0.01,0.01,0.01,0.01,0.01,0.01,0.01,0.01,0.01,0.01,0.01,0.01,0.01,0.01,0.01,0.01,0.01,0.01,0.01,0.01,0.01,0.01,0.01,0.01,0.01,0.01,0.01,0.01,0.01,0.01,0.01,0.01,0.01,0.01,0.01,0.01,0.01,0.01,0.01,0.01,0.01,0.01
vanilla,1,47000,43.44008636998478,43.71269925008528,0.6184471249580383,0.866910457611084,0,0.2107,0.7893,0.0097,0.0027,0.0029,0.0035,0.0035,0.0022,0.003,0.0024,0.0022,0.0073,0.0027,0.0016,0.0011,0.0018,0.0018,0.0009,0.0009,0.0014,0.0011,0.0022,0.0036,0.0006,0.0012,0.0019,0.0014,0.0011,0.0015,0.0024,0.0008,0.0038,0.0026,0.0007,0.0016,0.0013,0.0008,0.0006,0.001,0.0008,0.0013,0.0029,0.0022,0.0008,0.0013,0.0007,0.0013,0.0004,0.001,0.0005,0.0011,0.0027,0.0035,0.0012,0.0013,0.0011,0.0009,0.0012,0.0016,0.0009,0.0011,0.0035,0.0033,0.0023,0.0006,0.0004,0.0015,0.0011,0.0008,0.0016,0.0011,0.0025,0.0047,0.0023,0.0017,0.0009,0.0013,0.0005,0.0014,0.0014,0.0016,0.0041,0.003,0.0013,0.0011,0.0013,0.0016,0.0008,0.0012,0.0009,0.0013,0.0036,0.0079,0.0046,0.0036,0.0037,0.0033,0.0033,0.0035,0.0037,0.0035,0.0073,0.0,0.0,0.01,0.01,0.01,0.01,0.01,0.01,0.01,0.01,0.01,0.01,0.01,0.01,0.01,0.01,0.01,0.01,0.01,0.01,0.01,0.01,0.01,0.01,0.01,0.01,0.01,0.01,0.01,0.01,0.01,0.01,0.01,0.01,0.01,0.01,0.01,0.01,0.01,0.01,0.01,0.01,0.01,0.01,0.01,0.01,0.01,0.01,0.01,0.01,0.01,0.01,0.01,0.01,0.01,0.01,0.01,0.01,0.01,0.01,0.01,0.01,0.01,0.01,0.01,0.01,0.01,0.01,0.01,0.01,0.01,0.01,0.01,0.01,0.01,0.01,0.01,0.01,0.01,0.01,0.01,0.01,0.01,0.01,0.01,0.01,0.01,0.01,0.01,0.01,0.01,0.01,0.01,0.01,0.01,0.01,0.01,0.01,0.01,0.01,0.01,0.01,0.01,0.01,0.01,0.01,0.01,0.01,0.01,0.01,0.01,0.01,0.01,0.01,0.01,0.01,0.01,0.01,0.01,0.01,0.01,0.01,0.01,0.01,0.01,0.01,0.01,0.01,0.01,0.01,0.01,0.01,0.01,0.01,0.01,0.01,0.01,0.01,0.01,0.01,0.01,0.01,0.01,0.01,0.01,0.01,0.01,0.01,0.01,0.01,0.01,0.01,0.01,0.01,0.01,0.01,0.01,0.01,0.01,0.01,0.01,0.01,0.01,0.01,0.01,0.01,0.01,0.01,0.01,0.01,0.01,0.01,0.01,0.01,0.01,0.01,0.01,0.01,0.01,0.01,0.01,0.01,0.01,0.01,0.01,0.01,0.01,0.01,0.01,0.01,0.01,0.01,0.01,0.01,0.01,0.01,0.01,0.01,0.01,0.01,0.01,0.01
vanilla,1,48000,44.416464262641966,44.69576687505469,0.5991267561912537,0.8083068132400513,2,0.21719999999999995,0.7834000000000001,0.01,0.0033,0.0029,0.0031,0.0041,0.0023,0.0033,0.0032,0.0024,0.0106,0.0029,0.0012,0.0013,0.001,0.0013,0.0012,0.0007,0.0017,0.0016,0.0034,0.004,0.001,0.0013,0.0014,0.0015,0.0013,0.0008,0.0018,0.0008,0.004,0.003,0.0009,0.0011,0.0014,0.001,0.001,0.0007,0.0011,0.0015,0.0029,0.0021,0.0008,0.0008,0.0006,0.001,0.0005,0.0011,0.0012,0.0011,0.0035,0.0039,0.001,0.0009,0.0011,0.001,0.001,0.0012,0.0015,0.0015,0.0036,0.0031,0.0016,0.0005,0.0007,0.0013,0.001,0.0009,0.0012,0.0007,0.0033,0.0051,0.0024,0.0012,0.0013,0.0011,0.0008,0.0016,0.0012,0.0015,0.0035,0.003,0.0014,0.0008,0.0014,0.0012,0.0012,0.0013,0.0013,0.0014,0.0037,0.0089,0.0039,0.004,0.0026,0.0034,0.0028,0.0028,0.0044,0.0028,0.0075,0.0,0.0,0.01,0.01,0.01,0.01,0.01,0.01,0.01,0.01,0.01,0.01,0.01,0.01,0.01,0.01,0.01,0.01,0.01,0.01,0.01,0.01,0.01,0.01,0.01,0.01,0.01,0.01,0.01,0.01,0.01,0.01,0.01,0.01,0.01,0.01,0.01,0.01,0.01,0.01,0.01,0.01,0.01,0.01,0.01,0.01,0.01,0.01,0.01,0.01,0.01,0.01,0.01,0.01,0.01,0.01,0.01,0.01,0.01,0.01,0.01,0.01,0.01,0.01,0.01,0.01,0.01,0.01,0.01,0.01,0.01,0.01,0.01,0.01,0.01,0.01,0.01,0.01,0.01,0.01,0.01,0.01,0.01,0.01,0.01,0.01,0.01,0.01,0.01,0.01,0.01,0.01,0.01,0.01,0.01,0.01,0.01,0.01,0.01,0.01,0.01,0.01,0.01,0.01,0.01,0.01,0.01,0.01,0.01,0.01,0.01,0.01,0.01,0.01,0.01,0.01,0.01,0.01,0.01,0.01,0.01,0.01,0.01,0.01,0.01,0.01,0.01,0.01,0.01,0.01,0.01,0.01,0.01,0.01,0.01,0.01,0.01,0.01,0.01,0.01,0.01,0.01,0.01,0.01,0.01,0.01,0.01,0.01,0.01,0.01,0.01,0.01,0.01,0.01,0.01,0.01,0.01,0.01,0.01,0.01,0.01,0.01,0.01,0.01,0.01,0.01,0.01,0.01,0.01,0.01,0.01,0.01,0.01,0.01,0.01,0.01,0.01,0.01,0.01,0.01,0.01,0.01,0.01,0.01,0.01,0.01,0.01,0.01,0.01,0.01,0.01,0.01,0.01,0.01,0.01,0.01,0.01,0.01,0.01,0.01,0.01,0.01
vanilla,1,49000,45.38309018209111,45.669312875019386,0.6178293824195862,0.9296910166740417,2,0.22460000000000002,0.7778,0.0112,0.0027,0.0023,0.0028,0.0045,0.0027,0.0043,0.0028,0.0028,0.0112,0.0036,0.002,0.0017,0.0015,0.0015,0.0007,0.0011,0.0019,0.0012,0.0035,0.0031,0.0011,0.0017,0.0012,0.0011,0.0013,0.0011,0.0022,0.0015,0.004,0.0022,0.0007,0.0012,0.0013,0.0011,0.0007,0.0007,0.0007,0.0007,0.0034,0.0025,0.0011,0.0011,0.0012,0.001,0.0007,0.0007,0.0012,0.0008,0.0037,0.0034,0.0014,0.0015,0.0007,0.0011,0.0015,0.0015,0.0008,0.0013,0.0035,0.0028,0.002,0.0006,0.0004,0.0015,0.0011,0.0008,0.002,0.0013,0.0035,0.0052,0.002,0.0018,0.0009,0.0015,0.0008,0.001,0.0021,0.0013,0.0047,0.0023,0.0008,0.0014,0.0014,0.0012,0.0007,0.0011,0.001,0.0011,0.0036,0.008,0.0044,0.0036,0.0033,0.0032,0.0033,0.0036,0.0043,0.0034,0.0079,0.0,0.0,0.01,0.01,0.01,0.01,0.01,0.01,0.01,0.01,0.01,0.01,0.01,0.01,0.01,0.01,0.01,0.01,0.01,0.01,0.01,0.01,0.01,0.01,0.01,0.01,0.01,0.01,0.01,0.01,0.01,0.01,0.01,0.01,0.01,0.01,0.01,0.01,0.01,0.01,0.01,0.01,0.01,0.01,0.01,0.01,0.01,0.01,0.01,0.01,0.01,0.01,0.01,0.01,0.01,0.01,0.01,0.01,0.01,0.01,0.01,0.01,0.01,0.01,0.01,0.01,0.01,0.01,0.01,0.01,0.01,0.01,0.01,0.01,0.01,0.01,0.01,0.01,0.01,0.01,0.01,0.01,0.01,0.01,0.01,0.01,0.01,0.01,0.01,0.01,0.01,0.01,0.01,0.01,0.01,0.01,0.01,0.01,0.01,0.01,0.01,0.01,0.01,0.01,0.01,0.01,0.01,0.01,0.01,0.01,0.01,0.01,0.01,0.01,0.01,0.01,0.01,0.01,0.01,0.01,0.01,0.01,0.01,0.01,0.01,0.01,0.01,0.01,0.01,0.01,0.01,0.01,0.01,0.01,0.01,0.01,0.01,0.01,0.01,0.01,0.01,0.01,0.01,0.01,0.01,0.01,0.01,0.01,0.01,0.01,0.01,0.01,0.01,0.01,0.01,0.01,0.01,0.01,0.01,0.01,0.01,0.01,0.01,0.01,0.01,0.01,0.01,0.01,0.01,0.01,0.01,0.01,0.01,0.01,0.01,0.01,0.01,0.01,0.01,0.01,0.01,0.01,0.01,0.01,0.01,0.01,0.01,0.01,0.01,0.01,0.01,0.01,0.01,0.01,0.01,0.01,0.01,0.01,0.01,0.01,0.01,0.01
vanilla,1,50000,46.36163220414892,46.65501137508545,0.597714900970459,0.8010815382003784,2,0.22110000000000007,0.7791,0.0102,0.0033,0.0027,0.0024,0.0036,0.002,0.0028,0.002,0.002,0.0093,0.0031,0.0008,0.001,0.0007,0.0014,0.0012,0.0009,0.0014,0.0012,0.0035,0.0036,0.001,0.0018,0.0017,0.0014,0.0012,0.001,0.0017,0.001,0.0043,0.0031,0.0009,0.0011,0.0016,0.0008,0.0008,0.0009,0.0014,0.0015,0.0029,0.0026,0.001,0.0013,0.001,0.0017,0.0007,0.0006,0.0017,0.0012,0.003,0.003,0.001,0.0015,0.0005,0.0012,0.0007,0.0015,0.0011,0.002,0.0043,0.0028,0.0018,0.0007,0.0006,0.0009,0.0012,0.0008,0.0015,0.0006,0.0041,0.0051,0.0022,0.0012,0.0017,0.0013,0.001,0.0014,0.0018,0.0015,0.0044,0.0028,0.0011,0.0011,0.0015,0.0014,0.001,0.0012,0.0012,0.0013,0.0044,0.009,0.0036,0.0035,0.003,0.0038,0.0035,0.0032,0.0043,0.0028,0.01,0.0,0.0,0.01,0.01,0.01,0.01,0.01,0.01,0.01,0.01,0.01,0.01,0.01,0.01,0.01,0.01,0.01,0.01,0.01,0.01,0.01,0.01,0.01,0.01,0.01,0.01,0.01,0.01,0.01,0.01,0.01,0.01,0.01,0.01,0.01,0.01,0.01,0.01,0.01,0.01,0.01,0.01,0.01,0.01,0.01,0.01,0.01,0.01,0.01,0.01,0.01,0.01,0.01,0.01,0.01,0.01,0.01,0.01,0.01,0.01,0.01,0.01,0.01,0.01,0.01,0.01,0.01,0.01,0.01,0.01,0.01,0.01,0.01,0.01,0.01,0.01,0.01,0.01,0.01,0.01,0.01,0.01,0.01,0.01,0.01,0.01,0.01,0.01,0.01,0.01,0.01,0.01,0.01,0.01,0.01,0.01,0.01,0.01,0.01,0.01,0.01,0.01,0.01,0.01,0.01,0.01,0.01,0.01,0.01,0.01,0.01,0.01,0.01,0.01,0.01,0.01,0.01,0.01,0.01,0.01,0.01,0.01,0.01,0.01,0.01,0.01,0.01,0.01,0.01,0.01,0.01,0.01,0.01,0.01,0.01,0.01,0.01,0.01,0.01,0.01,0.01,0.01,0.01,0.01,0.01,0.01,0.01,0.01,0.01,0.01,0.01,0.01,0.01,0.01,0.01,0.01,0.01,0.01,0.01,0.01,0.01,0.01,0.01,0.01,0.01,0.01,0.01,0.01,0.01,0.01,0.01,0.01,0.01,0.01,0.01,0.01,0.01,0.01,0.01,0.01,0.01,0.01,0.01,0.01,0.01,0.01,0.01,0.01,0.01,0.01,0.01,0.01,0.01,0.01,0.01,0.01,0.01,0.01,0.01,0.01,0.01,0.01
vanilla,1,51000,47.33047933096532,47.63348825008143,0.5909630656242371,0.8918905854225159,1,0.21799999999999997,0.7831,0.0111,0.0045,0.003,0.0034,0.0043,0.0034,0.0034,0.0026,0.0036,0.0078,0.0033,0.0014,0.0016,0.0006,0.0009,0.0017,0.0009,0.0014,0.0009,0.0032,0.0031,0.0013,0.0015,0.0013,0.0017,0.001,0.0013,0.0017,0.0011,0.0033,0.0025,0.0005,0.0014,0.0014,0.0009,0.0005,0.0014,0.0015,0.001,0.0032,0.0029,0.0009,0.0011,0.0009,0.0009,0.0009,0.0014,0.0009,0.001,0.0027,0.0038,0.001,0.0009,0.0008,0.0011,0.0007,0.0009,0.0009,0.0012,0.0034,0.0033,0.002,0.0006,0.0011,0.0012,0.0012,0.0004,0.0014,0.0003,0.0036,0.0048,0.0012,0.0018,0.0012,0.0012,0.0004,0.0012,0.001,0.0011,0.004,0.0028,0.0009,0.0015,0.0009,0.0011,0.0012,0.0012,0.0017,0.0009,0.0036,0.0083,0.0044,0.004,0.0037,0.0033,0.0032,0.0029,0.0047,0.003,0.0088,0.0,0.0,0.01,0.01,0.01,0.01,0.01,0.01,0.01,0.01,0.01,0.01,0.01,0.01,0.01,0.01,0.01,0.01,0.01,0.01,0.01,0.01,0.01,0.01,0.01,0.01,0.01,0.01,0.01,0.01,0.01,0.01,0.01,0.01,0.01,0.01,0.01,0.01,0.01,0.01,0.01,0.01,0.01,0.01,0.01,0.01,0.01,0.01,0.01,0.01,0.01,0.01,0.01,0.01,0.01,0.01,0.01,0.01,0.01,0.01,0.01,0.01,0.01,0.01,0.01,0.01,0.01,0.01,0.01,0.01,0.01,0.01,0.01,0.01,0.01,0.01,0.01,0.01,0.01,0.01,0.01,0.01,0.01,0.01,0.01,0.01,0.01,0.01,0.01,0.01,0.01,0.01,0.01,0.01,0.01,0.01,0.01,0.01,0.01,0.01,0.01,0.01,0.01,0.01,0.01,0.01,0.01,0.01,0.01,0.01,0.01,0.01,0.01,0.01,0.01,0.01,0.01,0.01,0.01,0.01,0.01,0.01,0.01,0.01,0.01,0.01,0.01,0.01,0.01,0.01,0.01,0.01,0.01,0.01,0.01,0.01,0.01,0.01,0.01,0.01,0.01,0.01,0.01,0.01,0.01,0.01,0.01,0.01,0.01,0.01,0.01,0.01,0.01,0.01,0.01,0.01,0.01,0.01,0.01,0.01,0.01,0.01,0.01,0.01,0.01,0.01,0.01,0.01,0.01,0.01,0.01,0.01,0.01,0.01,0.01,0.01,0.01,0.01,0.01,0.01,0.01,0.01,0.01,0.01,0.01,0.01,0.01,0.01,0.01,0.01,0.01,0.01,0.01,0.01,0.01,0.01,0.01,0.01,0.01,0.01,0.01,0.01
vanilla,1,52000,48.30478851532098,48.61499558307696,0.5993092656135559,0.8662809133529663,1,0.2249000000000001,0.7757000000000001,0.0106,0.0039,0.0031,0.0038,0.004,0.0029,0.0036,0.0035,0.0028,0.0094,0.0038,0.0009,0.0016,0.0011,0.0013,0.0011,0.0015,0.0015,0.0007,0.0042,0.0039,0.0021,0.0014,0.0015,0.0015,0.0016,0.0015,0.0016,0.0014,0.0037,0.0025,0.0009,0.0017,0.0014,0.0005,0.001,0.0019,0.0009,0.0008,0.0034,0.0025,0.0014,0.0013,0.0006,0.0009,0.0007,0.0013,0.0014,0.0015,0.0023,0.0035,0.0006,0.0008,0.001,0.001,0.0009,0.0009,0.0015,0.0013,0.0033,0.0036,0.0016,0.0006,0.0007,0.0004,0.0007,0.001,0.0011,0.0009,0.0028,0.006,0.0017,0.0012,0.0012,0.0008,0.0009,0.0021,0.0015,0.0011,0.0038,0.0028,0.001,0.0013,0.0008,0.0009,0.0013,0.0008,0.0011,0.0012,0.0032,0.0097,0.005,0.004,0.0045,0.0032,0.0039,0.0027,0.0047,0.0023,0.0076,0.0,0.0,0.01,0.01,0.01,0.01,0.01,0.01,0.01,0.01,0.01,0.01,0.01,0.01,0.01,0.01,0.01,0.01,0.01,0.01,0.01,0.01,0.01,0.01,0.01,0.01,0.01,0.01,0.01,0.01,0.01,0.01,0.01,0.01,0.01,0.01,0.01,0.01,0.01,0.01,0.01,0.01,0.01,0.01,0.01,0.01,0.01,0.01,0.01,0.01,0.01,0.01,0.01,0.01,0.01,0.01,0.01,0.01,0.01,0.01,0.01,0.01,0.01,0.01,0.01,0.01,0.01,0.01,0.01,0.01,0.01,0.01,0.01,0.01,0.01,0.01,0.01,0.01,0.01,0.01,0.01,0.01,0.01,0.01,0.01,0.01,0.01,0.01,0.01,0.01,0.01,0.01,0.01,0.01,0.01,0.01,0.01,0.01,0.01,0.01,0.01,0.01,0.01,0.01,0.01,0.01,0.01,0.01,0.01,0.01,0.01,0.01,0.01,0.01,0.01,0.01,0.01,0.01,0.01,0.01,0.01,0.01,0.01,0.01,0.01,0.01,0.01,0.01,0.01,0.01,0.01,0.01,0.01,0.01,0.01,0.01,0.01,0.01,0.01,0.01,0.01,0.01,0.01,0.01,0.01,0.01,0.01,0.01,0.01,0.01,0.01,0.01,0.01,0.01,0.01,0.01,0.01,0.01,0.01,0.01,0.01,0.01,0.01,0.01,0.01,0.01,0.01,0.01,0.01,0.01,0.01,0.01,0.01,0.01,0.01,0.01,0.01,0.01,0.01,0.01,0.01,0.01,0.01,0.01,0.01,0.01,0.01,0.01,0.01,0.01,0.01,0.01,0.01,0.01,0.01,0.01,0.01,0.01,0.01,0.01,0.01,0.01
vanilla,1,53000,49.234706274815835,49.551249583018944,0.6250195503234863,0.9564064741134644,2,0.2249,0.7762,0.0106,0.0046,0.0034,0.0029,0.0034,0.0025,0.003,0.0036,0.0028,0.0087,0.0035,0.0015,0.0012,0.0005,0.0015,0.0015,0.001,0.0017,0.0012,0.0027,0.0035,0.0016,0.0015,0.0016,0.0015,0.0012,0.0016,0.0019,0.001,0.0041,0.003,0.0008,0.0013,0.0012,0.0006,0.0008,0.0017,0.001,0.0008,0.0036,0.0026,0.0016,0.0012,0.0008,0.0009,0.0007,0.0012,0.0009,0.001,0.0023,0.0031,0.0012,0.0014,0.0013,0.0011,0.0006,0.0014,0.001,0.0014,0.0033,0.0034,0.0013,0.0004,0.0008,0.0006,0.0012,0.0012,0.0015,0.0007,0.0035,0.0055,0.0015,0.0012,0.0015,0.0006,0.0011,0.0019,0.0007,0.0012,0.0042,0.0031,0.0013,0.0012,0.0013,0.0009,0.001,0.0009,0.0014,0.0013,0.0035,0.0105,0.0041,0.0046,0.0041,0.0039,0.0035,0.003,0.0051,0.0024,0.0087,0.0,0.0,0.01,0.01,0.01,0.01,0.01,0.01,0.01,0.01,0.01,0.01,0.01,0.01,0.01,0.01,0.01,0.01,0.01,0.01,0.01,0.01,0.01,0.01,0.01,0.01,0.01,0.01,0.01,0.01,0.01,0.01,0.01,0.01,0.01,0.01,0.01,0.01,0.01,0.01,0.01,0.01,0.01,0.01,0.01,0.01,0.01,0.01,0.01,0.01,0.01,0.01,0.01,0.01,0.01,0.01,0.01,0.01,0.01,0.01,0.01,0.01,0.01,0.01,0.01,0.01,0.01,0.01,0.01,0.01,0.01,0.01,0.01,0.01,0.01,0.01,0.01,0.01,0.01,0.01,0.01,0.01,0.01,0.01,0.01,0.01,0.01,0.01,0.01,0.01,0.01,0.01,0.01,0.01,0.01,0.01,0.01,0.01,0.01,0.01,0.01,0.01,0.01,0.01,0.01,0.01,0.01,0.01,0.01,0.01,0.01,0.01,0.01,0.01,0.01,0.01,0.01,0.01,0.01,0.01,0.01,0.01,0.01,0.01,0.01,0.01,0.01,0.01,0.01,0.01,0.01,0.01,0.01,0.01,0.01,0.01,0.01,0.01,0.01,0.01,0.01,0.01,0.01,0.01,0.01,0.01,0.01,0.01,0.01,0.01,0.01,0.01,0.01,0.01,0.01,0.01,0.01,0.01,0.01,0.01,0.01,0.01,0.01,0.01,0.01,0.01,0.01,0.01,0.01,0.01,0.01,0.01,0.01,0.01,0.01,0.01,0.01,0.01,0.01,0.01,0.01,0.01,0.01,0.01,0.01,0.01,0.01,0.01,0.01,0.01,0.01,0.01,0.01,0.01,0.01,0.01,0.01,0.01,0.01,0.01,0.01,0.01
vanilla,1,54000,50.1776699492475,50.50153383309953,0.5964572429656982,0.8598492741584778,1,0.2219,0.7794000000000001,0.0113,0.004,0.0032,0.0029,0.0036,0.0034,0.0028,0.0038,0.0031,0.0085,0.0046,0.0017,0.0016,0.0009,0.001,0.0011,0.0007,0.0015,0.001,0.003,0.0029,0.0024,0.0015,0.0015,0.0013,0.0009,0.0012,0.0017,0.0008,0.0041,0.0029,0.0008,0.0015,0.0012,0.0005,0.0009,0.0011,0.0011,0.0005,0.0035,0.0027,0.0009,0.0012,0.0008,0.0008,0.0008,0.0011,0.0009,0.0014,0.0027,0.0039,0.0013,0.0013,0.0016,0.001,0.0006,0.0013,0.0009,0.0011,0.003,0.0033,0.0015,0.0009,0.0008,0.0012,0.0007,0.0009,0.001,0.0004,0.004,0.0046,0.0019,0.0012,0.0015,0.0006,0.001,0.0018,0.0012,0.0012,0.0037,0.0022,0.0014,0.0009,0.0013,0.0013,0.0007,0.0015,0.0015,0.0009,0.0037,0.0085,0.0042,0.0047,0.0037,0.0045,0.0034,0.0021,0.0046,0.0029,0.0092,0.0,0.0,0.01,0.01,0.01,0.01,0.01,0.01,0.01,0.01,0.01,0.01,0.01,0.01,0.01,0.01,0.01,0.01,0.01,0.01,0.01,0.01,0.01,0.01,0.01,0.01,0.01,0.01,0.01,0.01,0.01,0.01,0.01,0.01,0.01,0.01,0.01,0.01,0.01,0.01,0.01,0.01,0.01,0.01,0.01,0.01,0.01,0.01,0.01,0.01,0.01,0.01,0.01,0.01,0.01,0.01,0.01,0.01,0.01,0.01,0.01,0.01,0.01,0.01,0.01,0.01,0.01,0.01,0.01,0.01,0.01,0.01,0.01,0.01,0.01,0.01,0.01,0.01,0.01,0.01,0.01,0.01,0.01,0.01,0.01,0.01,0.01,0.01,0.01,0.01,0.01,0.01,0.01,0.01,0.01,0.01,0.01,0.01,0.01,0.01,0.01,0.01,0.01,0.01,0.01,0.01,0.01,0.01,0.01,0.01,0.01,0.01,0.01,0.01,0.01,0.01,0.01,0.01,0.01,0.01,0.01,0.01,0.01,0.01,0.01,0.01,0.01,0.01,0.01,0.01,0.01,0.01,0.01,0.01,0.01,0.01,0.01,0.01,0.01,0.01,0.01,0.01,0.01,0.01,0.01,0.01,0.01,0.01,0.01,0.01,0.01,0.01,0.01,0.01,0.01,0.01,0.01,0.01,0.01,0.01,0.01,0.01,0.01,0.01,0.01,0.01,0.01,0.01,0.01,0.01,0.01,0.01,0.01,0.01,0.01,0.01,0.01,0.01,0.01,0.01,0.01,0.01,0.01,0.01,0.01,0.01,0.01,0.01,0.01,0.01,0.01,0.01,0.01,0.01,0.01,0.01,0.01,0.01,0.01,0.01,0.01,0.01
vanilla,1,55000,51.105109324795194,51.435655250097625,0.5904484987258911,0.9164620041847229,1,0.2248,0.7758,0.0106,0.0035,0.0028,0.0033,0.005,0.0029,0.0033,0.0039,0.0036,0.0091,0.0032,0.0012,0.0018,0.001,0.0011,0.001,0.0007,0.0016,0.0015,0.0023,0.0037,0.002,0.0017,0.0016,0.0014,0.001,0.0018,0.0017,0.0005,0.0037,0.0031,0.0009,0.0013,0.0012,0.0005,0.0014,0.0009,0.0009,0.0011,0.0039,0.0026,0.0012,0.001,0.0008,0.0007,0.0008,0.0012,0.0013,0.0013,0.0037,0.0035,0.0011,0.0015,0.0015,0.0007,0.0008,0.001,0.0012,0.002,0.0035,0.0035,0.0022,0.0007,0.0007,0.0006,0.0008,0.0008,0.001,0.0007,0.0039,0.0054,0.0019,0.0017,0.0014,0.0008,0.0007,0.0017,0.0015,0.0013,0.0041,0.0026,0.0009,0.0011,0.001,0.0011,0.0008,0.0013,0.0015,0.001,0.0041,0.0086,0.0042,0.0045,0.0037,0.0037,0.0032,0.0018,0.0042,0.0025,0.0085,0.0,0.0,0.01,0.01,0.01,0.01,0.01,0.01,0.01,0.01,0.01,0.01,0.01,0.01,0.01,0.01,0.01,0.01,0.01,0.01,0.01,0.01,0.01,0.01,0.01,0.01,0.01,0.01,0.01,0.01,0.01,0.01,0.01,0.01,0.01,0.01,0.01,0.01,0.01,0.01,0.01,0.01,0.01,0.01,0.01,0.01,0.01,0.01,0.01,0.01,0.01,0.01,0.01,0.01,0.01,0.01,0.01,0.01,0.01,0.01,0.01,0.01,0.01,0.01,0.01,0.01,0.01,0.01,0.01,0.01,0.01,0.01,0.01,0.01,0.01,0.01,0.01,0.01,0.01,0.01,0.01,0.01,0.01,0.01,0.01,0.01,0.01,0.01,0.01,0.01,0.01,0.01,0.01,0.01,0.01,0.01,0.01,0.01,0.01,0.01,0.01,0.01,0.01,0.01,0.01,0.01,0.01,0.01,0.01,0.01,0.01,0.01,0.01,0.01,0.01,0.01,0.01,0.01,0.01,0.01,0.01,0.01,0.01,0.01,0.01,0.01,0.01,0.01,0.01,0.01,0.01,0.01,0.01,0.01,0.01,0.01,0.01,0.01,0.01,0.01,0.01,0.01,0.01,0.01,0.01,0.01,0.01,0.01,0.01,0.01,0.01,0.01,0.01,0.01,0.01,0.01,0.01,0.01,0.01,0.01,0.01,0.01,0.01,0.01,0.01,0.01,0.01,0.01,0.01,0.01,0.01,0.01,0.01,0.01,0.01,0.01,0.01,0.01,0.01,0.01,0.01,0.01,0.01,0.01,0.01,0.01,0.01,0.01,0.01,0.01,0.01,0.01,0.01,0.01,0.01,0.01,0.01,0.01,0.01,0.01,0.01,0.01
vanilla,1,56000,52.01243620633613,52.35058416600805,0.6128747463226318,0.9059224724769592,0,0.19330000000000003,0.8067,0.0039,0.0019,0.002,0.0021,0.0029,0.0032,0.0024,0.002,0.0018,0.0044,0.0014,0.0021,0.0017,0.0009,0.0012,0.0013,0.0014,0.0021,0.0013,0.0017,0.0013,0.0018,0.0019,0.0017,0.0015,0.0016,0.0012,0.0023,0.001,0.0045,0.0025,0.0007,0.0011,0.0017,0.0005,0.0011,0.0012,0.0012,0.0009,0.0031,0.0017,0.0007,0.0014,0.0011,0.0006,0.0005,0.001,0.001,0.0006,0.0032,0.0045,0.001,0.0017,0.0016,0.0006,0.0007,0.0012,0.0012,0.0012,0.0028,0.0036,0.0019,0.0014,0.0008,0.0008,0.0007,0.0006,0.0012,0.0006,0.0039,0.005,0.0019,0.0017,0.0018,0.0006,0.0011,0.0017,0.0017,0.0014,0.0034,0.0029,0.0013,0.0012,0.0013,0.0011,0.0008,0.0009,0.0011,0.0014,0.0038,0.0075,0.0039,0.004,0.0025,0.0036,0.0025,0.0019,0.004,0.0017,0.0073,0.0,0.0,0.01,0.01,0.01,0.01,0.01,0.01,0.01,0.01,0.01,0.01,0.01,0.01,0.01,0.01,0.01,0.01,0.01,0.01,0.01,0.01,0.01,0.01,0.01,0.01,0.01,0.01,0.01,0.01,0.01,0.01,0.01,0.01,0.01,0.01,0.01,0.01,0.01,0.01,0.01,0.01,0.01,0.01,0.01,0.01,0.01,0.01,0.01,0.01,0.01,0.01,0.01,0.01,0.01,0.01,0.01,0.01,0.01,0.01,0.01,0.01,0.01,0.01,0.01,0.01,0.01,0.01,0.01,0.01,0.01,0.01,0.01,0.01,0.01,0.01,0.01,0.01,0.01,0.01,0.01,0.01,0.01,0.01,0.01,0.01,0.01,0.01,0.01,0.01,0.01,0.01,0.01,0.01,0.01,0.01,0.01,0.01,0.01,0.01,0.01,0.01,0.01,0.01,0.01,0.01,0.01,0.01,0.01,0.01,0.01,0.01,0.01,0.01,0.01,0.01,0.01,0.01,0.01,0.01,0.01,0.01,0.01,0.01,0.01,0.01,0.01,0.01,0.01,0.01,0.01,0.01,0.01,0.01,0.01,0.01,0.01,0.01,0.01,0.01,0.01,0.01,0.01,0.01,0.01,0.01,0.01,0.01,0.01,0.01,0.01,0.01,0.01,0.01,0.01,0.01,0.01,0.01,0.01,0.01,0.01,0.01,0.01,0.01,0.01,0.01,0.01,0.01,0.01,0.01,0.01,0.01,0.01,0.01,0.01,0.01,0.01,0.01,0.01,0.01,0.01,0.01,0.01,0.01,0.01,0.01,0.01,0.01,0.01,0.01,0.01,0.01,0.01,0.01,0.01,0.01,0.01,0.01,0.01,0.01,0.01,0.01
vanilla,1,57000,52.950875322916545,53.296222583041526,0.5878849625587463,0.8702799677848816,1,0.22899999999999998,0.7717,0.0107,0.0025,0.003,0.0038,0.0054,0.0033,0.0036,0.0046,0.0033,0.0092,0.0034,0.0012,0.0011,0.0008,0.0012,0.0016,0.0008,0.0023,0.0009,0.003,0.0026,0.0012,0.0017,0.0011,0.0012,0.0011,0.0012,0.0016,0.0011,0.0044,0.0032,0.0009,0.0015,0.0015,0.0006,0.0006,0.0015,0.001,0.0012,0.0042,0.0025,0.0007,0.0018,0.0007,0.0011,0.0006,0.0007,0.0011,0.0009,0.0032,0.0047,0.0012,0.002,0.001,0.0007,0.0004,0.001,0.0018,0.0017,0.0031,0.0036,0.0013,0.0011,0.0007,0.0004,0.0008,0.001,0.001,0.0005,0.004,0.0057,0.0021,0.0011,0.0012,0.0005,0.0006,0.0017,0.0016,0.0018,0.0036,0.0025,0.0012,0.0008,0.0006,0.0009,0.0005,0.0014,0.0014,0.0014,0.0041,0.0093,0.0046,0.005,0.0038,0.0046,0.0037,0.0023,0.0045,0.0029,0.0092,0.0,0.0,0.01,0.01,0.01,0.01,0.01,0.01,0.01,0.01,0.01,0.01,0.01,0.01,0.01,0.01,0.01,0.01,0.01,0.01,0.01,0.01,0.01,0.01,0.01,0.01,0.01,0.01,0.01,0.01,0.01,0.01,0.01,0.01,0.01,0.01,0.01,0.01,0.01,0.01,0.01,0.01,0.01,0.01,0.01,0.01,0.01,0.01,0.01,0.01,0.01,0.01,0.01,0.01,0.01,0.01,0.01,0.01,0.01,0.01,0.01,0.01,0.01,0.01,0.01,0.01,0.01,0.01,0.01,0.01,0.01,0.01,0.01,0.01,0.01,0.01,0.01,0.01,0.01,0.01,0.01,0.01,0.01,0.01,0.01,0.01,0.01,0.01,0.01,0.01,0.01,0.01,0.01,0.01,0.01,0.01,0.01,0.01,0.01,0.01,0.01,0.01,0.01,0.01,0.01,0.01,0.01,0.01,0.01,0.01,0.01,0.01,0.01,0.01,0.01,0.01,0.01,0.01,0.01,0.01,0.01,0.01,0.01,0.01,0.01,0.01,0.01,0.01,0.01,0.01,0.01,0.01,0.01,0.01,0.01,0.01,0.01,0.01,0.01,0.01,0.01,0.01,0.01,0.01,0.01,0.01,0.01,0.01,0.01,0.01,0.01,0.01,0.01,0.01,0.01,0.01,0.01,0.01,0.01,0.01,0.01,0.01,0.01,0.01,0.01,0.01,0.01,0.01,0.01,0.01,0.01,0.01,0.01,0.01,0.01,0.01,0.01,0.01,0.01,0.01,0.01,0.01,0.01,0.01,0.01,0.01,0.01,0.01,0.01,0.01,0.01,0.01,0.01,0.01,0.01,0.01,0.01,0.01,0.01,0.01,0.01,0.01
vanilla,1,58000,53.87312749645207,54.225536125013605,0.5750317573547363,0.877927303314209,0,0.22209999999999996,0.7779,0.0099,0.0022,0.0024,0.0032,0.0045,0.0024,0.0033,0.0037,0.0032,0.0068,0.0038,0.0009,0.0014,0.0008,0.0012,0.0014,0.0005,0.0018,0.0005,0.0023,0.0039,0.0017,0.0019,0.0015,0.0017,0.001,0.0013,0.0025,0.0011,0.0036,0.003,0.0011,0.0014,0.0014,0.0009,0.0008,0.0012,0.0008,0.0011,0.0041,0.0027,0.001,0.0017,0.0009,0.0011,0.0006,0.0006,0.0016,0.0008,0.0031,0.0041,0.0013,0.0013,0.0008,0.0006,0.0005,0.0008,0.0014,0.0016,0.003,0.0033,0.0012,0.0009,0.0005,0.0006,0.0006,0.0007,0.0015,0.0006,0.0047,0.0061,0.002,0.0013,0.0018,0.0013,0.0006,0.0015,0.001,0.0016,0.0037,0.0027,0.0009,0.001,0.0007,0.0009,0.0003,0.0016,0.0015,0.0009,0.0037,0.0089,0.0043,0.0051,0.0047,0.0044,0.0037,0.0032,0.0043,0.0029,0.0092,0.0,0.0,0.01,0.01,0.01,0.01,0.01,0.01,0.01,0.01,0.01,0.01,0.01,0.01,0.01,0.01,0.01,0.01,0.01,0.01,0.01,0.01,0.01,0.01,0.01,0.01,0.01,0.01,0.01,0.01,0.01,0.01,0.01,0.01,0.01,0.01,0.01,0.01,0.01,0.01,0.01,0.01,0.01,0.01,0.01,0.01,0.01,0.01,0.01,0.01,0.01,0.01,0.01,0.01,0.01,0.01,0.01,0.01,0.01,0.01,0.01,0.01,0.01,0.01,0.01,0.01,0.01,0.01,0.01,0.01,0.01,0.01,0.01,0.01,0.01,0.01,0.01,0.01,0.01,0.01,0.01,0.01,0.01,0.01,0.01,0.01,0.01,0.01,0.01,0.01,0.01,0.01,0.01,0.01,0.01,0.01,0.01,0.01,0.01,0.01,0.01,0.01,0.01,0.01,0.01,0.01,0.01,0.01,0.01,0.01,0.01,0.01,0.01,0.01,0.01,0.01,0.01,0.01,0.01,0.01,0.01,0.01,0.01,0.01,0.01,0.01,0.01,0.01,0.01,0.01,0.01,0.01,0.01,0.01,0.01,0.01,0.01,0.01,0.01,0.01,0.01,0.01,0.01,0.01,0.01,0.01,0.01,0.01,0.01,0.01,0.01,0.01,0.01,0.01,0.01,0.01,0.01,0.01,0.01,0.01,0.01,0.01,0.01,0.01,0.01,0.01,0.01,0.01,0.01,0.01,0.01,0.01,0.01,0.01,0.01,0.01,0.01,0.01,0.01,0.01,0.01,0.01,0.01,0.01,0.01,0.01,0.01,0.01,0.01,0.01,0.01,0.01,0.01,0.01,0.01,0.01,0.01,0.01,0.01,0.01,0.01,0.01
vanilla,1,59000,54.80042653682176,55.161666958010755,0.5750328898429871,0.8940688371658325,1,0.23270000000000002,0.7684,0.0087,0.0025,0.0043,0.0044,0.0058,0.0034,0.0035,0.0046,0.0039,0.0111,0.0029,0.0017,0.0017,0.0008,0.0013,0.0018,0.0012,0.0022,0.0013,0.0035,0.0027,0.0016,0.0026,0.0015,0.0019,0.0016,0.0012,0.0026,0.0009,0.0041,0.0028,0.001,0.0019,0.0008,0.0014,0.001,0.0009,0.0009,0.0009,0.0038,0.0022,0.001,0.0023,0.0009,0.0008,0.0007,0.0009,0.0013,0.001,0.0026,0.003,0.0007,0.0015,0.0019,0.0008,0.0002,0.0009,0.0014,0.0014,0.0032,0.0029,0.0016,0.001,0.0006,0.0007,0.0009,0.0011,0.0013,0.0007,0.0043,0.0052,0.0011,0.002,0.002,0.0012,0.0009,0.0013,0.0016,0.0018,0.0048,0.0024,0.0008,0.001,0.001,0.0011,0.0003,0.0017,0.0015,0.001,0.0039,0.008,0.004,0.0053,0.0041,0.0037,0.0032,0.0024,0.0041,0.0028,0.008,0.0,0.0,0.01,0.01,0.01,0.01,0.01,0.01,0.01,0.01,0.01,0.01,0.01,0.01,0.01,0.01,0.01,0.01,0.01,0.01,0.01,0.01,0.01,0.01,0.01,0.01,0.01,0.01,0.01,0.01,0.01,0.01,0.01,0.01,0.01,0.01,0.01,0.01,0.01,0.01,0.01,0.01,0.01,0.01,0.01,0.01,0.01,0.01,0.01,0.01,0.01,0.01,0.01,0.01,0.01,0.01,0.01,0.01,0.01,0.01,0.01,0.01,0.01,0.01,0.01,0.01,0.01,0.01,0.01,0.01,0.01,0.01,0.01,0.01,0.01,0.01,0.01,0.01,0.01,0.01,0.01,0.01,0.01,0.01,0.01,0.01,0.01,0.01,0.01,0.01,0.01,0.01,0.01,0.01,0.01,0.01,0.01,0.01,0.01,0.01,0.01,0.01,0.01,0.01,0.01,0.01,0.01,0.01,0.01,0.01,0.01,0.01,0.01,0.01,0.01,0.01,0.01,0.01,0.01,0.01,0.01,0.01,0.01,0.01,0.01,0.01,0.01,0.01,0.01,0.01,0.01,0.01,0.01,0.01,0.01,0.01,0.01,0.01,0.01,0.01,0.01,0.01,0.01,0.01,0.01,0.01,0.01,0.01,0.01,0.01,0.01,0.01,0.01,0.01,0.01,0.01,0.01,0.01,0.01,0.01,0.01,0.01,0.01,0.01,0.01,0.01,0.01,0.01,0.01,0.01,0.01,0.01,0.01,0.01,0.01,0.01,0.01,0.01,0.01,0.01,0.01,0.01,0.01,0.01,0.01,0.01,0.01,0.01,0.01,0.01,0.01,0.01,0.01,0.01,0.01,0.01,0.01,0.01,0.01,0.01,0.01,0.01
vanilla,1,60000,55.723033906309865,56.09232570801396,0.5911916494369507,0.9211194515228271,0,0.21899999999999997,0.781,0.0097,0.0029,0.003,0.0035,0.0052,0.0029,0.0033,0.005,0.0041,0.0098,0.0026,0.0014,0.0015,0.0013,0.0012,0.0018,0.001,0.0017,0.0011,0.0034,0.0019,0.0017,0.0013,0.0014,0.001,0.0006,0.0016,0.0016,0.0011,0.0035,0.0023,0.0013,0.0014,0.0015,0.0009,0.0011,0.0007,0.0011,0.0014,0.0033,0.0019,0.0008,0.0014,0.0009,0.001,0.0006,0.001,0.0014,0.0012,0.0028,0.0034,0.0011,0.0013,0.0012,0.0007,0.0003,0.001,0.0017,0.0021,0.003,0.0034,0.0016,0.0007,0.001,0.0008,0.001,0.001,0.0015,0.0008,0.0036,0.0048,0.0017,0.0017,0.0017,0.0011,0.0009,0.0014,0.0014,0.002,0.0047,0.0025,0.0011,0.0008,0.0014,0.0012,0.0007,0.0017,0.0008,0.001,0.003,0.0081,0.0033,0.0049,0.0029,0.0037,0.0033,0.0017,0.0038,0.0026,0.0078,0.0,0.0,0.01,0.01,0.01,0.01,0.01,0.01,0.01,0.01,0.01,0.01,0.01,0.01,0.01,0.01,0.01,0.01,0.01,0.01,0.01,0.01,0.01,0.01,0.01,0.01,0.01,0.01,0.01,0.01,0.01,0.01,0.01,0.01,0.01,0.01,0.01,0.01,0.01,0.01,0.01,0.01,0.01,0.01,0.01,0.01,0.01,0.01,0.01,0.01,0.01,0.01,0.01,0.01,0.01,0.01,0.01,0.01,0.01,0.01,0.01,0.01,0.01,0.01,0.01,0.01,0.01,0.01,0.01,0.01,0.01,0.01,0.01,0.01,0.01,0.01,0.01,0.01,0.01,0.01,0.01,0.01,0.01,0.01,0.01,0.01,0.01,0.01,0.01,0.01,0.01,0.01,0.01,0.01,0.01,0.01,0.01,0.01,0.01,0.01,0.01,0.01,0.01,0.01,0.01,0.01,0.01,0.01,0.01,0.01,0.01,0.01,0.01,0.01,0.01,0.01,0.01,0.01,0.01,0.01,0.01,0.01,0.01,0.01,0.01,0.01,0.01,0.01,0.01,0.01,0.01,0.01,0.01,0.01,0.01,0.01,0.01,0.01,0.01,0.01,0.01,0.01,0.01,0.01,0.01,0.01,0.01,0.01,0.01,0.01,0.01,0.01,0.01,0.01,0.01,0.01,0.01,0.01,0.01,0.01,0.01,0.01,0.01,0.01,0.01,0.01,0.01,0.01,0.01,0.01,0.01,0.01,0.01,0.01,0.01,0.01,0.01,0.01,0.01,0.01,0.01,0.01,0.01,0.01,0.01,0.01,0.01,0.01,0.01,0.01,0.01,0.01,0.01,0.01,0.01,0.01,0.01,0.01,0.01,0.01,0.01,0.01
vanilla,1,61000,56.643014490720816,57.02019237505738,0.5819225311279297,0.9185435771942139,1,0.22250000000000003,0.7783,0.0108,0.0028,0.0034,0.0045,0.0046,0.0029,0.0039,0.0052,0.0036,0.0077,0.0041,0.0013,0.0013,0.0013,0.0011,0.0013,0.0012,0.0021,0.0015,0.0028,0.0037,0.0015,0.0018,0.0013,0.0009,0.0011,0.0012,0.0009,0.0015,0.0033,0.0033,0.0013,0.0011,0.0016,0.0006,0.0016,0.0008,0.0015,0.0011,0.0023,0.0022,0.0009,0.0013,0.0012,0.0008,0.0004,0.0007,0.001,0.0007,0.0022,0.004,0.0011,0.0014,0.0012,0.0007,0.0007,0.0011,0.0016,0.0017,0.0026,0.0024,0.0019,0.0008,0.0011,0.0012,0.0004,0.0012,0.0015,0.0008,0.0027,0.0051,0.0018,0.0022,0.0018,0.0012,0.0007,0.0014,0.0015,0.0013,0.0041,0.002,0.0009,0.0011,0.0011,0.0009,0.0005,0.0019,0.0013,0.0008,0.0027,0.0082,0.004,0.0055,0.003,0.0041,0.0037,0.0027,0.0037,0.003,0.009,0.0,0.0,0.01,0.01,0.01,0.01,0.01,0.01,0.01,0.01,0.01,0.01,0.01,0.01,0.01,0.01,0.01,0.01,0.01,0.01,0.01,0.01,0.01,0.01,0.01,0.01,0.01,0.01,0.01,0.01,0.01,0.01,0.01,0.01,0.01,0.01,0.01,0.01,0.01,0.01,0.01,0.01,0.01,0.01,0.01,0.01,0.01,0.01,0.01,0.01,0.01,0.01,0.01,0.01,0.01,0.01,0.01,0.01,0.01,0.01,0.01,0.01,0.01,0.01,0.01,0.01,0.01,0.01,0.01,0.01,0.01,0.01,0.01,0.01,0.01,0.01,0.01,0.01,0.01,0.01,0.01,0.01,0.01,0.01,0.01,0.01,0.01,0.01,0.01,0.01,0.01,0.01,0.01,0.01,0.01,0.01,0.01,0.01,0.01,0.01,0.01,0.01,0.01,0.01,0.01,0.01,0.01,0.01,0.01,0.01,0.01,0.01,0.01,0.01,0.01,0.01,0.01,0.01,0.01,0.01,0.01,0.01,0.01,0.01,0.01,0.01,0.01,0.01,0.01,0.01,0.01,0.01,0.01,0.01,0.01,0.01,0.01,0.01,0.01,0.01,0.01,0.01,0.01,0.01,0.01,0.01,0.01,0.01,0.01,0.01,0.01,0.01,0.01,0.01,0.01,0.01,0.01,0.01,0.01,0.01,0.01,0.01,0.01,0.01,0.01,0.01,0.01,0.01,0.01,0.01,0.01,0.01,0.01,0.01,0.01,0.01,0.01,0.01,0.01,0.01,0.01,0.01,0.01,0.01,0.01,0.01,0.01,0.01,0.01,0.01,0.01,0.01,0.01,0.01,0.01,0.01,0.01,0.01,0.01,0.01,0.01,0.01
vanilla,1,62000,57.57242298859637,57.957414625096135,0.5799776315689087,0.8594242930412292,1,0.23229999999999995,0.7702000000000001,0.0125,0.0042,0.0041,0.0049,0.0047,0.0032,0.0029,0.0047,0.0035,0.0093,0.0042,0.0011,0.0011,0.0017,0.0009,0.0018,0.0015,0.0015,0.0013,0.0026,0.0038,0.0026,0.0016,0.0013,0.001,0.0009,0.0011,0.0011,0.0012,0.0035,0.0036,0.0013,0.0014,0.0018,0.0007,0.001,0.0009,0.0013,0.0015,0.0038,0.0025,0.001,0.0014,0.0006,0.0009,0.0004,0.0008,0.0009,0.0006,0.0032,0.0039,0.0008,0.0006,0.0012,0.0004,0.0011,0.0014,0.0011,0.0022,0.003,0.0034,0.0014,0.0009,0.0008,0.0011,0.0012,0.001,0.0015,0.0011,0.0031,0.0051,0.0016,0.0015,0.0019,0.0007,0.001,0.0005,0.001,0.001,0.0046,0.0025,0.001,0.0009,0.0015,0.0007,0.0005,0.0022,0.0015,0.0011,0.0027,0.0092,0.0035,0.005,0.0034,0.0043,0.0035,0.0031,0.0047,0.0025,0.009,0.0,0.0,0.01,0.01,0.01,0.01,0.01,0.01,0.01,0.01,0.01,0.01,0.01,0.01,0.01,0.01,0.01,0.01,0.01,0.01,0.01,0.01,0.01,0.01,0.01,0.01,0.01,0.01,0.01,0.01,0.01,0.01,0.01,0.01,0.01,0.01,0.01,0.01,0.01,0.01,0.01,0.01,0.01,0.01,0.01,0.01,0.01,0.01,0.01,0.01,0.01,0.01,0.01,0.01,0.01,0.01,0.01,0.01,0.01,0.01,0.01,0.01,0.01,0.01,0.01,0.01,0.01,0.01,0.01,0.01,0.01,0.01,0.01,0.01,0.01,0.01,0.01,0.01,0.01,0.01,0.01,0.01,0.01,0.01,0.01,0.01,0.01,0.01,0.01,0.01,0.01,0.01,0.01,0.01,0.01,0.01,0.01,0.01,0.01,0.01,0.01,0.01,0.01,0.01,0.01,0.01,0.01,0.01,0.01,0.01,0.01,0.01,0.01,0.01,0.01,0.01,0.01,0.01,0.01,0.01,0.01,0.01,0.01,0.01,0.01,0.01,0.01,0.01,0.01,0.01,0.01,0.01,0.01,0.01,0.01,0.01,0.01,0.01,0.01,0.01,0.01,0.01,0.01,0.01,0.01,0.01,0.01,0.01,0.01,0.01,0.01,0.01,0.01,0.01,0.01,0.01,0.01,0.01,0.01,0.01,0.01,0.01,0.01,0.01,0.01,0.01,0.01,0.01,0.01,0.01,0.01,0.01,0.01,0.01,0.01,0.01,0.01,0.01,0.01,0.01,0.01,0.01,0.01,0.01,0.01,0.01,0.01,0.01,0.01,0.01,0.01,0.01,0.01,0.01,0.01,0.01,0.01,0.01,0.01,0.01,0.01,0.01
vanilla,1,63000,58.48161137267016,58.874321666080505,0.5839270949363708,0.9183294773101807,2,0.23299999999999998,0.7696000000000001,0.0112,0.0034,0.0033,0.0048,0.0049,0.0034,0.0044,0.0051,0.0055,0.0114,0.0039,0.0017,0.0011,0.002,0.0015,0.0012,0.0012,0.0026,0.0006,0.004,0.0025,0.0022,0.0017,0.0011,0.0011,0.0005,0.001,0.0021,0.0017,0.0045,0.0029,0.001,0.0012,0.0009,0.001,0.0005,0.0009,0.0011,0.0015,0.0037,0.002,0.0005,0.0016,0.0011,0.0007,0.0007,0.0008,0.0013,0.0011,0.0037,0.0046,0.0009,0.001,0.0015,0.0002,0.0002,0.0007,0.0011,0.0022,0.0029,0.0034,0.0011,0.001,0.0009,0.0006,0.0008,0.0006,0.0009,0.0014,0.0034,0.0047,0.0014,0.002,0.002,0.0007,0.0005,0.0014,0.0012,0.0015,0.0041,0.0015,0.0009,0.001,0.0011,0.0011,0.0006,0.0014,0.0016,0.0014,0.0036,0.0089,0.0037,0.0041,0.0033,0.0043,0.0037,0.0026,0.0035,0.0026,0.0094,0.0,0.0,0.01,0.01,0.01,0.01,0.01,0.01,0.01,0.01,0.01,0.01,0.01,0.01,0.01,0.01,0.01,0.01,0.01,0.01,0.01,0.01,0.01,0.01,0.01,0.01,0.01,0.01,0.01,0.01,0.01,0.01,0.01,0.01,0.01,0.01,0.01,0.01,0.01,0.01,0.01,0.01,0.01,0.01,0.01,0.01,0.01,0.01,0.01,0.01,0.01,0.01,0.01,0.01,0.01,0.01,0.01,0.01,0.01,0.01,0.01,0.01,0.01,0.01,0.01,0.01,0.01,0.01,0.01,0.01,0.01,0.01,0.01,0.01,0.01,0.01,0.01,0.01,0.01,0.01,0.01,0.01,0.01,0.01,0.01,0.01,0.01,0.01,0.01,0.01,0.01,0.01,0.01,0.01,0.01,0.01,0.01,0.01,0.01,0.01,0.01,0.01,0.01,0.01,0.01,0.01,0.01,0.01,0.01,0.01,0.01,0.01,0.01,0.01,0.01,0.01,0.01,0.01,0.01,0.01,0.01,0.01,0.01,0.01,0.01,0.01,0.01,0.01,0.01,0.01,0.01,0.01,0.01,0.01,0.01,0.01,0.01,0.01,0.01,0.01,0.01,0.01,0.01,0.01,0.01,0.01,0.01,0.01,0.01,0.01,0.01,0.01,0.01,0.01,0.01,0.01,0.01,0.01,0.01,0.01,0.01,0.01,0.01,0.01,0.01,0.01,0.01,0.01,0.01,0.01,0.01,0.01,0.01,0.01,0.01,0.01,0.01,0.01,0.01,0.01,0.01,0.01,0.01,0.01,0.01,0.01,0.01,0.01,0.01,0.01,0.01,0.01,0.01,0.01,0.01,0.01,0.01,0.01,0.01,0.01,0.01,0.01
vanilla,1,64000,59.3960033392068,59.79612741607707,0.5733171105384827,0.9856878519058228,1,0.22250000000000003,0.7778,0.009,0.0026,0.0026,0.0045,0.004,0.0022,0.0035,0.004,0.0039,0.0094,0.0021,0.0015,0.0013,0.0009,0.0014,0.0011,0.0009,0.0022,0.0011,0.004,0.0035,0.0019,0.0015,0.0016,0.0013,0.0011,0.0013,0.0015,0.0016,0.0045,0.0016,0.0009,0.0019,0.0014,0.0011,0.0006,0.0008,0.0017,0.0016,0.0034,0.0024,0.001,0.0012,0.001,0.0006,0.0002,0.001,0.0011,0.0009,0.0032,0.0026,0.001,0.0008,0.001,0.0004,0.0004,0.001,0.0015,0.0018,0.0027,0.0046,0.0016,0.0008,0.0013,0.0006,0.0007,0.0008,0.0008,0.0007,0.0032,0.0048,0.0018,0.0019,0.001,0.0008,0.0007,0.0013,0.0014,0.0014,0.0036,0.0052,0.0011,0.001,0.0013,0.0014,0.0008,0.0014,0.0015,0.0007,0.0034,0.0103,0.0035,0.0042,0.0037,0.0032,0.0037,0.0031,0.0045,0.0024,0.0095,0.0,0.0,0.01,0.01,0.01,0.01,0.01,0.01,0.01,0.01,0.01,0.01,0.01,0.01,0.01,0.01,0.01,0.01,0.01,0.01,0.01,0.01,0.01,0.01,0.01,0.01,0.01,0.01,0.01,0.01,0.01,0.01,0.01,0.01,0.01,0.01,0.01,0.01,0.01,0.01,0.01,0.01,0.01,0.01,0.01,0.01,0.01,0.01,0.01,0.01,0.01,0.01,0.01,0.01,0.01,0.01,0.01,0.01,0.01,0.01,0.01,0.01,0.01,0.01,0.01,0.01,0.01,0.01,0.01,0.01,0.01,0.01,0.01,0.01,0.01,0.01,0.01,0.01,0.01,0.01,0.01,0.01,0.01,0.01,0.01,0.01,0.01,0.01,0.01,0.01,0.01,0.01,0.01,0.01,0.01,0.01,0.01,0.01,0.01,0.01,0.01,0.01,0.01,0.01,0.01,0.01,0.01,0.01,0.01,0.01,0.01,0.01,0.01,0.01,0.01,0.01,0.01,0.01,0.01,0.01,0.01,0.01,0.01,0.01,0.01,0.01,0.01,0.01,0.01,0.01,0.01,0.01,0.01,0.01,0.01,0.01,0.01,0.01,0.01,0.01,0.01,0.01,0.01,0.01,0.01,0.01,0.01,0.01,0.01,0.01,0.01,0.01,0.01,0.01,0.01,0.01,0.01,0.01,0.01,0.01,0.01,0.01,0.01,0.01,0.01,0.01,0.01,0.01,0.01,0.01,0.01,0.01,0.01,0.01,0.01,0.01,0.01,0.01,0.01,0.01,0.01,0.01,0.01,0.01,0.01,0.01,0.01,0.01,0.01,0.01,0.01,0.01,0.01,0.01,0.01,0.01,0.01,0.01,0.01,0.01,0.01,0.01
vanilla,1,65000,60.31667544320226,60.72390570805874,0.563368558883667,0.9673256278038025,2,0.23199999999999998,0.7705000000000001,0.0082,0.0025,0.0031,0.0041,0.0042,0.0022,0.003,0.004,0.0035,0.0124,0.0051,0.0017,0.001,0.001,0.0011,0.001,0.0013,0.0021,0.0009,0.0046,0.0036,0.003,0.0014,0.0012,0.0015,0.0011,0.0011,0.0016,0.0022,0.0047,0.0026,0.0011,0.0024,0.0009,0.0013,0.0003,0.0004,0.0012,0.0017,0.0038,0.0025,0.0007,0.0014,0.0011,0.0012,0.0002,0.0008,0.001,0.0011,0.0034,0.0034,0.0015,0.0018,0.0009,0.0005,0.0006,0.001,0.0011,0.0013,0.0032,0.0031,0.0016,0.0011,0.0012,0.001,0.0008,0.0007,0.0011,0.0013,0.0032,0.0051,0.0011,0.0017,0.0019,0.0009,0.0005,0.0014,0.0014,0.0015,0.0041,0.0025,0.0007,0.0012,0.0013,0.0012,0.001,0.001,0.0009,0.0007,0.0041,0.0084,0.0033,0.0049,0.0042,0.0049,0.0034,0.0036,0.0035,0.0036,0.0101,0.0,0.0,0.01,0.01,0.01,0.01,0.01,0.01,0.01,0.01,0.01,0.01,0.01,0.01,0.01,0.01,0.01,0.01,0.01,0.01,0.01,0.01,0.01,0.01,0.01,0.01,0.01,0.01,0.01,0.01,0.01,0.01,0.01,0.01,0.01,0.01,0.01,0.01,0.01,0.01,0.01,0.01,0.01,0.01,0.01,0.01,0.01,0.01,0.01,0.01,0.01,0.01,0.01,0.01,0.01,0.01,0.01,0.01,0.01,0.01,0.01,0.01,0.01,0.01,0.01,0.01,0.01,0.01,0.01,0.01,0.01,0.01,0.01,0.01,0.01,0.01,0.01,0.01,0.01,0.01,0.01,0.01,0.01,0.01,0.01,0.01,0.01,0.01,0.01,0.01,0.01,0.01,0.01,0.01,0.01,0.01,0.01,0.01,0.01,0.01,0.01,0.01,0.01,0.01,0.01,0.01,0.01,0.01,0.01,0.01,0.01,0.01,0.01,0.01,0.01,0.01,0.01,0.01,0.01,0.01,0.01,0.01,0.01,0.01,0.01,0.01,0.01,0.01,0.01,0.01,0.01,0.01,0.01,0.01,0.01,0.01,0.01,0.01,0.01,0.01,0.01,0.01,0.01,0.01,0.01,0.01,0.01,0.01,0.01,0.01,0.01,0.01,0.01,0.01,0.01,0.01,0.01,0.01,0.01,0.01,0.01,0.01,0.01,0.01,0.01,0.01,0.01,0.01,0.01,0.01,0.01,0.01,0.01,0.01,0.01,0.01,0.01,0.01,0.01,0.01,0.01,0.01,0.01,0.01,0.01,0.01,0.01,0.01,0.01,0.01,0.01,0.01,0.01,0.01,0.01,0.01,0.01,0.01,0.01,0.01,0.01,0.01
vanilla,1,66000,61.30873549322132,61.724631041055545,0.5789980888366699,0.9369213581085205,1,0.23770000000000002,0.7632,0.0109,0.0036,0.003,0.0044,0.0042,0.0031,0.0034,0.0045,0.0043,0.0098,0.0037,0.0016,0.001,0.0011,0.0016,0.0012,0.0009,0.0021,0.0011,0.0037,0.0035,0.0017,0.0015,0.0019,0.0019,0.0014,0.0014,0.0027,0.002,0.0049,0.0033,0.0009,0.002,0.0011,0.0014,0.0006,0.0005,0.0016,0.0016,0.004,0.0023,0.001,0.0014,0.001,0.0011,0.0002,0.0006,0.0007,0.0011,0.0033,0.0035,0.0009,0.002,0.0012,0.001,0.0001,0.0011,0.0013,0.0014,0.004,0.0035,0.0016,0.0009,0.0009,0.0007,0.0009,0.0006,0.0008,0.0016,0.0032,0.0053,0.0011,0.0019,0.0017,0.0008,0.0007,0.0011,0.0016,0.0016,0.0038,0.0025,0.0009,0.0009,0.0013,0.0011,0.0006,0.0011,0.0011,0.0009,0.0045,0.0084,0.0039,0.0056,0.0042,0.0045,0.004,0.0035,0.003,0.0033,0.0098,0.0,0.0,0.01,0.01,0.01,0.01,0.01,0.01,0.01,0.01,0.01,0.01,0.01,0.01,0.01,0.01,0.01,0.01,0.01,0.01,0.01,0.01,0.01,0.01,0.01,0.01,0.01,0.01,0.01,0.01,0.01,0.01,0.01,0.01,0.01,0.01,0.01,0.01,0.01,0.01,0.01,0.01,0.01,0.01,0.01,0.01,0.01,0.01,0.01,0.01,0.01,0.01,0.01,0.01,0.01,0.01,0.01,0.01,0.01,0.01,0.01,0.01,0.01,0.01,0.01,0.01,0.01,0.01,0.01,0.01,0.01,0.01,0.01,0.01,0.01,0.01,0.01,0.01,0.01,0.01,0.01,0.01,0.01,0.01,0.01,0.01,0.01,0.01,0.01,0.01,0.01,0.01,0.01,0.01,0.01,0.01,0.01,0.01,0.01,0.01,0.01,0.01,0.01,0.01,0.01,0.01,0.01,0.01,0.01,0.01,0.01,0.01,0.01,0.01,0.01,0.01,0.01,0.01,0.01,0.01,0.01,0.01,0.01,0.01,0.01,0.01,0.01,0.01,0.01,0.01,0.01,0.01,0.01,0.01,0.01,0.01,0.01,0.01,0.01,0.01,0.01,0.01,0.01,0.01,0.01,0.01,0.01,0.01,0.01,0.01,0.01,0.01,0.01,0.01,0.01,0.01,0.01,0.01,0.01,0.01,0.01,0.01,0.01,0.01,0.01,0.01,0.01,0.01,0.01,0.01,0.01,0.01,0.01,0.01,0.01,0.01,0.01,0.01,0.01,0.01,0.01,0.01,0.01,0.01,0.01,0.01,0.01,0.01,0.01,0.01,0.01,0.01,0.01,0.01,0.01,0.01,0.01,0.01,0.01,0.01,0.01,0.01
vanilla,1,67000,62.349148879991844,62.77413183299359,0.5898932218551636,0.9636417627334595,2,0.23219999999999996,0.7693000000000001,0.0099,0.0032,0.0032,0.004,0.0043,0.0024,0.0036,0.0032,0.0029,0.0107,0.0037,0.0015,0.0012,0.0007,0.0018,0.0012,0.0008,0.0025,0.0007,0.0039,0.0033,0.0021,0.0023,0.0015,0.0019,0.001,0.0012,0.0023,0.0016,0.0051,0.0033,0.001,0.0022,0.0009,0.0012,0.0008,0.0001,0.0019,0.0015,0.0035,0.0029,0.0008,0.001,0.0011,0.0009,0.0003,0.0009,0.0011,0.0006,0.0028,0.0034,0.0009,0.0013,0.0008,0.0008,0.0001,0.0007,0.0012,0.0015,0.0037,0.0042,0.0017,0.0004,0.0009,0.0006,0.0005,0.0008,0.001,0.0009,0.0045,0.0064,0.0014,0.0018,0.0019,0.0006,0.0005,0.0012,0.0012,0.0019,0.0045,0.0029,0.0008,0.0009,0.0014,0.001,0.0003,0.001,0.0011,0.0007,0.0046,0.0089,0.0039,0.0054,0.0041,0.0041,0.0039,0.0027,0.003,0.0029,0.0108,0.0,0.0,0.01,0.01,0.01,0.01,0.01,0.01,0.01,0.01,0.01,0.01,0.01,0.01,0.01,0.01,0.01,0.01,0.01,0.01,0.01,0.01,0.01,0.01,0.01,0.01,0.01,0.01,0.01,0.01,0.01,0.01,0.01,0.01,0.01,0.01,0.01,0.01,0.01,0.01,0.01,0.01,0.01,0.01,0.01,0.01,0.01,0.01,0.01,0.01,0.01,0.01,0.01,0.01,0.01,0.01,0.01,0.01,0.01,0.01,0.01,0.01,0.01,0.01,0.01,0.01,0.01,0.01,0.01,0.01,0.01,0.01,0.01,0.01,0.01,0.01,0.01,0.01,0.01,0.01,0.01,0.01,0.01,0.01,0.01,0.01,0.01,0.01,0.01,0.01,0.01,0.01,0.01,0.01,0.01,0.01,0.01,0.01,0.01,0.01,0.01,0.01,0.01,0.01,0.01,0.01,0.01,0.01,0.01,0.01,0.01,0.01,0.01,0.01,0.01,0.01,0.01,0.01,0.01,0.01,0.01,0.01,0.01,0.01,0.01,0.01,0.01,0.01,0.01,0.01,0.01,0.01,0.01,0.01,0.01,0.01,0.01,0.01,0.01,0.01,0.01,0.01,0.01,0.01,0.01,0.01,0.01,0.01,0.01,0.01,0.01,0.01,0.01,0.01,0.01,0.01,0.01,0.01,0.01,0.01,0.01,0.01,0.01,0.01,0.01,0.01,0.01,0.01,0.01,0.01,0.01,0.01,0.01,0.01,0.01,0.01,0.01,0.01,0.01,0.01,0.01,0.01,0.01,0.01,0.01,0.01,0.01,0.01,0.01,0.01,0.01,0.01,0.01,0.01,0.01,0.01,0.01,0.01,0.01,0.01,0.01,0.01
vanilla,1,68000,63.30265295843128,63.73785733303521,0.5759347677230835,0.9807047247886658,1,0.23709999999999998,0.7644,0.0097,0.0029,0.0045,0.0039,0.0052,0.0029,0.0035,0.0046,0.004,0.0115,0.0032,0.0017,0.0011,0.0017,0.0017,0.001,0.0009,0.002,0.001,0.0048,0.0044,0.003,0.0018,0.0013,0.0013,0.0007,0.0012,0.0018,0.002,0.0047,0.0034,0.0011,0.0012,0.0006,0.0014,0.0008,0.0006,0.001,0.0017,0.0035,0.0029,0.001,0.0012,0.0011,0.001,0.0003,0.0003,0.0006,0.0012,0.0038,0.0033,0.001,0.0008,0.0006,0.0013,0.0007,0.0006,0.0013,0.0019,0.0035,0.0039,0.0018,0.0005,0.0006,0.0008,0.0009,0.001,0.0008,0.0015,0.0033,0.006,0.0016,0.0014,0.0016,0.0012,0.0008,0.0014,0.001,0.0017,0.0046,0.0032,0.0008,0.0009,0.0013,0.0015,0.0006,0.0013,0.0017,0.0002,0.0036,0.0092,0.0045,0.0053,0.0031,0.0032,0.0031,0.0028,0.0039,0.0033,0.0095,0.0,0.0,0.01,0.01,0.01,0.01,0.01,0.01,0.01,0.01,0.01,0.01,0.01,0.01,0.01,0.01,0.01,0.01,0.01,0.01,0.01,0.01,0.01,0.01,0.01,0.01,0.01,0.01,0.01,0.01,0.01,0.01,0.01,0.01,0.01,0.01,0.01,0.01,0.01,0.01,0.01,0.01,0.01,0.01,0.01,0.01,0.01,0.01,0.01,0.01,0.01,0.01,0.01,0.01,0.01,0.01,0.01,0.01,0.01,0.01,0.01,0.01,0.01,0.01,0.01,0.01,0.01,0.01,0.01,0.01,0.01,0.01,0.01,0.01,0.01,0.01,0.01,0.01,0.01,0.01,0.01,0.01,0.01,0.01,0.01,0.01,0.01,0.01,0.01,0.01,0.01,0.01,0.01,0.01,0.01,0.01,0.01,0.01,0.01,0.01,0.01,0.01,0.01,0.01,0.01,0.01,0.01,0.01,0.01,0.01,0.01,0.01,0.01,0.01,0.01,0.01,0.01,0.01,0.01,0.01,0.01,0.01,0.01,0.01,0.01,0.01,0.01,0.01,0.01,0.01,0.01,0.01,0.01,0.01,0.01,0.01,0.01,0.01,0.01,0.01,0.01,0.01,0.01,0.01,0.01,0.01,0.01,0.01,0.01,0.01,0.01,0.01,0.01,0.01,0.01,0.01,0.01,0.01,0.01,0.01,0.01,0.01,0.01,0.01,0.01,0.01,0.01,0.01,0.01,0.01,0.01,0.01,0.01,0.01,0.01,0.01,0.01,0.01,0.01,0.01,0.01,0.01,0.01,0.01,0.01,0.01,0.01,0.01,0.01,0.01,0.01,0.01,0.01,0.01,0.01,0.01,0.01,0.01,0.01,0.01,0.01,0.01
vanilla,1,69000,64.21995722723659,64.66486783302389,0.5831583738327026,0.9221377372741699,3,0.24080000000000001,0.7613000000000001,0.0103,0.0024,0.0049,0.0041,0.0057,0.0023,0.0037,0.0042,0.0043,0.0112,0.0038,0.0011,0.0014,0.0014,0.0014,0.0009,0.0011,0.0021,0.0015,0.0047,0.0045,0.0026,0.0025,0.0015,0.0014,0.0013,0.0016,0.0026,0.0025,0.0054,0.0021,0.0011,0.0014,0.0014,0.001,0.0005,0.0004,0.0016,0.0013,0.0039,0.0025,0.0003,0.0015,0.001,0.0007,0.0004,0.0007,0.0009,0.0009,0.0028,0.0037,0.0011,0.0014,0.0007,0.001,0.0004,0.0011,0.001,0.0012,0.003,0.0037,0.0017,0.0006,0.0006,0.001,0.0006,0.0014,0.0008,0.0013,0.0037,0.0053,0.0015,0.0019,0.0019,0.0007,0.0003,0.0012,0.0012,0.0022,0.0038,0.0027,0.0006,0.0008,0.0008,0.0012,0.0003,0.0015,0.0008,0.0011,0.0035,0.0093,0.0039,0.0055,0.0038,0.0038,0.004,0.0035,0.0039,0.0044,0.0106,0.0,0.0,0.01,0.01,0.01,0.01,0.01,0.01,0.01,0.01,0.01,0.01,0.01,0.01,0.01,0.01,0.01,0.01,0.01,0.01,0.01,0.01,0.01,0.01,0.01,0.01,0.01,0.01,0.01,0.01,0.01,0.01,0.01,0.01,0.01,0.01,0.01,0.01,0.01,0.01,0.01,0.01,0.01,0.01,0.01,0.01,0.01,0.01,0.01,0.01,0.01,0.01,0.01,0.01,0.01,0.01,0.01,0.01,0.01,0.01,0.01,0.01,0.01,0.01,0.01,0.01,0.01,0.01,0.01,0.01,0.01,0.01,0.01,0.01,0.01,0.01,0.01,0.01,0.01,0.01,0.01,0.01,0.01,0.01,0.01,0.01,0.01,0.01,0.01,0.01,0.01,0.01,0.01,0.01,0.01,0.01,0.01,0.01,0.01,0.01,0.01,0.01,0.01,0.01,0.01,0.01,0.01,0.01,0.01,0.01,0.01,0.01,0.01,0.01,0.01,0.01,0.01,0.01,0.01,0.01,0.01,0.01,0.01,0.01,0.01,0.01,0.01,0.01,0.01,0.01,0.01,0.01,0.01,0.01,0.01,0.01,0.01,0.01,0.01,0.01,0.01,0.01,0.01,0.01,0.01,0.01,0.01,0.01,0.01,0.01,0.01,0.01,0.01,0.01,0.01,0.01,0.01,0.01,0.01,0.01,0.01,0.01,0.01,0.01,0.01,0.01,0.01,0.01,0.01,0.01,0.01,0.01,0.01,0.01,0.01,0.01,0.01,0.01,0.01,0.01,0.01,0.01,0.01,0.01,0.01,0.01,0.01,0.01,0.01,0.01,0.01,0.01,0.01,0.01,0.01,0.01,0.01,0.01,0.01,0.01,0.01,0.01
vanilla,1,70000,65.13762756239157,65.59048037498724,0.5936999320983887,0.86237633228302,2,0.23019999999999996,0.7725000000000001,0.0106,0.0033,0.0049,0.0038,0.0051,0.0031,0.0035,0.0042,0.0037,0.0121,0.0035,0.0017,0.0015,0.0012,0.0013,0.001,0.0008,0.0016,0.0012,0.0041,0.0035,0.0019,0.0013,0.0013,0.0014,0.0006,0.001,0.0023,0.0018,0.0053,0.0022,0.0007,0.0015,0.0005,0.001,0.0007,0.0008,0.0013,0.0013,0.0046,0.0023,0.0016,0.0009,0.0006,0.0008,0.0002,0.0003,0.0015,0.0011,0.0031,0.0039,0.0012,0.0012,0.0014,0.0009,0.0004,0.0008,0.001,0.0016,0.0029,0.0028,0.0018,0.0006,0.0005,0.0003,0.0006,0.001,0.0012,0.0009,0.0035,0.0057,0.0017,0.0015,0.0015,0.0012,0.0008,0.0012,0.0015,0.0016,0.0036,0.0033,0.0009,0.0005,0.0014,0.0014,0.0006,0.0013,0.0011,0.0009,0.0041,0.0095,0.0035,0.0043,0.0036,0.003,0.0038,0.0028,0.0043,0.0029,0.0086,0.0,0.0,0.01,0.01,0.01,0.01,0.01,0.01,0.01,0.01,0.01,0.01,0.01,0.01,0.01,0.01,0.01,0.01,0.01,0.01,0.01,0.01,0.01,0.01,0.01,0.01,0.01,0.01,0.01,0.01,0.01,0.01,0.01,0.01,0.01,0.01,0.01,0.01,0.01,0.01,0.01,0.01,0.01,0.01,0.01,0.01,0.01,0.01,0.01,0.01,0.01,0.01,0.01,0.01,0.01,0.01,0.01,0.01,0.01,0.01,0.01,0.01,0.01,0.01,0.01,0.01,0.01,0.01,0.01,0.01,0.01,0.01,0.01,0.01,0.01,0.01,0.01,0.01,0.01,0.01,0.01,0.01,0.01,0.01,0.01,0.01,0.01,0.01,0.01,0.01,0.01,0.01,0.01,0.01,0.01,0.01,0.01,0.01,0.01,0.01,0.01,0.01,0.01,0.01,0.01,0.01,0.01,0.01,0.01,0.01,0.01,0.01,0.01,0.01,0.01,0.01,0.01,0.01,0.01,0.01,0.01,0.01,0.01,0.01,0.01,0.01,0.01,0.01,0.01,0.01,0.01,0.01,0.01,0.01,0.01,0.01,0.01,0.01,0.01,0.01,0.01,0.01,0.01,0.01,0.01,0.01,0.01,0.01,0.01,0.01,0.01,0.01,0.01,0.01,0.01,0.01,0.01,0.01,0.01,0.01,0.01,0.01,0.01,0.01,0.01,0.01,0.01,0.01,0.01,0.01,0.01,0.01,0.01,0.01,0.01,0.01,0.01,0.01,0.01,0.01,0.01,0.01,0.01,0.01,0.01,0.01,0.01,0.01,0.01,0.01,0.01,0.01,0.01,0.01,0.01,0.01,0.01,0.01,0.01,0.01,0.01,0.01
vanilla,1,71000,66.06752785597928,66.52872941608075,0.5889165997505188,0.9626615047454834,2,0.22999999999999998,0.7718,0.0079,0.0023,0.0047,0.0037,0.0047,0.0024,0.0033,0.0038,0.0035,0.0109,0.0028,0.0012,0.0014,0.0016,0.002,0.001,0.0004,0.0018,0.0011,0.0038,0.0031,0.0018,0.002,0.001,0.0011,0.0014,0.0012,0.003,0.0022,0.0051,0.0014,0.0012,0.0019,0.001,0.0014,0.001,0.0005,0.0014,0.0017,0.0054,0.0023,0.001,0.0019,0.0013,0.0009,0.0005,0.0006,0.0007,0.001,0.003,0.0031,0.001,0.0014,0.0009,0.0006,0.0004,0.0008,0.001,0.0014,0.0026,0.0033,0.0018,0.0009,0.0007,0.0007,0.0007,0.0009,0.0007,0.0013,0.0046,0.005,0.0013,0.0023,0.0014,0.0008,0.0007,0.0005,0.0013,0.0015,0.0045,0.0026,0.0011,0.0009,0.0015,0.0013,0.0005,0.0016,0.001,0.001,0.004,0.0081,0.0036,0.0049,0.0038,0.0036,0.0046,0.0022,0.0041,0.0043,0.0109,0.0,0.0,0.01,0.01,0.01,0.01,0.01,0.01,0.01,0.01,0.01,0.01,0.01,0.01,0.01,0.01,0.01,0.01,0.01,0.01,0.01,0.01,0.01,0.01,0.01,0.01,0.01,0.01,0.01,0.01,0.01,0.01,0.01,0.01,0.01,0.01,0.01,0.01,0.01,0.01,0.01,0.01,0.01,0.01,0.01,0.01,0.01,0.01,0.01,0.01,0.01,0.01,0.01,0.01,0.01,0.01,0.01,0.01,0.01,0.01,0.01,0.01,0.01,0.01,0.01,0.01,0.01,0.01,0.01,0.01,0.01,0.01,0.01,0.01,0.01,0.01,0.01,0.01,0.01,0.01,0.01,0.01,0.01,0.01,0.01,0.01,0.01,0.01,0.01,0.01,0.01,0.01,0.01,0.01,0.01,0.01,0.01,0.01,0.01,0.01,0.01,0.01,0.01,0.01,0.01,0.01,0.01,0.01,0.01,0.01,0.01,0.01,0.01,0.01,0.01,0.01,0.01,0.01,0.01,0.01,0.01,0.01,0.01,0.01,0.01,0.01,0.01,0.01,0.01,0.01,0.01,0.01,0.01,0.01,0.01,0.01,0.01,0.01,0.01,0.01,0.01,0.01,0.01,0.01,0.01,0.01,0.01,0.01,0.01,0.01,0.01,0.01,0.01,0.01,0.01,0.01,0.01,0.01,0.01,0.01,0.01,0.01,0.01,0.01,0.01,0.01,0.01,0.01,0.01,0.01,0.01,0.01,0.01,0.01,0.01,0.01,0.01,0.01,0.01,0.01,0.01,0.01,0.01,0.01,0.01,0.01,0.01,0.01,0.01,0.01,0.01,0.01,0.01,0.01,0.01,0.01,0.01,0.01,0.01,0.01,0.01,0.01
vanilla,1,72000,66.9865510368254,67.45622333302163,0.5681605935096741,0.9250869750976562,3,0.24140000000000006,0.7615999999999999,0.0105,0.0028,0.0051,0.0041,0.0052,0.0028,0.0033,0.0053,0.0043,0.012,0.0037,0.0015,0.0011,0.001,0.0018,0.0011,0.0007,0.0017,0.0013,0.0042,0.0032,0.0023,0.0016,0.0016,0.0013,0.0008,0.0016,0.003,0.002,0.0049,0.0021,0.0008,0.0014,0.0011,0.0011,0.0007,0.0002,0.0015,0.0015,0.004,0.0033,0.0006,0.0012,0.0015,0.0009,0.0003,0.0009,0.0008,0.0008,0.0036,0.0038,0.0008,0.0016,0.0012,0.0011,0.0003,0.0011,0.0016,0.0019,0.003,0.0036,0.0016,0.0004,0.001,0.0007,0.0004,0.001,0.0007,0.0017,0.0038,0.0048,0.0015,0.0023,0.0015,0.0009,0.0006,0.0009,0.0013,0.0018,0.0041,0.0028,0.0009,0.0009,0.0015,0.0014,0.0004,0.0014,0.001,0.0013,0.0032,0.0089,0.0029,0.006,0.0035,0.0044,0.0041,0.003,0.0041,0.0041,0.0105,0.0,0.0,0.01,0.01,0.01,0.01,0.01,0.01,0.01,0.01,0.01,0.01,0.01,0.01,0.01,0.01,0.01,0.01,0.01,0.01,0.01,0.01,0.01,0.01,0.01,0.01,0.01,0.01,0.01,0.01,0.01,0.01,0.01,0.01,0.01,0.01,0.01,0.01,0.01,0.01,0.01,0.01,0.01,0.01,0.01,0.01,0.01,0.01,0.01,0.01,0.01,0.01,0.01,0.01,0.01,0.01,0.01,0.01,0.01,0.01,0.01,0.01,0.01,0.01,0.01,0.01,0.01,0.01,0.01,0.01,0.01,0.01,0.01,0.01,0.01,0.01,0.01,0.01,0.01,0.01,0.01,0.01,0.01,0.01,0.01,0.01,0.01,0.01,0.01,0.01,0.01,0.01,0.01,0.01,0.01,0.01,0.01,0.01,0.01,0.01,0.01,0.01,0.01,0.01,0.01,0.01,0.01,0.01,0.01,0.01,0.01,0.01,0.01,0.01,0.01,0.01,0.01,0.01,0.01,0.01,0.01,0.01,0.01,0.01,0.01,0.01,0.01,0.01,0.01,0.01,0.01,0.01,0.01,0.01,0.01,0.01,0.01,0.01,0.01,0.01,0.01,0.01,0.01,0.01,0.01,0.01,0.01,0.01,0.01,0.01,0.01,0.01,0.01,0.01,0.01,0.01,0.01,0.01,0.01,0.01,0.01,0.01,0.01,0.01,0.01,0.01,0.01,0.01,0.01,0.01,0.01,0.01,0.01,0.01,0.01,0.01,0.01,0.01,0.01,0.01,0.01,0.01,0.01,0.01,0.01,0.01,0.01,0.01,0.01,0.01,0.01,0.01,0.01,0.01,0.01,0.01,0.01,0.01,0.01,0.01,0.01,0.01
vanilla,1,73000,67.90091860154644,68.3801178750582,0.5460599064826965,1.0396783351898193,2,0.2419,0.7612,0.0099,0.0025,0.0045,0.0047,0.0057,0.0031,0.0045,0.0046,0.0045,0.0126,0.0037,0.0012,0.0012,0.001,0.0016,0.0008,0.0007,0.002,0.001,0.004,0.0041,0.0026,0.0024,0.0019,0.0016,0.0009,0.0016,0.0026,0.0024,0.0048,0.0025,0.0009,0.0017,0.0011,0.0014,0.0003,0.0006,0.002,0.0013,0.0039,0.0026,0.0007,0.0012,0.0013,0.001,0.0,0.0004,0.0008,0.0011,0.0029,0.0038,0.0015,0.0015,0.0012,0.001,0.0005,0.001,0.0012,0.0014,0.0028,0.0036,0.002,0.001,0.0007,0.0007,0.0007,0.0013,0.0006,0.0015,0.003,0.0052,0.0011,0.0026,0.0012,0.0008,0.0004,0.001,0.0016,0.0017,0.0041,0.0024,0.0006,0.0008,0.0013,0.0012,0.0004,0.0015,0.0007,0.0007,0.0043,0.008,0.0033,0.0058,0.0036,0.0044,0.0043,0.003,0.0042,0.0038,0.0105,0.0,0.0,0.01,0.01,0.01,0.01,0.01,0.01,0.01,0.01,0.01,0.01,0.01,0.01,0.01,0.01,0.01,0.01,0.01,0.01,0.01,0.01,0.01,0.01,0.01,0.01,0.01,0.01,0.01,0.01,0.01,0.01,0.01,0.01,0.01,0.01,0.01,0.01,0.01,0.01,0.01,0.01,0.01,0.01,0.01,0.01,0.01,0.01,0.01,0.01,0.01,0.01,0.01,0.01,0.01,0.01,0.01,0.01,0.01,0.01,0.01,0.01,0.01,0.01,0.01,0.01,0.01,0.01,0.01,0.01,0.01,0.01,0.01,0.01,0.01,0.01,0.01,0.01,0.01,0.01,0.01,0.01,0.01,0.01,0.01,0.01,0.01,0.01,0.01,0.01,0.01,0.01,0.01,0.01,0.01,0.01,0.01,0.01,0.01,0.01,0.01,0.01,0.01,0.01,0.01,0.01,0.01,0.01,0.01,0.01,0.01,0.01,0.01,0.01,0.01,0.01,0.01,0.01,0.01,0.01,0.01,0.01,0.01,0.01,0.01,0.01,0.01,0.01,0.01,0.01,0.01,0.01,0.01,0.01,0.01,0.01,0.01,0.01,0.01,0.01,0.01,0.01,0.01,0.01,0.01,0.01,0.01,0.01,0.01,0.01,0.01,0.01,0.01,0.01,0.01,0.01,0.01,0.01,0.01,0.01,0.01,0.01,0.01,0.01,0.01,0.01,0.01,0.01,0.01,0.01,0.01,0.01,0.01,0.01,0.01,0.01,0.01,0.01,0.01,0.01,0.01,0.01,0.01,0.01,0.01,0.01,0.01,0.01,0.01,0.01,0.01,0.01,0.01,0.01,0.01,0.01,0.01,0.01,0.01,0.01,0.01,0.01
vanilla,1,74000,68.84288985235617,69.33022674999665,0.580184280872345,1.0177037715911865,2,0.23639999999999994,0.7654000000000001,0.0118,0.0029,0.0053,0.0041,0.0055,0.0034,0.0035,0.0043,0.0032,0.0091,0.0047,0.001,0.0011,0.001,0.0019,0.0009,0.0007,0.0023,0.0013,0.0022,0.0034,0.003,0.0013,0.0023,0.0018,0.0007,0.0015,0.0019,0.0019,0.0046,0.0032,0.001,0.0011,0.001,0.0013,0.0004,0.001,0.0011,0.0015,0.0052,0.0028,0.001,0.0011,0.0012,0.0012,0.0005,0.0003,0.0007,0.0008,0.0027,0.0042,0.0013,0.0017,0.001,0.0008,0.0002,0.0011,0.0013,0.0016,0.0024,0.0043,0.0017,0.0007,0.0008,0.0005,0.0011,0.0007,0.0008,0.001,0.0041,0.0055,0.0008,0.0014,0.0012,0.001,0.0009,0.0009,0.0019,0.0005,0.0038,0.0029,0.0013,0.0009,0.0014,0.0009,0.0007,0.0009,0.0009,0.0009,0.0039,0.0092,0.004,0.0038,0.003,0.0045,0.0042,0.003,0.006,0.0031,0.01,0.0,0.0,0.01,0.01,0.01,0.01,0.01,0.01,0.01,0.01,0.01,0.01,0.01,0.01,0.01,0.01,0.01,0.01,0.01,0.01,0.01,0.01,0.01,0.01,0.01,0.01,0.01,0.01,0.01,0.01,0.01,0.01,0.01,0.01,0.01,0.01,0.01,0.01,0.01,0.01,0.01,0.01,0.01,0.01,0.01,0.01,0.01,0.01,0.01,0.01,0.01,0.01,0.01,0.01,0.01,0.01,0.01,0.01,0.01,0.01,0.01,0.01,0.01,0.01,0.01,0.01,0.01,0.01,0.01,0.01,0.01,0.01,0.01,0.01,0.01,0.01,0.01,0.01,0.01,0.01,0.01,0.01,0.01,0.01,0.01,0.01,0.01,0.01,0.01,0.01,0.01,0.01,0.01,0.01,0.01,0.01,0.01,0.01,0.01,0.01,0.01,0.01,0.01,0.01,0.01,0.01,0.01,0.01,0.01,0.01,0.01,0.01,0.01,0.01,0.01,0.01,0.01,0.01,0.01,0.01,0.01,0.01,0.01,0.01,0.01,0.01,0.01,0.01,0.01,0.01,0.01,0.01,0.01,0.01,0.01,0.01,0.01,0.01,0.01,0.01,0.01,0.01,0.01,0.01,0.01,0.01,0.01,0.01,0.01,0.01,0.01,0.01,0.01,0.01,0.01,0.01,0.01,0.01,0.01,0.01,0.01,0.01,0.01,0.01,0.01,0.01,0.01,0.01,0.01,0.01,0.01,0.01,0.01,0.01,0.01,0.01,0.01,0.01,0.01,0.01,0.01,0.01,0.01,0.01,0.01,0.01,0.01,0.01,0.01,0.01,0.01,0.01,0.01,0.01,0.01,0.01,0.01,0.01,0.01,0.01,0.01,0.01
vanilla,1,75000,69.7620894756401,70.25753704109229,0.5647563934326172,0.9889845848083496,2,0.22799999999999998,0.7726000000000001,0.0086,0.0026,0.0044,0.0036,0.0039,0.0024,0.0028,0.0033,0.0021,0.0089,0.0027,0.0017,0.001,0.001,0.0017,0.0013,0.0009,0.0021,0.0011,0.0039,0.003,0.0026,0.0012,0.0024,0.0013,0.0004,0.0009,0.0022,0.0023,0.0052,0.002,0.0012,0.001,0.0008,0.0014,0.0004,0.0007,0.0017,0.0015,0.0044,0.003,0.0014,0.0014,0.0009,0.0007,0.0002,0.0004,0.0007,0.0006,0.0033,0.0034,0.0011,0.0021,0.0009,0.0008,0.0001,0.001,0.0014,0.0011,0.003,0.0032,0.0017,0.0006,0.0006,0.0006,0.0007,0.0015,0.0009,0.0011,0.0038,0.0049,0.0013,0.0019,0.0017,0.0012,0.0007,0.0013,0.0011,0.0011,0.0054,0.0028,0.0014,0.001,0.0014,0.0009,0.0007,0.0015,0.001,0.0008,0.0037,0.0105,0.0035,0.0045,0.0038,0.005,0.0047,0.0034,0.0043,0.0036,0.0101,0.0,0.0,0.01,0.01,0.01,0.01,0.01,0.01,0.01,0.01,0.01,0.01,0.01,0.01,0.01,0.01,0.01,0.01,0.01,0.01,0.01,0.01,0.01,0.01,0.01,0.01,0.01,0.01,0.01,0.01,0.01,0.01,0.01,0.01,0.01,0.01,0.01,0.01,0.01,0.01,0.01,0.01,0.01,0.01,0.01,0.01,0.01,0.01,0.01,0.01,0.01,0.01,0.01,0.01,0.01,0.01,0.01,0.01,0.01,0.01,0.01,0.01,0.01,0.01,0.01,0.01,0.01,0.01,0.01,0.01,0.01,0.01,0.01,0.01,0.01,0.01,0.01,0.01,0.01,0.01,0.01,0.01,0.01,0.01,0.01,0.01,0.01,0.01,0.01,0.01,0.01,0.01,0.01,0.01,0.01,0.01,0.01,0.01,0.01,0.01,0.01,0.01,0.01,0.01,0.01,0.01,0.01,0.01,0.01,0.01,0.01,0.01,0.01,0.01,0.01,0.01,0.01,0.01,0.01,0.01,0.01,0.01,0.01,0.01,0.01,0.01,0.01,0.01,0.01,0.01,0.01,0.01,0.01,0.01,0.01,0.01,0.01,0.01,0.01,0.01,0.01,0.01,0.01,0.01,0.01,0.01,0.01,0.01,0.01,0.01,0.01,0.01,0.01,0.01,0.01,0.01,0.01,0.01,0.01,0.01,0.01,0.01,0.01,0.01,0.01,0.01,0.01,0.01,0.01,0.01,0.01,0.01,0.01,0.01,0.01,0.01,0.01,0.01,0.01,0.01,0.01,0.01,0.01,0.01,0.01,0.01,0.01,0.01,0.01,0.01,0.01,0.01,0.01,0.01,0.01,0.01,0.01,0.01,0.01,0.01,0.01,0.01
vanilla,1,76000,70.69045387557708,71.19353070808575,0.5372219681739807,0.9631063938140869,1,0.23740000000000006,0.7632999999999999,0.0085,0.003,0.0043,0.0047,0.0041,0.0031,0.0034,0.0034,0.0036,0.0097,0.0041,0.0007,0.0014,0.0008,0.0017,0.001,0.0004,0.0019,0.0014,0.0022,0.0035,0.0028,0.0012,0.002,0.0021,0.0012,0.0012,0.0022,0.0024,0.0046,0.0026,0.0012,0.0014,0.0009,0.0009,0.001,0.0008,0.0022,0.0017,0.0054,0.0024,0.0008,0.0016,0.001,0.0008,0.0005,0.0006,0.0017,0.0016,0.0039,0.0039,0.0019,0.0014,0.0006,0.0008,0.0001,0.0011,0.0008,0.0011,0.0026,0.0043,0.0026,0.0005,0.0006,0.0012,0.0004,0.0011,0.0009,0.0011,0.0041,0.0056,0.0015,0.0019,0.0009,0.0013,0.0005,0.0013,0.0018,0.0004,0.0038,0.0027,0.0009,0.001,0.0014,0.0006,0.0009,0.0011,0.0015,0.0014,0.0046,0.0088,0.0033,0.0054,0.003,0.0043,0.004,0.0034,0.005,0.0037,0.0107,0.0,0.0,0.01,0.01,0.01,0.01,0.01,0.01,0.01,0.01,0.01,0.01,0.01,0.01,0.01,0.01,0.01,0.01,0.01,0.01,0.01,0.01,0.01,0.01,0.01,0.01,0.01,0.01,0.01,0.01,0.01,0.01,0.01,0.01,0.01,0.01,0.01,0.01,0.01,0.01,0.01,0.01,0.01,0.01,0.01,0.01,0.01,0.01,0.01,0.01,0.01,0.01,0.01,0.01,0.01,0.01,0.01,0.01,0.01,0.01,0.01,0.01,0.01,0.01,0.01,0.01,0.01,0.01,0.01,0.01,0.01,0.01,0.01,0.01,0.01,0.01,0.01,0.01,0.01,0.01,0.01,0.01,0.01,0.01,0.01,0.01,0.01,0.01,0.01,0.01,0.01,0.01,0.01,0.01,0.01,0.01,0.01,0.01,0.01,0.01,0.01,0.01,0.01,0.01,0.01,0.01,0.01,0.01,0.01,0.01,0.01,0.01,0.01,0.01,0.01,0.01,0.01,0.01,0.01,0.01,0.01,0.01,0.01,0.01,0.01,0.01,0.01,0.01,0.01,0.01,0.01,0.01,0.01,0.01,0.01,0.01,0.01,0.01,0.01,0.01,0.01,0.01,0.01,0.01,0.01,0.01,0.01,0.01,0.01,0.01,0.01,0.01,0.01,0.01,0.01,0.01,0.01,0.01,0.01,0.01,0.01,0.01,0.01,0.01,0.01,0.01,0.01,0.01,0.01,0.01,0.01,0.01,0.01,0.01,0.01,0.01,0.01,0.01,0.01,0.01,0.01,0.01,0.01,0.01,0.01,0.01,0.01,0.01,0.01,0.01,0.01,0.01,0.01,0.01,0.01,0.01,0.01,0.01,0.01,0.01,0.01,0.01
vanilla,1,77000,71.61182829516474,72.1232950000558,0.5857979655265808,0.9931786060333252,2,0.23849999999999993,0.7644,0.0118,0.0033,0.0058,0.005,0.0055,0.0037,0.004,0.0052,0.0038,0.0111,0.0041,0.0013,0.0019,0.001,0.0017,0.0011,0.001,0.002,0.0014,0.004,0.0039,0.0031,0.0012,0.0013,0.0015,0.0003,0.0008,0.002,0.0019,0.0044,0.0029,0.0009,0.0007,0.0006,0.0013,0.0002,0.0006,0.0014,0.0013,0.0037,0.0023,0.0004,0.0015,0.0007,0.0006,0.0005,0.0003,0.0007,0.0008,0.0036,0.0034,0.002,0.0013,0.001,0.0008,0.0002,0.0011,0.0016,0.0015,0.0027,0.0033,0.0016,0.0009,0.0005,0.0011,0.0003,0.0011,0.0013,0.001,0.0029,0.0054,0.0014,0.0021,0.0021,0.0011,0.0012,0.0013,0.0014,0.0016,0.004,0.0024,0.001,0.0012,0.0014,0.0009,0.0007,0.0015,0.0014,0.0009,0.0032,0.0088,0.0031,0.0048,0.0035,0.0041,0.0043,0.0028,0.0052,0.004,0.008,0.0,0.0,0.01,0.01,0.01,0.01,0.01,0.01,0.01,0.01,0.01,0.01,0.01,0.01,0.01,0.01,0.01,0.01,0.01,0.01,0.01,0.01,0.01,0.01,0.01,0.01,0.01,0.01,0.01,0.01,0.01,0.01,0.01,0.01,0.01,0.01,0.01,0.01,0.01,0.01,0.01,0.01,0.01,0.01,0.01,0.01,0.01,0.01,0.01,0.01,0.01,0.01,0.01,0.01,0.01,0.01,0.01,0.01,0.01,0.01,0.01,0.01,0.01,0.01,0.01,0.01,0.01,0.01,0.01,0.01,0.01,0.01,0.01,0.01,0.01,0.01,0.01,0.01,0.01,0.01,0.01,0.01,0.01,0.01,0.01,0.01,0.01,0.01,0.01,0.01,0.01,0.01,0.01,0.01,0.01,0.01,0.01,0.01,0.01,0.01,0.01,0.01,0.01,0.01,0.01,0.01,0.01,0.01,0.01,0.01,0.01,0.01,0.01,0.01,0.01,0.01,0.01,0.01,0.01,0.01,0.01,0.01,0.01,0.01,0.01,0.01,0.01,0.01,0.01,0.01,0.01,0.01,0.01,0.01,0.01,0.01,0.01,0.01,0.01,0.01,0.01,0.01,0.01,0.01,0.01,0.01,0.01,0.01,0.01,0.01,0.01,0.01,0.01,0.01,0.01,0.01,0.01,0.01,0.01,0.01,0.01,0.01,0.01,0.01,0.01,0.01,0.01,0.01,0.01,0.01,0.01,0.01,0.01,0.01,0.01,0.01,0.01,0.01,0.01,0.01,0.01,0.01,0.01,0.01,0.01,0.01,0.01,0.01,0.01,0.01,0.01,0.01,0.01,0.01,0.01,0.01,0.01,0.01,0.01,0.01,0.01,0.01
vanilla,1,78000,72.53044180502184,73.05140920809936,0.5569275617599487,0.9894280433654785,3,0.24529999999999996,0.7587000000000002,0.0106,0.0028,0.0049,0.0041,0.0048,0.0033,0.0038,0.0046,0.0042,0.0116,0.0036,0.0015,0.0016,0.0011,0.0016,0.0009,0.001,0.0021,0.0009,0.0031,0.0036,0.0019,0.0023,0.0018,0.0015,0.0008,0.0013,0.0024,0.0022,0.0053,0.0021,0.0009,0.0015,0.0013,0.0009,0.0007,0.001,0.0014,0.0018,0.0047,0.0025,0.0002,0.0022,0.0011,0.0007,0.0007,0.0005,0.0009,0.001,0.0036,0.0035,0.001,0.0017,0.001,0.0007,0.0003,0.0009,0.001,0.0011,0.0039,0.0034,0.0022,0.0007,0.0003,0.001,0.0005,0.0009,0.0011,0.0013,0.0041,0.004,0.0012,0.0024,0.0012,0.0013,0.0004,0.0015,0.0014,0.0013,0.0048,0.002,0.0009,0.001,0.0012,0.0008,0.0007,0.0014,0.0011,0.001,0.0046,0.0086,0.003,0.0064,0.0035,0.0049,0.0035,0.0032,0.0062,0.0045,0.0118,0.0,0.0,0.01,0.01,0.01,0.01,0.01,0.01,0.01,0.01,0.01,0.01,0.01,0.01,0.01,0.01,0.01,0.01,0.01,0.01,0.01,0.01,0.01,0.01,0.01,0.01,0.01,0.01,0.01,0.01,0.01,0.01,0.01,0.01,0.01,0.01,0.01,0.01,0.01,0.01,0.01,0.01,0.01,0.01,0.01,0.01,0.01,0.01,0.01,0.01,0.01,0.01,0.01,0.01,0.01,0.01,0.01,0.01,0.01,0.01,0.01,0.01,0.01,0.01,0.01,0.01,0.01,0.01,0.01,0.01,0.01,0.01,0.01,0.01,0.01,0.01,0.01,0.01,0.01,0.01,0.01,0.01,0.01,0.01,0.01,0.01,0.01,0.01,0.01,0.01,0.01,0.01,0.01,0.01,0.01,0.01,0.01,0.01,0.01,0.01,0.01,0.01,0.01,0.01,0.01,0.01,0.01,0.01,0.01,0.01,0.01,0.01,0.01,0.01,0.01,0.01,0.01,0.01,0.01,0.01,0.01,0.01,0.01,0.01,0.01,0.01,0.01,0.01,0.01,0.01,0.01,0.01,0.01,0.01,0.01,0.01,0.01,0.01,0.01,0.01,0.01,0.01,0.01,0.01,0.01,0.01,0.01,0.01,0.01,0.01,0.01,0.01,0.01,0.01,0.01,0.01,0.01,0.01,0.01,0.01,0.01,0.01,0.01,0.01,0.01,0.01,0.01,0.01,0.01,0.01,0.01,0.01,0.01,0.01,0.01,0.01,0.01,0.01,0.01,0.01,0.01,0.01,0.01,0.01,0.01,0.01,0.01,0.01,0.01,0.01,0.01,0.01,0.01,0.01,0.01,0.01,0.01,0.01,0.01,0.01,0.01,0.01
vanilla,1,79000,73.45445231569465,73.98398712498602,0.54360032081604,1.0448322296142578,3,0.2512000000000001,0.7543,0.0112,0.0027,0.0048,0.0039,0.0059,0.0037,0.0035,0.0043,0.0039,0.0108,0.0046,0.0015,0.0013,0.0008,0.0017,0.0006,0.0009,0.0017,0.0014,0.003,0.0041,0.0026,0.0022,0.0019,0.0018,0.0009,0.0014,0.0026,0.0022,0.0052,0.003,0.0009,0.0012,0.001,0.001,0.0008,0.0006,0.0017,0.0019,0.005,0.0025,0.0002,0.0017,0.0006,0.0007,0.0004,0.0005,0.0009,0.0013,0.0029,0.0037,0.0015,0.0016,0.001,0.0005,0.0004,0.0008,0.001,0.0012,0.0032,0.0038,0.0019,0.0008,0.0007,0.0009,0.0008,0.001,0.0009,0.0014,0.0038,0.0048,0.0012,0.0021,0.0006,0.0013,0.001,0.0009,0.002,0.0016,0.0041,0.0028,0.0008,0.0011,0.0014,0.0008,0.0006,0.0015,0.001,0.0008,0.0045,0.009,0.0037,0.0066,0.0033,0.0041,0.0045,0.0035,0.0062,0.0051,0.0135,0.0,0.0,0.01,0.01,0.01,0.01,0.01,0.01,0.01,0.01,0.01,0.01,0.01,0.01,0.01,0.01,0.01,0.01,0.01,0.01,0.01,0.01,0.01,0.01,0.01,0.01,0.01,0.01,0.01,0.01,0.01,0.01,0.01,0.01,0.01,0.01,0.01,0.01,0.01,0.01,0.01,0.01,0.01,0.01,0.01,0.01,0.01,0.01,0.01,0.01,0.01,0.01,0.01,0.01,0.01,0.01,0.01,0.01,0.01,0.01,0.01,0.01,0.01,0.01,0.01,0.01,0.01,0.01,0.01,0.01,0.01,0.01,0.01,0.01,0.01,0.01,0.01,0.01,0.01,0.01,0.01,0.01,0.01,0.01,0.01,0.01,0.01,0.01,0.01,0.01,0.01,0.01,0.01,0.01,0.01,0.01,0.01,0.01,0.01,0.01,0.01,0.01,0.01,0.01,0.01,0.01,0.01,0.01,0.01,0.01,0.01,0.01,0.01,0.01,0.01,0.01,0.01,0.01,0.01,0.01,0.01,0.01,0.01,0.01,0.01,0.01,0.01,0.01,0.01,0.01,0.01,0.01,0.01,0.01,0.01,0.01,0.01,0.01,0.01,0.01,0.01,0.01,0.01,0.01,0.01,0.01,0.01,0.01,0.01,0.01,0.01,0.01,0.01,0.01,0.01,0.01,0.01,0.01,0.01,0.01,0.01,0.01,0.01,0.01,0.01,0.01,0.01,0.01,0.01,0.01,0.01,0.01,0.01,0.01,0.01,0.01,0.01,0.01,0.01,0.01,0.01,0.01,0.01,0.01,0.01,0.01,0.01,0.01,0.01,0.01,0.01,0.01,0.01,0.01,0.01,0.01,0.01,0.01,0.01,0.01,0.01,0.01
vanilla,1,80000,74.37484648579266,74.91268383304123,0.5583423376083374,1.0001630783081055,2,0.23370000000000002,0.7672,0.0104,0.0027,0.0042,0.003,0.0041,0.0033,0.0034,0.0032,0.0022,0.0098,0.0032,0.0012,0.0015,0.0011,0.0016,0.0009,0.001,0.0021,0.0011,0.004,0.004,0.0024,0.0014,0.0009,0.0019,0.0008,0.0011,0.0017,0.0022,0.0044,0.0028,0.0011,0.0008,0.0006,0.0009,0.0008,0.001,0.0016,0.0018,0.0037,0.0034,0.0008,0.0012,0.0008,0.0007,0.0003,0.0008,0.0007,0.0009,0.0031,0.0041,0.0018,0.0017,0.001,0.0007,0.0005,0.0011,0.0008,0.0019,0.0028,0.0044,0.0021,0.0004,0.0007,0.0013,0.0008,0.001,0.0006,0.001,0.0034,0.0055,0.0014,0.002,0.0007,0.0012,0.0009,0.0013,0.0019,0.0022,0.0047,0.0033,0.0008,0.0005,0.0013,0.0013,0.0004,0.0013,0.0016,0.0007,0.0033,0.0092,0.0038,0.0049,0.0034,0.0032,0.0035,0.0038,0.0069,0.0035,0.0105,0.0,0.0,0.01,0.01,0.01,0.01,0.01,0.01,0.01,0.01,0.01,0.01,0.01,0.01,0.01,0.01,0.01,0.01,0.01,0.01,0.01,0.01,0.01,0.01,0.01,0.01,0.01,0.01,0.01,0.01,0.01,0.01,0.01,0.01,0.01,0.01,0.01,0.01,0.01,0.01,0.01,0.01,0.01,0.01,0.01,0.01,0.01,0.01,0.01,0.01,0.01,0.01,0.01,0.01,0.01,0.01,0.01,0.01,0.01,0.01,0.01,0.01,0.01,0.01,0.01,0.01,0.01,0.01,0.01,0.01,0.01,0.01,0.01,0.01,0.01,0.01,0.01,0.01,0.01,0.01,0.01,0.01,0.01,0.01,0.01,0.01,0.01,0.01,0.01,0.01,0.01,0.01,0.01,0.01,0.01,0.01,0.01,0.01,0.01,0.01,0.01,0.01,0.01,0.01,0.01,0.01,0.01,0.01,0.01,0.01,0.01,0.01,0.01,0.01,0.01,0.01,0.01,0.01,0.01,0.01,0.01,0.01,0.01,0.01,0.01,0.01,0.01,0.01,0.01,0.01,0.01,0.01,0.01,0.01,0.01,0.01,0.01,0.01,0.01,0.01,0.01,0.01,0.01,0.01,0.01,0.01,0.01,0.01,0.01,0.01,0.01,0.01,0.01,0.01,0.01,0.01,0.01,0.01,0.01,0.01,0.01,0.01,0.01,0.01,0.01,0.01,0.01,0.01,0.01,0.01,0.01,0.01,0.01,0.01,0.01,0.01,0.01,0.01,0.01,0.01,0.01,0.01,0.01,0.01,0.01,0.01,0.01,0.01,0.01,0.01,0.01,0.01,0.01,0.01,0.01,0.01,0.01,0.01,0.01,0.01,0.01,0.01
vanilla,1,81000,75.29008427169174,75.83604695799295,0.5642997026443481,1.0874392986297607,2,0.23920000000000008,0.7642,0.0122,0.0033,0.0048,0.0037,0.0052,0.0035,0.0038,0.0049,0.0034,0.008,0.0054,0.0021,0.0016,0.0011,0.002,0.0013,0.0009,0.0026,0.001,0.003,0.0039,0.0029,0.0009,0.0015,0.0015,0.0005,0.0012,0.0025,0.0013,0.004,0.0027,0.0009,0.0009,0.0007,0.0012,0.001,0.0009,0.002,0.0015,0.004,0.0027,0.0003,0.001,0.0006,0.0003,0.0004,0.0006,0.0004,0.0011,0.0028,0.0044,0.0017,0.0019,0.0008,0.0005,0.0004,0.0012,0.0012,0.0011,0.0027,0.0036,0.0016,0.0003,0.0008,0.0003,0.0012,0.0007,0.0006,0.001,0.0031,0.0059,0.0019,0.002,0.001,0.0012,0.0007,0.0012,0.0018,0.0015,0.0043,0.0028,0.0008,0.0009,0.0012,0.0011,0.0006,0.0014,0.0011,0.0008,0.0037,0.009,0.0036,0.0058,0.0038,0.0044,0.0036,0.0027,0.0061,0.004,0.0112,0.0,0.0,0.01,0.01,0.01,0.01,0.01,0.01,0.01,0.01,0.01,0.01,0.01,0.01,0.01,0.01,0.01,0.01,0.01,0.01,0.01,0.01,0.01,0.01,0.01,0.01,0.01,0.01,0.01,0.01,0.01,0.01,0.01,0.01,0.01,0.01,0.01,0.01,0.01,0.01,0.01,0.01,0.01,0.01,0.01,0.01,0.01,0.01,0.01,0.01,0.01,0.01,0.01,0.01,0.01,0.01,0.01,0.01,0.01,0.01,0.01,0.01,0.01,0.01,0.01,0.01,0.01,0.01,0.01,0.01,0.01,0.01,0.01,0.01,0.01,0.01,0.01,0.01,0.01,0.01,0.01,0.01,0.01,0.01,0.01,0.01,0.01,0.01,0.01,0.01,0.01,0.01,0.01,0.01,0.01,0.01,0.01,0.01,0.01,0.01,0.01,0.01,0.01,0.01,0.01,0.01,0.01,0.01,0.01,0.01,0.01,0.01,0.01,0.01,0.01,0.01,0.01,0.01,0.01,0.01,0.01,0.01,0.01,0.01,0.01,0.01,0.01,0.01,0.01,0.01,0.01,0.01,0.01,0.01,0.01,0.01,0.01,0.01,0.01,0.01,0.01,0.01,0.01,0.01,0.01,0.01,0.01,0.01,0.01,0.01,0.01,0.01,0.01,0.01,0.01,0.01,0.01,0.01,0.01,0.01,0.01,0.01,0.01,0.01,0.01,0.01,0.01,0.01,0.01,0.01,0.01,0.01,0.01,0.01,0.01,0.01,0.01,0.01,0.01,0.01,0.01,0.01,0.01,0.01,0.01,0.01,0.01,0.01,0.01,0.01,0.01,0.01,0.01,0.01,0.01,0.01,0.01,0.01,0.01,0.01,0.01,0.01
vanilla,1,82000,76.19090184220113,76.74483904102817,0.5594581961631775,0.960421085357666,3,0.24930000000000008,0.7542,0.0101,0.0018,0.0048,0.0034,0.0053,0.0034,0.0045,0.0045,0.0038,0.0125,0.0031,0.0015,0.0014,0.0015,0.0018,0.0011,0.0008,0.0032,0.0015,0.004,0.0053,0.0026,0.0013,0.0016,0.0012,0.0009,0.0016,0.0023,0.0023,0.0059,0.003,0.0008,0.0012,0.0006,0.0008,0.0006,0.0006,0.0015,0.0021,0.0043,0.003,0.0006,0.0011,0.001,0.0006,0.0007,0.0005,0.0008,0.0011,0.0027,0.0041,0.0014,0.0023,0.0008,0.0003,0.0008,0.0009,0.001,0.0017,0.0028,0.0046,0.0019,0.0008,0.001,0.0006,0.0012,0.0007,0.001,0.0009,0.0034,0.0052,0.002,0.0014,0.0008,0.0013,0.0004,0.0013,0.0019,0.0023,0.0045,0.0033,0.001,0.0006,0.0006,0.0015,0.0004,0.0012,0.0019,0.0009,0.0036,0.0096,0.0041,0.0046,0.0035,0.0044,0.0039,0.003,0.0063,0.0041,0.0109,0.0,0.0,0.01,0.01,0.01,0.01,0.01,0.01,0.01,0.01,0.01,0.01,0.01,0.01,0.01,0.01,0.01,0.01,0.01,0.01,0.01,0.01,0.01,0.01,0.01,0.01,0.01,0.01,0.01,0.01,0.01,0.01,0.01,0.01,0.01,0.01,0.01,0.01,0.01,0.01,0.01,0.01,0.01,0.01,0.01,0.01,0.01,0.01,0.01,0.01,0.01,0.01,0.01,0.01,0.01,0.01,0.01,0.01,0.01,0.01,0.01,0.01,0.01,0.01,0.01,0.01,0.01,0.01,0.01,0.01,0.01,0.01,0.01,0.01,0.01,0.01,0.01,0.01,0.01,0.01,0.01,0.01,0.01,0.01,0.01,0.01,0.01,0.01,0.01,0.01,0.01,0.01,0.01,0.01,0.01,0.01,0.01,0.01,0.01,0.01,0.01,0.01,0.01,0.01,0.01,0.01,0.01,0.01,0.01,0.01,0.01,0.01,0.01,0.01,0.01,0.01,0.01,0.01,0.01,0.01,0.01,0.01,0.01,0.01,0.01,0.01,0.01,0.01,0.01,0.01,0.01,0.01,0.01,0.01,0.01,0.01,0.01,0.01,0.01,0.01,0.01,0.01,0.01,0.01,0.01,0.01,0.01,0.01,0.01,0.01,0.01,0.01,0.01,0.01,0.01,0.01,0.01,0.01,0.01,0.01,0.01,0.01,0.01,0.01,0.01,0.01,0.01,0.01,0.01,0.01,0.01,0.01,0.01,0.01,0.01,0.01,0.01,0.01,0.01,0.01,0.01,0.01,0.01,0.01,0.01,0.01,0.01,0.01,0.01,0.01,0.01,0.01,0.01,0.01,0.01,0.01,0.01,0.01,0.01,0.01,0.01,0.01
vanilla,1,83000,77.11932989151683,77.68441812507808,0.5810589790344238,1.0055960416793823,3,0.24629999999999996,0.7572000000000001,0.0102,0.0026,0.0054,0.0026,0.0049,0.0034,0.0039,0.004,0.0031,0.0123,0.0038,0.0016,0.0019,0.0015,0.0016,0.0011,0.001,0.0032,0.0016,0.0039,0.0045,0.0027,0.0014,0.0011,0.0008,0.0009,0.0015,0.0026,0.0019,0.0047,0.003,0.0009,0.0011,0.0005,0.0008,0.0006,0.0005,0.0013,0.0023,0.0046,0.0032,0.0004,0.0008,0.0013,0.0006,0.0004,0.0012,0.0008,0.0014,0.0035,0.0043,0.0015,0.002,0.0011,0.001,0.0005,0.0009,0.0009,0.0021,0.0029,0.004,0.0018,0.0004,0.0008,0.0007,0.001,0.0008,0.0009,0.001,0.0032,0.0058,0.0015,0.0017,0.0014,0.0012,0.0007,0.0013,0.0016,0.0018,0.0048,0.0029,0.0011,0.0007,0.0009,0.0012,0.0006,0.0012,0.0012,0.0009,0.0033,0.0093,0.0038,0.005,0.0034,0.0049,0.0035,0.0029,0.0057,0.0043,0.011,0.0,0.0,0.01,0.01,0.01,0.01,0.01,0.01,0.01,0.01,0.01,0.01,0.01,0.01,0.01,0.01,0.01,0.01,0.01,0.01,0.01,0.01,0.01,0.01,0.01,0.01,0.01,0.01,0.01,0.01,0.01,0.01,0.01,0.01,0.01,0.01,0.01,0.01,0.01,0.01,0.01,0.01,0.01,0.01,0.01,0.01,0.01,0.01,0.01,0.01,0.01,0.01,0.01,0.01,0.01,0.01,0.01,0.01,0.01,0.01,0.01,0.01,0.01,0.01,0.01,0.01,0.01,0.01,0.01,0.01,0.01,0.01,0.01,0.01,0.01,0.01,0.01,0.01,0.01,0.01,0.01,0.01,0.01,0.01,0.01,0.01,0.01,0.01,0.01,0.01,0.01,0.01,0.01,0.01,0.01,0.01,0.01,0.01,0.01,0.01,0.01,0.01,0.01,0.01,0.01,0.01,0.01,0.01,0.01,0.01,0.01,0.01,0.01,0.01,0.01,0.01,0.01,0.01,0.01,0.01,0.01,0.01,0.01,0.01,0.01,0.01,0.01,0.01,0.01,0.01,0.01,0.01,0.01,0.01,0.01,0.01,0.01,0.01,0.01,0.01,0.01,0.01,0.01,0.01,0.01,0.01,0.01,0.01,0.01,0.01,0.01,0.01,0.01,0.01,0.01,0.01,0.01,0.01,0.01,0.01,0.01,0.01,0.01,0.01,0.01,0.01,0.01,0.01,0.01,0.01,0.01,0.01,0.01,0.01,0.01,0.01,0.01,0.01,0.01,0.01,0.01,0.01,0.01,0.01,0.01,0.01,0.01,0.01,0.01,0.01,0.01,0.01,0.01,0.01,0.01,0.01,0.01,0.01,0.01,0.01,0.01,0.01
vanilla,1,84000,78.04346426855773,78.61774412507657,0.5742173194885254,1.0412358045578003,2,0.24009999999999998,0.7626000000000001,0.0096,0.0022,0.0048,0.0029,0.0047,0.0034,0.0032,0.0032,0.0045,0.0112,0.0028,0.0014,0.0014,0.0014,0.0023,0.0005,0.0013,0.0019,0.0018,0.0028,0.0051,0.0025,0.0014,0.0013,0.002,0.0006,0.001,0.0022,0.0023,0.0064,0.003,0.0007,0.002,0.0005,0.001,0.0004,0.0006,0.0013,0.0016,0.0039,0.0031,0.0005,0.0008,0.0011,0.0006,0.0003,0.0007,0.0009,0.001,0.0028,0.0037,0.0013,0.0016,0.0009,0.0008,0.0003,0.0009,0.0008,0.0011,0.0027,0.0042,0.0026,0.0009,0.0011,0.001,0.0008,0.0008,0.001,0.0016,0.0038,0.0048,0.0021,0.0025,0.0008,0.001,0.0006,0.0009,0.0019,0.0021,0.0037,0.0027,0.0012,0.0011,0.0013,0.0011,0.0003,0.0012,0.0007,0.0007,0.0042,0.0085,0.0037,0.0053,0.0034,0.0048,0.0042,0.0029,0.0052,0.0049,0.0115,0.0,0.0,0.01,0.01,0.01,0.01,0.01,0.01,0.01,0.01,0.01,0.01,0.01,0.01,0.01,0.01,0.01,0.01,0.01,0.01,0.01,0.01,0.01,0.01,0.01,0.01,0.01,0.01,0.01,0.01,0.01,0.01,0.01,0.01,0.01,0.01,0.01,0.01,0.01,0.01,0.01,0.01,0.01,0.01,0.01,0.01,0.01,0.01,0.01,0.01,0.01,0.01,0.01,0.01,0.01,0.01,0.01,0.01,0.01,0.01,0.01,0.01,0.01,0.01,0.01,0.01,0.01,0.01,0.01,0.01,0.01,0.01,0.01,0.01,0.01,0.01,0.01,0.01,0.01,0.01,0.01,0.01,0.01,0.01,0.01,0.01,0.01,0.01,0.01,0.01,0.01,0.01,0.01,0.01,0.01,0.01,0.01,0.01,0.01,0.01,0.01,0.01,0.01,0.01,0.01,0.01,0.01,0.01,0.01,0.01,0.01,0.01,0.01,0.01,0.01,0.01,0.01,0.01,0.01,0.01,0.01,0.01,0.01,0.01,0.01,0.01,0.01,0.01,0.01,0.01,0.01,0.01,0.01,0.01,0.01,0.01,0.01,0.01,0.01,0.01,0.01,0.01,0.01,0.01,0.01,0.01,0.01,0.01,0.01,0.01,0.01,0.01,0.01,0.01,0.01,0.01,0.01,0.01,0.01,0.01,0.01,0.01,0.01,0.01,0.01,0.01,0.01,0.01,0.01,0.01,0.01,0.01,0.01,0.01,0.01,0.01,0.01,0.01,0.01,0.01,0.01,0.01,0.01,0.01,0.01,0.01,0.01,0.01,0.01,0.01,0.01,0.01,0.01,0.01,0.01,0.01,0.01,0.01,0.01,0.01,0.01,0.01
vanilla,1,85000,78.96911215025466,79.55700891604647,0.5412207841873169,1.024907112121582,3,0.25360000000000005,0.7517,0.0114,0.0028,0.0061,0.0034,0.0053,0.0036,0.005,0.0052,0.0047,0.0126,0.0031,0.0015,0.0015,0.0014,0.0017,0.001,0.0009,0.0023,0.0013,0.0037,0.0045,0.0027,0.0016,0.001,0.0009,0.0005,0.0012,0.0015,0.003,0.0052,0.003,0.0011,0.0016,0.0009,0.0012,0.0005,0.0007,0.0014,0.0021,0.0038,0.0022,0.0008,0.001,0.001,0.0007,0.0005,0.0008,0.001,0.0009,0.0034,0.0029,0.0016,0.0013,0.0012,0.0006,0.0003,0.001,0.0008,0.0016,0.0029,0.0035,0.0026,0.0011,0.0013,0.0007,0.0007,0.0014,0.0008,0.0014,0.0039,0.0049,0.002,0.0016,0.0006,0.0013,0.0004,0.0014,0.0016,0.0026,0.0056,0.0032,0.0016,0.0007,0.0011,0.0011,0.0004,0.001,0.0015,0.0009,0.0034,0.0095,0.0034,0.0053,0.0032,0.0049,0.004,0.0029,0.0067,0.0047,0.0113,0.0,0.0,0.01,0.01,0.01,0.01,0.01,0.01,0.01,0.01,0.01,0.01,0.01,0.01,0.01,0.01,0.01,0.01,0.01,0.01,0.01,0.01,0.01,0.01,0.01,0.01,0.01,0.01,0.01,0.01,0.01,0.01,0.01,0.01,0.01,0.01,0.01,0.01,0.01,0.01,0.01,0.01,0.01,0.01,0.01,0.01,0.01,0.01,0.01,0.01,0.01,0.01,0.01,0.01,0.01,0.01,0.01,0.01,0.01,0.01,0.01,0.01,0.01,0.01,0.01,0.01,0.01,0.01,0.01,0.01,0.01,0.01,0.01,0.01,0.01,0.01,0.01,0.01,0.01,0.01,0.01,0.01,0.01,0.01,0.01,0.01,0.01,0.01,0.01,0.01,0.01,0.01,0.01,0.01,0.01,0.01,0.01,0.01,0.01,0.01,0.01,0.01,0.01,0.01,0.01,0.01,0.01,0.01,0.01,0.01,0.01,0.01,0.01,0.01,0.01,0.01,0.01,0.01,0.01,0.01,0.01,0.01,0.01,0.01,0.01,0.01,0.01,0.01,0.01,0.01,0.01,0.01,0.01,0.01,0.01,0.01,0.01,0.01,0.01,0.01,0.01,0.01,0.01,0.01,0.01,0.01,0.01,0.01,0.01,0.01,0.01,0.01,0.01,0.01,0.01,0.01,0.01,0.01,0.01,0.01,0.01,0.01,0.01,0.01,0.01,0.01,0.01,0.01,0.01,0.01,0.01,0.01,0.01,0.01,0.01,0.01,0.01,0.01,0.01,0.01,0.01,0.01,0.01,0.01,0.01,0.01,0.01,0.01,0.01,0.01,0.01,0.01,0.01,0.01,0.01,0.01,0.01,0.01,0.01,0.01,0.01,0.01
vanilla,1,86000,79.88530297519173,80.48147420806345,0.5384657382965088,1.0168509483337402,2,0.23530000000000006,0.7659,0.0093,0.0021,0.0046,0.0035,0.0051,0.0033,0.0042,0.0035,0.0053,0.0112,0.0048,0.0023,0.0024,0.0014,0.0014,0.0011,0.0016,0.0029,0.0026,0.0033,0.004,0.0021,0.0019,0.001,0.0011,0.0006,0.001,0.0017,0.0019,0.0042,0.0023,0.0009,0.0021,0.001,0.0007,0.0005,0.0004,0.0013,0.0015,0.0038,0.0026,0.0006,0.0012,0.0007,0.0005,0.0003,0.0005,0.0006,0.0004,0.003,0.0036,0.0018,0.0017,0.0007,0.001,0.0008,0.0007,0.0009,0.0014,0.0028,0.0041,0.002,0.0007,0.0007,0.0007,0.0008,0.0004,0.0009,0.0009,0.0033,0.0057,0.0019,0.0026,0.0014,0.0015,0.0004,0.0009,0.0017,0.0024,0.0044,0.0026,0.0011,0.0007,0.001,0.0011,0.0004,0.0011,0.001,0.001,0.0035,0.0091,0.0032,0.0049,0.0031,0.004,0.0031,0.003,0.0045,0.0038,0.01,0.0,0.0,0.01,0.01,0.01,0.01,0.01,0.01,0.01,0.01,0.01,0.01,0.01,0.01,0.01,0.01,0.01,0.01,0.01,0.01,0.01,0.01,0.01,0.01,0.01,0.01,0.01,0.01,0.01,0.01,0.01,0.01,0.01,0.01,0.01,0.01,0.01,0.01,0.01,0.01,0.01,0.01,0.01,0.01,0.01,0.01,0.01,0.01,0.01,0.01,0.01,0.01,0.01,0.01,0.01,0.01,0.01,0.01,0.01,0.01,0.01,0.01,0.01,0.01,0.01,0.01,0.01,0.01,0.01,0.01,0.01,0.01,0.01,0.01,0.01,0.01,0.01,0.01,0.01,0.01,0.01,0.01,0.01,0.01,0.01,0.01,0.01,0.01,0.01,0.01,0.01,0.01,0.01,0.01,0.01,0.01,0.01,0.01,0.01,0.01,0.01,0.01,0.01,0.01,0.01,0.01,0.01,0.01,0.01,0.01,0.01,0.01,0.01,0.01,0.01,0.01,0.01,0.01,0.01,0.01,0.01,0.01,0.01,0.01,0.01,0.01,0.01,0.01,0.01,0.01,0.01,0.01,0.01,0.01,0.01,0.01,0.01,0.01,0.01,0.01,0.01,0.01,0.01,0.01,0.01,0.01,0.01,0.01,0.01,0.01,0.01,0.01,0.01,0.01,0.01,0.01,0.01,0.01,0.01,0.01,0.01,0.01,0.01,0.01,0.01,0.01,0.01,0.01,0.01,0.01,0.01,0.01,0.01,0.01,0.01,0.01,0.01,0.01,0.01,0.01,0.01,0.01,0.01,0.01,0.01,0.01,0.01,0.01,0.01,0.01,0.01,0.01,0.01,0.01,0.01,0.01,0.01,0.01,0.01,0.01,0.01,0.01
vanilla,1,87000,80.81643558747601,81.42203187500127,0.531745195388794,0.9867908358573914,3,0.24680000000000002,0.7577,0.0106,0.0028,0.0063,0.0032,0.0046,0.0032,0.0044,0.0046,0.0039,0.0135,0.0041,0.0018,0.0019,0.0013,0.0018,0.0015,0.0008,0.0027,0.0013,0.0032,0.0041,0.0033,0.0012,0.0012,0.0012,0.0009,0.0007,0.002,0.0023,0.0051,0.0024,0.0013,0.0013,0.0008,0.0008,0.0004,0.0011,0.0011,0.0015,0.0047,0.0027,0.0005,0.0011,0.0006,0.0006,0.0006,0.0008,0.0006,0.001,0.0032,0.0041,0.0016,0.0016,0.0007,0.0004,0.0004,0.0009,0.001,0.0014,0.0026,0.0041,0.0026,0.0008,0.0006,0.0005,0.0008,0.0007,0.0011,0.0012,0.003,0.0055,0.0023,0.0022,0.001,0.0015,0.0004,0.0011,0.0022,0.0021,0.0054,0.0033,0.001,0.0004,0.0007,0.0011,0.0002,0.0012,0.0012,0.0008,0.0034,0.009,0.0034,0.0046,0.0034,0.005,0.0036,0.0026,0.0064,0.0047,0.0104,0.0,0.0,0.01,0.01,0.01,0.01,0.01,0.01,0.01,0.01,0.01,0.01,0.01,0.01,0.01,0.01,0.01,0.01,0.01,0.01,0.01,0.01,0.01,0.01,0.01,0.01,0.01,0.01,0.01,0.01,0.01,0.01,0.01,0.01,0.01,0.01,0.01,0.01,0.01,0.01,0.01,0.01,0.01,0.01,0.01,0.01,0.01,0.01,0.01,0.01,0.01,0.01,0.01,0.01,0.01,0.01,0.01,0.01,0.01,0.01,0.01,0.01,0.01,0.01,0.01,0.01,0.01,0.01,0.01,0.01,0.01,0.01,0.01,0.01,0.01,0.01,0.01,0.01,0.01,0.01,0.01,0.01,0.01,0.01,0.01,0.01,0.01,0.01,0.01,0.01,0.01,0.01,0.01,0.01,0.01,0.01,0.01,0.01,0.01,0.01,0.01,0.01,0.01,0.01,0.01,0.01,0.01,0.01,0.01,0.01,0.01,0.01,0.01,0.01,0.01,0.01,0.01,0.01,0.01,0.01,0.01,0.01,0.01,0.01,0.01,0.01,0.01,0.01,0.01,0.01,0.01,0.01,0.01,0.01,0.01,0.01,0.01,0.01,0.01,0.01,0.01,0.01,0.01,0.01,0.01,0.01,0.01,0.01,0.01,0.01,0.01,0.01,0.01,0.01,0.01,0.01,0.01,0.01,0.01,0.01,0.01,0.01,0.01,0.01,0.01,0.01,0.01,0.01,0.01,0.01,0.01,0.01,0.01,0.01,0.01,0.01,0.01,0.01,0.01,0.01,0.01,0.01,0.01,0.01,0.01,0.01,0.01,0.01,0.01,0.01,0.01,0.01,0.01,0.01,0.01,0.01,0.01,0.01,0.01,0.01,0.01,0.01
vanilla,1,88000,81.72279952012468,82.33711666602176,0.5615071058273315,0.9680349230766296,3,0.24439999999999995,0.7587,0.0101,0.0023,0.0049,0.003,0.0042,0.0035,0.0042,0.0041,0.005,0.0127,0.0046,0.0016,0.0018,0.0014,0.0016,0.0012,0.0017,0.0026,0.0022,0.0028,0.0046,0.003,0.0016,0.0017,0.0013,0.0006,0.0006,0.0024,0.003,0.0048,0.0022,0.0008,0.0012,0.0004,0.0009,0.0006,0.0009,0.0012,0.0014,0.0047,0.002,0.0005,0.0011,0.0007,0.0005,0.0001,0.0012,0.0009,0.0007,0.0037,0.004,0.0019,0.0019,0.0004,0.0004,0.0005,0.0008,0.0008,0.0021,0.0023,0.0041,0.002,0.001,0.0007,0.0009,0.0009,0.0008,0.0013,0.0016,0.0027,0.0059,0.0025,0.002,0.0016,0.0016,0.0008,0.0015,0.002,0.0023,0.005,0.003,0.001,0.0006,0.0008,0.0016,0.0005,0.0009,0.0013,0.001,0.0034,0.0082,0.0032,0.0042,0.0026,0.005,0.0035,0.0024,0.0054,0.0044,0.0103,0.0,0.0,0.01,0.01,0.01,0.01,0.01,0.01,0.01,0.01,0.01,0.01,0.01,0.01,0.01,0.01,0.01,0.01,0.01,0.01,0.01,0.01,0.01,0.01,0.01,0.01,0.01,0.01,0.01,0.01,0.01,0.01,0.01,0.01,0.01,0.01,0.01,0.01,0.01,0.01,0.01,0.01,0.01,0.01,0.01,0.01,0.01,0.01,0.01,0.01,0.01,0.01,0.01,0.01,0.01,0.01,0.01,0.01,0.01,0.01,0.01,0.01,0.01,0.01,0.01,0.01,0.01,0.01,0.01,0.01,0.01,0.01,0.01,0.01,0.01,0.01,0.01,0.01,0.01,0.01,0.01,0.01,0.01,0.01,0.01,0.01,0.01,0.01,0.01,0.01,0.01,0.01,0.01,0.01,0.01,0.01,0.01,0.01,0.01,0.01,0.01,0.01,0.01,0.01,0.01,0.01,0.01,0.01,0.01,0.01,0.01,0.01,0.01,0.01,0.01,0.01,0.01,0.01,0.01,0.01,0.01,0.01,0.01,0.01,0.01,0.01,0.01,0.01,0.01,0.01,0.01,0.01,0.01,0.01,0.01,0.01,0.01,0.01,0.01,0.01,0.01,0.01,0.01,0.01,0.01,0.01,0.01,0.01,0.01,0.01,0.01,0.01,0.01,0.01,0.01,0.01,0.01,0.01,0.01,0.01,0.01,0.01,0.01,0.01,0.01,0.01,0.01,0.01,0.01,0.01,0.01,0.01,0.01,0.01,0.01,0.01,0.01,0.01,0.01,0.01,0.01,0.01,0.01,0.01,0.01,0.01,0.01,0.01,0.01,0.01,0.01,0.01,0.01,0.01,0.01,0.01,0.01,0.01,0.01,0.01,0.01,0.01
vanilla,1,89000,82.64227680698968,83.26521924999543,0.5506513118743896,1.0055444240570068,0,0.22870000000000001,0.7713000000000001,0.0085,0.0032,0.005,0.003,0.0038,0.0027,0.0023,0.0021,0.0013,0.0082,0.0023,0.0013,0.0016,0.0012,0.0019,0.0012,0.0014,0.0034,0.0008,0.0035,0.0031,0.0034,0.0009,0.0014,0.0009,0.0005,0.0004,0.0016,0.0022,0.0053,0.0021,0.0018,0.0007,0.0012,0.0005,0.0007,0.0007,0.0011,0.0012,0.0046,0.0026,0.001,0.0008,0.0005,0.0004,0.0003,0.0009,0.0006,0.0011,0.0033,0.004,0.0016,0.0018,0.0008,0.0003,0.0001,0.0014,0.0009,0.0018,0.0033,0.0047,0.002,0.0007,0.0009,0.0005,0.0007,0.001,0.0008,0.0012,0.0035,0.0055,0.0024,0.0015,0.0017,0.0012,0.0011,0.0012,0.0018,0.0019,0.0053,0.0036,0.0011,0.0004,0.0013,0.0012,0.0004,0.0014,0.0017,0.0009,0.0039,0.0098,0.0036,0.005,0.0036,0.0045,0.0036,0.0032,0.0063,0.0044,0.0087,0.0,0.0,0.01,0.01,0.01,0.01,0.01,0.01,0.01,0.01,0.01,0.01,0.01,0.01,0.01,0.01,0.01,0.01,0.01,0.01,0.01,0.01,0.01,0.01,0.01,0.01,0.01,0.01,0.01,0.01,0.01,0.01,0.01,0.01,0.01,0.01,0.01,0.01,0.01,0.01,0.01,0.01,0.01,0.01,0.01,0.01,0.01,0.01,0.01,0.01,0.01,0.01,0.01,0.01,0.01,0.01,0.01,0.01,0.01,0.01,0.01,0.01,0.01,0.01,0.01,0.01,0.01,0.01,0.01,0.01,0.01,0.01,0.01,0.01,0.01,0.01,0.01,0.01,0.01,0.01,0.01,0.01,0.01,0.01,0.01,0.01,0.01,0.01,0.01,0.01,0.01,0.01,0.01,0.01,0.01,0.01,0.01,0.01,0.01,0.01,0.01,0.01,0.01,0.01,0.01,0.01,0.01,0.01,0.01,0.01,0.01,0.01,0.01,0.01,0.01,0.01,0.01,0.01,0.01,0.01,0.01,0.01,0.01,0.01,0.01,0.01,0.01,0.01,0.01,0.01,0.01,0.01,0.01,0.01,0.01,0.01,0.01,0.01,0.01,0.01,0.01,0.01,0.01,0.01,0.01,0.01,0.01,0.01,0.01,0.01,0.01,0.01,0.01,0.01,0.01,0.01,0.01,0.01,0.01,0.01,0.01,0.01,0.01,0.01,0.01,0.01,0.01,0.01,0.01,0.01,0.01,0.01,0.01,0.01,0.01,0.01,0.01,0.01,0.01,0.01,0.01,0.01,0.01,0.01,0.01,0.01,0.01,0.01,0.01,0.01,0.01,0.01,0.01,0.01,0.01,0.01,0.01,0.01,0.01,0.01,0.01,0.01
vanilla,1,90000,83.54777251149062,84.17996033304371,0.5637156963348389,1.1063289642333984,4,0.2619,0.7457,0.0114,0.0025,0.0059,0.0032,0.0052,0.0041,0.0042,0.0031,0.0051,0.0133,0.0058,0.0013,0.0016,0.0013,0.0018,0.0012,0.0014,0.0027,0.0017,0.003,0.0047,0.0032,0.0007,0.0009,0.0007,0.0008,0.0012,0.0016,0.0028,0.006,0.0032,0.0012,0.001,0.0012,0.0008,0.0005,0.0008,0.0014,0.0015,0.0047,0.0028,0.0004,0.0012,0.0005,0.0007,0.0003,0.0008,0.0008,0.0008,0.0031,0.0042,0.0015,0.0016,0.0008,0.0003,0.0003,0.0007,0.0011,0.0017,0.0034,0.0042,0.0022,0.0009,0.0007,0.0003,0.0009,0.0012,0.0015,0.0014,0.004,0.0055,0.0016,0.0018,0.0015,0.0014,0.0005,0.0011,0.0016,0.0017,0.0056,0.0033,0.0012,0.0006,0.0013,0.0014,0.0007,0.0018,0.0016,0.001,0.0042,0.0111,0.0045,0.0045,0.0039,0.0049,0.0042,0.003,0.0071,0.0045,0.0118,0.0,0.0,0.01,0.01,0.01,0.01,0.01,0.01,0.01,0.01,0.01,0.01,0.01,0.01,0.01,0.01,0.01,0.01,0.01,0.01,0.01,0.01,0.01,0.01,0.01,0.01,0.01,0.01,0.01,0.01,0.01,0.01,0.01,0.01,0.01,0.01,0.01,0.01,0.01,0.01,0.01,0.01,0.01,0.01,0.01,0.01,0.01,0.01,0.01,0.01,0.01,0.01,0.01,0.01,0.01,0.01,0.01,0.01,0.01,0.01,0.01,0.01,0.01,0.01,0.01,0.01,0.01,0.01,0.01,0.01,0.01,0.01,0.01,0.01,0.01,0.01,0.01,0.01,0.01,0.01,0.01,0.01,0.01,0.01,0.01,0.01,0.01,0.01,0.01,0.01,0.01,0.01,0.01,0.01,0.01,0.01,0.01,0.01,0.01,0.01,0.01,0.01,0.01,0.01,0.01,0.01,0.01,0.01,0.01,0.01,0.01,0.01,0.01,0.01,0.01,0.01,0.01,0.01,0.01,0.01,0.01,0.01,0.01,0.01,0.01,0.01,0.01,0.01,0.01,0.01,0.01,0.01,0.01,0.01,0.01,0.01,0.01,0.01,0.01,0.01,0.01,0.01,0.01,0.01,0.01,0.01,0.01,0.01,0.01,0.01,0.01,0.01,0.01,0.01,0.01,0.01,0.01,0.01,0.01,0.01,0.01,0.01,0.01,0.01,0.01,0.01,0.01,0.01,0.01,0.01,0.01,0.01,0.01,0.01,0.01,0.01,0.01,0.01,0.01,0.01,0.01,0.01,0.01,0.01,0.01,0.01,0.01,0.01,0.01,0.01,0.01,0.01,0.01,0.01,0.01,0.01,0.01,0.01,0.01,0.01,0.01,0.01
vanilla,1,91000,84.46814945724327,85.10999037500005,0.552352786064148,1.123694896697998,3,0.25439999999999996,0.7531000000000001,0.0115,0.0024,0.0057,0.0027,0.0049,0.0038,0.0042,0.0034,0.005,0.0149,0.0041,0.0014,0.0016,0.0016,0.0022,0.001,0.0018,0.0028,0.0017,0.0033,0.0048,0.0029,0.0012,0.0017,0.0009,0.0008,0.0012,0.0017,0.003,0.0054,0.0035,0.001,0.0014,0.0007,0.0005,0.0004,0.0005,0.0013,0.0021,0.0048,0.0026,0.0003,0.0013,0.0005,0.0003,0.0002,0.0005,0.0004,0.0008,0.0038,0.0041,0.0015,0.0016,0.0012,0.0004,0.0005,0.0005,0.0008,0.0018,0.0027,0.004,0.0016,0.001,0.0006,0.001,0.0007,0.0008,0.0011,0.0007,0.0037,0.0064,0.0028,0.0033,0.0012,0.0017,0.0009,0.0006,0.0025,0.0027,0.0046,0.0027,0.0011,0.0012,0.0011,0.0011,0.0007,0.0013,0.0016,0.0009,0.0041,0.0076,0.0031,0.0045,0.0032,0.0045,0.0034,0.0035,0.0055,0.0047,0.0111,0.0,0.0,0.01,0.01,0.01,0.01,0.01,0.01,0.01,0.01,0.01,0.01,0.01,0.01,0.01,0.01,0.01,0.01,0.01,0.01,0.01,0.01,0.01,0.01,0.01,0.01,0.01,0.01,0.01,0.01,0.01,0.01,0.01,0.01,0.01,0.01,0.01,0.01,0.01,0.01,0.01,0.01,0.01,0.01,0.01,0.01,0.01,0.01,0.01,0.01,0.01,0.01,0.01,0.01,0.01,0.01,0.01,0.01,0.01,0.01,0.01,0.01,0.01,0.01,0.01,0.01,0.01,0.01,0.01,0.01,0.01,0.01,0.01,0.01,0.01,0.01,0.01,0.01,0.01,0.01,0.01,0.01,0.01,0.01,0.01,0.01,0.01,0.01,0.01,0.01,0.01,0.01,0.01,0.01,0.01,0.01,0.01,0.01,0.01,0.01,0.01,0.01,0.01,0.01,0.01,0.01,0.01,0.01,0.01,0.01,0.01,0.01,0.01,0.01,0.01,0.01,0.01,0.01,0.01,0.01,0.01,0.01,0.01,0.01,0.01,0.01,0.01,0.01,0.01,0.01,0.01,0.01,0.01,0.01,0.01,0.01,0.01,0.01,0.01,0.01,0.01,0.01,0.01,0.01,0.01,0.01,0.01,0.01,0.01,0.01,0.01,0.01,0.01,0.01,0.01,0.01,0.01,0.01,0.01,0.01,0.01,0.01,0.01,0.01,0.01,0.01,0.01,0.01,0.01,0.01,0.01,0.01,0.01,0.01,0.01,0.01,0.01,0.01,0.01,0.01,0.01,0.01,0.01,0.01,0.01,0.01,0.01,0.01,0.01,0.01,0.01,0.01,0.01,0.01,0.01,0.01,0.01,0.01,0.01,0.01,0.01,0.01
vanilla,1,92000,85.38042591162957,86.03054558299482,0.5657014846801758,1.0127185583114624,3,0.25450000000000006,0.7513000000000001,0.0107,0.0022,0.0067,0.0028,0.0062,0.0043,0.0046,0.0037,0.0049,0.0137,0.0033,0.0012,0.0019,0.0015,0.0014,0.0014,0.0016,0.0023,0.0014,0.0032,0.004,0.0035,0.0009,0.0012,0.0008,0.0004,0.001,0.0026,0.003,0.0051,0.0029,0.0013,0.001,0.0012,0.0005,0.0005,0.0005,0.0016,0.0023,0.0053,0.0026,0.0003,0.0011,0.0009,0.0004,0.0005,0.0006,0.0006,0.0009,0.0031,0.0036,0.0015,0.001,0.0009,0.0007,0.0005,0.001,0.0012,0.0019,0.0031,0.0041,0.0019,0.001,0.001,0.0007,0.0012,0.0008,0.0009,0.0015,0.003,0.0054,0.0019,0.0023,0.0008,0.0007,0.0008,0.001,0.0024,0.0017,0.005,0.003,0.0012,0.0006,0.0012,0.0012,0.0013,0.0016,0.0015,0.0009,0.004,0.008,0.004,0.005,0.003,0.0044,0.0043,0.0041,0.0063,0.0044,0.0114,0.0,0.0,0.01,0.01,0.01,0.01,0.01,0.01,0.01,0.01,0.01,0.01,0.01,0.01,0.01,0.01,0.01,0.01,0.01,0.01,0.01,0.01,0.01,0.01,0.01,0.01,0.01,0.01,0.01,0.01,0.01,0.01,0.01,0.01,0.01,0.01,0.01,0.01,0.01,0.01,0.01,0.01,0.01,0.01,0.01,0.01,0.01,0.01,0.01,0.01,0.01,0.01,0.01,0.01,0.01,0.01,0.01,0.01,0.01,0.01,0.01,0.01,0.01,0.01,0.01,0.01,0.01,0.01,0.01,0.01,0.01,0.01,0.01,0.01,0.01,0.01,0.01,0.01,0.01,0.01,0.01,0.01,0.01,0.01,0.01,0.01,0.01,0.01,0.01,0.01,0.01,0.01,0.01,0.01,0.01,0.01,0.01,0.01,0.01,0.01,0.01,0.01,0.01,0.01,0.01,0.01,0.01,0.01,0.01,0.01,0.01,0.01,0.01,0.01,0.01,0.01,0.01,0.01,0.01,0.01,0.01,0.01,0.01,0.01,0.01,0.01,0.01,0.01,0.01,0.01,0.01,0.01,0.01,0.01,0.01,0.01,0.01,0.01,0.01,0.01,0.01,0.01,0.01,0.01,0.01,0.01,0.01,0.01,0.01,0.01,0.01,0.01,0.01,0.01,0.01,0.01,0.01,0.01,0.01,0.01,0.01,0.01,0.01,0.01,0.01,0.01,0.01,0.01,0.01,0.01,0.01,0.01,0.01,0.01,0.01,0.01,0.01,0.01,0.01,0.01,0.01,0.01,0.01,0.01,0.01,0.01,0.01,0.01,0.01,0.01,0.01,0.01,0.01,0.01,0.01,0.01,0.01,0.01,0.01,0.01,0.01,0.01
vanilla,1,93000,86.3180981798796,86.97751783300191,0.5474122762680054,1.0305185317993164,3,0.2583,0.7475,0.0112,0.0028,0.0059,0.003,0.0049,0.0041,0.0044,0.0042,0.0046,0.013,0.0032,0.0008,0.0018,0.0018,0.0017,0.0012,0.0021,0.0024,0.0014,0.0027,0.0041,0.0029,0.0012,0.0014,0.001,0.0007,0.0011,0.0025,0.0034,0.0069,0.0034,0.0016,0.001,0.0008,0.0007,0.0004,0.0006,0.0014,0.0016,0.0052,0.0025,0.0006,0.0007,0.0005,0.0007,0.0004,0.0007,0.0006,0.0011,0.0037,0.0042,0.0018,0.0016,0.0007,0.0004,0.0008,0.001,0.0008,0.0015,0.003,0.0049,0.0018,0.0009,0.0006,0.0007,0.001,0.001,0.001,0.0017,0.0027,0.0062,0.0022,0.0025,0.001,0.0011,0.0008,0.0007,0.0018,0.0022,0.0045,0.0034,0.0009,0.0006,0.0013,0.0013,0.0008,0.0017,0.0012,0.0006,0.0048,0.0098,0.0035,0.0047,0.0024,0.0049,0.004,0.0037,0.0062,0.0052,0.0116,0.0,0.0,0.01,0.01,0.01,0.01,0.01,0.01,0.01,0.01,0.01,0.01,0.01,0.01,0.01,0.01,0.01,0.01,0.01,0.01,0.01,0.01,0.01,0.01,0.01,0.01,0.01,0.01,0.01,0.01,0.01,0.01,0.01,0.01,0.01,0.01,0.01,0.01,0.01,0.01,0.01,0.01,0.01,0.01,0.01,0.01,0.01,0.01,0.01,0.01,0.01,0.01,0.01,0.01,0.01,0.01,0.01,0.01,0.01,0.01,0.01,0.01,0.01,0.01,0.01,0.01,0.01,0.01,0.01,0.01,0.01,0.01,0.01,0.01,0.01,0.01,0.01,0.01,0.01,0.01,0.01,0.01,0.01,0.01,0.01,0.01,0.01,0.01,0.01,0.01,0.01,0.01,0.01,0.01,0.01,0.01,0.01,0.01,0.01,0.01,0.01,0.01,0.01,0.01,0.01,0.01,0.01,0.01,0.01,0.01,0.01,0.01,0.01,0.01,0.01,0.01,0.01,0.01,0.01,0.01,0.01,0.01,0.01,0.01,0.01,0.01,0.01,0.01,0.01,0.01,0.01,0.01,0.01,0.01,0.01,0.01,0.01,0.01,0.01,0.01,0.01,0.01,0.01,0.01,0.01,0.01,0.01,0.01,0.01,0.01,0.01,0.01,0.01,0.01,0.01,0.01,0.01,0.01,0.01,0.01,0.01,0.01,0.01,0.01,0.01,0.01,0.01,0.01,0.01,0.01,0.01,0.01,0.01,0.01,0.01,0.01,0.01,0.01,0.01,0.01,0.01,0.01,0.01,0.01,0.01,0.01,0.01,0.01,0.01,0.01,0.01,0.01,0.01,0.01,0.01,0.01,0.01,0.01,0.01,0.01,0.01,0.01
vanilla,1,94000,87.23460241674911,87.9026109999977,0.5287728309631348,1.0670137405395508,3,0.2538,0.7511,0.0112,0.0021,0.0061,0.0029,0.0052,0.004,0.0047,0.0048,0.0046,0.0136,0.0041,0.0011,0.0019,0.0015,0.0022,0.0011,0.0021,0.003,0.0015,0.0043,0.0049,0.0025,0.0012,0.0014,0.0011,0.001,0.0011,0.0018,0.0033,0.0049,0.0037,0.0009,0.0012,0.0006,0.0004,0.0002,0.0004,0.0005,0.0015,0.005,0.0021,0.0009,0.0013,0.0005,0.0006,0.0003,0.0007,0.0008,0.0008,0.0034,0.0033,0.0015,0.0012,0.0012,0.0006,0.0003,0.0003,0.0004,0.0022,0.004,0.005,0.0017,0.0007,0.0007,0.0012,0.0012,0.001,0.0016,0.0016,0.0031,0.0052,0.0019,0.0027,0.0007,0.0013,0.001,0.0009,0.002,0.0022,0.0044,0.0028,0.001,0.001,0.0013,0.0012,0.0009,0.0016,0.0009,0.0008,0.0043,0.009,0.003,0.005,0.0032,0.0041,0.0033,0.0035,0.0049,0.0058,0.0101,0.0,0.0,0.01,0.01,0.01,0.01,0.01,0.01,0.01,0.01,0.01,0.01,0.01,0.01,0.01,0.01,0.01,0.01,0.01,0.01,0.01,0.01,0.01,0.01,0.01,0.01,0.01,0.01,0.01,0.01,0.01,0.01,0.01,0.01,0.01,0.01,0.01,0.01,0.01,0.01,0.01,0.01,0.01,0.01,0.01,0.01,0.01,0.01,0.01,0.01,0.01,0.01,0.01,0.01,0.01,0.01,0.01,0.01,0.01,0.01,0.01,0.01,0.01,0.01,0.01,0.01,0.01,0.01,0.01,0.01,0.01,0.01,0.01,0.01,0.01,0.01,0.01,0.01,0.01,0.01,0.01,0.01,0.01,0.01,0.01,0.01,0.01,0.01,0.01,0.01,0.01,0.01,0.01,0.01,0.01,0.01,0.01,0.01,0.01,0.01,0.01,0.01,0.01,0.01,0.01,0.01,0.01,0.01,0.01,0.01,0.01,0.01,0.01,0.01,0.01,0.01,0.01,0.01,0.01,0.01,0.01,0.01,0.01,0.01,0.01,0.01,0.01,0.01,0.01,0.01,0.01,0.01,0.01,0.01,0.01,0.01,0.01,0.01,0.01,0.01,0.01,0.01,0.01,0.01,0.01,0.01,0.01,0.01,0.01,0.01,0.01,0.01,0.01,0.01,0.01,0.01,0.01,0.01,0.01,0.01,0.01,0.01,0.01,0.01,0.01,0.01,0.01,0.01,0.01,0.01,0.01,0.01,0.01,0.01,0.01,0.01,0.01,0.01,0.01,0.01,0.01,0.01,0.01,0.01,0.01,0.01,0.01,0.01,0.01,0.01,0.01,0.01,0.01,0.01,0.01,0.01,0.01,0.01,0.01,0.01,0.01,0.01
vanilla,1,95000,88.16513375076465,88.84223191603087,0.577674925327301,0.9066489934921265,2,0.24459999999999993,0.7583000000000001,0.0097,0.0019,0.0058,0.0031,0.0056,0.0038,0.0039,0.0046,0.004,0.0126,0.0035,0.0011,0.0012,0.0015,0.0018,0.001,0.002,0.0021,0.0011,0.0034,0.0038,0.002,0.0013,0.0016,0.0012,0.0007,0.0011,0.0029,0.0027,0.0045,0.0028,0.0008,0.0016,0.0008,0.0005,0.0003,0.0003,0.0009,0.002,0.0054,0.0026,0.0007,0.001,0.0007,0.0002,0.0004,0.0005,0.0009,0.0012,0.0032,0.0033,0.0013,0.0015,0.0007,0.0007,0.0006,0.0006,0.0012,0.0022,0.0033,0.0049,0.0019,0.001,0.0006,0.0006,0.001,0.0011,0.0011,0.0015,0.0035,0.004,0.0018,0.0021,0.0009,0.0009,0.0004,0.0013,0.0019,0.0024,0.0046,0.0031,0.0011,0.0012,0.0013,0.0014,0.0009,0.0014,0.0011,0.0011,0.004,0.0077,0.0023,0.005,0.003,0.0048,0.0046,0.0036,0.0067,0.0048,0.0103,0.0,0.0,0.01,0.01,0.01,0.01,0.01,0.01,0.01,0.01,0.01,0.01,0.01,0.01,0.01,0.01,0.01,0.01,0.01,0.01,0.01,0.01,0.01,0.01,0.01,0.01,0.01,0.01,0.01,0.01,0.01,0.01,0.01,0.01,0.01,0.01,0.01,0.01,0.01,0.01,0.01,0.01,0.01,0.01,0.01,0.01,0.01,0.01,0.01,0.01,0.01,0.01,0.01,0.01,0.01,0.01,0.01,0.01,0.01,0.01,0.01,0.01,0.01,0.01,0.01,0.01,0.01,0.01,0.01,0.01,0.01,0.01,0.01,0.01,0.01,0.01,0.01,0.01,0.01,0.01,0.01,0.01,0.01,0.01,0.01,0.01,0.01,0.01,0.01,0.01,0.01,0.01,0.01,0.01,0.01,0.01,0.01,0.01,0.01,0.01,0.01,0.01,0.01,0.01,0.01,0.01,0.01,0.01,0.01,0.01,0.01,0.01,0.01,0.01,0.01,0.01,0.01,0.01,0.01,0.01,0.01,0.01,0.01,0.01,0.01,0.01,0.01,0.01,0.01,0.01,0.01,0.01,0.01,0.01,0.01,0.01,0.01,0.01,0.01,0.01,0.01,0.01,0.01,0.01,0.01,0.01,0.01,0.01,0.01,0.01,0.01,0.01,0.01,0.01,0.01,0.01,0.01,0.01,0.01,0.01,0.01,0.01,0.01,0.01,0.01,0.01,0.01,0.01,0.01,0.01,0.01,0.01,0.01,0.01,0.01,0.01,0.01,0.01,0.01,0.01,0.01,0.01,0.01,0.01,0.01,0.01,0.01,0.01,0.01,0.01,0.01,0.01,0.01,0.01,0.01,0.01,0.01,0.01,0.01,0.01,0.01,0.01
vanilla,1,96000,89.0834771808004,89.76952108298428,0.5413423180580139,1.0155308246612549,3,0.24839999999999995,0.7572000000000001,0.0119,0.0025,0.006,0.0024,0.0049,0.0043,0.0047,0.0044,0.004,0.0136,0.0052,0.0011,0.0011,0.0015,0.0012,0.0016,0.0024,0.0031,0.0017,0.0033,0.0044,0.0027,0.0012,0.0011,0.001,0.0011,0.0009,0.0019,0.0024,0.0036,0.0031,0.0016,0.0013,0.0012,0.0009,0.0003,0.0004,0.0014,0.0022,0.0038,0.0024,0.0006,0.0007,0.0003,0.0002,0.0002,0.0004,0.0006,0.0011,0.0023,0.0048,0.0016,0.0007,0.0007,0.0005,0.0004,0.0006,0.0008,0.002,0.0023,0.0041,0.0017,0.0008,0.0,0.0008,0.001,0.0006,0.001,0.0016,0.0039,0.0067,0.0019,0.0014,0.0011,0.0012,0.001,0.0017,0.0021,0.0026,0.0047,0.003,0.001,0.0009,0.001,0.0012,0.001,0.0005,0.001,0.0012,0.0028,0.0098,0.0036,0.0047,0.0032,0.005,0.0047,0.0032,0.0057,0.0043,0.0101,0.0,0.0,0.01,0.01,0.01,0.01,0.01,0.01,0.01,0.01,0.01,0.01,0.01,0.01,0.01,0.01,0.01,0.01,0.01,0.01,0.01,0.01,0.01,0.01,0.01,0.01,0.01,0.01,0.01,0.01,0.01,0.01,0.01,0.01,0.01,0.01,0.01,0.01,0.01,0.01,0.01,0.01,0.01,0.01,0.01,0.01,0.01,0.01,0.01,0.01,0.01,0.01,0.01,0.01,0.01,0.01,0.01,0.01,0.01,0.01,0.01,0.01,0.01,0.01,0.01,0.01,0.01,0.01,0.01,0.01,0.01,0.01,0.01,0.01,0.01,0.01,0.01,0.01,0.01,0.01,0.01,0.01,0.01,0.01,0.01,0.01,0.01,0.01,0.01,0.01,0.01,0.01,0.01,0.01,0.01,0.01,0.01,0.01,0.01,0.01,0.01,0.01,0.01,0.01,0.01,0.01,0.01,0.01,0.01,0.01,0.01,0.01,0.01,0.01,0.01,0.01,0.01,0.01,0.01,0.01,0.01,0.01,0.01,0.01,0.01,0.01,0.01,0.01,0.01,0.01,0.01,0.01,0.01,0.01,0.01,0.01,0.01,0.01,0.01,0.01,0.01,0.01,0.01,0.01,0.01,0.01,0.01,0.01,0.01,0.01,0.01,0.01,0.01,0.01,0.01,0.01,0.01,0.01,0.01,0.01,0.01,0.01,0.01,0.01,0.01,0.01,0.01,0.01,0.01,0.01,0.01,0.01,0.01,0.01,0.01,0.01,0.01,0.01,0.01,0.01,0.01,0.01,0.01,0.01,0.01,0.01,0.01,0.01,0.01,0.01,0.01,0.01,0.01,0.01,0.01,0.01,0.01,0.01,0.01,0.01,0.01,0.01
vanilla,1,97000,90.008484210819,90.70390449999832,0.5516951084136963,1.068503975868225,4,0.26580000000000004,0.7449,0.0131,0.0034,0.0058,0.0033,0.0053,0.0044,0.0046,0.0053,0.0032,0.0138,0.0046,0.0011,0.0015,0.0015,0.0017,0.0019,0.0019,0.0032,0.0007,0.0028,0.0057,0.003,0.0007,0.0015,0.001,0.0008,0.0011,0.0025,0.0028,0.0062,0.004,0.0021,0.0008,0.001,0.0008,0.0003,0.0003,0.0007,0.0019,0.0054,0.0031,0.001,0.0007,0.0004,0.0005,0.0,0.0005,0.0007,0.0009,0.0037,0.004,0.0012,0.0009,0.0006,0.0008,0.0003,0.0006,0.0008,0.0016,0.0035,0.0049,0.002,0.001,0.0005,0.0003,0.001,0.0011,0.0007,0.0011,0.0044,0.0058,0.002,0.0011,0.0012,0.001,0.0009,0.0011,0.0016,0.0022,0.0044,0.0036,0.0009,0.0007,0.0013,0.001,0.0009,0.0013,0.0009,0.0008,0.0038,0.0121,0.0045,0.005,0.0034,0.0047,0.0052,0.0034,0.0058,0.005,0.0117,0.0,0.0,0.01,0.01,0.01,0.01,0.01,0.01,0.01,0.01,0.01,0.01,0.01,0.01,0.01,0.01,0.01,0.01,0.01,0.01,0.01,0.01,0.01,0.01,0.01,0.01,0.01,0.01,0.01,0.01,0.01,0.01,0.01,0.01,0.01,0.01,0.01,0.01,0.01,0.01,0.01,0.01,0.01,0.01,0.01,0.01,0.01,0.01,0.01,0.01,0.01,0.01,0.01,0.01,0.01,0.01,0.01,0.01,0.01,0.01,0.01,0.01,0.01,0.01,0.01,0.01,0.01,0.01,0.01,0.01,0.01,0.01,0.01,0.01,0.01,0.01,0.01,0.01,0.01,0.01,0.01,0.01,0.01,0.01,0.01,0.01,0.01,0.01,0.01,0.01,0.01,0.01,0.01,0.01,0.01,0.01,0.01,0.01,0.01,0.01,0.01,0.01,0.01,0.01,0.01,0.01,0.01,0.01,0.01,0.01,0.01,0.01,0.01,0.01,0.01,0.01,0.01,0.01,0.01,0.01,0.01,0.01,0.01,0.01,0.01,0.01,0.01,0.01,0.01,0.01,0.01,0.01,0.01,0.01,0.01,0.01,0.01,0.01,0.01,0.01,0.01,0.01,0.01,0.01,0.01,0.01,0.01,0.01,0.01,0.01,0.01,0.01,0.01,0.01,0.01,0.01,0.01,0.01,0.01,0.01,0.01,0.01,0.01,0.01,0.01,0.01,0.01,0.01,0.01,0.01,0.01,0.01,0.01,0.01,0.01,0.01,0.01,0.01,0.01,0.01,0.01,0.01,0.01,0.01,0.01,0.01,0.01,0.01,0.01,0.01,0.01,0.01,0.01,0.01,0.01,0.01,0.01,0.01,0.01,0.01,0.01,0.01
vanilla,1,98000,90.93547412077896,91.64096241607331,0.5665621757507324,1.0438921451568604,4,0.25570000000000004,0.7497,0.0108,0.0017,0.0063,0.0035,0.0056,0.0038,0.0043,0.0038,0.0038,0.0134,0.0041,0.0012,0.0015,0.0015,0.0024,0.0013,0.0022,0.0035,0.0015,0.0039,0.0045,0.0028,0.001,0.0006,0.0013,0.0008,0.0007,0.0018,0.0027,0.005,0.0033,0.0013,0.0014,0.0013,0.0011,0.0002,0.0002,0.0008,0.0017,0.0044,0.0032,0.0008,0.0009,0.0005,0.0007,0.0002,0.0003,0.0004,0.001,0.0032,0.0041,0.0017,0.001,0.0006,0.0005,0.0002,0.0005,0.0009,0.0018,0.0033,0.0049,0.0018,0.0011,0.0006,0.0007,0.001,0.0006,0.001,0.0016,0.0041,0.0056,0.002,0.0016,0.0013,0.0012,0.0009,0.0013,0.0015,0.0018,0.0051,0.0031,0.001,0.0005,0.0012,0.0011,0.0011,0.0011,0.0012,0.0009,0.0034,0.0109,0.0034,0.0056,0.004,0.0051,0.0048,0.0033,0.0068,0.0044,0.0103,0.0,0.0,0.01,0.01,0.01,0.01,0.01,0.01,0.01,0.01,0.01,0.01,0.01,0.01,0.01,0.01,0.01,0.01,0.01,0.01,0.01,0.01,0.01,0.01,0.01,0.01,0.01,0.01,0.01,0.01,0.01,0.01,0.01,0.01,0.01,0.01,0.01,0.01,0.01,0.01,0.01,0.01,0.01,0.01,0.01,0.01,0.01,0.01,0.01,0.01,0.01,0.01,0.01,0.01,0.01,0.01,0.01,0.01,0.01,0.01,0.01,0.01,0.01,0.01,0.01,0.01,0.01,0.01,0.01,0.01,0.01,0.01,0.01,0.01,0.01,0.01,0.01,0.01,0.01,0.01,0.01,0.01,0.01,0.01,0.01,0.01,0.01,0.01,0.01,0.01,0.01,0.01,0.01,0.01,0.01,0.01,0.01,0.01,0.01,0.01,0.01,0.01,0.01,0.01,0.01,0.01,0.01,0.01,0.01,0.01,0.01,0.01,0.01,0.01,0.01,0.01,0.01,0.01,0.01,0.01,0.01,0.01,0.01,0.01,0.01,0.01,0.01,0.01,0.01,0.01,0.01,0.01,0.01,0.01,0.01,0.01,0.01,0.01,0.01,0.01,0.01,0.01,0.01,0.01,0.01,0.01,0.01,0.01,0.01,0.01,0.01,0.01,0.01,0.01,0.01,0.01,0.01,0.01,0.01,0.01,0.01,0.01,0.01,0.01,0.01,0.01,0.01,0.01,0.01,0.01,0.01,0.01,0.01,0.01,0.01,0.01,0.01,0.01,0.01,0.01,0.01,0.01,0.01,0.01,0.01,0.01,0.01,0.01,0.01,0.01,0.01,0.01,0.01,0.01,0.01,0.01,0.01,0.01,0.01,0.01,0.01,0.01
vanilla,1,99000,91.86804367345758,92.58393050008453,0.5524033308029175,1.0518455505371094,2,0.2581,0.7462,0.0114,0.0021,0.0057,0.0035,0.0058,0.0037,0.0044,0.0044,0.0055,0.0129,0.0036,0.0007,0.001,0.001,0.0018,0.001,0.0019,0.0026,0.0013,0.0029,0.0044,0.0025,0.0016,0.0016,0.0016,0.0007,0.0012,0.0016,0.0034,0.0062,0.0037,0.0008,0.0013,0.0008,0.0011,0.0004,0.0008,0.0009,0.0022,0.0038,0.0025,0.0005,0.0011,0.0007,0.0007,0.0002,0.0006,0.0003,0.001,0.0033,0.004,0.0014,0.0017,0.0008,0.0007,0.0006,0.0003,0.0003,0.0017,0.0036,0.0053,0.002,0.0008,0.0011,0.0006,0.0008,0.0015,0.0014,0.0014,0.0033,0.0055,0.0024,0.0023,0.0012,0.0013,0.0004,0.001,0.0021,0.0026,0.0048,0.003,0.001,0.0013,0.0015,0.0018,0.0011,0.0016,0.0011,0.0011,0.0035,0.0092,0.0032,0.0058,0.0036,0.0054,0.0041,0.0033,0.0053,0.0057,0.0099,0.0,0.0,0.01,0.01,0.01,0.01,0.01,0.01,0.01,0.01,0.01,0.01,0.01,0.01,0.01,0.01,0.01,0.01,0.01,0.01,0.01,0.01,0.01,0.01,0.01,0.01,0.01,0.01,0.01,0.01,0.01,0.01,0.01,0.01,0.01,0.01,0.01,0.01,0.01,0.01,0.01,0.01,0.01,0.01,0.01,0.01,0.01,0.01,0.01,0.01,0.01,0.01,0.01,0.01,0.01,0.01,0.01,0.01,0.01,0.01,0.01,0.01,0.01,0.01,0.01,0.01,0.01,0.01,0.01,0.01,0.01,0.01,0.01,0.01,0.01,0.01,0.01,0.01,0.01,0.01,0.01,0.01,0.01,0.01,0.01,0.01,0.01,0.01,0.01,0.01,0.01,0.01,0.01,0.01,0.01,0.01,0.01,0.01,0.01,0.01,0.01,0.01,0.01,0.01,0.01,0.01,0.01,0.01,0.01,0.01,0.01,0.01,0.01,0.01,0.01,0.01,0.01,0.01,0.01,0.01,0.01,0.01,0.01,0.01,0.01,0.01,0.01,0.01,0.01,0.01,0.01,0.01,0.01,0.01,0.01,0.01,0.01,0.01,0.01,0.01,0.01,0.01,0.01,0.01,0.01,0.01,0.01,0.01,0.01,0.01,0.01,0.01,0.01,0.01,0.01,0.01,0.01,0.01,0.01,0.01,0.01,0.01,0.01,0.01,0.01,0.01,0.01,0.01,0.01,0.01,0.01,0.01,0.01,0.01,0.01,0.01,0.01,0.01,0.01,0.01,0.01,0.01,0.01,0.01,0.01,0.01,0.01,0.01,0.01,0.01,0.01,0.01,0.01,0.01,0.01,0.01,0.01,0.01,0.01,0.01,0.01,0.01
vanilla,1,100000,92.78403032151982,93.50882350001484,0.5505675077438354,1.0591176748275757,4,0.2651,0.7424999999999999,0.0133,0.003,0.0063,0.004,0.0061,0.0034,0.0049,0.004,0.0042,0.0132,0.0049,0.0008,0.0017,0.0012,0.0023,0.0015,0.0016,0.004,0.0019,0.0035,0.0048,0.0029,0.0009,0.0013,0.0012,0.001,0.0004,0.0018,0.0026,0.0053,0.0041,0.0017,0.0014,0.0012,0.0008,0.0004,0.0003,0.001,0.0021,0.0047,0.0032,0.0008,0.001,0.0004,0.0008,0.0003,0.0006,0.0006,0.0006,0.0034,0.0047,0.0014,0.0015,0.0007,0.0008,0.0003,0.0005,0.0005,0.0021,0.003,0.0047,0.0019,0.0009,0.0009,0.0006,0.0008,0.0009,0.0008,0.0018,0.0043,0.0068,0.0021,0.0021,0.0011,0.0014,0.0011,0.0011,0.0014,0.0024,0.0049,0.0027,0.0009,0.0007,0.0012,0.0014,0.0006,0.0013,0.0011,0.0007,0.0033,0.0104,0.0032,0.0057,0.0033,0.0052,0.0044,0.0031,0.0052,0.0051,0.0107,0.0,0.0,0.01,0.01,0.01,0.01,0.01,0.01,0.01,0.01,0.01,0.01,0.01,0.01,0.01,0.01,0.01,0.01,0.01,0.01,0.01,0.01,0.01,0.01,0.01,0.01,0.01,0.01,0.01,0.01,0.01,0.01,0.01,0.01,0.01,0.01,0.01,0.01,0.01,0.01,0.01,0.01,0.01,0.01,0.01,0.01,0.01,0.01,0.01,0.01,0.01,0.01,0.01,0.01,0.01,0.01,0.01,0.01,0.01,0.01,0.01,0.01,0.01,0.01,0.01,0.01,0.01,0.01,0.01,0.01,0.01,0.01,0.01,0.01,0.01,0.01,0.01,0.01,0.01,0.01,0.01,0.01,0.01,0.01,0.01,0.01,0.01,0.01,0.01,0.01,0.01,0.01,0.01,0.01,0.01,0.01,0.01,0.01,0.01,0.01,0.01,0.01,0.01,0.01,0.01,0.01,0.01,0.01,0.01,0.01,0.01,0.01,0.01,0.01,0.01,0.01,0.01,0.01,0.01,0.01,0.01,0.01,0.01,0.01,0.01,0.01,0.01,0.01,0.01,0.01,0.01,0.01,0.01,0.01,0.01,0.01,0.01,0.01,0.01,0.01,0.01,0.01,0.01,0.01,0.01,0.01,0.01,0.01,0.01,0.01,0.01,0.01,0.01,0.01,0.01,0.01,0.01,0.01,0.01,0.01,0.01,0.01,0.01,0.01,0.01,0.01,0.01,0.01,0.01,0.01,0.01,0.01,0.01,0.01,0.01,0.01,0.01,0.01,0.01,0.01,0.01,0.01,0.01,0.01,0.01,0.01,0.01,0.01,0.01,0.01,0.01,0.01,0.01,0.01,0.01,0.01,0.01,0.01,0.01,0.01,0.01,0.01
vanilla,1,101000,93.71092490362935,94.44801954098511,0.5349119901657104,0.9954390525817871,4,0.2661,0.7438,0.0126,0.0036,0.0061,0.0035,0.0063,0.0046,0.0055,0.0057,0.004,0.0137,0.0047,0.001,0.0018,0.0008,0.0016,0.0019,0.0014,0.003,0.0008,0.0034,0.0042,0.0029,0.0012,0.0011,0.0013,0.0008,0.0005,0.0017,0.0033,0.0067,0.0035,0.0012,0.0015,0.001,0.0006,0.0003,0.0006,0.0015,0.0011,0.0047,0.0024,0.0007,0.0009,0.0003,0.0007,0.0001,0.0003,0.0009,0.0009,0.0035,0.0042,0.0009,0.0009,0.0005,0.0007,0.0003,0.0006,0.0004,0.0015,0.0035,0.0051,0.0017,0.0007,0.0006,0.0001,0.0012,0.0013,0.0015,0.0019,0.0031,0.0061,0.0019,0.0016,0.0014,0.0014,0.0006,0.0008,0.0016,0.0018,0.0053,0.003,0.0015,0.0011,0.0012,0.0012,0.0008,0.0017,0.0008,0.0007,0.0043,0.011,0.0041,0.0056,0.0032,0.0054,0.0053,0.0033,0.0049,0.0048,0.0126,0.0,0.0,0.01,0.01,0.01,0.01,0.01,0.01,0.01,0.01,0.01,0.01,0.01,0.01,0.01,0.01,0.01,0.01,0.01,0.01,0.01,0.01,0.01,0.01,0.01,0.01,0.01,0.01,0.01,0.01,0.01,0.01,0.01,0.01,0.01,0.01,0.01,0.01,0.01,0.01,0.01,0.01,0.01,0.01,0.01,0.01,0.01,0.01,0.01,0.01,0.01,0.01,0.01,0.01,0.01,0.01,0.01,0.01,0.01,0.01,0.01,0.01,0.01,0.01,0.01,0.01,0.01,0.01,0.01,0.01,0.01,0.01,0.01,0.01,0.01,0.01,0.01,0.01,0.01,0.01,0.01,0.01,0.01,0.01,0.01,0.01,0.01,0.01,0.01,0.01,0.01,0.01,0.01,0.01,0.01,0.01,0.01,0.01,0.01,0.01,0.01,0.01,0.01,0.01,0.01,0.01,0.01,0.01,0.01,0.01,0.01,0.01,0.01,0.01,0.01,0.01,0.01,0.01,0.01,0.01,0.01,0.01,0.01,0.01,0.01,0.01,0.01,0.01,0.01,0.01,0.01,0.01,0.01,0.01,0.01,0.01,0.01,0.01,0.01,0.01,0.01,0.01,0.01,0.01,0.01,0.01,0.01,0.01,0.01,0.01,0.01,0.01,0.01,0.01,0.01,0.01,0.01,0.01,0.01,0.01,0.01,0.01,0.01,0.01,0.01,0.01,0.01,0.01,0.01,0.01,0.01,0.01,0.01,0.01,0.01,0.01,0.01,0.01,0.01,0.01,0.01,0.01,0.01,0.01,0.01,0.01,0.01,0.01,0.01,0.01,0.01,0.01,0.01,0.01,0.01,0.01,0.01,0.01,0.01,0.01,0.01,0.01
vanilla,1,102000,94.61668184539303,95.36295270803384,0.5277677774429321,1.0364513397216797,1,0.2187,0.7824,0.0067,0.001,0.0013,0.0005,0.0023,0.0021,0.0016,0.0016,0.0018,0.0111,0.0059,0.0018,0.002,0.001,0.0017,0.0021,0.0022,0.0029,0.0018,0.0032,0.0034,0.0019,0.001,0.0009,0.0016,0.0013,0.0004,0.0011,0.0028,0.0055,0.0033,0.0008,0.0017,0.0008,0.0007,0.0003,0.0006,0.0008,0.0018,0.0048,0.0023,0.0005,0.001,0.0002,0.0003,0.0001,0.0003,0.0006,0.0007,0.0031,0.0037,0.0011,0.0013,0.0009,0.0009,0.0006,0.0003,0.0005,0.0012,0.0026,0.0045,0.0019,0.0012,0.0005,0.0005,0.0008,0.0012,0.001,0.0018,0.0034,0.0058,0.002,0.0023,0.0013,0.0016,0.0006,0.001,0.0015,0.0024,0.0045,0.0023,0.0011,0.0014,0.0009,0.0017,0.0008,0.0012,0.0008,0.0006,0.0041,0.0094,0.0027,0.0056,0.0035,0.0047,0.0036,0.0034,0.0039,0.0067,0.0082,0.0,0.0,0.01,0.01,0.01,0.01,0.01,0.01,0.01,0.01,0.01,0.01,0.01,0.01,0.01,0.01,0.01,0.01,0.01,0.01,0.01,0.01,0.01,0.01,0.01,0.01,0.01,0.01,0.01,0.01,0.01,0.01,0.01,0.01,0.01,0.01,0.01,0.01,0.01,0.01,0.01,0.01,0.01,0.01,0.01,0.01,0.01,0.01,0.01,0.01,0.01,0.01,0.01,0.01,0.01,0.01,0.01,0.01,0.01,0.01,0.01,0.01,0.01,0.01,0.01,0.01,0.01,0.01,0.01,0.01,0.01,0.01,0.01,0.01,0.01,0.01,0.01,0.01,0.01,0.01,0.01,0.01,0.01,0.01,0.01,0.01,0.01,0.01,0.01,0.01,0.01,0.01,0.01,0.01,0.01,0.01,0.01,0.01,0.01,0.01,0.01,0.01,0.01,0.01,0.01,0.01,0.01,0.01,0.01,0.01,0.01,0.01,0.01,0.01,0.01,0.01,0.01,0.01,0.01,0.01,0.01,0.01,0.01,0.01,0.01,0.01,0.01,0.01,0.01,0.01,0.01,0.01,0.01,0.01,0.01,0.01,0.01,0.01,0.01,0.01,0.01,0.01,0.01,0.01,0.01,0.01,0.01,0.01,0.01,0.01,0.01,0.01,0.01,0.01,0.01,0.01,0.01,0.01,0.01,0.01,0.01,0.01,0.01,0.01,0.01,0.01,0.01,0.01,0.01,0.01,0.01,0.01,0.01,0.01,0.01,0.01,0.01,0.01,0.01,0.01,0.01,0.01,0.01,0.01,0.01,0.01,0.01,0.01,0.01,0.01,0.01,0.01,0.01,0.01,0.01,0.01,0.01,0.01,0.01,0.01,0.01,0.01
vanilla,1,103000,95.54717626865022,96.3032715000445,0.5592655539512634,0.9140689373016357,4,0.25529999999999997,0.7530000000000001,0.0131,0.0039,0.0058,0.0036,0.0048,0.0043,0.0047,0.0053,0.003,0.0123,0.0036,0.0011,0.0015,0.0011,0.0015,0.0015,0.0018,0.0028,0.0007,0.0023,0.0044,0.0028,0.0004,0.0007,0.0014,0.0009,0.0007,0.0019,0.0025,0.0055,0.004,0.0016,0.0007,0.0009,0.0007,0.0003,0.0005,0.0013,0.0021,0.0036,0.0025,0.0009,0.0008,0.0007,0.0004,0.0003,0.0007,0.001,0.001,0.003,0.0037,0.001,0.0009,0.0006,0.0007,0.0006,0.0003,0.0004,0.0018,0.003,0.0058,0.0016,0.0011,0.0006,0.0001,0.0008,0.0012,0.0021,0.0017,0.0032,0.0062,0.002,0.0014,0.0011,0.001,0.0006,0.0012,0.0014,0.0012,0.0059,0.0029,0.0015,0.0008,0.0012,0.0014,0.0008,0.0011,0.001,0.0012,0.0035,0.0112,0.0035,0.0059,0.0033,0.0051,0.0053,0.004,0.005,0.0048,0.0117,0.0,0.0,0.01,0.01,0.01,0.01,0.01,0.01,0.01,0.01,0.01,0.01,0.01,0.01,0.01,0.01,0.01,0.01,0.01,0.01,0.01,0.01,0.01,0.01,0.01,0.01,0.01,0.01,0.01,0.01,0.01,0.01,0.01,0.01,0.01,0.01,0.01,0.01,0.01,0.01,0.01,0.01,0.01,0.01,0.01,0.01,0.01,0.01,0.01,0.01,0.01,0.01,0.01,0.01,0.01,0.01,0.01,0.01,0.01,0.01,0.01,0.01,0.01,0.01,0.01,0.01,0.01,0.01,0.01,0.01,0.01,0.01,0.01,0.01,0.01,0.01,0.01,0.01,0.01,0.01,0.01,0.01,0.01,0.01,0.01,0.01,0.01,0.01,0.01,0.01,0.01,0.01,0.01,0.01,0.01,0.01,0.01,0.01,0.01,0.01,0.01,0.01,0.01,0.01,0.01,0.01,0.01,0.01,0.01,0.01,0.01,0.01,0.01,0.01,0.01,0.01,0.01,0.01,0.01,0.01,0.01,0.01,0.01,0.01,0.01,0.01,0.01,0.01,0.01,0.01,0.01,0.01,0.01,0.01,0.01,0.01,0.01,0.01,0.01,0.01,0.01,0.01,0.01,0.01,0.01,0.01,0.01,0.01,0.01,0.01,0.01,0.01,0.01,0.01,0.01,0.01,0.01,0.01,0.01,0.01,0.01,0.01,0.01,0.01,0.01,0.01,0.01,0.01,0.01,0.01,0.01,0.01,0.01,0.01,0.01,0.01,0.01,0.01,0.01,0.01,0.01,0.01,0.01,0.01,0.01,0.01,0.01,0.01,0.01,0.01,0.01,0.01,0.01,0.01,0.01,0.01,0.01,0.01,0.01,0.01,0.01,0.01
vanilla,1,104000,96.46679480466992,97.23268133308738,0.5226872563362122,1.1412811279296875,4,0.25259999999999994,0.7548000000000001,0.0138,0.003,0.0067,0.0039,0.0056,0.0043,0.0052,0.0053,0.0043,0.0115,0.0027,0.0008,0.0015,0.0012,0.0019,0.0013,0.0014,0.0023,0.0009,0.0024,0.0051,0.0024,0.0008,0.0008,0.0015,0.0008,0.0007,0.0014,0.0033,0.0054,0.0044,0.0013,0.0012,0.001,0.0008,0.0003,0.0008,0.0012,0.0021,0.0037,0.0026,0.0008,0.0012,0.0005,0.0004,0.0002,0.0005,0.0006,0.0007,0.0036,0.0028,0.0006,0.0007,0.0006,0.0008,0.0005,0.0004,0.0004,0.0014,0.0024,0.0056,0.0022,0.0011,0.0006,0.0,0.001,0.0012,0.0015,0.002,0.0026,0.0048,0.0024,0.0017,0.0007,0.0012,0.0005,0.0007,0.0013,0.0015,0.0046,0.0046,0.0013,0.0017,0.0013,0.0012,0.0013,0.0016,0.001,0.0012,0.004,0.0111,0.0026,0.0045,0.0034,0.0048,0.0035,0.0034,0.0049,0.0063,0.011,0.0,0.0,0.01,0.01,0.01,0.01,0.01,0.01,0.01,0.01,0.01,0.01,0.01,0.01,0.01,0.01,0.01,0.01,0.01,0.01,0.01,0.01,0.01,0.01,0.01,0.01,0.01,0.01,0.01,0.01,0.01,0.01,0.01,0.01,0.01,0.01,0.01,0.01,0.01,0.01,0.01,0.01,0.01,0.01,0.01,0.01,0.01,0.01,0.01,0.01,0.01,0.01,0.01,0.01,0.01,0.01,0.01,0.01,0.01,0.01,0.01,0.01,0.01,0.01,0.01,0.01,0.01,0.01,0.01,0.01,0.01,0.01,0.01,0.01,0.01,0.01,0.01,0.01,0.01,0.01,0.01,0.01,0.01,0.01,0.01,0.01,0.01,0.01,0.01,0.01,0.01,0.01,0.01,0.01,0.01,0.01,0.01,0.01,0.01,0.01,0.01,0.01,0.01,0.01,0.01,0.01,0.01,0.01,0.01,0.01,0.01,0.01,0.01,0.01,0.01,0.01,0.01,0.01,0.01,0.01,0.01,0.01,0.01,0.01,0.01,0.01,0.01,0.01,0.01,0.01,0.01,0.01,0.01,0.01,0.01,0.01,0.01,0.01,0.01,0.01,0.01,0.01,0.01,0.01,0.01,0.01,0.01,0.01,0.01,0.01,0.01,0.01,0.01,0.01,0.01,0.01,0.01,0.01,0.01,0.01,0.01,0.01,0.01,0.01,0.01,0.01,0.01,0.01,0.01,0.01,0.01,0.01,0.01,0.01,0.01,0.01,0.01,0.01,0.01,0.01,0.01,0.01,0.01,0.01,0.01,0.01,0.01,0.01,0.01,0.01,0.01,0.01,0.01,0.01,0.01,0.01,0.01,0.01,0.01,0.01,0.01,0.01
vanilla,1,105000,97.40257208957337,98.17801550007425,0.5953870415687561,0.9573228359222412,4,0.2629,0.7456,0.0122,0.0025,0.0057,0.0041,0.0063,0.0038,0.004,0.0049,0.0058,0.0148,0.004,0.0019,0.0018,0.0015,0.0023,0.0016,0.0028,0.0034,0.0017,0.0034,0.0037,0.0025,0.0013,0.0009,0.0016,0.0005,0.0004,0.001,0.0026,0.0048,0.0031,0.0011,0.0016,0.0006,0.0011,0.0002,0.001,0.001,0.0018,0.0041,0.0022,0.0012,0.0007,0.0005,0.0008,0.0003,0.0005,0.0009,0.0008,0.0035,0.004,0.0016,0.002,0.0007,0.0008,0.0005,0.0004,0.0003,0.0019,0.003,0.0046,0.0018,0.0013,0.0005,0.0005,0.0006,0.0012,0.0009,0.0023,0.0033,0.0051,0.0023,0.0021,0.0013,0.0008,0.0005,0.001,0.0014,0.0024,0.0055,0.0026,0.0012,0.0009,0.001,0.0019,0.0013,0.0011,0.0009,0.0012,0.0026,0.0109,0.004,0.005,0.0034,0.0049,0.0048,0.0038,0.0062,0.0052,0.0106,0.0,0.0,0.01,0.01,0.01,0.01,0.01,0.01,0.01,0.01,0.01,0.01,0.01,0.01,0.01,0.01,0.01,0.01,0.01,0.01,0.01,0.01,0.01,0.01,0.01,0.01,0.01,0.01,0.01,0.01,0.01,0.01,0.01,0.01,0.01,0.01,0.01,0.01,0.01,0.01,0.01,0.01,0.01,0.01,0.01,0.01,0.01,0.01,0.01,0.01,0.01,0.01,0.01,0.01,0.01,0.01,0.01,0.01,0.01,0.01,0.01,0.01,0.01,0.01,0.01,0.01,0.01,0.01,0.01,0.01,0.01,0.01,0.01,0.01,0.01,0.01,0.01,0.01,0.01,0.01,0.01,0.01,0.01,0.01,0.01,0.01,0.01,0.01,0.01,0.01,0.01,0.01,0.01,0.01,0.01,0.01,0.01,0.01,0.01,0.01,0.01,0.01,0.01,0.01,0.01,0.01,0.01,0.01,0.01,0.01,0.01,0.01,0.01,0.01,0.01,0.01,0.01,0.01,0.01,0.01,0.01,0.01,0.01,0.01,0.01,0.01,0.01,0.01,0.01,0.01,0.01,0.01,0.01,0.01,0.01,0.01,0.01,0.01,0.01,0.01,0.01,0.01,0.01,0.01,0.01,0.01,0.01,0.01,0.01,0.01,0.01,0.01,0.01,0.01,0.01,0.01,0.01,0.01,0.01,0.01,0.01,0.01,0.01,0.01,0.01,0.01,0.01,0.01,0.01,0.01,0.01,0.01,0.01,0.01,0.01,0.01,0.01,0.01,0.01,0.01,0.01,0.01,0.01,0.01,0.01,0.01,0.01,0.01,0.01,0.01,0.01,0.01,0.01,0.01,0.01,0.01,0.01,0.01,0.01,0.01,0.01,0.01
vanilla,1,106000,98.32599665771704,99.11117475002538,0.557236909866333,1.1284886598587036,4,0.255,0.7532,0.0129,0.0026,0.0065,0.0035,0.0059,0.0038,0.0038,0.0047,0.0054,0.0131,0.0042,0.001,0.0018,0.001,0.0023,0.0013,0.0024,0.0026,0.0017,0.0024,0.0037,0.002,0.0012,0.001,0.0014,0.0007,0.0004,0.0013,0.0029,0.0049,0.0041,0.0013,0.0014,0.0007,0.0009,0.0003,0.0009,0.001,0.0016,0.0045,0.0026,0.0008,0.0008,0.0007,0.0004,0.0006,0.0004,0.0006,0.0006,0.0032,0.0032,0.0013,0.0015,0.0008,0.0008,0.0006,0.0007,0.0007,0.002,0.0031,0.0048,0.0018,0.0012,0.0005,0.0002,0.0009,0.001,0.001,0.002,0.0035,0.0053,0.0019,0.0021,0.001,0.0014,0.0006,0.0009,0.0017,0.0022,0.0044,0.0029,0.0008,0.0012,0.001,0.0019,0.0011,0.0014,0.0012,0.0006,0.0031,0.0114,0.0029,0.0053,0.003,0.0056,0.0037,0.0035,0.0048,0.0059,0.0108,0.0,0.0,0.01,0.01,0.01,0.01,0.01,0.01,0.01,0.01,0.01,0.01,0.01,0.01,0.01,0.01,0.01,0.01,0.01,0.01,0.01,0.01,0.01,0.01,0.01,0.01,0.01,0.01,0.01,0.01,0.01,0.01,0.01,0.01,0.01,0.01,0.01,0.01,0.01,0.01,0.01,0.01,0.01,0.01,0.01,0.01,0.01,0.01,0.01,0.01,0.01,0.01,0.01,0.01,0.01,0.01,0.01,0.01,0.01,0.01,0.01,0.01,0.01,0.01,0.01,0.01,0.01,0.01,0.01,0.01,0.01,0.01,0.01,0.01,0.01,0.01,0.01,0.01,0.01,0.01,0.01,0.01,0.01,0.01,0.01,0.01,0.01,0.01,0.01,0.01,0.01,0.01,0.01,0.01,0.01,0.01,0.01,0.01,0.01,0.01,0.01,0.01,0.01,0.01,0.01,0.01,0.01,0.01,0.01,0.01,0.01,0.01,0.01,0.01,0.01,0.01,0.01,0.01,0.01,0.01,0.01,0.01,0.01,0.01,0.01,0.01,0.01,0.01,0.01,0.01,0.01,0.01,0.01,0.01,0.01,0.01,0.01,0.01,0.01,0.01,0.01,0.01,0.01,0.01,0.01,0.01,0.01,0.01,0.01,0.01,0.01,0.01,0.01,0.01,0.01,0.01,0.01,0.01,0.01,0.01,0.01,0.01,0.01,0.01,0.01,0.01,0.01,0.01,0.01,0.01,0.01,0.01,0.01,0.01,0.01,0.01,0.01,0.01,0.01,0.01,0.01,0.01,0.01,0.01,0.01,0.01,0.01,0.01,0.01,0.01,0.01,0.01,0.01,0.01,0.01,0.01,0.01,0.01,0.01,0.01,0.01,0.01
vanilla,1,107000,99.24576887965668,100.04067308304366,0.5405155420303345,1.0053653717041016,2,0.25170000000000003,0.7525,0.0095,0.0018,0.0052,0.0036,0.0057,0.0029,0.0039,0.0047,0.006,0.0136,0.0035,0.0011,0.002,0.0011,0.0023,0.001,0.0022,0.003,0.0012,0.0025,0.0037,0.0026,0.0011,0.0016,0.0015,0.0005,0.0002,0.001,0.0029,0.0052,0.0031,0.001,0.001,0.0005,0.0008,0.0004,0.001,0.0009,0.0018,0.0046,0.0028,0.0008,0.0007,0.0005,0.0003,0.0004,0.0003,0.0005,0.0011,0.003,0.0033,0.0011,0.0015,0.0007,0.0009,0.0004,0.0005,0.0006,0.0017,0.0039,0.0044,0.0029,0.0012,0.0005,0.0007,0.0009,0.0015,0.0013,0.0022,0.0034,0.0063,0.0023,0.0022,0.0019,0.0013,0.001,0.0011,0.0016,0.0022,0.0054,0.0022,0.001,0.0009,0.0009,0.0015,0.0008,0.0014,0.0015,0.0007,0.0036,0.0106,0.0033,0.0052,0.0035,0.0048,0.0046,0.0036,0.0063,0.0039,0.0099,0.0,0.0,0.01,0.01,0.01,0.01,0.01,0.01,0.01,0.01,0.01,0.01,0.01,0.01,0.01,0.01,0.01,0.01,0.01,0.01,0.01,0.01,0.01,0.01,0.01,0.01,0.01,0.01,0.01,0.01,0.01,0.01,0.01,0.01,0.01,0.01,0.01,0.01,0.01,0.01,0.01,0.01,0.01,0.01,0.01,0.01,0.01,0.01,0.01,0.01,0.01,0.01,0.01,0.01,0.01,0.01,0.01,0.01,0.01,0.01,0.01,0.01,0.01,0.01,0.01,0.01,0.01,0.01,0.01,0.01,0.01,0.01,0.01,0.01,0.01,0.01,0.01,0.01,0.01,0.01,0.01,0.01,0.01,0.01,0.01,0.01,0.01,0.01,0.01,0.01,0.01,0.01,0.01,0.01,0.01,0.01,0.01,0.01,0.01,0.01,0.01,0.01,0.01,0.01,0.01,0.01,0.01,0.01,0.01,0.01,0.01,0.01,0.01,0.01,0.01,0.01,0.01,0.01,0.01,0.01,0.01,0.01,0.01,0.01,0.01,0.01,0.01,0.01,0.01,0.01,0.01,0.01,0.01,0.01,0.01,0.01,0.01,0.01,0.01,0.01,0.01,0.01,0.01,0.01,0.01,0.01,0.01,0.01,0.01,0.01,0.01,0.01,0.01,0.01,0.01,0.01,0.01,0.01,0.01,0.01,0.01,0.01,0.01,0.01,0.01,0.01,0.01,0.01,0.01,0.01,0.01,0.01,0.01,0.01,0.01,0.01,0.01,0.01,0.01,0.01,0.01,0.01,0.01,0.01,0.01,0.01,0.01,0.01,0.01,0.01,0.01,0.01,0.01,0.01,0.01,0.01,0.01,0.01,0.01,0.01,0.01,0.01
vanilla,1,108000,100.14388272538781,100.94927891599946,0.5328396558761597,1.0263710021972656,3,0.263,0.7455,0.0144,0.0033,0.0055,0.0033,0.0064,0.0049,0.0043,0.0044,0.0035,0.0127,0.0051,0.0014,0.0028,0.0013,0.0028,0.0023,0.0021,0.0039,0.0009,0.0041,0.0038,0.003,0.0009,0.0014,0.001,0.0011,0.0005,0.0007,0.0026,0.005,0.0034,0.0017,0.0008,0.0004,0.0007,0.0003,0.0007,0.0013,0.0015,0.0046,0.0029,0.0014,0.0009,0.0008,0.0009,0.0005,0.0005,0.0006,0.0012,0.003,0.0038,0.0017,0.0008,0.0006,0.0009,0.0003,0.0008,0.0009,0.0018,0.0031,0.0051,0.0029,0.001,0.0003,0.0005,0.0011,0.0015,0.001,0.0018,0.0036,0.0051,0.0018,0.0017,0.0014,0.0009,0.0009,0.0009,0.0015,0.0022,0.0048,0.0024,0.0005,0.0012,0.0017,0.0012,0.0008,0.0013,0.0014,0.0007,0.0032,0.0114,0.0038,0.0053,0.0038,0.004,0.0051,0.0034,0.0064,0.0033,0.0099,0.0,0.0,0.01,0.01,0.01,0.01,0.01,0.01,0.01,0.01,0.01,0.01,0.01,0.01,0.01,0.01,0.01,0.01,0.01,0.01,0.01,0.01,0.01,0.01,0.01,0.01,0.01,0.01,0.01,0.01,0.01,0.01,0.01,0.01,0.01,0.01,0.01,0.01,0.01,0.01,0.01,0.01,0.01,0.01,0.01,0.01,0.01,0.01,0.01,0.01,0.01,0.01,0.01,0.01,0.01,0.01,0.01,0.01,0.01,0.01,0.01,0.01,0.01,0.01,0.01,0.01,0.01,0.01,0.01,0.01,0.01,0.01,0.01,0.01,0.01,0.01,0.01,0.01,0.01,0.01,0.01,0.01,0.01,0.01,0.01,0.01,0.01,0.01,0.01,0.01,0.01,0.01,0.01,0.01,0.01,0.01,0.01,0.01,0.01,0.01,0.01,0.01,0.01,0.01,0.01,0.01,0.01,0.01,0.01,0.01,0.01,0.01,0.01,0.01,0.01,0.01,0.01,0.01,0.01,0.01,0.01,0.01,0.01,0.01,0.01,0.01,0.01,0.01,0.01,0.01,0.01,0.01,0.01,0.01,0.01,0.01,0.01,0.01,0.01,0.01,0.01,0.01,0.01,0.01,0.01,0.01,0.01,0.01,0.01,0.01,0.01,0.01,0.01,0.01,0.01,0.01,0.01,0.01,0.01,0.01,0.01,0.01,0.01,0.01,0.01,0.01,0.01,0.01,0.01,0.01,0.01,0.01,0.01,0.01,0.01,0.01,0.01,0.01,0.01,0.01,0.01,0.01,0.01,0.01,0.01,0.01,0.01,0.01,0.01,0.01,0.01,0.01,0.01,0.01,0.01,0.01,0.01,0.01,0.01,0.01,0.01,0.01
vanilla,1,109000,101.07174020831008,101.89004804100841,0.5274769067764282,1.0763037204742432,3,0.24770000000000003,0.7593000000000001,0.013,0.002,0.0045,0.0036,0.0054,0.0026,0.0035,0.0041,0.0042,0.0131,0.0036,0.0011,0.0017,0.0012,0.002,0.001,0.0018,0.0029,0.001,0.0019,0.0049,0.0028,0.0012,0.0013,0.0016,0.0009,0.0005,0.0013,0.0036,0.0066,0.0038,0.0018,0.0008,0.0005,0.0007,0.0006,0.0004,0.0011,0.0022,0.0036,0.0025,0.0006,0.001,0.0006,0.0004,0.0004,0.0001,0.0004,0.001,0.0031,0.0034,0.0014,0.0008,0.0004,0.0005,0.0005,0.0009,0.0004,0.0018,0.0031,0.0053,0.0021,0.0014,0.0003,0.0009,0.0006,0.0012,0.0011,0.0024,0.0042,0.0053,0.0022,0.0022,0.0016,0.0011,0.0012,0.001,0.0015,0.0022,0.0049,0.0029,0.0013,0.0009,0.0014,0.0016,0.0007,0.0015,0.0019,0.0012,0.0018,0.0109,0.0032,0.0054,0.003,0.0049,0.0043,0.003,0.005,0.0039,0.0085,0.0,0.0,0.01,0.01,0.01,0.01,0.01,0.01,0.01,0.01,0.01,0.01,0.01,0.01,0.01,0.01,0.01,0.01,0.01,0.01,0.01,0.01,0.01,0.01,0.01,0.01,0.01,0.01,0.01,0.01,0.01,0.01,0.01,0.01,0.01,0.01,0.01,0.01,0.01,0.01,0.01,0.01,0.01,0.01,0.01,0.01,0.01,0.01,0.01,0.01,0.01,0.01,0.01,0.01,0.01,0.01,0.01,0.01,0.01,0.01,0.01,0.01,0.01,0.01,0.01,0.01,0.01,0.01,0.01,0.01,0.01,0.01,0.01,0.01,0.01,0.01,0.01,0.01,0.01,0.01,0.01,0.01,0.01,0.01,0.01,0.01,0.01,0.01,0.01,0.01,0.01,0.01,0.01,0.01,0.01,0.01,0.01,0.01,0.01,0.01,0.01,0.01,0.01,0.01,0.01,0.01,0.01,0.01,0.01,0.01,0.01,0.01,0.01,0.01,0.01,0.01,0.01,0.01,0.01,0.01,0.01,0.01,0.01,0.01,0.01,0.01,0.01,0.01,0.01,0.01,0.01,0.01,0.01,0.01,0.01,0.01,0.01,0.01,0.01,0.01,0.01,0.01,0.01,0.01,0.01,0.01,0.01,0.01,0.01,0.01,0.01,0.01,0.01,0.01,0.01,0.01,0.01,0.01,0.01,0.01,0.01,0.01,0.01,0.01,0.01,0.01,0.01,0.01,0.01,0.01,0.01,0.01,0.01,0.01,0.01,0.01,0.01,0.01,0.01,0.01,0.01,0.01,0.01,0.01,0.01,0.01,0.01,0.01,0.01,0.01,0.01,0.01,0.01,0.01,0.01,0.01,0.01,0.01,0.01,0.01,0.01,0.01
vanilla,1,110000,101.99852135404944,102.82649287499953,0.5162301063537598,1.0555357933044434,4,0.2712,0.7386,0.0142,0.0029,0.007,0.0035,0.0068,0.0046,0.0048,0.0057,0.0045,0.0142,0.0058,0.0019,0.0028,0.0011,0.0024,0.0022,0.0027,0.0038,0.001,0.0045,0.0037,0.0031,0.0009,0.0014,0.0011,0.001,0.0003,0.0008,0.0032,0.0044,0.0033,0.0009,0.0007,0.0008,0.0009,0.0002,0.0008,0.001,0.0017,0.0045,0.0026,0.001,0.0007,0.0005,0.0003,0.0004,0.0003,0.0004,0.0012,0.0036,0.0037,0.001,0.0008,0.0006,0.0004,0.0006,0.0007,0.0006,0.0014,0.0036,0.0052,0.0027,0.0012,0.0007,0.0005,0.0007,0.0014,0.001,0.0024,0.0037,0.0057,0.0025,0.0024,0.0012,0.0008,0.001,0.0008,0.0015,0.0021,0.005,0.0028,0.0009,0.0014,0.0011,0.0016,0.001,0.0013,0.0014,0.0007,0.0031,0.0101,0.003,0.0065,0.0039,0.0052,0.005,0.0032,0.0047,0.005,0.0113,0.0,0.0,0.01,0.01,0.01,0.01,0.01,0.01,0.01,0.01,0.01,0.01,0.01,0.01,0.01,0.01,0.01,0.01,0.01,0.01,0.01,0.01,0.01,0.01,0.01,0.01,0.01,0.01,0.01,0.01,0.01,0.01,0.01,0.01,0.01,0.01,0.01,0.01,0.01,0.01,0.01,0.01,0.01,0.01,0.01,0.01,0.01,0.01,0.01,0.01,0.01,0.01,0.01,0.01,0.01,0.01,0.01,0.01,0.01,0.01,0.01,0.01,0.01,0.01,0.01,0.01,0.01,0.01,0.01,0.01,0.01,0.01,0.01,0.01,0.01,0.01,0.01,0.01,0.01,0.01,0.01,0.01,0.01,0.01,0.01,0.01,0.01,0.01,0.01,0.01,0.01,0.01,0.01,0.01,0.01,0.01,0.01,0.01,0.01,0.01,0.01,0.01,0.01,0.01,0.01,0.01,0.01,0.01,0.01,0.01,0.01,0.01,0.01,0.01,0.01,0.01,0.01,0.01,0.01,0.01,0.01,0.01,0.01,0.01,0.01,0.01,0.01,0.01,0.01,0.01,0.01,0.01,0.01,0.01,0.01,0.01,0.01,0.01,0.01,0.01,0.01,0.01,0.01,0.01,0.01,0.01,0.01,0.01,0.01,0.01,0.01,0.01,0.01,0.01,0.01,0.01,0.01,0.01,0.01,0.01,0.01,0.01,0.01,0.01,0.01,0.01,0.01,0.01,0.01,0.01,0.01,0.01,0.01,0.01,0.01,0.01,0.01,0.01,0.01,0.01,0.01,0.01,0.01,0.01,0.01,0.01,0.01,0.01,0.01,0.01,0.01,0.01,0.01,0.01,0.01,0.01,0.01,0.01,0.01,0.01,0.01,0.01
vanilla,1,111000,102.90102448512334,103.73876629106235,0.531182587146759,1.0749549865722656,4,0.2663,0.7472,0.0146,0.0039,0.0056,0.0029,0.0061,0.0038,0.0048,0.0052,0.0041,0.0146,0.0032,0.0005,0.0021,0.0012,0.002,0.0012,0.0017,0.0037,0.0008,0.0044,0.0053,0.0032,0.0006,0.0016,0.0011,0.0012,0.0005,0.0012,0.0036,0.0055,0.0042,0.0021,0.0007,0.0008,0.0011,0.0004,0.0006,0.0004,0.0019,0.0046,0.0028,0.0007,0.0007,0.0006,0.0003,0.0003,0.0002,0.0003,0.001,0.0034,0.0031,0.0011,0.0008,0.0006,0.0004,0.0006,0.0007,0.0007,0.0016,0.0034,0.0055,0.0023,0.0009,0.0003,0.0004,0.0006,0.0014,0.0012,0.0023,0.0037,0.0057,0.0018,0.0019,0.0011,0.0009,0.0007,0.0009,0.0014,0.0021,0.0046,0.0034,0.0013,0.0011,0.0013,0.0015,0.0006,0.0012,0.001,0.0005,0.0026,0.013,0.0036,0.0054,0.0042,0.0057,0.0049,0.004,0.0047,0.005,0.0113,0.0,0.0,0.01,0.01,0.01,0.01,0.01,0.01,0.01,0.01,0.01,0.01,0.01,0.01,0.01,0.01,0.01,0.01,0.01,0.01,0.01,0.01,0.01,0.01,0.01,0.01,0.01,0.01,0.01,0.01,0.01,0.01,0.01,0.01,0.01,0.01,0.01,0.01,0.01,0.01,0.01,0.01,0.01,0.01,0.01,0.01,0.01,0.01,0.01,0.01,0.01,0.01,0.01,0.01,0.01,0.01,0.01,0.01,0.01,0.01,0.01,0.01,0.01,0.01,0.01,0.01,0.01,0.01,0.01,0.01,0.01,0.01,0.01,0.01,0.01,0.01,0.01,0.01,0.01,0.01,0.01,0.01,0.01,0.01,0.01,0.01,0.01,0.01,0.01,0.01,0.01,0.01,0.01,0.01,0.01,0.01,0.01,0.01,0.01,0.01,0.01,0.01,0.01,0.01,0.01,0.01,0.01,0.01,0.01,0.01,0.01,0.01,0.01,0.01,0.01,0.01,0.01,0.01,0.01,0.01,0.01,0.01,0.01,0.01,0.01,0.01,0.01,0.01,0.01,0.01,0.01,0.01,0.01,0.01,0.01,0.01,0.01,0.01,0.01,0.01,0.01,0.01,0.01,0.01,0.01,0.01,0.01,0.01,0.01,0.01,0.01,0.01,0.01,0.01,0.01,0.01,0.01,0.01,0.01,0.01,0.01,0.01,0.01,0.01,0.01,0.01,0.01,0.01,0.01,0.01,0.01,0.01,0.01,0.01,0.01,0.01,0.01,0.01,0.01,0.01,0.01,0.01,0.01,0.01,0.01,0.01,0.01,0.01,0.01,0.01,0.01,0.01,0.01,0.01,0.01,0.01,0.01,0.01,0.01,0.01,0.01,0.01
vanilla,1,112000,103.84251049871091,104.69134029105771,0.5195773839950562,0.9581859707832336,3,0.23619999999999997,0.7692000000000001,0.0131,0.0025,0.0064,0.0031,0.005,0.0028,0.0036,0.0046,0.0061,0.0047,0.0033,0.001,0.0013,0.0007,0.0016,0.0009,0.0017,0.0017,0.0008,0.0005,0.0044,0.0024,0.001,0.0018,0.0019,0.0011,0.0009,0.0012,0.003,0.0038,0.0036,0.0013,0.0012,0.0006,0.0012,0.0008,0.0005,0.0008,0.0017,0.003,0.0027,0.0005,0.0007,0.0006,0.0002,0.0004,0.0002,0.0007,0.0006,0.003,0.0034,0.0009,0.0006,0.0009,0.0006,0.0002,0.0004,0.0004,0.0022,0.0025,0.0051,0.0022,0.0009,0.0006,0.0003,0.0005,0.0011,0.0014,0.0019,0.0026,0.0057,0.0023,0.0022,0.001,0.0009,0.0006,0.0004,0.0018,0.0023,0.0037,0.003,0.0011,0.0012,0.0014,0.0016,0.0011,0.0017,0.001,0.0008,0.0029,0.0106,0.0036,0.0057,0.0036,0.0053,0.0045,0.0038,0.0046,0.0062,0.0117,0.0,0.0,0.01,0.01,0.01,0.01,0.01,0.01,0.01,0.01,0.01,0.01,0.01,0.01,0.01,0.01,0.01,0.01,0.01,0.01,0.01,0.01,0.01,0.01,0.01,0.01,0.01,0.01,0.01,0.01,0.01,0.01,0.01,0.01,0.01,0.01,0.01,0.01,0.01,0.01,0.01,0.01,0.01,0.01,0.01,0.01,0.01,0.01,0.01,0.01,0.01,0.01,0.01,0.01,0.01,0.01,0.01,0.01,0.01,0.01,0.01,0.01,0.01,0.01,0.01,0.01,0.01,0.01,0.01,0.01,0.01,0.01,0.01,0.01,0.01,0.01,0.01,0.01,0.01,0.01,0.01,0.01,0.01,0.01,0.01,0.01,0.01,0.01,0.01,0.01,0.01,0.01,0.01,0.01,0.01,0.01,0.01,0.01,0.01,0.01,0.01,0.01,0.01,0.01,0.01,0.01,0.01,0.01,0.01,0.01,0.01,0.01,0.01,0.01,0.01,0.01,0.01,0.01,0.01,0.01,0.01,0.01,0.01,0.01,0.01,0.01,0.01,0.01,0.01,0.01,0.01,0.01,0.01,0.01,0.01,0.01,0.01,0.01,0.01,0.01,0.01,0.01,0.01,0.01,0.01,0.01,0.01,0.01,0.01,0.01,0.01,0.01,0.01,0.01,0.01,0.01,0.01,0.01,0.01,0.01,0.01,0.01,0.01,0.01,0.01,0.01,0.01,0.01,0.01,0.01,0.01,0.01,0.01,0.01,0.01,0.01,0.01,0.01,0.01,0.01,0.01,0.01,0.01,0.01,0.01,0.01,0.01,0.01,0.01,0.01,0.01,0.01,0.01,0.01,0.01,0.01,0.01,0.01,0.01,0.01,0.01,0.01
vanilla,1,113000,104.75585742143448,105.61546958307736,0.5281946659088135,0.9912062883377075,2,0.2067,0.7981,0.0121,0.0018,0.0042,0.0027,0.0025,0.0013,0.0015,0.0021,0.0009,0.0033,0.0032,0.001,0.0012,0.0009,0.0017,0.0006,0.0019,0.0016,0.0006,0.0019,0.0054,0.002,0.0014,0.0011,0.0021,0.0006,0.0006,0.0019,0.0032,0.0069,0.0044,0.0016,0.001,0.0009,0.0007,0.0005,0.0005,0.0009,0.002,0.003,0.0029,0.0009,0.0005,0.0008,0.0004,0.0002,0.0005,0.0005,0.0006,0.0032,0.0029,0.0011,0.0011,0.0006,0.0006,0.0003,0.0004,0.0005,0.0013,0.0022,0.0052,0.0022,0.0008,0.0005,0.0004,0.0004,0.0008,0.0011,0.0022,0.002,0.0052,0.002,0.0019,0.0007,0.001,0.0006,0.001,0.0014,0.0016,0.0027,0.0042,0.0011,0.0022,0.0012,0.0013,0.0006,0.0013,0.0011,0.0015,0.0028,0.0127,0.0027,0.0059,0.0033,0.0043,0.002,0.0027,0.0025,0.0044,0.006,0.0,0.0,0.01,0.01,0.01,0.01,0.01,0.01,0.01,0.01,0.01,0.01,0.01,0.01,0.01,0.01,0.01,0.01,0.01,0.01,0.01,0.01,0.01,0.01,0.01,0.01,0.01,0.01,0.01,0.01,0.01,0.01,0.01,0.01,0.01,0.01,0.01,0.01,0.01,0.01,0.01,0.01,0.01,0.01,0.01,0.01,0.01,0.01,0.01,0.01,0.01,0.01,0.01,0.01,0.01,0.01,0.01,0.01,0.01,0.01,0.01,0.01,0.01,0.01,0.01,0.01,0.01,0.01,0.01,0.01,0.01,0.01,0.01,0.01,0.01,0.01,0.01,0.01,0.01,0.01,0.01,0.01,0.01,0.01,0.01,0.01,0.01,0.01,0.01,0.01,0.01,0.01,0.01,0.01,0.01,0.01,0.01,0.01,0.01,0.01,0.01,0.01,0.01,0.01,0.01,0.01,0.01,0.01,0.01,0.01,0.01,0.01,0.01,0.01,0.01,0.01,0.01,0.01,0.01,0.01,0.01,0.01,0.01,0.01,0.01,0.01,0.01,0.01,0.01,0.01,0.01,0.01,0.01,0.01,0.01,0.01,0.01,0.01,0.01,0.01,0.01,0.01,0.01,0.01,0.01,0.01,0.01,0.01,0.01,0.01,0.01,0.01,0.01,0.01,0.01,0.01,0.01,0.01,0.01,0.01,0.01,0.01,0.01,0.01,0.01,0.01,0.01,0.01,0.01,0.01,0.01,0.01,0.01,0.01,0.01,0.01,0.01,0.01,0.01,0.01,0.01,0.01,0.01,0.01,0.01,0.01,0.01,0.01,0.01,0.01,0.01,0.01,0.01,0.01,0.01,0.01,0.01,0.01,0.01,0.01,0.01,0.01
vanilla,1,114000,105.68664136738516,106.5568977080984,0.5452733039855957,0.9758093953132629,4,0.26269999999999993,0.7487,0.0149,0.0036,0.0062,0.0032,0.0061,0.0042,0.0046,0.0056,0.0033,0.0143,0.0038,0.0011,0.0021,0.0016,0.0019,0.0019,0.0022,0.0038,0.0004,0.0021,0.0041,0.0032,0.0008,0.001,0.0015,0.0013,0.0004,0.0011,0.0033,0.0052,0.0037,0.0017,0.0008,0.0005,0.0009,0.0004,0.0006,0.0007,0.0015,0.0042,0.0027,0.0009,0.0009,0.0003,0.0004,0.0006,0.0003,0.0004,0.0016,0.0032,0.0038,0.0013,0.0009,0.0007,0.0005,0.0004,0.0006,0.0004,0.0017,0.0031,0.0054,0.0033,0.0009,0.0003,0.0007,0.0007,0.001,0.0009,0.003,0.0036,0.006,0.0022,0.0016,0.001,0.001,0.0009,0.001,0.0012,0.0023,0.0055,0.0026,0.0009,0.0014,0.0015,0.0013,0.0008,0.0014,0.0012,0.001,0.0037,0.0118,0.0035,0.0055,0.0034,0.0049,0.0043,0.0034,0.0043,0.0044,0.0104,0.0,0.0,0.01,0.01,0.01,0.01,0.01,0.01,0.01,0.01,0.01,0.01,0.01,0.01,0.01,0.01,0.01,0.01,0.01,0.01,0.01,0.01,0.01,0.01,0.01,0.01,0.01,0.01,0.01,0.01,0.01,0.01,0.01,0.01,0.01,0.01,0.01,0.01,0.01,0.01,0.01,0.01,0.01,0.01,0.01,0.01,0.01,0.01,0.01,0.01,0.01,0.01,0.01,0.01,0.01,0.01,0.01,0.01,0.01,0.01,0.01,0.01,0.01,0.01,0.01,0.01,0.01,0.01,0.01,0.01,0.01,0.01,0.01,0.01,0.01,0.01,0.01,0.01,0.01,0.01,0.01,0.01,0.01,0.01,0.01,0.01,0.01,0.01,0.01,0.01,0.01,0.01,0.01,0.01,0.01,0.01,0.01,0.01,0.01,0.01,0.01,0.01,0.01,0.01,0.01,0.01,0.01,0.01,0.01,0.01,0.01,0.01,0.01,0.01,0.01,0.01,0.01,0.01,0.01,0.01,0.01,0.01,0.01,0.01,0.01,0.01,0.01,0.01,0.01,0.01,0.01,0.01,0.01,0.01,0.01,0.01,0.01,0.01,0.01,0.01,0.01,0.01,0.01,0.01,0.01,0.01,0.01,0.01,0.01,0.01,0.01,0.01,0.01,0.01,0.01,0.01,0.01,0.01,0.01,0.01,0.01,0.01,0.01,0.01,0.01,0.01,0.01,0.01,0.01,0.01,0.01,0.01,0.01,0.01,0.01,0.01,0.01,0.01,0.01,0.01,0.01,0.01,0.01,0.01,0.01,0.01,0.01,0.01,0.01,0.01,0.01,0.01,0.01,0.01,0.01,0.01,0.01,0.01,0.01,0.01,0.01,0.01
vanilla,1,115000,106.60403394373134,107.48532320803497,0.5408604145050049,1.1310371160507202,1,0.23809999999999998,0.7634,0.0092,0.0025,0.0061,0.0036,0.0053,0.0034,0.0039,0.0053,0.0044,0.0086,0.005,0.0014,0.0019,0.0008,0.0022,0.001,0.0014,0.0017,0.0006,0.0014,0.0042,0.002,0.001,0.0013,0.0016,0.0008,0.0008,0.0012,0.0045,0.0081,0.0028,0.0013,0.0015,0.0007,0.0006,0.0004,0.0006,0.0009,0.0023,0.0038,0.0022,0.0006,0.0008,0.0003,0.0003,0.0002,0.0002,0.0004,0.0006,0.0038,0.0031,0.0012,0.0013,0.0006,0.0007,0.0001,0.0007,0.0009,0.002,0.0021,0.0043,0.002,0.0007,0.0004,0.0008,0.0004,0.0008,0.0015,0.0028,0.0033,0.0046,0.0017,0.0016,0.0008,0.0006,0.0004,0.001,0.0015,0.0024,0.0044,0.0005,0.0007,0.0022,0.0017,0.0016,0.0011,0.0012,0.001,0.0012,0.0055,0.0053,0.0031,0.006,0.0038,0.0057,0.0033,0.0038,0.0037,0.007,0.0115,0.0,0.0,0.01,0.01,0.01,0.01,0.01,0.01,0.01,0.01,0.01,0.01,0.01,0.01,0.01,0.01,0.01,0.01,0.01,0.01,0.01,0.01,0.01,0.01,0.01,0.01,0.01,0.01,0.01,0.01,0.01,0.01,0.01,0.01,0.01,0.01,0.01,0.01,0.01,0.01,0.01,0.01,0.01,0.01,0.01,0.01,0.01,0.01,0.01,0.01,0.01,0.01,0.01,0.01,0.01,0.01,0.01,0.01,0.01,0.01,0.01,0.01,0.01,0.01,0.01,0.01,0.01,0.01,0.01,0.01,0.01,0.01,0.01,0.01,0.01,0.01,0.01,0.01,0.01,0.01,0.01,0.01,0.01,0.01,0.01,0.01,0.01,0.01,0.01,0.01,0.01,0.01,0.01,0.01,0.01,0.01,0.01,0.01,0.01,0.01,0.01,0.01,0.01,0.01,0.01,0.01,0.01,0.01,0.01,0.01,0.01,0.01,0.01,0.01,0.01,0.01,0.01,0.01,0.01,0.01,0.01,0.01,0.01,0.01,0.01,0.01,0.01,0.01,0.01,0.01,0.01,0.01,0.01,0.01,0.01,0.01,0.01,0.01,0.01,0.01,0.01,0.01,0.01,0.01,0.01,0.01,0.01,0.01,0.01,0.01,0.01,0.01,0.01,0.01,0.01,0.01,0.01,0.01,0.01,0.01,0.01,0.01,0.01,0.01,0.01,0.01,0.01,0.01,0.01,0.01,0.01,0.01,0.01,0.01,0.01,0.01,0.01,0.01,0.01,0.01,0.01,0.01,0.01,0.01,0.01,0.01,0.01,0.01,0.01,0.01,0.01,0.01,0.01,0.01,0.01,0.01,0.01,0.01,0.01,0.01,0.01,0.01
vanilla,1,116000,107.55806438578293,108.45146920799743,0.5260201692581177,1.0647377967834473,4,0.2659,0.7438,0.0129,0.0032,0.007,0.0029,0.0058,0.0043,0.0041,0.0056,0.0041,0.0143,0.0035,0.0012,0.002,0.0018,0.0021,0.0011,0.0017,0.0037,0.0006,0.003,0.005,0.0023,0.0005,0.0017,0.0019,0.0008,0.0004,0.0012,0.0037,0.0071,0.0037,0.0014,0.0009,0.0007,0.001,0.0002,0.0004,0.0005,0.0019,0.0048,0.0028,0.0006,0.001,0.0007,0.0004,0.0004,0.0002,0.0009,0.0012,0.0033,0.0036,0.0012,0.0018,0.0007,0.0007,0.0005,0.0006,0.0009,0.0021,0.0033,0.0059,0.0026,0.0012,0.0006,0.0007,0.0005,0.001,0.0015,0.0018,0.004,0.0053,0.0017,0.0013,0.0011,0.0006,0.0007,0.0011,0.0006,0.0026,0.0051,0.0029,0.0011,0.0019,0.001,0.0015,0.0007,0.0015,0.0009,0.0009,0.0036,0.0114,0.0032,0.0061,0.0039,0.0053,0.0053,0.0028,0.0046,0.0044,0.0111,0.0,0.0,0.01,0.01,0.01,0.01,0.01,0.01,0.01,0.01,0.01,0.01,0.01,0.01,0.01,0.01,0.01,0.01,0.01,0.01,0.01,0.01,0.01,0.01,0.01,0.01,0.01,0.01,0.01,0.01,0.01,0.01,0.01,0.01,0.01,0.01,0.01,0.01,0.01,0.01,0.01,0.01,0.01,0.01,0.01,0.01,0.01,0.01,0.01,0.01,0.01,0.01,0.01,0.01,0.01,0.01,0.01,0.01,0.01,0.01,0.01,0.01,0.01,0.01,0.01,0.01,0.01,0.01,0.01,0.01,0.01,0.01,0.01,0.01,0.01,0.01,0.01,0.01,0.01,0.01,0.01,0.01,0.01,0.01,0.01,0.01,0.01,0.01,0.01,0.01,0.01,0.01,0.01,0.01,0.01,0.01,0.01,0.01,0.01,0.01,0.01,0.01,0.01,0.01,0.01,0.01,0.01,0.01,0.01,0.01,0.01,0.01,0.01,0.01,0.01,0.01,0.01,0.01,0.01,0.01,0.01,0.01,0.01,0.01,0.01,0.01,0.01,0.01,0.01,0.01,0.01,0.01,0.01,0.01,0.01,0.01,0.01,0.01,0.01,0.01,0.01,0.01,0.01,0.01,0.01,0.01,0.01,0.01,0.01,0.01,0.01,0.01,0.01,0.01,0.01,0.01,0.01,0.01,0.01,0.01,0.01,0.01,0.01,0.01,0.01,0.01,0.01,0.01,0.01,0.01,0.01,0.01,0.01,0.01,0.01,0.01,0.01,0.01,0.01,0.01,0.01,0.01,0.01,0.01,0.01,0.01,0.01,0.01,0.01,0.01,0.01,0.01,0.01,0.01,0.01,0.01,0.01,0.01,0.01,0.01,0.01,0.01
vanilla,1,117000,108.49244375433773,109.39633350004442,0.5292664766311646,1.0202254056930542,4,0.2672,0.7449,0.0146,0.0034,0.0069,0.0034,0.0063,0.0044,0.0055,0.0061,0.0034,0.0147,0.0047,0.0015,0.0028,0.0017,0.0022,0.0011,0.0026,0.0047,0.0008,0.0035,0.0047,0.0026,0.0005,0.001,0.0014,0.0012,0.0005,0.0012,0.0028,0.0052,0.0031,0.0008,0.0009,0.0012,0.0011,0.0001,0.0006,0.0004,0.0011,0.004,0.0029,0.0008,0.0006,0.0006,0.0004,0.0002,0.0002,0.0008,0.0012,0.0031,0.0034,0.0016,0.0014,0.0005,0.0008,0.0005,0.0006,0.0011,0.0022,0.0029,0.0052,0.0022,0.001,0.0008,0.0011,0.0005,0.0006,0.0011,0.0016,0.004,0.0051,0.0019,0.0015,0.0014,0.0008,0.0007,0.001,0.0013,0.0025,0.0053,0.0025,0.0007,0.0017,0.0014,0.0014,0.001,0.0014,0.0012,0.001,0.0034,0.0126,0.0037,0.0061,0.0041,0.0053,0.0046,0.0027,0.0043,0.0038,0.0102,0.0,0.0,0.01,0.01,0.01,0.01,0.01,0.01,0.01,0.01,0.01,0.01,0.01,0.01,0.01,0.01,0.01,0.01,0.01,0.01,0.01,0.01,0.01,0.01,0.01,0.01,0.01,0.01,0.01,0.01,0.01,0.01,0.01,0.01,0.01,0.01,0.01,0.01,0.01,0.01,0.01,0.01,0.01,0.01,0.01,0.01,0.01,0.01,0.01,0.01,0.01,0.01,0.01,0.01,0.01,0.01,0.01,0.01,0.01,0.01,0.01,0.01,0.01,0.01,0.01,0.01,0.01,0.01,0.01,0.01,0.01,0.01,0.01,0.01,0.01,0.01,0.01,0.01,0.01,0.01,0.01,0.01,0.01,0.01,0.01,0.01,0.01,0.01,0.01,0.01,0.01,0.01,0.01,0.01,0.01,0.01,0.01,0.01,0.01,0.01,0.01,0.01,0.01,0.01,0.01,0.01,0.01,0.01,0.01,0.01,0.01,0.01,0.01,0.01,0.01,0.01,0.01,0.01,0.01,0.01,0.01,0.01,0.01,0.01,0.01,0.01,0.01,0.01,0.01,0.01,0.01,0.01,0.01,0.01,0.01,0.01,0.01,0.01,0.01,0.01,0.01,0.01,0.01,0.01,0.01,0.01,0.01,0.01,0.01,0.01,0.01,0.01,0.01,0.01,0.01,0.01,0.01,0.01,0.01,0.01,0.01,0.01,0.01,0.01,0.01,0.01,0.01,0.01,0.01,0.01,0.01,0.01,0.01,0.01,0.01,0.01,0.01,0.01,0.01,0.01,0.01,0.01,0.01,0.01,0.01,0.01,0.01,0.01,0.01,0.01,0.01,0.01,0.01,0.01,0.01,0.01,0.01,0.01,0.01,0.01,0.01,0.01
vanilla,1,118000,109.42425195279066,110.33944258303382,0.5388641953468323,1.0193387269973755,4,0.26570000000000005,0.7464,0.015,0.0034,0.0064,0.0035,0.0066,0.0048,0.005,0.0057,0.004,0.0146,0.0049,0.0016,0.0028,0.0016,0.0022,0.0016,0.0028,0.0036,0.0005,0.0026,0.0048,0.0028,0.001,0.001,0.001,0.0006,0.0004,0.0011,0.0031,0.0062,0.0035,0.0014,0.0011,0.0008,0.0009,0.0005,0.0002,0.0007,0.0014,0.0043,0.0025,0.0007,0.0005,0.0004,0.0003,0.0002,0.0003,0.0006,0.001,0.0028,0.0034,0.0012,0.0015,0.0005,0.0007,0.0005,0.0004,0.0008,0.0024,0.0026,0.0051,0.0025,0.001,0.0008,0.0005,0.0007,0.0007,0.0012,0.0023,0.0035,0.0058,0.0017,0.0009,0.0009,0.0006,0.0006,0.0011,0.0012,0.0024,0.0047,0.0026,0.0011,0.0021,0.0013,0.0014,0.0009,0.0017,0.0009,0.0006,0.0038,0.0123,0.0032,0.0054,0.0046,0.0057,0.0048,0.0025,0.0047,0.0044,0.0102,0.0,0.0,0.01,0.01,0.01,0.01,0.01,0.01,0.01,0.01,0.01,0.01,0.01,0.01,0.01,0.01,0.01,0.01,0.01,0.01,0.01,0.01,0.01,0.01,0.01,0.01,0.01,0.01,0.01,0.01,0.01,0.01,0.01,0.01,0.01,0.01,0.01,0.01,0.01,0.01,0.01,0.01,0.01,0.01,0.01,0.01,0.01,0.01,0.01,0.01,0.01,0.01,0.01,0.01,0.01,0.01,0.01,0.01,0.01,0.01,0.01,0.01,0.01,0.01,0.01,0.01,0.01,0.01,0.01,0.01,0.01,0.01,0.01,0.01,0.01,0.01,0.01,0.01,0.01,0.01,0.01,0.01,0.01,0.01,0.01,0.01,0.01,0.01,0.01,0.01,0.01,0.01,0.01,0.01,0.01,0.01,0.01,0.01,0.01,0.01,0.01,0.01,0.01,0.01,0.01,0.01,0.01,0.01,0.01,0.01,0.01,0.01,0.01,0.01,0.01,0.01,0.01,0.01,0.01,0.01,0.01,0.01,0.01,0.01,0.01,0.01,0.01,0.01,0.01,0.01,0.01,0.01,0.01,0.01,0.01,0.01,0.01,0.01,0.01,0.01,0.01,0.01,0.01,0.01,0.01,0.01,0.01,0.01,0.01,0.01,0.01,0.01,0.01,0.01,0.01,0.01,0.01,0.01,0.01,0.01,0.01,0.01,0.01,0.01,0.01,0.01,0.01,0.01,0.01,0.01,0.01,0.01,0.01,0.01,0.01,0.01,0.01,0.01,0.01,0.01,0.01,0.01,0.01,0.01,0.01,0.01,0.01,0.01,0.01,0.01,0.01,0.01,0.01,0.01,0.01,0.01,0.01,0.01,0.01,0.01,0.01,0.01
vanilla,1,119000,110.34246267203707,111.26872904109769,0.5267353057861328,1.0356584787368774,4,0.2693,0.7432000000000001,0.0144,0.0027,0.0069,0.004,0.0067,0.005,0.0053,0.0051,0.0045,0.0152,0.0045,0.0017,0.0031,0.0019,0.0028,0.0017,0.0027,0.0043,0.0007,0.004,0.0046,0.0027,0.001,0.0007,0.0011,0.0011,0.0005,0.0009,0.0035,0.0043,0.0033,0.0009,0.0013,0.0008,0.0006,0.0004,0.0006,0.0005,0.0017,0.0037,0.0029,0.0007,0.0008,0.0005,0.0007,0.0003,0.0005,0.0008,0.0011,0.0029,0.0037,0.0012,0.0017,0.0007,0.0008,0.0003,0.0007,0.0006,0.0025,0.0032,0.0047,0.0025,0.0009,0.0007,0.0011,0.0004,0.0008,0.0011,0.003,0.0036,0.0061,0.002,0.0016,0.0014,0.0004,0.0008,0.0008,0.0018,0.003,0.0056,0.0026,0.0007,0.0018,0.001,0.0013,0.0008,0.0014,0.0014,0.001,0.0031,0.012,0.0029,0.0046,0.0035,0.0055,0.0037,0.0027,0.0039,0.0042,0.0109,0.0,0.0,0.01,0.01,0.01,0.01,0.01,0.01,0.01,0.01,0.01,0.01,0.01,0.01,0.01,0.01,0.01,0.01,0.01,0.01,0.01,0.01,0.01,0.01,0.01,0.01,0.01,0.01,0.01,0.01,0.01,0.01,0.01,0.01,0.01,0.01,0.01,0.01,0.01,0.01,0.01,0.01,0.01,0.01,0.01,0.01,0.01,0.01,0.01,0.01,0.01,0.01,0.01,0.01,0.01,0.01,0.01,0.01,0.01,0.01,0.01,0.01,0.01,0.01,0.01,0.01,0.01,0.01,0.01,0.01,0.01,0.01,0.01,0.01,0.01,0.01,0.01,0.01,0.01,0.01,0.01,0.01,0.01,0.01,0.01,0.01,0.01,0.01,0.01,0.01,0.01,0.01,0.01,0.01,0.01,0.01,0.01,0.01,0.01,0.01,0.01,0.01,0.01,0.01,0.01,0.01,0.01,0.01,0.01,0.01,0.01,0.01,0.01,0.01,0.01,0.01,0.01,0.01,0.01,0.01,0.01,0.01,0.01,0.01,0.01,0.01,0.01,0.01,0.01,0.01,0.01,0.01,0.01,0.01,0.01,0.01,0.01,0.01,0.01,0.01,0.01,0.01,0.01,0.01,0.01,0.01,0.01,0.01,0.01,0.01,0.01,0.01,0.01,0.01,0.01,0.01,0.01,0.01,0.01,0.01,0.01,0.01,0.01,0.01,0.01,0.01,0.01,0.01,0.01,0.01,0.01,0.01,0.01,0.01,0.01,0.01,0.01,0.01,0.01,0.01,0.01,0.01,0.01,0.01,0.01,0.01,0.01,0.01,0.01,0.01,0.01,0.01,0.01,0.01,0.01,0.01,0.01,0.01,0.01,0.01,0.01,0.01
vanilla,1,120000,111.28347548015881,112.22113329102285,0.541546642780304,1.0206621885299683,3,0.26849999999999996,0.7445000000000002,0.0168,0.0038,0.0064,0.0031,0.0066,0.0045,0.0052,0.0056,0.0048,0.0141,0.006,0.0021,0.0035,0.002,0.002,0.0022,0.0031,0.0036,0.0008,0.0027,0.0047,0.0025,0.001,0.0007,0.001,0.0004,0.0007,0.0012,0.0032,0.0063,0.0038,0.0015,0.0011,0.0008,0.0007,0.0003,0.0002,0.0003,0.002,0.0039,0.0028,0.0007,0.0002,0.0003,0.0003,0.0003,0.0002,0.0003,0.0011,0.0031,0.0037,0.0016,0.0014,0.0004,0.0008,0.0002,0.0007,0.0006,0.0022,0.0035,0.0047,0.0019,0.0007,0.0012,0.0007,0.0005,0.0008,0.001,0.003,0.0033,0.0056,0.0021,0.0015,0.0011,0.0008,0.0007,0.001,0.0017,0.0027,0.0044,0.0023,0.0007,0.0021,0.0011,0.0019,0.0008,0.0011,0.0015,0.0016,0.0025,0.0121,0.0025,0.0051,0.0039,0.0056,0.0039,0.003,0.0041,0.0062,0.0075,0.0,0.0,0.01,0.01,0.01,0.01,0.01,0.01,0.01,0.01,0.01,0.01,0.01,0.01,0.01,0.01,0.01,0.01,0.01,0.01,0.01,0.01,0.01,0.01,0.01,0.01,0.01,0.01,0.01,0.01,0.01,0.01,0.01,0.01,0.01,0.01,0.01,0.01,0.01,0.01,0.01,0.01,0.01,0.01,0.01,0.01,0.01,0.01,0.01,0.01,0.01,0.01,0.01,0.01,0.01,0.01,0.01,0.01,0.01,0.01,0.01,0.01,0.01,0.01,0.01,0.01,0.01,0.01,0.01,0.01,0.01,0.01,0.01,0.01,0.01,0.01,0.01,0.01,0.01,0.01,0.01,0.01,0.01,0.01,0.01,0.01,0.01,0.01,0.01,0.01,0.01,0.01,0.01,0.01,0.01,0.01,0.01,0.01,0.01,0.01,0.01,0.01,0.01,0.01,0.01,0.01,0.01,0.01,0.01,0.01,0.01,0.01,0.01,0.01,0.01,0.01,0.01,0.01,0.01,0.01,0.01,0.01,0.01,0.01,0.01,0.01,0.01,0.01,0.01,0.01,0.01,0.01,0.01,0.01,0.01,0.01,0.01,0.01,0.01,0.01,0.01,0.01,0.01,0.01,0.01,0.01,0.01,0.01,0.01,0.01,0.01,0.01,0.01,0.01,0.01,0.01,0.01,0.01,0.01,0.01,0.01,0.01,0.01,0.01,0.01,0.01,0.01,0.01,0.01,0.01,0.01,0.01,0.01,0.01,0.01,0.01,0.01,0.01,0.01,0.01,0.01,0.01,0.01,0.01,0.01,0.01,0.01,0.01,0.01,0.01,0.01,0.01,0.01,0.01,0.01,0.01,0.01,0.01,0.01,0.01,0.01,0.01
vanilla,1,121000,112.21308112656698,113.16084329108708,0.5448129177093506,0.992350697517395,3,0.25550000000000006,0.7566999999999999,0.0151,0.003,0.0062,0.0029,0.005,0.0044,0.0035,0.0045,0.0042,0.0145,0.0049,0.0025,0.0036,0.0018,0.0019,0.0021,0.0031,0.0038,0.0007,0.0041,0.0045,0.0027,0.0014,0.0009,0.0011,0.0008,0.0005,0.0015,0.0033,0.005,0.0033,0.0012,0.0014,0.001,0.0009,0.0007,0.0006,0.0007,0.0019,0.0033,0.0025,0.0008,0.0003,0.0004,0.0006,0.0002,0.0002,0.0005,0.0008,0.0028,0.0032,0.0014,0.0009,0.0002,0.0009,0.0005,0.0006,0.0006,0.0019,0.0032,0.0049,0.0028,0.0006,0.0006,0.0005,0.0008,0.0013,0.0014,0.0022,0.0037,0.0055,0.0022,0.0011,0.0009,0.0011,0.0008,0.0011,0.0018,0.0023,0.0045,0.002,0.0012,0.0018,0.0009,0.0015,0.0009,0.0011,0.0013,0.0006,0.0022,0.0126,0.0039,0.0049,0.0042,0.0043,0.0047,0.0024,0.0046,0.0022,0.0071,0.0,0.0,0.01,0.01,0.01,0.01,0.01,0.01,0.01,0.01,0.01,0.01,0.01,0.01,0.01,0.01,0.01,0.01,0.01,0.01,0.01,0.01,0.01,0.01,0.01,0.01,0.01,0.01,0.01,0.01,0.01,0.01,0.01,0.01,0.01,0.01,0.01,0.01,0.01,0.01,0.01,0.01,0.01,0.01,0.01,0.01,0.01,0.01,0.01,0.01,0.01,0.01,0.01,0.01,0.01,0.01,0.01,0.01,0.01,0.01,0.01,0.01,0.01,0.01,0.01,0.01,0.01,0.01,0.01,0.01,0.01,0.01,0.01,0.01,0.01,0.01,0.01,0.01,0.01,0.01,0.01,0.01,0.01,0.01,0.01,0.01,0.01,0.01,0.01,0.01,0.01,0.01,0.01,0.01,0.01,0.01,0.01,0.01,0.01,0.01,0.01,0.01,0.01,0.01,0.01,0.01,0.01,0.01,0.01,0.01,0.01,0.01,0.01,0.01,0.01,0.01,0.01,0.01,0.01,0.01,0.01,0.01,0.01,0.01,0.01,0.01,0.01,0.01,0.01,0.01,0.01,0.01,0.01,0.01,0.01,0.01,0.01,0.01,0.01,0.01,0.01,0.01,0.01,0.01,0.01,0.01,0.01,0.01,0.01,0.01,0.01,0.01,0.01,0.01,0.01,0.01,0.01,0.01,0.01,0.01,0.01,0.01,0.01,0.01,0.01,0.01,0.01,0.01,0.01,0.01,0.01,0.01,0.01,0.01,0.01,0.01,0.01,0.01,0.01,0.01,0.01,0.01,0.01,0.01,0.01,0.01,0.01,0.01,0.01,0.01,0.01,0.01,0.01,0.01,0.01,0.01,0.01,0.01,0.01,0.01,0.01,0.01
vanilla,1,122000,113.14052642369643,114.09942075004801,0.5360434055328369,1.1097793579101562,4,0.2538,0.757,0.0138,0.0033,0.0065,0.0035,0.0056,0.0039,0.0046,0.0044,0.0045,0.0131,0.0031,0.0011,0.0019,0.0014,0.0019,0.0013,0.0019,0.0025,0.0004,0.0025,0.0039,0.0028,0.0005,0.0009,0.0012,0.0009,0.0008,0.0017,0.003,0.0068,0.0041,0.0024,0.0011,0.0008,0.0007,0.0004,0.0008,0.001,0.0016,0.004,0.0028,0.0011,0.0005,0.0004,0.0003,0.0004,0.0002,0.0007,0.001,0.0029,0.0025,0.0018,0.0011,0.0001,0.0004,0.0002,0.0004,0.0005,0.0014,0.003,0.0048,0.002,0.0012,0.0003,0.0002,0.0003,0.0015,0.0015,0.0022,0.0044,0.0045,0.0024,0.0008,0.0007,0.0013,0.0003,0.0009,0.0009,0.0019,0.0062,0.0031,0.001,0.0019,0.0017,0.0016,0.0011,0.0017,0.0011,0.0007,0.0035,0.0134,0.0039,0.0047,0.004,0.0036,0.005,0.0031,0.0054,0.0022,0.0105,0.0,0.0,0.01,0.01,0.01,0.01,0.01,0.01,0.01,0.01,0.01,0.01,0.01,0.01,0.01,0.01,0.01,0.01,0.01,0.01,0.01,0.01,0.01,0.01,0.01,0.01,0.01,0.01,0.01,0.01,0.01,0.01,0.01,0.01,0.01,0.01,0.01,0.01,0.01,0.01,0.01,0.01,0.01,0.01,0.01,0.01,0.01,0.01,0.01,0.01,0.01,0.01,0.01,0.01,0.01,0.01,0.01,0.01,0.01,0.01,0.01,0.01,0.01,0.01,0.01,0.01,0.01,0.01,0.01,0.01,0.01,0.01,0.01,0.01,0.01,0.01,0.01,0.01,0.01,0.01,0.01,0.01,0.01,0.01,0.01,0.01,0.01,0.01,0.01,0.01,0.01,0.01,0.01,0.01,0.01,0.01,0.01,0.01,0.01,0.01,0.01,0.01,0.01,0.01,0.01,0.01,0.01,0.01,0.01,0.01,0.01,0.01,0.01,0.01,0.01,0.01,0.01,0.01,0.01,0.01,0.01,0.01,0.01,0.01,0.01,0.01,0.01,0.01,0.01,0.01,0.01,0.01,0.01,0.01,0.01,0.01,0.01,0.01,0.01,0.01,0.01,0.01,0.01,0.01,0.01,0.01,0.01,0.01,0.01,0.01,0.01,0.01,0.01,0.01,0.01,0.01,0.01,0.01,0.01,0.01,0.01,0.01,0.01,0.01,0.01,0.01,0.01,0.01,0.01,0.01,0.01,0.01,0.01,0.01,0.01,0.01,0.01,0.01,0.01,0.01,0.01,0.01,0.01,0.01,0.01,0.01,0.01,0.01,0.01,0.01,0.01,0.01,0.01,0.01,0.01,0.01,0.01,0.01,0.01,0.01,0.01,0.01
vanilla,1,123000,114.09125429636333,115.06080070801545,0.4973759949207306,0.9694204330444336,4,0.2652,0.7471000000000001,0.0132,0.0035,0.007,0.0033,0.0058,0.0047,0.0038,0.0058,0.0042,0.0143,0.0029,0.001,0.0025,0.0013,0.0026,0.0015,0.002,0.0025,0.0001,0.0019,0.0042,0.0028,0.0013,0.0005,0.0015,0.0006,0.0002,0.0008,0.0041,0.0072,0.0039,0.0017,0.0013,0.0006,0.0011,0.0005,0.0004,0.0011,0.002,0.0039,0.003,0.0008,0.0004,0.0006,0.0005,0.0002,0.0004,0.0003,0.0018,0.0026,0.0027,0.0016,0.0013,0.0006,0.0008,0.0005,0.0004,0.001,0.002,0.0034,0.0047,0.0021,0.0012,0.0009,0.0007,0.0006,0.0009,0.0013,0.0026,0.004,0.0052,0.002,0.0016,0.0007,0.0009,0.0008,0.001,0.0011,0.003,0.0057,0.0025,0.0007,0.0018,0.0012,0.0019,0.0009,0.0013,0.0012,0.001,0.0037,0.0126,0.0034,0.0052,0.0037,0.0057,0.0044,0.0026,0.0042,0.0055,0.0122,0.0,0.0,0.01,0.01,0.01,0.01,0.01,0.01,0.01,0.01,0.01,0.01,0.01,0.01,0.01,0.01,0.01,0.01,0.01,0.01,0.01,0.01,0.01,0.01,0.01,0.01,0.01,0.01,0.01,0.01,0.01,0.01,0.01,0.01,0.01,0.01,0.01,0.01,0.01,0.01,0.01,0.01,0.01,0.01,0.01,0.01,0.01,0.01,0.01,0.01,0.01,0.01,0.01,0.01,0.01,0.01,0.01,0.01,0.01,0.01,0.01,0.01,0.01,0.01,0.01,0.01,0.01,0.01,0.01,0.01,0.01,0.01,0.01,0.01,0.01,0.01,0.01,0.01,0.01,0.01,0.01,0.01,0.01,0.01,0.01,0.01,0.01,0.01,0.01,0.01,0.01,0.01,0.01,0.01,0.01,0.01,0.01,0.01,0.01,0.01,0.01,0.01,0.01,0.01,0.01,0.01,0.01,0.01,0.01,0.01,0.01,0.01,0.01,0.01,0.01,0.01,0.01,0.01,0.01,0.01,0.01,0.01,0.01,0.01,0.01,0.01,0.01,0.01,0.01,0.01,0.01,0.01,0.01,0.01,0.01,0.01,0.01,0.01,0.01,0.01,0.01,0.01,0.01,0.01,0.01,0.01,0.01,0.01,0.01,0.01,0.01,0.01,0.01,0.01,0.01,0.01,0.01,0.01,0.01,0.01,0.01,0.01,0.01,0.01,0.01,0.01,0.01,0.01,0.01,0.01,0.01,0.01,0.01,0.01,0.01,0.01,0.01,0.01,0.01,0.01,0.01,0.01,0.01,0.01,0.01,0.01,0.01,0.01,0.01,0.01,0.01,0.01,0.01,0.01,0.01,0.01,0.01,0.01,0.01,0.01,0.01,0.01
vanilla,1,124000,115.02008594910149,116.00050212501083,0.5615992546081543,1.1006271839141846,4,0.2691,0.7433000000000001,0.0146,0.0035,0.0063,0.0034,0.0061,0.0042,0.0039,0.0059,0.0039,0.0141,0.0043,0.0017,0.003,0.0025,0.002,0.0017,0.0031,0.0031,0.0007,0.0017,0.0041,0.0028,0.0013,0.0008,0.001,0.0011,0.0005,0.0007,0.003,0.0059,0.0036,0.0016,0.0009,0.0009,0.0009,0.0003,0.0004,0.0011,0.0018,0.0034,0.0025,0.0009,0.0008,0.0003,0.0006,0.0005,0.0001,0.0003,0.001,0.0022,0.0025,0.0022,0.0007,0.0002,0.0005,0.0005,0.0006,0.0008,0.0018,0.0035,0.0046,0.0018,0.0013,0.0006,0.0003,0.0003,0.0007,0.0013,0.0022,0.0043,0.0051,0.003,0.0011,0.0005,0.0014,0.0004,0.0012,0.0009,0.003,0.0064,0.0029,0.0008,0.0021,0.0019,0.0023,0.0011,0.0017,0.0016,0.0007,0.0042,0.0121,0.0038,0.006,0.004,0.0059,0.0045,0.003,0.0049,0.0053,0.0116,0.0,0.0,0.01,0.01,0.01,0.01,0.01,0.01,0.01,0.01,0.01,0.01,0.01,0.01,0.01,0.01,0.01,0.01,0.01,0.01,0.01,0.01,0.01,0.01,0.01,0.01,0.01,0.01,0.01,0.01,0.01,0.01,0.01,0.01,0.01,0.01,0.01,0.01,0.01,0.01,0.01,0.01,0.01,0.01,0.01,0.01,0.01,0.01,0.01,0.01,0.01,0.01,0.01,0.01,0.01,0.01,0.01,0.01,0.01,0.01,0.01,0.01,0.01,0.01,0.01,0.01,0.01,0.01,0.01,0.01,0.01,0.01,0.01,0.01,0.01,0.01,0.01,0.01,0.01,0.01,0.01,0.01,0.01,0.01,0.01,0.01,0.01,0.01,0.01,0.01,0.01,0.01,0.01,0.01,0.01,0.01,0.01,0.01,0.01,0.01,0.01,0.01,0.01,0.01,0.01,0.01,0.01,0.01,0.01,0.01,0.01,0.01,0.01,0.01,0.01,0.01,0.01,0.01,0.01,0.01,0.01,0.01,0.01,0.01,0.01,0.01,0.01,0.01,0.01,0.01,0.01,0.01,0.01,0.01,0.01,0.01,0.01,0.01,0.01,0.01,0.01,0.01,0.01,0.01,0.01,0.01,0.01,0.01,0.01,0.01,0.01,0.01,0.01,0.01,0.01,0.01,0.01,0.01,0.01,0.01,0.01,0.01,0.01,0.01,0.01,0.01,0.01,0.01,0.01,0.01,0.01,0.01,0.01,0.01,0.01,0.01,0.01,0.01,0.01,0.01,0.01,0.01,0.01,0.01,0.01,0.01,0.01,0.01,0.01,0.01,0.01,0.01,0.01,0.01,0.01,0.01,0.01,0.01,0.01,0.01,0.01,0.01
vanilla,1,125000,115.94187864905689,116.93376695807092,0.5143911838531494,1.0701134204864502,4,0.26560000000000006,0.7463,0.0137,0.0043,0.0052,0.0038,0.0058,0.0034,0.0043,0.0059,0.0044,0.0137,0.0034,0.0009,0.0031,0.0015,0.0017,0.0021,0.0025,0.0036,0.0002,0.0022,0.0032,0.0034,0.0009,0.0009,0.001,0.0017,0.0003,0.0011,0.0025,0.0066,0.004,0.0023,0.0006,0.0005,0.0009,0.0004,0.0005,0.0012,0.002,0.0044,0.0024,0.0009,0.0005,0.0001,0.0004,0.0004,0.0003,0.0002,0.0012,0.0035,0.0036,0.0019,0.0009,0.0002,0.0005,0.0002,0.0004,0.001,0.0021,0.003,0.0051,0.0021,0.0011,0.0008,0.0003,0.0006,0.0014,0.0011,0.0029,0.0039,0.0055,0.0024,0.0007,0.0004,0.0007,0.0006,0.0011,0.0009,0.003,0.0058,0.0027,0.0012,0.0013,0.0017,0.0023,0.0011,0.0014,0.0016,0.0007,0.004,0.0132,0.0038,0.0056,0.0037,0.005,0.0048,0.003,0.0043,0.0047,0.0113,0.0,0.0,0.01,0.01,0.01,0.01,0.01,0.01,0.01,0.01,0.01,0.01,0.01,0.01,0.01,0.01,0.01,0.01,0.01,0.01,0.01,0.01,0.01,0.01,0.01,0.01,0.01,0.01,0.01,0.01,0.01,0.01,0.01,0.01,0.01,0.01,0.01,0.01,0.01,0.01,0.01,0.01,0.01,0.01,0.01,0.01,0.01,0.01,0.01,0.01,0.01,0.01,0.01,0.01,0.01,0.01,0.01,0.01,0.01,0.01,0.01,0.01,0.01,0.01,0.01,0.01,0.01,0.01,0.01,0.01,0.01,0.01,0.01,0.01,0.01,0.01,0.01,0.01,0.01,0.01,0.01,0.01,0.01,0.01,0.01,0.01,0.01,0.01,0.01,0.01,0.01,0.01,0.01,0.01,0.01,0.01,0.01,0.01,0.01,0.01,0.01,0.01,0.01,0.01,0.01,0.01,0.01,0.01,0.01,0.01,0.01,0.01,0.01,0.01,0.01,0.01,0.01,0.01,0.01,0.01,0.01,0.01,0.01,0.01,0.01,0.01,0.01,0.01,0.01,0.01,0.01,0.01,0.01,0.01,0.01,0.01,0.01,0.01,0.01,0.01,0.01,0.01,0.01,0.01,0.01,0.01,0.01,0.01,0.01,0.01,0.01,0.01,0.01,0.01,0.01,0.01,0.01,0.01,0.01,0.01,0.01,0.01,0.01,0.01,0.01,0.01,0.01,0.01,0.01,0.01,0.01,0.01,0.01,0.01,0.01,0.01,0.01,0.01,0.01,0.01,0.01,0.01,0.01,0.01,0.01,0.01,0.01,0.01,0.01,0.01,0.01,0.01,0.01,0.01,0.01,0.01,0.01,0.01,0.01,0.01,0.01,0.01
vanilla,1,126000,116.85030247166287,117.85303595801815,0.5294225215911865,1.142668604850769,4,0.26780000000000004,0.7451,0.0136,0.0035,0.0044,0.0033,0.0061,0.0032,0.0037,0.0045,0.005,0.0137,0.0051,0.0019,0.0029,0.002,0.002,0.002,0.0027,0.0036,0.0002,0.002,0.0038,0.003,0.001,0.0009,0.0011,0.0008,0.0004,0.001,0.0028,0.0067,0.0037,0.002,0.0008,0.0007,0.0008,0.0006,0.0004,0.0009,0.0024,0.0038,0.0025,0.0011,0.0005,0.0002,0.0006,0.0004,0.0004,0.0001,0.0015,0.0035,0.0032,0.0018,0.0006,0.0002,0.0005,0.0003,0.0004,0.0008,0.0021,0.0028,0.0053,0.0021,0.0019,0.0008,0.0002,0.0005,0.0015,0.001,0.0025,0.0042,0.0046,0.002,0.0008,0.0005,0.0009,0.0003,0.0008,0.0006,0.0032,0.0056,0.0038,0.0013,0.0016,0.0014,0.0026,0.001,0.001,0.0009,0.0008,0.0044,0.0143,0.0039,0.0062,0.004,0.0059,0.0048,0.0032,0.0045,0.0051,0.0113,0.0,0.0,0.01,0.01,0.01,0.01,0.01,0.01,0.01,0.01,0.01,0.01,0.01,0.01,0.01,0.01,0.01,0.01,0.01,0.01,0.01,0.01,0.01,0.01,0.01,0.01,0.01,0.01,0.01,0.01,0.01,0.01,0.01,0.01,0.01,0.01,0.01,0.01,0.01,0.01,0.01,0.01,0.01,0.01,0.01,0.01,0.01,0.01,0.01,0.01,0.01,0.01,0.01,0.01,0.01,0.01,0.01,0.01,0.01,0.01,0.01,0.01,0.01,0.01,0.01,0.01,0.01,0.01,0.01,0.01,0.01,0.01,0.01,0.01,0.01,0.01,0.01,0.01,0.01,0.01,0.01,0.01,0.01,0.01,0.01,0.01,0.01,0.01,0.01,0.01,0.01,0.01,0.01,0.01,0.01,0.01,0.01,0.01,0.01,0.01,0.01,0.01,0.01,0.01,0.01,0.01,0.01,0.01,0.01,0.01,0.01,0.01,0.01,0.01,0.01,0.01,0.01,0.01,0.01,0.01,0.01,0.01,0.01,0.01,0.01,0.01,0.01,0.01,0.01,0.01,0.01,0.01,0.01,0.01,0.01,0.01,0.01,0.01,0.01,0.01,0.01,0.01,0.01,0.01,0.01,0.01,0.01,0.01,0.01,0.01,0.01,0.01,0.01,0.01,0.01,0.01,0.01,0.01,0.01,0.01,0.01,0.01,0.01,0.01,0.01,0.01,0.01,0.01,0.01,0.01,0.01,0.01,0.01,0.01,0.01,0.01,0.01,0.01,0.01,0.01,0.01,0.01,0.01,0.01,0.01,0.01,0.01,0.01,0.01,0.01,0.01,0.01,0.01,0.01,0.01,0.01,0.01,0.01,0.01,0.01,0.01,0.01
vanilla,1,127000,117.76225206966046,118.7760941660963,0.5311664342880249,1.038728952407837,4,0.2701,0.7409,0.0145,0.0033,0.0064,0.0041,0.0066,0.0043,0.0041,0.0064,0.0056,0.0148,0.0036,0.0017,0.0034,0.002,0.0019,0.0013,0.0028,0.0025,0.0004,0.0019,0.0036,0.0031,0.0012,0.0006,0.0014,0.0009,0.0004,0.0016,0.0039,0.0067,0.0039,0.001,0.001,0.0008,0.0006,0.0005,0.0005,0.0008,0.0023,0.0038,0.0019,0.0013,0.0007,0.0002,0.0007,0.0004,0.0004,0.0003,0.0014,0.0032,0.003,0.0018,0.0014,0.0002,0.0005,0.0004,0.0004,0.0004,0.0023,0.0033,0.0049,0.0027,0.0011,0.0004,0.0004,0.0003,0.0011,0.0013,0.0033,0.0043,0.0052,0.0027,0.0012,0.0007,0.0012,0.0003,0.0009,0.0009,0.0033,0.0067,0.0019,0.0011,0.0024,0.0011,0.0024,0.0013,0.0014,0.0015,0.0009,0.0033,0.0117,0.0044,0.0053,0.0036,0.0042,0.0046,0.0029,0.0049,0.0039,0.01,0.0,0.0,0.01,0.01,0.01,0.01,0.01,0.01,0.01,0.01,0.01,0.01,0.01,0.01,0.01,0.01,0.01,0.01,0.01,0.01,0.01,0.01,0.01,0.01,0.01,0.01,0.01,0.01,0.01,0.01,0.01,0.01,0.01,0.01,0.01,0.01,0.01,0.01,0.01,0.01,0.01,0.01,0.01,0.01,0.01,0.01,0.01,0.01,0.01,0.01,0.01,0.01,0.01,0.01,0.01,0.01,0.01,0.01,0.01,0.01,0.01,0.01,0.01,0.01,0.01,0.01,0.01,0.01,0.01,0.01,0.01,0.01,0.01,0.01,0.01,0.01,0.01,0.01,0.01,0.01,0.01,0.01,0.01,0.01,0.01,0.01,0.01,0.01,0.01,0.01,0.01,0.01,0.01,0.01,0.01,0.01,0.01,0.01,0.01,0.01,0.01,0.01,0.01,0.01,0.01,0.01,0.01,0.01,0.01,0.01,0.01,0.01,0.01,0.01,0.01,0.01,0.01,0.01,0.01,0.01,0.01,0.01,0.01,0.01,0.01,0.01,0.01,0.01,0.01,0.01,0.01,0.01,0.01,0.01,0.01,0.01,0.01,0.01,0.01,0.01,0.01,0.01,0.01,0.01,0.01,0.01,0.01,0.01,0.01,0.01,0.01,0.01,0.01,0.01,0.01,0.01,0.01,0.01,0.01,0.01,0.01,0.01,0.01,0.01,0.01,0.01,0.01,0.01,0.01,0.01,0.01,0.01,0.01,0.01,0.01,0.01,0.01,0.01,0.01,0.01,0.01,0.01,0.01,0.01,0.01,0.01,0.01,0.01,0.01,0.01,0.01,0.01,0.01,0.01,0.01,0.01,0.01,0.01,0.01,0.01,0.01,0.01
vanilla,1,128000,118.69625037547667,119.72237249999307,0.5444398522377014,1.1021219491958618,3,0.27759999999999996,0.7350000000000001,0.015,0.0029,0.0063,0.0036,0.0073,0.0044,0.0051,0.0058,0.0053,0.0147,0.0032,0.0015,0.0038,0.0018,0.0025,0.0014,0.0027,0.0037,0.0007,0.0048,0.0041,0.0029,0.0019,0.0007,0.0015,0.0011,0.0005,0.0009,0.0034,0.0053,0.0043,0.0009,0.0012,0.0005,0.0006,0.0005,0.0006,0.0005,0.0023,0.0038,0.0028,0.001,0.0007,0.0002,0.0004,0.0003,0.0006,0.0003,0.0013,0.0026,0.0027,0.0014,0.0013,0.0002,0.0007,0.0002,0.0002,0.0005,0.0021,0.0043,0.0053,0.002,0.001,0.0006,0.0002,0.0004,0.0008,0.0014,0.003,0.0042,0.005,0.0023,0.001,0.0005,0.0009,0.0006,0.0008,0.0011,0.0031,0.0069,0.0033,0.0009,0.0022,0.0017,0.002,0.0011,0.0017,0.0008,0.001,0.0038,0.0129,0.004,0.0063,0.004,0.0056,0.005,0.0031,0.0046,0.0049,0.0098,0.0,0.0,0.01,0.01,0.01,0.01,0.01,0.01,0.01,0.01,0.01,0.01,0.01,0.01,0.01,0.01,0.01,0.01,0.01,0.01,0.01,0.01,0.01,0.01,0.01,0.01,0.01,0.01,0.01,0.01,0.01,0.01,0.01,0.01,0.01,0.01,0.01,0.01,0.01,0.01,0.01,0.01,0.01,0.01,0.01,0.01,0.01,0.01,0.01,0.01,0.01,0.01,0.01,0.01,0.01,0.01,0.01,0.01,0.01,0.01,0.01,0.01,0.01,0.01,0.01,0.01,0.01,0.01,0.01,0.01,0.01,0.01,0.01,0.01,0.01,0.01,0.01,0.01,0.01,0.01,0.01,0.01,0.01,0.01,0.01,0.01,0.01,0.01,0.01,0.01,0.01,0.01,0.01,0.01,0.01,0.01,0.01,0.01,0.01,0.01,0.01,0.01,0.01,0.01,0.01,0.01,0.01,0.01,0.01,0.01,0.01,0.01,0.01,0.01,0.01,0.01,0.01,0.01,0.01,0.01,0.01,0.01,0.01,0.01,0.01,0.01,0.01,0.01,0.01,0.01,0.01,0.01,0.01,0.01,0.01,0.01,0.01,0.01,0.01,0.01,0.01,0.01,0.01,0.01,0.01,0.01,0.01,0.01,0.01,0.01,0.01,0.01,0.01,0.01,0.01,0.01,0.01,0.01,0.01,0.01,0.01,0.01,0.01,0.01,0.01,0.01,0.01,0.01,0.01,0.01,0.01,0.01,0.01,0.01,0.01,0.01,0.01,0.01,0.01,0.01,0.01,0.01,0.01,0.01,0.01,0.01,0.01,0.01,0.01,0.01,0.01,0.01,0.01,0.01,0.01,0.01,0.01,0.01,0.01,0.01,0.01,0.01
vanilla,1,129000,119.63454946794081,120.6719899160089,0.5623195171356201,1.0083262920379639,4,0.26980000000000004,0.743,0.0152,0.0033,0.0064,0.0033,0.0067,0.004,0.0054,0.0055,0.0035,0.0132,0.0036,0.0016,0.0036,0.0017,0.002,0.0024,0.0022,0.0036,0.0002,0.0016,0.0038,0.0028,0.0012,0.0006,0.0016,0.0013,0.0002,0.0016,0.004,0.0064,0.0044,0.0014,0.0011,0.0007,0.0008,0.0004,0.0002,0.001,0.002,0.0037,0.0023,0.0012,0.0004,0.0001,0.0004,0.0001,0.0004,0.0004,0.0012,0.003,0.0036,0.0015,0.0006,0.0001,0.0009,0.0004,0.0002,0.0002,0.0024,0.0032,0.0048,0.0022,0.0013,0.0003,0.0002,0.0002,0.0011,0.001,0.0035,0.0044,0.0048,0.0022,0.0009,0.0006,0.001,0.0008,0.0006,0.0007,0.0031,0.0063,0.0032,0.0011,0.0023,0.0016,0.0025,0.001,0.0018,0.0012,0.0007,0.0041,0.0132,0.0037,0.0055,0.0039,0.0053,0.0042,0.0031,0.0046,0.0048,0.0112,0.0,0.0,0.01,0.01,0.01,0.01,0.01,0.01,0.01,0.01,0.01,0.01,0.01,0.01,0.01,0.01,0.01,0.01,0.01,0.01,0.01,0.01,0.01,0.01,0.01,0.01,0.01,0.01,0.01,0.01,0.01,0.01,0.01,0.01,0.01,0.01,0.01,0.01,0.01,0.01,0.01,0.01,0.01,0.01,0.01,0.01,0.01,0.01,0.01,0.01,0.01,0.01,0.01,0.01,0.01,0.01,0.01,0.01,0.01,0.01,0.01,0.01,0.01,0.01,0.01,0.01,0.01,0.01,0.01,0.01,0.01,0.01,0.01,0.01,0.01,0.01,0.01,0.01,0.01,0.01,0.01,0.01,0.01,0.01,0.01,0.01,0.01,0.01,0.01,0.01,0.01,0.01,0.01,0.01,0.01,0.01,0.01,0.01,0.01,0.01,0.01,0.01,0.01,0.01,0.01,0.01,0.01,0.01,0.01,0.01,0.01,0.01,0.01,0.01,0.01,0.01,0.01,0.01,0.01,0.01,0.01,0.01,0.01,0.01,0.01,0.01,0.01,0.01,0.01,0.01,0.01,0.01,0.01,0.01,0.01,0.01,0.01,0.01,0.01,0.01,0.01,0.01,0.01,0.01,0.01,0.01,0.01,0.01,0.01,0.01,0.01,0.01,0.01,0.01,0.01,0.01,0.01,0.01,0.01,0.01,0.01,0.01,0.01,0.01,0.01,0.01,0.01,0.01,0.01,0.01,0.01,0.01,0.01,0.01,0.01,0.01,0.01,0.01,0.01,0.01,0.01,0.01,0.01,0.01,0.01,0.01,0.01,0.01,0.01,0.01,0.01,0.01,0.01,0.01,0.01,0.01,0.01,0.01,0.01,0.01,0.01,0.01
vanilla,1,130000,120.56065362959635,121.60905512503814,0.5285521745681763,1.10579252243042,4,0.2794,0.7361,0.0147,0.0028,0.0063,0.0033,0.0071,0.0038,0.005,0.006,0.0052,0.0146,0.0028,0.0014,0.0031,0.0015,0.0022,0.0024,0.0025,0.0032,0.0004,0.0039,0.0043,0.0026,0.0008,0.0008,0.0016,0.0015,0.0004,0.0012,0.0039,0.0062,0.0046,0.0011,0.0006,0.0004,0.0008,0.0003,0.0003,0.0011,0.002,0.0041,0.0031,0.0015,0.0008,0.0003,0.0003,0.0003,0.0003,0.0006,0.0017,0.0035,0.0032,0.0018,0.001,0.0004,0.0007,0.0005,0.0003,0.0004,0.0024,0.0032,0.0047,0.0024,0.0012,0.0004,0.0002,0.0,0.0014,0.0006,0.0029,0.0044,0.005,0.002,0.0006,0.0008,0.0013,0.001,0.0005,0.0005,0.003,0.0065,0.0042,0.0009,0.0016,0.0015,0.0022,0.0009,0.0019,0.0012,0.0012,0.0047,0.0143,0.0036,0.0066,0.0032,0.0058,0.0048,0.0029,0.004,0.0055,0.0119,0.0,0.0,0.01,0.01,0.01,0.01,0.01,0.01,0.01,0.01,0.01,0.01,0.01,0.01,0.01,0.01,0.01,0.01,0.01,0.01,0.01,0.01,0.01,0.01,0.01,0.01,0.01,0.01,0.01,0.01,0.01,0.01,0.01,0.01,0.01,0.01,0.01,0.01,0.01,0.01,0.01,0.01,0.01,0.01,0.01,0.01,0.01,0.01,0.01,0.01,0.01,0.01,0.01,0.01,0.01,0.01,0.01,0.01,0.01,0.01,0.01,0.01,0.01,0.01,0.01,0.01,0.01,0.01,0.01,0.01,0.01,0.01,0.01,0.01,0.01,0.01,0.01,0.01,0.01,0.01,0.01,0.01,0.01,0.01,0.01,0.01,0.01,0.01,0.01,0.01,0.01,0.01,0.01,0.01,0.01,0.01,0.01,0.01,0.01,0.01,0.01,0.01,0.01,0.01,0.01,0.01,0.01,0.01,0.01,0.01,0.01,0.01,0.01,0.01,0.01,0.01,0.01,0.01,0.01,0.01,0.01,0.01,0.01,0.01,0.01,0.01,0.01,0.01,0.01,0.01,0.01,0.01,0.01,0.01,0.01,0.01,0.01,0.01,0.01,0.01,0.01,0.01,0.01,0.01,0.01,0.01,0.01,0.01,0.01,0.01,0.01,0.01,0.01,0.01,0.01,0.01,0.01,0.01,0.01,0.01,0.01,0.01,0.01,0.01,0.01,0.01,0.01,0.01,0.01,0.01,0.01,0.01,0.01,0.01,0.01,0.01,0.01,0.01,0.01,0.01,0.01,0.01,0.01,0.01,0.01,0.01,0.01,0.01,0.01,0.01,0.01,0.01,0.01,0.01,0.01,0.01,0.01,0.01,0.01,0.01,0.01,0.01
vanilla,1,131000,121.49106025102083,122.55078670801595,0.5227924585342407,1.1494650840759277,4,0.2781,0.7363,0.0149,0.0026,0.0061,0.0033,0.0073,0.004,0.0047,0.005,0.0051,0.0142,0.0028,0.0008,0.0026,0.0011,0.0016,0.0016,0.002,0.0027,0.0003,0.0032,0.0043,0.0023,0.001,0.0014,0.0016,0.0016,0.0004,0.0011,0.0043,0.0069,0.005,0.0015,0.001,0.0004,0.001,0.0004,0.0001,0.0008,0.0028,0.0041,0.0033,0.0009,0.0005,0.0003,0.0003,0.0003,0.0006,0.0005,0.0017,0.0031,0.0031,0.0016,0.0009,0.0004,0.0007,0.0001,0.0006,0.0006,0.0022,0.0032,0.0051,0.0022,0.0015,0.0004,0.0001,0.0,0.0013,0.001,0.0032,0.0042,0.0049,0.0021,0.0009,0.0008,0.0012,0.0008,0.0009,0.001,0.0035,0.0062,0.0037,0.0009,0.0025,0.0016,0.0031,0.0008,0.0017,0.001,0.0009,0.0044,0.0135,0.0041,0.0063,0.0037,0.0059,0.0047,0.0036,0.0043,0.0055,0.0118,0.0,0.0,0.01,0.01,0.01,0.01,0.01,0.01,0.01,0.01,0.01,0.01,0.01,0.01,0.01,0.01,0.01,0.01,0.01,0.01,0.01,0.01,0.01,0.01,0.01,0.01,0.01,0.01,0.01,0.01,0.01,0.01,0.01,0.01,0.01,0.01,0.01,0.01,0.01,0.01,0.01,0.01,0.01,0.01,0.01,0.01,0.01,0.01,0.01,0.01,0.01,0.01,0.01,0.01,0.01,0.01,0.01,0.01,0.01,0.01,0.01,0.01,0.01,0.01,0.01,0.01,0.01,0.01,0.01,0.01,0.01,0.01,0.01,0.01,0.01,0.01,0.01,0.01,0.01,0.01,0.01,0.01,0.01,0.01,0.01,0.01,0.01,0.01,0.01,0.01,0.01,0.01,0.01,0.01,0.01,0.01,0.01,0.01,0.01,0.01,0.01,0.01,0.01,0.01,0.01,0.01,0.01,0.01,0.01,0.01,0.01,0.01,0.01,0.01,0.01,0.01,0.01,0.01,0.01,0.01,0.01,0.01,0.01,0.01,0.01,0.01,0.01,0.01,0.01,0.01,0.01,0.01,0.01,0.01,0.01,0.01,0.01,0.01,0.01,0.01,0.01,0.01,0.01,0.01,0.01,0.01,0.01,0.01,0.01,0.01,0.01,0.01,0.01,0.01,0.01,0.01,0.01,0.01,0.01,0.01,0.01,0.01,0.01,0.01,0.01,0.01,0.01,0.01,0.01,0.01,0.01,0.01,0.01,0.01,0.01,0.01,0.01,0.01,0.01,0.01,0.01,0.01,0.01,0.01,0.01,0.01,0.01,0.01,0.01,0.01,0.01,0.01,0.01,0.01,0.01,0.01,0.01,0.01,0.01,0.01,0.01,0.01
vanilla,1,132000,122.41894200688694,123.48972950002644,0.532576322555542,0.9077465534210205,4,0.27279999999999993,0.7396,0.0132,0.0022,0.0062,0.0034,0.0064,0.0039,0.0047,0.0058,0.0054,0.0148,0.0026,0.001,0.0029,0.0013,0.0023,0.0016,0.0021,0.0033,0.0005,0.003,0.0042,0.0022,0.0019,0.0009,0.0016,0.0017,0.0006,0.001,0.0049,0.0071,0.0039,0.0008,0.0012,0.0005,0.0009,0.0003,0.0004,0.0008,0.0021,0.0038,0.003,0.0009,0.0004,0.0004,0.0004,0.0003,0.0006,0.0004,0.0014,0.0031,0.0032,0.001,0.0009,0.0003,0.0005,0.0003,0.0005,0.0006,0.0025,0.0031,0.0049,0.0016,0.0009,0.0005,0.0001,0.0001,0.001,0.0011,0.0038,0.0038,0.0046,0.002,0.0011,0.0009,0.0016,0.0008,0.0006,0.001,0.003,0.006,0.0032,0.0008,0.0031,0.0019,0.0018,0.0011,0.0019,0.0015,0.0016,0.0041,0.0122,0.0029,0.0072,0.0026,0.0054,0.0037,0.0039,0.0037,0.0074,0.0122,0.0,0.0,0.01,0.01,0.01,0.01,0.01,0.01,0.01,0.01,0.01,0.01,0.01,0.01,0.01,0.01,0.01,0.01,0.01,0.01,0.01,0.01,0.01,0.01,0.01,0.01,0.01,0.01,0.01,0.01,0.01,0.01,0.01,0.01,0.01,0.01,0.01,0.01,0.01,0.01,0.01,0.01,0.01,0.01,0.01,0.01,0.01,0.01,0.01,0.01,0.01,0.01,0.01,0.01,0.01,0.01,0.01,0.01,0.01,0.01,0.01,0.01,0.01,0.01,0.01,0.01,0.01,0.01,0.01,0.01,0.01,0.01,0.01,0.01,0.01,0.01,0.01,0.01,0.01,0.01,0.01,0.01,0.01,0.01,0.01,0.01,0.01,0.01,0.01,0.01,0.01,0.01,0.01,0.01,0.01,0.01,0.01,0.01,0.01,0.01,0.01,0.01,0.01,0.01,0.01,0.01,0.01,0.01,0.01,0.01,0.01,0.01,0.01,0.01,0.01,0.01,0.01,0.01,0.01,0.01,0.01,0.01,0.01,0.01,0.01,0.01,0.01,0.01,0.01,0.01,0.01,0.01,0.01,0.01,0.01,0.01,0.01,0.01,0.01,0.01,0.01,0.01,0.01,0.01,0.01,0.01,0.01,0.01,0.01,0.01,0.01,0.01,0.01,0.01,0.01,0.01,0.01,0.01,0.01,0.01,0.01,0.01,0.01,0.01,0.01,0.01,0.01,0.01,0.01,0.01,0.01,0.01,0.01,0.01,0.01,0.01,0.01,0.01,0.01,0.01,0.01,0.01,0.01,0.01,0.01,0.01,0.01,0.01,0.01,0.01,0.01,0.01,0.01,0.01,0.01,0.01,0.01,0.01,0.01,0.01,0.01,0.01
vanilla,1,133000,123.36314912862144,124.44569187506568,0.5688522458076477,1.1844022274017334,3,0.25880000000000003,0.7512000000000001,0.0167,0.0031,0.0074,0.0039,0.008,0.0034,0.0055,0.0049,0.0062,0.0091,0.0049,0.0014,0.0039,0.0017,0.0023,0.002,0.0026,0.0035,0.001,0.0014,0.0043,0.0027,0.0013,0.0006,0.0011,0.0015,0.0007,0.001,0.004,0.0038,0.004,0.0013,0.0012,0.0009,0.0006,0.0005,0.0002,0.0007,0.0019,0.0018,0.0016,0.0007,0.0004,0.0002,0.0004,0.0003,0.0005,0.0004,0.0011,0.0022,0.0032,0.0011,0.001,0.0007,0.0006,0.0002,0.0008,0.0008,0.0017,0.0015,0.0056,0.0017,0.0008,0.0005,0.0003,0.0001,0.0009,0.0006,0.0031,0.0023,0.0052,0.0021,0.0008,0.0008,0.0011,0.0006,0.0008,0.0011,0.0032,0.0029,0.0025,0.0008,0.0028,0.0015,0.002,0.0012,0.0016,0.0012,0.0012,0.0022,0.0131,0.0042,0.006,0.0034,0.0054,0.0043,0.0037,0.0041,0.0065,0.0102,0.0,0.0,0.01,0.01,0.01,0.01,0.01,0.01,0.01,0.01,0.01,0.01,0.01,0.01,0.01,0.01,0.01,0.01,0.01,0.01,0.01,0.01,0.01,0.01,0.01,0.01,0.01,0.01,0.01,0.01,0.01,0.01,0.01,0.01,0.01,0.01,0.01,0.01,0.01,0.01,0.01,0.01,0.01,0.01,0.01,0.01,0.01,0.01,0.01,0.01,0.01,0.01,0.01,0.01,0.01,0.01,0.01,0.01,0.01,0.01,0.01,0.01,0.01,0.01,0.01,0.01,0.01,0.01,0.01,0.01,0.01,0.01,0.01,0.01,0.01,0.01,0.01,0.01,0.01,0.01,0.01,0.01,0.01,0.01,0.01,0.01,0.01,0.01,0.01,0.01,0.01,0.01,0.01,0.01,0.01,0.01,0.01,0.01,0.01,0.01,0.01,0.01,0.01,0.01,0.01,0.01,0.01,0.01,0.01,0.01,0.01,0.01,0.01,0.01,0.01,0.01,0.01,0.01,0.01,0.01,0.01,0.01,0.01,0.01,0.01,0.01,0.01,0.01,0.01,0.01,0.01,0.01,0.01,0.01,0.01,0.01,0.01,0.01,0.01,0.01,0.01,0.01,0.01,0.01,0.01,0.01,0.01,0.01,0.01,0.01,0.01,0.01,0.01,0.01,0.01,0.01,0.01,0.01,0.01,0.01,0.01,0.01,0.01,0.01,0.01,0.01,0.01,0.01,0.01,0.01,0.01,0.01,0.01,0.01,0.01,0.01,0.01,0.01,0.01,0.01,0.01,0.01,0.01,0.01,0.01,0.01,0.01,0.01,0.01,0.01,0.01,0.01,0.01,0.01,0.01,0.01,0.01,0.01,0.01,0.01,0.01,0.01
vanilla,1,134000,124.27803318121005,125.37170562508982,0.5421760082244873,1.1935484409332275,3,0.274,0.7343000000000001,0.0155,0.0026,0.0064,0.003,0.0076,0.0034,0.0051,0.0053,0.0051,0.0109,0.0051,0.0022,0.0036,0.0018,0.0025,0.0025,0.003,0.0032,0.0006,0.0029,0.0053,0.0027,0.0013,0.0007,0.0015,0.0015,0.0006,0.0015,0.0054,0.0073,0.0032,0.0015,0.0017,0.0012,0.0007,0.0006,0.0004,0.0009,0.0025,0.0037,0.0017,0.0005,0.0005,0.0004,0.0004,0.0005,0.0004,0.0002,0.0014,0.0026,0.0035,0.0009,0.0007,0.0004,0.0007,0.0002,0.0006,0.0009,0.0019,0.0032,0.0056,0.0023,0.0011,0.0002,0.0007,0.0004,0.0004,0.0008,0.0029,0.0039,0.0061,0.0022,0.0015,0.001,0.0011,0.0013,0.0005,0.0009,0.0025,0.0057,0.0016,0.0006,0.0029,0.0016,0.002,0.0012,0.0017,0.001,0.001,0.0033,0.0096,0.0032,0.0067,0.0035,0.0048,0.0051,0.0041,0.0037,0.0053,0.0119,0.0,0.0,0.01,0.01,0.01,0.01,0.01,0.01,0.01,0.01,0.01,0.01,0.01,0.01,0.01,0.01,0.01,0.01,0.01,0.01,0.01,0.01,0.01,0.01,0.01,0.01,0.01,0.01,0.01,0.01,0.01,0.01,0.01,0.01,0.01,0.01,0.01,0.01,0.01,0.01,0.01,0.01,0.01,0.01,0.01,0.01,0.01,0.01,0.01,0.01,0.01,0.01,0.01,0.01,0.01,0.01,0.01,0.01,0.01,0.01,0.01,0.01,0.01,0.01,0.01,0.01,0.01,0.01,0.01,0.01,0.01,0.01,0.01,0.01,0.01,0.01,0.01,0.01,0.01,0.01,0.01,0.01,0.01,0.01,0.01,0.01,0.01,0.01,0.01,0.01,0.01,0.01,0.01,0.01,0.01,0.01,0.01,0.01,0.01,0.01,0.01,0.01,0.01,0.01,0.01,0.01,0.01,0.01,0.01,0.01,0.01,0.01,0.01,0.01,0.01,0.01,0.01,0.01,0.01,0.01,0.01,0.01,0.01,0.01,0.01,0.01,0.01,0.01,0.01,0.01,0.01,0.01,0.01,0.01,0.01,0.01,0.01,0.01,0.01,0.01,0.01,0.01,0.01,0.01,0.01,0.01,0.01,0.01,0.01,0.01,0.01,0.01,0.01,0.01,0.01,0.01,0.01,0.01,0.01,0.01,0.01,0.01,0.01,0.01,0.01,0.01,0.01,0.01,0.01,0.01,0.01,0.01,0.01,0.01,0.01,0.01,0.01,0.01,0.01,0.01,0.01,0.01,0.01,0.01,0.01,0.01,0.01,0.01,0.01,0.01,0.01,0.01,0.01,0.01,0.01,0.01,0.01,0.01,0.01,0.01,0.01,0.01
vanilla,1,135000,125.19658573996276,126.30264325009193,0.5244948863983154,1.1265463829040527,4,0.277,0.7373999999999999,0.0166,0.0032,0.0069,0.004,0.0072,0.0041,0.0052,0.0044,0.0049,0.0138,0.0029,0.0008,0.0028,0.0018,0.0022,0.0023,0.002,0.0041,0.0009,0.0035,0.0047,0.0023,0.0014,0.0007,0.0019,0.0014,0.0006,0.0017,0.0043,0.0054,0.0046,0.0017,0.0012,0.0007,0.001,0.0006,0.0002,0.0005,0.0021,0.0037,0.0026,0.0009,0.0005,0.0001,0.0002,0.0,0.0006,0.0002,0.0008,0.0027,0.0028,0.0014,0.0015,0.0006,0.0007,0.0001,0.0008,0.0009,0.002,0.0036,0.0051,0.0019,0.0008,0.0005,0.0003,0.0003,0.0013,0.0011,0.0031,0.0039,0.0047,0.0018,0.0007,0.0009,0.0014,0.0007,0.0008,0.0006,0.0033,0.0066,0.0041,0.0009,0.0025,0.0014,0.0024,0.0016,0.002,0.0014,0.0009,0.0038,0.0124,0.0027,0.0058,0.0029,0.0054,0.0039,0.0039,0.0037,0.0066,0.0116,0.0,0.0,0.01,0.01,0.01,0.01,0.01,0.01,0.01,0.01,0.01,0.01,0.01,0.01,0.01,0.01,0.01,0.01,0.01,0.01,0.01,0.01,0.01,0.01,0.01,0.01,0.01,0.01,0.01,0.01,0.01,0.01,0.01,0.01,0.01,0.01,0.01,0.01,0.01,0.01,0.01,0.01,0.01,0.01,0.01,0.01,0.01,0.01,0.01,0.01,0.01,0.01,0.01,0.01,0.01,0.01,0.01,0.01,0.01,0.01,0.01,0.01,0.01,0.01,0.01,0.01,0.01,0.01,0.01,0.01,0.01,0.01,0.01,0.01,0.01,0.01,0.01,0.01,0.01,0.01,0.01,0.01,0.01,0.01,0.01,0.01,0.01,0.01,0.01,0.01,0.01,0.01,0.01,0.01,0.01,0.01,0.01,0.01,0.01,0.01,0.01,0.01,0.01,0.01,0.01,0.01,0.01,0.01,0.01,0.01,0.01,0.01,0.01,0.01,0.01,0.01,0.01,0.01,0.01,0.01,0.01,0.01,0.01,0.01,0.01,0.01,0.01,0.01,0.01,0.01,0.01,0.01,0.01,0.01,0.01,0.01,0.01,0.01,0.01,0.01,0.01,0.01,0.01,0.01,0.01,0.01,0.01,0.01,0.01,0.01,0.01,0.01,0.01,0.01,0.01,0.01,0.01,0.01,0.01,0.01,0.01,0.01,0.01,0.01,0.01,0.01,0.01,0.01,0.01,0.01,0.01,0.01,0.01,0.01,0.01,0.01,0.01,0.01,0.01,0.01,0.01,0.01,0.01,0.01,0.01,0.01,0.01,0.01,0.01,0.01,0.01,0.01,0.01,0.01,0.01,0.01,0.01,0.01,0.01,0.01,0.01,0.01
vanilla,1,136000,126.11809744383208,127.23605716601014,0.560589075088501,1.141695261001587,3,0.26869999999999994,0.7395,0.0154,0.0029,0.0064,0.0037,0.0073,0.0031,0.0049,0.0053,0.0073,0.0108,0.0052,0.0018,0.0042,0.0022,0.0023,0.0026,0.0036,0.0036,0.0014,0.0042,0.0049,0.0025,0.001,0.0009,0.001,0.001,0.0005,0.0013,0.0043,0.0044,0.0027,0.0019,0.0007,0.0007,0.0005,0.0006,0.0002,0.0005,0.0024,0.004,0.0022,0.0009,0.0003,0.0006,0.0006,0.0002,0.0004,0.0005,0.0012,0.0024,0.0042,0.0009,0.0009,0.0004,0.0008,0.0003,0.0006,0.0008,0.0018,0.0041,0.0057,0.0028,0.0008,0.0008,0.0005,0.0006,0.001,0.001,0.003,0.0046,0.0064,0.002,0.0011,0.001,0.0007,0.0008,0.0008,0.0009,0.003,0.0068,0.0018,0.0008,0.0018,0.0013,0.0017,0.0011,0.0013,0.0011,0.0004,0.003,0.012,0.0041,0.0042,0.0035,0.0043,0.0042,0.0021,0.0038,0.0041,0.0095,0.0,0.0,0.01,0.01,0.01,0.01,0.01,0.01,0.01,0.01,0.01,0.01,0.01,0.01,0.01,0.01,0.01,0.01,0.01,0.01,0.01,0.01,0.01,0.01,0.01,0.01,0.01,0.01,0.01,0.01,0.01,0.01,0.01,0.01,0.01,0.01,0.01,0.01,0.01,0.01,0.01,0.01,0.01,0.01,0.01,0.01,0.01,0.01,0.01,0.01,0.01,0.01,0.01,0.01,0.01,0.01,0.01,0.01,0.01,0.01,0.01,0.01,0.01,0.01,0.01,0.01,0.01,0.01,0.01,0.01,0.01,0.01,0.01,0.01,0.01,0.01,0.01,0.01,0.01,0.01,0.01,0.01,0.01,0.01,0.01,0.01,0.01,0.01,0.01,0.01,0.01,0.01,0.01,0.01,0.01,0.01,0.01,0.01,0.01,0.01,0.01,0.01,0.01,0.01,0.01,0.01,0.01,0.01,0.01,0.01,0.01,0.01,0.01,0.01,0.01,0.01,0.01,0.01,0.01,0.01,0.01,0.01,0.01,0.01,0.01,0.01,0.01,0.01,0.01,0.01,0.01,0.01,0.01,0.01,0.01,0.01,0.01,0.01,0.01,0.01,0.01,0.01,0.01,0.01,0.01,0.01,0.01,0.01,0.01,0.01,0.01,0.01,0.01,0.01,0.01,0.01,0.01,0.01,0.01,0.01,0.01,0.01,0.01,0.01,0.01,0.01,0.01,0.01,0.01,0.01,0.01,0.01,0.01,0.01,0.01,0.01,0.01,0.01,0.01,0.01,0.01,0.01,0.01,0.01,0.01,0.01,0.01,0.01,0.01,0.01,0.01,0.01,0.01,0.01,0.01,0.01,0.01,0.01,0.01,0.01,0.01,0.01
vanilla,1,137000,127.06560860772151,128.19576775003225,0.5391502380371094,1.029705286026001,4,0.27180000000000004,0.7458,0.0163,0.0026,0.0066,0.0039,0.0075,0.0042,0.005,0.0043,0.0048,0.014,0.0016,0.0003,0.0018,0.001,0.0017,0.0013,0.0015,0.0027,0.0006,0.0038,0.0054,0.0022,0.0013,0.0012,0.0009,0.0012,0.0006,0.0017,0.0041,0.0063,0.0047,0.0027,0.0007,0.0006,0.0009,0.0004,0.0004,0.0008,0.0021,0.0034,0.0031,0.0014,0.0004,0.0004,0.0004,0.0,0.0002,0.0006,0.0011,0.0029,0.0024,0.0012,0.0006,0.0001,0.0005,0.0001,0.0004,0.0009,0.0025,0.0038,0.0047,0.0022,0.0008,0.0004,0.0002,0.0004,0.0009,0.001,0.0029,0.0043,0.005,0.0016,0.0006,0.0007,0.0012,0.0004,0.001,0.0005,0.0029,0.0065,0.005,0.0009,0.0025,0.002,0.0024,0.0013,0.0022,0.0012,0.0008,0.0039,0.0161,0.0044,0.0043,0.0035,0.0051,0.0053,0.0026,0.0048,0.004,0.0112,0.0,0.0,0.01,0.01,0.01,0.01,0.01,0.01,0.01,0.01,0.01,0.01,0.01,0.01,0.01,0.01,0.01,0.01,0.01,0.01,0.01,0.01,0.01,0.01,0.01,0.01,0.01,0.01,0.01,0.01,0.01,0.01,0.01,0.01,0.01,0.01,0.01,0.01,0.01,0.01,0.01,0.01,0.01,0.01,0.01,0.01,0.01,0.01,0.01,0.01,0.01,0.01,0.01,0.01,0.01,0.01,0.01,0.01,0.01,0.01,0.01,0.01,0.01,0.01,0.01,0.01,0.01,0.01,0.01,0.01,0.01,0.01,0.01,0.01,0.01,0.01,0.01,0.01,0.01,0.01,0.01,0.01,0.01,0.01,0.01,0.01,0.01,0.01,0.01,0.01,0.01,0.01,0.01,0.01,0.01,0.01,0.01,0.01,0.01,0.01,0.01,0.01,0.01,0.01,0.01,0.01,0.01,0.01,0.01,0.01,0.01,0.01,0.01,0.01,0.01,0.01,0.01,0.01,0.01,0.01,0.01,0.01,0.01,0.01,0.01,0.01,0.01,0.01,0.01,0.01,0.01,0.01,0.01,0.01,0.01,0.01,0.01,0.01,0.01,0.01,0.01,0.01,0.01,0.01,0.01,0.01,0.01,0.01,0.01,0.01,0.01,0.01,0.01,0.01,0.01,0.01,0.01,0.01,0.01,0.01,0.01,0.01,0.01,0.01,0.01,0.01,0.01,0.01,0.01,0.01,0.01,0.01,0.01,0.01,0.01,0.01,0.01,0.01,0.01,0.01,0.01,0.01,0.01,0.01,0.01,0.01,0.01,0.01,0.01,0.01,0.01,0.01,0.01,0.01,0.01,0.01,0.01,0.01,0.01,0.01,0.01,0.01
vanilla,1,138000,127.99721873924136,129.14007395808585,0.5243395566940308,1.1456713676452637,3,0.25129999999999997,0.7604,0.0152,0.0019,0.0055,0.0035,0.0061,0.0016,0.0038,0.0042,0.005,0.0043,0.003,0.0009,0.0029,0.0016,0.0021,0.0012,0.0016,0.0029,0.0011,0.0026,0.0042,0.0018,0.0013,0.001,0.0009,0.0013,0.0008,0.0016,0.004,0.005,0.0043,0.0012,0.0013,0.0007,0.0011,0.0003,0.0005,0.0012,0.0019,0.0026,0.0025,0.0006,0.0004,0.0004,0.0005,0.0,0.0004,0.0006,0.0009,0.002,0.0032,0.0004,0.001,0.0004,0.0007,0.0001,0.0006,0.0005,0.0017,0.0028,0.0051,0.0012,0.001,0.0007,0.0005,0.0001,0.0011,0.0009,0.0024,0.0029,0.0055,0.0019,0.0006,0.0008,0.0011,0.0005,0.0005,0.001,0.0027,0.0047,0.0041,0.0009,0.0027,0.0018,0.0022,0.0015,0.0025,0.0019,0.0017,0.0046,0.0143,0.0036,0.0076,0.0029,0.0059,0.0036,0.0041,0.0035,0.0068,0.0122,0.0,0.0,0.01,0.01,0.01,0.01,0.01,0.01,0.01,0.01,0.01,0.01,0.01,0.01,0.01,0.01,0.01,0.01,0.01,0.01,0.01,0.01,0.01,0.01,0.01,0.01,0.01,0.01,0.01,0.01,0.01,0.01,0.01,0.01,0.01,0.01,0.01,0.01,0.01,0.01,0.01,0.01,0.01,0.01,0.01,0.01,0.01,0.01,0.01,0.01,0.01,0.01,0.01,0.01,0.01,0.01,0.01,0.01,0.01,0.01,0.01,0.01,0.01,0.01,0.01,0.01,0.01,0.01,0.01,0.01,0.01,0.01,0.01,0.01,0.01,0.01,0.01,0.01,0.01,0.01,0.01,0.01,0.01,0.01,0.01,0.01,0.01,0.01,0.01,0.01,0.01,0.01,0.01,0.01,0.01,0.01,0.01,0.01,0.01,0.01,0.01,0.01,0.01,0.01,0.01,0.01,0.01,0.01,0.01,0.01,0.01,0.01,0.01,0.01,0.01,0.01,0.01,0.01,0.01,0.01,0.01,0.01,0.01,0.01,0.01,0.01,0.01,0.01,0.01,0.01,0.01,0.01,0.01,0.01,0.01,0.01,0.01,0.01,0.01,0.01,0.01,0.01,0.01,0.01,0.01,0.01,0.01,0.01,0.01,0.01,0.01,0.01,0.01,0.01,0.01,0.01,0.01,0.01,0.01,0.01,0.01,0.01,0.01,0.01,0.01,0.01,0.01,0.01,0.01,0.01,0.01,0.01,0.01,0.01,0.01,0.01,0.01,0.01,0.01,0.01,0.01,0.01,0.01,0.01,0.01,0.01,0.01,0.01,0.01,0.01,0.01,0.01,0.01,0.01,0.01,0.01,0.01,0.01,0.01,0.01,0.01,0.01
vanilla,1,139000,128.9419848342659,130.09601112501696,0.5173929333686829,0.9854413270950317,4,0.2862,0.7319,0.0163,0.0033,0.0065,0.0036,0.0076,0.005,0.0048,0.005,0.004,0.0154,0.0046,0.0016,0.0039,0.0019,0.0029,0.0022,0.0027,0.0029,0.0006,0.0038,0.0048,0.0032,0.0009,0.0012,0.001,0.0012,0.0007,0.0009,0.0038,0.0065,0.0035,0.0021,0.0006,0.0008,0.0009,0.0006,0.0004,0.0005,0.0019,0.0034,0.003,0.0012,0.0002,0.0005,0.0002,0.0001,0.0005,0.0007,0.0012,0.003,0.0038,0.0015,0.0008,0.0004,0.0004,0.0004,0.0007,0.0007,0.0022,0.0037,0.005,0.0024,0.0007,0.0006,0.0002,0.0005,0.0009,0.0009,0.0025,0.0037,0.0051,0.0022,0.0007,0.0008,0.0012,0.0007,0.0011,0.0006,0.0035,0.006,0.0031,0.001,0.0035,0.0013,0.0026,0.001,0.0024,0.0017,0.0005,0.0048,0.0143,0.0044,0.0058,0.0036,0.005,0.0038,0.0035,0.0037,0.0061,0.0121,0.0,0.0,0.01,0.01,0.01,0.01,0.01,0.01,0.01,0.01,0.01,0.01,0.01,0.01,0.01,0.01,0.01,0.01,0.01,0.01,0.01,0.01,0.01,0.01,0.01,0.01,0.01,0.01,0.01,0.01,0.01,0.01,0.01,0.01,0.01,0.01,0.01,0.01,0.01,0.01,0.01,0.01,0.01,0.01,0.01,0.01,0.01,0.01,0.01,0.01,0.01,0.01,0.01,0.01,0.01,0.01,0.01,0.01,0.01,0.01,0.01,0.01,0.01,0.01,0.01,0.01,0.01,0.01,0.01,0.01,0.01,0.01,0.01,0.01,0.01,0.01,0.01,0.01,0.01,0.01,0.01,0.01,0.01,0.01,0.01,0.01,0.01,0.01,0.01,0.01,0.01,0.01,0.01,0.01,0.01,0.01,0.01,0.01,0.01,0.01,0.01,0.01,0.01,0.01,0.01,0.01,0.01,0.01,0.01,0.01,0.01,0.01,0.01,0.01,0.01,0.01,0.01,0.01,0.01,0.01,0.01,0.01,0.01,0.01,0.01,0.01,0.01,0.01,0.01,0.01,0.01,0.01,0.01,0.01,0.01,0.01,0.01,0.01,0.01,0.01,0.01,0.01,0.01,0.01,0.01,0.01,0.01,0.01,0.01,0.01,0.01,0.01,0.01,0.01,0.01,0.01,0.01,0.01,0.01,0.01,0.01,0.01,0.01,0.01,0.01,0.01,0.01,0.01,0.01,0.01,0.01,0.01,0.01,0.01,0.01,0.01,0.01,0.01,0.01,0.01,0.01,0.01,0.01,0.01,0.01,0.01,0.01,0.01,0.01,0.01,0.01,0.01,0.01,0.01,0.01,0.01,0.01,0.01,0.01,0.01,0.01,0.01
vanilla,1,140000,129.87113372853491,131.0361647499958,0.5095543265342712,1.0313172340393066,4,0.2881,0.7268,0.0167,0.0036,0.0074,0.0044,0.0081,0.0044,0.006,0.005,0.0044,0.0149,0.0039,0.0012,0.0036,0.0019,0.002,0.0017,0.002,0.0031,0.0009,0.0044,0.004,0.0029,0.0008,0.0011,0.0016,0.0011,0.0005,0.0011,0.0049,0.0062,0.0039,0.0018,0.0009,0.0007,0.0005,0.0005,0.0002,0.0007,0.0027,0.0038,0.0026,0.0011,0.0007,0.0006,0.0004,0.0001,0.0002,0.0005,0.0015,0.0028,0.0039,0.0011,0.0015,0.0006,0.0006,0.0002,0.0006,0.0009,0.0019,0.0035,0.0053,0.0022,0.001,0.001,0.0001,0.0002,0.0008,0.0014,0.0027,0.0043,0.0051,0.0028,0.0007,0.0009,0.0012,0.001,0.0009,0.0007,0.0039,0.0062,0.0027,0.0011,0.0024,0.0015,0.0026,0.0012,0.0021,0.0021,0.0008,0.0035,0.0122,0.0035,0.0073,0.0033,0.0059,0.0033,0.0039,0.0037,0.0067,0.0111,0.0,0.0,0.01,0.01,0.01,0.01,0.01,0.01,0.01,0.01,0.01,0.01,0.01,0.01,0.01,0.01,0.01,0.01,0.01,0.01,0.01,0.01,0.01,0.01,0.01,0.01,0.01,0.01,0.01,0.01,0.01,0.01,0.01,0.01,0.01,0.01,0.01,0.01,0.01,0.01,0.01,0.01,0.01,0.01,0.01,0.01,0.01,0.01,0.01,0.01,0.01,0.01,0.01,0.01,0.01,0.01,0.01,0.01,0.01,0.01,0.01,0.01,0.01,0.01,0.01,0.01,0.01,0.01,0.01,0.01,0.01,0.01,0.01,0.01,0.01,0.01,0.01,0.01,0.01,0.01,0.01,0.01,0.01,0.01,0.01,0.01,0.01,0.01,0.01,0.01,0.01,0.01,0.01,0.01,0.01,0.01,0.01,0.01,0.01,0.01,0.01,0.01,0.01,0.01,0.01,0.01,0.01,0.01,0.01,0.01,0.01,0.01,0.01,0.01,0.01,0.01,0.01,0.01,0.01,0.01,0.01,0.01,0.01,0.01,0.01,0.01,0.01,0.01,0.01,0.01,0.01,0.01,0.01,0.01,0.01,0.01,0.01,0.01,0.01,0.01,0.01,0.01,0.01,0.01,0.01,0.01,0.01,0.01,0.01,0.01,0.01,0.01,0.01,0.01,0.01,0.01,0.01,0.01,0.01,0.01,0.01,0.01,0.01,0.01,0.01,0.01,0.01,0.01,0.01,0.01,0.01,0.01,0.01,0.01,0.01,0.01,0.01,0.01,0.01,0.01,0.01,0.01,0.01,0.01,0.01,0.01,0.01,0.01,0.01,0.01,0.01,0.01,0.01,0.01,0.01,0.01,0.01,0.01,0.01,0.01,0.01,0.01
vanilla,1,141000,130.80137369630393,131.97885045805015,0.538591206073761,1.1180354356765747,4,0.28690000000000004,0.7257,0.0155,0.0033,0.0069,0.0038,0.0082,0.0033,0.0049,0.0043,0.0056,0.0123,0.0035,0.0008,0.0032,0.0018,0.0021,0.0015,0.0019,0.0033,0.001,0.0033,0.0041,0.0029,0.0012,0.0014,0.001,0.0015,0.0003,0.0015,0.0046,0.0063,0.0037,0.0023,0.0008,0.0005,0.0009,0.0006,0.0007,0.0008,0.0021,0.004,0.0028,0.0014,0.0007,0.0007,0.0002,0.0,0.0003,0.0005,0.0013,0.0024,0.0036,0.0013,0.0007,0.0003,0.0007,0.0004,0.0009,0.0006,0.0022,0.0036,0.0057,0.0025,0.0007,0.0008,0.0002,0.0006,0.001,0.0019,0.0033,0.0034,0.0055,0.0026,0.0008,0.0012,0.0011,0.0004,0.0006,0.0008,0.004,0.0059,0.0026,0.001,0.0031,0.0016,0.0029,0.0015,0.0027,0.0021,0.0006,0.0045,0.0122,0.0042,0.0071,0.0034,0.0062,0.0038,0.0039,0.0039,0.0077,0.0126,0.0,0.0,0.01,0.01,0.01,0.01,0.01,0.01,0.01,0.01,0.01,0.01,0.01,0.01,0.01,0.01,0.01,0.01,0.01,0.01,0.01,0.01,0.01,0.01,0.01,0.01,0.01,0.01,0.01,0.01,0.01,0.01,0.01,0.01,0.01,0.01,0.01,0.01,0.01,0.01,0.01,0.01,0.01,0.01,0.01,0.01,0.01,0.01,0.01,0.01,0.01,0.01,0.01,0.01,0.01,0.01,0.01,0.01,0.01,0.01,0.01,0.01,0.01,0.01,0.01,0.01,0.01,0.01,0.01,0.01,0.01,0.01,0.01,0.01,0.01,0.01,0.01,0.01,0.01,0.01,0.01,0.01,0.01,0.01,0.01,0.01,0.01,0.01,0.01,0.01,0.01,0.01,0.01,0.01,0.01,0.01,0.01,0.01,0.01,0.01,0.01,0.01,0.01,0.01,0.01,0.01,0.01,0.01,0.01,0.01,0.01,0.01,0.01,0.01,0.01,0.01,0.01,0.01,0.01,0.01,0.01,0.01,0.01,0.01,0.01,0.01,0.01,0.01,0.01,0.01,0.01,0.01,0.01,0.01,0.01,0.01,0.01,0.01,0.01,0.01,0.01,0.01,0.01,0.01,0.01,0.01,0.01,0.01,0.01,0.01,0.01,0.01,0.01,0.01,0.01,0.01,0.01,0.01,0.01,0.01,0.01,0.01,0.01,0.01,0.01,0.01,0.01,0.01,0.01,0.01,0.01,0.01,0.01,0.01,0.01,0.01,0.01,0.01,0.01,0.01,0.01,0.01,0.01,0.01,0.01,0.01,0.01,0.01,0.01,0.01,0.01,0.01,0.01,0.01,0.01,0.01,0.01,0.01,0.01,0.01,0.01,0.01
vanilla,1,142000,131.7483334725257,132.93737195804715,0.5289281606674194,1.0919337272644043,4,0.28869999999999996,0.7272000000000001,0.0151,0.0031,0.007,0.0038,0.0088,0.0046,0.0053,0.0049,0.0048,0.0154,0.0032,0.0011,0.0033,0.0017,0.0023,0.0018,0.0021,0.0036,0.0006,0.0036,0.0046,0.0028,0.0012,0.0012,0.0016,0.0011,0.0009,0.001,0.0042,0.0054,0.0042,0.0022,0.0007,0.0004,0.0011,0.0007,0.0005,0.0009,0.0022,0.0032,0.0026,0.0015,0.0008,0.0006,0.0003,0.0002,0.0003,0.0004,0.002,0.0027,0.0039,0.0013,0.0008,0.0002,0.0006,0.0002,0.0007,0.0009,0.0018,0.0034,0.0048,0.0018,0.0008,0.0003,0.0004,0.0003,0.0008,0.0014,0.0029,0.0038,0.0058,0.0024,0.001,0.0008,0.001,0.0007,0.0008,0.0011,0.004,0.0058,0.004,0.0011,0.0031,0.0014,0.0033,0.0019,0.0032,0.0021,0.0005,0.0045,0.0139,0.004,0.0058,0.0032,0.0055,0.0035,0.0039,0.0039,0.0063,0.0115,0.0,0.0,0.01,0.01,0.01,0.01,0.01,0.01,0.01,0.01,0.01,0.01,0.01,0.01,0.01,0.01,0.01,0.01,0.01,0.01,0.01,0.01,0.01,0.01,0.01,0.01,0.01,0.01,0.01,0.01,0.01,0.01,0.01,0.01,0.01,0.01,0.01,0.01,0.01,0.01,0.01,0.01,0.01,0.01,0.01,0.01,0.01,0.01,0.01,0.01,0.01,0.01,0.01,0.01,0.01,0.01,0.01,0.01,0.01,0.01,0.01,0.01,0.01,0.01,0.01,0.01,0.01,0.01,0.01,0.01,0.01,0.01,0.01,0.01,0.01,0.01,0.01,0.01,0.01,0.01,0.01,0.01,0.01,0.01,0.01,0.01,0.01,0.01,0.01,0.01,0.01,0.01,0.01,0.01,0.01,0.01,0.01,0.01,0.01,0.01,0.01,0.01,0.01,0.01,0.01,0.01,0.01,0.01,0.01,0.01,0.01,0.01,0.01,0.01,0.01,0.01,0.01,0.01,0.01,0.01,0.01,0.01,0.01,0.01,0.01,0.01,0.01,0.01,0.01,0.01,0.01,0.01,0.01,0.01,0.01,0.01,0.01,0.01,0.01,0.01,0.01,0.01,0.01,0.01,0.01,0.01,0.01,0.01,0.01,0.01,0.01,0.01,0.01,0.01,0.01,0.01,0.01,0.01,0.01,0.01,0.01,0.01,0.01,0.01,0.01,0.01,0.01,0.01,0.01,0.01,0.01,0.01,0.01,0.01,0.01,0.01,0.01,0.01,0.01,0.01,0.01,0.01,0.01,0.01,0.01,0.01,0.01,0.01,0.01,0.01,0.01,0.01,0.01,0.01,0.01,0.01,0.01,0.01,0.01,0.01,0.01,0.01
vanilla,1,143000,132.66866679652594,133.86963875009678,0.5240082144737244,1.1339185237884521,4,0.2934,0.7244000000000002,0.0173,0.0035,0.0083,0.0045,0.0084,0.0045,0.0048,0.0053,0.006,0.0144,0.0032,0.0011,0.0033,0.0015,0.0026,0.0017,0.0023,0.0032,0.0007,0.0038,0.0052,0.0027,0.001,0.0014,0.0012,0.0011,0.0006,0.0008,0.0051,0.0065,0.0041,0.0028,0.0008,0.0005,0.0005,0.0006,0.0002,0.0008,0.0022,0.0037,0.0031,0.0014,0.0005,0.0005,0.0004,0.0002,0.0005,0.0004,0.0016,0.0027,0.0039,0.0019,0.001,0.0004,0.0007,0.0004,0.0009,0.0007,0.002,0.0038,0.0052,0.0025,0.0009,0.0008,0.0004,0.0006,0.0007,0.0013,0.0023,0.0038,0.0049,0.002,0.0009,0.0005,0.0012,0.0006,0.0011,0.0008,0.0037,0.0064,0.004,0.0007,0.0028,0.0018,0.0027,0.001,0.0021,0.002,0.0006,0.0038,0.0147,0.0049,0.0057,0.004,0.0051,0.0038,0.0032,0.0042,0.0051,0.0114,0.0,0.0,0.01,0.01,0.01,0.01,0.01,0.01,0.01,0.01,0.01,0.01,0.01,0.01,0.01,0.01,0.01,0.01,0.01,0.01,0.01,0.01,0.01,0.01,0.01,0.01,0.01,0.01,0.01,0.01,0.01,0.01,0.01,0.01,0.01,0.01,0.01,0.01,0.01,0.01,0.01,0.01,0.01,0.01,0.01,0.01,0.01,0.01,0.01,0.01,0.01,0.01,0.01,0.01,0.01,0.01,0.01,0.01,0.01,0.01,0.01,0.01,0.01,0.01,0.01,0.01,0.01,0.01,0.01,0.01,0.01,0.01,0.01,0.01,0.01,0.01,0.01,0.01,0.01,0.01,0.01,0.01,0.01,0.01,0.01,0.01,0.01,0.01,0.01,0.01,0.01,0.01,0.01,0.01,0.01,0.01,0.01,0.01,0.01,0.01,0.01,0.01,0.01,0.01,0.01,0.01,0.01,0.01,0.01,0.01,0.01,0.01,0.01,0.01,0.01,0.01,0.01,0.01,0.01,0.01,0.01,0.01,0.01,0.01,0.01,0.01,0.01,0.01,0.01,0.01,0.01,0.01,0.01,0.01,0.01,0.01,0.01,0.01,0.01,0.01,0.01,0.01,0.01,0.01,0.01,0.01,0.01,0.01,0.01,0.01,0.01,0.01,0.01,0.01,0.01,0.01,0.01,0.01,0.01,0.01,0.01,0.01,0.01,0.01,0.01,0.01,0.01,0.01,0.01,0.01,0.01,0.01,0.01,0.01,0.01,0.01,0.01,0.01,0.01,0.01,0.01,0.01,0.01,0.01,0.01,0.01,0.01,0.01,0.01,0.01,0.01,0.01,0.01,0.01,0.01,0.01,0.01,0.01,0.01,0.01,0.01,0.01
vanilla,1,144000,133.58395654149354,134.79708120808937,0.5175163745880127,1.2349402904510498,4,0.27959999999999996,0.7363999999999999,0.0157,0.0031,0.0071,0.0039,0.0079,0.0041,0.0053,0.005,0.0042,0.0145,0.0022,0.0005,0.0023,0.001,0.0015,0.0011,0.002,0.0028,0.0006,0.0033,0.0042,0.0031,0.0016,0.0015,0.0015,0.0011,0.0009,0.0014,0.0046,0.0068,0.0036,0.0025,0.0007,0.0008,0.0009,0.0005,0.0005,0.0009,0.0017,0.0043,0.003,0.0014,0.0007,0.0006,0.0002,0.0001,0.0004,0.0004,0.0016,0.0025,0.0031,0.0009,0.0005,0.0004,0.0006,0.0003,0.0007,0.0008,0.0014,0.0031,0.0043,0.0026,0.0008,0.0006,0.0003,0.0007,0.001,0.0012,0.0031,0.0034,0.0046,0.0024,0.0007,0.0008,0.0007,0.0007,0.0009,0.0007,0.0032,0.0058,0.0045,0.0011,0.0025,0.0019,0.0029,0.0016,0.0029,0.0024,0.001,0.0043,0.0138,0.0041,0.0067,0.0032,0.0057,0.0039,0.0033,0.0039,0.0055,0.012,0.0,0.0,0.01,0.01,0.01,0.01,0.01,0.01,0.01,0.01,0.01,0.01,0.01,0.01,0.01,0.01,0.01,0.01,0.01,0.01,0.01,0.01,0.01,0.01,0.01,0.01,0.01,0.01,0.01,0.01,0.01,0.01,0.01,0.01,0.01,0.01,0.01,0.01,0.01,0.01,0.01,0.01,0.01,0.01,0.01,0.01,0.01,0.01,0.01,0.01,0.01,0.01,0.01,0.01,0.01,0.01,0.01,0.01,0.01,0.01,0.01,0.01,0.01,0.01,0.01,0.01,0.01,0.01,0.01,0.01,0.01,0.01,0.01,0.01,0.01,0.01,0.01,0.01,0.01,0.01,0.01,0.01,0.01,0.01,0.01,0.01,0.01,0.01,0.01,0.01,0.01,0.01,0.01,0.01,0.01,0.01,0.01,0.01,0.01,0.01,0.01,0.01,0.01,0.01,0.01,0.01,0.01,0.01,0.01,0.01,0.01,0.01,0.01,0.01,0.01,0.01,0.01,0.01,0.01,0.01,0.01,0.01,0.01,0.01,0.01,0.01,0.01,0.01,0.01,0.01,0.01,0.01,0.01,0.01,0.01,0.01,0.01,0.01,0.01,0.01,0.01,0.01,0.01,0.01,0.01,0.01,0.01,0.01,0.01,0.01,0.01,0.01,0.01,0.01,0.01,0.01,0.01,0.01,0.01,0.01,0.01,0.01,0.01,0.01,0.01,0.01,0.01,0.01,0.01,0.01,0.01,0.01,0.01,0.01,0.01,0.01,0.01,0.01,0.01,0.01,0.01,0.01,0.01,0.01,0.01,0.01,0.01,0.01,0.01,0.01,0.01,0.01,0.01,0.01,0.01,0.01,0.01,0.01,0.01,0.01,0.01,0.01
vanilla,1,145000,134.50383717298973,135.72960004105698,0.5325392484664917,1.1274563074111938,4,0.2863,0.7274,0.0169,0.0023,0.0073,0.004,0.0089,0.0037,0.0054,0.0049,0.0057,0.0108,0.0039,0.0012,0.0041,0.0019,0.0027,0.0023,0.0031,0.0032,0.0023,0.0038,0.0043,0.003,0.0012,0.0013,0.0013,0.0013,0.0005,0.001,0.0042,0.0045,0.0049,0.0023,0.0006,0.0006,0.0004,0.0008,0.0003,0.0009,0.0024,0.0034,0.0031,0.0015,0.0003,0.0004,0.0003,0.0002,0.0003,0.0006,0.0017,0.0018,0.003,0.002,0.0012,0.0004,0.0005,0.0003,0.0007,0.0013,0.0019,0.0035,0.0044,0.0017,0.0007,0.0009,0.0004,0.0003,0.0011,0.0012,0.003,0.0035,0.0055,0.002,0.0006,0.0014,0.0014,0.0008,0.0007,0.0011,0.0046,0.0061,0.0047,0.0007,0.0025,0.0019,0.0026,0.0013,0.0026,0.0023,0.0003,0.0033,0.0154,0.0057,0.0056,0.0032,0.0043,0.0045,0.0021,0.0051,0.0036,0.0106,0.0,0.0,0.01,0.01,0.01,0.01,0.01,0.01,0.01,0.01,0.01,0.01,0.01,0.01,0.01,0.01,0.01,0.01,0.01,0.01,0.01,0.01,0.01,0.01,0.01,0.01,0.01,0.01,0.01,0.01,0.01,0.01,0.01,0.01,0.01,0.01,0.01,0.01,0.01,0.01,0.01,0.01,0.01,0.01,0.01,0.01,0.01,0.01,0.01,0.01,0.01,0.01,0.01,0.01,0.01,0.01,0.01,0.01,0.01,0.01,0.01,0.01,0.01,0.01,0.01,0.01,0.01,0.01,0.01,0.01,0.01,0.01,0.01,0.01,0.01,0.01,0.01,0.01,0.01,0.01,0.01,0.01,0.01,0.01,0.01,0.01,0.01,0.01,0.01,0.01,0.01,0.01,0.01,0.01,0.01,0.01,0.01,0.01,0.01,0.01,0.01,0.01,0.01,0.01,0.01,0.01,0.01,0.01,0.01,0.01,0.01,0.01,0.01,0.01,0.01,0.01,0.01,0.01,0.01,0.01,0.01,0.01,0.01,0.01,0.01,0.01,0.01,0.01,0.01,0.01,0.01,0.01,0.01,0.01,0.01,0.01,0.01,0.01,0.01,0.01,0.01,0.01,0.01,0.01,0.01,0.01,0.01,0.01,0.01,0.01,0.01,0.01,0.01,0.01,0.01,0.01,0.01,0.01,0.01,0.01,0.01,0.01,0.01,0.01,0.01,0.01,0.01,0.01,0.01,0.01,0.01,0.01,0.01,0.01,0.01,0.01,0.01,0.01,0.01,0.01,0.01,0.01,0.01,0.01,0.01,0.01,0.01,0.01,0.01,0.01,0.01,0.01,0.01,0.01,0.01,0.01,0.01,0.01,0.01,0.01,0.01,0.01
vanilla,1,146000,135.437912170426,136.67640458303504,0.5338637828826904,1.2821776866912842,4,0.29669999999999996,0.7232000000000001,0.0176,0.0029,0.0074,0.0039,0.0081,0.0037,0.0055,0.0042,0.0051,0.0153,0.0044,0.0013,0.0039,0.0015,0.0024,0.0023,0.0032,0.0044,0.0013,0.0043,0.0043,0.0036,0.0008,0.0011,0.0016,0.0013,0.0004,0.0013,0.0051,0.0057,0.0037,0.002,0.0008,0.0009,0.0005,0.0005,0.0002,0.001,0.0019,0.0041,0.003,0.0009,0.0002,0.0004,0.0004,0.0001,0.0004,0.0009,0.0014,0.0026,0.0034,0.0011,0.0011,0.0004,0.0006,0.0001,0.0005,0.001,0.0029,0.0032,0.005,0.0019,0.0002,0.0007,0.0004,0.0005,0.0009,0.0012,0.0033,0.0038,0.0041,0.0021,0.0011,0.0009,0.0014,0.0009,0.001,0.0008,0.0041,0.0063,0.0035,0.0007,0.0027,0.0015,0.0031,0.0012,0.0025,0.0025,0.0009,0.0045,0.0149,0.0037,0.0061,0.0034,0.0065,0.0039,0.0035,0.0041,0.0067,0.0121,0.0,0.0,0.01,0.01,0.01,0.01,0.01,0.01,0.01,0.01,0.01,0.01,0.01,0.01,0.01,0.01,0.01,0.01,0.01,0.01,0.01,0.01,0.01,0.01,0.01,0.01,0.01,0.01,0.01,0.01,0.01,0.01,0.01,0.01,0.01,0.01,0.01,0.01,0.01,0.01,0.01,0.01,0.01,0.01,0.01,0.01,0.01,0.01,0.01,0.01,0.01,0.01,0.01,0.01,0.01,0.01,0.01,0.01,0.01,0.01,0.01,0.01,0.01,0.01,0.01,0.01,0.01,0.01,0.01,0.01,0.01,0.01,0.01,0.01,0.01,0.01,0.01,0.01,0.01,0.01,0.01,0.01,0.01,0.01,0.01,0.01,0.01,0.01,0.01,0.01,0.01,0.01,0.01,0.01,0.01,0.01,0.01,0.01,0.01,0.01,0.01,0.01,0.01,0.01,0.01,0.01,0.01,0.01,0.01,0.01,0.01,0.01,0.01,0.01,0.01,0.01,0.01,0.01,0.01,0.01,0.01,0.01,0.01,0.01,0.01,0.01,0.01,0.01,0.01,0.01,0.01,0.01,0.01,0.01,0.01,0.01,0.01,0.01,0.01,0.01,0.01,0.01,0.01,0.01,0.01,0.01,0.01,0.01,0.01,0.01,0.01,0.01,0.01,0.01,0.01,0.01,0.01,0.01,0.01,0.01,0.01,0.01,0.01,0.01,0.01,0.01,0.01,0.01,0.01,0.01,0.01,0.01,0.01,0.01,0.01,0.01,0.01,0.01,0.01,0.01,0.01,0.01,0.01,0.01,0.01,0.01,0.01,0.01,0.01,0.01,0.01,0.01,0.01,0.01,0.01,0.01,0.01,0.01,0.01,0.01,0.01,0.01
vanilla,1,147000,136.36256512941327,137.61264962505084,0.528728723526001,1.1061906814575195,4,0.27970000000000006,0.7375999999999999,0.0164,0.0028,0.0033,0.0019,0.0063,0.0028,0.0029,0.0029,0.0044,0.0142,0.0048,0.0015,0.0042,0.0021,0.0033,0.0024,0.0035,0.0032,0.0019,0.0035,0.0039,0.0032,0.0008,0.0012,0.0017,0.0011,0.0005,0.0008,0.0051,0.006,0.0038,0.0024,0.0009,0.0008,0.0002,0.0004,0.0004,0.0011,0.0025,0.0047,0.0022,0.0011,0.0002,0.0004,0.0,0.0001,0.0003,0.0005,0.002,0.0022,0.0042,0.0013,0.0013,0.0004,0.0007,0.0004,0.0006,0.001,0.0023,0.0036,0.0057,0.0026,0.0003,0.0007,0.0004,0.0004,0.0011,0.0009,0.0022,0.0038,0.0049,0.0024,0.0009,0.0011,0.0014,0.001,0.0008,0.0009,0.0043,0.0055,0.0033,0.0006,0.0027,0.002,0.0027,0.0009,0.0018,0.0025,0.0009,0.0042,0.0149,0.0045,0.0056,0.0032,0.0054,0.0039,0.0028,0.0036,0.0065,0.0118,0.0,0.0,0.01,0.01,0.01,0.01,0.01,0.01,0.01,0.01,0.01,0.01,0.01,0.01,0.01,0.01,0.01,0.01,0.01,0.01,0.01,0.01,0.01,0.01,0.01,0.01,0.01,0.01,0.01,0.01,0.01,0.01,0.01,0.01,0.01,0.01,0.01,0.01,0.01,0.01,0.01,0.01,0.01,0.01,0.01,0.01,0.01,0.01,0.01,0.01,0.01,0.01,0.01,0.01,0.01,0.01,0.01,0.01,0.01,0.01,0.01,0.01,0.01,0.01,0.01,0.01,0.01,0.01,0.01,0.01,0.01,0.01,0.01,0.01,0.01,0.01,0.01,0.01,0.01,0.01,0.01,0.01,0.01,0.01,0.01,0.01,0.01,0.01,0.01,0.01,0.01,0.01,0.01,0.01,0.01,0.01,0.01,0.01,0.01,0.01,0.01,0.01,0.01,0.01,0.01,0.01,0.01,0.01,0.01,0.01,0.01,0.01,0.01,0.01,0.01,0.01,0.01,0.01,0.01,0.01,0.01,0.01,0.01,0.01,0.01,0.01,0.01,0.01,0.01,0.01,0.01,0.01,0.01,0.01,0.01,0.01,0.01,0.01,0.01,0.01,0.01,0.01,0.01,0.01,0.01,0.01,0.01,0.01,0.01,0.01,0.01,0.01,0.01,0.01,0.01,0.01,0.01,0.01,0.01,0.01,0.01,0.01,0.01,0.01,0.01,0.01,0.01,0.01,0.01,0.01,0.01,0.01,0.01,0.01,0.01,0.01,0.01,0.01,0.01,0.01,0.01,0.01,0.01,0.01,0.01,0.01,0.01,0.01,0.01,0.01,0.01,0.01,0.01,0.01,0.01,0.01,0.01,0.01,0.01,0.01,0.01,0.01
vanilla,1,148000,137.29931430600118,138.56157412508037,0.5243825316429138,1.1440573930740356,4,0.28459999999999996,0.7279,0.0146,0.0021,0.0052,0.0029,0.0085,0.0034,0.0047,0.0043,0.0072,0.0157,0.0054,0.0017,0.004,0.0018,0.0035,0.0026,0.0032,0.0044,0.0014,0.003,0.0054,0.0021,0.0016,0.0013,0.0012,0.0012,0.0005,0.0015,0.0047,0.0063,0.0036,0.0012,0.0008,0.0009,0.0002,0.0004,0.0001,0.0008,0.0027,0.0039,0.0021,0.0006,0.0003,0.0005,0.0001,0.0,0.0002,0.0006,0.0016,0.0024,0.0036,0.001,0.0014,0.0006,0.0006,0.0004,0.0008,0.001,0.002,0.0034,0.006,0.0019,0.0007,0.0003,0.0004,0.0001,0.001,0.0012,0.0034,0.0032,0.0042,0.0022,0.0013,0.0011,0.0016,0.0009,0.0009,0.0008,0.0037,0.0046,0.0021,0.0005,0.0032,0.0014,0.0024,0.0012,0.002,0.0026,0.0013,0.0052,0.01,0.0025,0.0064,0.0031,0.0059,0.0033,0.0043,0.0041,0.0082,0.0122,0.0,0.0,0.01,0.01,0.01,0.01,0.01,0.01,0.01,0.01,0.01,0.01,0.01,0.01,0.01,0.01,0.01,0.01,0.01,0.01,0.01,0.01,0.01,0.01,0.01,0.01,0.01,0.01,0.01,0.01,0.01,0.01,0.01,0.01,0.01,0.01,0.01,0.01,0.01,0.01,0.01,0.01,0.01,0.01,0.01,0.01,0.01,0.01,0.01,0.01,0.01,0.01,0.01,0.01,0.01,0.01,0.01,0.01,0.01,0.01,0.01,0.01,0.01,0.01,0.01,0.01,0.01,0.01,0.01,0.01,0.01,0.01,0.01,0.01,0.01,0.01,0.01,0.01,0.01,0.01,0.01,0.01,0.01,0.01,0.01,0.01,0.01,0.01,0.01,0.01,0.01,0.01,0.01,0.01,0.01,0.01,0.01,0.01,0.01,0.01,0.01,0.01,0.01,0.01,0.01,0.01,0.01,0.01,0.01,0.01,0.01,0.01,0.01,0.01,0.01,0.01,0.01,0.01,0.01,0.01,0.01,0.01,0.01,0.01,0.01,0.01,0.01,0.01,0.01,0.01,0.01,0.01,0.01,0.01,0.01,0.01,0.01,0.01,0.01,0.01,0.01,0.01,0.01,0.01,0.01,0.01,0.01,0.01,0.01,0.01,0.01,0.01,0.01,0.01,0.01,0.01,0.01,0.01,0.01,0.01,0.01,0.01,0.01,0.01,0.01,0.01,0.01,0.01,0.01,0.01,0.01,0.01,0.01,0.01,0.01,0.01,0.01,0.01,0.01,0.01,0.01,0.01,0.01,0.01,0.01,0.01,0.01,0.01,0.01,0.01,0.01,0.01,0.01,0.01,0.01,0.01,0.01,0.01,0.01,0.01,0.01,0.01
vanilla,1,149000,138.21888909710106,139.49505591602065,0.580738365650177,1.0761198997497559,4,0.29069999999999996,0.7268000000000001,0.0169,0.0032,0.0073,0.0033,0.0075,0.0045,0.005,0.0054,0.0027,0.0133,0.0036,0.0018,0.0044,0.0017,0.0024,0.0023,0.0031,0.0032,0.0009,0.0031,0.0046,0.0036,0.0012,0.0009,0.001,0.0014,0.0004,0.0013,0.0048,0.0067,0.0043,0.0019,0.0007,0.0008,0.0003,0.0007,0.0005,0.0011,0.0024,0.0041,0.003,0.0006,0.0001,0.0002,0.0002,0.0,0.0004,0.0005,0.0012,0.0026,0.0033,0.0009,0.0011,0.0006,0.0005,0.0,0.0008,0.001,0.0023,0.0031,0.0057,0.0019,0.0004,0.0005,0.0004,0.0003,0.0011,0.0012,0.003,0.0035,0.0047,0.0019,0.001,0.0011,0.0012,0.0012,0.0007,0.0008,0.0036,0.0051,0.0044,0.0008,0.0029,0.0017,0.0031,0.0015,0.0025,0.0017,0.0013,0.0045,0.0152,0.0048,0.006,0.0037,0.006,0.0041,0.0036,0.0039,0.0069,0.0121,0.0,0.0,0.01,0.01,0.01,0.01,0.01,0.01,0.01,0.01,0.01,0.01,0.01,0.01,0.01,0.01,0.01,0.01,0.01,0.01,0.01,0.01,0.01,0.01,0.01,0.01,0.01,0.01,0.01,0.01,0.01,0.01,0.01,0.01,0.01,0.01,0.01,0.01,0.01,0.01,0.01,0.01,0.01,0.01,0.01,0.01,0.01,0.01,0.01,0.01,0.01,0.01,0.01,0.01,0.01,0.01,0.01,0.01,0.01,0.01,0.01,0.01,0.01,0.01,0.01,0.01,0.01,0.01,0.01,0.01,0.01,0.01,0.01,0.01,0.01,0.01,0.01,0.01,0.01,0.01,0.01,0.01,0.01,0.01,0.01,0.01,0.01,0.01,0.01,0.01,0.01,0.01,0.01,0.01,0.01,0.01,0.01,0.01,0.01,0.01,0.01,0.01,0.01,0.01,0.01,0.01,0.01,0.01,0.01,0.01,0.01,0.01,0.01,0.01,0.01,0.01,0.01,0.01,0.01,0.01,0.01,0.01,0.01,0.01,0.01,0.01,0.01,0.01,0.01,0.01,0.01,0.01,0.01,0.01,0.01,0.01,0.01,0.01,0.01,0.01,0.01,0.01,0.01,0.01,0.01,0.01,0.01,0.01,0.01,0.01,0.01,0.01,0.01,0.01,0.01,0.01,0.01,0.01,0.01,0.01,0.01,0.01,0.01,0.01,0.01,0.01,0.01,0.01,0.01,0.01,0.01,0.01,0.01,0.01,0.01,0.01,0.01,0.01,0.01,0.01,0.01,0.01,0.01,0.01,0.01,0.01,0.01,0.01,0.01,0.01,0.01,0.01,0.01,0.01,0.01,0.01,0.01,0.01,0.01,0.01,0.01,0.01
vanilla,1,150000,139.16085184679832,140.45128708309494,0.5373218059539795,1.0343844890594482,4,0.30000000000000004,0.7202999999999999,0.0165,0.0024,0.0066,0.0032,0.0093,0.0039,0.0056,0.0044,0.0063,0.015,0.0041,0.0012,0.0039,0.0022,0.0038,0.0024,0.0029,0.0041,0.0018,0.0034,0.0048,0.003,0.0013,0.001,0.0017,0.001,0.0003,0.0013,0.0046,0.0066,0.0048,0.0016,0.0008,0.0007,0.0002,0.0006,0.0002,0.0011,0.0028,0.004,0.0028,0.0008,0.0002,0.0004,0.0003,0.0001,0.0004,0.0004,0.0018,0.0028,0.0032,0.0012,0.0012,0.0005,0.0007,0.0002,0.0006,0.0007,0.0021,0.0032,0.0055,0.0016,0.0004,0.0003,0.0005,0.0007,0.0007,0.0009,0.0028,0.0037,0.0051,0.0014,0.001,0.0011,0.0013,0.0007,0.0008,0.0008,0.0044,0.0049,0.004,0.0005,0.0028,0.0016,0.0027,0.0011,0.002,0.0022,0.0009,0.0055,0.016,0.0045,0.0068,0.0035,0.0067,0.0044,0.0036,0.0045,0.0063,0.0128,0.0,0.0,0.01,0.01,0.01,0.01,0.01,0.01,0.01,0.01,0.01,0.01,0.01,0.01,0.01,0.01,0.01,0.01,0.01,0.01,0.01,0.01,0.01,0.01,0.01,0.01,0.01,0.01,0.01,0.01,0.01,0.01,0.01,0.01,0.01,0.01,0.01,0.01,0.01,0.01,0.01,0.01,0.01,0.01,0.01,0.01,0.01,0.01,0.01,0.01,0.01,0.01,0.01,0.01,0.01,0.01,0.01,0.01,0.01,0.01,0.01,0.01,0.01,0.01,0.01,0.01,0.01,0.01,0.01,0.01,0.01,0.01,0.01,0.01,0.01,0.01,0.01,0.01,0.01,0.01,0.01,0.01,0.01,0.01,0.01,0.01,0.01,0.01,0.01,0.01,0.01,0.01,0.01,0.01,0.01,0.01,0.01,0.01,0.01,0.01,0.01,0.01,0.01,0.01,0.01,0.01,0.01,0.01,0.01,0.01,0.01,0.01,0.01,0.01,0.01,0.01,0.01,0.01,0.01,0.01,0.01,0.01,0.01,0.01,0.01,0.01,0.01,0.01,0.01,0.01,0.01,0.01,0.01,0.01,0.01,0.01,0.01,0.01,0.01,0.01,0.01,0.01,0.01,0.01,0.01,0.01,0.01,0.01,0.01,0.01,0.01,0.01,0.01,0.01,0.01,0.01,0.01,0.01,0.01,0.01,0.01,0.01,0.01,0.01,0.01,0.01,0.01,0.01,0.01,0.01,0.01,0.01,0.01,0.01,0.01,0.01,0.01,0.01,0.01,0.01,0.01,0.01,0.01,0.01,0.01,0.01,0.01,0.01,0.01,0.01,0.01,0.01,0.01,0.01,0.01,0.01,0.01,0.01,0.01,0.01,0.01,0.01
