method,seed,step,training_seconds,wall_seconds,d_loss,g_loss,coverage,valid_fraction,mode_tv,mode_0_mass,mode_1_mass,mode_2_mass,mode_3_mass,mode_4_mass,mode_5_mass,mode_6_mass,mode_7_mass,mode_8_mass,mode_9_mass,mode_10_mass,mode_11_mass,mode_12_mass,mode_13_mass,mode_14_mass,mode_15_mass,mode_16_mass,mode_17_mass,mode_18_mass,mode_19_mass,mode_20_mass,mode_21_mass,mode_22_mass,mode_23_mass,mode_24_mass,mode_25_mass,mode_26_mass,mode_27_mass,mode_28_mass,mode_29_mass,mode_30_mass,mode_31_mass,mode_32_mass,mode_33_mass,mode_34_mass,mode_35_mass,mode_36_mass,mode_37_mass,mode_38_mass,mode_39_mass,mode_40_mass,mode_41_mass,mode_42_mass,mode_43_mass,mode_44_mass,mode_45_mass,mode_46_mass,mode_47_mass,mode_48_mass,mode_49_mass,mode_50_mass,mode_51_mass,mode_52_mass,mode_53_mass,mode_54_mass,mode_55_mass,mode_56_mass,mode_57_mass,mode_58_mass,mode_59_mass,mode_60_mass,mode_61_mass,mode_62_mass,mode_63_mass,mode_64_mass,mode_65_mass,mode_66_mass,mode_67_mass,mode_68_mass,mode_69_mass,mode_70_mass,mode_71_mass,mode_72_mass,mode_73_mass,mode_74_mass,mode_75_mass,mode_76_mass,mode_77_mass,mode_78_mass,mode_79_mass,mode_80_mass,mode_81_mass,mode_82_mass,mode_83_mass,mode_84_mass,mode_85_mass,mode_86_mass,mode_87_mass,mode_88_mass,mode_89_mass,mode_90_mass,mode_91_mass,mode_92_mass,mode_93_mass,mode_94_mass,mode_95_mass,mode_96_mass,mode_97_mass,mode_98_mass,mode_99_mass,d_pair_rms_before_mean,d_pair_rms_after_mean,reference_weight_0,reference_weight_1,reference_weight_2,reference_weight_3,reference_weight_4,reference_weight_5,reference_weight_6,reference_weight_7,reference_weight_8,reference_weight_9,reference_weight_10,reference_weight_11,reference_weight_12,reference_weight_13,reference_weight_14,reference_weight_15,reference_weight_16,reference_weight_17,reference_weight_18,reference_weight_19,reference_weight_20,reference_weight_21,reference_weight_22,reference_weight_23,reference_weight_24,reference_weight_25,reference_weight_26,reference_weight_27,reference_weight_28,reference_weight_29,reference_weight_30,reference_weight_31,reference_weight_32,reference_weight_33,reference_weight_34,reference_weight_35,reference_weight_36,reference_weight_37,reference_weight_38,reference_weight_39,reference_weight_40,reference_weight_41,reference_weight_42,reference_weight_43,reference_weight_44,reference_weight_45,reference_weight_46,reference_weight_47,reference_weight_48,reference_weight_49,reference_weight_50,reference_weight_51,reference_weight_52,reference_weight_53,reference_weight_54,reference_weight_55,reference_weight_56,reference_weight_57,reference_weight_58,reference_weight_59,reference_weight_60,reference_weight_61,reference_weight_62,reference_weight_63,reference_weight_64,reference_weight_65,reference_weight_66,reference_weight_67,reference_weight_68,reference_weight_69,reference_weight_70,reference_weight_71,reference_weight_72,reference_weight_73,reference_weight_74,reference_weight_75,reference_weight_76,reference_weight_77,reference_weight_78,reference_weight_79,reference_weight_80,reference_weight_81,reference_weight_82,reference_weight_83,reference_weight_84,reference_weight_85,reference_weight_86,reference_weight_87,reference_weight_88,reference_weight_89,reference_weight_90,reference_weight_91,reference_weight_92,reference_weight_93,reference_weight_94,reference_weight_95,reference_weight_96,reference_weight_97,reference_weight_98,reference_weight_99,ema_mass_0,ema_mass_1,ema_mass_2,ema_mass_3,ema_mass_4,ema_mass_5,ema_mass_6,ema_mass_7,ema_mass_8,ema_mass_9,ema_mass_10,ema_mass_11,ema_mass_12,ema_mass_13,ema_mass_14,ema_mass_15,ema_mass_16,ema_mass_17,ema_mass_18,ema_mass_19,ema_mass_20,ema_mass_21,ema_mass_22,ema_mass_23,ema_mass_24,ema_mass_25,ema_mass_26,ema_mass_27,ema_mass_28,ema_mass_29,ema_mass_30,ema_mass_31,ema_mass_32,ema_mass_33,ema_mass_34,ema_mass_35,ema_mass_36,ema_mass_37,ema_mass_38,ema_mass_39,ema_mass_40,ema_mass_41,ema_mass_42,ema_mass_43,ema_mass_44,ema_mass_45,ema_mass_46,ema_mass_47,ema_mass_48,ema_mass_49,ema_mass_50,ema_mass_51,ema_mass_52,ema_mass_53,ema_mass_54,ema_mass_55,ema_mass_56,ema_mass_57,ema_mass_58,ema_mass_59,ema_mass_60,ema_mass_61,ema_mass_62,ema_mass_63,ema_mass_64,ema_mass_65,ema_mass_66,ema_mass_67,ema_mass_68,ema_mass_69,ema_mass_70,ema_mass_71,ema_mass_72,ema_mass_73,ema_mass_74,ema_mass_75,ema_mass_76,ema_mass_77,ema_mass_78,ema_mass_79,ema_mass_80,ema_mass_81,ema_mass_82,ema_mass_83,ema_mass_84,ema_mass_85,ema_mass_86,ema_mass_87,ema_mass_88,ema_mass_89,ema_mass_90,ema_mass_91,ema_mass_92,ema_mass_93,ema_mass_94,ema_mass_95,ema_mass_96,ema_mass_97,ema_mass_98,ema_mass_99
vanilla,2,0,0.0,0.0028155420441180468,nan,nan,0,0.0,1.0,0.0,0.0,0.0,0.0,0.0,0.0,0.0,0.0,0.0,0.0,0.0,0.0,0.0,0.0,0.0,0.0,0.0,0.0,0.0,0.0,0.0,0.0,0.0,0.0,0.0,0.0,0.0,0.0,0.0,0.0,0.0,0.0,0.0,0.0,0.0,0.0,0.0,0.0,0.0,0.0,0.0,0.0,0.0,0.0,0.0,0.0,0.0,0.0,0.0,0.0,0.0,0.0,0.0,0.0,0.0,0.0,0.0,0.0,0.0,0.0,0.0,0.0,0.0,0.0,0.0,0.0,0.0,0.0,0.0,0.0,0.0,0.0,0.0,0.0,0.0,0.0,0.0,0.0,0.0,0.0,0.0,0.0,0.0,0.0,0.0,0.0,0.0,0.0,0.0,0.0,0.0,0.0,0.0,0.0,0.0,0.0,0.0,0.0,0.0,0.0,0.0,0.0,0.01,0.01,0.01,0.01,0.01,0.01,0.01,0.01,0.01,0.01,0.01,0.01,0.01,0.01,0.01,0.01,0.01,0.01,0.01,0.01,0.01,0.01,0.01,0.01,0.01,0.01,0.01,0.01,0.01,0.01,0.01,0.01,0.01,0.01,0.01,0.01,0.01,0.01,0.01,0.01,0.01,0.01,0.01,0.01,0.01,0.01,0.01,0.01,0.01,0.01,0.01,0.01,0.01,0.01,0.01,0.01,0.01,0.01,0.01,0.01,0.01,0.01,0.01,0.01,0.01,0.01,0.01,0.01,0.01,0.01,0.01,0.01,0.01,0.01,0.01,0.01,0.01,0.01,0.01,0.01,0.01,0.01,0.01,0.01,0.01,0.01,0.01,0.01,0.01,0.01,0.01,0.01,0.01,0.01,0.01,0.01,0.01,0.01,0.01,0.01,0.01,0.01,0.01,0.01,0.01,0.01,0.01,0.01,0.01,0.01,0.01,0.01,0.01,0.01,0.01,0.01,0.01,0.01,0.01,0.01,0.01,0.01,0.01,0.01,0.01,0.01,0.01,0.01,0.01,0.01,0.01,0.01,0.01,0.01,0.01,0.01,0.01,0.01,0.01,0.01,0.01,0.01,0.01,0.01,0.01,0.01,0.01,0.01,0.01,0.01,0.01,0.01,0.01,0.01,0.01,0.01,0.01,0.01,0.01,0.01,0.01,0.01,0.01,0.01,0.01,0.01,0.01,0.01,0.01,0.01,0.01,0.01,0.01,0.01,0.01,0.01,0.01,0.01,0.01,0.01,0.01,0.01,0.01,0.01,0.01,0.01,0.01,0.01,0.01,0.01,0.01,0.01,0.01,0.01,0.01,0.01,0.01,0.01,0.01,0.01
vanilla,2,1000,0.9404239120194688,0.9471283750608563,0.6822918057441711,0.7203803062438965,0,0.11160000000000003,0.8884000000000001,0.0002,0.0007,0.0006,0.0005,0.0007,0.0006,0.0006,0.0006,0.0006,0.0002,0.0003,0.001,0.0009,0.0005,0.0011,0.0011,0.0009,0.0006,0.0012,0.0005,0.0009,0.0015,0.0025,0.0019,0.001,0.0026,0.002,0.0012,0.0007,0.0011,0.0005,0.0011,0.0015,0.0018,0.0011,0.002,0.0023,0.0016,0.0007,0.0005,0.0005,0.0011,0.002,0.002,0.0019,0.0018,0.0017,0.0014,0.0008,0.0001,0.0005,0.0011,0.0015,0.0016,0.0017,0.0018,0.001,0.0018,0.0014,0.0003,0.0005,0.0013,0.0015,0.002,0.0009,0.0019,0.0012,0.0015,0.0016,0.0005,0.0009,0.0009,0.002,0.0012,0.0016,0.0017,0.0014,0.0019,0.0011,0.0007,0.0011,0.0007,0.0015,0.0011,0.0012,0.0014,0.001,0.0014,0.0009,0.0004,0.0001,0.0007,0.0009,0.0006,0.0007,0.001,0.0006,0.0013,0.0003,0.0005,0.0,0.0,0.01,0.01,0.01,0.01,0.01,0.01,0.01,0.01,0.01,0.01,0.01,0.01,0.01,0.01,0.01,0.01,0.01,0.01,0.01,0.01,0.01,0.01,0.01,0.01,0.01,0.01,0.01,0.01,0.01,0.01,0.01,0.01,0.01,0.01,0.01,0.01,0.01,0.01,0.01,0.01,0.01,0.01,0.01,0.01,0.01,0.01,0.01,0.01,0.01,0.01,0.01,0.01,0.01,0.01,0.01,0.01,0.01,0.01,0.01,0.01,0.01,0.01,0.01,0.01,0.01,0.01,0.01,0.01,0.01,0.01,0.01,0.01,0.01,0.01,0.01,0.01,0.01,0.01,0.01,0.01,0.01,0.01,0.01,0.01,0.01,0.01,0.01,0.01,0.01,0.01,0.01,0.01,0.01,0.01,0.01,0.01,0.01,0.01,0.01,0.01,0.01,0.01,0.01,0.01,0.01,0.01,0.01,0.01,0.01,0.01,0.01,0.01,0.01,0.01,0.01,0.01,0.01,0.01,0.01,0.01,0.01,0.01,0.01,0.01,0.01,0.01,0.01,0.01,0.01,0.01,0.01,0.01,0.01,0.01,0.01,0.01,0.01,0.01,0.01,0.01,0.01,0.01,0.01,0.01,0.01,0.01,0.01,0.01,0.01,0.01,0.01,0.01,0.01,0.01,0.01,0.01,0.01,0.01,0.01,0.01,0.01,0.01,0.01,0.01,0.01,0.01,0.01,0.01,0.01,0.01,0.01,0.01,0.01,0.01,0.01,0.01,0.01,0.01,0.01,0.01,0.01,0.01,0.01,0.01,0.01,0.01,0.01,0.01,0.01,0.01,0.01,0.01,0.01,0.01,0.01,0.01,0.01,0.01,0.01,0.01
vanilla,2,2000,1.8803796221036464,1.891966124996543,0.677242636680603,0.7076847553253174,0,0.11329999999999996,0.8867,0.0004,0.0008,0.0005,0.0007,0.0006,0.0005,0.0003,0.0004,0.001,0.0007,0.0003,0.0013,0.0016,0.001,0.0013,0.001,0.0006,0.0004,0.0009,0.0007,0.0007,0.0015,0.0023,0.0015,0.0019,0.0014,0.0018,0.0016,0.0014,0.0006,0.0004,0.0015,0.0023,0.0008,0.0023,0.0012,0.001,0.0023,0.0009,0.0004,0.0006,0.0014,0.0017,0.001,0.0015,0.0019,0.0015,0.0023,0.0013,0.0008,0.0004,0.0013,0.0025,0.0015,0.002,0.0012,0.0018,0.0019,0.0016,0.0004,0.0002,0.0014,0.0023,0.0012,0.0018,0.0026,0.0007,0.0011,0.0013,0.0005,0.0003,0.0013,0.0017,0.002,0.0017,0.0011,0.0019,0.0019,0.0018,0.0006,0.0009,0.0017,0.0009,0.0009,0.0007,0.0015,0.0005,0.0019,0.0012,0.0005,0.0001,0.0008,0.0003,0.0001,0.0002,0.0004,0.0003,0.0008,0.0003,0.0005,0.0,0.0,0.01,0.01,0.01,0.01,0.01,0.01,0.01,0.01,0.01,0.01,0.01,0.01,0.01,0.01,0.01,0.01,0.01,0.01,0.01,0.01,0.01,0.01,0.01,0.01,0.01,0.01,0.01,0.01,0.01,0.01,0.01,0.01,0.01,0.01,0.01,0.01,0.01,0.01,0.01,0.01,0.01,0.01,0.01,0.01,0.01,0.01,0.01,0.01,0.01,0.01,0.01,0.01,0.01,0.01,0.01,0.01,0.01,0.01,0.01,0.01,0.01,0.01,0.01,0.01,0.01,0.01,0.01,0.01,0.01,0.01,0.01,0.01,0.01,0.01,0.01,0.01,0.01,0.01,0.01,0.01,0.01,0.01,0.01,0.01,0.01,0.01,0.01,0.01,0.01,0.01,0.01,0.01,0.01,0.01,0.01,0.01,0.01,0.01,0.01,0.01,0.01,0.01,0.01,0.01,0.01,0.01,0.01,0.01,0.01,0.01,0.01,0.01,0.01,0.01,0.01,0.01,0.01,0.01,0.01,0.01,0.01,0.01,0.01,0.01,0.01,0.01,0.01,0.01,0.01,0.01,0.01,0.01,0.01,0.01,0.01,0.01,0.01,0.01,0.01,0.01,0.01,0.01,0.01,0.01,0.01,0.01,0.01,0.01,0.01,0.01,0.01,0.01,0.01,0.01,0.01,0.01,0.01,0.01,0.01,0.01,0.01,0.01,0.01,0.01,0.01,0.01,0.01,0.01,0.01,0.01,0.01,0.01,0.01,0.01,0.01,0.01,0.01,0.01,0.01,0.01,0.01,0.01,0.01,0.01,0.01,0.01,0.01,0.01,0.01,0.01,0.01,0.01,0.01,0.01,0.01,0.01,0.01,0.01,0.01,0.01
vanilla,2,3000,2.8126687458716333,2.828475750051439,0.6817554831504822,0.7045794725418091,0,0.12419999999999998,0.8758,0.0011,0.0006,0.0009,0.0005,0.0008,0.0003,0.0003,0.0005,0.0009,0.0007,0.0007,0.0027,0.0017,0.0023,0.002,0.002,0.0015,0.0026,0.0022,0.0002,0.0011,0.0025,0.0007,0.0015,0.0016,0.0017,0.0015,0.001,0.0014,0.0006,0.0005,0.0014,0.0009,0.0012,0.0007,0.0021,0.0013,0.0009,0.0012,0.0004,0.0012,0.0036,0.0011,0.0018,0.0011,0.0022,0.0013,0.0024,0.0012,0.0011,0.0006,0.0027,0.0013,0.0012,0.0016,0.0008,0.0015,0.0008,0.0016,0.0002,0.0005,0.002,0.0013,0.002,0.0005,0.0011,0.0013,0.0011,0.0018,0.0005,0.0007,0.0024,0.001,0.0012,0.0012,0.0012,0.0017,0.0016,0.0025,0.0007,0.0014,0.0019,0.0012,0.0026,0.0012,0.0019,0.0008,0.0014,0.0014,0.0006,0.0005,0.0012,0.0004,0.0002,0.0003,0.0005,0.0007,0.0006,0.0006,0.0005,0.0,0.0,0.01,0.01,0.01,0.01,0.01,0.01,0.01,0.01,0.01,0.01,0.01,0.01,0.01,0.01,0.01,0.01,0.01,0.01,0.01,0.01,0.01,0.01,0.01,0.01,0.01,0.01,0.01,0.01,0.01,0.01,0.01,0.01,0.01,0.01,0.01,0.01,0.01,0.01,0.01,0.01,0.01,0.01,0.01,0.01,0.01,0.01,0.01,0.01,0.01,0.01,0.01,0.01,0.01,0.01,0.01,0.01,0.01,0.01,0.01,0.01,0.01,0.01,0.01,0.01,0.01,0.01,0.01,0.01,0.01,0.01,0.01,0.01,0.01,0.01,0.01,0.01,0.01,0.01,0.01,0.01,0.01,0.01,0.01,0.01,0.01,0.01,0.01,0.01,0.01,0.01,0.01,0.01,0.01,0.01,0.01,0.01,0.01,0.01,0.01,0.01,0.01,0.01,0.01,0.01,0.01,0.01,0.01,0.01,0.01,0.01,0.01,0.01,0.01,0.01,0.01,0.01,0.01,0.01,0.01,0.01,0.01,0.01,0.01,0.01,0.01,0.01,0.01,0.01,0.01,0.01,0.01,0.01,0.01,0.01,0.01,0.01,0.01,0.01,0.01,0.01,0.01,0.01,0.01,0.01,0.01,0.01,0.01,0.01,0.01,0.01,0.01,0.01,0.01,0.01,0.01,0.01,0.01,0.01,0.01,0.01,0.01,0.01,0.01,0.01,0.01,0.01,0.01,0.01,0.01,0.01,0.01,0.01,0.01,0.01,0.01,0.01,0.01,0.01,0.01,0.01,0.01,0.01,0.01,0.01,0.01,0.01,0.01,0.01,0.01,0.01,0.01,0.01,0.01,0.01,0.01,0.01,0.01,0.01,0.01,0.01
vanilla,2,4000,3.7355242788325995,3.75544900004752,0.6895833611488342,0.6925135850906372,0,0.11909999999999998,0.8809,0.0013,0.0011,0.0018,0.0012,0.0004,0.0008,0.0012,0.0003,0.0006,0.0016,0.0017,0.0011,0.0011,0.0012,0.001,0.0019,0.0008,0.0013,0.0018,0.0006,0.0024,0.0014,0.0008,0.0009,0.0012,0.0014,0.0009,0.0014,0.0014,0.0008,0.0015,0.0009,0.0008,0.0012,0.0009,0.0015,0.0012,0.0015,0.0024,0.0009,0.0017,0.0011,0.0014,0.0011,0.0012,0.001,0.0014,0.0011,0.002,0.0009,0.0018,0.0014,0.0014,0.0011,0.0012,0.0011,0.0014,0.0009,0.0015,0.0004,0.002,0.0014,0.0012,0.0012,0.0012,0.0009,0.0006,0.0012,0.0013,0.0005,0.0013,0.001,0.0013,0.0008,0.0007,0.001,0.0012,0.0012,0.0015,0.0012,0.0013,0.001,0.0015,0.0023,0.0022,0.0022,0.0022,0.002,0.002,0.0008,0.001,0.0002,0.0007,0.0003,0.0008,0.0003,0.0004,0.001,0.0001,0.0008,0.0,0.0,0.01,0.01,0.01,0.01,0.01,0.01,0.01,0.01,0.01,0.01,0.01,0.01,0.01,0.01,0.01,0.01,0.01,0.01,0.01,0.01,0.01,0.01,0.01,0.01,0.01,0.01,0.01,0.01,0.01,0.01,0.01,0.01,0.01,0.01,0.01,0.01,0.01,0.01,0.01,0.01,0.01,0.01,0.01,0.01,0.01,0.01,0.01,0.01,0.01,0.01,0.01,0.01,0.01,0.01,0.01,0.01,0.01,0.01,0.01,0.01,0.01,0.01,0.01,0.01,0.01,0.01,0.01,0.01,0.01,0.01,0.01,0.01,0.01,0.01,0.01,0.01,0.01,0.01,0.01,0.01,0.01,0.01,0.01,0.01,0.01,0.01,0.01,0.01,0.01,0.01,0.01,0.01,0.01,0.01,0.01,0.01,0.01,0.01,0.01,0.01,0.01,0.01,0.01,0.01,0.01,0.01,0.01,0.01,0.01,0.01,0.01,0.01,0.01,0.01,0.01,0.01,0.01,0.01,0.01,0.01,0.01,0.01,0.01,0.01,0.01,0.01,0.01,0.01,0.01,0.01,0.01,0.01,0.01,0.01,0.01,0.01,0.01,0.01,0.01,0.01,0.01,0.01,0.01,0.01,0.01,0.01,0.01,0.01,0.01,0.01,0.01,0.01,0.01,0.01,0.01,0.01,0.01,0.01,0.01,0.01,0.01,0.01,0.01,0.01,0.01,0.01,0.01,0.01,0.01,0.01,0.01,0.01,0.01,0.01,0.01,0.01,0.01,0.01,0.01,0.01,0.01,0.01,0.01,0.01,0.01,0.01,0.01,0.01,0.01,0.01,0.01,0.01,0.01,0.01,0.01,0.01,0.01,0.01,0.01,0.01
vanilla,2,5000,4.649882699130103,4.673790208995342,0.6858842968940735,0.7019513845443726,0,0.12890000000000001,0.8711000000000001,0.0017,0.0019,0.001,0.0004,0.0018,0.0007,0.001,0.0005,0.0005,0.0016,0.0024,0.001,0.0007,0.0011,0.0009,0.0013,0.0008,0.0008,0.0008,0.0011,0.0031,0.0012,0.0007,0.0007,0.0014,0.0014,0.0014,0.0007,0.0007,0.0021,0.002,0.0012,0.0007,0.0009,0.0013,0.0013,0.0017,0.0018,0.0017,0.0019,0.0029,0.0009,0.0008,0.0019,0.0015,0.0008,0.0011,0.0015,0.0015,0.0017,0.0031,0.0007,0.0014,0.0018,0.0017,0.0013,0.0014,0.0002,0.0007,0.0014,0.0027,0.001,0.0011,0.0014,0.001,0.0014,0.0006,0.0014,0.0008,0.0016,0.0022,0.0007,0.0013,0.0015,0.0005,0.0007,0.0014,0.0011,0.0011,0.0016,0.0021,0.0005,0.001,0.0011,0.0011,0.0009,0.0007,0.0008,0.0019,0.0011,0.0024,0.0011,0.0012,0.0014,0.0015,0.0021,0.0013,0.0016,0.0006,0.0012,0.0,0.0,0.01,0.01,0.01,0.01,0.01,0.01,0.01,0.01,0.01,0.01,0.01,0.01,0.01,0.01,0.01,0.01,0.01,0.01,0.01,0.01,0.01,0.01,0.01,0.01,0.01,0.01,0.01,0.01,0.01,0.01,0.01,0.01,0.01,0.01,0.01,0.01,0.01,0.01,0.01,0.01,0.01,0.01,0.01,0.01,0.01,0.01,0.01,0.01,0.01,0.01,0.01,0.01,0.01,0.01,0.01,0.01,0.01,0.01,0.01,0.01,0.01,0.01,0.01,0.01,0.01,0.01,0.01,0.01,0.01,0.01,0.01,0.01,0.01,0.01,0.01,0.01,0.01,0.01,0.01,0.01,0.01,0.01,0.01,0.01,0.01,0.01,0.01,0.01,0.01,0.01,0.01,0.01,0.01,0.01,0.01,0.01,0.01,0.01,0.01,0.01,0.01,0.01,0.01,0.01,0.01,0.01,0.01,0.01,0.01,0.01,0.01,0.01,0.01,0.01,0.01,0.01,0.01,0.01,0.01,0.01,0.01,0.01,0.01,0.01,0.01,0.01,0.01,0.01,0.01,0.01,0.01,0.01,0.01,0.01,0.01,0.01,0.01,0.01,0.01,0.01,0.01,0.01,0.01,0.01,0.01,0.01,0.01,0.01,0.01,0.01,0.01,0.01,0.01,0.01,0.01,0.01,0.01,0.01,0.01,0.01,0.01,0.01,0.01,0.01,0.01,0.01,0.01,0.01,0.01,0.01,0.01,0.01,0.01,0.01,0.01,0.01,0.01,0.01,0.01,0.01,0.01,0.01,0.01,0.01,0.01,0.01,0.01,0.01,0.01,0.01,0.01,0.01,0.01,0.01,0.01,0.01,0.01,0.01,0.01,0.01
vanilla,2,6000,5.582195323309861,5.610426000086591,0.68561851978302,0.7018843293190002,0,0.15389999999999993,0.8461000000000001,0.003,0.0025,0.002,0.002,0.0029,0.0027,0.003,0.002,0.0016,0.0041,0.0016,0.0008,0.0008,0.0008,0.0008,0.0016,0.001,0.001,0.0011,0.002,0.0021,0.0016,0.0007,0.0009,0.0015,0.0021,0.0011,0.0007,0.0009,0.0025,0.0019,0.0017,0.001,0.001,0.0012,0.002,0.0012,0.0018,0.0014,0.0028,0.003,0.0012,0.0014,0.0011,0.0017,0.0007,0.0009,0.0014,0.0013,0.0022,0.0024,0.0009,0.0014,0.0018,0.0017,0.0011,0.0016,0.0005,0.001,0.0027,0.0029,0.0013,0.0008,0.0011,0.001,0.002,0.0012,0.0012,0.0009,0.0029,0.0019,0.0012,0.0015,0.0012,0.0011,0.0006,0.0011,0.0011,0.0011,0.0027,0.0024,0.0009,0.0013,0.0009,0.0013,0.0008,0.0007,0.0007,0.0014,0.001,0.0026,0.0015,0.0016,0.0013,0.0011,0.0022,0.0018,0.0017,0.001,0.0015,0.0,0.0,0.01,0.01,0.01,0.01,0.01,0.01,0.01,0.01,0.01,0.01,0.01,0.01,0.01,0.01,0.01,0.01,0.01,0.01,0.01,0.01,0.01,0.01,0.01,0.01,0.01,0.01,0.01,0.01,0.01,0.01,0.01,0.01,0.01,0.01,0.01,0.01,0.01,0.01,0.01,0.01,0.01,0.01,0.01,0.01,0.01,0.01,0.01,0.01,0.01,0.01,0.01,0.01,0.01,0.01,0.01,0.01,0.01,0.01,0.01,0.01,0.01,0.01,0.01,0.01,0.01,0.01,0.01,0.01,0.01,0.01,0.01,0.01,0.01,0.01,0.01,0.01,0.01,0.01,0.01,0.01,0.01,0.01,0.01,0.01,0.01,0.01,0.01,0.01,0.01,0.01,0.01,0.01,0.01,0.01,0.01,0.01,0.01,0.01,0.01,0.01,0.01,0.01,0.01,0.01,0.01,0.01,0.01,0.01,0.01,0.01,0.01,0.01,0.01,0.01,0.01,0.01,0.01,0.01,0.01,0.01,0.01,0.01,0.01,0.01,0.01,0.01,0.01,0.01,0.01,0.01,0.01,0.01,0.01,0.01,0.01,0.01,0.01,0.01,0.01,0.01,0.01,0.01,0.01,0.01,0.01,0.01,0.01,0.01,0.01,0.01,0.01,0.01,0.01,0.01,0.01,0.01,0.01,0.01,0.01,0.01,0.01,0.01,0.01,0.01,0.01,0.01,0.01,0.01,0.01,0.01,0.01,0.01,0.01,0.01,0.01,0.01,0.01,0.01,0.01,0.01,0.01,0.01,0.01,0.01,0.01,0.01,0.01,0.01,0.01,0.01,0.01,0.01,0.01,0.01,0.01,0.01,0.01,0.01,0.01,0.01
vanilla,2,7000,6.518236656324007,6.5505892500514165,0.6893813610076904,0.7182973027229309,0,0.1441,0.8559000000000001,0.0007,0.0005,0.0002,0.0002,0.0002,0.0001,0.0003,0.0002,0.0001,0.0008,0.0022,0.0006,0.0009,0.0018,0.0012,0.0005,0.0009,0.0016,0.0006,0.0006,0.0037,0.0006,0.001,0.001,0.0008,0.0013,0.0019,0.0015,0.0012,0.0016,0.0026,0.0006,0.0013,0.0015,0.0015,0.0014,0.0011,0.001,0.0011,0.002,0.0042,0.0013,0.0012,0.0024,0.0013,0.0013,0.0005,0.0012,0.001,0.0033,0.0034,0.001,0.0012,0.0016,0.002,0.0006,0.0016,0.0015,0.0013,0.0022,0.0033,0.0011,0.0009,0.0015,0.0014,0.0019,0.0009,0.0016,0.0011,0.0023,0.0038,0.0013,0.0012,0.0012,0.001,0.0005,0.0013,0.0013,0.0008,0.0028,0.0031,0.0007,0.001,0.0012,0.0012,0.0011,0.0007,0.0011,0.0013,0.0019,0.0047,0.0018,0.0017,0.0023,0.0015,0.0026,0.0027,0.0016,0.0013,0.0024,0.0,0.0,0.01,0.01,0.01,0.01,0.01,0.01,0.01,0.01,0.01,0.01,0.01,0.01,0.01,0.01,0.01,0.01,0.01,0.01,0.01,0.01,0.01,0.01,0.01,0.01,0.01,0.01,0.01,0.01,0.01,0.01,0.01,0.01,0.01,0.01,0.01,0.01,0.01,0.01,0.01,0.01,0.01,0.01,0.01,0.01,0.01,0.01,0.01,0.01,0.01,0.01,0.01,0.01,0.01,0.01,0.01,0.01,0.01,0.01,0.01,0.01,0.01,0.01,0.01,0.01,0.01,0.01,0.01,0.01,0.01,0.01,0.01,0.01,0.01,0.01,0.01,0.01,0.01,0.01,0.01,0.01,0.01,0.01,0.01,0.01,0.01,0.01,0.01,0.01,0.01,0.01,0.01,0.01,0.01,0.01,0.01,0.01,0.01,0.01,0.01,0.01,0.01,0.01,0.01,0.01,0.01,0.01,0.01,0.01,0.01,0.01,0.01,0.01,0.01,0.01,0.01,0.01,0.01,0.01,0.01,0.01,0.01,0.01,0.01,0.01,0.01,0.01,0.01,0.01,0.01,0.01,0.01,0.01,0.01,0.01,0.01,0.01,0.01,0.01,0.01,0.01,0.01,0.01,0.01,0.01,0.01,0.01,0.01,0.01,0.01,0.01,0.01,0.01,0.01,0.01,0.01,0.01,0.01,0.01,0.01,0.01,0.01,0.01,0.01,0.01,0.01,0.01,0.01,0.01,0.01,0.01,0.01,0.01,0.01,0.01,0.01,0.01,0.01,0.01,0.01,0.01,0.01,0.01,0.01,0.01,0.01,0.01,0.01,0.01,0.01,0.01,0.01,0.01,0.01,0.01,0.01,0.01,0.01,0.01,0.01,0.01
vanilla,2,8000,7.44464633485768,7.48170145903714,0.6896573305130005,0.7000205516815186,0,0.1674,0.8326,0.0065,0.0027,0.0034,0.0041,0.0037,0.003,0.0036,0.0027,0.003,0.0009,0.0031,0.0004,0.0005,0.0014,0.0009,0.0012,0.0003,0.001,0.0012,0.0007,0.0029,0.0019,0.0006,0.0007,0.0012,0.0012,0.0015,0.0009,0.0013,0.0011,0.0027,0.0013,0.0006,0.0006,0.0011,0.0019,0.002,0.0014,0.0005,0.0006,0.004,0.0007,0.0013,0.0016,0.0013,0.0006,0.0015,0.0012,0.0021,0.0008,0.0035,0.0013,0.0014,0.0019,0.002,0.0008,0.0014,0.001,0.0008,0.0012,0.003,0.0005,0.0008,0.0009,0.0007,0.0013,0.0005,0.0011,0.0006,0.0016,0.0033,0.0015,0.0014,0.0011,0.001,0.0008,0.0013,0.0009,0.0011,0.0017,0.0027,0.0008,0.0011,0.0013,0.0015,0.0014,0.0012,0.0012,0.0015,0.0016,0.0048,0.0026,0.0017,0.003,0.0026,0.0035,0.0029,0.0019,0.0019,0.0024,0.0,0.0,0.01,0.01,0.01,0.01,0.01,0.01,0.01,0.01,0.01,0.01,0.01,0.01,0.01,0.01,0.01,0.01,0.01,0.01,0.01,0.01,0.01,0.01,0.01,0.01,0.01,0.01,0.01,0.01,0.01,0.01,0.01,0.01,0.01,0.01,0.01,0.01,0.01,0.01,0.01,0.01,0.01,0.01,0.01,0.01,0.01,0.01,0.01,0.01,0.01,0.01,0.01,0.01,0.01,0.01,0.01,0.01,0.01,0.01,0.01,0.01,0.01,0.01,0.01,0.01,0.01,0.01,0.01,0.01,0.01,0.01,0.01,0.01,0.01,0.01,0.01,0.01,0.01,0.01,0.01,0.01,0.01,0.01,0.01,0.01,0.01,0.01,0.01,0.01,0.01,0.01,0.01,0.01,0.01,0.01,0.01,0.01,0.01,0.01,0.01,0.01,0.01,0.01,0.01,0.01,0.01,0.01,0.01,0.01,0.01,0.01,0.01,0.01,0.01,0.01,0.01,0.01,0.01,0.01,0.01,0.01,0.01,0.01,0.01,0.01,0.01,0.01,0.01,0.01,0.01,0.01,0.01,0.01,0.01,0.01,0.01,0.01,0.01,0.01,0.01,0.01,0.01,0.01,0.01,0.01,0.01,0.01,0.01,0.01,0.01,0.01,0.01,0.01,0.01,0.01,0.01,0.01,0.01,0.01,0.01,0.01,0.01,0.01,0.01,0.01,0.01,0.01,0.01,0.01,0.01,0.01,0.01,0.01,0.01,0.01,0.01,0.01,0.01,0.01,0.01,0.01,0.01,0.01,0.01,0.01,0.01,0.01,0.01,0.01,0.01,0.01,0.01,0.01,0.01,0.01,0.01,0.01,0.01,0.01,0.01,0.01
vanilla,2,9000,8.370279126684181,8.411610750015825,0.6897088885307312,0.7023040056228638,0,0.16800000000000004,0.8320000000000001,0.0059,0.0032,0.002,0.002,0.003,0.0018,0.0032,0.0019,0.0018,0.0018,0.0026,0.0008,0.0007,0.0015,0.0009,0.0008,0.0005,0.0011,0.0012,0.002,0.0025,0.0017,0.0007,0.0012,0.0007,0.0014,0.0012,0.0005,0.0014,0.0027,0.0027,0.0014,0.0014,0.0011,0.0015,0.002,0.0014,0.0015,0.0005,0.0033,0.0021,0.0013,0.0017,0.002,0.0011,0.001,0.0011,0.0017,0.0018,0.0029,0.0016,0.0009,0.0017,0.002,0.0018,0.0008,0.0015,0.0012,0.0011,0.003,0.0014,0.0006,0.0008,0.001,0.0012,0.001,0.0012,0.0011,0.0009,0.0035,0.0008,0.001,0.002,0.0012,0.0008,0.0005,0.0012,0.0012,0.0013,0.0036,0.0007,0.0005,0.0008,0.0007,0.0009,0.0011,0.0015,0.0013,0.0017,0.0023,0.001,0.0021,0.0026,0.003,0.0032,0.0049,0.0038,0.0025,0.0016,0.0037,0.0,0.0,0.01,0.01,0.01,0.01,0.01,0.01,0.01,0.01,0.01,0.01,0.01,0.01,0.01,0.01,0.01,0.01,0.01,0.01,0.01,0.01,0.01,0.01,0.01,0.01,0.01,0.01,0.01,0.01,0.01,0.01,0.01,0.01,0.01,0.01,0.01,0.01,0.01,0.01,0.01,0.01,0.01,0.01,0.01,0.01,0.01,0.01,0.01,0.01,0.01,0.01,0.01,0.01,0.01,0.01,0.01,0.01,0.01,0.01,0.01,0.01,0.01,0.01,0.01,0.01,0.01,0.01,0.01,0.01,0.01,0.01,0.01,0.01,0.01,0.01,0.01,0.01,0.01,0.01,0.01,0.01,0.01,0.01,0.01,0.01,0.01,0.01,0.01,0.01,0.01,0.01,0.01,0.01,0.01,0.01,0.01,0.01,0.01,0.01,0.01,0.01,0.01,0.01,0.01,0.01,0.01,0.01,0.01,0.01,0.01,0.01,0.01,0.01,0.01,0.01,0.01,0.01,0.01,0.01,0.01,0.01,0.01,0.01,0.01,0.01,0.01,0.01,0.01,0.01,0.01,0.01,0.01,0.01,0.01,0.01,0.01,0.01,0.01,0.01,0.01,0.01,0.01,0.01,0.01,0.01,0.01,0.01,0.01,0.01,0.01,0.01,0.01,0.01,0.01,0.01,0.01,0.01,0.01,0.01,0.01,0.01,0.01,0.01,0.01,0.01,0.01,0.01,0.01,0.01,0.01,0.01,0.01,0.01,0.01,0.01,0.01,0.01,0.01,0.01,0.01,0.01,0.01,0.01,0.01,0.01,0.01,0.01,0.01,0.01,0.01,0.01,0.01,0.01,0.01,0.01,0.01,0.01,0.01,0.01,0.01,0.01
vanilla,2,10000,9.293431594618596,9.339214209001511,0.6913526058197021,0.6932686567306519,0,0.1926,0.8074,0.0045,0.0029,0.0031,0.0041,0.004,0.0037,0.0021,0.0028,0.0029,0.0082,0.0033,0.0006,0.0009,0.0013,0.0011,0.001,0.0008,0.0011,0.0006,0.0019,0.0026,0.0014,0.001,0.0013,0.0013,0.0013,0.001,0.0014,0.0011,0.0032,0.0029,0.0016,0.0016,0.0015,0.0015,0.0009,0.0016,0.0013,0.0012,0.0032,0.0033,0.0012,0.0014,0.0016,0.0015,0.0009,0.0011,0.0013,0.0013,0.0024,0.0038,0.0008,0.0011,0.0012,0.002,0.0009,0.0017,0.0009,0.0013,0.0026,0.0036,0.0009,0.0014,0.0009,0.0011,0.0012,0.0008,0.0012,0.001,0.0038,0.0034,0.001,0.0014,0.0009,0.0009,0.0004,0.001,0.0006,0.0011,0.0026,0.0027,0.0006,0.001,0.0008,0.0009,0.0017,0.0011,0.0011,0.0014,0.0015,0.0051,0.0028,0.0029,0.0033,0.0027,0.0041,0.0042,0.0026,0.0021,0.0047,0.0,0.0,0.01,0.01,0.01,0.01,0.01,0.01,0.01,0.01,0.01,0.01,0.01,0.01,0.01,0.01,0.01,0.01,0.01,0.01,0.01,0.01,0.01,0.01,0.01,0.01,0.01,0.01,0.01,0.01,0.01,0.01,0.01,0.01,0.01,0.01,0.01,0.01,0.01,0.01,0.01,0.01,0.01,0.01,0.01,0.01,0.01,0.01,0.01,0.01,0.01,0.01,0.01,0.01,0.01,0.01,0.01,0.01,0.01,0.01,0.01,0.01,0.01,0.01,0.01,0.01,0.01,0.01,0.01,0.01,0.01,0.01,0.01,0.01,0.01,0.01,0.01,0.01,0.01,0.01,0.01,0.01,0.01,0.01,0.01,0.01,0.01,0.01,0.01,0.01,0.01,0.01,0.01,0.01,0.01,0.01,0.01,0.01,0.01,0.01,0.01,0.01,0.01,0.01,0.01,0.01,0.01,0.01,0.01,0.01,0.01,0.01,0.01,0.01,0.01,0.01,0.01,0.01,0.01,0.01,0.01,0.01,0.01,0.01,0.01,0.01,0.01,0.01,0.01,0.01,0.01,0.01,0.01,0.01,0.01,0.01,0.01,0.01,0.01,0.01,0.01,0.01,0.01,0.01,0.01,0.01,0.01,0.01,0.01,0.01,0.01,0.01,0.01,0.01,0.01,0.01,0.01,0.01,0.01,0.01,0.01,0.01,0.01,0.01,0.01,0.01,0.01,0.01,0.01,0.01,0.01,0.01,0.01,0.01,0.01,0.01,0.01,0.01,0.01,0.01,0.01,0.01,0.01,0.01,0.01,0.01,0.01,0.01,0.01,0.01,0.01,0.01,0.01,0.01,0.01,0.01,0.01,0.01,0.01,0.01,0.01,0.01
vanilla,2,11000,10.226284173200838,10.27911320910789,0.6857226490974426,0.6987845301628113,0,0.1761999999999999,0.8238000000000001,0.0065,0.0023,0.0022,0.0031,0.0025,0.0037,0.0031,0.0019,0.0034,0.0054,0.0026,0.0003,0.0009,0.0014,0.001,0.0008,0.0002,0.0013,0.0013,0.0024,0.0031,0.0011,0.0008,0.0012,0.0014,0.0015,0.0015,0.0012,0.0011,0.0035,0.0036,0.0019,0.0012,0.0012,0.0017,0.0014,0.0016,0.0013,0.0007,0.004,0.003,0.001,0.0013,0.0013,0.0008,0.0009,0.0018,0.0012,0.0021,0.0024,0.0037,0.0014,0.0016,0.0013,0.0015,0.0007,0.0017,0.0012,0.0006,0.003,0.0039,0.0005,0.0016,0.0013,0.0015,0.0013,0.0016,0.0017,0.0013,0.0031,0.0034,0.001,0.0017,0.0015,0.0014,0.0009,0.0014,0.0008,0.0013,0.0031,0.0028,0.0011,0.0009,0.0009,0.0008,0.0007,0.0012,0.0012,0.0012,0.002,0.0021,0.0012,0.0014,0.0014,0.001,0.0013,0.002,0.0015,0.0013,0.0021,0.0,0.0,0.01,0.01,0.01,0.01,0.01,0.01,0.01,0.01,0.01,0.01,0.01,0.01,0.01,0.01,0.01,0.01,0.01,0.01,0.01,0.01,0.01,0.01,0.01,0.01,0.01,0.01,0.01,0.01,0.01,0.01,0.01,0.01,0.01,0.01,0.01,0.01,0.01,0.01,0.01,0.01,0.01,0.01,0.01,0.01,0.01,0.01,0.01,0.01,0.01,0.01,0.01,0.01,0.01,0.01,0.01,0.01,0.01,0.01,0.01,0.01,0.01,0.01,0.01,0.01,0.01,0.01,0.01,0.01,0.01,0.01,0.01,0.01,0.01,0.01,0.01,0.01,0.01,0.01,0.01,0.01,0.01,0.01,0.01,0.01,0.01,0.01,0.01,0.01,0.01,0.01,0.01,0.01,0.01,0.01,0.01,0.01,0.01,0.01,0.01,0.01,0.01,0.01,0.01,0.01,0.01,0.01,0.01,0.01,0.01,0.01,0.01,0.01,0.01,0.01,0.01,0.01,0.01,0.01,0.01,0.01,0.01,0.01,0.01,0.01,0.01,0.01,0.01,0.01,0.01,0.01,0.01,0.01,0.01,0.01,0.01,0.01,0.01,0.01,0.01,0.01,0.01,0.01,0.01,0.01,0.01,0.01,0.01,0.01,0.01,0.01,0.01,0.01,0.01,0.01,0.01,0.01,0.01,0.01,0.01,0.01,0.01,0.01,0.01,0.01,0.01,0.01,0.01,0.01,0.01,0.01,0.01,0.01,0.01,0.01,0.01,0.01,0.01,0.01,0.01,0.01,0.01,0.01,0.01,0.01,0.01,0.01,0.01,0.01,0.01,0.01,0.01,0.01,0.01,0.01,0.01,0.01,0.01,0.01,0.01,0.01
vanilla,2,12000,11.157650500535965,11.215400125016458,0.6853076219558716,0.7157037854194641,0,0.1896,0.8104,0.0061,0.0019,0.0028,0.0027,0.0032,0.0027,0.0017,0.002,0.0032,0.0073,0.0037,0.0009,0.001,0.0016,0.001,0.0008,0.0007,0.0011,0.0007,0.0028,0.0032,0.0012,0.0012,0.0008,0.0014,0.0014,0.0015,0.0016,0.0011,0.0029,0.0035,0.0013,0.0015,0.0014,0.0011,0.0007,0.0016,0.0015,0.0013,0.0046,0.0031,0.0004,0.0011,0.0015,0.0009,0.0009,0.0012,0.0009,0.0017,0.0026,0.0032,0.0011,0.0014,0.0013,0.0017,0.0012,0.0014,0.0007,0.001,0.0039,0.0033,0.0007,0.0013,0.0014,0.0008,0.0012,0.0014,0.0014,0.001,0.004,0.0032,0.0011,0.0018,0.0013,0.0011,0.0009,0.0011,0.0008,0.0008,0.0027,0.0031,0.0009,0.0007,0.0006,0.0011,0.0008,0.0007,0.001,0.0013,0.0019,0.0046,0.0032,0.0025,0.0032,0.0024,0.0039,0.0034,0.0035,0.0022,0.0034,0.0,0.0,0.01,0.01,0.01,0.01,0.01,0.01,0.01,0.01,0.01,0.01,0.01,0.01,0.01,0.01,0.01,0.01,0.01,0.01,0.01,0.01,0.01,0.01,0.01,0.01,0.01,0.01,0.01,0.01,0.01,0.01,0.01,0.01,0.01,0.01,0.01,0.01,0.01,0.01,0.01,0.01,0.01,0.01,0.01,0.01,0.01,0.01,0.01,0.01,0.01,0.01,0.01,0.01,0.01,0.01,0.01,0.01,0.01,0.01,0.01,0.01,0.01,0.01,0.01,0.01,0.01,0.01,0.01,0.01,0.01,0.01,0.01,0.01,0.01,0.01,0.01,0.01,0.01,0.01,0.01,0.01,0.01,0.01,0.01,0.01,0.01,0.01,0.01,0.01,0.01,0.01,0.01,0.01,0.01,0.01,0.01,0.01,0.01,0.01,0.01,0.01,0.01,0.01,0.01,0.01,0.01,0.01,0.01,0.01,0.01,0.01,0.01,0.01,0.01,0.01,0.01,0.01,0.01,0.01,0.01,0.01,0.01,0.01,0.01,0.01,0.01,0.01,0.01,0.01,0.01,0.01,0.01,0.01,0.01,0.01,0.01,0.01,0.01,0.01,0.01,0.01,0.01,0.01,0.01,0.01,0.01,0.01,0.01,0.01,0.01,0.01,0.01,0.01,0.01,0.01,0.01,0.01,0.01,0.01,0.01,0.01,0.01,0.01,0.01,0.01,0.01,0.01,0.01,0.01,0.01,0.01,0.01,0.01,0.01,0.01,0.01,0.01,0.01,0.01,0.01,0.01,0.01,0.01,0.01,0.01,0.01,0.01,0.01,0.01,0.01,0.01,0.01,0.01,0.01,0.01,0.01,0.01,0.01,0.01,0.01,0.01
vanilla,2,13000,12.085407878505066,12.147489875089377,0.683807373046875,0.7152075171470642,0,0.18300000000000005,0.817,0.0065,0.0021,0.0021,0.0027,0.0027,0.0027,0.0033,0.0024,0.0032,0.004,0.0026,0.0007,0.0011,0.0008,0.0008,0.0013,0.0003,0.001,0.0007,0.0022,0.003,0.0014,0.0012,0.0014,0.001,0.0014,0.0012,0.0013,0.0017,0.0029,0.0027,0.0013,0.0021,0.001,0.0014,0.0003,0.0013,0.0013,0.001,0.0036,0.0039,0.0011,0.0016,0.0013,0.0015,0.001,0.0012,0.0019,0.0012,0.0021,0.003,0.0008,0.0011,0.0014,0.0009,0.0015,0.0016,0.0008,0.0006,0.0033,0.0031,0.001,0.0027,0.0019,0.0009,0.0012,0.0012,0.0013,0.0014,0.0031,0.0037,0.001,0.0017,0.0015,0.0013,0.0009,0.0015,0.0009,0.0008,0.0028,0.0031,0.0014,0.0013,0.0007,0.0012,0.001,0.0009,0.0007,0.0012,0.0016,0.0054,0.0024,0.0022,0.003,0.0024,0.0029,0.0034,0.0016,0.0013,0.0039,0.0,0.0,0.01,0.01,0.01,0.01,0.01,0.01,0.01,0.01,0.01,0.01,0.01,0.01,0.01,0.01,0.01,0.01,0.01,0.01,0.01,0.01,0.01,0.01,0.01,0.01,0.01,0.01,0.01,0.01,0.01,0.01,0.01,0.01,0.01,0.01,0.01,0.01,0.01,0.01,0.01,0.01,0.01,0.01,0.01,0.01,0.01,0.01,0.01,0.01,0.01,0.01,0.01,0.01,0.01,0.01,0.01,0.01,0.01,0.01,0.01,0.01,0.01,0.01,0.01,0.01,0.01,0.01,0.01,0.01,0.01,0.01,0.01,0.01,0.01,0.01,0.01,0.01,0.01,0.01,0.01,0.01,0.01,0.01,0.01,0.01,0.01,0.01,0.01,0.01,0.01,0.01,0.01,0.01,0.01,0.01,0.01,0.01,0.01,0.01,0.01,0.01,0.01,0.01,0.01,0.01,0.01,0.01,0.01,0.01,0.01,0.01,0.01,0.01,0.01,0.01,0.01,0.01,0.01,0.01,0.01,0.01,0.01,0.01,0.01,0.01,0.01,0.01,0.01,0.01,0.01,0.01,0.01,0.01,0.01,0.01,0.01,0.01,0.01,0.01,0.01,0.01,0.01,0.01,0.01,0.01,0.01,0.01,0.01,0.01,0.01,0.01,0.01,0.01,0.01,0.01,0.01,0.01,0.01,0.01,0.01,0.01,0.01,0.01,0.01,0.01,0.01,0.01,0.01,0.01,0.01,0.01,0.01,0.01,0.01,0.01,0.01,0.01,0.01,0.01,0.01,0.01,0.01,0.01,0.01,0.01,0.01,0.01,0.01,0.01,0.01,0.01,0.01,0.01,0.01,0.01,0.01,0.01,0.01,0.01,0.01,0.01
vanilla,2,14000,13.005175964557566,13.071851125103422,0.6874958872795105,0.7166600823402405,0,0.18059999999999998,0.8194000000000001,0.0057,0.0015,0.0016,0.0025,0.0028,0.0027,0.0018,0.0017,0.0026,0.0055,0.0038,0.0008,0.0012,0.0012,0.0008,0.0006,0.0006,0.002,0.0006,0.0011,0.0038,0.0013,0.0015,0.0012,0.0016,0.0012,0.0008,0.0012,0.0017,0.0022,0.003,0.0013,0.0016,0.0015,0.0009,0.001,0.0013,0.0019,0.0012,0.0029,0.0026,0.0008,0.0017,0.0016,0.0012,0.0011,0.0013,0.0012,0.0016,0.0016,0.0034,0.0011,0.0013,0.0013,0.0012,0.0011,0.0011,0.0004,0.001,0.0023,0.0033,0.0011,0.0013,0.002,0.0014,0.0014,0.0012,0.001,0.0006,0.0026,0.0031,0.0007,0.0013,0.0013,0.001,0.0012,0.0015,0.0008,0.0008,0.002,0.0027,0.0009,0.0011,0.001,0.001,0.001,0.0009,0.0009,0.0008,0.001,0.0062,0.0032,0.0035,0.0036,0.0026,0.004,0.0041,0.0025,0.0018,0.0051,0.0,0.0,0.01,0.01,0.01,0.01,0.01,0.01,0.01,0.01,0.01,0.01,0.01,0.01,0.01,0.01,0.01,0.01,0.01,0.01,0.01,0.01,0.01,0.01,0.01,0.01,0.01,0.01,0.01,0.01,0.01,0.01,0.01,0.01,0.01,0.01,0.01,0.01,0.01,0.01,0.01,0.01,0.01,0.01,0.01,0.01,0.01,0.01,0.01,0.01,0.01,0.01,0.01,0.01,0.01,0.01,0.01,0.01,0.01,0.01,0.01,0.01,0.01,0.01,0.01,0.01,0.01,0.01,0.01,0.01,0.01,0.01,0.01,0.01,0.01,0.01,0.01,0.01,0.01,0.01,0.01,0.01,0.01,0.01,0.01,0.01,0.01,0.01,0.01,0.01,0.01,0.01,0.01,0.01,0.01,0.01,0.01,0.01,0.01,0.01,0.01,0.01,0.01,0.01,0.01,0.01,0.01,0.01,0.01,0.01,0.01,0.01,0.01,0.01,0.01,0.01,0.01,0.01,0.01,0.01,0.01,0.01,0.01,0.01,0.01,0.01,0.01,0.01,0.01,0.01,0.01,0.01,0.01,0.01,0.01,0.01,0.01,0.01,0.01,0.01,0.01,0.01,0.01,0.01,0.01,0.01,0.01,0.01,0.01,0.01,0.01,0.01,0.01,0.01,0.01,0.01,0.01,0.01,0.01,0.01,0.01,0.01,0.01,0.01,0.01,0.01,0.01,0.01,0.01,0.01,0.01,0.01,0.01,0.01,0.01,0.01,0.01,0.01,0.01,0.01,0.01,0.01,0.01,0.01,0.01,0.01,0.01,0.01,0.01,0.01,0.01,0.01,0.01,0.01,0.01,0.01,0.01,0.01,0.01,0.01,0.01,0.01
vanilla,2,15000,13.943968815146945,14.015789667028002,0.6828604936599731,0.7178826928138733,0,0.17599999999999993,0.8240000000000001,0.0064,0.0014,0.0023,0.0027,0.0035,0.0028,0.0027,0.0028,0.0035,0.0056,0.0018,0.0005,0.0011,0.0011,0.0008,0.0007,0.0006,0.0014,0.0009,0.0014,0.0016,0.0018,0.0014,0.0008,0.0018,0.0008,0.0006,0.0006,0.0018,0.003,0.0021,0.0015,0.0011,0.0012,0.0011,0.0006,0.0013,0.0017,0.0011,0.0024,0.0016,0.0009,0.0013,0.0009,0.0013,0.0007,0.0015,0.0009,0.0018,0.0019,0.003,0.0005,0.0008,0.0011,0.0011,0.0009,0.0012,0.001,0.0008,0.0026,0.0026,0.0013,0.0016,0.002,0.0013,0.0013,0.001,0.0016,0.0016,0.0029,0.0018,0.001,0.0013,0.0019,0.0016,0.0015,0.0013,0.0013,0.0008,0.0034,0.0016,0.0006,0.001,0.0012,0.0007,0.0008,0.0011,0.0003,0.0011,0.002,0.005,0.0025,0.0028,0.0033,0.0028,0.0042,0.0039,0.0028,0.0023,0.0048,0.0,0.0,0.01,0.01,0.01,0.01,0.01,0.01,0.01,0.01,0.01,0.01,0.01,0.01,0.01,0.01,0.01,0.01,0.01,0.01,0.01,0.01,0.01,0.01,0.01,0.01,0.01,0.01,0.01,0.01,0.01,0.01,0.01,0.01,0.01,0.01,0.01,0.01,0.01,0.01,0.01,0.01,0.01,0.01,0.01,0.01,0.01,0.01,0.01,0.01,0.01,0.01,0.01,0.01,0.01,0.01,0.01,0.01,0.01,0.01,0.01,0.01,0.01,0.01,0.01,0.01,0.01,0.01,0.01,0.01,0.01,0.01,0.01,0.01,0.01,0.01,0.01,0.01,0.01,0.01,0.01,0.01,0.01,0.01,0.01,0.01,0.01,0.01,0.01,0.01,0.01,0.01,0.01,0.01,0.01,0.01,0.01,0.01,0.01,0.01,0.01,0.01,0.01,0.01,0.01,0.01,0.01,0.01,0.01,0.01,0.01,0.01,0.01,0.01,0.01,0.01,0.01,0.01,0.01,0.01,0.01,0.01,0.01,0.01,0.01,0.01,0.01,0.01,0.01,0.01,0.01,0.01,0.01,0.01,0.01,0.01,0.01,0.01,0.01,0.01,0.01,0.01,0.01,0.01,0.01,0.01,0.01,0.01,0.01,0.01,0.01,0.01,0.01,0.01,0.01,0.01,0.01,0.01,0.01,0.01,0.01,0.01,0.01,0.01,0.01,0.01,0.01,0.01,0.01,0.01,0.01,0.01,0.01,0.01,0.01,0.01,0.01,0.01,0.01,0.01,0.01,0.01,0.01,0.01,0.01,0.01,0.01,0.01,0.01,0.01,0.01,0.01,0.01,0.01,0.01,0.01,0.01,0.01,0.01,0.01,0.01,0.01
vanilla,2,16000,14.869239480583929,14.94620658410713,0.6829044818878174,0.7238720655441284,0,0.1864,0.8136000000000001,0.0049,0.0021,0.0025,0.0036,0.0033,0.0029,0.0033,0.0029,0.003,0.0061,0.003,0.0008,0.0011,0.0008,0.001,0.0007,0.0008,0.0015,0.0008,0.0011,0.0032,0.0015,0.0008,0.0009,0.0014,0.0014,0.0007,0.0013,0.0014,0.0027,0.003,0.0009,0.0011,0.0013,0.0009,0.0007,0.0017,0.001,0.0012,0.003,0.0029,0.0007,0.001,0.0013,0.0015,0.0013,0.0009,0.0009,0.0015,0.0019,0.003,0.001,0.0015,0.0014,0.0013,0.0013,0.0005,0.0008,0.0008,0.0027,0.0032,0.0014,0.0018,0.0022,0.0011,0.0013,0.0011,0.0015,0.0006,0.0025,0.0035,0.001,0.002,0.0015,0.0011,0.0006,0.0017,0.0006,0.0009,0.003,0.0027,0.0013,0.0013,0.0007,0.0013,0.0011,0.0013,0.0009,0.0011,0.0018,0.0073,0.0032,0.0029,0.003,0.0035,0.0037,0.0038,0.0017,0.0008,0.0059,0.0,0.0,0.01,0.01,0.01,0.01,0.01,0.01,0.01,0.01,0.01,0.01,0.01,0.01,0.01,0.01,0.01,0.01,0.01,0.01,0.01,0.01,0.01,0.01,0.01,0.01,0.01,0.01,0.01,0.01,0.01,0.01,0.01,0.01,0.01,0.01,0.01,0.01,0.01,0.01,0.01,0.01,0.01,0.01,0.01,0.01,0.01,0.01,0.01,0.01,0.01,0.01,0.01,0.01,0.01,0.01,0.01,0.01,0.01,0.01,0.01,0.01,0.01,0.01,0.01,0.01,0.01,0.01,0.01,0.01,0.01,0.01,0.01,0.01,0.01,0.01,0.01,0.01,0.01,0.01,0.01,0.01,0.01,0.01,0.01,0.01,0.01,0.01,0.01,0.01,0.01,0.01,0.01,0.01,0.01,0.01,0.01,0.01,0.01,0.01,0.01,0.01,0.01,0.01,0.01,0.01,0.01,0.01,0.01,0.01,0.01,0.01,0.01,0.01,0.01,0.01,0.01,0.01,0.01,0.01,0.01,0.01,0.01,0.01,0.01,0.01,0.01,0.01,0.01,0.01,0.01,0.01,0.01,0.01,0.01,0.01,0.01,0.01,0.01,0.01,0.01,0.01,0.01,0.01,0.01,0.01,0.01,0.01,0.01,0.01,0.01,0.01,0.01,0.01,0.01,0.01,0.01,0.01,0.01,0.01,0.01,0.01,0.01,0.01,0.01,0.01,0.01,0.01,0.01,0.01,0.01,0.01,0.01,0.01,0.01,0.01,0.01,0.01,0.01,0.01,0.01,0.01,0.01,0.01,0.01,0.01,0.01,0.01,0.01,0.01,0.01,0.01,0.01,0.01,0.01,0.01,0.01,0.01,0.01,0.01,0.01,0.01
vanilla,2,17000,15.788730077561922,15.870662875007838,0.6821660995483398,0.6990612745285034,0,0.17870000000000008,0.8212999999999999,0.0041,0.0022,0.0025,0.0036,0.0017,0.0029,0.0027,0.0027,0.0036,0.0014,0.0034,0.0005,0.0013,0.0008,0.0008,0.0006,0.0006,0.0011,0.001,0.0017,0.0027,0.001,0.0008,0.0013,0.0009,0.0009,0.0011,0.0009,0.0013,0.002,0.0033,0.0012,0.0015,0.0016,0.0009,0.0013,0.0016,0.0016,0.0009,0.0016,0.003,0.0009,0.0018,0.0014,0.0014,0.0015,0.001,0.0008,0.0015,0.0017,0.0033,0.0013,0.0018,0.0015,0.001,0.0015,0.0014,0.0016,0.001,0.002,0.0033,0.0014,0.0017,0.0015,0.0019,0.001,0.0018,0.001,0.0011,0.0016,0.004,0.0015,0.0012,0.0017,0.0011,0.0007,0.0011,0.0015,0.0011,0.0028,0.0029,0.0011,0.0021,0.0012,0.0012,0.001,0.0008,0.0009,0.0015,0.0014,0.0072,0.0022,0.0028,0.0032,0.0026,0.0035,0.0034,0.0021,0.0018,0.0038,0.0,0.0,0.01,0.01,0.01,0.01,0.01,0.01,0.01,0.01,0.01,0.01,0.01,0.01,0.01,0.01,0.01,0.01,0.01,0.01,0.01,0.01,0.01,0.01,0.01,0.01,0.01,0.01,0.01,0.01,0.01,0.01,0.01,0.01,0.01,0.01,0.01,0.01,0.01,0.01,0.01,0.01,0.01,0.01,0.01,0.01,0.01,0.01,0.01,0.01,0.01,0.01,0.01,0.01,0.01,0.01,0.01,0.01,0.01,0.01,0.01,0.01,0.01,0.01,0.01,0.01,0.01,0.01,0.01,0.01,0.01,0.01,0.01,0.01,0.01,0.01,0.01,0.01,0.01,0.01,0.01,0.01,0.01,0.01,0.01,0.01,0.01,0.01,0.01,0.01,0.01,0.01,0.01,0.01,0.01,0.01,0.01,0.01,0.01,0.01,0.01,0.01,0.01,0.01,0.01,0.01,0.01,0.01,0.01,0.01,0.01,0.01,0.01,0.01,0.01,0.01,0.01,0.01,0.01,0.01,0.01,0.01,0.01,0.01,0.01,0.01,0.01,0.01,0.01,0.01,0.01,0.01,0.01,0.01,0.01,0.01,0.01,0.01,0.01,0.01,0.01,0.01,0.01,0.01,0.01,0.01,0.01,0.01,0.01,0.01,0.01,0.01,0.01,0.01,0.01,0.01,0.01,0.01,0.01,0.01,0.01,0.01,0.01,0.01,0.01,0.01,0.01,0.01,0.01,0.01,0.01,0.01,0.01,0.01,0.01,0.01,0.01,0.01,0.01,0.01,0.01,0.01,0.01,0.01,0.01,0.01,0.01,0.01,0.01,0.01,0.01,0.01,0.01,0.01,0.01,0.01,0.01,0.01,0.01,0.01,0.01,0.01
vanilla,2,18000,16.687401075847447,16.774254834046587,0.6824343800544739,0.7164839506149292,0,0.1854,0.8146,0.0038,0.0019,0.0018,0.0032,0.0018,0.0024,0.0021,0.0028,0.0024,0.0045,0.0036,0.0006,0.0018,0.0012,0.0009,0.0008,0.0004,0.001,0.0011,0.0019,0.004,0.0011,0.001,0.0012,0.0012,0.0004,0.0013,0.001,0.0014,0.0026,0.003,0.001,0.0015,0.0014,0.0014,0.0012,0.0014,0.0014,0.0013,0.0031,0.0032,0.0011,0.0013,0.0014,0.0016,0.0012,0.0008,0.0007,0.001,0.0023,0.0032,0.0012,0.0019,0.0019,0.0007,0.0015,0.0012,0.0007,0.0007,0.0023,0.0025,0.0013,0.001,0.0009,0.0013,0.0014,0.0014,0.0014,0.0015,0.0033,0.0043,0.001,0.0016,0.0022,0.0011,0.0008,0.0008,0.0008,0.0015,0.0031,0.0033,0.0009,0.0015,0.001,0.0012,0.0009,0.0008,0.0008,0.0011,0.0016,0.008,0.0032,0.0027,0.0039,0.0026,0.0034,0.0037,0.0021,0.0015,0.0062,0.0,0.0,0.01,0.01,0.01,0.01,0.01,0.01,0.01,0.01,0.01,0.01,0.01,0.01,0.01,0.01,0.01,0.01,0.01,0.01,0.01,0.01,0.01,0.01,0.01,0.01,0.01,0.01,0.01,0.01,0.01,0.01,0.01,0.01,0.01,0.01,0.01,0.01,0.01,0.01,0.01,0.01,0.01,0.01,0.01,0.01,0.01,0.01,0.01,0.01,0.01,0.01,0.01,0.01,0.01,0.01,0.01,0.01,0.01,0.01,0.01,0.01,0.01,0.01,0.01,0.01,0.01,0.01,0.01,0.01,0.01,0.01,0.01,0.01,0.01,0.01,0.01,0.01,0.01,0.01,0.01,0.01,0.01,0.01,0.01,0.01,0.01,0.01,0.01,0.01,0.01,0.01,0.01,0.01,0.01,0.01,0.01,0.01,0.01,0.01,0.01,0.01,0.01,0.01,0.01,0.01,0.01,0.01,0.01,0.01,0.01,0.01,0.01,0.01,0.01,0.01,0.01,0.01,0.01,0.01,0.01,0.01,0.01,0.01,0.01,0.01,0.01,0.01,0.01,0.01,0.01,0.01,0.01,0.01,0.01,0.01,0.01,0.01,0.01,0.01,0.01,0.01,0.01,0.01,0.01,0.01,0.01,0.01,0.01,0.01,0.01,0.01,0.01,0.01,0.01,0.01,0.01,0.01,0.01,0.01,0.01,0.01,0.01,0.01,0.01,0.01,0.01,0.01,0.01,0.01,0.01,0.01,0.01,0.01,0.01,0.01,0.01,0.01,0.01,0.01,0.01,0.01,0.01,0.01,0.01,0.01,0.01,0.01,0.01,0.01,0.01,0.01,0.01,0.01,0.01,0.01,0.01,0.01,0.01,0.01,0.01,0.01
vanilla,2,19000,17.61753444839269,17.709356042090803,0.6763608455657959,0.7275300025939941,0,0.1976,0.8024,0.0058,0.0015,0.002,0.0033,0.0028,0.0023,0.0023,0.0022,0.0022,0.0071,0.0031,0.0007,0.0012,0.0011,0.0012,0.0008,0.0012,0.0012,0.0009,0.0019,0.0028,0.0006,0.0015,0.0004,0.0017,0.0012,0.0012,0.0017,0.0008,0.0034,0.0036,0.0014,0.0018,0.0013,0.0009,0.0013,0.0017,0.0013,0.0021,0.004,0.0024,0.0008,0.0016,0.0013,0.0013,0.0007,0.0008,0.002,0.0014,0.0027,0.0042,0.0008,0.0017,0.001,0.0013,0.0009,0.0009,0.001,0.001,0.0038,0.0032,0.0015,0.0014,0.0014,0.0006,0.0013,0.0014,0.0018,0.001,0.0036,0.0035,0.0011,0.0014,0.0013,0.0015,0.0017,0.0013,0.0014,0.001,0.0033,0.0024,0.001,0.001,0.0016,0.0009,0.0007,0.0009,0.0009,0.0011,0.0017,0.0071,0.0035,0.0036,0.0037,0.003,0.0039,0.0039,0.0033,0.0027,0.0049,0.0,0.0,0.01,0.01,0.01,0.01,0.01,0.01,0.01,0.01,0.01,0.01,0.01,0.01,0.01,0.01,0.01,0.01,0.01,0.01,0.01,0.01,0.01,0.01,0.01,0.01,0.01,0.01,0.01,0.01,0.01,0.01,0.01,0.01,0.01,0.01,0.01,0.01,0.01,0.01,0.01,0.01,0.01,0.01,0.01,0.01,0.01,0.01,0.01,0.01,0.01,0.01,0.01,0.01,0.01,0.01,0.01,0.01,0.01,0.01,0.01,0.01,0.01,0.01,0.01,0.01,0.01,0.01,0.01,0.01,0.01,0.01,0.01,0.01,0.01,0.01,0.01,0.01,0.01,0.01,0.01,0.01,0.01,0.01,0.01,0.01,0.01,0.01,0.01,0.01,0.01,0.01,0.01,0.01,0.01,0.01,0.01,0.01,0.01,0.01,0.01,0.01,0.01,0.01,0.01,0.01,0.01,0.01,0.01,0.01,0.01,0.01,0.01,0.01,0.01,0.01,0.01,0.01,0.01,0.01,0.01,0.01,0.01,0.01,0.01,0.01,0.01,0.01,0.01,0.01,0.01,0.01,0.01,0.01,0.01,0.01,0.01,0.01,0.01,0.01,0.01,0.01,0.01,0.01,0.01,0.01,0.01,0.01,0.01,0.01,0.01,0.01,0.01,0.01,0.01,0.01,0.01,0.01,0.01,0.01,0.01,0.01,0.01,0.01,0.01,0.01,0.01,0.01,0.01,0.01,0.01,0.01,0.01,0.01,0.01,0.01,0.01,0.01,0.01,0.01,0.01,0.01,0.01,0.01,0.01,0.01,0.01,0.01,0.01,0.01,0.01,0.01,0.01,0.01,0.01,0.01,0.01,0.01,0.01,0.01,0.01,0.01
vanilla,2,20000,18.545726192183793,18.643319750088267,0.6857544183731079,0.738105058670044,0,0.18259999999999998,0.8174000000000001,0.0023,0.0013,0.0027,0.0029,0.0027,0.0033,0.0025,0.0024,0.0029,0.0063,0.0017,0.0009,0.0012,0.0011,0.0007,0.0006,0.0005,0.0008,0.001,0.0026,0.0026,0.0014,0.0011,0.0007,0.001,0.0013,0.001,0.0017,0.002,0.0021,0.002,0.001,0.0011,0.0019,0.0014,0.0008,0.0017,0.0016,0.0013,0.0034,0.0021,0.0003,0.0012,0.0018,0.0008,0.0012,0.001,0.001,0.0017,0.0021,0.0016,0.0013,0.0011,0.0017,0.0014,0.0015,0.0006,0.0018,0.0014,0.0017,0.0022,0.0011,0.0015,0.0015,0.0011,0.0008,0.0015,0.0016,0.0011,0.0038,0.0035,0.0014,0.0011,0.0021,0.0012,0.0016,0.0009,0.001,0.001,0.0036,0.0021,0.0014,0.0019,0.0011,0.0006,0.0012,0.0015,0.0009,0.0009,0.002,0.0074,0.0028,0.0034,0.0043,0.0028,0.0033,0.0032,0.002,0.0012,0.0062,0.0,0.0,0.01,0.01,0.01,0.01,0.01,0.01,0.01,0.01,0.01,0.01,0.01,0.01,0.01,0.01,0.01,0.01,0.01,0.01,0.01,0.01,0.01,0.01,0.01,0.01,0.01,0.01,0.01,0.01,0.01,0.01,0.01,0.01,0.01,0.01,0.01,0.01,0.01,0.01,0.01,0.01,0.01,0.01,0.01,0.01,0.01,0.01,0.01,0.01,0.01,0.01,0.01,0.01,0.01,0.01,0.01,0.01,0.01,0.01,0.01,0.01,0.01,0.01,0.01,0.01,0.01,0.01,0.01,0.01,0.01,0.01,0.01,0.01,0.01,0.01,0.01,0.01,0.01,0.01,0.01,0.01,0.01,0.01,0.01,0.01,0.01,0.01,0.01,0.01,0.01,0.01,0.01,0.01,0.01,0.01,0.01,0.01,0.01,0.01,0.01,0.01,0.01,0.01,0.01,0.01,0.01,0.01,0.01,0.01,0.01,0.01,0.01,0.01,0.01,0.01,0.01,0.01,0.01,0.01,0.01,0.01,0.01,0.01,0.01,0.01,0.01,0.01,0.01,0.01,0.01,0.01,0.01,0.01,0.01,0.01,0.01,0.01,0.01,0.01,0.01,0.01,0.01,0.01,0.01,0.01,0.01,0.01,0.01,0.01,0.01,0.01,0.01,0.01,0.01,0.01,0.01,0.01,0.01,0.01,0.01,0.01,0.01,0.01,0.01,0.01,0.01,0.01,0.01,0.01,0.01,0.01,0.01,0.01,0.01,0.01,0.01,0.01,0.01,0.01,0.01,0.01,0.01,0.01,0.01,0.01,0.01,0.01,0.01,0.01,0.01,0.01,0.01,0.01,0.01,0.01,0.01,0.01,0.01,0.01,0.01,0.01
vanilla,2,21000,19.47064870374743,19.57320745906327,0.672817587852478,0.7231982946395874,0,0.20889999999999997,0.7911,0.0085,0.0028,0.0029,0.0038,0.0031,0.0038,0.0022,0.0033,0.0038,0.0067,0.0034,0.0009,0.0014,0.0011,0.0009,0.0008,0.0006,0.0016,0.0009,0.002,0.0036,0.0006,0.0019,0.0009,0.001,0.0012,0.0015,0.0014,0.0009,0.003,0.0037,0.0016,0.0012,0.0014,0.0013,0.0015,0.0012,0.0019,0.0017,0.0033,0.003,0.0007,0.0017,0.0024,0.0013,0.0012,0.0009,0.0007,0.0014,0.0019,0.0028,0.0016,0.001,0.001,0.0012,0.0017,0.0012,0.0016,0.0011,0.0026,0.0037,0.0012,0.002,0.0012,0.0012,0.001,0.0012,0.0015,0.0012,0.0035,0.0038,0.0014,0.0014,0.0019,0.0011,0.0012,0.0013,0.0015,0.0011,0.0022,0.0023,0.0011,0.0011,0.001,0.0012,0.0007,0.001,0.0014,0.0013,0.0019,0.0072,0.0029,0.0032,0.004,0.0021,0.0039,0.0044,0.0031,0.003,0.0072,0.0,0.0,0.01,0.01,0.01,0.01,0.01,0.01,0.01,0.01,0.01,0.01,0.01,0.01,0.01,0.01,0.01,0.01,0.01,0.01,0.01,0.01,0.01,0.01,0.01,0.01,0.01,0.01,0.01,0.01,0.01,0.01,0.01,0.01,0.01,0.01,0.01,0.01,0.01,0.01,0.01,0.01,0.01,0.01,0.01,0.01,0.01,0.01,0.01,0.01,0.01,0.01,0.01,0.01,0.01,0.01,0.01,0.01,0.01,0.01,0.01,0.01,0.01,0.01,0.01,0.01,0.01,0.01,0.01,0.01,0.01,0.01,0.01,0.01,0.01,0.01,0.01,0.01,0.01,0.01,0.01,0.01,0.01,0.01,0.01,0.01,0.01,0.01,0.01,0.01,0.01,0.01,0.01,0.01,0.01,0.01,0.01,0.01,0.01,0.01,0.01,0.01,0.01,0.01,0.01,0.01,0.01,0.01,0.01,0.01,0.01,0.01,0.01,0.01,0.01,0.01,0.01,0.01,0.01,0.01,0.01,0.01,0.01,0.01,0.01,0.01,0.01,0.01,0.01,0.01,0.01,0.01,0.01,0.01,0.01,0.01,0.01,0.01,0.01,0.01,0.01,0.01,0.01,0.01,0.01,0.01,0.01,0.01,0.01,0.01,0.01,0.01,0.01,0.01,0.01,0.01,0.01,0.01,0.01,0.01,0.01,0.01,0.01,0.01,0.01,0.01,0.01,0.01,0.01,0.01,0.01,0.01,0.01,0.01,0.01,0.01,0.01,0.01,0.01,0.01,0.01,0.01,0.01,0.01,0.01,0.01,0.01,0.01,0.01,0.01,0.01,0.01,0.01,0.01,0.01,0.01,0.01,0.01,0.01,0.01,0.01,0.01
vanilla,2,22000,20.387695000739768,20.495614875108004,0.6711503863334656,0.7264115214347839,0,0.20779999999999998,0.7922,0.0086,0.0033,0.0034,0.0042,0.0028,0.0034,0.0033,0.0034,0.0032,0.0068,0.0039,0.0007,0.0013,0.0017,0.0012,0.0007,0.0007,0.0015,0.0008,0.0015,0.0036,0.0009,0.0014,0.0013,0.0009,0.0011,0.0013,0.001,0.001,0.0034,0.0046,0.0018,0.0016,0.0014,0.0013,0.0015,0.0009,0.0008,0.0011,0.0035,0.0042,0.0008,0.0009,0.0018,0.0012,0.0015,0.0009,0.0015,0.0008,0.0019,0.0038,0.001,0.0017,0.0015,0.0016,0.001,0.0008,0.0012,0.0012,0.003,0.0042,0.0007,0.0013,0.001,0.0014,0.0013,0.002,0.0011,0.0007,0.0034,0.0044,0.0012,0.0015,0.0012,0.0012,0.0011,0.0016,0.0014,0.0011,0.0021,0.0028,0.0007,0.0017,0.0006,0.0011,0.0007,0.001,0.001,0.0014,0.0026,0.0084,0.0023,0.0023,0.0032,0.0031,0.0033,0.0041,0.0024,0.0033,0.0048,0.0,0.0,0.01,0.01,0.01,0.01,0.01,0.01,0.01,0.01,0.01,0.01,0.01,0.01,0.01,0.01,0.01,0.01,0.01,0.01,0.01,0.01,0.01,0.01,0.01,0.01,0.01,0.01,0.01,0.01,0.01,0.01,0.01,0.01,0.01,0.01,0.01,0.01,0.01,0.01,0.01,0.01,0.01,0.01,0.01,0.01,0.01,0.01,0.01,0.01,0.01,0.01,0.01,0.01,0.01,0.01,0.01,0.01,0.01,0.01,0.01,0.01,0.01,0.01,0.01,0.01,0.01,0.01,0.01,0.01,0.01,0.01,0.01,0.01,0.01,0.01,0.01,0.01,0.01,0.01,0.01,0.01,0.01,0.01,0.01,0.01,0.01,0.01,0.01,0.01,0.01,0.01,0.01,0.01,0.01,0.01,0.01,0.01,0.01,0.01,0.01,0.01,0.01,0.01,0.01,0.01,0.01,0.01,0.01,0.01,0.01,0.01,0.01,0.01,0.01,0.01,0.01,0.01,0.01,0.01,0.01,0.01,0.01,0.01,0.01,0.01,0.01,0.01,0.01,0.01,0.01,0.01,0.01,0.01,0.01,0.01,0.01,0.01,0.01,0.01,0.01,0.01,0.01,0.01,0.01,0.01,0.01,0.01,0.01,0.01,0.01,0.01,0.01,0.01,0.01,0.01,0.01,0.01,0.01,0.01,0.01,0.01,0.01,0.01,0.01,0.01,0.01,0.01,0.01,0.01,0.01,0.01,0.01,0.01,0.01,0.01,0.01,0.01,0.01,0.01,0.01,0.01,0.01,0.01,0.01,0.01,0.01,0.01,0.01,0.01,0.01,0.01,0.01,0.01,0.01,0.01,0.01,0.01,0.01,0.01,0.01,0.01
vanilla,2,23000,21.32402570080012,21.43755658401642,0.6661695241928101,0.7399415969848633,0,0.2149000000000001,0.7850999999999999,0.007,0.0022,0.0033,0.0029,0.0037,0.0032,0.0024,0.003,0.0037,0.0071,0.0033,0.0006,0.0012,0.0016,0.0009,0.0008,0.0004,0.0006,0.0008,0.0027,0.0036,0.0008,0.0009,0.0014,0.0012,0.0017,0.0015,0.0013,0.0025,0.0032,0.0045,0.0012,0.0012,0.001,0.0016,0.0016,0.0013,0.0013,0.0015,0.0039,0.0033,0.0004,0.0012,0.0014,0.0008,0.0011,0.0011,0.0016,0.002,0.0023,0.0028,0.0008,0.0013,0.0014,0.0011,0.0009,0.001,0.0015,0.0009,0.0026,0.0034,0.0017,0.0012,0.0016,0.0015,0.0007,0.0018,0.0009,0.0011,0.003,0.0043,0.0013,0.0016,0.0016,0.002,0.0018,0.0014,0.0014,0.0011,0.0039,0.0033,0.0012,0.0018,0.0012,0.0013,0.0005,0.0012,0.0009,0.0012,0.0029,0.0097,0.0036,0.0028,0.0042,0.003,0.0034,0.0044,0.0031,0.0023,0.0075,0.0,0.0,0.01,0.01,0.01,0.01,0.01,0.01,0.01,0.01,0.01,0.01,0.01,0.01,0.01,0.01,0.01,0.01,0.01,0.01,0.01,0.01,0.01,0.01,0.01,0.01,0.01,0.01,0.01,0.01,0.01,0.01,0.01,0.01,0.01,0.01,0.01,0.01,0.01,0.01,0.01,0.01,0.01,0.01,0.01,0.01,0.01,0.01,0.01,0.01,0.01,0.01,0.01,0.01,0.01,0.01,0.01,0.01,0.01,0.01,0.01,0.01,0.01,0.01,0.01,0.01,0.01,0.01,0.01,0.01,0.01,0.01,0.01,0.01,0.01,0.01,0.01,0.01,0.01,0.01,0.01,0.01,0.01,0.01,0.01,0.01,0.01,0.01,0.01,0.01,0.01,0.01,0.01,0.01,0.01,0.01,0.01,0.01,0.01,0.01,0.01,0.01,0.01,0.01,0.01,0.01,0.01,0.01,0.01,0.01,0.01,0.01,0.01,0.01,0.01,0.01,0.01,0.01,0.01,0.01,0.01,0.01,0.01,0.01,0.01,0.01,0.01,0.01,0.01,0.01,0.01,0.01,0.01,0.01,0.01,0.01,0.01,0.01,0.01,0.01,0.01,0.01,0.01,0.01,0.01,0.01,0.01,0.01,0.01,0.01,0.01,0.01,0.01,0.01,0.01,0.01,0.01,0.01,0.01,0.01,0.01,0.01,0.01,0.01,0.01,0.01,0.01,0.01,0.01,0.01,0.01,0.01,0.01,0.01,0.01,0.01,0.01,0.01,0.01,0.01,0.01,0.01,0.01,0.01,0.01,0.01,0.01,0.01,0.01,0.01,0.01,0.01,0.01,0.01,0.01,0.01,0.01,0.01,0.01,0.01,0.01,0.01
vanilla,2,24000,22.250139313051477,22.368878042092547,0.6582908630371094,0.7420828342437744,0,0.1865,0.8134999999999999,0.0056,0.002,0.0018,0.0027,0.0025,0.0029,0.0025,0.0029,0.0033,0.0052,0.0029,0.0012,0.0011,0.0016,0.0011,0.0007,0.0012,0.0018,0.0006,0.0023,0.0028,0.001,0.0022,0.0012,0.0011,0.0008,0.0011,0.0014,0.0015,0.0034,0.0026,0.0013,0.0014,0.0014,0.0007,0.0013,0.0014,0.0016,0.0004,0.0034,0.0027,0.0012,0.0014,0.0014,0.0018,0.0015,0.0006,0.0016,0.001,0.0017,0.0034,0.0013,0.0015,0.0015,0.0015,0.0013,0.0011,0.0009,0.0013,0.0022,0.0038,0.0009,0.001,0.0014,0.001,0.0009,0.0016,0.0011,0.0012,0.0025,0.0044,0.0015,0.0016,0.0014,0.0014,0.0012,0.002,0.0011,0.0013,0.0021,0.0024,0.0007,0.0015,0.0013,0.0011,0.0004,0.0008,0.0007,0.0009,0.0018,0.0052,0.0028,0.0022,0.0034,0.0026,0.0029,0.0034,0.0025,0.0023,0.0054,0.0,0.0,0.01,0.01,0.01,0.01,0.01,0.01,0.01,0.01,0.01,0.01,0.01,0.01,0.01,0.01,0.01,0.01,0.01,0.01,0.01,0.01,0.01,0.01,0.01,0.01,0.01,0.01,0.01,0.01,0.01,0.01,0.01,0.01,0.01,0.01,0.01,0.01,0.01,0.01,0.01,0.01,0.01,0.01,0.01,0.01,0.01,0.01,0.01,0.01,0.01,0.01,0.01,0.01,0.01,0.01,0.01,0.01,0.01,0.01,0.01,0.01,0.01,0.01,0.01,0.01,0.01,0.01,0.01,0.01,0.01,0.01,0.01,0.01,0.01,0.01,0.01,0.01,0.01,0.01,0.01,0.01,0.01,0.01,0.01,0.01,0.01,0.01,0.01,0.01,0.01,0.01,0.01,0.01,0.01,0.01,0.01,0.01,0.01,0.01,0.01,0.01,0.01,0.01,0.01,0.01,0.01,0.01,0.01,0.01,0.01,0.01,0.01,0.01,0.01,0.01,0.01,0.01,0.01,0.01,0.01,0.01,0.01,0.01,0.01,0.01,0.01,0.01,0.01,0.01,0.01,0.01,0.01,0.01,0.01,0.01,0.01,0.01,0.01,0.01,0.01,0.01,0.01,0.01,0.01,0.01,0.01,0.01,0.01,0.01,0.01,0.01,0.01,0.01,0.01,0.01,0.01,0.01,0.01,0.01,0.01,0.01,0.01,0.01,0.01,0.01,0.01,0.01,0.01,0.01,0.01,0.01,0.01,0.01,0.01,0.01,0.01,0.01,0.01,0.01,0.01,0.01,0.01,0.01,0.01,0.01,0.01,0.01,0.01,0.01,0.01,0.01,0.01,0.01,0.01,0.01,0.01,0.01,0.01,0.01,0.01,0.01
vanilla,2,25000,23.1641916554654,23.28794516704511,0.659134030342102,0.7602864503860474,0,0.19699999999999995,0.8029999999999999,0.0057,0.0016,0.0037,0.0038,0.0039,0.003,0.0026,0.0029,0.0035,0.0054,0.0027,0.0007,0.0006,0.0016,0.0009,0.0006,0.0009,0.0007,0.001,0.001,0.0035,0.0014,0.0021,0.0012,0.0015,0.0012,0.0015,0.0013,0.0016,0.0016,0.0032,0.001,0.0016,0.0019,0.0013,0.0013,0.0011,0.0011,0.0013,0.0017,0.002,0.0006,0.0011,0.0012,0.0015,0.0011,0.0011,0.0009,0.0012,0.0016,0.0031,0.0008,0.0021,0.001,0.0011,0.0012,0.001,0.0009,0.0014,0.0023,0.0032,0.0009,0.0016,0.0012,0.0012,0.001,0.0006,0.0012,0.0013,0.0022,0.0039,0.0014,0.0018,0.0018,0.0015,0.0016,0.0014,0.002,0.0012,0.0022,0.0028,0.0011,0.0024,0.0011,0.0007,0.0008,0.0008,0.0011,0.001,0.0018,0.0089,0.0036,0.0037,0.0043,0.0029,0.0032,0.0042,0.0043,0.0033,0.0054,0.0,0.0,0.01,0.01,0.01,0.01,0.01,0.01,0.01,0.01,0.01,0.01,0.01,0.01,0.01,0.01,0.01,0.01,0.01,0.01,0.01,0.01,0.01,0.01,0.01,0.01,0.01,0.01,0.01,0.01,0.01,0.01,0.01,0.01,0.01,0.01,0.01,0.01,0.01,0.01,0.01,0.01,0.01,0.01,0.01,0.01,0.01,0.01,0.01,0.01,0.01,0.01,0.01,0.01,0.01,0.01,0.01,0.01,0.01,0.01,0.01,0.01,0.01,0.01,0.01,0.01,0.01,0.01,0.01,0.01,0.01,0.01,0.01,0.01,0.01,0.01,0.01,0.01,0.01,0.01,0.01,0.01,0.01,0.01,0.01,0.01,0.01,0.01,0.01,0.01,0.01,0.01,0.01,0.01,0.01,0.01,0.01,0.01,0.01,0.01,0.01,0.01,0.01,0.01,0.01,0.01,0.01,0.01,0.01,0.01,0.01,0.01,0.01,0.01,0.01,0.01,0.01,0.01,0.01,0.01,0.01,0.01,0.01,0.01,0.01,0.01,0.01,0.01,0.01,0.01,0.01,0.01,0.01,0.01,0.01,0.01,0.01,0.01,0.01,0.01,0.01,0.01,0.01,0.01,0.01,0.01,0.01,0.01,0.01,0.01,0.01,0.01,0.01,0.01,0.01,0.01,0.01,0.01,0.01,0.01,0.01,0.01,0.01,0.01,0.01,0.01,0.01,0.01,0.01,0.01,0.01,0.01,0.01,0.01,0.01,0.01,0.01,0.01,0.01,0.01,0.01,0.01,0.01,0.01,0.01,0.01,0.01,0.01,0.01,0.01,0.01,0.01,0.01,0.01,0.01,0.01,0.01,0.01,0.01,0.01,0.01,0.01
vanilla,2,26000,24.105720410938375,24.234598667011596,0.6674883365631104,0.7346302270889282,0,0.21219999999999994,0.7878000000000001,0.0084,0.0029,0.0036,0.0034,0.0034,0.0036,0.003,0.0031,0.0044,0.0049,0.0032,0.0011,0.0017,0.0016,0.0007,0.0012,0.0006,0.0013,0.0011,0.0029,0.0034,0.0007,0.0015,0.0013,0.0013,0.0013,0.001,0.001,0.0016,0.003,0.0046,0.0015,0.0019,0.0011,0.0008,0.0008,0.0011,0.0017,0.0016,0.0036,0.0026,0.0009,0.0009,0.0012,0.001,0.0011,0.0006,0.0011,0.0013,0.0025,0.0033,0.0008,0.0016,0.001,0.0013,0.0015,0.0012,0.0007,0.001,0.0024,0.0038,0.0013,0.0012,0.001,0.001,0.001,0.0006,0.0007,0.0008,0.0026,0.0039,0.0011,0.0017,0.002,0.0013,0.0014,0.0014,0.0015,0.0012,0.0037,0.0027,0.0012,0.0024,0.0012,0.0009,0.0006,0.0004,0.0008,0.0013,0.0025,0.009,0.0035,0.0034,0.0042,0.0029,0.0027,0.0053,0.0034,0.004,0.0077,0.0,0.0,0.01,0.01,0.01,0.01,0.01,0.01,0.01,0.01,0.01,0.01,0.01,0.01,0.01,0.01,0.01,0.01,0.01,0.01,0.01,0.01,0.01,0.01,0.01,0.01,0.01,0.01,0.01,0.01,0.01,0.01,0.01,0.01,0.01,0.01,0.01,0.01,0.01,0.01,0.01,0.01,0.01,0.01,0.01,0.01,0.01,0.01,0.01,0.01,0.01,0.01,0.01,0.01,0.01,0.01,0.01,0.01,0.01,0.01,0.01,0.01,0.01,0.01,0.01,0.01,0.01,0.01,0.01,0.01,0.01,0.01,0.01,0.01,0.01,0.01,0.01,0.01,0.01,0.01,0.01,0.01,0.01,0.01,0.01,0.01,0.01,0.01,0.01,0.01,0.01,0.01,0.01,0.01,0.01,0.01,0.01,0.01,0.01,0.01,0.01,0.01,0.01,0.01,0.01,0.01,0.01,0.01,0.01,0.01,0.01,0.01,0.01,0.01,0.01,0.01,0.01,0.01,0.01,0.01,0.01,0.01,0.01,0.01,0.01,0.01,0.01,0.01,0.01,0.01,0.01,0.01,0.01,0.01,0.01,0.01,0.01,0.01,0.01,0.01,0.01,0.01,0.01,0.01,0.01,0.01,0.01,0.01,0.01,0.01,0.01,0.01,0.01,0.01,0.01,0.01,0.01,0.01,0.01,0.01,0.01,0.01,0.01,0.01,0.01,0.01,0.01,0.01,0.01,0.01,0.01,0.01,0.01,0.01,0.01,0.01,0.01,0.01,0.01,0.01,0.01,0.01,0.01,0.01,0.01,0.01,0.01,0.01,0.01,0.01,0.01,0.01,0.01,0.01,0.01,0.01,0.01,0.01,0.01,0.01,0.01,0.01
vanilla,2,27000,25.0257222938817,25.159723709104583,0.6548740863800049,0.768905758857727,0,0.17979999999999996,0.8202,0.0039,0.0021,0.0034,0.003,0.0034,0.0039,0.0025,0.0029,0.0035,0.0059,0.0018,0.0007,0.0013,0.0014,0.0008,0.0014,0.0009,0.0018,0.0014,0.0012,0.0023,0.0014,0.0012,0.0008,0.0012,0.0015,0.0014,0.0009,0.0012,0.0016,0.0031,0.0018,0.0013,0.0025,0.0011,0.0012,0.0011,0.0011,0.002,0.0017,0.0021,0.0006,0.0009,0.0012,0.0008,0.0008,0.0006,0.001,0.0013,0.0011,0.0027,0.001,0.0012,0.001,0.0013,0.0016,0.0004,0.0015,0.0017,0.0016,0.0025,0.001,0.0016,0.0013,0.0014,0.0009,0.0009,0.001,0.0013,0.0018,0.0029,0.0014,0.0014,0.0017,0.001,0.0012,0.0008,0.001,0.0017,0.0016,0.0024,0.001,0.0017,0.001,0.001,0.0006,0.0008,0.0003,0.0013,0.0008,0.0084,0.0031,0.0032,0.0041,0.003,0.003,0.0039,0.0024,0.0027,0.0047,0.0,0.0,0.01,0.01,0.01,0.01,0.01,0.01,0.01,0.01,0.01,0.01,0.01,0.01,0.01,0.01,0.01,0.01,0.01,0.01,0.01,0.01,0.01,0.01,0.01,0.01,0.01,0.01,0.01,0.01,0.01,0.01,0.01,0.01,0.01,0.01,0.01,0.01,0.01,0.01,0.01,0.01,0.01,0.01,0.01,0.01,0.01,0.01,0.01,0.01,0.01,0.01,0.01,0.01,0.01,0.01,0.01,0.01,0.01,0.01,0.01,0.01,0.01,0.01,0.01,0.01,0.01,0.01,0.01,0.01,0.01,0.01,0.01,0.01,0.01,0.01,0.01,0.01,0.01,0.01,0.01,0.01,0.01,0.01,0.01,0.01,0.01,0.01,0.01,0.01,0.01,0.01,0.01,0.01,0.01,0.01,0.01,0.01,0.01,0.01,0.01,0.01,0.01,0.01,0.01,0.01,0.01,0.01,0.01,0.01,0.01,0.01,0.01,0.01,0.01,0.01,0.01,0.01,0.01,0.01,0.01,0.01,0.01,0.01,0.01,0.01,0.01,0.01,0.01,0.01,0.01,0.01,0.01,0.01,0.01,0.01,0.01,0.01,0.01,0.01,0.01,0.01,0.01,0.01,0.01,0.01,0.01,0.01,0.01,0.01,0.01,0.01,0.01,0.01,0.01,0.01,0.01,0.01,0.01,0.01,0.01,0.01,0.01,0.01,0.01,0.01,0.01,0.01,0.01,0.01,0.01,0.01,0.01,0.01,0.01,0.01,0.01,0.01,0.01,0.01,0.01,0.01,0.01,0.01,0.01,0.01,0.01,0.01,0.01,0.01,0.01,0.01,0.01,0.01,0.01,0.01,0.01,0.01,0.01,0.01,0.01,0.01
vanilla,2,28000,25.970897631254047,26.11044716706965,0.6518369913101196,0.7539852857589722,0,0.21489999999999998,0.7851000000000001,0.0079,0.003,0.0031,0.0038,0.0032,0.0034,0.0023,0.0022,0.004,0.0062,0.0027,0.0008,0.0014,0.0019,0.001,0.0008,0.0008,0.0011,0.0012,0.0033,0.003,0.0012,0.0014,0.0015,0.0012,0.0013,0.0012,0.0013,0.0015,0.0028,0.0036,0.0021,0.0015,0.0016,0.0006,0.0013,0.0014,0.002,0.0017,0.0036,0.0025,0.0008,0.001,0.0013,0.0009,0.001,0.0005,0.0008,0.0017,0.0025,0.0031,0.0009,0.0015,0.0014,0.0018,0.0013,0.0006,0.0015,0.0016,0.003,0.0028,0.0008,0.0014,0.0014,0.0012,0.0011,0.0009,0.0012,0.0011,0.003,0.0039,0.0013,0.0023,0.0012,0.0015,0.0012,0.0017,0.0017,0.0016,0.0038,0.0023,0.001,0.0015,0.0007,0.0009,0.0011,0.0008,0.0008,0.0015,0.003,0.0077,0.0024,0.0033,0.0043,0.0033,0.0037,0.0038,0.0046,0.0039,0.0096,0.0,0.0,0.01,0.01,0.01,0.01,0.01,0.01,0.01,0.01,0.01,0.01,0.01,0.01,0.01,0.01,0.01,0.01,0.01,0.01,0.01,0.01,0.01,0.01,0.01,0.01,0.01,0.01,0.01,0.01,0.01,0.01,0.01,0.01,0.01,0.01,0.01,0.01,0.01,0.01,0.01,0.01,0.01,0.01,0.01,0.01,0.01,0.01,0.01,0.01,0.01,0.01,0.01,0.01,0.01,0.01,0.01,0.01,0.01,0.01,0.01,0.01,0.01,0.01,0.01,0.01,0.01,0.01,0.01,0.01,0.01,0.01,0.01,0.01,0.01,0.01,0.01,0.01,0.01,0.01,0.01,0.01,0.01,0.01,0.01,0.01,0.01,0.01,0.01,0.01,0.01,0.01,0.01,0.01,0.01,0.01,0.01,0.01,0.01,0.01,0.01,0.01,0.01,0.01,0.01,0.01,0.01,0.01,0.01,0.01,0.01,0.01,0.01,0.01,0.01,0.01,0.01,0.01,0.01,0.01,0.01,0.01,0.01,0.01,0.01,0.01,0.01,0.01,0.01,0.01,0.01,0.01,0.01,0.01,0.01,0.01,0.01,0.01,0.01,0.01,0.01,0.01,0.01,0.01,0.01,0.01,0.01,0.01,0.01,0.01,0.01,0.01,0.01,0.01,0.01,0.01,0.01,0.01,0.01,0.01,0.01,0.01,0.01,0.01,0.01,0.01,0.01,0.01,0.01,0.01,0.01,0.01,0.01,0.01,0.01,0.01,0.01,0.01,0.01,0.01,0.01,0.01,0.01,0.01,0.01,0.01,0.01,0.01,0.01,0.01,0.01,0.01,0.01,0.01,0.01,0.01,0.01,0.01,0.01,0.01,0.01,0.01
vanilla,2,29000,26.99990647926461,27.145066042081453,0.656611442565918,0.7549819946289062,0,0.19630000000000003,0.8037000000000001,0.0045,0.0024,0.0026,0.0037,0.003,0.0035,0.0028,0.0031,0.0039,0.0041,0.0022,0.0011,0.0013,0.0012,0.0006,0.0005,0.0014,0.0014,0.0008,0.0023,0.0029,0.0006,0.0016,0.0014,0.0015,0.0007,0.0007,0.001,0.0012,0.0032,0.0029,0.0016,0.0015,0.0016,0.0011,0.0013,0.0012,0.0011,0.0006,0.004,0.0033,0.0008,0.0009,0.0009,0.0015,0.0007,0.0009,0.0013,0.0013,0.0018,0.0031,0.0009,0.0014,0.0015,0.0008,0.0014,0.0012,0.0014,0.0013,0.002,0.003,0.0008,0.0015,0.001,0.0015,0.0011,0.0011,0.0011,0.0012,0.0034,0.0041,0.0012,0.0015,0.0015,0.0013,0.0013,0.0019,0.0012,0.0014,0.0029,0.0025,0.0012,0.0016,0.001,0.0013,0.0006,0.0008,0.0014,0.0007,0.0024,0.0085,0.0025,0.0033,0.0036,0.0028,0.0031,0.0033,0.0046,0.0032,0.0074,0.0,0.0,0.01,0.01,0.01,0.01,0.01,0.01,0.01,0.01,0.01,0.01,0.01,0.01,0.01,0.01,0.01,0.01,0.01,0.01,0.01,0.01,0.01,0.01,0.01,0.01,0.01,0.01,0.01,0.01,0.01,0.01,0.01,0.01,0.01,0.01,0.01,0.01,0.01,0.01,0.01,0.01,0.01,0.01,0.01,0.01,0.01,0.01,0.01,0.01,0.01,0.01,0.01,0.01,0.01,0.01,0.01,0.01,0.01,0.01,0.01,0.01,0.01,0.01,0.01,0.01,0.01,0.01,0.01,0.01,0.01,0.01,0.01,0.01,0.01,0.01,0.01,0.01,0.01,0.01,0.01,0.01,0.01,0.01,0.01,0.01,0.01,0.01,0.01,0.01,0.01,0.01,0.01,0.01,0.01,0.01,0.01,0.01,0.01,0.01,0.01,0.01,0.01,0.01,0.01,0.01,0.01,0.01,0.01,0.01,0.01,0.01,0.01,0.01,0.01,0.01,0.01,0.01,0.01,0.01,0.01,0.01,0.01,0.01,0.01,0.01,0.01,0.01,0.01,0.01,0.01,0.01,0.01,0.01,0.01,0.01,0.01,0.01,0.01,0.01,0.01,0.01,0.01,0.01,0.01,0.01,0.01,0.01,0.01,0.01,0.01,0.01,0.01,0.01,0.01,0.01,0.01,0.01,0.01,0.01,0.01,0.01,0.01,0.01,0.01,0.01,0.01,0.01,0.01,0.01,0.01,0.01,0.01,0.01,0.01,0.01,0.01,0.01,0.01,0.01,0.01,0.01,0.01,0.01,0.01,0.01,0.01,0.01,0.01,0.01,0.01,0.01,0.01,0.01,0.01,0.01,0.01,0.01,0.01,0.01,0.01,0.01
vanilla,2,30000,27.963954696897417,28.116329084034078,0.6510921716690063,0.7605431079864502,0,0.19510000000000005,0.8049000000000001,0.0078,0.0022,0.0028,0.0037,0.003,0.0032,0.0026,0.0032,0.0041,0.0041,0.0034,0.0008,0.0011,0.0008,0.0007,0.0,0.0007,0.001,0.0006,0.0027,0.0041,0.0006,0.001,0.0011,0.0009,0.001,0.0011,0.0008,0.0011,0.0026,0.0031,0.0019,0.0015,0.0008,0.0006,0.0013,0.001,0.0009,0.001,0.0037,0.0031,0.001,0.0016,0.001,0.0012,0.0009,0.001,0.0009,0.0009,0.0024,0.0035,0.0008,0.0013,0.0006,0.001,0.001,0.001,0.0008,0.0016,0.0026,0.0031,0.0009,0.0019,0.0016,0.001,0.0009,0.0011,0.001,0.0008,0.003,0.0047,0.0009,0.001,0.0009,0.0012,0.0011,0.0011,0.0017,0.0013,0.0029,0.003,0.0009,0.0018,0.0011,0.0008,0.0008,0.001,0.0009,0.0011,0.0026,0.0086,0.0019,0.0032,0.0039,0.0035,0.0031,0.0035,0.0042,0.0029,0.0074,0.0,0.0,0.01,0.01,0.01,0.01,0.01,0.01,0.01,0.01,0.01,0.01,0.01,0.01,0.01,0.01,0.01,0.01,0.01,0.01,0.01,0.01,0.01,0.01,0.01,0.01,0.01,0.01,0.01,0.01,0.01,0.01,0.01,0.01,0.01,0.01,0.01,0.01,0.01,0.01,0.01,0.01,0.01,0.01,0.01,0.01,0.01,0.01,0.01,0.01,0.01,0.01,0.01,0.01,0.01,0.01,0.01,0.01,0.01,0.01,0.01,0.01,0.01,0.01,0.01,0.01,0.01,0.01,0.01,0.01,0.01,0.01,0.01,0.01,0.01,0.01,0.01,0.01,0.01,0.01,0.01,0.01,0.01,0.01,0.01,0.01,0.01,0.01,0.01,0.01,0.01,0.01,0.01,0.01,0.01,0.01,0.01,0.01,0.01,0.01,0.01,0.01,0.01,0.01,0.01,0.01,0.01,0.01,0.01,0.01,0.01,0.01,0.01,0.01,0.01,0.01,0.01,0.01,0.01,0.01,0.01,0.01,0.01,0.01,0.01,0.01,0.01,0.01,0.01,0.01,0.01,0.01,0.01,0.01,0.01,0.01,0.01,0.01,0.01,0.01,0.01,0.01,0.01,0.01,0.01,0.01,0.01,0.01,0.01,0.01,0.01,0.01,0.01,0.01,0.01,0.01,0.01,0.01,0.01,0.01,0.01,0.01,0.01,0.01,0.01,0.01,0.01,0.01,0.01,0.01,0.01,0.01,0.01,0.01,0.01,0.01,0.01,0.01,0.01,0.01,0.01,0.01,0.01,0.01,0.01,0.01,0.01,0.01,0.01,0.01,0.01,0.01,0.01,0.01,0.01,0.01,0.01,0.01,0.01,0.01,0.01,0.01
vanilla,2,31000,28.896178758819588,29.054042209056206,0.6459992527961731,0.775252103805542,0,0.21289999999999998,0.7870999999999999,0.0089,0.003,0.003,0.0036,0.0035,0.0031,0.0023,0.0036,0.0034,0.0067,0.0031,0.0006,0.0008,0.0013,0.0009,0.0006,0.0013,0.001,0.0006,0.0027,0.005,0.0005,0.0016,0.0013,0.0014,0.0012,0.0012,0.0009,0.0013,0.0037,0.0036,0.0021,0.0014,0.001,0.0011,0.0016,0.0017,0.0009,0.0009,0.004,0.0032,0.0005,0.0013,0.0015,0.0011,0.0006,0.0009,0.0013,0.0011,0.0025,0.0031,0.0008,0.0015,0.0006,0.0011,0.001,0.0012,0.0009,0.0016,0.0027,0.0033,0.0013,0.002,0.0013,0.0011,0.0013,0.0005,0.0011,0.0007,0.0028,0.0042,0.0017,0.0014,0.0013,0.0011,0.0014,0.0013,0.0014,0.0017,0.0029,0.0033,0.0011,0.0013,0.0007,0.0008,0.0008,0.0012,0.0014,0.001,0.0026,0.0094,0.0025,0.0039,0.0043,0.0033,0.0034,0.0043,0.0039,0.0038,0.0072,0.0,0.0,0.01,0.01,0.01,0.01,0.01,0.01,0.01,0.01,0.01,0.01,0.01,0.01,0.01,0.01,0.01,0.01,0.01,0.01,0.01,0.01,0.01,0.01,0.01,0.01,0.01,0.01,0.01,0.01,0.01,0.01,0.01,0.01,0.01,0.01,0.01,0.01,0.01,0.01,0.01,0.01,0.01,0.01,0.01,0.01,0.01,0.01,0.01,0.01,0.01,0.01,0.01,0.01,0.01,0.01,0.01,0.01,0.01,0.01,0.01,0.01,0.01,0.01,0.01,0.01,0.01,0.01,0.01,0.01,0.01,0.01,0.01,0.01,0.01,0.01,0.01,0.01,0.01,0.01,0.01,0.01,0.01,0.01,0.01,0.01,0.01,0.01,0.01,0.01,0.01,0.01,0.01,0.01,0.01,0.01,0.01,0.01,0.01,0.01,0.01,0.01,0.01,0.01,0.01,0.01,0.01,0.01,0.01,0.01,0.01,0.01,0.01,0.01,0.01,0.01,0.01,0.01,0.01,0.01,0.01,0.01,0.01,0.01,0.01,0.01,0.01,0.01,0.01,0.01,0.01,0.01,0.01,0.01,0.01,0.01,0.01,0.01,0.01,0.01,0.01,0.01,0.01,0.01,0.01,0.01,0.01,0.01,0.01,0.01,0.01,0.01,0.01,0.01,0.01,0.01,0.01,0.01,0.01,0.01,0.01,0.01,0.01,0.01,0.01,0.01,0.01,0.01,0.01,0.01,0.01,0.01,0.01,0.01,0.01,0.01,0.01,0.01,0.01,0.01,0.01,0.01,0.01,0.01,0.01,0.01,0.01,0.01,0.01,0.01,0.01,0.01,0.01,0.01,0.01,0.01,0.01,0.01,0.01,0.01,0.01,0.01
vanilla,2,32000,29.817884103395045,29.981297000078484,0.6418745517730713,0.7450643181800842,0,0.19379999999999997,0.8062,0.0099,0.0028,0.0037,0.0036,0.0033,0.002,0.0025,0.0034,0.0041,0.0055,0.0037,0.0007,0.0018,0.0009,0.0007,0.0004,0.001,0.0008,0.0006,0.0021,0.0033,0.0015,0.0009,0.0009,0.0016,0.0015,0.0009,0.0005,0.0009,0.0032,0.0036,0.0016,0.0017,0.0008,0.0014,0.0013,0.0015,0.0017,0.0008,0.0027,0.0022,0.001,0.0009,0.001,0.001,0.001,0.0014,0.0014,0.0012,0.0017,0.0027,0.0011,0.0014,0.0013,0.0017,0.001,0.0012,0.0012,0.0013,0.0023,0.0016,0.001,0.0019,0.0007,0.0012,0.0018,0.0006,0.0008,0.001,0.002,0.0032,0.0018,0.001,0.0013,0.0014,0.0013,0.0016,0.0017,0.0012,0.0023,0.0017,0.001,0.0017,0.0007,0.0012,0.001,0.0011,0.0009,0.0007,0.0021,0.0067,0.0029,0.0036,0.003,0.0024,0.0028,0.0035,0.0042,0.0034,0.006,0.0,0.0,0.01,0.01,0.01,0.01,0.01,0.01,0.01,0.01,0.01,0.01,0.01,0.01,0.01,0.01,0.01,0.01,0.01,0.01,0.01,0.01,0.01,0.01,0.01,0.01,0.01,0.01,0.01,0.01,0.01,0.01,0.01,0.01,0.01,0.01,0.01,0.01,0.01,0.01,0.01,0.01,0.01,0.01,0.01,0.01,0.01,0.01,0.01,0.01,0.01,0.01,0.01,0.01,0.01,0.01,0.01,0.01,0.01,0.01,0.01,0.01,0.01,0.01,0.01,0.01,0.01,0.01,0.01,0.01,0.01,0.01,0.01,0.01,0.01,0.01,0.01,0.01,0.01,0.01,0.01,0.01,0.01,0.01,0.01,0.01,0.01,0.01,0.01,0.01,0.01,0.01,0.01,0.01,0.01,0.01,0.01,0.01,0.01,0.01,0.01,0.01,0.01,0.01,0.01,0.01,0.01,0.01,0.01,0.01,0.01,0.01,0.01,0.01,0.01,0.01,0.01,0.01,0.01,0.01,0.01,0.01,0.01,0.01,0.01,0.01,0.01,0.01,0.01,0.01,0.01,0.01,0.01,0.01,0.01,0.01,0.01,0.01,0.01,0.01,0.01,0.01,0.01,0.01,0.01,0.01,0.01,0.01,0.01,0.01,0.01,0.01,0.01,0.01,0.01,0.01,0.01,0.01,0.01,0.01,0.01,0.01,0.01,0.01,0.01,0.01,0.01,0.01,0.01,0.01,0.01,0.01,0.01,0.01,0.01,0.01,0.01,0.01,0.01,0.01,0.01,0.01,0.01,0.01,0.01,0.01,0.01,0.01,0.01,0.01,0.01,0.01,0.01,0.01,0.01,0.01,0.01,0.01,0.01,0.01,0.01,0.01
vanilla,2,33000,30.771110829431564,30.940022084047087,0.641457736492157,0.777716875076294,0,0.2025,0.7975,0.0098,0.0028,0.004,0.004,0.0028,0.0019,0.0027,0.0039,0.0042,0.0035,0.0037,0.0007,0.0011,0.0011,0.0009,0.0003,0.0009,0.0008,0.0008,0.0022,0.0046,0.0017,0.0011,0.001,0.0018,0.0013,0.001,0.0008,0.0015,0.0028,0.0037,0.002,0.0014,0.0011,0.0017,0.001,0.0014,0.0017,0.0005,0.0038,0.0029,0.0012,0.0013,0.0012,0.0011,0.0003,0.0009,0.0012,0.0011,0.0022,0.0039,0.0013,0.002,0.0008,0.0011,0.0008,0.0008,0.0008,0.0011,0.0026,0.0031,0.0008,0.0013,0.001,0.0011,0.0018,0.0008,0.0015,0.0012,0.0028,0.0051,0.0013,0.0015,0.0008,0.0017,0.001,0.0009,0.0023,0.0017,0.0033,0.0032,0.0009,0.0011,0.0008,0.0015,0.001,0.0008,0.0009,0.0013,0.0026,0.0087,0.0024,0.0028,0.0035,0.0031,0.0021,0.0021,0.0022,0.0017,0.0082,0.0,0.0,0.01,0.01,0.01,0.01,0.01,0.01,0.01,0.01,0.01,0.01,0.01,0.01,0.01,0.01,0.01,0.01,0.01,0.01,0.01,0.01,0.01,0.01,0.01,0.01,0.01,0.01,0.01,0.01,0.01,0.01,0.01,0.01,0.01,0.01,0.01,0.01,0.01,0.01,0.01,0.01,0.01,0.01,0.01,0.01,0.01,0.01,0.01,0.01,0.01,0.01,0.01,0.01,0.01,0.01,0.01,0.01,0.01,0.01,0.01,0.01,0.01,0.01,0.01,0.01,0.01,0.01,0.01,0.01,0.01,0.01,0.01,0.01,0.01,0.01,0.01,0.01,0.01,0.01,0.01,0.01,0.01,0.01,0.01,0.01,0.01,0.01,0.01,0.01,0.01,0.01,0.01,0.01,0.01,0.01,0.01,0.01,0.01,0.01,0.01,0.01,0.01,0.01,0.01,0.01,0.01,0.01,0.01,0.01,0.01,0.01,0.01,0.01,0.01,0.01,0.01,0.01,0.01,0.01,0.01,0.01,0.01,0.01,0.01,0.01,0.01,0.01,0.01,0.01,0.01,0.01,0.01,0.01,0.01,0.01,0.01,0.01,0.01,0.01,0.01,0.01,0.01,0.01,0.01,0.01,0.01,0.01,0.01,0.01,0.01,0.01,0.01,0.01,0.01,0.01,0.01,0.01,0.01,0.01,0.01,0.01,0.01,0.01,0.01,0.01,0.01,0.01,0.01,0.01,0.01,0.01,0.01,0.01,0.01,0.01,0.01,0.01,0.01,0.01,0.01,0.01,0.01,0.01,0.01,0.01,0.01,0.01,0.01,0.01,0.01,0.01,0.01,0.01,0.01,0.01,0.01,0.01,0.01,0.01,0.01,0.01
vanilla,2,34000,31.704127492266707,31.878862459096126,0.6327189803123474,0.7912830114364624,0,0.21530000000000005,0.7847,0.0088,0.0019,0.0034,0.0045,0.0033,0.0024,0.002,0.0032,0.0039,0.0054,0.0032,0.0005,0.0012,0.0015,0.0007,0.0002,0.0009,0.0012,0.0007,0.0027,0.0036,0.0016,0.0009,0.0013,0.0012,0.0014,0.0013,0.0007,0.0018,0.0029,0.0031,0.0016,0.0008,0.0011,0.0015,0.0017,0.0012,0.0015,0.0009,0.0033,0.003,0.0009,0.0012,0.0012,0.0014,0.0004,0.001,0.0013,0.0012,0.0029,0.003,0.0011,0.0021,0.0014,0.0017,0.0008,0.0011,0.0011,0.0012,0.0027,0.0039,0.001,0.0019,0.0014,0.0014,0.0014,0.0011,0.0017,0.0014,0.0031,0.0043,0.0014,0.0006,0.0009,0.0015,0.0007,0.0014,0.0025,0.0015,0.0046,0.0037,0.0015,0.002,0.0011,0.0015,0.001,0.001,0.0011,0.0013,0.004,0.0096,0.0032,0.0031,0.0034,0.0038,0.0021,0.0026,0.0042,0.0026,0.0091,0.0,0.0,0.01,0.01,0.01,0.01,0.01,0.01,0.01,0.01,0.01,0.01,0.01,0.01,0.01,0.01,0.01,0.01,0.01,0.01,0.01,0.01,0.01,0.01,0.01,0.01,0.01,0.01,0.01,0.01,0.01,0.01,0.01,0.01,0.01,0.01,0.01,0.01,0.01,0.01,0.01,0.01,0.01,0.01,0.01,0.01,0.01,0.01,0.01,0.01,0.01,0.01,0.01,0.01,0.01,0.01,0.01,0.01,0.01,0.01,0.01,0.01,0.01,0.01,0.01,0.01,0.01,0.01,0.01,0.01,0.01,0.01,0.01,0.01,0.01,0.01,0.01,0.01,0.01,0.01,0.01,0.01,0.01,0.01,0.01,0.01,0.01,0.01,0.01,0.01,0.01,0.01,0.01,0.01,0.01,0.01,0.01,0.01,0.01,0.01,0.01,0.01,0.01,0.01,0.01,0.01,0.01,0.01,0.01,0.01,0.01,0.01,0.01,0.01,0.01,0.01,0.01,0.01,0.01,0.01,0.01,0.01,0.01,0.01,0.01,0.01,0.01,0.01,0.01,0.01,0.01,0.01,0.01,0.01,0.01,0.01,0.01,0.01,0.01,0.01,0.01,0.01,0.01,0.01,0.01,0.01,0.01,0.01,0.01,0.01,0.01,0.01,0.01,0.01,0.01,0.01,0.01,0.01,0.01,0.01,0.01,0.01,0.01,0.01,0.01,0.01,0.01,0.01,0.01,0.01,0.01,0.01,0.01,0.01,0.01,0.01,0.01,0.01,0.01,0.01,0.01,0.01,0.01,0.01,0.01,0.01,0.01,0.01,0.01,0.01,0.01,0.01,0.01,0.01,0.01,0.01,0.01,0.01,0.01,0.01,0.01,0.01
vanilla,2,35000,32.62974080326967,32.81076875003055,0.6268202662467957,0.778333306312561,0,0.21330000000000005,0.7867,0.0087,0.0029,0.0036,0.0038,0.003,0.0024,0.0023,0.0047,0.0047,0.0065,0.0034,0.0005,0.0011,0.0014,0.0009,0.0004,0.0009,0.0007,0.0011,0.0022,0.0046,0.0011,0.001,0.0009,0.0014,0.0012,0.0011,0.0013,0.0015,0.0027,0.0043,0.0023,0.001,0.0006,0.0019,0.0016,0.002,0.0014,0.0007,0.0029,0.0033,0.0014,0.0008,0.0015,0.0009,0.0007,0.0012,0.0015,0.0009,0.0022,0.0034,0.0011,0.0016,0.0012,0.0009,0.0006,0.0014,0.0015,0.0012,0.0029,0.0036,0.0009,0.0018,0.0014,0.0015,0.0014,0.0007,0.0018,0.0014,0.0029,0.0041,0.0016,0.0011,0.0009,0.0014,0.0006,0.0013,0.0018,0.0013,0.0019,0.0032,0.0013,0.0019,0.0009,0.0013,0.0005,0.0008,0.0014,0.0012,0.0022,0.0091,0.0027,0.0029,0.0039,0.0039,0.003,0.0033,0.0046,0.0029,0.008,0.0,0.0,0.01,0.01,0.01,0.01,0.01,0.01,0.01,0.01,0.01,0.01,0.01,0.01,0.01,0.01,0.01,0.01,0.01,0.01,0.01,0.01,0.01,0.01,0.01,0.01,0.01,0.01,0.01,0.01,0.01,0.01,0.01,0.01,0.01,0.01,0.01,0.01,0.01,0.01,0.01,0.01,0.01,0.01,0.01,0.01,0.01,0.01,0.01,0.01,0.01,0.01,0.01,0.01,0.01,0.01,0.01,0.01,0.01,0.01,0.01,0.01,0.01,0.01,0.01,0.01,0.01,0.01,0.01,0.01,0.01,0.01,0.01,0.01,0.01,0.01,0.01,0.01,0.01,0.01,0.01,0.01,0.01,0.01,0.01,0.01,0.01,0.01,0.01,0.01,0.01,0.01,0.01,0.01,0.01,0.01,0.01,0.01,0.01,0.01,0.01,0.01,0.01,0.01,0.01,0.01,0.01,0.01,0.01,0.01,0.01,0.01,0.01,0.01,0.01,0.01,0.01,0.01,0.01,0.01,0.01,0.01,0.01,0.01,0.01,0.01,0.01,0.01,0.01,0.01,0.01,0.01,0.01,0.01,0.01,0.01,0.01,0.01,0.01,0.01,0.01,0.01,0.01,0.01,0.01,0.01,0.01,0.01,0.01,0.01,0.01,0.01,0.01,0.01,0.01,0.01,0.01,0.01,0.01,0.01,0.01,0.01,0.01,0.01,0.01,0.01,0.01,0.01,0.01,0.01,0.01,0.01,0.01,0.01,0.01,0.01,0.01,0.01,0.01,0.01,0.01,0.01,0.01,0.01,0.01,0.01,0.01,0.01,0.01,0.01,0.01,0.01,0.01,0.01,0.01,0.01,0.01,0.01,0.01,0.01,0.01,0.01
vanilla,2,36000,33.559903294197284,33.74739558401052,0.631046712398529,0.8005063533782959,0,0.20030000000000003,0.7997000000000001,0.0065,0.0023,0.0031,0.0047,0.0038,0.0026,0.0023,0.0035,0.0036,0.007,0.0029,0.0011,0.0014,0.0008,0.0007,0.0009,0.0011,0.0015,0.0016,0.0016,0.0036,0.0013,0.0011,0.0009,0.0019,0.001,0.001,0.0014,0.0011,0.0016,0.0035,0.0015,0.001,0.0015,0.0019,0.0014,0.0013,0.0015,0.0017,0.0018,0.0029,0.0007,0.0013,0.0014,0.001,0.0009,0.0007,0.0014,0.0017,0.0018,0.0038,0.0013,0.0028,0.0012,0.0017,0.0009,0.0009,0.0014,0.0018,0.0024,0.0034,0.0008,0.0018,0.0011,0.0008,0.0008,0.0011,0.0012,0.0012,0.0024,0.0043,0.0016,0.0014,0.0011,0.0017,0.0015,0.0018,0.0013,0.0018,0.0016,0.0029,0.0014,0.0013,0.0008,0.0011,0.0007,0.0009,0.0011,0.0016,0.0009,0.0066,0.002,0.0029,0.0027,0.003,0.0018,0.0029,0.0041,0.0029,0.009,0.0,0.0,0.01,0.01,0.01,0.01,0.01,0.01,0.01,0.01,0.01,0.01,0.01,0.01,0.01,0.01,0.01,0.01,0.01,0.01,0.01,0.01,0.01,0.01,0.01,0.01,0.01,0.01,0.01,0.01,0.01,0.01,0.01,0.01,0.01,0.01,0.01,0.01,0.01,0.01,0.01,0.01,0.01,0.01,0.01,0.01,0.01,0.01,0.01,0.01,0.01,0.01,0.01,0.01,0.01,0.01,0.01,0.01,0.01,0.01,0.01,0.01,0.01,0.01,0.01,0.01,0.01,0.01,0.01,0.01,0.01,0.01,0.01,0.01,0.01,0.01,0.01,0.01,0.01,0.01,0.01,0.01,0.01,0.01,0.01,0.01,0.01,0.01,0.01,0.01,0.01,0.01,0.01,0.01,0.01,0.01,0.01,0.01,0.01,0.01,0.01,0.01,0.01,0.01,0.01,0.01,0.01,0.01,0.01,0.01,0.01,0.01,0.01,0.01,0.01,0.01,0.01,0.01,0.01,0.01,0.01,0.01,0.01,0.01,0.01,0.01,0.01,0.01,0.01,0.01,0.01,0.01,0.01,0.01,0.01,0.01,0.01,0.01,0.01,0.01,0.01,0.01,0.01,0.01,0.01,0.01,0.01,0.01,0.01,0.01,0.01,0.01,0.01,0.01,0.01,0.01,0.01,0.01,0.01,0.01,0.01,0.01,0.01,0.01,0.01,0.01,0.01,0.01,0.01,0.01,0.01,0.01,0.01,0.01,0.01,0.01,0.01,0.01,0.01,0.01,0.01,0.01,0.01,0.01,0.01,0.01,0.01,0.01,0.01,0.01,0.01,0.01,0.01,0.01,0.01,0.01,0.01,0.01,0.01,0.01,0.01,0.01
vanilla,2,37000,34.48408714495599,34.677792500006035,0.6406371593475342,0.7492472529411316,0,0.20140000000000002,0.7986,0.0096,0.0038,0.004,0.0037,0.004,0.0031,0.0027,0.0041,0.0031,0.0053,0.0025,0.0011,0.0011,0.0012,0.0007,0.0011,0.0009,0.0009,0.0012,0.0026,0.0029,0.0008,0.0011,0.0009,0.0016,0.0014,0.0017,0.0017,0.0009,0.0032,0.0032,0.0013,0.0012,0.001,0.002,0.0004,0.0015,0.0017,0.001,0.0034,0.003,0.0008,0.0008,0.001,0.0006,0.0009,0.0016,0.0006,0.001,0.0021,0.004,0.001,0.0011,0.0012,0.001,0.0006,0.0016,0.0006,0.001,0.0027,0.0031,0.0008,0.0016,0.0017,0.0007,0.0006,0.0011,0.0012,0.0007,0.0032,0.0046,0.0021,0.0013,0.0019,0.001,0.0011,0.0015,0.001,0.0008,0.003,0.003,0.0015,0.0015,0.0009,0.0007,0.0008,0.0008,0.0012,0.0008,0.0024,0.0083,0.0022,0.003,0.0029,0.003,0.0026,0.0028,0.0048,0.0029,0.0055,0.0,0.0,0.01,0.01,0.01,0.01,0.01,0.01,0.01,0.01,0.01,0.01,0.01,0.01,0.01,0.01,0.01,0.01,0.01,0.01,0.01,0.01,0.01,0.01,0.01,0.01,0.01,0.01,0.01,0.01,0.01,0.01,0.01,0.01,0.01,0.01,0.01,0.01,0.01,0.01,0.01,0.01,0.01,0.01,0.01,0.01,0.01,0.01,0.01,0.01,0.01,0.01,0.01,0.01,0.01,0.01,0.01,0.01,0.01,0.01,0.01,0.01,0.01,0.01,0.01,0.01,0.01,0.01,0.01,0.01,0.01,0.01,0.01,0.01,0.01,0.01,0.01,0.01,0.01,0.01,0.01,0.01,0.01,0.01,0.01,0.01,0.01,0.01,0.01,0.01,0.01,0.01,0.01,0.01,0.01,0.01,0.01,0.01,0.01,0.01,0.01,0.01,0.01,0.01,0.01,0.01,0.01,0.01,0.01,0.01,0.01,0.01,0.01,0.01,0.01,0.01,0.01,0.01,0.01,0.01,0.01,0.01,0.01,0.01,0.01,0.01,0.01,0.01,0.01,0.01,0.01,0.01,0.01,0.01,0.01,0.01,0.01,0.01,0.01,0.01,0.01,0.01,0.01,0.01,0.01,0.01,0.01,0.01,0.01,0.01,0.01,0.01,0.01,0.01,0.01,0.01,0.01,0.01,0.01,0.01,0.01,0.01,0.01,0.01,0.01,0.01,0.01,0.01,0.01,0.01,0.01,0.01,0.01,0.01,0.01,0.01,0.01,0.01,0.01,0.01,0.01,0.01,0.01,0.01,0.01,0.01,0.01,0.01,0.01,0.01,0.01,0.01,0.01,0.01,0.01,0.01,0.01,0.01,0.01,0.01,0.01,0.01
vanilla,2,38000,35.42520069528837,35.62494216708001,0.6292383074760437,0.7969542145729065,0,0.2147,0.7853000000000001,0.0086,0.0025,0.0033,0.0036,0.0047,0.0025,0.0026,0.0045,0.0043,0.0088,0.0032,0.0009,0.0012,0.0013,0.0011,0.0006,0.0007,0.0007,0.0007,0.0028,0.0031,0.0011,0.0017,0.001,0.0015,0.0007,0.0008,0.0011,0.0009,0.0038,0.0029,0.0012,0.0016,0.0011,0.0014,0.0009,0.0011,0.0015,0.0014,0.0033,0.0035,0.0005,0.0015,0.0014,0.0009,0.0009,0.0012,0.0016,0.0014,0.0028,0.0039,0.0012,0.002,0.0009,0.0012,0.0009,0.002,0.0009,0.0015,0.0033,0.0026,0.0014,0.0015,0.0012,0.0011,0.0013,0.0012,0.0017,0.0013,0.0032,0.0038,0.0016,0.0016,0.0013,0.0011,0.0006,0.0014,0.0019,0.0011,0.0024,0.0029,0.0017,0.0022,0.0012,0.001,0.001,0.0006,0.0012,0.001,0.0015,0.0074,0.0029,0.0034,0.0038,0.0033,0.0028,0.0032,0.0045,0.0027,0.0089,0.0,0.0,0.01,0.01,0.01,0.01,0.01,0.01,0.01,0.01,0.01,0.01,0.01,0.01,0.01,0.01,0.01,0.01,0.01,0.01,0.01,0.01,0.01,0.01,0.01,0.01,0.01,0.01,0.01,0.01,0.01,0.01,0.01,0.01,0.01,0.01,0.01,0.01,0.01,0.01,0.01,0.01,0.01,0.01,0.01,0.01,0.01,0.01,0.01,0.01,0.01,0.01,0.01,0.01,0.01,0.01,0.01,0.01,0.01,0.01,0.01,0.01,0.01,0.01,0.01,0.01,0.01,0.01,0.01,0.01,0.01,0.01,0.01,0.01,0.01,0.01,0.01,0.01,0.01,0.01,0.01,0.01,0.01,0.01,0.01,0.01,0.01,0.01,0.01,0.01,0.01,0.01,0.01,0.01,0.01,0.01,0.01,0.01,0.01,0.01,0.01,0.01,0.01,0.01,0.01,0.01,0.01,0.01,0.01,0.01,0.01,0.01,0.01,0.01,0.01,0.01,0.01,0.01,0.01,0.01,0.01,0.01,0.01,0.01,0.01,0.01,0.01,0.01,0.01,0.01,0.01,0.01,0.01,0.01,0.01,0.01,0.01,0.01,0.01,0.01,0.01,0.01,0.01,0.01,0.01,0.01,0.01,0.01,0.01,0.01,0.01,0.01,0.01,0.01,0.01,0.01,0.01,0.01,0.01,0.01,0.01,0.01,0.01,0.01,0.01,0.01,0.01,0.01,0.01,0.01,0.01,0.01,0.01,0.01,0.01,0.01,0.01,0.01,0.01,0.01,0.01,0.01,0.01,0.01,0.01,0.01,0.01,0.01,0.01,0.01,0.01,0.01,0.01,0.01,0.01,0.01,0.01,0.01,0.01,0.01,0.01,0.01
vanilla,2,39000,36.3566289851442,36.5624660840258,0.6346490383148193,0.7589844465255737,1,0.20589999999999997,0.7941,0.01,0.0036,0.0045,0.003,0.0043,0.0029,0.0033,0.0045,0.0041,0.0047,0.0037,0.0015,0.0012,0.001,0.0007,0.0011,0.0009,0.0008,0.0008,0.0015,0.0036,0.0013,0.0013,0.0009,0.001,0.0008,0.0012,0.0022,0.0008,0.0025,0.0028,0.0014,0.0013,0.0009,0.0018,0.001,0.0009,0.0016,0.0007,0.0026,0.0032,0.0009,0.0009,0.0009,0.001,0.0007,0.0012,0.0013,0.0013,0.002,0.0041,0.0013,0.0009,0.0008,0.0008,0.0008,0.0015,0.0012,0.0016,0.0031,0.0034,0.0013,0.0016,0.0017,0.0012,0.0015,0.0008,0.0015,0.0011,0.0034,0.0038,0.0024,0.0015,0.0009,0.0012,0.0006,0.0012,0.002,0.0013,0.0022,0.0041,0.0011,0.0011,0.0009,0.0009,0.0006,0.0006,0.001,0.0011,0.0018,0.0085,0.0027,0.0029,0.0026,0.0023,0.0024,0.0032,0.0046,0.0028,0.0079,0.0,0.0,0.01,0.01,0.01,0.01,0.01,0.01,0.01,0.01,0.01,0.01,0.01,0.01,0.01,0.01,0.01,0.01,0.01,0.01,0.01,0.01,0.01,0.01,0.01,0.01,0.01,0.01,0.01,0.01,0.01,0.01,0.01,0.01,0.01,0.01,0.01,0.01,0.01,0.01,0.01,0.01,0.01,0.01,0.01,0.01,0.01,0.01,0.01,0.01,0.01,0.01,0.01,0.01,0.01,0.01,0.01,0.01,0.01,0.01,0.01,0.01,0.01,0.01,0.01,0.01,0.01,0.01,0.01,0.01,0.01,0.01,0.01,0.01,0.01,0.01,0.01,0.01,0.01,0.01,0.01,0.01,0.01,0.01,0.01,0.01,0.01,0.01,0.01,0.01,0.01,0.01,0.01,0.01,0.01,0.01,0.01,0.01,0.01,0.01,0.01,0.01,0.01,0.01,0.01,0.01,0.01,0.01,0.01,0.01,0.01,0.01,0.01,0.01,0.01,0.01,0.01,0.01,0.01,0.01,0.01,0.01,0.01,0.01,0.01,0.01,0.01,0.01,0.01,0.01,0.01,0.01,0.01,0.01,0.01,0.01,0.01,0.01,0.01,0.01,0.01,0.01,0.01,0.01,0.01,0.01,0.01,0.01,0.01,0.01,0.01,0.01,0.01,0.01,0.01,0.01,0.01,0.01,0.01,0.01,0.01,0.01,0.01,0.01,0.01,0.01,0.01,0.01,0.01,0.01,0.01,0.01,0.01,0.01,0.01,0.01,0.01,0.01,0.01,0.01,0.01,0.01,0.01,0.01,0.01,0.01,0.01,0.01,0.01,0.01,0.01,0.01,0.01,0.01,0.01,0.01,0.01,0.01,0.01,0.01,0.01,0.01
vanilla,2,40000,37.28307692648377,37.49565825005993,0.6171257495880127,0.8298640251159668,1,0.21999999999999997,0.7806000000000001,0.0084,0.0028,0.0026,0.0027,0.0033,0.0022,0.002,0.0042,0.0045,0.0075,0.0037,0.0011,0.0019,0.0013,0.0014,0.0006,0.0006,0.0011,0.0011,0.0032,0.0038,0.0009,0.0013,0.0013,0.0014,0.0011,0.0021,0.0015,0.0017,0.0023,0.0035,0.0017,0.0018,0.001,0.0019,0.001,0.0013,0.0018,0.0011,0.0031,0.0039,0.0018,0.0009,0.0014,0.0014,0.0009,0.0009,0.0012,0.0013,0.0032,0.0042,0.0015,0.0014,0.0014,0.001,0.0011,0.0005,0.0011,0.0011,0.003,0.0031,0.001,0.0013,0.0017,0.001,0.0011,0.001,0.0014,0.0013,0.003,0.0043,0.0025,0.0024,0.0009,0.0013,0.001,0.0012,0.0018,0.0007,0.0028,0.004,0.0013,0.0011,0.0013,0.0007,0.0006,0.0007,0.0013,0.0012,0.0031,0.009,0.0034,0.0033,0.0027,0.0028,0.0028,0.0034,0.0045,0.0024,0.0106,0.0,0.0,0.01,0.01,0.01,0.01,0.01,0.01,0.01,0.01,0.01,0.01,0.01,0.01,0.01,0.01,0.01,0.01,0.01,0.01,0.01,0.01,0.01,0.01,0.01,0.01,0.01,0.01,0.01,0.01,0.01,0.01,0.01,0.01,0.01,0.01,0.01,0.01,0.01,0.01,0.01,0.01,0.01,0.01,0.01,0.01,0.01,0.01,0.01,0.01,0.01,0.01,0.01,0.01,0.01,0.01,0.01,0.01,0.01,0.01,0.01,0.01,0.01,0.01,0.01,0.01,0.01,0.01,0.01,0.01,0.01,0.01,0.01,0.01,0.01,0.01,0.01,0.01,0.01,0.01,0.01,0.01,0.01,0.01,0.01,0.01,0.01,0.01,0.01,0.01,0.01,0.01,0.01,0.01,0.01,0.01,0.01,0.01,0.01,0.01,0.01,0.01,0.01,0.01,0.01,0.01,0.01,0.01,0.01,0.01,0.01,0.01,0.01,0.01,0.01,0.01,0.01,0.01,0.01,0.01,0.01,0.01,0.01,0.01,0.01,0.01,0.01,0.01,0.01,0.01,0.01,0.01,0.01,0.01,0.01,0.01,0.01,0.01,0.01,0.01,0.01,0.01,0.01,0.01,0.01,0.01,0.01,0.01,0.01,0.01,0.01,0.01,0.01,0.01,0.01,0.01,0.01,0.01,0.01,0.01,0.01,0.01,0.01,0.01,0.01,0.01,0.01,0.01,0.01,0.01,0.01,0.01,0.01,0.01,0.01,0.01,0.01,0.01,0.01,0.01,0.01,0.01,0.01,0.01,0.01,0.01,0.01,0.01,0.01,0.01,0.01,0.01,0.01,0.01,0.01,0.01,0.01,0.01,0.01,0.01,0.01,0.01
vanilla,2,41000,38.21044605446514,38.42976962507237,0.6181086301803589,0.8269686698913574,0,0.20930000000000004,0.7907,0.0089,0.0031,0.0034,0.004,0.0041,0.0022,0.0024,0.0049,0.0039,0.0079,0.0038,0.0014,0.0022,0.0017,0.0007,0.001,0.0011,0.0013,0.0011,0.0021,0.0045,0.0012,0.0008,0.0008,0.0012,0.0002,0.0011,0.0019,0.0003,0.0037,0.0037,0.0014,0.0007,0.0015,0.0017,0.0008,0.0019,0.0011,0.0009,0.0032,0.0031,0.0013,0.0009,0.0013,0.0015,0.0007,0.001,0.001,0.0009,0.0031,0.004,0.0011,0.0014,0.0014,0.0012,0.0009,0.0007,0.0009,0.0016,0.0033,0.0033,0.0007,0.0014,0.0011,0.0009,0.0013,0.0013,0.0011,0.0015,0.0029,0.0042,0.002,0.0017,0.002,0.0012,0.0013,0.0017,0.0013,0.0007,0.0029,0.0032,0.0005,0.0013,0.0011,0.0008,0.0008,0.0011,0.0012,0.0009,0.0017,0.0085,0.0027,0.0022,0.0022,0.0022,0.0023,0.0021,0.004,0.002,0.0089,0.0,0.0,0.01,0.01,0.01,0.01,0.01,0.01,0.01,0.01,0.01,0.01,0.01,0.01,0.01,0.01,0.01,0.01,0.01,0.01,0.01,0.01,0.01,0.01,0.01,0.01,0.01,0.01,0.01,0.01,0.01,0.01,0.01,0.01,0.01,0.01,0.01,0.01,0.01,0.01,0.01,0.01,0.01,0.01,0.01,0.01,0.01,0.01,0.01,0.01,0.01,0.01,0.01,0.01,0.01,0.01,0.01,0.01,0.01,0.01,0.01,0.01,0.01,0.01,0.01,0.01,0.01,0.01,0.01,0.01,0.01,0.01,0.01,0.01,0.01,0.01,0.01,0.01,0.01,0.01,0.01,0.01,0.01,0.01,0.01,0.01,0.01,0.01,0.01,0.01,0.01,0.01,0.01,0.01,0.01,0.01,0.01,0.01,0.01,0.01,0.01,0.01,0.01,0.01,0.01,0.01,0.01,0.01,0.01,0.01,0.01,0.01,0.01,0.01,0.01,0.01,0.01,0.01,0.01,0.01,0.01,0.01,0.01,0.01,0.01,0.01,0.01,0.01,0.01,0.01,0.01,0.01,0.01,0.01,0.01,0.01,0.01,0.01,0.01,0.01,0.01,0.01,0.01,0.01,0.01,0.01,0.01,0.01,0.01,0.01,0.01,0.01,0.01,0.01,0.01,0.01,0.01,0.01,0.01,0.01,0.01,0.01,0.01,0.01,0.01,0.01,0.01,0.01,0.01,0.01,0.01,0.01,0.01,0.01,0.01,0.01,0.01,0.01,0.01,0.01,0.01,0.01,0.01,0.01,0.01,0.01,0.01,0.01,0.01,0.01,0.01,0.01,0.01,0.01,0.01,0.01,0.01,0.01,0.01,0.01,0.01,0.01
vanilla,2,42000,39.201312743127346,39.427227792097256,0.6133031249046326,0.8201044201850891,1,0.21889999999999998,0.7815000000000001,0.0082,0.0047,0.004,0.0037,0.0033,0.0024,0.003,0.0051,0.0029,0.0072,0.0034,0.0012,0.0011,0.0008,0.0009,0.0008,0.0006,0.0013,0.001,0.0016,0.004,0.0015,0.0011,0.0014,0.0016,0.0015,0.0012,0.002,0.0005,0.0035,0.0038,0.0015,0.0017,0.0014,0.0011,0.0008,0.001,0.0018,0.0008,0.0026,0.0036,0.0015,0.0011,0.0017,0.0013,0.0007,0.0011,0.0012,0.0012,0.002,0.0049,0.0016,0.0013,0.0022,0.0014,0.0006,0.0009,0.0009,0.0017,0.0034,0.0043,0.0012,0.0017,0.0009,0.0013,0.0006,0.0004,0.0011,0.0014,0.003,0.0047,0.0022,0.0016,0.0013,0.0011,0.0012,0.0013,0.0015,0.0006,0.003,0.0036,0.0014,0.0011,0.0012,0.0003,0.0006,0.0017,0.0009,0.0014,0.0024,0.0104,0.0032,0.0033,0.0032,0.0034,0.0021,0.0022,0.0047,0.0017,0.0094,0.0,0.0,0.01,0.01,0.01,0.01,0.01,0.01,0.01,0.01,0.01,0.01,0.01,0.01,0.01,0.01,0.01,0.01,0.01,0.01,0.01,0.01,0.01,0.01,0.01,0.01,0.01,0.01,0.01,0.01,0.01,0.01,0.01,0.01,0.01,0.01,0.01,0.01,0.01,0.01,0.01,0.01,0.01,0.01,0.01,0.01,0.01,0.01,0.01,0.01,0.01,0.01,0.01,0.01,0.01,0.01,0.01,0.01,0.01,0.01,0.01,0.01,0.01,0.01,0.01,0.01,0.01,0.01,0.01,0.01,0.01,0.01,0.01,0.01,0.01,0.01,0.01,0.01,0.01,0.01,0.01,0.01,0.01,0.01,0.01,0.01,0.01,0.01,0.01,0.01,0.01,0.01,0.01,0.01,0.01,0.01,0.01,0.01,0.01,0.01,0.01,0.01,0.01,0.01,0.01,0.01,0.01,0.01,0.01,0.01,0.01,0.01,0.01,0.01,0.01,0.01,0.01,0.01,0.01,0.01,0.01,0.01,0.01,0.01,0.01,0.01,0.01,0.01,0.01,0.01,0.01,0.01,0.01,0.01,0.01,0.01,0.01,0.01,0.01,0.01,0.01,0.01,0.01,0.01,0.01,0.01,0.01,0.01,0.01,0.01,0.01,0.01,0.01,0.01,0.01,0.01,0.01,0.01,0.01,0.01,0.01,0.01,0.01,0.01,0.01,0.01,0.01,0.01,0.01,0.01,0.01,0.01,0.01,0.01,0.01,0.01,0.01,0.01,0.01,0.01,0.01,0.01,0.01,0.01,0.01,0.01,0.01,0.01,0.01,0.01,0.01,0.01,0.01,0.01,0.01,0.01,0.01,0.01,0.01,0.01,0.01,0.01
vanilla,2,43000,40.12154896836728,40.35344891704153,0.612824559211731,0.7962561249732971,1,0.2217,0.7793,0.0075,0.004,0.0033,0.003,0.0035,0.0024,0.0027,0.0038,0.0037,0.0073,0.0034,0.001,0.0011,0.0007,0.001,0.001,0.0005,0.0015,0.0007,0.0023,0.0043,0.0014,0.0016,0.0008,0.0012,0.0009,0.0014,0.0017,0.0011,0.0036,0.0035,0.0015,0.0018,0.0011,0.0014,0.0011,0.0012,0.0021,0.0011,0.0035,0.0035,0.0014,0.001,0.0014,0.0014,0.0011,0.0008,0.0013,0.0014,0.0032,0.0037,0.0017,0.0015,0.0017,0.001,0.0009,0.0012,0.0013,0.0016,0.0037,0.0034,0.0013,0.002,0.0007,0.0013,0.0003,0.0007,0.0012,0.0017,0.0036,0.0044,0.0023,0.0017,0.0011,0.001,0.0014,0.0012,0.0019,0.0012,0.0038,0.0043,0.001,0.0013,0.0017,0.0008,0.0008,0.0008,0.0015,0.0005,0.0027,0.0084,0.0026,0.0033,0.0026,0.0035,0.0026,0.0025,0.0048,0.0033,0.011,0.0,0.0,0.01,0.01,0.01,0.01,0.01,0.01,0.01,0.01,0.01,0.01,0.01,0.01,0.01,0.01,0.01,0.01,0.01,0.01,0.01,0.01,0.01,0.01,0.01,0.01,0.01,0.01,0.01,0.01,0.01,0.01,0.01,0.01,0.01,0.01,0.01,0.01,0.01,0.01,0.01,0.01,0.01,0.01,0.01,0.01,0.01,0.01,0.01,0.01,0.01,0.01,0.01,0.01,0.01,0.01,0.01,0.01,0.01,0.01,0.01,0.01,0.01,0.01,0.01,0.01,0.01,0.01,0.01,0.01,0.01,0.01,0.01,0.01,0.01,0.01,0.01,0.01,0.01,0.01,0.01,0.01,0.01,0.01,0.01,0.01,0.01,0.01,0.01,0.01,0.01,0.01,0.01,0.01,0.01,0.01,0.01,0.01,0.01,0.01,0.01,0.01,0.01,0.01,0.01,0.01,0.01,0.01,0.01,0.01,0.01,0.01,0.01,0.01,0.01,0.01,0.01,0.01,0.01,0.01,0.01,0.01,0.01,0.01,0.01,0.01,0.01,0.01,0.01,0.01,0.01,0.01,0.01,0.01,0.01,0.01,0.01,0.01,0.01,0.01,0.01,0.01,0.01,0.01,0.01,0.01,0.01,0.01,0.01,0.01,0.01,0.01,0.01,0.01,0.01,0.01,0.01,0.01,0.01,0.01,0.01,0.01,0.01,0.01,0.01,0.01,0.01,0.01,0.01,0.01,0.01,0.01,0.01,0.01,0.01,0.01,0.01,0.01,0.01,0.01,0.01,0.01,0.01,0.01,0.01,0.01,0.01,0.01,0.01,0.01,0.01,0.01,0.01,0.01,0.01,0.01,0.01,0.01,0.01,0.01,0.01,0.01
vanilla,2,44000,41.04082066449337,41.27921541710384,0.6269946098327637,0.861935019493103,1,0.21840000000000004,0.7838,0.0077,0.0042,0.003,0.003,0.0028,0.0027,0.0017,0.0045,0.0031,0.0051,0.0031,0.001,0.0009,0.001,0.0008,0.0008,0.0006,0.0013,0.0013,0.0023,0.0039,0.0016,0.0009,0.0011,0.0017,0.001,0.0014,0.0014,0.0012,0.0026,0.003,0.0015,0.0015,0.0012,0.0016,0.0013,0.0016,0.0017,0.0011,0.0036,0.0029,0.001,0.0015,0.0016,0.0015,0.0013,0.0011,0.0016,0.0014,0.0033,0.0033,0.0016,0.0014,0.0017,0.0013,0.001,0.0013,0.001,0.0014,0.0033,0.0033,0.0007,0.0018,0.0006,0.0011,0.0006,0.0005,0.002,0.0017,0.0027,0.0037,0.0013,0.0015,0.0008,0.0009,0.001,0.0012,0.002,0.0005,0.0028,0.0038,0.0011,0.0015,0.0014,0.0012,0.001,0.0014,0.0011,0.001,0.0029,0.0095,0.003,0.0042,0.0034,0.0042,0.0026,0.0033,0.0051,0.0035,0.0122,0.0,0.0,0.01,0.01,0.01,0.01,0.01,0.01,0.01,0.01,0.01,0.01,0.01,0.01,0.01,0.01,0.01,0.01,0.01,0.01,0.01,0.01,0.01,0.01,0.01,0.01,0.01,0.01,0.01,0.01,0.01,0.01,0.01,0.01,0.01,0.01,0.01,0.01,0.01,0.01,0.01,0.01,0.01,0.01,0.01,0.01,0.01,0.01,0.01,0.01,0.01,0.01,0.01,0.01,0.01,0.01,0.01,0.01,0.01,0.01,0.01,0.01,0.01,0.01,0.01,0.01,0.01,0.01,0.01,0.01,0.01,0.01,0.01,0.01,0.01,0.01,0.01,0.01,0.01,0.01,0.01,0.01,0.01,0.01,0.01,0.01,0.01,0.01,0.01,0.01,0.01,0.01,0.01,0.01,0.01,0.01,0.01,0.01,0.01,0.01,0.01,0.01,0.01,0.01,0.01,0.01,0.01,0.01,0.01,0.01,0.01,0.01,0.01,0.01,0.01,0.01,0.01,0.01,0.01,0.01,0.01,0.01,0.01,0.01,0.01,0.01,0.01,0.01,0.01,0.01,0.01,0.01,0.01,0.01,0.01,0.01,0.01,0.01,0.01,0.01,0.01,0.01,0.01,0.01,0.01,0.01,0.01,0.01,0.01,0.01,0.01,0.01,0.01,0.01,0.01,0.01,0.01,0.01,0.01,0.01,0.01,0.01,0.01,0.01,0.01,0.01,0.01,0.01,0.01,0.01,0.01,0.01,0.01,0.01,0.01,0.01,0.01,0.01,0.01,0.01,0.01,0.01,0.01,0.01,0.01,0.01,0.01,0.01,0.01,0.01,0.01,0.01,0.01,0.01,0.01,0.01,0.01,0.01,0.01,0.01,0.01,0.01
vanilla,2,45000,41.97943175630644,42.22404479200486,0.6156133413314819,0.8460744619369507,0,0.18989999999999996,0.8101,0.005,0.0014,0.0019,0.002,0.0023,0.0013,0.0012,0.0021,0.0021,0.0038,0.0027,0.0011,0.0014,0.0005,0.0009,0.0006,0.0008,0.0017,0.0009,0.0011,0.0034,0.0016,0.0009,0.0007,0.0016,0.0008,0.0014,0.0021,0.001,0.0022,0.0038,0.0019,0.0016,0.0009,0.0016,0.0006,0.0015,0.0019,0.0007,0.003,0.004,0.0013,0.0012,0.0015,0.0007,0.0007,0.0009,0.0016,0.001,0.0032,0.0032,0.0013,0.0013,0.0016,0.0012,0.0006,0.001,0.0011,0.0009,0.0024,0.0035,0.001,0.0015,0.0011,0.0009,0.0002,0.0012,0.0017,0.0017,0.0026,0.0035,0.0016,0.0018,0.0013,0.0007,0.001,0.0015,0.0021,0.0015,0.0038,0.0035,0.0011,0.0013,0.0014,0.0006,0.001,0.0007,0.0011,0.0009,0.0032,0.0074,0.003,0.0032,0.0032,0.004,0.0023,0.0024,0.0049,0.0034,0.0084,0.0,0.0,0.01,0.01,0.01,0.01,0.01,0.01,0.01,0.01,0.01,0.01,0.01,0.01,0.01,0.01,0.01,0.01,0.01,0.01,0.01,0.01,0.01,0.01,0.01,0.01,0.01,0.01,0.01,0.01,0.01,0.01,0.01,0.01,0.01,0.01,0.01,0.01,0.01,0.01,0.01,0.01,0.01,0.01,0.01,0.01,0.01,0.01,0.01,0.01,0.01,0.01,0.01,0.01,0.01,0.01,0.01,0.01,0.01,0.01,0.01,0.01,0.01,0.01,0.01,0.01,0.01,0.01,0.01,0.01,0.01,0.01,0.01,0.01,0.01,0.01,0.01,0.01,0.01,0.01,0.01,0.01,0.01,0.01,0.01,0.01,0.01,0.01,0.01,0.01,0.01,0.01,0.01,0.01,0.01,0.01,0.01,0.01,0.01,0.01,0.01,0.01,0.01,0.01,0.01,0.01,0.01,0.01,0.01,0.01,0.01,0.01,0.01,0.01,0.01,0.01,0.01,0.01,0.01,0.01,0.01,0.01,0.01,0.01,0.01,0.01,0.01,0.01,0.01,0.01,0.01,0.01,0.01,0.01,0.01,0.01,0.01,0.01,0.01,0.01,0.01,0.01,0.01,0.01,0.01,0.01,0.01,0.01,0.01,0.01,0.01,0.01,0.01,0.01,0.01,0.01,0.01,0.01,0.01,0.01,0.01,0.01,0.01,0.01,0.01,0.01,0.01,0.01,0.01,0.01,0.01,0.01,0.01,0.01,0.01,0.01,0.01,0.01,0.01,0.01,0.01,0.01,0.01,0.01,0.01,0.01,0.01,0.01,0.01,0.01,0.01,0.01,0.01,0.01,0.01,0.01,0.01,0.01,0.01,0.01,0.01,0.01
vanilla,2,46000,42.93163898261264,43.182769625098445,0.6133670210838318,0.804102897644043,0,0.22199999999999998,0.778,0.0081,0.0043,0.0036,0.0032,0.0039,0.0025,0.0024,0.0047,0.0026,0.0077,0.0033,0.0011,0.0009,0.0006,0.001,0.0007,0.0007,0.0012,0.001,0.002,0.0041,0.0016,0.0012,0.0006,0.002,0.001,0.0013,0.0018,0.001,0.0037,0.0043,0.0016,0.002,0.0012,0.001,0.0008,0.0013,0.0019,0.0011,0.0034,0.0037,0.0014,0.0014,0.0013,0.0014,0.0005,0.0007,0.0012,0.0012,0.0038,0.0029,0.0015,0.0018,0.0016,0.0009,0.0012,0.0008,0.0012,0.0013,0.004,0.0029,0.001,0.0018,0.0011,0.0013,0.0008,0.0006,0.0018,0.0014,0.0036,0.0038,0.0018,0.0016,0.001,0.0017,0.0014,0.0014,0.0021,0.0008,0.0033,0.0036,0.0009,0.0017,0.0015,0.0003,0.0002,0.0011,0.0012,0.001,0.0027,0.0088,0.0032,0.0034,0.0034,0.0045,0.0019,0.0029,0.0052,0.0033,0.0098,0.0,0.0,0.01,0.01,0.01,0.01,0.01,0.01,0.01,0.01,0.01,0.01,0.01,0.01,0.01,0.01,0.01,0.01,0.01,0.01,0.01,0.01,0.01,0.01,0.01,0.01,0.01,0.01,0.01,0.01,0.01,0.01,0.01,0.01,0.01,0.01,0.01,0.01,0.01,0.01,0.01,0.01,0.01,0.01,0.01,0.01,0.01,0.01,0.01,0.01,0.01,0.01,0.01,0.01,0.01,0.01,0.01,0.01,0.01,0.01,0.01,0.01,0.01,0.01,0.01,0.01,0.01,0.01,0.01,0.01,0.01,0.01,0.01,0.01,0.01,0.01,0.01,0.01,0.01,0.01,0.01,0.01,0.01,0.01,0.01,0.01,0.01,0.01,0.01,0.01,0.01,0.01,0.01,0.01,0.01,0.01,0.01,0.01,0.01,0.01,0.01,0.01,0.01,0.01,0.01,0.01,0.01,0.01,0.01,0.01,0.01,0.01,0.01,0.01,0.01,0.01,0.01,0.01,0.01,0.01,0.01,0.01,0.01,0.01,0.01,0.01,0.01,0.01,0.01,0.01,0.01,0.01,0.01,0.01,0.01,0.01,0.01,0.01,0.01,0.01,0.01,0.01,0.01,0.01,0.01,0.01,0.01,0.01,0.01,0.01,0.01,0.01,0.01,0.01,0.01,0.01,0.01,0.01,0.01,0.01,0.01,0.01,0.01,0.01,0.01,0.01,0.01,0.01,0.01,0.01,0.01,0.01,0.01,0.01,0.01,0.01,0.01,0.01,0.01,0.01,0.01,0.01,0.01,0.01,0.01,0.01,0.01,0.01,0.01,0.01,0.01,0.01,0.01,0.01,0.01,0.01,0.01,0.01,0.01,0.01,0.01,0.01
vanilla,2,47000,43.871261697262526,44.12963604205288,0.5940051078796387,0.8320847749710083,0,0.2228,0.7772,0.0078,0.0036,0.0038,0.0031,0.003,0.0023,0.0023,0.0046,0.0042,0.0083,0.0026,0.0011,0.0012,0.0013,0.001,0.0008,0.0005,0.001,0.001,0.0025,0.0037,0.0014,0.0014,0.001,0.0021,0.0008,0.0014,0.0021,0.0005,0.0031,0.0036,0.0016,0.0013,0.001,0.0018,0.0007,0.0011,0.0018,0.0009,0.0039,0.0036,0.0013,0.002,0.0016,0.0018,0.0008,0.0009,0.0012,0.0009,0.0037,0.0026,0.0014,0.0015,0.0012,0.0015,0.0009,0.0013,0.0014,0.0009,0.0042,0.0027,0.001,0.0019,0.0013,0.0011,0.0009,0.0013,0.0015,0.0008,0.0036,0.0035,0.0017,0.0013,0.0017,0.0014,0.001,0.0016,0.0018,0.0012,0.004,0.0037,0.0014,0.0012,0.0013,0.0008,0.0005,0.0008,0.0009,0.001,0.0031,0.0088,0.0036,0.0045,0.0042,0.0047,0.0019,0.0026,0.0054,0.0032,0.008,0.0,0.0,0.01,0.01,0.01,0.01,0.01,0.01,0.01,0.01,0.01,0.01,0.01,0.01,0.01,0.01,0.01,0.01,0.01,0.01,0.01,0.01,0.01,0.01,0.01,0.01,0.01,0.01,0.01,0.01,0.01,0.01,0.01,0.01,0.01,0.01,0.01,0.01,0.01,0.01,0.01,0.01,0.01,0.01,0.01,0.01,0.01,0.01,0.01,0.01,0.01,0.01,0.01,0.01,0.01,0.01,0.01,0.01,0.01,0.01,0.01,0.01,0.01,0.01,0.01,0.01,0.01,0.01,0.01,0.01,0.01,0.01,0.01,0.01,0.01,0.01,0.01,0.01,0.01,0.01,0.01,0.01,0.01,0.01,0.01,0.01,0.01,0.01,0.01,0.01,0.01,0.01,0.01,0.01,0.01,0.01,0.01,0.01,0.01,0.01,0.01,0.01,0.01,0.01,0.01,0.01,0.01,0.01,0.01,0.01,0.01,0.01,0.01,0.01,0.01,0.01,0.01,0.01,0.01,0.01,0.01,0.01,0.01,0.01,0.01,0.01,0.01,0.01,0.01,0.01,0.01,0.01,0.01,0.01,0.01,0.01,0.01,0.01,0.01,0.01,0.01,0.01,0.01,0.01,0.01,0.01,0.01,0.01,0.01,0.01,0.01,0.01,0.01,0.01,0.01,0.01,0.01,0.01,0.01,0.01,0.01,0.01,0.01,0.01,0.01,0.01,0.01,0.01,0.01,0.01,0.01,0.01,0.01,0.01,0.01,0.01,0.01,0.01,0.01,0.01,0.01,0.01,0.01,0.01,0.01,0.01,0.01,0.01,0.01,0.01,0.01,0.01,0.01,0.01,0.01,0.01,0.01,0.01,0.01,0.01,0.01,0.01
vanilla,2,48000,44.81309767393395,45.07842595910188,0.5901780128479004,0.8289451003074646,0,0.21419999999999995,0.7858,0.0068,0.0038,0.0035,0.0036,0.0033,0.0029,0.0024,0.0037,0.0037,0.0087,0.0027,0.0015,0.0014,0.0009,0.0013,0.0006,0.0011,0.0015,0.0007,0.0032,0.0043,0.0009,0.0022,0.0012,0.0019,0.0004,0.0012,0.0013,0.0011,0.0042,0.0052,0.0021,0.001,0.0012,0.0016,0.0009,0.0007,0.0018,0.0015,0.0025,0.0036,0.0013,0.0013,0.0009,0.0015,0.0007,0.0004,0.0012,0.0007,0.0034,0.003,0.0016,0.0017,0.0019,0.0011,0.0015,0.0009,0.0012,0.0007,0.0035,0.0038,0.0009,0.0013,0.0016,0.0006,0.0007,0.0014,0.0018,0.001,0.0044,0.0041,0.0012,0.0016,0.0016,0.0018,0.0009,0.0015,0.0019,0.001,0.0041,0.0039,0.0012,0.0012,0.0011,0.001,0.0005,0.0011,0.0009,0.001,0.0029,0.0094,0.0028,0.0041,0.0033,0.0036,0.0011,0.0024,0.0047,0.0022,0.002,0.0,0.0,0.01,0.01,0.01,0.01,0.01,0.01,0.01,0.01,0.01,0.01,0.01,0.01,0.01,0.01,0.01,0.01,0.01,0.01,0.01,0.01,0.01,0.01,0.01,0.01,0.01,0.01,0.01,0.01,0.01,0.01,0.01,0.01,0.01,0.01,0.01,0.01,0.01,0.01,0.01,0.01,0.01,0.01,0.01,0.01,0.01,0.01,0.01,0.01,0.01,0.01,0.01,0.01,0.01,0.01,0.01,0.01,0.01,0.01,0.01,0.01,0.01,0.01,0.01,0.01,0.01,0.01,0.01,0.01,0.01,0.01,0.01,0.01,0.01,0.01,0.01,0.01,0.01,0.01,0.01,0.01,0.01,0.01,0.01,0.01,0.01,0.01,0.01,0.01,0.01,0.01,0.01,0.01,0.01,0.01,0.01,0.01,0.01,0.01,0.01,0.01,0.01,0.01,0.01,0.01,0.01,0.01,0.01,0.01,0.01,0.01,0.01,0.01,0.01,0.01,0.01,0.01,0.01,0.01,0.01,0.01,0.01,0.01,0.01,0.01,0.01,0.01,0.01,0.01,0.01,0.01,0.01,0.01,0.01,0.01,0.01,0.01,0.01,0.01,0.01,0.01,0.01,0.01,0.01,0.01,0.01,0.01,0.01,0.01,0.01,0.01,0.01,0.01,0.01,0.01,0.01,0.01,0.01,0.01,0.01,0.01,0.01,0.01,0.01,0.01,0.01,0.01,0.01,0.01,0.01,0.01,0.01,0.01,0.01,0.01,0.01,0.01,0.01,0.01,0.01,0.01,0.01,0.01,0.01,0.01,0.01,0.01,0.01,0.01,0.01,0.01,0.01,0.01,0.01,0.01,0.01,0.01,0.01,0.01,0.01,0.01
vanilla,2,49000,45.751462348154746,46.02357316704001,0.5985926985740662,0.8693718910217285,0,0.22140000000000004,0.7786,0.0089,0.0041,0.0045,0.004,0.0038,0.0025,0.0032,0.0041,0.0036,0.007,0.0026,0.0016,0.0011,0.0006,0.0008,0.0007,0.0012,0.0014,0.0006,0.0017,0.0043,0.0021,0.0017,0.001,0.0017,0.0005,0.0012,0.0015,0.0005,0.0034,0.0034,0.0021,0.001,0.0012,0.0009,0.0007,0.0009,0.0018,0.0012,0.0027,0.0039,0.0013,0.0014,0.0016,0.0016,0.0003,0.0008,0.0011,0.0009,0.0033,0.0037,0.0019,0.0012,0.001,0.0015,0.0015,0.0012,0.0012,0.0006,0.0033,0.0028,0.0008,0.001,0.0012,0.001,0.0006,0.0009,0.0012,0.0008,0.0033,0.0041,0.0017,0.0018,0.0022,0.0012,0.0007,0.0021,0.0018,0.0009,0.0035,0.0034,0.0014,0.0012,0.0011,0.001,0.0007,0.0011,0.001,0.001,0.0031,0.0091,0.003,0.0047,0.0036,0.0043,0.0018,0.0037,0.0053,0.0032,0.009,0.0,0.0,0.01,0.01,0.01,0.01,0.01,0.01,0.01,0.01,0.01,0.01,0.01,0.01,0.01,0.01,0.01,0.01,0.01,0.01,0.01,0.01,0.01,0.01,0.01,0.01,0.01,0.01,0.01,0.01,0.01,0.01,0.01,0.01,0.01,0.01,0.01,0.01,0.01,0.01,0.01,0.01,0.01,0.01,0.01,0.01,0.01,0.01,0.01,0.01,0.01,0.01,0.01,0.01,0.01,0.01,0.01,0.01,0.01,0.01,0.01,0.01,0.01,0.01,0.01,0.01,0.01,0.01,0.01,0.01,0.01,0.01,0.01,0.01,0.01,0.01,0.01,0.01,0.01,0.01,0.01,0.01,0.01,0.01,0.01,0.01,0.01,0.01,0.01,0.01,0.01,0.01,0.01,0.01,0.01,0.01,0.01,0.01,0.01,0.01,0.01,0.01,0.01,0.01,0.01,0.01,0.01,0.01,0.01,0.01,0.01,0.01,0.01,0.01,0.01,0.01,0.01,0.01,0.01,0.01,0.01,0.01,0.01,0.01,0.01,0.01,0.01,0.01,0.01,0.01,0.01,0.01,0.01,0.01,0.01,0.01,0.01,0.01,0.01,0.01,0.01,0.01,0.01,0.01,0.01,0.01,0.01,0.01,0.01,0.01,0.01,0.01,0.01,0.01,0.01,0.01,0.01,0.01,0.01,0.01,0.01,0.01,0.01,0.01,0.01,0.01,0.01,0.01,0.01,0.01,0.01,0.01,0.01,0.01,0.01,0.01,0.01,0.01,0.01,0.01,0.01,0.01,0.01,0.01,0.01,0.01,0.01,0.01,0.01,0.01,0.01,0.01,0.01,0.01,0.01,0.01,0.01,0.01,0.01,0.01,0.01,0.01
vanilla,2,50000,46.70699237170629,46.98692270903848,0.5882246494293213,0.7935456037521362,1,0.1996,0.8005,0.0078,0.0024,0.0037,0.003,0.0033,0.0015,0.0024,0.0037,0.0036,0.0078,0.0034,0.0014,0.001,0.0012,0.0012,0.0005,0.0008,0.0015,0.0007,0.0027,0.0047,0.0016,0.0012,0.0016,0.0019,0.0005,0.0012,0.0019,0.0007,0.0038,0.0052,0.002,0.0008,0.0012,0.0013,0.0007,0.0009,0.002,0.0014,0.0034,0.0034,0.0008,0.0015,0.0012,0.001,0.0006,0.0003,0.0014,0.0014,0.0028,0.0031,0.0016,0.0013,0.0008,0.0006,0.0007,0.0007,0.001,0.0008,0.0037,0.0042,0.001,0.0008,0.0013,0.0012,0.0005,0.0008,0.0009,0.0009,0.0035,0.0039,0.0016,0.0015,0.0014,0.001,0.0006,0.0015,0.0019,0.0007,0.0033,0.0036,0.0013,0.0011,0.001,0.0014,0.0006,0.001,0.0012,0.0011,0.0027,0.0067,0.0011,0.0018,0.0016,0.0028,0.0012,0.0013,0.003,0.0022,0.0101,0.0,0.0,0.01,0.01,0.01,0.01,0.01,0.01,0.01,0.01,0.01,0.01,0.01,0.01,0.01,0.01,0.01,0.01,0.01,0.01,0.01,0.01,0.01,0.01,0.01,0.01,0.01,0.01,0.01,0.01,0.01,0.01,0.01,0.01,0.01,0.01,0.01,0.01,0.01,0.01,0.01,0.01,0.01,0.01,0.01,0.01,0.01,0.01,0.01,0.01,0.01,0.01,0.01,0.01,0.01,0.01,0.01,0.01,0.01,0.01,0.01,0.01,0.01,0.01,0.01,0.01,0.01,0.01,0.01,0.01,0.01,0.01,0.01,0.01,0.01,0.01,0.01,0.01,0.01,0.01,0.01,0.01,0.01,0.01,0.01,0.01,0.01,0.01,0.01,0.01,0.01,0.01,0.01,0.01,0.01,0.01,0.01,0.01,0.01,0.01,0.01,0.01,0.01,0.01,0.01,0.01,0.01,0.01,0.01,0.01,0.01,0.01,0.01,0.01,0.01,0.01,0.01,0.01,0.01,0.01,0.01,0.01,0.01,0.01,0.01,0.01,0.01,0.01,0.01,0.01,0.01,0.01,0.01,0.01,0.01,0.01,0.01,0.01,0.01,0.01,0.01,0.01,0.01,0.01,0.01,0.01,0.01,0.01,0.01,0.01,0.01,0.01,0.01,0.01,0.01,0.01,0.01,0.01,0.01,0.01,0.01,0.01,0.01,0.01,0.01,0.01,0.01,0.01,0.01,0.01,0.01,0.01,0.01,0.01,0.01,0.01,0.01,0.01,0.01,0.01,0.01,0.01,0.01,0.01,0.01,0.01,0.01,0.01,0.01,0.01,0.01,0.01,0.01,0.01,0.01,0.01,0.01,0.01,0.01,0.01,0.01,0.01
vanilla,2,51000,47.63041101023555,47.91937070910353,0.606528103351593,0.8367329239845276,1,0.23219999999999996,0.7682000000000001,0.0087,0.0037,0.0049,0.0045,0.0042,0.0028,0.003,0.0047,0.0042,0.0086,0.0029,0.0009,0.0014,0.0007,0.0012,0.0005,0.0007,0.0023,0.0011,0.0021,0.0042,0.0013,0.0015,0.0012,0.0015,0.0013,0.0015,0.0013,0.0013,0.004,0.0035,0.0016,0.0012,0.0008,0.0015,0.0008,0.001,0.0015,0.0013,0.0035,0.0033,0.0012,0.0019,0.0019,0.0018,0.0006,0.0011,0.0009,0.0013,0.0031,0.0039,0.0014,0.0012,0.0011,0.0015,0.001,0.0009,0.0015,0.0008,0.0032,0.0029,0.0013,0.0014,0.001,0.0011,0.0006,0.0009,0.0016,0.0012,0.0038,0.0044,0.0017,0.0016,0.0018,0.0017,0.0007,0.0019,0.0021,0.0009,0.0036,0.004,0.001,0.0016,0.001,0.0011,0.0002,0.0014,0.0008,0.0013,0.0035,0.0095,0.0033,0.0036,0.0035,0.0037,0.0022,0.0036,0.0045,0.0033,0.0104,0.0,0.0,0.01,0.01,0.01,0.01,0.01,0.01,0.01,0.01,0.01,0.01,0.01,0.01,0.01,0.01,0.01,0.01,0.01,0.01,0.01,0.01,0.01,0.01,0.01,0.01,0.01,0.01,0.01,0.01,0.01,0.01,0.01,0.01,0.01,0.01,0.01,0.01,0.01,0.01,0.01,0.01,0.01,0.01,0.01,0.01,0.01,0.01,0.01,0.01,0.01,0.01,0.01,0.01,0.01,0.01,0.01,0.01,0.01,0.01,0.01,0.01,0.01,0.01,0.01,0.01,0.01,0.01,0.01,0.01,0.01,0.01,0.01,0.01,0.01,0.01,0.01,0.01,0.01,0.01,0.01,0.01,0.01,0.01,0.01,0.01,0.01,0.01,0.01,0.01,0.01,0.01,0.01,0.01,0.01,0.01,0.01,0.01,0.01,0.01,0.01,0.01,0.01,0.01,0.01,0.01,0.01,0.01,0.01,0.01,0.01,0.01,0.01,0.01,0.01,0.01,0.01,0.01,0.01,0.01,0.01,0.01,0.01,0.01,0.01,0.01,0.01,0.01,0.01,0.01,0.01,0.01,0.01,0.01,0.01,0.01,0.01,0.01,0.01,0.01,0.01,0.01,0.01,0.01,0.01,0.01,0.01,0.01,0.01,0.01,0.01,0.01,0.01,0.01,0.01,0.01,0.01,0.01,0.01,0.01,0.01,0.01,0.01,0.01,0.01,0.01,0.01,0.01,0.01,0.01,0.01,0.01,0.01,0.01,0.01,0.01,0.01,0.01,0.01,0.01,0.01,0.01,0.01,0.01,0.01,0.01,0.01,0.01,0.01,0.01,0.01,0.01,0.01,0.01,0.01,0.01,0.01,0.01,0.01,0.01,0.01,0.01
vanilla,2,52000,48.56848782801535,48.864514417015016,0.5859376192092896,0.8375628590583801,1,0.22450000000000003,0.7768999999999999,0.009,0.0033,0.0044,0.0039,0.0031,0.0022,0.0036,0.0043,0.0035,0.0076,0.0037,0.0009,0.001,0.0016,0.0007,0.0006,0.0009,0.0015,0.0011,0.0021,0.0049,0.0019,0.0018,0.0011,0.0007,0.0014,0.0016,0.0015,0.0007,0.0036,0.0046,0.0022,0.0012,0.0007,0.0011,0.0011,0.0007,0.0018,0.0014,0.0035,0.0031,0.0007,0.0014,0.0013,0.0011,0.0003,0.0009,0.0008,0.0011,0.0026,0.0042,0.0023,0.0011,0.0009,0.0014,0.0011,0.0014,0.0018,0.0005,0.0032,0.0038,0.0015,0.0011,0.0014,0.0007,0.0005,0.0009,0.0014,0.0009,0.0036,0.005,0.0016,0.0015,0.0017,0.0012,0.001,0.002,0.002,0.0009,0.0039,0.0046,0.0011,0.0012,0.0013,0.0009,0.0004,0.0009,0.0007,0.0011,0.0032,0.0114,0.0033,0.0035,0.0037,0.0032,0.0016,0.0042,0.0044,0.003,0.0065,0.0,0.0,0.01,0.01,0.01,0.01,0.01,0.01,0.01,0.01,0.01,0.01,0.01,0.01,0.01,0.01,0.01,0.01,0.01,0.01,0.01,0.01,0.01,0.01,0.01,0.01,0.01,0.01,0.01,0.01,0.01,0.01,0.01,0.01,0.01,0.01,0.01,0.01,0.01,0.01,0.01,0.01,0.01,0.01,0.01,0.01,0.01,0.01,0.01,0.01,0.01,0.01,0.01,0.01,0.01,0.01,0.01,0.01,0.01,0.01,0.01,0.01,0.01,0.01,0.01,0.01,0.01,0.01,0.01,0.01,0.01,0.01,0.01,0.01,0.01,0.01,0.01,0.01,0.01,0.01,0.01,0.01,0.01,0.01,0.01,0.01,0.01,0.01,0.01,0.01,0.01,0.01,0.01,0.01,0.01,0.01,0.01,0.01,0.01,0.01,0.01,0.01,0.01,0.01,0.01,0.01,0.01,0.01,0.01,0.01,0.01,0.01,0.01,0.01,0.01,0.01,0.01,0.01,0.01,0.01,0.01,0.01,0.01,0.01,0.01,0.01,0.01,0.01,0.01,0.01,0.01,0.01,0.01,0.01,0.01,0.01,0.01,0.01,0.01,0.01,0.01,0.01,0.01,0.01,0.01,0.01,0.01,0.01,0.01,0.01,0.01,0.01,0.01,0.01,0.01,0.01,0.01,0.01,0.01,0.01,0.01,0.01,0.01,0.01,0.01,0.01,0.01,0.01,0.01,0.01,0.01,0.01,0.01,0.01,0.01,0.01,0.01,0.01,0.01,0.01,0.01,0.01,0.01,0.01,0.01,0.01,0.01,0.01,0.01,0.01,0.01,0.01,0.01,0.01,0.01,0.01,0.01,0.01,0.01,0.01,0.01,0.01
vanilla,2,53000,49.49743988842238,49.80088316707406,0.5782263875007629,0.8291620016098022,1,0.23070000000000002,0.7698,0.0098,0.0034,0.0039,0.0034,0.004,0.0018,0.0036,0.0042,0.0032,0.0096,0.0034,0.0011,0.0012,0.0012,0.0009,0.001,0.0006,0.0014,0.0011,0.0032,0.0043,0.0021,0.0017,0.0011,0.0012,0.0009,0.0013,0.0013,0.0006,0.0043,0.0037,0.0018,0.0015,0.0014,0.001,0.0008,0.001,0.0019,0.001,0.0038,0.0038,0.0009,0.0014,0.0015,0.0014,0.0008,0.0006,0.0014,0.0008,0.0024,0.0048,0.0022,0.0013,0.0007,0.0012,0.0006,0.0009,0.0013,0.0006,0.0031,0.0038,0.0012,0.0011,0.0017,0.0011,0.0006,0.0011,0.0014,0.0006,0.004,0.0044,0.0016,0.0012,0.0016,0.0016,0.0007,0.0017,0.0022,0.001,0.0037,0.0037,0.0014,0.0012,0.001,0.001,0.0002,0.0015,0.0013,0.001,0.0032,0.0105,0.0037,0.0039,0.0035,0.0037,0.0019,0.0041,0.0043,0.0036,0.0093,0.0,0.0,0.01,0.01,0.01,0.01,0.01,0.01,0.01,0.01,0.01,0.01,0.01,0.01,0.01,0.01,0.01,0.01,0.01,0.01,0.01,0.01,0.01,0.01,0.01,0.01,0.01,0.01,0.01,0.01,0.01,0.01,0.01,0.01,0.01,0.01,0.01,0.01,0.01,0.01,0.01,0.01,0.01,0.01,0.01,0.01,0.01,0.01,0.01,0.01,0.01,0.01,0.01,0.01,0.01,0.01,0.01,0.01,0.01,0.01,0.01,0.01,0.01,0.01,0.01,0.01,0.01,0.01,0.01,0.01,0.01,0.01,0.01,0.01,0.01,0.01,0.01,0.01,0.01,0.01,0.01,0.01,0.01,0.01,0.01,0.01,0.01,0.01,0.01,0.01,0.01,0.01,0.01,0.01,0.01,0.01,0.01,0.01,0.01,0.01,0.01,0.01,0.01,0.01,0.01,0.01,0.01,0.01,0.01,0.01,0.01,0.01,0.01,0.01,0.01,0.01,0.01,0.01,0.01,0.01,0.01,0.01,0.01,0.01,0.01,0.01,0.01,0.01,0.01,0.01,0.01,0.01,0.01,0.01,0.01,0.01,0.01,0.01,0.01,0.01,0.01,0.01,0.01,0.01,0.01,0.01,0.01,0.01,0.01,0.01,0.01,0.01,0.01,0.01,0.01,0.01,0.01,0.01,0.01,0.01,0.01,0.01,0.01,0.01,0.01,0.01,0.01,0.01,0.01,0.01,0.01,0.01,0.01,0.01,0.01,0.01,0.01,0.01,0.01,0.01,0.01,0.01,0.01,0.01,0.01,0.01,0.01,0.01,0.01,0.01,0.01,0.01,0.01,0.01,0.01,0.01,0.01,0.01,0.01,0.01,0.01,0.01
vanilla,2,54000,50.43299131072126,50.74337241705507,0.5982161164283752,0.8564329147338867,2,0.23039999999999994,0.7734000000000001,0.0092,0.0036,0.0038,0.004,0.0026,0.0022,0.0026,0.0038,0.0029,0.0084,0.0035,0.0008,0.0007,0.0012,0.001,0.0008,0.0004,0.0015,0.001,0.0028,0.005,0.0019,0.0016,0.0017,0.0014,0.0009,0.001,0.0014,0.001,0.0027,0.0038,0.0016,0.001,0.0008,0.0015,0.0006,0.0009,0.0015,0.0008,0.0028,0.0036,0.0005,0.0015,0.0011,0.0013,0.0005,0.0006,0.0008,0.0017,0.004,0.0052,0.002,0.0012,0.0008,0.0016,0.001,0.0008,0.0015,0.0009,0.0044,0.0034,0.0014,0.0011,0.0014,0.001,0.0005,0.0013,0.0011,0.001,0.0032,0.0047,0.0018,0.0012,0.0015,0.0017,0.0006,0.001,0.0022,0.0009,0.0047,0.004,0.0009,0.0013,0.0014,0.001,0.0007,0.0011,0.0012,0.0008,0.004,0.0104,0.0028,0.0047,0.0033,0.0039,0.0011,0.0038,0.0055,0.0037,0.0134,0.0,0.0,0.01,0.01,0.01,0.01,0.01,0.01,0.01,0.01,0.01,0.01,0.01,0.01,0.01,0.01,0.01,0.01,0.01,0.01,0.01,0.01,0.01,0.01,0.01,0.01,0.01,0.01,0.01,0.01,0.01,0.01,0.01,0.01,0.01,0.01,0.01,0.01,0.01,0.01,0.01,0.01,0.01,0.01,0.01,0.01,0.01,0.01,0.01,0.01,0.01,0.01,0.01,0.01,0.01,0.01,0.01,0.01,0.01,0.01,0.01,0.01,0.01,0.01,0.01,0.01,0.01,0.01,0.01,0.01,0.01,0.01,0.01,0.01,0.01,0.01,0.01,0.01,0.01,0.01,0.01,0.01,0.01,0.01,0.01,0.01,0.01,0.01,0.01,0.01,0.01,0.01,0.01,0.01,0.01,0.01,0.01,0.01,0.01,0.01,0.01,0.01,0.01,0.01,0.01,0.01,0.01,0.01,0.01,0.01,0.01,0.01,0.01,0.01,0.01,0.01,0.01,0.01,0.01,0.01,0.01,0.01,0.01,0.01,0.01,0.01,0.01,0.01,0.01,0.01,0.01,0.01,0.01,0.01,0.01,0.01,0.01,0.01,0.01,0.01,0.01,0.01,0.01,0.01,0.01,0.01,0.01,0.01,0.01,0.01,0.01,0.01,0.01,0.01,0.01,0.01,0.01,0.01,0.01,0.01,0.01,0.01,0.01,0.01,0.01,0.01,0.01,0.01,0.01,0.01,0.01,0.01,0.01,0.01,0.01,0.01,0.01,0.01,0.01,0.01,0.01,0.01,0.01,0.01,0.01,0.01,0.01,0.01,0.01,0.01,0.01,0.01,0.01,0.01,0.01,0.01,0.01,0.01,0.01,0.01,0.01,0.01
vanilla,2,55000,51.385656691971235,51.70348979206756,0.5885173082351685,0.8468848466873169,1,0.2268,0.7741,0.0099,0.0042,0.0052,0.0052,0.0038,0.0024,0.0035,0.004,0.0037,0.0098,0.0033,0.0009,0.0016,0.0014,0.0006,0.0006,0.0012,0.0015,0.0012,0.0023,0.0041,0.002,0.0014,0.0013,0.0016,0.001,0.0017,0.001,0.0005,0.0026,0.0033,0.0017,0.001,0.001,0.0015,0.0005,0.0004,0.0012,0.001,0.0032,0.0043,0.0015,0.0011,0.0011,0.0015,0.0004,0.0014,0.001,0.0012,0.004,0.0042,0.0017,0.0012,0.0007,0.0015,0.0003,0.001,0.001,0.0007,0.0033,0.0031,0.0011,0.0011,0.0015,0.0006,0.0005,0.0007,0.0013,0.0009,0.0025,0.0042,0.0022,0.0018,0.001,0.0016,0.0008,0.0016,0.0017,0.0011,0.0039,0.0037,0.0013,0.0013,0.001,0.0007,0.0007,0.0016,0.0009,0.0012,0.0035,0.0109,0.0033,0.0036,0.0033,0.0032,0.0017,0.0048,0.0042,0.0025,0.0088,0.0,0.0,0.01,0.01,0.01,0.01,0.01,0.01,0.01,0.01,0.01,0.01,0.01,0.01,0.01,0.01,0.01,0.01,0.01,0.01,0.01,0.01,0.01,0.01,0.01,0.01,0.01,0.01,0.01,0.01,0.01,0.01,0.01,0.01,0.01,0.01,0.01,0.01,0.01,0.01,0.01,0.01,0.01,0.01,0.01,0.01,0.01,0.01,0.01,0.01,0.01,0.01,0.01,0.01,0.01,0.01,0.01,0.01,0.01,0.01,0.01,0.01,0.01,0.01,0.01,0.01,0.01,0.01,0.01,0.01,0.01,0.01,0.01,0.01,0.01,0.01,0.01,0.01,0.01,0.01,0.01,0.01,0.01,0.01,0.01,0.01,0.01,0.01,0.01,0.01,0.01,0.01,0.01,0.01,0.01,0.01,0.01,0.01,0.01,0.01,0.01,0.01,0.01,0.01,0.01,0.01,0.01,0.01,0.01,0.01,0.01,0.01,0.01,0.01,0.01,0.01,0.01,0.01,0.01,0.01,0.01,0.01,0.01,0.01,0.01,0.01,0.01,0.01,0.01,0.01,0.01,0.01,0.01,0.01,0.01,0.01,0.01,0.01,0.01,0.01,0.01,0.01,0.01,0.01,0.01,0.01,0.01,0.01,0.01,0.01,0.01,0.01,0.01,0.01,0.01,0.01,0.01,0.01,0.01,0.01,0.01,0.01,0.01,0.01,0.01,0.01,0.01,0.01,0.01,0.01,0.01,0.01,0.01,0.01,0.01,0.01,0.01,0.01,0.01,0.01,0.01,0.01,0.01,0.01,0.01,0.01,0.01,0.01,0.01,0.01,0.01,0.01,0.01,0.01,0.01,0.01,0.01,0.01,0.01,0.01,0.01,0.01
vanilla,2,56000,52.33082151284907,52.65589275001548,0.5570409297943115,0.8483666181564331,4,0.23399999999999999,0.7701,0.0106,0.0034,0.0048,0.0048,0.0035,0.0018,0.0034,0.0039,0.0035,0.0108,0.0044,0.0005,0.0014,0.0011,0.0009,0.0008,0.0008,0.0016,0.0013,0.0024,0.006,0.0016,0.001,0.0015,0.0019,0.0013,0.0013,0.001,0.0006,0.0034,0.0038,0.0018,0.0006,0.0007,0.0014,0.0005,0.0007,0.0013,0.0015,0.003,0.0045,0.0013,0.0007,0.0011,0.0016,0.0005,0.0012,0.0013,0.0013,0.0033,0.0051,0.0025,0.0015,0.0009,0.0009,0.0005,0.0009,0.0014,0.0008,0.0038,0.0037,0.0013,0.0009,0.001,0.0006,0.0007,0.0014,0.0012,0.0012,0.0034,0.0051,0.0019,0.0013,0.0013,0.0015,0.0006,0.0012,0.0023,0.0012,0.0037,0.0041,0.0012,0.0009,0.0011,0.001,0.0005,0.0015,0.0013,0.001,0.002,0.0111,0.0023,0.0032,0.0036,0.0032,0.002,0.0041,0.0046,0.0025,0.0116,0.0,0.0,0.01,0.01,0.01,0.01,0.01,0.01,0.01,0.01,0.01,0.01,0.01,0.01,0.01,0.01,0.01,0.01,0.01,0.01,0.01,0.01,0.01,0.01,0.01,0.01,0.01,0.01,0.01,0.01,0.01,0.01,0.01,0.01,0.01,0.01,0.01,0.01,0.01,0.01,0.01,0.01,0.01,0.01,0.01,0.01,0.01,0.01,0.01,0.01,0.01,0.01,0.01,0.01,0.01,0.01,0.01,0.01,0.01,0.01,0.01,0.01,0.01,0.01,0.01,0.01,0.01,0.01,0.01,0.01,0.01,0.01,0.01,0.01,0.01,0.01,0.01,0.01,0.01,0.01,0.01,0.01,0.01,0.01,0.01,0.01,0.01,0.01,0.01,0.01,0.01,0.01,0.01,0.01,0.01,0.01,0.01,0.01,0.01,0.01,0.01,0.01,0.01,0.01,0.01,0.01,0.01,0.01,0.01,0.01,0.01,0.01,0.01,0.01,0.01,0.01,0.01,0.01,0.01,0.01,0.01,0.01,0.01,0.01,0.01,0.01,0.01,0.01,0.01,0.01,0.01,0.01,0.01,0.01,0.01,0.01,0.01,0.01,0.01,0.01,0.01,0.01,0.01,0.01,0.01,0.01,0.01,0.01,0.01,0.01,0.01,0.01,0.01,0.01,0.01,0.01,0.01,0.01,0.01,0.01,0.01,0.01,0.01,0.01,0.01,0.01,0.01,0.01,0.01,0.01,0.01,0.01,0.01,0.01,0.01,0.01,0.01,0.01,0.01,0.01,0.01,0.01,0.01,0.01,0.01,0.01,0.01,0.01,0.01,0.01,0.01,0.01,0.01,0.01,0.01,0.01,0.01,0.01,0.01,0.01,0.01,0.01
vanilla,2,57000,53.26072555000428,53.59296224999707,0.5854629874229431,0.8717920780181885,0,0.22249999999999992,0.7775000000000001,0.0099,0.0039,0.004,0.0048,0.0035,0.002,0.0023,0.004,0.0022,0.007,0.0041,0.0008,0.0018,0.0011,0.0011,0.0008,0.0009,0.0019,0.0012,0.0024,0.0051,0.0016,0.0018,0.0011,0.0012,0.0011,0.0014,0.0013,0.0008,0.0038,0.0033,0.0017,0.0006,0.0015,0.0016,0.0001,0.0012,0.0018,0.0017,0.0036,0.0037,0.0017,0.0012,0.0008,0.0016,0.0006,0.0012,0.0013,0.0008,0.0032,0.0036,0.0014,0.0015,0.0014,0.0015,0.0007,0.0009,0.0014,0.0012,0.0034,0.0029,0.0011,0.0009,0.0011,0.0008,0.001,0.0013,0.001,0.0008,0.0038,0.0045,0.0016,0.0016,0.0014,0.0019,0.0008,0.0022,0.002,0.0008,0.0034,0.0036,0.0013,0.0008,0.002,0.0011,0.0007,0.0015,0.0013,0.0012,0.0036,0.0091,0.0035,0.0043,0.0036,0.0033,0.0014,0.0049,0.0047,0.0021,0.0045,0.0,0.0,0.01,0.01,0.01,0.01,0.01,0.01,0.01,0.01,0.01,0.01,0.01,0.01,0.01,0.01,0.01,0.01,0.01,0.01,0.01,0.01,0.01,0.01,0.01,0.01,0.01,0.01,0.01,0.01,0.01,0.01,0.01,0.01,0.01,0.01,0.01,0.01,0.01,0.01,0.01,0.01,0.01,0.01,0.01,0.01,0.01,0.01,0.01,0.01,0.01,0.01,0.01,0.01,0.01,0.01,0.01,0.01,0.01,0.01,0.01,0.01,0.01,0.01,0.01,0.01,0.01,0.01,0.01,0.01,0.01,0.01,0.01,0.01,0.01,0.01,0.01,0.01,0.01,0.01,0.01,0.01,0.01,0.01,0.01,0.01,0.01,0.01,0.01,0.01,0.01,0.01,0.01,0.01,0.01,0.01,0.01,0.01,0.01,0.01,0.01,0.01,0.01,0.01,0.01,0.01,0.01,0.01,0.01,0.01,0.01,0.01,0.01,0.01,0.01,0.01,0.01,0.01,0.01,0.01,0.01,0.01,0.01,0.01,0.01,0.01,0.01,0.01,0.01,0.01,0.01,0.01,0.01,0.01,0.01,0.01,0.01,0.01,0.01,0.01,0.01,0.01,0.01,0.01,0.01,0.01,0.01,0.01,0.01,0.01,0.01,0.01,0.01,0.01,0.01,0.01,0.01,0.01,0.01,0.01,0.01,0.01,0.01,0.01,0.01,0.01,0.01,0.01,0.01,0.01,0.01,0.01,0.01,0.01,0.01,0.01,0.01,0.01,0.01,0.01,0.01,0.01,0.01,0.01,0.01,0.01,0.01,0.01,0.01,0.01,0.01,0.01,0.01,0.01,0.01,0.01,0.01,0.01,0.01,0.01,0.01,0.01
vanilla,2,58000,54.19382989674341,54.53297945903614,0.5687566995620728,0.9316828846931458,2,0.22429999999999994,0.7767000000000001,0.0098,0.0049,0.005,0.0043,0.0038,0.0026,0.0035,0.0044,0.0032,0.0094,0.0033,0.0009,0.001,0.0007,0.001,0.0004,0.0008,0.0011,0.0011,0.0027,0.0046,0.0015,0.0013,0.0012,0.0015,0.0009,0.0017,0.0013,0.0009,0.0041,0.0028,0.0017,0.0005,0.0011,0.0012,0.0002,0.0011,0.0019,0.0012,0.0034,0.0037,0.0009,0.0012,0.0008,0.0015,0.0006,0.0017,0.0014,0.0006,0.0034,0.0034,0.0015,0.0012,0.0012,0.0009,0.0003,0.0009,0.0012,0.0011,0.0034,0.0023,0.0008,0.0017,0.0007,0.0006,0.0007,0.001,0.0009,0.0011,0.0033,0.0033,0.0015,0.0011,0.0013,0.0012,0.0008,0.0016,0.0018,0.0011,0.0041,0.0029,0.0016,0.0013,0.0012,0.0008,0.0006,0.0013,0.0017,0.0011,0.0032,0.0102,0.0039,0.004,0.0035,0.0027,0.0022,0.0049,0.0042,0.0024,0.0108,0.0,0.0,0.01,0.01,0.01,0.01,0.01,0.01,0.01,0.01,0.01,0.01,0.01,0.01,0.01,0.01,0.01,0.01,0.01,0.01,0.01,0.01,0.01,0.01,0.01,0.01,0.01,0.01,0.01,0.01,0.01,0.01,0.01,0.01,0.01,0.01,0.01,0.01,0.01,0.01,0.01,0.01,0.01,0.01,0.01,0.01,0.01,0.01,0.01,0.01,0.01,0.01,0.01,0.01,0.01,0.01,0.01,0.01,0.01,0.01,0.01,0.01,0.01,0.01,0.01,0.01,0.01,0.01,0.01,0.01,0.01,0.01,0.01,0.01,0.01,0.01,0.01,0.01,0.01,0.01,0.01,0.01,0.01,0.01,0.01,0.01,0.01,0.01,0.01,0.01,0.01,0.01,0.01,0.01,0.01,0.01,0.01,0.01,0.01,0.01,0.01,0.01,0.01,0.01,0.01,0.01,0.01,0.01,0.01,0.01,0.01,0.01,0.01,0.01,0.01,0.01,0.01,0.01,0.01,0.01,0.01,0.01,0.01,0.01,0.01,0.01,0.01,0.01,0.01,0.01,0.01,0.01,0.01,0.01,0.01,0.01,0.01,0.01,0.01,0.01,0.01,0.01,0.01,0.01,0.01,0.01,0.01,0.01,0.01,0.01,0.01,0.01,0.01,0.01,0.01,0.01,0.01,0.01,0.01,0.01,0.01,0.01,0.01,0.01,0.01,0.01,0.01,0.01,0.01,0.01,0.01,0.01,0.01,0.01,0.01,0.01,0.01,0.01,0.01,0.01,0.01,0.01,0.01,0.01,0.01,0.01,0.01,0.01,0.01,0.01,0.01,0.01,0.01,0.01,0.01,0.01,0.01,0.01,0.01,0.01,0.01,0.01
vanilla,2,59000,55.12505377130583,55.472448125015944,0.5953137874603271,0.9370728731155396,3,0.24009999999999998,0.764,0.0108,0.0042,0.0041,0.0036,0.0032,0.0027,0.003,0.0046,0.0031,0.0096,0.0041,0.0007,0.001,0.0008,0.0008,0.0006,0.0009,0.0011,0.0008,0.0035,0.0051,0.0016,0.0013,0.002,0.0016,0.0009,0.0012,0.002,0.0008,0.0036,0.0034,0.0021,0.0006,0.0006,0.0012,0.001,0.0007,0.0015,0.0008,0.0035,0.0041,0.0015,0.0016,0.0012,0.0017,0.0005,0.0014,0.0013,0.0013,0.0043,0.0039,0.0018,0.0016,0.0012,0.0013,0.0004,0.0005,0.002,0.0008,0.0034,0.003,0.0013,0.0007,0.0009,0.0011,0.0009,0.0015,0.0013,0.0009,0.0037,0.005,0.0017,0.001,0.0015,0.0018,0.0011,0.0024,0.0025,0.0008,0.0044,0.0038,0.0009,0.0009,0.0017,0.0014,0.0007,0.0017,0.0016,0.0011,0.0034,0.0101,0.0035,0.004,0.0032,0.0033,0.0018,0.0045,0.0048,0.0025,0.0132,0.0,0.0,0.01,0.01,0.01,0.01,0.01,0.01,0.01,0.01,0.01,0.01,0.01,0.01,0.01,0.01,0.01,0.01,0.01,0.01,0.01,0.01,0.01,0.01,0.01,0.01,0.01,0.01,0.01,0.01,0.01,0.01,0.01,0.01,0.01,0.01,0.01,0.01,0.01,0.01,0.01,0.01,0.01,0.01,0.01,0.01,0.01,0.01,0.01,0.01,0.01,0.01,0.01,0.01,0.01,0.01,0.01,0.01,0.01,0.01,0.01,0.01,0.01,0.01,0.01,0.01,0.01,0.01,0.01,0.01,0.01,0.01,0.01,0.01,0.01,0.01,0.01,0.01,0.01,0.01,0.01,0.01,0.01,0.01,0.01,0.01,0.01,0.01,0.01,0.01,0.01,0.01,0.01,0.01,0.01,0.01,0.01,0.01,0.01,0.01,0.01,0.01,0.01,0.01,0.01,0.01,0.01,0.01,0.01,0.01,0.01,0.01,0.01,0.01,0.01,0.01,0.01,0.01,0.01,0.01,0.01,0.01,0.01,0.01,0.01,0.01,0.01,0.01,0.01,0.01,0.01,0.01,0.01,0.01,0.01,0.01,0.01,0.01,0.01,0.01,0.01,0.01,0.01,0.01,0.01,0.01,0.01,0.01,0.01,0.01,0.01,0.01,0.01,0.01,0.01,0.01,0.01,0.01,0.01,0.01,0.01,0.01,0.01,0.01,0.01,0.01,0.01,0.01,0.01,0.01,0.01,0.01,0.01,0.01,0.01,0.01,0.01,0.01,0.01,0.01,0.01,0.01,0.01,0.01,0.01,0.01,0.01,0.01,0.01,0.01,0.01,0.01,0.01,0.01,0.01,0.01,0.01,0.01,0.01,0.01,0.01,0.01
vanilla,2,60000,56.05047401995398,56.40529000002425,0.5667449831962585,0.9807984232902527,3,0.2358,0.7678,0.0105,0.0031,0.0041,0.0042,0.0035,0.0022,0.0028,0.0045,0.0035,0.0094,0.0035,0.0007,0.0016,0.0008,0.0011,0.0005,0.0013,0.0014,0.0009,0.0033,0.0055,0.0019,0.0015,0.0013,0.001,0.0009,0.0016,0.0015,0.0012,0.004,0.0031,0.0013,0.0008,0.0006,0.0013,0.0006,0.0007,0.0014,0.001,0.0037,0.0035,0.002,0.0014,0.0015,0.0016,0.0005,0.0011,0.0011,0.0013,0.0042,0.0034,0.0017,0.0014,0.0014,0.0015,0.0003,0.0009,0.0015,0.0011,0.0039,0.0027,0.0014,0.0011,0.001,0.0008,0.0004,0.0012,0.001,0.0006,0.0048,0.0046,0.0014,0.0013,0.001,0.0022,0.0013,0.0021,0.0021,0.0013,0.0041,0.0031,0.0007,0.0013,0.0011,0.0012,0.0002,0.0014,0.0012,0.001,0.0037,0.0101,0.0031,0.005,0.0032,0.0039,0.0015,0.0043,0.0049,0.0024,0.013,0.0,0.0,0.01,0.01,0.01,0.01,0.01,0.01,0.01,0.01,0.01,0.01,0.01,0.01,0.01,0.01,0.01,0.01,0.01,0.01,0.01,0.01,0.01,0.01,0.01,0.01,0.01,0.01,0.01,0.01,0.01,0.01,0.01,0.01,0.01,0.01,0.01,0.01,0.01,0.01,0.01,0.01,0.01,0.01,0.01,0.01,0.01,0.01,0.01,0.01,0.01,0.01,0.01,0.01,0.01,0.01,0.01,0.01,0.01,0.01,0.01,0.01,0.01,0.01,0.01,0.01,0.01,0.01,0.01,0.01,0.01,0.01,0.01,0.01,0.01,0.01,0.01,0.01,0.01,0.01,0.01,0.01,0.01,0.01,0.01,0.01,0.01,0.01,0.01,0.01,0.01,0.01,0.01,0.01,0.01,0.01,0.01,0.01,0.01,0.01,0.01,0.01,0.01,0.01,0.01,0.01,0.01,0.01,0.01,0.01,0.01,0.01,0.01,0.01,0.01,0.01,0.01,0.01,0.01,0.01,0.01,0.01,0.01,0.01,0.01,0.01,0.01,0.01,0.01,0.01,0.01,0.01,0.01,0.01,0.01,0.01,0.01,0.01,0.01,0.01,0.01,0.01,0.01,0.01,0.01,0.01,0.01,0.01,0.01,0.01,0.01,0.01,0.01,0.01,0.01,0.01,0.01,0.01,0.01,0.01,0.01,0.01,0.01,0.01,0.01,0.01,0.01,0.01,0.01,0.01,0.01,0.01,0.01,0.01,0.01,0.01,0.01,0.01,0.01,0.01,0.01,0.01,0.01,0.01,0.01,0.01,0.01,0.01,0.01,0.01,0.01,0.01,0.01,0.01,0.01,0.01,0.01,0.01,0.01,0.01,0.01,0.01
vanilla,2,61000,56.997125633992255,57.35984912503045,0.5954451560974121,0.9422353506088257,2,0.2369,0.7665,0.0112,0.0032,0.0047,0.0041,0.0043,0.0026,0.0035,0.0054,0.004,0.0122,0.0034,0.0012,0.0016,0.0015,0.001,0.0006,0.0011,0.0015,0.0011,0.0033,0.0059,0.002,0.0012,0.0008,0.0009,0.0013,0.0013,0.0019,0.001,0.004,0.004,0.002,0.0008,0.001,0.0012,0.0006,0.0005,0.0021,0.0014,0.0038,0.0042,0.002,0.0013,0.0009,0.0014,0.0001,0.0005,0.001,0.0011,0.0036,0.0044,0.0011,0.0017,0.0011,0.0008,0.0006,0.0011,0.0016,0.0007,0.0031,0.0037,0.0013,0.001,0.0014,0.0008,0.0003,0.0015,0.0014,0.0007,0.0046,0.0048,0.0018,0.0012,0.0012,0.0011,0.0007,0.002,0.0018,0.0012,0.004,0.0034,0.0007,0.0012,0.0005,0.0016,0.0002,0.001,0.0012,0.0014,0.0031,0.0099,0.0033,0.0045,0.0025,0.0037,0.0017,0.0038,0.0048,0.0022,0.0082,0.0,0.0,0.01,0.01,0.01,0.01,0.01,0.01,0.01,0.01,0.01,0.01,0.01,0.01,0.01,0.01,0.01,0.01,0.01,0.01,0.01,0.01,0.01,0.01,0.01,0.01,0.01,0.01,0.01,0.01,0.01,0.01,0.01,0.01,0.01,0.01,0.01,0.01,0.01,0.01,0.01,0.01,0.01,0.01,0.01,0.01,0.01,0.01,0.01,0.01,0.01,0.01,0.01,0.01,0.01,0.01,0.01,0.01,0.01,0.01,0.01,0.01,0.01,0.01,0.01,0.01,0.01,0.01,0.01,0.01,0.01,0.01,0.01,0.01,0.01,0.01,0.01,0.01,0.01,0.01,0.01,0.01,0.01,0.01,0.01,0.01,0.01,0.01,0.01,0.01,0.01,0.01,0.01,0.01,0.01,0.01,0.01,0.01,0.01,0.01,0.01,0.01,0.01,0.01,0.01,0.01,0.01,0.01,0.01,0.01,0.01,0.01,0.01,0.01,0.01,0.01,0.01,0.01,0.01,0.01,0.01,0.01,0.01,0.01,0.01,0.01,0.01,0.01,0.01,0.01,0.01,0.01,0.01,0.01,0.01,0.01,0.01,0.01,0.01,0.01,0.01,0.01,0.01,0.01,0.01,0.01,0.01,0.01,0.01,0.01,0.01,0.01,0.01,0.01,0.01,0.01,0.01,0.01,0.01,0.01,0.01,0.01,0.01,0.01,0.01,0.01,0.01,0.01,0.01,0.01,0.01,0.01,0.01,0.01,0.01,0.01,0.01,0.01,0.01,0.01,0.01,0.01,0.01,0.01,0.01,0.01,0.01,0.01,0.01,0.01,0.01,0.01,0.01,0.01,0.01,0.01,0.01,0.01,0.01,0.01,0.01,0.01
vanilla,2,62000,57.93242338427808,58.30291062500328,0.5786392688751221,0.9576686024665833,3,0.22929999999999995,0.7729000000000001,0.0112,0.0038,0.0041,0.0035,0.0033,0.0015,0.0038,0.0049,0.0037,0.0097,0.0034,0.0011,0.0009,0.0011,0.001,0.0006,0.0017,0.001,0.0015,0.004,0.0055,0.0022,0.0012,0.0011,0.0012,0.0006,0.0019,0.0018,0.0006,0.003,0.0035,0.0022,0.0007,0.0007,0.0014,0.0008,0.0009,0.002,0.001,0.0036,0.0041,0.0011,0.0018,0.0009,0.0018,0.0005,0.0007,0.0015,0.0008,0.0042,0.0037,0.0016,0.001,0.001,0.001,0.0003,0.001,0.001,0.0007,0.0032,0.0027,0.0015,0.0011,0.0012,0.0007,0.0006,0.0014,0.0008,0.0007,0.0035,0.0042,0.0023,0.0012,0.0011,0.001,0.0005,0.0018,0.0018,0.001,0.0041,0.003,0.002,0.0008,0.0011,0.0009,0.001,0.0014,0.0015,0.001,0.0036,0.0102,0.0024,0.0046,0.0019,0.003,0.0019,0.0045,0.0036,0.0033,0.0108,0.0,0.0,0.01,0.01,0.01,0.01,0.01,0.01,0.01,0.01,0.01,0.01,0.01,0.01,0.01,0.01,0.01,0.01,0.01,0.01,0.01,0.01,0.01,0.01,0.01,0.01,0.01,0.01,0.01,0.01,0.01,0.01,0.01,0.01,0.01,0.01,0.01,0.01,0.01,0.01,0.01,0.01,0.01,0.01,0.01,0.01,0.01,0.01,0.01,0.01,0.01,0.01,0.01,0.01,0.01,0.01,0.01,0.01,0.01,0.01,0.01,0.01,0.01,0.01,0.01,0.01,0.01,0.01,0.01,0.01,0.01,0.01,0.01,0.01,0.01,0.01,0.01,0.01,0.01,0.01,0.01,0.01,0.01,0.01,0.01,0.01,0.01,0.01,0.01,0.01,0.01,0.01,0.01,0.01,0.01,0.01,0.01,0.01,0.01,0.01,0.01,0.01,0.01,0.01,0.01,0.01,0.01,0.01,0.01,0.01,0.01,0.01,0.01,0.01,0.01,0.01,0.01,0.01,0.01,0.01,0.01,0.01,0.01,0.01,0.01,0.01,0.01,0.01,0.01,0.01,0.01,0.01,0.01,0.01,0.01,0.01,0.01,0.01,0.01,0.01,0.01,0.01,0.01,0.01,0.01,0.01,0.01,0.01,0.01,0.01,0.01,0.01,0.01,0.01,0.01,0.01,0.01,0.01,0.01,0.01,0.01,0.01,0.01,0.01,0.01,0.01,0.01,0.01,0.01,0.01,0.01,0.01,0.01,0.01,0.01,0.01,0.01,0.01,0.01,0.01,0.01,0.01,0.01,0.01,0.01,0.01,0.01,0.01,0.01,0.01,0.01,0.01,0.01,0.01,0.01,0.01,0.01,0.01,0.01,0.01,0.01,0.01
vanilla,2,63000,58.88187192287296,59.25968541705515,0.5667409300804138,0.9151840806007385,3,0.24170000000000003,0.7634,0.0126,0.0051,0.0042,0.0046,0.0031,0.0029,0.0046,0.0065,0.0034,0.0094,0.0027,0.002,0.0011,0.0007,0.0011,0.0007,0.0009,0.0016,0.0011,0.0032,0.0052,0.0027,0.0012,0.0013,0.001,0.0009,0.0019,0.0015,0.0013,0.0039,0.0037,0.0016,0.001,0.0009,0.001,0.0002,0.001,0.0015,0.0012,0.003,0.0039,0.0011,0.0016,0.0005,0.0012,0.0005,0.001,0.0014,0.0011,0.0041,0.0039,0.0017,0.0015,0.0007,0.0013,0.0002,0.0013,0.0016,0.0004,0.0036,0.0023,0.0018,0.001,0.0007,0.0008,0.0008,0.0014,0.0013,0.0011,0.0036,0.0043,0.0025,0.0018,0.0007,0.0011,0.0003,0.0017,0.0018,0.0013,0.0044,0.0029,0.002,0.0007,0.0012,0.001,0.0009,0.0012,0.0014,0.0012,0.0034,0.0102,0.0029,0.0052,0.0026,0.0038,0.002,0.0054,0.0039,0.0027,0.0123,0.0,0.0,0.01,0.01,0.01,0.01,0.01,0.01,0.01,0.01,0.01,0.01,0.01,0.01,0.01,0.01,0.01,0.01,0.01,0.01,0.01,0.01,0.01,0.01,0.01,0.01,0.01,0.01,0.01,0.01,0.01,0.01,0.01,0.01,0.01,0.01,0.01,0.01,0.01,0.01,0.01,0.01,0.01,0.01,0.01,0.01,0.01,0.01,0.01,0.01,0.01,0.01,0.01,0.01,0.01,0.01,0.01,0.01,0.01,0.01,0.01,0.01,0.01,0.01,0.01,0.01,0.01,0.01,0.01,0.01,0.01,0.01,0.01,0.01,0.01,0.01,0.01,0.01,0.01,0.01,0.01,0.01,0.01,0.01,0.01,0.01,0.01,0.01,0.01,0.01,0.01,0.01,0.01,0.01,0.01,0.01,0.01,0.01,0.01,0.01,0.01,0.01,0.01,0.01,0.01,0.01,0.01,0.01,0.01,0.01,0.01,0.01,0.01,0.01,0.01,0.01,0.01,0.01,0.01,0.01,0.01,0.01,0.01,0.01,0.01,0.01,0.01,0.01,0.01,0.01,0.01,0.01,0.01,0.01,0.01,0.01,0.01,0.01,0.01,0.01,0.01,0.01,0.01,0.01,0.01,0.01,0.01,0.01,0.01,0.01,0.01,0.01,0.01,0.01,0.01,0.01,0.01,0.01,0.01,0.01,0.01,0.01,0.01,0.01,0.01,0.01,0.01,0.01,0.01,0.01,0.01,0.01,0.01,0.01,0.01,0.01,0.01,0.01,0.01,0.01,0.01,0.01,0.01,0.01,0.01,0.01,0.01,0.01,0.01,0.01,0.01,0.01,0.01,0.01,0.01,0.01,0.01,0.01,0.01,0.01,0.01,0.01
vanilla,2,64000,59.81861316517461,60.204281542100944,0.5794675350189209,0.9639078974723816,2,0.23319999999999996,0.7718,0.0138,0.0042,0.0049,0.0043,0.0034,0.0027,0.0032,0.0047,0.004,0.0092,0.0041,0.0018,0.0017,0.001,0.0015,0.0007,0.0012,0.0011,0.0008,0.0017,0.0065,0.0023,0.0004,0.0012,0.001,0.0012,0.0019,0.0014,0.0009,0.0029,0.0053,0.0019,0.0007,0.0009,0.0013,0.0003,0.0008,0.0015,0.001,0.0031,0.0049,0.0012,0.0017,0.0006,0.0021,0.0005,0.0006,0.0013,0.001,0.0029,0.0042,0.0012,0.0014,0.001,0.001,0.0004,0.0009,0.0013,0.0009,0.0028,0.0023,0.0016,0.0006,0.0011,0.0008,0.0007,0.0008,0.001,0.001,0.0032,0.0055,0.0024,0.0011,0.0013,0.0011,0.0005,0.0014,0.0019,0.0013,0.0032,0.0039,0.0011,0.001,0.0008,0.0012,0.0004,0.0008,0.0015,0.001,0.0022,0.0098,0.003,0.0049,0.0024,0.004,0.0016,0.0045,0.0039,0.0028,0.0112,0.0,0.0,0.01,0.01,0.01,0.01,0.01,0.01,0.01,0.01,0.01,0.01,0.01,0.01,0.01,0.01,0.01,0.01,0.01,0.01,0.01,0.01,0.01,0.01,0.01,0.01,0.01,0.01,0.01,0.01,0.01,0.01,0.01,0.01,0.01,0.01,0.01,0.01,0.01,0.01,0.01,0.01,0.01,0.01,0.01,0.01,0.01,0.01,0.01,0.01,0.01,0.01,0.01,0.01,0.01,0.01,0.01,0.01,0.01,0.01,0.01,0.01,0.01,0.01,0.01,0.01,0.01,0.01,0.01,0.01,0.01,0.01,0.01,0.01,0.01,0.01,0.01,0.01,0.01,0.01,0.01,0.01,0.01,0.01,0.01,0.01,0.01,0.01,0.01,0.01,0.01,0.01,0.01,0.01,0.01,0.01,0.01,0.01,0.01,0.01,0.01,0.01,0.01,0.01,0.01,0.01,0.01,0.01,0.01,0.01,0.01,0.01,0.01,0.01,0.01,0.01,0.01,0.01,0.01,0.01,0.01,0.01,0.01,0.01,0.01,0.01,0.01,0.01,0.01,0.01,0.01,0.01,0.01,0.01,0.01,0.01,0.01,0.01,0.01,0.01,0.01,0.01,0.01,0.01,0.01,0.01,0.01,0.01,0.01,0.01,0.01,0.01,0.01,0.01,0.01,0.01,0.01,0.01,0.01,0.01,0.01,0.01,0.01,0.01,0.01,0.01,0.01,0.01,0.01,0.01,0.01,0.01,0.01,0.01,0.01,0.01,0.01,0.01,0.01,0.01,0.01,0.01,0.01,0.01,0.01,0.01,0.01,0.01,0.01,0.01,0.01,0.01,0.01,0.01,0.01,0.01,0.01,0.01,0.01,0.01,0.01,0.01
vanilla,2,65000,60.756082115112804,61.149793624994345,0.5605361461639404,0.9728900194168091,4,0.24520000000000008,0.7612,0.0116,0.0036,0.0042,0.0047,0.0036,0.0025,0.0032,0.005,0.0027,0.012,0.0033,0.0014,0.0014,0.0011,0.0011,0.0007,0.0011,0.0013,0.001,0.0041,0.0053,0.0026,0.0011,0.0011,0.0014,0.0009,0.0018,0.002,0.0013,0.0028,0.0046,0.0027,0.0007,0.0006,0.0012,0.0005,0.001,0.0026,0.001,0.0041,0.0048,0.0013,0.0016,0.0007,0.0015,0.0005,0.0009,0.0014,0.0008,0.0045,0.0038,0.0015,0.0012,0.0007,0.0011,0.0003,0.001,0.0008,0.0003,0.0028,0.0029,0.0013,0.0014,0.0004,0.0009,0.0005,0.0013,0.0006,0.001,0.0042,0.0063,0.0025,0.0019,0.0006,0.0012,0.0004,0.0015,0.0016,0.0012,0.0052,0.0047,0.002,0.001,0.0014,0.001,0.0009,0.001,0.0011,0.0013,0.0039,0.01,0.0027,0.0039,0.0026,0.0037,0.0019,0.0045,0.0042,0.0033,0.0128,0.0,0.0,0.01,0.01,0.01,0.01,0.01,0.01,0.01,0.01,0.01,0.01,0.01,0.01,0.01,0.01,0.01,0.01,0.01,0.01,0.01,0.01,0.01,0.01,0.01,0.01,0.01,0.01,0.01,0.01,0.01,0.01,0.01,0.01,0.01,0.01,0.01,0.01,0.01,0.01,0.01,0.01,0.01,0.01,0.01,0.01,0.01,0.01,0.01,0.01,0.01,0.01,0.01,0.01,0.01,0.01,0.01,0.01,0.01,0.01,0.01,0.01,0.01,0.01,0.01,0.01,0.01,0.01,0.01,0.01,0.01,0.01,0.01,0.01,0.01,0.01,0.01,0.01,0.01,0.01,0.01,0.01,0.01,0.01,0.01,0.01,0.01,0.01,0.01,0.01,0.01,0.01,0.01,0.01,0.01,0.01,0.01,0.01,0.01,0.01,0.01,0.01,0.01,0.01,0.01,0.01,0.01,0.01,0.01,0.01,0.01,0.01,0.01,0.01,0.01,0.01,0.01,0.01,0.01,0.01,0.01,0.01,0.01,0.01,0.01,0.01,0.01,0.01,0.01,0.01,0.01,0.01,0.01,0.01,0.01,0.01,0.01,0.01,0.01,0.01,0.01,0.01,0.01,0.01,0.01,0.01,0.01,0.01,0.01,0.01,0.01,0.01,0.01,0.01,0.01,0.01,0.01,0.01,0.01,0.01,0.01,0.01,0.01,0.01,0.01,0.01,0.01,0.01,0.01,0.01,0.01,0.01,0.01,0.01,0.01,0.01,0.01,0.01,0.01,0.01,0.01,0.01,0.01,0.01,0.01,0.01,0.01,0.01,0.01,0.01,0.01,0.01,0.01,0.01,0.01,0.01,0.01,0.01,0.01,0.01,0.01,0.01
vanilla,2,66000,61.681034829001874,62.08221654209774,0.5708925724029541,0.9417928457260132,4,0.24080000000000001,0.7643,0.0108,0.0035,0.0043,0.004,0.0028,0.0016,0.0042,0.0033,0.0025,0.0109,0.0035,0.0009,0.0019,0.0008,0.0012,0.0006,0.0014,0.0016,0.0013,0.0033,0.0051,0.0023,0.0008,0.0013,0.0017,0.0006,0.0018,0.0018,0.0011,0.0037,0.0045,0.0016,0.0007,0.0011,0.0018,0.0005,0.001,0.0025,0.0013,0.0043,0.0043,0.0011,0.0011,0.0005,0.0016,0.0002,0.001,0.001,0.0011,0.0038,0.0042,0.0019,0.0012,0.0002,0.0015,0.0003,0.0008,0.0013,0.0003,0.0032,0.003,0.0015,0.0013,0.0006,0.0005,0.0006,0.001,0.0009,0.001,0.0037,0.0059,0.0023,0.0016,0.0006,0.0011,0.0005,0.0017,0.0017,0.0011,0.0044,0.0041,0.0023,0.0005,0.0019,0.0012,0.0008,0.0014,0.001,0.0011,0.0034,0.0127,0.0035,0.0048,0.0028,0.0041,0.0013,0.0064,0.0045,0.0028,0.0107,0.0,0.0,0.01,0.01,0.01,0.01,0.01,0.01,0.01,0.01,0.01,0.01,0.01,0.01,0.01,0.01,0.01,0.01,0.01,0.01,0.01,0.01,0.01,0.01,0.01,0.01,0.01,0.01,0.01,0.01,0.01,0.01,0.01,0.01,0.01,0.01,0.01,0.01,0.01,0.01,0.01,0.01,0.01,0.01,0.01,0.01,0.01,0.01,0.01,0.01,0.01,0.01,0.01,0.01,0.01,0.01,0.01,0.01,0.01,0.01,0.01,0.01,0.01,0.01,0.01,0.01,0.01,0.01,0.01,0.01,0.01,0.01,0.01,0.01,0.01,0.01,0.01,0.01,0.01,0.01,0.01,0.01,0.01,0.01,0.01,0.01,0.01,0.01,0.01,0.01,0.01,0.01,0.01,0.01,0.01,0.01,0.01,0.01,0.01,0.01,0.01,0.01,0.01,0.01,0.01,0.01,0.01,0.01,0.01,0.01,0.01,0.01,0.01,0.01,0.01,0.01,0.01,0.01,0.01,0.01,0.01,0.01,0.01,0.01,0.01,0.01,0.01,0.01,0.01,0.01,0.01,0.01,0.01,0.01,0.01,0.01,0.01,0.01,0.01,0.01,0.01,0.01,0.01,0.01,0.01,0.01,0.01,0.01,0.01,0.01,0.01,0.01,0.01,0.01,0.01,0.01,0.01,0.01,0.01,0.01,0.01,0.01,0.01,0.01,0.01,0.01,0.01,0.01,0.01,0.01,0.01,0.01,0.01,0.01,0.01,0.01,0.01,0.01,0.01,0.01,0.01,0.01,0.01,0.01,0.01,0.01,0.01,0.01,0.01,0.01,0.01,0.01,0.01,0.01,0.01,0.01,0.01,0.01,0.01,0.01,0.01,0.01
vanilla,2,67000,62.62817151332274,63.037142334040254,0.5682728886604309,0.9125487208366394,2,0.22419999999999995,0.7784,0.0113,0.0035,0.0045,0.0041,0.0034,0.0018,0.0048,0.0036,0.0036,0.0113,0.0038,0.0016,0.0018,0.0011,0.001,0.0006,0.0013,0.0018,0.0008,0.0036,0.0063,0.0023,0.0014,0.0014,0.0012,0.0008,0.0014,0.0021,0.0008,0.004,0.0049,0.0018,0.0009,0.0005,0.0014,0.0002,0.0012,0.002,0.001,0.0038,0.0043,0.0016,0.0012,0.0009,0.0009,0.0001,0.0013,0.0012,0.001,0.0039,0.0035,0.0023,0.0015,0.001,0.0008,0.0005,0.0015,0.0014,0.0006,0.0026,0.0036,0.0018,0.0013,0.0005,0.0011,0.0006,0.0014,0.0009,0.0007,0.0035,0.0051,0.0027,0.002,0.0011,0.0011,0.0005,0.002,0.0014,0.0009,0.0045,0.0038,0.0015,0.0007,0.0011,0.0004,0.0007,0.002,0.0016,0.0008,0.0032,0.0039,0.0029,0.0026,0.0023,0.0032,0.0012,0.005,0.0031,0.0015,0.0052,0.0,0.0,0.01,0.01,0.01,0.01,0.01,0.01,0.01,0.01,0.01,0.01,0.01,0.01,0.01,0.01,0.01,0.01,0.01,0.01,0.01,0.01,0.01,0.01,0.01,0.01,0.01,0.01,0.01,0.01,0.01,0.01,0.01,0.01,0.01,0.01,0.01,0.01,0.01,0.01,0.01,0.01,0.01,0.01,0.01,0.01,0.01,0.01,0.01,0.01,0.01,0.01,0.01,0.01,0.01,0.01,0.01,0.01,0.01,0.01,0.01,0.01,0.01,0.01,0.01,0.01,0.01,0.01,0.01,0.01,0.01,0.01,0.01,0.01,0.01,0.01,0.01,0.01,0.01,0.01,0.01,0.01,0.01,0.01,0.01,0.01,0.01,0.01,0.01,0.01,0.01,0.01,0.01,0.01,0.01,0.01,0.01,0.01,0.01,0.01,0.01,0.01,0.01,0.01,0.01,0.01,0.01,0.01,0.01,0.01,0.01,0.01,0.01,0.01,0.01,0.01,0.01,0.01,0.01,0.01,0.01,0.01,0.01,0.01,0.01,0.01,0.01,0.01,0.01,0.01,0.01,0.01,0.01,0.01,0.01,0.01,0.01,0.01,0.01,0.01,0.01,0.01,0.01,0.01,0.01,0.01,0.01,0.01,0.01,0.01,0.01,0.01,0.01,0.01,0.01,0.01,0.01,0.01,0.01,0.01,0.01,0.01,0.01,0.01,0.01,0.01,0.01,0.01,0.01,0.01,0.01,0.01,0.01,0.01,0.01,0.01,0.01,0.01,0.01,0.01,0.01,0.01,0.01,0.01,0.01,0.01,0.01,0.01,0.01,0.01,0.01,0.01,0.01,0.01,0.01,0.01,0.01,0.01,0.01,0.01,0.01,0.01
vanilla,2,68000,63.569052655017,63.98627850005869,0.5764681100845337,0.9747625589370728,3,0.2508,0.7569,0.0121,0.0044,0.0039,0.0044,0.0031,0.0015,0.004,0.0043,0.0033,0.0092,0.0029,0.0015,0.0017,0.0011,0.0011,0.0009,0.0013,0.001,0.0008,0.0034,0.0047,0.0016,0.0014,0.0017,0.0016,0.0009,0.0017,0.002,0.0012,0.0037,0.0038,0.0019,0.0008,0.001,0.0011,0.0007,0.0012,0.0022,0.0011,0.004,0.0043,0.0017,0.0011,0.0007,0.0017,0.0004,0.0012,0.0011,0.0011,0.0045,0.0039,0.0017,0.0007,0.0014,0.0011,0.0006,0.0007,0.0014,0.0006,0.0025,0.0023,0.0015,0.0012,0.0006,0.0003,0.0003,0.0014,0.0013,0.001,0.004,0.0054,0.0026,0.0012,0.0005,0.0013,0.0003,0.0021,0.0017,0.0011,0.0048,0.0037,0.002,0.0021,0.0018,0.002,0.0014,0.0009,0.0012,0.0009,0.0039,0.0114,0.0029,0.0064,0.0032,0.0047,0.0015,0.0053,0.006,0.0038,0.0142,0.0,0.0,0.01,0.01,0.01,0.01,0.01,0.01,0.01,0.01,0.01,0.01,0.01,0.01,0.01,0.01,0.01,0.01,0.01,0.01,0.01,0.01,0.01,0.01,0.01,0.01,0.01,0.01,0.01,0.01,0.01,0.01,0.01,0.01,0.01,0.01,0.01,0.01,0.01,0.01,0.01,0.01,0.01,0.01,0.01,0.01,0.01,0.01,0.01,0.01,0.01,0.01,0.01,0.01,0.01,0.01,0.01,0.01,0.01,0.01,0.01,0.01,0.01,0.01,0.01,0.01,0.01,0.01,0.01,0.01,0.01,0.01,0.01,0.01,0.01,0.01,0.01,0.01,0.01,0.01,0.01,0.01,0.01,0.01,0.01,0.01,0.01,0.01,0.01,0.01,0.01,0.01,0.01,0.01,0.01,0.01,0.01,0.01,0.01,0.01,0.01,0.01,0.01,0.01,0.01,0.01,0.01,0.01,0.01,0.01,0.01,0.01,0.01,0.01,0.01,0.01,0.01,0.01,0.01,0.01,0.01,0.01,0.01,0.01,0.01,0.01,0.01,0.01,0.01,0.01,0.01,0.01,0.01,0.01,0.01,0.01,0.01,0.01,0.01,0.01,0.01,0.01,0.01,0.01,0.01,0.01,0.01,0.01,0.01,0.01,0.01,0.01,0.01,0.01,0.01,0.01,0.01,0.01,0.01,0.01,0.01,0.01,0.01,0.01,0.01,0.01,0.01,0.01,0.01,0.01,0.01,0.01,0.01,0.01,0.01,0.01,0.01,0.01,0.01,0.01,0.01,0.01,0.01,0.01,0.01,0.01,0.01,0.01,0.01,0.01,0.01,0.01,0.01,0.01,0.01,0.01,0.01,0.01,0.01,0.01,0.01,0.01
vanilla,2,69000,64.50050692865625,64.92541808402166,0.554532527923584,0.9026951193809509,3,0.2369,0.7638,0.0106,0.0038,0.0035,0.004,0.003,0.0018,0.0045,0.0035,0.0037,0.0095,0.0027,0.0009,0.0016,0.001,0.0013,0.0006,0.0012,0.0015,0.0009,0.0035,0.0056,0.0019,0.0008,0.0015,0.0015,0.0004,0.0015,0.0018,0.0012,0.0044,0.0037,0.0022,0.0008,0.0012,0.0012,0.0005,0.0008,0.0018,0.0013,0.0035,0.0052,0.002,0.0012,0.0011,0.0014,0.0004,0.0013,0.0013,0.0008,0.0041,0.0036,0.0016,0.0013,0.0012,0.0012,0.0004,0.0007,0.0015,0.0006,0.0028,0.0026,0.0017,0.0012,0.0004,0.0008,0.0003,0.0009,0.001,0.0009,0.0038,0.0053,0.0032,0.0015,0.0006,0.0008,0.0006,0.0013,0.0012,0.0016,0.0058,0.0039,0.0011,0.001,0.0018,0.0017,0.0006,0.0011,0.0015,0.0008,0.0039,0.0101,0.0031,0.005,0.0028,0.0041,0.0017,0.0048,0.0046,0.0034,0.01,0.0,0.0,0.01,0.01,0.01,0.01,0.01,0.01,0.01,0.01,0.01,0.01,0.01,0.01,0.01,0.01,0.01,0.01,0.01,0.01,0.01,0.01,0.01,0.01,0.01,0.01,0.01,0.01,0.01,0.01,0.01,0.01,0.01,0.01,0.01,0.01,0.01,0.01,0.01,0.01,0.01,0.01,0.01,0.01,0.01,0.01,0.01,0.01,0.01,0.01,0.01,0.01,0.01,0.01,0.01,0.01,0.01,0.01,0.01,0.01,0.01,0.01,0.01,0.01,0.01,0.01,0.01,0.01,0.01,0.01,0.01,0.01,0.01,0.01,0.01,0.01,0.01,0.01,0.01,0.01,0.01,0.01,0.01,0.01,0.01,0.01,0.01,0.01,0.01,0.01,0.01,0.01,0.01,0.01,0.01,0.01,0.01,0.01,0.01,0.01,0.01,0.01,0.01,0.01,0.01,0.01,0.01,0.01,0.01,0.01,0.01,0.01,0.01,0.01,0.01,0.01,0.01,0.01,0.01,0.01,0.01,0.01,0.01,0.01,0.01,0.01,0.01,0.01,0.01,0.01,0.01,0.01,0.01,0.01,0.01,0.01,0.01,0.01,0.01,0.01,0.01,0.01,0.01,0.01,0.01,0.01,0.01,0.01,0.01,0.01,0.01,0.01,0.01,0.01,0.01,0.01,0.01,0.01,0.01,0.01,0.01,0.01,0.01,0.01,0.01,0.01,0.01,0.01,0.01,0.01,0.01,0.01,0.01,0.01,0.01,0.01,0.01,0.01,0.01,0.01,0.01,0.01,0.01,0.01,0.01,0.01,0.01,0.01,0.01,0.01,0.01,0.01,0.01,0.01,0.01,0.01,0.01,0.01,0.01,0.01,0.01,0.01
vanilla,2,70000,65.43970000895206,65.87254200002644,0.5735138654708862,0.9665040373802185,3,0.24870000000000003,0.7598,0.0129,0.0044,0.0043,0.0044,0.0037,0.0019,0.0052,0.004,0.0032,0.0092,0.0025,0.0014,0.0022,0.0011,0.0015,0.0007,0.0015,0.0011,0.0015,0.0033,0.0048,0.0021,0.0012,0.001,0.0016,0.0007,0.0016,0.0019,0.0012,0.0044,0.0037,0.0022,0.0009,0.0007,0.0009,0.0002,0.0009,0.0018,0.001,0.0044,0.0044,0.0012,0.0013,0.0012,0.0011,0.0007,0.0013,0.0017,0.0012,0.0048,0.0043,0.0016,0.0014,0.0011,0.0011,0.0003,0.0007,0.0016,0.0009,0.0036,0.0027,0.0022,0.0012,0.0008,0.0008,0.0001,0.0011,0.0007,0.0014,0.0037,0.0059,0.0028,0.0012,0.0008,0.0011,0.0008,0.0015,0.0011,0.001,0.0056,0.0043,0.0007,0.0014,0.0013,0.0013,0.0008,0.0007,0.0012,0.0008,0.0047,0.0108,0.0026,0.0053,0.0024,0.0039,0.0013,0.0035,0.0045,0.0032,0.0148,0.0,0.0,0.01,0.01,0.01,0.01,0.01,0.01,0.01,0.01,0.01,0.01,0.01,0.01,0.01,0.01,0.01,0.01,0.01,0.01,0.01,0.01,0.01,0.01,0.01,0.01,0.01,0.01,0.01,0.01,0.01,0.01,0.01,0.01,0.01,0.01,0.01,0.01,0.01,0.01,0.01,0.01,0.01,0.01,0.01,0.01,0.01,0.01,0.01,0.01,0.01,0.01,0.01,0.01,0.01,0.01,0.01,0.01,0.01,0.01,0.01,0.01,0.01,0.01,0.01,0.01,0.01,0.01,0.01,0.01,0.01,0.01,0.01,0.01,0.01,0.01,0.01,0.01,0.01,0.01,0.01,0.01,0.01,0.01,0.01,0.01,0.01,0.01,0.01,0.01,0.01,0.01,0.01,0.01,0.01,0.01,0.01,0.01,0.01,0.01,0.01,0.01,0.01,0.01,0.01,0.01,0.01,0.01,0.01,0.01,0.01,0.01,0.01,0.01,0.01,0.01,0.01,0.01,0.01,0.01,0.01,0.01,0.01,0.01,0.01,0.01,0.01,0.01,0.01,0.01,0.01,0.01,0.01,0.01,0.01,0.01,0.01,0.01,0.01,0.01,0.01,0.01,0.01,0.01,0.01,0.01,0.01,0.01,0.01,0.01,0.01,0.01,0.01,0.01,0.01,0.01,0.01,0.01,0.01,0.01,0.01,0.01,0.01,0.01,0.01,0.01,0.01,0.01,0.01,0.01,0.01,0.01,0.01,0.01,0.01,0.01,0.01,0.01,0.01,0.01,0.01,0.01,0.01,0.01,0.01,0.01,0.01,0.01,0.01,0.01,0.01,0.01,0.01,0.01,0.01,0.01,0.01,0.01,0.01,0.01,0.01,0.01
vanilla,2,71000,66.4027271498926,66.84406558400951,0.5467736721038818,1.034639835357666,2,0.24460000000000004,0.7619,0.0158,0.0048,0.004,0.0052,0.004,0.0024,0.004,0.0048,0.0036,0.0107,0.0044,0.0016,0.0016,0.0011,0.0011,0.0007,0.0017,0.0015,0.0014,0.0034,0.0061,0.0021,0.0008,0.0007,0.0014,0.0006,0.002,0.0019,0.0011,0.0032,0.0066,0.0022,0.0011,0.001,0.0011,0.0001,0.0015,0.0019,0.001,0.004,0.0045,0.0016,0.0011,0.001,0.0005,0.0006,0.001,0.0009,0.0012,0.0039,0.0045,0.0022,0.0011,0.0006,0.0012,0.0005,0.0008,0.0015,0.0008,0.0021,0.0042,0.0017,0.0013,0.0007,0.0006,0.0003,0.0016,0.0014,0.0011,0.0037,0.0054,0.0022,0.001,0.0012,0.0006,0.0006,0.0015,0.0015,0.001,0.0046,0.0043,0.0008,0.001,0.0014,0.0009,0.0009,0.0012,0.0011,0.0009,0.0036,0.009,0.003,0.0028,0.0017,0.0029,0.001,0.0056,0.0043,0.0023,0.0099,0.0,0.0,0.01,0.01,0.01,0.01,0.01,0.01,0.01,0.01,0.01,0.01,0.01,0.01,0.01,0.01,0.01,0.01,0.01,0.01,0.01,0.01,0.01,0.01,0.01,0.01,0.01,0.01,0.01,0.01,0.01,0.01,0.01,0.01,0.01,0.01,0.01,0.01,0.01,0.01,0.01,0.01,0.01,0.01,0.01,0.01,0.01,0.01,0.01,0.01,0.01,0.01,0.01,0.01,0.01,0.01,0.01,0.01,0.01,0.01,0.01,0.01,0.01,0.01,0.01,0.01,0.01,0.01,0.01,0.01,0.01,0.01,0.01,0.01,0.01,0.01,0.01,0.01,0.01,0.01,0.01,0.01,0.01,0.01,0.01,0.01,0.01,0.01,0.01,0.01,0.01,0.01,0.01,0.01,0.01,0.01,0.01,0.01,0.01,0.01,0.01,0.01,0.01,0.01,0.01,0.01,0.01,0.01,0.01,0.01,0.01,0.01,0.01,0.01,0.01,0.01,0.01,0.01,0.01,0.01,0.01,0.01,0.01,0.01,0.01,0.01,0.01,0.01,0.01,0.01,0.01,0.01,0.01,0.01,0.01,0.01,0.01,0.01,0.01,0.01,0.01,0.01,0.01,0.01,0.01,0.01,0.01,0.01,0.01,0.01,0.01,0.01,0.01,0.01,0.01,0.01,0.01,0.01,0.01,0.01,0.01,0.01,0.01,0.01,0.01,0.01,0.01,0.01,0.01,0.01,0.01,0.01,0.01,0.01,0.01,0.01,0.01,0.01,0.01,0.01,0.01,0.01,0.01,0.01,0.01,0.01,0.01,0.01,0.01,0.01,0.01,0.01,0.01,0.01,0.01,0.01,0.01,0.01,0.01,0.01,0.01,0.01
vanilla,2,72000,67.34770503337495,67.79706875002012,0.5499691963195801,1.0100904703140259,4,0.2511,0.7588,0.0126,0.0047,0.0041,0.0044,0.0037,0.0024,0.0037,0.0045,0.0028,0.0119,0.0033,0.0011,0.0012,0.0009,0.0013,0.0006,0.0018,0.0013,0.0015,0.0044,0.0053,0.0019,0.0012,0.0012,0.0015,0.0006,0.0017,0.0019,0.0013,0.0048,0.0038,0.0022,0.001,0.0011,0.0006,0.0003,0.0006,0.0015,0.0011,0.004,0.0038,0.0015,0.0017,0.0012,0.0011,0.0005,0.0011,0.0014,0.0017,0.0047,0.0033,0.0017,0.0012,0.001,0.0008,0.0003,0.001,0.0013,0.0008,0.0028,0.0026,0.0016,0.0008,0.0003,0.0008,0.0006,0.0011,0.0008,0.001,0.0045,0.0054,0.003,0.0007,0.0007,0.0006,0.0003,0.0016,0.0014,0.0006,0.0049,0.0041,0.0027,0.0006,0.0007,0.0011,0.0007,0.001,0.0017,0.0008,0.0039,0.0123,0.0038,0.005,0.0028,0.0042,0.0024,0.0063,0.0048,0.0031,0.0131,0.0,0.0,0.01,0.01,0.01,0.01,0.01,0.01,0.01,0.01,0.01,0.01,0.01,0.01,0.01,0.01,0.01,0.01,0.01,0.01,0.01,0.01,0.01,0.01,0.01,0.01,0.01,0.01,0.01,0.01,0.01,0.01,0.01,0.01,0.01,0.01,0.01,0.01,0.01,0.01,0.01,0.01,0.01,0.01,0.01,0.01,0.01,0.01,0.01,0.01,0.01,0.01,0.01,0.01,0.01,0.01,0.01,0.01,0.01,0.01,0.01,0.01,0.01,0.01,0.01,0.01,0.01,0.01,0.01,0.01,0.01,0.01,0.01,0.01,0.01,0.01,0.01,0.01,0.01,0.01,0.01,0.01,0.01,0.01,0.01,0.01,0.01,0.01,0.01,0.01,0.01,0.01,0.01,0.01,0.01,0.01,0.01,0.01,0.01,0.01,0.01,0.01,0.01,0.01,0.01,0.01,0.01,0.01,0.01,0.01,0.01,0.01,0.01,0.01,0.01,0.01,0.01,0.01,0.01,0.01,0.01,0.01,0.01,0.01,0.01,0.01,0.01,0.01,0.01,0.01,0.01,0.01,0.01,0.01,0.01,0.01,0.01,0.01,0.01,0.01,0.01,0.01,0.01,0.01,0.01,0.01,0.01,0.01,0.01,0.01,0.01,0.01,0.01,0.01,0.01,0.01,0.01,0.01,0.01,0.01,0.01,0.01,0.01,0.01,0.01,0.01,0.01,0.01,0.01,0.01,0.01,0.01,0.01,0.01,0.01,0.01,0.01,0.01,0.01,0.01,0.01,0.01,0.01,0.01,0.01,0.01,0.01,0.01,0.01,0.01,0.01,0.01,0.01,0.01,0.01,0.01,0.01,0.01,0.01,0.01,0.01,0.01
vanilla,2,73000,68.2869465504773,68.74430562509224,0.546015739440918,0.9591662883758545,4,0.24659999999999993,0.7594000000000001,0.0127,0.0037,0.004,0.0044,0.0042,0.0022,0.0042,0.0054,0.0028,0.0109,0.0042,0.0015,0.0012,0.0014,0.0012,0.0006,0.0015,0.0018,0.0013,0.0026,0.0052,0.0018,0.0013,0.001,0.0016,0.0007,0.0016,0.0015,0.0012,0.0036,0.004,0.0026,0.0013,0.0007,0.0011,0.0002,0.001,0.0017,0.0011,0.0036,0.0046,0.0014,0.0009,0.0014,0.0006,0.0005,0.001,0.0012,0.0011,0.0028,0.0034,0.0019,0.0009,0.0005,0.0009,0.0004,0.0009,0.0011,0.0008,0.0028,0.0033,0.002,0.0006,0.001,0.0006,0.0002,0.0019,0.001,0.0012,0.0039,0.0062,0.0032,0.0012,0.0009,0.0011,0.0007,0.0019,0.0017,0.0011,0.0049,0.004,0.0015,0.0009,0.0012,0.0013,0.0008,0.0011,0.0013,0.0007,0.0045,0.0113,0.0038,0.0054,0.0024,0.0039,0.002,0.0056,0.0044,0.0031,0.0111,0.0,0.0,0.01,0.01,0.01,0.01,0.01,0.01,0.01,0.01,0.01,0.01,0.01,0.01,0.01,0.01,0.01,0.01,0.01,0.01,0.01,0.01,0.01,0.01,0.01,0.01,0.01,0.01,0.01,0.01,0.01,0.01,0.01,0.01,0.01,0.01,0.01,0.01,0.01,0.01,0.01,0.01,0.01,0.01,0.01,0.01,0.01,0.01,0.01,0.01,0.01,0.01,0.01,0.01,0.01,0.01,0.01,0.01,0.01,0.01,0.01,0.01,0.01,0.01,0.01,0.01,0.01,0.01,0.01,0.01,0.01,0.01,0.01,0.01,0.01,0.01,0.01,0.01,0.01,0.01,0.01,0.01,0.01,0.01,0.01,0.01,0.01,0.01,0.01,0.01,0.01,0.01,0.01,0.01,0.01,0.01,0.01,0.01,0.01,0.01,0.01,0.01,0.01,0.01,0.01,0.01,0.01,0.01,0.01,0.01,0.01,0.01,0.01,0.01,0.01,0.01,0.01,0.01,0.01,0.01,0.01,0.01,0.01,0.01,0.01,0.01,0.01,0.01,0.01,0.01,0.01,0.01,0.01,0.01,0.01,0.01,0.01,0.01,0.01,0.01,0.01,0.01,0.01,0.01,0.01,0.01,0.01,0.01,0.01,0.01,0.01,0.01,0.01,0.01,0.01,0.01,0.01,0.01,0.01,0.01,0.01,0.01,0.01,0.01,0.01,0.01,0.01,0.01,0.01,0.01,0.01,0.01,0.01,0.01,0.01,0.01,0.01,0.01,0.01,0.01,0.01,0.01,0.01,0.01,0.01,0.01,0.01,0.01,0.01,0.01,0.01,0.01,0.01,0.01,0.01,0.01,0.01,0.01,0.01,0.01,0.01,0.01
vanilla,2,74000,69.21666911826469,69.68220308399759,0.5440506935119629,0.978269100189209,4,0.24760000000000004,0.762,0.0115,0.0033,0.0042,0.0045,0.0043,0.0019,0.0038,0.0045,0.0029,0.0119,0.003,0.0014,0.0008,0.0013,0.0009,0.0003,0.0011,0.0014,0.0009,0.0026,0.0045,0.0017,0.0014,0.0015,0.0013,0.0005,0.0019,0.0016,0.001,0.0037,0.0037,0.0018,0.0007,0.0006,0.0009,0.0002,0.0006,0.0019,0.001,0.004,0.0045,0.0015,0.0012,0.0015,0.0018,0.0005,0.0008,0.0016,0.0017,0.0048,0.004,0.0018,0.0015,0.0006,0.001,0.0003,0.001,0.0011,0.0007,0.0042,0.0029,0.0021,0.001,0.0007,0.0009,0.0005,0.001,0.0005,0.0009,0.0035,0.0061,0.0026,0.0009,0.0007,0.0015,0.0004,0.0022,0.0016,0.0006,0.0045,0.0047,0.0021,0.0014,0.0012,0.0013,0.0008,0.0012,0.0011,0.001,0.004,0.0119,0.003,0.0058,0.003,0.0041,0.0016,0.0048,0.0047,0.0034,0.0143,0.0,0.0,0.01,0.01,0.01,0.01,0.01,0.01,0.01,0.01,0.01,0.01,0.01,0.01,0.01,0.01,0.01,0.01,0.01,0.01,0.01,0.01,0.01,0.01,0.01,0.01,0.01,0.01,0.01,0.01,0.01,0.01,0.01,0.01,0.01,0.01,0.01,0.01,0.01,0.01,0.01,0.01,0.01,0.01,0.01,0.01,0.01,0.01,0.01,0.01,0.01,0.01,0.01,0.01,0.01,0.01,0.01,0.01,0.01,0.01,0.01,0.01,0.01,0.01,0.01,0.01,0.01,0.01,0.01,0.01,0.01,0.01,0.01,0.01,0.01,0.01,0.01,0.01,0.01,0.01,0.01,0.01,0.01,0.01,0.01,0.01,0.01,0.01,0.01,0.01,0.01,0.01,0.01,0.01,0.01,0.01,0.01,0.01,0.01,0.01,0.01,0.01,0.01,0.01,0.01,0.01,0.01,0.01,0.01,0.01,0.01,0.01,0.01,0.01,0.01,0.01,0.01,0.01,0.01,0.01,0.01,0.01,0.01,0.01,0.01,0.01,0.01,0.01,0.01,0.01,0.01,0.01,0.01,0.01,0.01,0.01,0.01,0.01,0.01,0.01,0.01,0.01,0.01,0.01,0.01,0.01,0.01,0.01,0.01,0.01,0.01,0.01,0.01,0.01,0.01,0.01,0.01,0.01,0.01,0.01,0.01,0.01,0.01,0.01,0.01,0.01,0.01,0.01,0.01,0.01,0.01,0.01,0.01,0.01,0.01,0.01,0.01,0.01,0.01,0.01,0.01,0.01,0.01,0.01,0.01,0.01,0.01,0.01,0.01,0.01,0.01,0.01,0.01,0.01,0.01,0.01,0.01,0.01,0.01,0.01,0.01,0.01
vanilla,2,75000,70.15854137938004,70.63282525003888,0.5589556097984314,1.00706148147583,4,0.24560000000000004,0.763,0.0124,0.0024,0.0039,0.0033,0.0042,0.0015,0.0041,0.0034,0.0028,0.0117,0.0036,0.0012,0.0014,0.0013,0.0017,0.0002,0.0013,0.002,0.0014,0.0024,0.0052,0.002,0.0014,0.0015,0.0015,0.0007,0.0014,0.0019,0.001,0.0043,0.0044,0.0022,0.0016,0.0007,0.001,0.0004,0.0006,0.0014,0.0012,0.004,0.0043,0.0015,0.001,0.0009,0.0015,0.0003,0.0006,0.0012,0.0013,0.0041,0.0045,0.0018,0.0012,0.0006,0.0012,0.0001,0.0008,0.0014,0.0002,0.0035,0.0032,0.0017,0.0007,0.0008,0.0007,0.0006,0.0009,0.0008,0.0007,0.0047,0.0058,0.0027,0.0017,0.0008,0.0014,0.0007,0.0017,0.0024,0.0008,0.005,0.004,0.0013,0.0012,0.0014,0.0016,0.0008,0.001,0.0014,0.001,0.0041,0.0114,0.0033,0.0052,0.0025,0.0033,0.0018,0.005,0.0045,0.0033,0.0131,0.0,0.0,0.01,0.01,0.01,0.01,0.01,0.01,0.01,0.01,0.01,0.01,0.01,0.01,0.01,0.01,0.01,0.01,0.01,0.01,0.01,0.01,0.01,0.01,0.01,0.01,0.01,0.01,0.01,0.01,0.01,0.01,0.01,0.01,0.01,0.01,0.01,0.01,0.01,0.01,0.01,0.01,0.01,0.01,0.01,0.01,0.01,0.01,0.01,0.01,0.01,0.01,0.01,0.01,0.01,0.01,0.01,0.01,0.01,0.01,0.01,0.01,0.01,0.01,0.01,0.01,0.01,0.01,0.01,0.01,0.01,0.01,0.01,0.01,0.01,0.01,0.01,0.01,0.01,0.01,0.01,0.01,0.01,0.01,0.01,0.01,0.01,0.01,0.01,0.01,0.01,0.01,0.01,0.01,0.01,0.01,0.01,0.01,0.01,0.01,0.01,0.01,0.01,0.01,0.01,0.01,0.01,0.01,0.01,0.01,0.01,0.01,0.01,0.01,0.01,0.01,0.01,0.01,0.01,0.01,0.01,0.01,0.01,0.01,0.01,0.01,0.01,0.01,0.01,0.01,0.01,0.01,0.01,0.01,0.01,0.01,0.01,0.01,0.01,0.01,0.01,0.01,0.01,0.01,0.01,0.01,0.01,0.01,0.01,0.01,0.01,0.01,0.01,0.01,0.01,0.01,0.01,0.01,0.01,0.01,0.01,0.01,0.01,0.01,0.01,0.01,0.01,0.01,0.01,0.01,0.01,0.01,0.01,0.01,0.01,0.01,0.01,0.01,0.01,0.01,0.01,0.01,0.01,0.01,0.01,0.01,0.01,0.01,0.01,0.01,0.01,0.01,0.01,0.01,0.01,0.01,0.01,0.01,0.01,0.01,0.01,0.01
vanilla,2,76000,71.10606514918618,71.59021729207598,0.5539745688438416,1.0680408477783203,4,0.24960000000000004,0.76,0.0133,0.0049,0.0041,0.0049,0.0039,0.0013,0.005,0.0044,0.0033,0.0105,0.0033,0.0011,0.0013,0.001,0.0014,0.0005,0.0014,0.0016,0.0008,0.0027,0.0058,0.0021,0.002,0.0018,0.0014,0.0008,0.0024,0.0015,0.0008,0.0021,0.0051,0.0032,0.0015,0.0003,0.001,0.0002,0.001,0.0019,0.0009,0.0042,0.004,0.0017,0.0006,0.0015,0.0013,0.0005,0.0009,0.0017,0.001,0.0047,0.0041,0.0023,0.0009,0.0008,0.001,0.0001,0.001,0.0011,0.0003,0.0038,0.0025,0.0012,0.0011,0.0008,0.0008,0.0007,0.0015,0.0005,0.0011,0.0031,0.0053,0.003,0.0011,0.0012,0.0007,0.0005,0.0025,0.0017,0.0007,0.005,0.004,0.0017,0.0007,0.0012,0.0008,0.0005,0.0012,0.0016,0.0008,0.0038,0.0114,0.0031,0.0044,0.0025,0.003,0.0013,0.0064,0.0044,0.0034,0.0144,0.0,0.0,0.01,0.01,0.01,0.01,0.01,0.01,0.01,0.01,0.01,0.01,0.01,0.01,0.01,0.01,0.01,0.01,0.01,0.01,0.01,0.01,0.01,0.01,0.01,0.01,0.01,0.01,0.01,0.01,0.01,0.01,0.01,0.01,0.01,0.01,0.01,0.01,0.01,0.01,0.01,0.01,0.01,0.01,0.01,0.01,0.01,0.01,0.01,0.01,0.01,0.01,0.01,0.01,0.01,0.01,0.01,0.01,0.01,0.01,0.01,0.01,0.01,0.01,0.01,0.01,0.01,0.01,0.01,0.01,0.01,0.01,0.01,0.01,0.01,0.01,0.01,0.01,0.01,0.01,0.01,0.01,0.01,0.01,0.01,0.01,0.01,0.01,0.01,0.01,0.01,0.01,0.01,0.01,0.01,0.01,0.01,0.01,0.01,0.01,0.01,0.01,0.01,0.01,0.01,0.01,0.01,0.01,0.01,0.01,0.01,0.01,0.01,0.01,0.01,0.01,0.01,0.01,0.01,0.01,0.01,0.01,0.01,0.01,0.01,0.01,0.01,0.01,0.01,0.01,0.01,0.01,0.01,0.01,0.01,0.01,0.01,0.01,0.01,0.01,0.01,0.01,0.01,0.01,0.01,0.01,0.01,0.01,0.01,0.01,0.01,0.01,0.01,0.01,0.01,0.01,0.01,0.01,0.01,0.01,0.01,0.01,0.01,0.01,0.01,0.01,0.01,0.01,0.01,0.01,0.01,0.01,0.01,0.01,0.01,0.01,0.01,0.01,0.01,0.01,0.01,0.01,0.01,0.01,0.01,0.01,0.01,0.01,0.01,0.01,0.01,0.01,0.01,0.01,0.01,0.01,0.01,0.01,0.01,0.01,0.01,0.01
vanilla,2,77000,72.04532585095149,72.53832908405457,0.5511659383773804,1.0066816806793213,4,0.25839999999999996,0.7528,0.0127,0.0048,0.0041,0.005,0.0039,0.0019,0.0052,0.0048,0.0029,0.0115,0.0031,0.0019,0.0015,0.0012,0.002,0.0006,0.0016,0.0011,0.001,0.0035,0.0054,0.0024,0.0018,0.0015,0.0014,0.001,0.0027,0.002,0.0008,0.0039,0.0041,0.0026,0.0018,0.0008,0.0011,0.0002,0.0008,0.0014,0.001,0.0034,0.0043,0.0023,0.0007,0.0015,0.0013,0.0004,0.0008,0.0011,0.001,0.0044,0.004,0.0016,0.001,0.0012,0.001,0.0006,0.0008,0.0009,0.0004,0.0032,0.0028,0.0014,0.0009,0.0005,0.0004,0.0006,0.0009,0.0005,0.001,0.0035,0.0053,0.0028,0.0015,0.0012,0.0009,0.0009,0.0027,0.002,0.0003,0.0059,0.0039,0.0014,0.001,0.0012,0.0011,0.001,0.0011,0.0016,0.0014,0.004,0.0111,0.003,0.0058,0.0028,0.0038,0.0024,0.0045,0.0047,0.0038,0.0159,0.0,0.0,0.01,0.01,0.01,0.01,0.01,0.01,0.01,0.01,0.01,0.01,0.01,0.01,0.01,0.01,0.01,0.01,0.01,0.01,0.01,0.01,0.01,0.01,0.01,0.01,0.01,0.01,0.01,0.01,0.01,0.01,0.01,0.01,0.01,0.01,0.01,0.01,0.01,0.01,0.01,0.01,0.01,0.01,0.01,0.01,0.01,0.01,0.01,0.01,0.01,0.01,0.01,0.01,0.01,0.01,0.01,0.01,0.01,0.01,0.01,0.01,0.01,0.01,0.01,0.01,0.01,0.01,0.01,0.01,0.01,0.01,0.01,0.01,0.01,0.01,0.01,0.01,0.01,0.01,0.01,0.01,0.01,0.01,0.01,0.01,0.01,0.01,0.01,0.01,0.01,0.01,0.01,0.01,0.01,0.01,0.01,0.01,0.01,0.01,0.01,0.01,0.01,0.01,0.01,0.01,0.01,0.01,0.01,0.01,0.01,0.01,0.01,0.01,0.01,0.01,0.01,0.01,0.01,0.01,0.01,0.01,0.01,0.01,0.01,0.01,0.01,0.01,0.01,0.01,0.01,0.01,0.01,0.01,0.01,0.01,0.01,0.01,0.01,0.01,0.01,0.01,0.01,0.01,0.01,0.01,0.01,0.01,0.01,0.01,0.01,0.01,0.01,0.01,0.01,0.01,0.01,0.01,0.01,0.01,0.01,0.01,0.01,0.01,0.01,0.01,0.01,0.01,0.01,0.01,0.01,0.01,0.01,0.01,0.01,0.01,0.01,0.01,0.01,0.01,0.01,0.01,0.01,0.01,0.01,0.01,0.01,0.01,0.01,0.01,0.01,0.01,0.01,0.01,0.01,0.01,0.01,0.01,0.01,0.01,0.01,0.01
vanilla,2,78000,72.9840760580264,73.48533220903482,0.5353496074676514,1.0408852100372314,4,0.2481,0.762,0.0137,0.0045,0.0038,0.0045,0.0043,0.0019,0.0051,0.005,0.0027,0.0122,0.0035,0.0013,0.0013,0.0013,0.0023,0.0006,0.0014,0.0016,0.0012,0.0031,0.0045,0.0014,0.0015,0.0008,0.0014,0.0006,0.0013,0.0016,0.0008,0.0048,0.0039,0.0017,0.0014,0.001,0.0012,0.0006,0.0003,0.0007,0.0009,0.0035,0.0044,0.0018,0.0013,0.0011,0.0013,0.0006,0.0002,0.0009,0.001,0.0049,0.0037,0.0017,0.0013,0.001,0.0008,0.0005,0.0011,0.0009,0.0007,0.0034,0.003,0.0015,0.0005,0.0008,0.0008,0.0004,0.001,0.0006,0.0007,0.0041,0.0056,0.0021,0.0018,0.0008,0.0011,0.0006,0.0013,0.0016,0.0005,0.0062,0.0033,0.001,0.0008,0.0008,0.0015,0.0008,0.0008,0.0019,0.001,0.0045,0.0113,0.003,0.0058,0.0028,0.0041,0.0027,0.0038,0.0047,0.0038,0.0129,0.0,0.0,0.01,0.01,0.01,0.01,0.01,0.01,0.01,0.01,0.01,0.01,0.01,0.01,0.01,0.01,0.01,0.01,0.01,0.01,0.01,0.01,0.01,0.01,0.01,0.01,0.01,0.01,0.01,0.01,0.01,0.01,0.01,0.01,0.01,0.01,0.01,0.01,0.01,0.01,0.01,0.01,0.01,0.01,0.01,0.01,0.01,0.01,0.01,0.01,0.01,0.01,0.01,0.01,0.01,0.01,0.01,0.01,0.01,0.01,0.01,0.01,0.01,0.01,0.01,0.01,0.01,0.01,0.01,0.01,0.01,0.01,0.01,0.01,0.01,0.01,0.01,0.01,0.01,0.01,0.01,0.01,0.01,0.01,0.01,0.01,0.01,0.01,0.01,0.01,0.01,0.01,0.01,0.01,0.01,0.01,0.01,0.01,0.01,0.01,0.01,0.01,0.01,0.01,0.01,0.01,0.01,0.01,0.01,0.01,0.01,0.01,0.01,0.01,0.01,0.01,0.01,0.01,0.01,0.01,0.01,0.01,0.01,0.01,0.01,0.01,0.01,0.01,0.01,0.01,0.01,0.01,0.01,0.01,0.01,0.01,0.01,0.01,0.01,0.01,0.01,0.01,0.01,0.01,0.01,0.01,0.01,0.01,0.01,0.01,0.01,0.01,0.01,0.01,0.01,0.01,0.01,0.01,0.01,0.01,0.01,0.01,0.01,0.01,0.01,0.01,0.01,0.01,0.01,0.01,0.01,0.01,0.01,0.01,0.01,0.01,0.01,0.01,0.01,0.01,0.01,0.01,0.01,0.01,0.01,0.01,0.01,0.01,0.01,0.01,0.01,0.01,0.01,0.01,0.01,0.01,0.01,0.01,0.01,0.01,0.01,0.01
vanilla,2,79000,73.95041168760508,74.46057837503031,0.5406166911125183,0.9869922995567322,4,0.25329999999999997,0.7574000000000001,0.0153,0.0062,0.0039,0.0049,0.0029,0.0025,0.0052,0.0058,0.003,0.0104,0.0046,0.0027,0.0018,0.0019,0.0014,0.0004,0.0011,0.0023,0.0014,0.0035,0.0056,0.0023,0.0011,0.0014,0.001,0.0003,0.0012,0.0016,0.0008,0.0035,0.0054,0.0024,0.0013,0.0008,0.0007,0.0004,0.0008,0.0012,0.0008,0.0033,0.0045,0.0023,0.001,0.0009,0.0005,0.0003,0.0007,0.0017,0.0012,0.0028,0.0044,0.0026,0.0009,0.0007,0.0002,0.0003,0.001,0.0011,0.0005,0.0033,0.0037,0.0021,0.0007,0.0005,0.0003,0.0007,0.0014,0.0008,0.0008,0.0034,0.0055,0.0025,0.0011,0.0011,0.0011,0.0008,0.0017,0.0019,0.0009,0.0041,0.0039,0.0014,0.0003,0.0011,0.0008,0.0007,0.0009,0.0011,0.0007,0.0037,0.0118,0.0035,0.005,0.0029,0.0029,0.0017,0.006,0.0049,0.0037,0.0132,0.0,0.0,0.01,0.01,0.01,0.01,0.01,0.01,0.01,0.01,0.01,0.01,0.01,0.01,0.01,0.01,0.01,0.01,0.01,0.01,0.01,0.01,0.01,0.01,0.01,0.01,0.01,0.01,0.01,0.01,0.01,0.01,0.01,0.01,0.01,0.01,0.01,0.01,0.01,0.01,0.01,0.01,0.01,0.01,0.01,0.01,0.01,0.01,0.01,0.01,0.01,0.01,0.01,0.01,0.01,0.01,0.01,0.01,0.01,0.01,0.01,0.01,0.01,0.01,0.01,0.01,0.01,0.01,0.01,0.01,0.01,0.01,0.01,0.01,0.01,0.01,0.01,0.01,0.01,0.01,0.01,0.01,0.01,0.01,0.01,0.01,0.01,0.01,0.01,0.01,0.01,0.01,0.01,0.01,0.01,0.01,0.01,0.01,0.01,0.01,0.01,0.01,0.01,0.01,0.01,0.01,0.01,0.01,0.01,0.01,0.01,0.01,0.01,0.01,0.01,0.01,0.01,0.01,0.01,0.01,0.01,0.01,0.01,0.01,0.01,0.01,0.01,0.01,0.01,0.01,0.01,0.01,0.01,0.01,0.01,0.01,0.01,0.01,0.01,0.01,0.01,0.01,0.01,0.01,0.01,0.01,0.01,0.01,0.01,0.01,0.01,0.01,0.01,0.01,0.01,0.01,0.01,0.01,0.01,0.01,0.01,0.01,0.01,0.01,0.01,0.01,0.01,0.01,0.01,0.01,0.01,0.01,0.01,0.01,0.01,0.01,0.01,0.01,0.01,0.01,0.01,0.01,0.01,0.01,0.01,0.01,0.01,0.01,0.01,0.01,0.01,0.01,0.01,0.01,0.01,0.01,0.01,0.01,0.01,0.01,0.01,0.01
vanilla,2,80000,74.90124828240369,75.42005133407656,0.5678834915161133,0.9712623357772827,3,0.2522,0.7568,0.0134,0.0054,0.0038,0.0047,0.0031,0.0028,0.0063,0.0067,0.0027,0.0083,0.0037,0.0024,0.0012,0.0012,0.0016,0.0004,0.0014,0.0012,0.0007,0.0024,0.0038,0.002,0.0015,0.0014,0.0013,0.0008,0.0022,0.0018,0.001,0.0046,0.0037,0.0029,0.0014,0.0009,0.0013,0.0002,0.0006,0.0016,0.0006,0.0033,0.0048,0.0016,0.001,0.0009,0.0012,0.0006,0.0008,0.0014,0.0009,0.0041,0.0042,0.0019,0.0005,0.0008,0.0009,0.0003,0.0011,0.0009,0.0006,0.0022,0.0034,0.0017,0.0007,0.0008,0.0007,0.0003,0.0009,0.001,0.0011,0.0036,0.0051,0.0026,0.0012,0.0013,0.0005,0.0004,0.0018,0.0016,0.001,0.0052,0.0041,0.0027,0.0007,0.0014,0.0008,0.0007,0.0015,0.0013,0.0008,0.0043,0.0112,0.0039,0.0051,0.0031,0.0041,0.0017,0.0063,0.0051,0.0031,0.0144,0.0,0.0,0.01,0.01,0.01,0.01,0.01,0.01,0.01,0.01,0.01,0.01,0.01,0.01,0.01,0.01,0.01,0.01,0.01,0.01,0.01,0.01,0.01,0.01,0.01,0.01,0.01,0.01,0.01,0.01,0.01,0.01,0.01,0.01,0.01,0.01,0.01,0.01,0.01,0.01,0.01,0.01,0.01,0.01,0.01,0.01,0.01,0.01,0.01,0.01,0.01,0.01,0.01,0.01,0.01,0.01,0.01,0.01,0.01,0.01,0.01,0.01,0.01,0.01,0.01,0.01,0.01,0.01,0.01,0.01,0.01,0.01,0.01,0.01,0.01,0.01,0.01,0.01,0.01,0.01,0.01,0.01,0.01,0.01,0.01,0.01,0.01,0.01,0.01,0.01,0.01,0.01,0.01,0.01,0.01,0.01,0.01,0.01,0.01,0.01,0.01,0.01,0.01,0.01,0.01,0.01,0.01,0.01,0.01,0.01,0.01,0.01,0.01,0.01,0.01,0.01,0.01,0.01,0.01,0.01,0.01,0.01,0.01,0.01,0.01,0.01,0.01,0.01,0.01,0.01,0.01,0.01,0.01,0.01,0.01,0.01,0.01,0.01,0.01,0.01,0.01,0.01,0.01,0.01,0.01,0.01,0.01,0.01,0.01,0.01,0.01,0.01,0.01,0.01,0.01,0.01,0.01,0.01,0.01,0.01,0.01,0.01,0.01,0.01,0.01,0.01,0.01,0.01,0.01,0.01,0.01,0.01,0.01,0.01,0.01,0.01,0.01,0.01,0.01,0.01,0.01,0.01,0.01,0.01,0.01,0.01,0.01,0.01,0.01,0.01,0.01,0.01,0.01,0.01,0.01,0.01,0.01,0.01,0.01,0.01,0.01,0.01
vanilla,2,81000,75.86250969790854,76.38940754206851,0.5267548561096191,1.0133849382400513,4,0.26160000000000005,0.7513000000000001,0.014,0.0059,0.004,0.004,0.0038,0.0025,0.0054,0.0058,0.0029,0.0117,0.0038,0.0017,0.0014,0.001,0.0019,0.0004,0.001,0.0014,0.0012,0.0026,0.0057,0.0028,0.0015,0.0009,0.0013,0.0008,0.0013,0.0023,0.0009,0.0043,0.0047,0.0029,0.0012,0.0008,0.0014,0.0005,0.0003,0.0012,0.0005,0.0034,0.0052,0.002,0.0011,0.0007,0.001,0.0003,0.0011,0.0014,0.0014,0.004,0.0051,0.002,0.0006,0.0008,0.001,0.0003,0.0011,0.0009,0.0005,0.003,0.0031,0.0016,0.0004,0.0009,0.0008,0.0006,0.0017,0.0011,0.0013,0.0035,0.0063,0.0027,0.001,0.001,0.0006,0.0005,0.0025,0.0023,0.0008,0.0047,0.0037,0.0016,0.0006,0.0013,0.0012,0.0006,0.0011,0.0016,0.0014,0.0041,0.0116,0.0034,0.0055,0.003,0.0043,0.0019,0.0043,0.0047,0.0041,0.0156,0.0,0.0,0.01,0.01,0.01,0.01,0.01,0.01,0.01,0.01,0.01,0.01,0.01,0.01,0.01,0.01,0.01,0.01,0.01,0.01,0.01,0.01,0.01,0.01,0.01,0.01,0.01,0.01,0.01,0.01,0.01,0.01,0.01,0.01,0.01,0.01,0.01,0.01,0.01,0.01,0.01,0.01,0.01,0.01,0.01,0.01,0.01,0.01,0.01,0.01,0.01,0.01,0.01,0.01,0.01,0.01,0.01,0.01,0.01,0.01,0.01,0.01,0.01,0.01,0.01,0.01,0.01,0.01,0.01,0.01,0.01,0.01,0.01,0.01,0.01,0.01,0.01,0.01,0.01,0.01,0.01,0.01,0.01,0.01,0.01,0.01,0.01,0.01,0.01,0.01,0.01,0.01,0.01,0.01,0.01,0.01,0.01,0.01,0.01,0.01,0.01,0.01,0.01,0.01,0.01,0.01,0.01,0.01,0.01,0.01,0.01,0.01,0.01,0.01,0.01,0.01,0.01,0.01,0.01,0.01,0.01,0.01,0.01,0.01,0.01,0.01,0.01,0.01,0.01,0.01,0.01,0.01,0.01,0.01,0.01,0.01,0.01,0.01,0.01,0.01,0.01,0.01,0.01,0.01,0.01,0.01,0.01,0.01,0.01,0.01,0.01,0.01,0.01,0.01,0.01,0.01,0.01,0.01,0.01,0.01,0.01,0.01,0.01,0.01,0.01,0.01,0.01,0.01,0.01,0.01,0.01,0.01,0.01,0.01,0.01,0.01,0.01,0.01,0.01,0.01,0.01,0.01,0.01,0.01,0.01,0.01,0.01,0.01,0.01,0.01,0.01,0.01,0.01,0.01,0.01,0.01,0.01,0.01,0.01,0.01,0.01,0.01
vanilla,2,82000,76.80801876541227,77.3443468339974,0.5813758373260498,0.9580364227294922,1,0.2407999999999999,0.7623000000000001,0.0096,0.0026,0.0026,0.0031,0.0035,0.0018,0.0059,0.0048,0.0031,0.0095,0.0043,0.0018,0.0015,0.0008,0.002,0.0005,0.0013,0.0013,0.0007,0.0032,0.0053,0.0024,0.0015,0.0004,0.0012,0.0007,0.0019,0.0018,0.001,0.0039,0.0047,0.0028,0.0017,0.0006,0.0009,0.0004,0.0003,0.001,0.001,0.0031,0.0039,0.0018,0.0009,0.0012,0.0012,0.0004,0.001,0.0015,0.0014,0.0041,0.0049,0.0016,0.0008,0.0006,0.0006,0.0001,0.0013,0.0006,0.0008,0.003,0.004,0.0015,0.0004,0.0008,0.0003,0.0008,0.0013,0.001,0.0013,0.0029,0.006,0.0029,0.0011,0.0006,0.0004,0.0006,0.0021,0.0017,0.001,0.0043,0.0039,0.002,0.0006,0.0012,0.0015,0.0005,0.0018,0.0013,0.0007,0.0039,0.0089,0.0038,0.006,0.0031,0.0044,0.0014,0.006,0.0056,0.0039,0.0131,0.0,0.0,0.01,0.01,0.01,0.01,0.01,0.01,0.01,0.01,0.01,0.01,0.01,0.01,0.01,0.01,0.01,0.01,0.01,0.01,0.01,0.01,0.01,0.01,0.01,0.01,0.01,0.01,0.01,0.01,0.01,0.01,0.01,0.01,0.01,0.01,0.01,0.01,0.01,0.01,0.01,0.01,0.01,0.01,0.01,0.01,0.01,0.01,0.01,0.01,0.01,0.01,0.01,0.01,0.01,0.01,0.01,0.01,0.01,0.01,0.01,0.01,0.01,0.01,0.01,0.01,0.01,0.01,0.01,0.01,0.01,0.01,0.01,0.01,0.01,0.01,0.01,0.01,0.01,0.01,0.01,0.01,0.01,0.01,0.01,0.01,0.01,0.01,0.01,0.01,0.01,0.01,0.01,0.01,0.01,0.01,0.01,0.01,0.01,0.01,0.01,0.01,0.01,0.01,0.01,0.01,0.01,0.01,0.01,0.01,0.01,0.01,0.01,0.01,0.01,0.01,0.01,0.01,0.01,0.01,0.01,0.01,0.01,0.01,0.01,0.01,0.01,0.01,0.01,0.01,0.01,0.01,0.01,0.01,0.01,0.01,0.01,0.01,0.01,0.01,0.01,0.01,0.01,0.01,0.01,0.01,0.01,0.01,0.01,0.01,0.01,0.01,0.01,0.01,0.01,0.01,0.01,0.01,0.01,0.01,0.01,0.01,0.01,0.01,0.01,0.01,0.01,0.01,0.01,0.01,0.01,0.01,0.01,0.01,0.01,0.01,0.01,0.01,0.01,0.01,0.01,0.01,0.01,0.01,0.01,0.01,0.01,0.01,0.01,0.01,0.01,0.01,0.01,0.01,0.01,0.01,0.01,0.01,0.01,0.01,0.01,0.01
vanilla,2,83000,77.75147622218356,78.29769375000615,0.5361907482147217,0.9996957182884216,4,0.2631,0.7498,0.0148,0.0051,0.0045,0.0043,0.0034,0.0017,0.0054,0.0046,0.0027,0.0109,0.0032,0.0015,0.0017,0.0014,0.0027,0.0005,0.0014,0.0023,0.0015,0.0042,0.0049,0.0023,0.0016,0.0007,0.0014,0.0007,0.0011,0.0015,0.0009,0.0043,0.0045,0.0034,0.001,0.0006,0.0007,0.0003,0.0005,0.0009,0.0009,0.0036,0.0051,0.0023,0.0006,0.0009,0.0011,0.0002,0.0008,0.0013,0.0011,0.0049,0.0047,0.0019,0.0008,0.0009,0.0009,0.0001,0.0012,0.001,0.001,0.0032,0.0033,0.0014,0.0004,0.0007,0.0005,0.0006,0.0014,0.0008,0.0007,0.0029,0.0057,0.0038,0.0012,0.001,0.0004,0.0003,0.0019,0.0019,0.0004,0.005,0.0049,0.0022,0.0007,0.0015,0.0016,0.0005,0.0013,0.0014,0.0011,0.0047,0.013,0.0048,0.0057,0.0033,0.0039,0.0019,0.0061,0.0054,0.003,0.0142,0.0,0.0,0.01,0.01,0.01,0.01,0.01,0.01,0.01,0.01,0.01,0.01,0.01,0.01,0.01,0.01,0.01,0.01,0.01,0.01,0.01,0.01,0.01,0.01,0.01,0.01,0.01,0.01,0.01,0.01,0.01,0.01,0.01,0.01,0.01,0.01,0.01,0.01,0.01,0.01,0.01,0.01,0.01,0.01,0.01,0.01,0.01,0.01,0.01,0.01,0.01,0.01,0.01,0.01,0.01,0.01,0.01,0.01,0.01,0.01,0.01,0.01,0.01,0.01,0.01,0.01,0.01,0.01,0.01,0.01,0.01,0.01,0.01,0.01,0.01,0.01,0.01,0.01,0.01,0.01,0.01,0.01,0.01,0.01,0.01,0.01,0.01,0.01,0.01,0.01,0.01,0.01,0.01,0.01,0.01,0.01,0.01,0.01,0.01,0.01,0.01,0.01,0.01,0.01,0.01,0.01,0.01,0.01,0.01,0.01,0.01,0.01,0.01,0.01,0.01,0.01,0.01,0.01,0.01,0.01,0.01,0.01,0.01,0.01,0.01,0.01,0.01,0.01,0.01,0.01,0.01,0.01,0.01,0.01,0.01,0.01,0.01,0.01,0.01,0.01,0.01,0.01,0.01,0.01,0.01,0.01,0.01,0.01,0.01,0.01,0.01,0.01,0.01,0.01,0.01,0.01,0.01,0.01,0.01,0.01,0.01,0.01,0.01,0.01,0.01,0.01,0.01,0.01,0.01,0.01,0.01,0.01,0.01,0.01,0.01,0.01,0.01,0.01,0.01,0.01,0.01,0.01,0.01,0.01,0.01,0.01,0.01,0.01,0.01,0.01,0.01,0.01,0.01,0.01,0.01,0.01,0.01,0.01,0.01,0.01,0.01,0.01
vanilla,2,84000,78.70153083757032,79.25765779206995,0.5052897930145264,1.0883129835128784,4,0.2582,0.7544000000000001,0.0155,0.0064,0.0041,0.0043,0.0037,0.0013,0.0052,0.0055,0.002,0.0109,0.0039,0.002,0.0013,0.0009,0.0019,0.0005,0.0013,0.0014,0.0013,0.0032,0.0057,0.0022,0.0016,0.001,0.0012,0.0003,0.0014,0.0014,0.001,0.004,0.005,0.0029,0.0017,0.0005,0.0009,0.0005,0.0007,0.0008,0.001,0.0038,0.0042,0.0027,0.0009,0.0008,0.0009,0.0002,0.0006,0.001,0.0016,0.0049,0.0045,0.0025,0.0007,0.0009,0.0007,0.0,0.0011,0.0011,0.0007,0.0034,0.0038,0.002,0.0006,0.0009,0.0007,0.0002,0.0013,0.0006,0.001,0.0036,0.0054,0.0034,0.0009,0.0014,0.0011,0.0007,0.0015,0.0027,0.0004,0.0054,0.0041,0.0019,0.0003,0.0015,0.0014,0.0009,0.001,0.0018,0.0016,0.0047,0.0102,0.005,0.0041,0.0021,0.0027,0.0013,0.0037,0.0048,0.0039,0.016,0.0,0.0,0.01,0.01,0.01,0.01,0.01,0.01,0.01,0.01,0.01,0.01,0.01,0.01,0.01,0.01,0.01,0.01,0.01,0.01,0.01,0.01,0.01,0.01,0.01,0.01,0.01,0.01,0.01,0.01,0.01,0.01,0.01,0.01,0.01,0.01,0.01,0.01,0.01,0.01,0.01,0.01,0.01,0.01,0.01,0.01,0.01,0.01,0.01,0.01,0.01,0.01,0.01,0.01,0.01,0.01,0.01,0.01,0.01,0.01,0.01,0.01,0.01,0.01,0.01,0.01,0.01,0.01,0.01,0.01,0.01,0.01,0.01,0.01,0.01,0.01,0.01,0.01,0.01,0.01,0.01,0.01,0.01,0.01,0.01,0.01,0.01,0.01,0.01,0.01,0.01,0.01,0.01,0.01,0.01,0.01,0.01,0.01,0.01,0.01,0.01,0.01,0.01,0.01,0.01,0.01,0.01,0.01,0.01,0.01,0.01,0.01,0.01,0.01,0.01,0.01,0.01,0.01,0.01,0.01,0.01,0.01,0.01,0.01,0.01,0.01,0.01,0.01,0.01,0.01,0.01,0.01,0.01,0.01,0.01,0.01,0.01,0.01,0.01,0.01,0.01,0.01,0.01,0.01,0.01,0.01,0.01,0.01,0.01,0.01,0.01,0.01,0.01,0.01,0.01,0.01,0.01,0.01,0.01,0.01,0.01,0.01,0.01,0.01,0.01,0.01,0.01,0.01,0.01,0.01,0.01,0.01,0.01,0.01,0.01,0.01,0.01,0.01,0.01,0.01,0.01,0.01,0.01,0.01,0.01,0.01,0.01,0.01,0.01,0.01,0.01,0.01,0.01,0.01,0.01,0.01,0.01,0.01,0.01,0.01,0.01,0.01
vanilla,2,85000,79.63463457999751,80.19958104204852,0.5243597030639648,1.0323941707611084,4,0.2591,0.7554000000000001,0.0153,0.0054,0.0039,0.0041,0.0044,0.002,0.0045,0.005,0.0025,0.0101,0.0035,0.0014,0.0013,0.0006,0.0017,0.0006,0.0016,0.0017,0.001,0.0035,0.0044,0.0024,0.002,0.0008,0.0011,0.0008,0.0015,0.0021,0.0009,0.0038,0.0047,0.0032,0.0008,0.0005,0.001,0.0004,0.0011,0.0012,0.0011,0.0038,0.0046,0.0021,0.0009,0.0008,0.0013,0.0,0.0006,0.0009,0.0011,0.0049,0.0043,0.0023,0.0006,0.0012,0.0003,0.0002,0.0011,0.0013,0.0008,0.0034,0.0034,0.002,0.0006,0.0008,0.0005,0.0002,0.0008,0.0007,0.001,0.0036,0.0056,0.0032,0.0006,0.0013,0.0006,0.0002,0.0018,0.0027,0.0005,0.0056,0.005,0.0023,0.0005,0.0017,0.0014,0.0005,0.001,0.0012,0.0015,0.0052,0.0122,0.004,0.0054,0.0024,0.003,0.0014,0.0037,0.0057,0.004,0.0169,0.0,0.0,0.01,0.01,0.01,0.01,0.01,0.01,0.01,0.01,0.01,0.01,0.01,0.01,0.01,0.01,0.01,0.01,0.01,0.01,0.01,0.01,0.01,0.01,0.01,0.01,0.01,0.01,0.01,0.01,0.01,0.01,0.01,0.01,0.01,0.01,0.01,0.01,0.01,0.01,0.01,0.01,0.01,0.01,0.01,0.01,0.01,0.01,0.01,0.01,0.01,0.01,0.01,0.01,0.01,0.01,0.01,0.01,0.01,0.01,0.01,0.01,0.01,0.01,0.01,0.01,0.01,0.01,0.01,0.01,0.01,0.01,0.01,0.01,0.01,0.01,0.01,0.01,0.01,0.01,0.01,0.01,0.01,0.01,0.01,0.01,0.01,0.01,0.01,0.01,0.01,0.01,0.01,0.01,0.01,0.01,0.01,0.01,0.01,0.01,0.01,0.01,0.01,0.01,0.01,0.01,0.01,0.01,0.01,0.01,0.01,0.01,0.01,0.01,0.01,0.01,0.01,0.01,0.01,0.01,0.01,0.01,0.01,0.01,0.01,0.01,0.01,0.01,0.01,0.01,0.01,0.01,0.01,0.01,0.01,0.01,0.01,0.01,0.01,0.01,0.01,0.01,0.01,0.01,0.01,0.01,0.01,0.01,0.01,0.01,0.01,0.01,0.01,0.01,0.01,0.01,0.01,0.01,0.01,0.01,0.01,0.01,0.01,0.01,0.01,0.01,0.01,0.01,0.01,0.01,0.01,0.01,0.01,0.01,0.01,0.01,0.01,0.01,0.01,0.01,0.01,0.01,0.01,0.01,0.01,0.01,0.01,0.01,0.01,0.01,0.01,0.01,0.01,0.01,0.01,0.01,0.01,0.01,0.01,0.01,0.01,0.01
vanilla,2,86000,80.55979692470282,81.13432200008538,0.5307163000106812,0.9257194399833679,1,0.21660000000000001,0.7889999999999999,0.0156,0.0045,0.0025,0.0025,0.0027,0.0013,0.0031,0.0009,0.0008,0.005,0.0047,0.0021,0.002,0.0016,0.002,0.0009,0.0021,0.0019,0.002,0.0057,0.0061,0.0026,0.0014,0.0009,0.0011,0.0003,0.001,0.0013,0.0006,0.0042,0.006,0.003,0.0015,0.0013,0.0006,0.0005,0.0009,0.0011,0.0011,0.0042,0.0044,0.0025,0.0011,0.0008,0.0008,0.0001,0.0007,0.0016,0.0007,0.0025,0.0051,0.0028,0.0004,0.0008,0.0004,0.0004,0.0014,0.001,0.0009,0.003,0.0037,0.0023,0.0011,0.0007,0.0005,0.0001,0.0015,0.0003,0.0007,0.003,0.0045,0.004,0.0011,0.001,0.0011,0.0007,0.0021,0.0019,0.0013,0.0046,0.0043,0.0017,0.0007,0.0009,0.0014,0.0003,0.0014,0.0013,0.0007,0.0027,0.0078,0.0039,0.0027,0.0015,0.0028,0.0005,0.0035,0.0038,0.0013,0.0022,0.0,0.0,0.01,0.01,0.01,0.01,0.01,0.01,0.01,0.01,0.01,0.01,0.01,0.01,0.01,0.01,0.01,0.01,0.01,0.01,0.01,0.01,0.01,0.01,0.01,0.01,0.01,0.01,0.01,0.01,0.01,0.01,0.01,0.01,0.01,0.01,0.01,0.01,0.01,0.01,0.01,0.01,0.01,0.01,0.01,0.01,0.01,0.01,0.01,0.01,0.01,0.01,0.01,0.01,0.01,0.01,0.01,0.01,0.01,0.01,0.01,0.01,0.01,0.01,0.01,0.01,0.01,0.01,0.01,0.01,0.01,0.01,0.01,0.01,0.01,0.01,0.01,0.01,0.01,0.01,0.01,0.01,0.01,0.01,0.01,0.01,0.01,0.01,0.01,0.01,0.01,0.01,0.01,0.01,0.01,0.01,0.01,0.01,0.01,0.01,0.01,0.01,0.01,0.01,0.01,0.01,0.01,0.01,0.01,0.01,0.01,0.01,0.01,0.01,0.01,0.01,0.01,0.01,0.01,0.01,0.01,0.01,0.01,0.01,0.01,0.01,0.01,0.01,0.01,0.01,0.01,0.01,0.01,0.01,0.01,0.01,0.01,0.01,0.01,0.01,0.01,0.01,0.01,0.01,0.01,0.01,0.01,0.01,0.01,0.01,0.01,0.01,0.01,0.01,0.01,0.01,0.01,0.01,0.01,0.01,0.01,0.01,0.01,0.01,0.01,0.01,0.01,0.01,0.01,0.01,0.01,0.01,0.01,0.01,0.01,0.01,0.01,0.01,0.01,0.01,0.01,0.01,0.01,0.01,0.01,0.01,0.01,0.01,0.01,0.01,0.01,0.01,0.01,0.01,0.01,0.01,0.01,0.01,0.01,0.01,0.01,0.01
vanilla,2,87000,81.50091354490723,82.08414791710675,0.5371482372283936,1.073683738708496,4,0.25939999999999996,0.7487000000000001,0.015,0.0063,0.0041,0.0043,0.0033,0.0018,0.0065,0.0061,0.0024,0.0102,0.0042,0.0018,0.0013,0.0006,0.0016,0.0006,0.0022,0.0012,0.0008,0.0035,0.0046,0.0021,0.0017,0.0008,0.001,0.0006,0.0015,0.0014,0.0009,0.0038,0.0047,0.0039,0.0014,0.0006,0.0008,0.0004,0.0013,0.0011,0.0009,0.004,0.0045,0.002,0.001,0.0007,0.0016,0.0007,0.0008,0.0007,0.0013,0.0051,0.0049,0.0028,0.0005,0.0007,0.0006,0.0002,0.0014,0.0008,0.0007,0.003,0.0034,0.0029,0.0005,0.0008,0.0005,0.0002,0.0017,0.0006,0.0008,0.0031,0.005,0.0046,0.001,0.0011,0.0003,0.0004,0.0022,0.002,0.0007,0.005,0.0034,0.0018,0.0006,0.0014,0.0016,0.0003,0.0015,0.0014,0.0015,0.0047,0.0117,0.0054,0.0058,0.0027,0.0038,0.0018,0.0052,0.0044,0.0031,0.0112,0.0,0.0,0.01,0.01,0.01,0.01,0.01,0.01,0.01,0.01,0.01,0.01,0.01,0.01,0.01,0.01,0.01,0.01,0.01,0.01,0.01,0.01,0.01,0.01,0.01,0.01,0.01,0.01,0.01,0.01,0.01,0.01,0.01,0.01,0.01,0.01,0.01,0.01,0.01,0.01,0.01,0.01,0.01,0.01,0.01,0.01,0.01,0.01,0.01,0.01,0.01,0.01,0.01,0.01,0.01,0.01,0.01,0.01,0.01,0.01,0.01,0.01,0.01,0.01,0.01,0.01,0.01,0.01,0.01,0.01,0.01,0.01,0.01,0.01,0.01,0.01,0.01,0.01,0.01,0.01,0.01,0.01,0.01,0.01,0.01,0.01,0.01,0.01,0.01,0.01,0.01,0.01,0.01,0.01,0.01,0.01,0.01,0.01,0.01,0.01,0.01,0.01,0.01,0.01,0.01,0.01,0.01,0.01,0.01,0.01,0.01,0.01,0.01,0.01,0.01,0.01,0.01,0.01,0.01,0.01,0.01,0.01,0.01,0.01,0.01,0.01,0.01,0.01,0.01,0.01,0.01,0.01,0.01,0.01,0.01,0.01,0.01,0.01,0.01,0.01,0.01,0.01,0.01,0.01,0.01,0.01,0.01,0.01,0.01,0.01,0.01,0.01,0.01,0.01,0.01,0.01,0.01,0.01,0.01,0.01,0.01,0.01,0.01,0.01,0.01,0.01,0.01,0.01,0.01,0.01,0.01,0.01,0.01,0.01,0.01,0.01,0.01,0.01,0.01,0.01,0.01,0.01,0.01,0.01,0.01,0.01,0.01,0.01,0.01,0.01,0.01,0.01,0.01,0.01,0.01,0.01,0.01,0.01,0.01,0.01,0.01,0.01
vanilla,2,88000,82.46091101632919,83.05367441708222,0.5239392518997192,1.1872081756591797,4,0.2589,0.7513000000000001,0.0157,0.0069,0.0036,0.0041,0.0037,0.0027,0.0059,0.0058,0.0017,0.0105,0.0031,0.0018,0.0012,0.0008,0.0014,0.0006,0.0021,0.002,0.001,0.0039,0.005,0.0026,0.0019,0.0008,0.001,0.0005,0.0012,0.001,0.0006,0.0036,0.0051,0.0042,0.0016,0.0005,0.001,0.0004,0.0008,0.0011,0.0006,0.0046,0.0044,0.0021,0.0006,0.0011,0.0012,0.0003,0.0008,0.0016,0.0013,0.005,0.0048,0.0019,0.0003,0.0007,0.0006,0.0001,0.001,0.0009,0.001,0.003,0.0039,0.0022,0.0006,0.0008,0.0003,0.0003,0.0009,0.0006,0.0008,0.0036,0.0051,0.0041,0.0008,0.0012,0.0007,0.0004,0.0017,0.0021,0.0008,0.0054,0.0042,0.0021,0.0007,0.0017,0.0011,0.0006,0.0015,0.0015,0.0015,0.0048,0.0108,0.0044,0.0047,0.0025,0.0025,0.0016,0.0046,0.0054,0.0039,0.0132,0.0,0.0,0.01,0.01,0.01,0.01,0.01,0.01,0.01,0.01,0.01,0.01,0.01,0.01,0.01,0.01,0.01,0.01,0.01,0.01,0.01,0.01,0.01,0.01,0.01,0.01,0.01,0.01,0.01,0.01,0.01,0.01,0.01,0.01,0.01,0.01,0.01,0.01,0.01,0.01,0.01,0.01,0.01,0.01,0.01,0.01,0.01,0.01,0.01,0.01,0.01,0.01,0.01,0.01,0.01,0.01,0.01,0.01,0.01,0.01,0.01,0.01,0.01,0.01,0.01,0.01,0.01,0.01,0.01,0.01,0.01,0.01,0.01,0.01,0.01,0.01,0.01,0.01,0.01,0.01,0.01,0.01,0.01,0.01,0.01,0.01,0.01,0.01,0.01,0.01,0.01,0.01,0.01,0.01,0.01,0.01,0.01,0.01,0.01,0.01,0.01,0.01,0.01,0.01,0.01,0.01,0.01,0.01,0.01,0.01,0.01,0.01,0.01,0.01,0.01,0.01,0.01,0.01,0.01,0.01,0.01,0.01,0.01,0.01,0.01,0.01,0.01,0.01,0.01,0.01,0.01,0.01,0.01,0.01,0.01,0.01,0.01,0.01,0.01,0.01,0.01,0.01,0.01,0.01,0.01,0.01,0.01,0.01,0.01,0.01,0.01,0.01,0.01,0.01,0.01,0.01,0.01,0.01,0.01,0.01,0.01,0.01,0.01,0.01,0.01,0.01,0.01,0.01,0.01,0.01,0.01,0.01,0.01,0.01,0.01,0.01,0.01,0.01,0.01,0.01,0.01,0.01,0.01,0.01,0.01,0.01,0.01,0.01,0.01,0.01,0.01,0.01,0.01,0.01,0.01,0.01,0.01,0.01,0.01,0.01,0.01,0.01
vanilla,2,89000,83.42512865073513,84.02784145902842,0.5520370006561279,0.9956644177436829,4,0.2734,0.7411,0.0162,0.0068,0.0033,0.0039,0.0043,0.0021,0.0061,0.0057,0.0028,0.0115,0.004,0.0013,0.0011,0.0005,0.0014,0.0009,0.0017,0.0016,0.0011,0.0036,0.0053,0.0025,0.0018,0.001,0.0009,0.0003,0.0016,0.0012,0.0007,0.0039,0.0052,0.0042,0.0015,0.0005,0.0009,0.0002,0.0007,0.0009,0.0009,0.0044,0.0043,0.0023,0.0008,0.0009,0.0007,0.0004,0.0009,0.001,0.0015,0.0047,0.0045,0.0024,0.0004,0.0011,0.0007,0.0002,0.0013,0.001,0.0009,0.0032,0.0036,0.0022,0.0009,0.0003,0.0003,0.0004,0.0011,0.0008,0.0007,0.0041,0.0057,0.004,0.0012,0.0008,0.0007,0.0003,0.0018,0.002,0.0008,0.005,0.0043,0.0026,0.001,0.0018,0.002,0.0003,0.0018,0.0015,0.001,0.0062,0.0119,0.0057,0.0059,0.0029,0.0034,0.002,0.0051,0.0073,0.0034,0.0149,0.0,0.0,0.01,0.01,0.01,0.01,0.01,0.01,0.01,0.01,0.01,0.01,0.01,0.01,0.01,0.01,0.01,0.01,0.01,0.01,0.01,0.01,0.01,0.01,0.01,0.01,0.01,0.01,0.01,0.01,0.01,0.01,0.01,0.01,0.01,0.01,0.01,0.01,0.01,0.01,0.01,0.01,0.01,0.01,0.01,0.01,0.01,0.01,0.01,0.01,0.01,0.01,0.01,0.01,0.01,0.01,0.01,0.01,0.01,0.01,0.01,0.01,0.01,0.01,0.01,0.01,0.01,0.01,0.01,0.01,0.01,0.01,0.01,0.01,0.01,0.01,0.01,0.01,0.01,0.01,0.01,0.01,0.01,0.01,0.01,0.01,0.01,0.01,0.01,0.01,0.01,0.01,0.01,0.01,0.01,0.01,0.01,0.01,0.01,0.01,0.01,0.01,0.01,0.01,0.01,0.01,0.01,0.01,0.01,0.01,0.01,0.01,0.01,0.01,0.01,0.01,0.01,0.01,0.01,0.01,0.01,0.01,0.01,0.01,0.01,0.01,0.01,0.01,0.01,0.01,0.01,0.01,0.01,0.01,0.01,0.01,0.01,0.01,0.01,0.01,0.01,0.01,0.01,0.01,0.01,0.01,0.01,0.01,0.01,0.01,0.01,0.01,0.01,0.01,0.01,0.01,0.01,0.01,0.01,0.01,0.01,0.01,0.01,0.01,0.01,0.01,0.01,0.01,0.01,0.01,0.01,0.01,0.01,0.01,0.01,0.01,0.01,0.01,0.01,0.01,0.01,0.01,0.01,0.01,0.01,0.01,0.01,0.01,0.01,0.01,0.01,0.01,0.01,0.01,0.01,0.01,0.01,0.01,0.01,0.01,0.01,0.01
vanilla,2,90000,84.36678939545527,84.97865445900243,0.5305130481719971,1.0153264999389648,4,0.2628999999999999,0.7495,0.0146,0.0035,0.0028,0.0035,0.004,0.0018,0.0047,0.0056,0.0023,0.0123,0.0043,0.0017,0.0017,0.0015,0.0019,0.0009,0.0024,0.0022,0.0013,0.0048,0.0046,0.0016,0.0014,0.0009,0.001,0.0003,0.0014,0.0012,0.0004,0.0041,0.0048,0.0031,0.0016,0.0008,0.0008,0.0002,0.001,0.0007,0.001,0.0048,0.0039,0.0021,0.0011,0.0008,0.0013,0.0003,0.0008,0.001,0.0014,0.0051,0.004,0.0019,0.0007,0.0015,0.0008,0.0002,0.0012,0.001,0.0008,0.0033,0.0035,0.0023,0.0009,0.0005,0.0002,0.0006,0.0008,0.001,0.0007,0.0041,0.0051,0.0034,0.0011,0.0012,0.0007,0.0006,0.002,0.0027,0.0007,0.0059,0.0036,0.0019,0.001,0.0019,0.0014,0.0003,0.0016,0.0014,0.0008,0.0047,0.0116,0.0055,0.005,0.0032,0.0032,0.0019,0.0053,0.0062,0.0038,0.0139,0.0,0.0,0.01,0.01,0.01,0.01,0.01,0.01,0.01,0.01,0.01,0.01,0.01,0.01,0.01,0.01,0.01,0.01,0.01,0.01,0.01,0.01,0.01,0.01,0.01,0.01,0.01,0.01,0.01,0.01,0.01,0.01,0.01,0.01,0.01,0.01,0.01,0.01,0.01,0.01,0.01,0.01,0.01,0.01,0.01,0.01,0.01,0.01,0.01,0.01,0.01,0.01,0.01,0.01,0.01,0.01,0.01,0.01,0.01,0.01,0.01,0.01,0.01,0.01,0.01,0.01,0.01,0.01,0.01,0.01,0.01,0.01,0.01,0.01,0.01,0.01,0.01,0.01,0.01,0.01,0.01,0.01,0.01,0.01,0.01,0.01,0.01,0.01,0.01,0.01,0.01,0.01,0.01,0.01,0.01,0.01,0.01,0.01,0.01,0.01,0.01,0.01,0.01,0.01,0.01,0.01,0.01,0.01,0.01,0.01,0.01,0.01,0.01,0.01,0.01,0.01,0.01,0.01,0.01,0.01,0.01,0.01,0.01,0.01,0.01,0.01,0.01,0.01,0.01,0.01,0.01,0.01,0.01,0.01,0.01,0.01,0.01,0.01,0.01,0.01,0.01,0.01,0.01,0.01,0.01,0.01,0.01,0.01,0.01,0.01,0.01,0.01,0.01,0.01,0.01,0.01,0.01,0.01,0.01,0.01,0.01,0.01,0.01,0.01,0.01,0.01,0.01,0.01,0.01,0.01,0.01,0.01,0.01,0.01,0.01,0.01,0.01,0.01,0.01,0.01,0.01,0.01,0.01,0.01,0.01,0.01,0.01,0.01,0.01,0.01,0.01,0.01,0.01,0.01,0.01,0.01,0.01,0.01,0.01,0.01,0.01,0.01
vanilla,2,91000,85.2872929769801,85.90826200006995,0.5199354887008667,1.1567851305007935,4,0.2712,0.7459,0.0168,0.0063,0.0033,0.0049,0.0037,0.0021,0.005,0.0058,0.0028,0.0128,0.004,0.0023,0.0018,0.0014,0.0018,0.001,0.0029,0.0017,0.0013,0.0056,0.0063,0.0022,0.002,0.0012,0.0013,0.0002,0.001,0.0012,0.0005,0.0035,0.0055,0.0033,0.0016,0.0012,0.0006,0.0006,0.0007,0.0007,0.001,0.0046,0.004,0.0022,0.0011,0.0008,0.0009,0.0003,0.0007,0.0016,0.0012,0.005,0.0044,0.002,0.0007,0.0011,0.0008,0.0001,0.0007,0.0011,0.0008,0.0041,0.0039,0.002,0.0012,0.0005,0.0005,0.0005,0.0008,0.0011,0.0006,0.0039,0.005,0.0031,0.0008,0.0009,0.0008,0.0006,0.0013,0.0022,0.0009,0.0054,0.0038,0.0013,0.0008,0.002,0.0011,0.0007,0.001,0.0013,0.0009,0.0029,0.0112,0.0038,0.0052,0.0024,0.0046,0.0022,0.0044,0.0056,0.0036,0.0163,0.0,0.0,0.01,0.01,0.01,0.01,0.01,0.01,0.01,0.01,0.01,0.01,0.01,0.01,0.01,0.01,0.01,0.01,0.01,0.01,0.01,0.01,0.01,0.01,0.01,0.01,0.01,0.01,0.01,0.01,0.01,0.01,0.01,0.01,0.01,0.01,0.01,0.01,0.01,0.01,0.01,0.01,0.01,0.01,0.01,0.01,0.01,0.01,0.01,0.01,0.01,0.01,0.01,0.01,0.01,0.01,0.01,0.01,0.01,0.01,0.01,0.01,0.01,0.01,0.01,0.01,0.01,0.01,0.01,0.01,0.01,0.01,0.01,0.01,0.01,0.01,0.01,0.01,0.01,0.01,0.01,0.01,0.01,0.01,0.01,0.01,0.01,0.01,0.01,0.01,0.01,0.01,0.01,0.01,0.01,0.01,0.01,0.01,0.01,0.01,0.01,0.01,0.01,0.01,0.01,0.01,0.01,0.01,0.01,0.01,0.01,0.01,0.01,0.01,0.01,0.01,0.01,0.01,0.01,0.01,0.01,0.01,0.01,0.01,0.01,0.01,0.01,0.01,0.01,0.01,0.01,0.01,0.01,0.01,0.01,0.01,0.01,0.01,0.01,0.01,0.01,0.01,0.01,0.01,0.01,0.01,0.01,0.01,0.01,0.01,0.01,0.01,0.01,0.01,0.01,0.01,0.01,0.01,0.01,0.01,0.01,0.01,0.01,0.01,0.01,0.01,0.01,0.01,0.01,0.01,0.01,0.01,0.01,0.01,0.01,0.01,0.01,0.01,0.01,0.01,0.01,0.01,0.01,0.01,0.01,0.01,0.01,0.01,0.01,0.01,0.01,0.01,0.01,0.01,0.01,0.01,0.01,0.01,0.01,0.01,0.01,0.01
vanilla,2,92000,86.23460091743618,86.86582716705743,0.5121599435806274,1.059207797050476,4,0.27949999999999997,0.7357,0.0161,0.0069,0.0034,0.0046,0.0038,0.0021,0.0055,0.0063,0.0021,0.0121,0.0039,0.0022,0.001,0.0013,0.0019,0.0013,0.002,0.0017,0.0016,0.0045,0.0053,0.0027,0.0014,0.0011,0.0013,0.0002,0.001,0.0007,0.0005,0.0044,0.0051,0.005,0.0013,0.0009,0.0006,0.0001,0.0009,0.0008,0.0012,0.0044,0.0047,0.0031,0.0006,0.0006,0.0011,0.0003,0.0014,0.0014,0.0012,0.0049,0.0043,0.003,0.0003,0.0006,0.0009,0.0002,0.0011,0.0012,0.0009,0.0037,0.0038,0.0035,0.0009,0.0005,0.0005,0.0004,0.0006,0.0011,0.0008,0.0038,0.0064,0.0048,0.0009,0.0011,0.0009,0.0007,0.0015,0.0021,0.0007,0.0065,0.0044,0.0022,0.0009,0.0018,0.002,0.001,0.0015,0.0015,0.0011,0.0047,0.0115,0.0051,0.0044,0.0033,0.0034,0.0013,0.0043,0.0062,0.0032,0.0155,0.0,0.0,0.01,0.01,0.01,0.01,0.01,0.01,0.01,0.01,0.01,0.01,0.01,0.01,0.01,0.01,0.01,0.01,0.01,0.01,0.01,0.01,0.01,0.01,0.01,0.01,0.01,0.01,0.01,0.01,0.01,0.01,0.01,0.01,0.01,0.01,0.01,0.01,0.01,0.01,0.01,0.01,0.01,0.01,0.01,0.01,0.01,0.01,0.01,0.01,0.01,0.01,0.01,0.01,0.01,0.01,0.01,0.01,0.01,0.01,0.01,0.01,0.01,0.01,0.01,0.01,0.01,0.01,0.01,0.01,0.01,0.01,0.01,0.01,0.01,0.01,0.01,0.01,0.01,0.01,0.01,0.01,0.01,0.01,0.01,0.01,0.01,0.01,0.01,0.01,0.01,0.01,0.01,0.01,0.01,0.01,0.01,0.01,0.01,0.01,0.01,0.01,0.01,0.01,0.01,0.01,0.01,0.01,0.01,0.01,0.01,0.01,0.01,0.01,0.01,0.01,0.01,0.01,0.01,0.01,0.01,0.01,0.01,0.01,0.01,0.01,0.01,0.01,0.01,0.01,0.01,0.01,0.01,0.01,0.01,0.01,0.01,0.01,0.01,0.01,0.01,0.01,0.01,0.01,0.01,0.01,0.01,0.01,0.01,0.01,0.01,0.01,0.01,0.01,0.01,0.01,0.01,0.01,0.01,0.01,0.01,0.01,0.01,0.01,0.01,0.01,0.01,0.01,0.01,0.01,0.01,0.01,0.01,0.01,0.01,0.01,0.01,0.01,0.01,0.01,0.01,0.01,0.01,0.01,0.01,0.01,0.01,0.01,0.01,0.01,0.01,0.01,0.01,0.01,0.01,0.01,0.01,0.01,0.01,0.01,0.01,0.01
vanilla,2,93000,87.20129879086744,87.84196150000207,0.5177719593048096,1.0933432579040527,4,0.2724,0.7426,0.0149,0.007,0.0032,0.0043,0.0032,0.0018,0.0048,0.0055,0.0021,0.0127,0.0032,0.0022,0.001,0.0009,0.0016,0.0011,0.0026,0.003,0.0014,0.0061,0.0034,0.0032,0.0015,0.0005,0.0009,0.0003,0.0006,0.001,0.0007,0.0039,0.0053,0.0035,0.0011,0.0008,0.0007,0.0004,0.0006,0.001,0.0012,0.0045,0.0055,0.0038,0.0008,0.0005,0.0007,0.0002,0.0014,0.0008,0.0013,0.0045,0.0043,0.0035,0.0005,0.0004,0.0007,0.0002,0.0012,0.0014,0.0008,0.0037,0.004,0.0033,0.0007,0.0006,0.0003,0.0001,0.0003,0.0011,0.0008,0.0037,0.006,0.0048,0.0008,0.0011,0.001,0.0004,0.0017,0.0023,0.0008,0.0062,0.0048,0.0026,0.0006,0.0018,0.0018,0.0006,0.0016,0.0012,0.0011,0.0037,0.0126,0.0046,0.0049,0.0034,0.0032,0.0015,0.0039,0.0062,0.0036,0.0148,0.0,0.0,0.01,0.01,0.01,0.01,0.01,0.01,0.01,0.01,0.01,0.01,0.01,0.01,0.01,0.01,0.01,0.01,0.01,0.01,0.01,0.01,0.01,0.01,0.01,0.01,0.01,0.01,0.01,0.01,0.01,0.01,0.01,0.01,0.01,0.01,0.01,0.01,0.01,0.01,0.01,0.01,0.01,0.01,0.01,0.01,0.01,0.01,0.01,0.01,0.01,0.01,0.01,0.01,0.01,0.01,0.01,0.01,0.01,0.01,0.01,0.01,0.01,0.01,0.01,0.01,0.01,0.01,0.01,0.01,0.01,0.01,0.01,0.01,0.01,0.01,0.01,0.01,0.01,0.01,0.01,0.01,0.01,0.01,0.01,0.01,0.01,0.01,0.01,0.01,0.01,0.01,0.01,0.01,0.01,0.01,0.01,0.01,0.01,0.01,0.01,0.01,0.01,0.01,0.01,0.01,0.01,0.01,0.01,0.01,0.01,0.01,0.01,0.01,0.01,0.01,0.01,0.01,0.01,0.01,0.01,0.01,0.01,0.01,0.01,0.01,0.01,0.01,0.01,0.01,0.01,0.01,0.01,0.01,0.01,0.01,0.01,0.01,0.01,0.01,0.01,0.01,0.01,0.01,0.01,0.01,0.01,0.01,0.01,0.01,0.01,0.01,0.01,0.01,0.01,0.01,0.01,0.01,0.01,0.01,0.01,0.01,0.01,0.01,0.01,0.01,0.01,0.01,0.01,0.01,0.01,0.01,0.01,0.01,0.01,0.01,0.01,0.01,0.01,0.01,0.01,0.01,0.01,0.01,0.01,0.01,0.01,0.01,0.01,0.01,0.01,0.01,0.01,0.01,0.01,0.01,0.01,0.01,0.01,0.01,0.01,0.01
vanilla,2,94000,88.17044827179052,88.82039570901543,0.5336509943008423,1.0186702013015747,4,0.25560000000000005,0.7605,0.0152,0.0052,0.0035,0.0042,0.0036,0.0018,0.0053,0.0062,0.0025,0.0123,0.0034,0.001,0.0013,0.0011,0.0018,0.0009,0.0025,0.0033,0.0011,0.0055,0.004,0.0014,0.0015,0.0004,0.0007,0.0003,0.0009,0.0008,0.0007,0.0037,0.0053,0.0023,0.0013,0.0005,0.0009,0.0003,0.0006,0.0008,0.0009,0.0042,0.0043,0.0016,0.0009,0.0006,0.0009,0.0001,0.0009,0.0006,0.0013,0.0047,0.0039,0.0016,0.0006,0.0009,0.0008,0.0001,0.0013,0.0012,0.0008,0.003,0.0034,0.002,0.0008,0.001,0.0004,0.0005,0.0006,0.0005,0.0006,0.0034,0.0061,0.003,0.001,0.0009,0.0014,0.0007,0.0015,0.0019,0.0006,0.0049,0.0043,0.0017,0.0011,0.0017,0.0019,0.0004,0.0014,0.0022,0.0011,0.0037,0.0119,0.0026,0.0042,0.003,0.0029,0.0017,0.0041,0.0067,0.0038,0.0167,0.0,0.0,0.01,0.01,0.01,0.01,0.01,0.01,0.01,0.01,0.01,0.01,0.01,0.01,0.01,0.01,0.01,0.01,0.01,0.01,0.01,0.01,0.01,0.01,0.01,0.01,0.01,0.01,0.01,0.01,0.01,0.01,0.01,0.01,0.01,0.01,0.01,0.01,0.01,0.01,0.01,0.01,0.01,0.01,0.01,0.01,0.01,0.01,0.01,0.01,0.01,0.01,0.01,0.01,0.01,0.01,0.01,0.01,0.01,0.01,0.01,0.01,0.01,0.01,0.01,0.01,0.01,0.01,0.01,0.01,0.01,0.01,0.01,0.01,0.01,0.01,0.01,0.01,0.01,0.01,0.01,0.01,0.01,0.01,0.01,0.01,0.01,0.01,0.01,0.01,0.01,0.01,0.01,0.01,0.01,0.01,0.01,0.01,0.01,0.01,0.01,0.01,0.01,0.01,0.01,0.01,0.01,0.01,0.01,0.01,0.01,0.01,0.01,0.01,0.01,0.01,0.01,0.01,0.01,0.01,0.01,0.01,0.01,0.01,0.01,0.01,0.01,0.01,0.01,0.01,0.01,0.01,0.01,0.01,0.01,0.01,0.01,0.01,0.01,0.01,0.01,0.01,0.01,0.01,0.01,0.01,0.01,0.01,0.01,0.01,0.01,0.01,0.01,0.01,0.01,0.01,0.01,0.01,0.01,0.01,0.01,0.01,0.01,0.01,0.01,0.01,0.01,0.01,0.01,0.01,0.01,0.01,0.01,0.01,0.01,0.01,0.01,0.01,0.01,0.01,0.01,0.01,0.01,0.01,0.01,0.01,0.01,0.01,0.01,0.01,0.01,0.01,0.01,0.01,0.01,0.01,0.01,0.01,0.01,0.01,0.01,0.01
vanilla,2,95000,89.11796236457303,89.77772162505426,0.5294361114501953,1.1159040927886963,4,0.27670000000000006,0.738,0.0154,0.0074,0.0033,0.0044,0.0033,0.0023,0.0056,0.006,0.0027,0.0109,0.0033,0.0024,0.0005,0.001,0.0015,0.0008,0.0019,0.0026,0.0011,0.0036,0.004,0.0043,0.0014,0.001,0.0008,0.0001,0.0007,0.0016,0.0012,0.0039,0.0059,0.0052,0.0008,0.0011,0.0008,0.0002,0.0006,0.001,0.0011,0.0045,0.0056,0.0028,0.0006,0.001,0.0007,0.0003,0.0011,0.0008,0.0012,0.0046,0.0047,0.0037,0.0003,0.0006,0.0008,0.0001,0.0007,0.0012,0.001,0.0027,0.0037,0.0036,0.0006,0.0011,0.0005,0.0003,0.0011,0.0007,0.0008,0.0032,0.0059,0.0063,0.0008,0.0007,0.0009,0.0001,0.0015,0.0017,0.0006,0.0055,0.005,0.0017,0.0006,0.0019,0.0016,0.0007,0.0017,0.0024,0.0009,0.0046,0.0126,0.0057,0.0033,0.0039,0.0038,0.002,0.005,0.0058,0.0034,0.0158,0.0,0.0,0.01,0.01,0.01,0.01,0.01,0.01,0.01,0.01,0.01,0.01,0.01,0.01,0.01,0.01,0.01,0.01,0.01,0.01,0.01,0.01,0.01,0.01,0.01,0.01,0.01,0.01,0.01,0.01,0.01,0.01,0.01,0.01,0.01,0.01,0.01,0.01,0.01,0.01,0.01,0.01,0.01,0.01,0.01,0.01,0.01,0.01,0.01,0.01,0.01,0.01,0.01,0.01,0.01,0.01,0.01,0.01,0.01,0.01,0.01,0.01,0.01,0.01,0.01,0.01,0.01,0.01,0.01,0.01,0.01,0.01,0.01,0.01,0.01,0.01,0.01,0.01,0.01,0.01,0.01,0.01,0.01,0.01,0.01,0.01,0.01,0.01,0.01,0.01,0.01,0.01,0.01,0.01,0.01,0.01,0.01,0.01,0.01,0.01,0.01,0.01,0.01,0.01,0.01,0.01,0.01,0.01,0.01,0.01,0.01,0.01,0.01,0.01,0.01,0.01,0.01,0.01,0.01,0.01,0.01,0.01,0.01,0.01,0.01,0.01,0.01,0.01,0.01,0.01,0.01,0.01,0.01,0.01,0.01,0.01,0.01,0.01,0.01,0.01,0.01,0.01,0.01,0.01,0.01,0.01,0.01,0.01,0.01,0.01,0.01,0.01,0.01,0.01,0.01,0.01,0.01,0.01,0.01,0.01,0.01,0.01,0.01,0.01,0.01,0.01,0.01,0.01,0.01,0.01,0.01,0.01,0.01,0.01,0.01,0.01,0.01,0.01,0.01,0.01,0.01,0.01,0.01,0.01,0.01,0.01,0.01,0.01,0.01,0.01,0.01,0.01,0.01,0.01,0.01,0.01,0.01,0.01,0.01,0.01,0.01,0.01
vanilla,2,96000,90.0708439683076,90.73992912506219,0.5670385956764221,1.1060059070587158,4,0.2772,0.7368000000000001,0.0145,0.0076,0.0031,0.0052,0.003,0.0023,0.0058,0.0061,0.0031,0.0112,0.0033,0.0023,0.001,0.0008,0.0012,0.0009,0.0025,0.0029,0.0007,0.0044,0.0042,0.0037,0.0013,0.0008,0.0011,0.0002,0.001,0.0017,0.0005,0.0029,0.0055,0.0058,0.001,0.0013,0.0005,0.0003,0.0009,0.0004,0.0011,0.004,0.0057,0.0028,0.0004,0.0005,0.0006,0.0002,0.0015,0.0008,0.0009,0.0049,0.0048,0.0036,0.0004,0.0005,0.0008,0.0002,0.0006,0.0012,0.0008,0.0027,0.0037,0.0038,0.0007,0.0006,0.0005,0.0003,0.001,0.0009,0.0007,0.0036,0.0061,0.0057,0.0009,0.0007,0.0008,0.0004,0.0011,0.0014,0.0008,0.0049,0.0046,0.0031,0.0005,0.0017,0.0017,0.0007,0.0019,0.0018,0.0008,0.0041,0.0128,0.0061,0.0043,0.004,0.0038,0.0021,0.0051,0.0065,0.0035,0.0155,0.0,0.0,0.01,0.01,0.01,0.01,0.01,0.01,0.01,0.01,0.01,0.01,0.01,0.01,0.01,0.01,0.01,0.01,0.01,0.01,0.01,0.01,0.01,0.01,0.01,0.01,0.01,0.01,0.01,0.01,0.01,0.01,0.01,0.01,0.01,0.01,0.01,0.01,0.01,0.01,0.01,0.01,0.01,0.01,0.01,0.01,0.01,0.01,0.01,0.01,0.01,0.01,0.01,0.01,0.01,0.01,0.01,0.01,0.01,0.01,0.01,0.01,0.01,0.01,0.01,0.01,0.01,0.01,0.01,0.01,0.01,0.01,0.01,0.01,0.01,0.01,0.01,0.01,0.01,0.01,0.01,0.01,0.01,0.01,0.01,0.01,0.01,0.01,0.01,0.01,0.01,0.01,0.01,0.01,0.01,0.01,0.01,0.01,0.01,0.01,0.01,0.01,0.01,0.01,0.01,0.01,0.01,0.01,0.01,0.01,0.01,0.01,0.01,0.01,0.01,0.01,0.01,0.01,0.01,0.01,0.01,0.01,0.01,0.01,0.01,0.01,0.01,0.01,0.01,0.01,0.01,0.01,0.01,0.01,0.01,0.01,0.01,0.01,0.01,0.01,0.01,0.01,0.01,0.01,0.01,0.01,0.01,0.01,0.01,0.01,0.01,0.01,0.01,0.01,0.01,0.01,0.01,0.01,0.01,0.01,0.01,0.01,0.01,0.01,0.01,0.01,0.01,0.01,0.01,0.01,0.01,0.01,0.01,0.01,0.01,0.01,0.01,0.01,0.01,0.01,0.01,0.01,0.01,0.01,0.01,0.01,0.01,0.01,0.01,0.01,0.01,0.01,0.01,0.01,0.01,0.01,0.01,0.01,0.01,0.01,0.01,0.01
vanilla,2,97000,91.01827706943732,91.69754204200581,0.5255700945854187,1.085770606994629,4,0.2632,0.7545,0.0152,0.0076,0.0033,0.0047,0.004,0.002,0.0045,0.0057,0.0028,0.0132,0.0032,0.0017,0.0009,0.0009,0.0017,0.0002,0.0017,0.0018,0.0008,0.0032,0.0045,0.0025,0.0009,0.0009,0.0011,0.0001,0.0012,0.0012,0.0009,0.0035,0.0049,0.004,0.001,0.001,0.001,0.0002,0.0007,0.0011,0.0008,0.003,0.0051,0.0022,0.0008,0.0011,0.0007,0.0003,0.0011,0.0013,0.0012,0.0046,0.0047,0.0026,0.0006,0.0004,0.0005,0.0001,0.0006,0.0011,0.0005,0.0026,0.0034,0.0029,0.0007,0.0008,0.0003,0.0007,0.0006,0.0007,0.0005,0.0033,0.0061,0.0047,0.001,0.0007,0.0011,0.0004,0.0007,0.0012,0.0007,0.0048,0.0044,0.0023,0.0007,0.0015,0.0019,0.0008,0.0018,0.0025,0.0014,0.0045,0.0122,0.0044,0.0042,0.0036,0.0041,0.0015,0.0045,0.0057,0.0031,0.0171,0.0,0.0,0.01,0.01,0.01,0.01,0.01,0.01,0.01,0.01,0.01,0.01,0.01,0.01,0.01,0.01,0.01,0.01,0.01,0.01,0.01,0.01,0.01,0.01,0.01,0.01,0.01,0.01,0.01,0.01,0.01,0.01,0.01,0.01,0.01,0.01,0.01,0.01,0.01,0.01,0.01,0.01,0.01,0.01,0.01,0.01,0.01,0.01,0.01,0.01,0.01,0.01,0.01,0.01,0.01,0.01,0.01,0.01,0.01,0.01,0.01,0.01,0.01,0.01,0.01,0.01,0.01,0.01,0.01,0.01,0.01,0.01,0.01,0.01,0.01,0.01,0.01,0.01,0.01,0.01,0.01,0.01,0.01,0.01,0.01,0.01,0.01,0.01,0.01,0.01,0.01,0.01,0.01,0.01,0.01,0.01,0.01,0.01,0.01,0.01,0.01,0.01,0.01,0.01,0.01,0.01,0.01,0.01,0.01,0.01,0.01,0.01,0.01,0.01,0.01,0.01,0.01,0.01,0.01,0.01,0.01,0.01,0.01,0.01,0.01,0.01,0.01,0.01,0.01,0.01,0.01,0.01,0.01,0.01,0.01,0.01,0.01,0.01,0.01,0.01,0.01,0.01,0.01,0.01,0.01,0.01,0.01,0.01,0.01,0.01,0.01,0.01,0.01,0.01,0.01,0.01,0.01,0.01,0.01,0.01,0.01,0.01,0.01,0.01,0.01,0.01,0.01,0.01,0.01,0.01,0.01,0.01,0.01,0.01,0.01,0.01,0.01,0.01,0.01,0.01,0.01,0.01,0.01,0.01,0.01,0.01,0.01,0.01,0.01,0.01,0.01,0.01,0.01,0.01,0.01,0.01,0.01,0.01,0.01,0.01,0.01,0.01
vanilla,2,98000,91.97554359829519,92.66549025010318,0.5429003834724426,1.038652777671814,3,0.2793,0.7331000000000001,0.0163,0.0071,0.004,0.005,0.003,0.002,0.0068,0.0056,0.0036,0.0044,0.0034,0.0041,0.0015,0.0015,0.0012,0.0008,0.0031,0.003,0.0008,0.006,0.0042,0.0051,0.0012,0.0017,0.001,0.0003,0.0003,0.0015,0.0007,0.0028,0.0058,0.0051,0.0011,0.0009,0.0005,0.0005,0.0007,0.0007,0.0014,0.0035,0.0052,0.0037,0.0008,0.0013,0.001,0.0003,0.0014,0.0007,0.0009,0.0037,0.0045,0.005,0.0005,0.0004,0.0007,0.0002,0.0008,0.0011,0.0005,0.0019,0.0042,0.0032,0.0008,0.0007,0.0007,0.0004,0.0015,0.0006,0.0008,0.0032,0.0071,0.0065,0.0012,0.0009,0.0007,0.0005,0.0018,0.0013,0.0011,0.0056,0.0051,0.0021,0.0009,0.0009,0.0019,0.0005,0.0009,0.0017,0.0007,0.0037,0.0118,0.006,0.0052,0.0032,0.0039,0.002,0.0058,0.0055,0.0036,0.0143,0.0,0.0,0.01,0.01,0.01,0.01,0.01,0.01,0.01,0.01,0.01,0.01,0.01,0.01,0.01,0.01,0.01,0.01,0.01,0.01,0.01,0.01,0.01,0.01,0.01,0.01,0.01,0.01,0.01,0.01,0.01,0.01,0.01,0.01,0.01,0.01,0.01,0.01,0.01,0.01,0.01,0.01,0.01,0.01,0.01,0.01,0.01,0.01,0.01,0.01,0.01,0.01,0.01,0.01,0.01,0.01,0.01,0.01,0.01,0.01,0.01,0.01,0.01,0.01,0.01,0.01,0.01,0.01,0.01,0.01,0.01,0.01,0.01,0.01,0.01,0.01,0.01,0.01,0.01,0.01,0.01,0.01,0.01,0.01,0.01,0.01,0.01,0.01,0.01,0.01,0.01,0.01,0.01,0.01,0.01,0.01,0.01,0.01,0.01,0.01,0.01,0.01,0.01,0.01,0.01,0.01,0.01,0.01,0.01,0.01,0.01,0.01,0.01,0.01,0.01,0.01,0.01,0.01,0.01,0.01,0.01,0.01,0.01,0.01,0.01,0.01,0.01,0.01,0.01,0.01,0.01,0.01,0.01,0.01,0.01,0.01,0.01,0.01,0.01,0.01,0.01,0.01,0.01,0.01,0.01,0.01,0.01,0.01,0.01,0.01,0.01,0.01,0.01,0.01,0.01,0.01,0.01,0.01,0.01,0.01,0.01,0.01,0.01,0.01,0.01,0.01,0.01,0.01,0.01,0.01,0.01,0.01,0.01,0.01,0.01,0.01,0.01,0.01,0.01,0.01,0.01,0.01,0.01,0.01,0.01,0.01,0.01,0.01,0.01,0.01,0.01,0.01,0.01,0.01,0.01,0.01,0.01,0.01,0.01,0.01,0.01,0.01
vanilla,2,99000,92.92949575406965,93.6295930420747,0.5495642423629761,1.1013123989105225,4,0.27890000000000004,0.7341,0.0153,0.0079,0.003,0.0047,0.003,0.0014,0.0038,0.0051,0.0022,0.0104,0.0036,0.0024,0.0013,0.001,0.0015,0.0005,0.0015,0.0022,0.0011,0.0039,0.0043,0.0055,0.0014,0.0013,0.0013,0.0001,0.0006,0.0016,0.001,0.0041,0.0054,0.0062,0.0007,0.0009,0.0006,0.0002,0.0005,0.001,0.0013,0.004,0.0055,0.0038,0.0011,0.0012,0.0007,0.0004,0.0016,0.0008,0.0004,0.0047,0.0047,0.0053,0.0007,0.0001,0.0008,0.0003,0.0009,0.001,0.0005,0.0029,0.0033,0.003,0.0008,0.0007,0.0004,0.0002,0.0016,0.0006,0.001,0.0027,0.0069,0.0059,0.0012,0.0009,0.0008,0.0002,0.0015,0.0016,0.0009,0.0057,0.0046,0.003,0.001,0.0007,0.0018,0.0008,0.0012,0.0018,0.0006,0.004,0.013,0.0068,0.0046,0.0042,0.0039,0.0018,0.0061,0.006,0.0036,0.0143,0.0,0.0,0.01,0.01,0.01,0.01,0.01,0.01,0.01,0.01,0.01,0.01,0.01,0.01,0.01,0.01,0.01,0.01,0.01,0.01,0.01,0.01,0.01,0.01,0.01,0.01,0.01,0.01,0.01,0.01,0.01,0.01,0.01,0.01,0.01,0.01,0.01,0.01,0.01,0.01,0.01,0.01,0.01,0.01,0.01,0.01,0.01,0.01,0.01,0.01,0.01,0.01,0.01,0.01,0.01,0.01,0.01,0.01,0.01,0.01,0.01,0.01,0.01,0.01,0.01,0.01,0.01,0.01,0.01,0.01,0.01,0.01,0.01,0.01,0.01,0.01,0.01,0.01,0.01,0.01,0.01,0.01,0.01,0.01,0.01,0.01,0.01,0.01,0.01,0.01,0.01,0.01,0.01,0.01,0.01,0.01,0.01,0.01,0.01,0.01,0.01,0.01,0.01,0.01,0.01,0.01,0.01,0.01,0.01,0.01,0.01,0.01,0.01,0.01,0.01,0.01,0.01,0.01,0.01,0.01,0.01,0.01,0.01,0.01,0.01,0.01,0.01,0.01,0.01,0.01,0.01,0.01,0.01,0.01,0.01,0.01,0.01,0.01,0.01,0.01,0.01,0.01,0.01,0.01,0.01,0.01,0.01,0.01,0.01,0.01,0.01,0.01,0.01,0.01,0.01,0.01,0.01,0.01,0.01,0.01,0.01,0.01,0.01,0.01,0.01,0.01,0.01,0.01,0.01,0.01,0.01,0.01,0.01,0.01,0.01,0.01,0.01,0.01,0.01,0.01,0.01,0.01,0.01,0.01,0.01,0.01,0.01,0.01,0.01,0.01,0.01,0.01,0.01,0.01,0.01,0.01,0.01,0.01,0.01,0.01,0.01,0.01
vanilla,2,100000,93.86489025468472,94.57660762500018,0.5097021460533142,1.1536959409713745,4,0.27690000000000003,0.7414000000000001,0.0175,0.0063,0.0028,0.0036,0.003,0.0012,0.0045,0.0067,0.0024,0.0126,0.0042,0.0029,0.0017,0.002,0.0028,0.0014,0.0035,0.0039,0.0017,0.007,0.0043,0.0035,0.0014,0.0014,0.001,0.0003,0.0015,0.0019,0.0007,0.0043,0.0056,0.0028,0.0008,0.0011,0.0007,0.0002,0.0006,0.0011,0.001,0.0044,0.004,0.0035,0.0006,0.0002,0.0003,0.0002,0.0011,0.0008,0.0006,0.004,0.003,0.0036,0.0005,0.0003,0.0008,0.0003,0.001,0.0008,0.0006,0.0029,0.0035,0.0029,0.001,0.0012,0.0006,0.0002,0.0006,0.0007,0.0008,0.0031,0.0063,0.0055,0.0009,0.0008,0.0006,0.0002,0.0016,0.0018,0.0007,0.0053,0.0043,0.002,0.0009,0.0004,0.0016,0.0003,0.0014,0.0019,0.0008,0.0044,0.0113,0.0053,0.004,0.0034,0.0038,0.0023,0.0041,0.0062,0.0039,0.0169,0.0,0.0,0.01,0.01,0.01,0.01,0.01,0.01,0.01,0.01,0.01,0.01,0.01,0.01,0.01,0.01,0.01,0.01,0.01,0.01,0.01,0.01,0.01,0.01,0.01,0.01,0.01,0.01,0.01,0.01,0.01,0.01,0.01,0.01,0.01,0.01,0.01,0.01,0.01,0.01,0.01,0.01,0.01,0.01,0.01,0.01,0.01,0.01,0.01,0.01,0.01,0.01,0.01,0.01,0.01,0.01,0.01,0.01,0.01,0.01,0.01,0.01,0.01,0.01,0.01,0.01,0.01,0.01,0.01,0.01,0.01,0.01,0.01,0.01,0.01,0.01,0.01,0.01,0.01,0.01,0.01,0.01,0.01,0.01,0.01,0.01,0.01,0.01,0.01,0.01,0.01,0.01,0.01,0.01,0.01,0.01,0.01,0.01,0.01,0.01,0.01,0.01,0.01,0.01,0.01,0.01,0.01,0.01,0.01,0.01,0.01,0.01,0.01,0.01,0.01,0.01,0.01,0.01,0.01,0.01,0.01,0.01,0.01,0.01,0.01,0.01,0.01,0.01,0.01,0.01,0.01,0.01,0.01,0.01,0.01,0.01,0.01,0.01,0.01,0.01,0.01,0.01,0.01,0.01,0.01,0.01,0.01,0.01,0.01,0.01,0.01,0.01,0.01,0.01,0.01,0.01,0.01,0.01,0.01,0.01,0.01,0.01,0.01,0.01,0.01,0.01,0.01,0.01,0.01,0.01,0.01,0.01,0.01,0.01,0.01,0.01,0.01,0.01,0.01,0.01,0.01,0.01,0.01,0.01,0.01,0.01,0.01,0.01,0.01,0.01,0.01,0.01,0.01,0.01,0.01,0.01,0.01,0.01,0.01,0.01,0.01,0.01
vanilla,2,101000,94.81308872671798,95.5367223341018,0.517761766910553,1.0345654487609863,4,0.258,0.751,0.0111,0.0052,0.003,0.0033,0.0034,0.0014,0.0032,0.0053,0.0027,0.012,0.0025,0.0007,0.0004,0.0008,0.0012,0.0008,0.0011,0.0028,0.001,0.0047,0.0046,0.0018,0.0016,0.0009,0.0013,0.0002,0.0008,0.0011,0.001,0.0038,0.0051,0.0055,0.0006,0.0009,0.0007,0.0,0.0005,0.0009,0.0011,0.0039,0.006,0.0029,0.0008,0.0007,0.0004,0.0,0.001,0.0008,0.0005,0.0048,0.0043,0.0038,0.0003,0.0,0.0008,0.0002,0.0004,0.0013,0.0009,0.0027,0.0037,0.0036,0.0009,0.0004,0.0001,0.0003,0.0007,0.0008,0.0007,0.0033,0.0071,0.0061,0.001,0.001,0.0007,0.0004,0.0007,0.0015,0.0006,0.0061,0.0057,0.0035,0.0011,0.001,0.0018,0.0007,0.0017,0.002,0.001,0.0041,0.0123,0.0059,0.0041,0.0042,0.0037,0.0017,0.0051,0.0061,0.0035,0.0136,0.0,0.0,0.01,0.01,0.01,0.01,0.01,0.01,0.01,0.01,0.01,0.01,0.01,0.01,0.01,0.01,0.01,0.01,0.01,0.01,0.01,0.01,0.01,0.01,0.01,0.01,0.01,0.01,0.01,0.01,0.01,0.01,0.01,0.01,0.01,0.01,0.01,0.01,0.01,0.01,0.01,0.01,0.01,0.01,0.01,0.01,0.01,0.01,0.01,0.01,0.01,0.01,0.01,0.01,0.01,0.01,0.01,0.01,0.01,0.01,0.01,0.01,0.01,0.01,0.01,0.01,0.01,0.01,0.01,0.01,0.01,0.01,0.01,0.01,0.01,0.01,0.01,0.01,0.01,0.01,0.01,0.01,0.01,0.01,0.01,0.01,0.01,0.01,0.01,0.01,0.01,0.01,0.01,0.01,0.01,0.01,0.01,0.01,0.01,0.01,0.01,0.01,0.01,0.01,0.01,0.01,0.01,0.01,0.01,0.01,0.01,0.01,0.01,0.01,0.01,0.01,0.01,0.01,0.01,0.01,0.01,0.01,0.01,0.01,0.01,0.01,0.01,0.01,0.01,0.01,0.01,0.01,0.01,0.01,0.01,0.01,0.01,0.01,0.01,0.01,0.01,0.01,0.01,0.01,0.01,0.01,0.01,0.01,0.01,0.01,0.01,0.01,0.01,0.01,0.01,0.01,0.01,0.01,0.01,0.01,0.01,0.01,0.01,0.01,0.01,0.01,0.01,0.01,0.01,0.01,0.01,0.01,0.01,0.01,0.01,0.01,0.01,0.01,0.01,0.01,0.01,0.01,0.01,0.01,0.01,0.01,0.01,0.01,0.01,0.01,0.01,0.01,0.01,0.01,0.01,0.01,0.01,0.01,0.01,0.01,0.01,0.01
vanilla,2,102000,95.77297092298977,96.50687216699589,0.5295239686965942,1.007792353630066,3,0.27770000000000006,0.7373000000000001,0.0157,0.0085,0.0028,0.0049,0.0023,0.0016,0.0048,0.0061,0.0028,0.0094,0.0025,0.0027,0.0012,0.0007,0.0012,0.0004,0.0018,0.0022,0.0009,0.0036,0.0038,0.0052,0.0012,0.001,0.001,0.0002,0.0014,0.0014,0.0007,0.0042,0.0043,0.0072,0.0009,0.0009,0.0004,0.0001,0.0008,0.0011,0.001,0.0038,0.0046,0.0039,0.0003,0.0012,0.0004,0.0001,0.0021,0.0008,0.0009,0.0046,0.0038,0.0038,0.0008,0.0001,0.0002,0.0004,0.0003,0.0005,0.0006,0.0022,0.0036,0.0035,0.0008,0.0007,0.0005,0.0003,0.001,0.0008,0.001,0.0031,0.0066,0.0052,0.0009,0.001,0.0006,0.0002,0.0015,0.0013,0.0009,0.0059,0.0054,0.0034,0.0012,0.0009,0.0021,0.0005,0.0028,0.002,0.0011,0.0051,0.0131,0.0069,0.0042,0.0036,0.0035,0.0019,0.0056,0.0064,0.0041,0.0162,0.0,0.0,0.01,0.01,0.01,0.01,0.01,0.01,0.01,0.01,0.01,0.01,0.01,0.01,0.01,0.01,0.01,0.01,0.01,0.01,0.01,0.01,0.01,0.01,0.01,0.01,0.01,0.01,0.01,0.01,0.01,0.01,0.01,0.01,0.01,0.01,0.01,0.01,0.01,0.01,0.01,0.01,0.01,0.01,0.01,0.01,0.01,0.01,0.01,0.01,0.01,0.01,0.01,0.01,0.01,0.01,0.01,0.01,0.01,0.01,0.01,0.01,0.01,0.01,0.01,0.01,0.01,0.01,0.01,0.01,0.01,0.01,0.01,0.01,0.01,0.01,0.01,0.01,0.01,0.01,0.01,0.01,0.01,0.01,0.01,0.01,0.01,0.01,0.01,0.01,0.01,0.01,0.01,0.01,0.01,0.01,0.01,0.01,0.01,0.01,0.01,0.01,0.01,0.01,0.01,0.01,0.01,0.01,0.01,0.01,0.01,0.01,0.01,0.01,0.01,0.01,0.01,0.01,0.01,0.01,0.01,0.01,0.01,0.01,0.01,0.01,0.01,0.01,0.01,0.01,0.01,0.01,0.01,0.01,0.01,0.01,0.01,0.01,0.01,0.01,0.01,0.01,0.01,0.01,0.01,0.01,0.01,0.01,0.01,0.01,0.01,0.01,0.01,0.01,0.01,0.01,0.01,0.01,0.01,0.01,0.01,0.01,0.01,0.01,0.01,0.01,0.01,0.01,0.01,0.01,0.01,0.01,0.01,0.01,0.01,0.01,0.01,0.01,0.01,0.01,0.01,0.01,0.01,0.01,0.01,0.01,0.01,0.01,0.01,0.01,0.01,0.01,0.01,0.01,0.01,0.01,0.01,0.01,0.01,0.01,0.01,0.01
vanilla,2,103000,96.72646571486257,97.47051591705531,0.5306646823883057,1.1476775407791138,4,0.2856000000000001,0.7292,0.0161,0.0093,0.0032,0.0049,0.0029,0.0017,0.0043,0.0064,0.0028,0.0116,0.0038,0.002,0.001,0.0012,0.0014,0.0007,0.0023,0.0042,0.0013,0.0073,0.0045,0.0035,0.0013,0.0007,0.0006,0.0001,0.0014,0.0013,0.001,0.0048,0.0044,0.0058,0.0004,0.001,0.0008,0.0001,0.0006,0.0012,0.0009,0.0051,0.0055,0.0038,0.0007,0.0009,0.0003,0.0003,0.001,0.0007,0.0007,0.0048,0.0045,0.0039,0.0006,0.0,0.0009,0.0005,0.0005,0.0014,0.0008,0.0029,0.0039,0.0033,0.0008,0.0003,0.0003,0.0003,0.0005,0.0009,0.0009,0.0038,0.0074,0.005,0.0006,0.001,0.0007,0.0004,0.0009,0.0014,0.0011,0.0058,0.005,0.0033,0.0008,0.0009,0.0013,0.0007,0.0017,0.0024,0.0016,0.0036,0.013,0.0067,0.0036,0.004,0.0035,0.0025,0.0049,0.0059,0.0042,0.0141,0.0,0.0,0.01,0.01,0.01,0.01,0.01,0.01,0.01,0.01,0.01,0.01,0.01,0.01,0.01,0.01,0.01,0.01,0.01,0.01,0.01,0.01,0.01,0.01,0.01,0.01,0.01,0.01,0.01,0.01,0.01,0.01,0.01,0.01,0.01,0.01,0.01,0.01,0.01,0.01,0.01,0.01,0.01,0.01,0.01,0.01,0.01,0.01,0.01,0.01,0.01,0.01,0.01,0.01,0.01,0.01,0.01,0.01,0.01,0.01,0.01,0.01,0.01,0.01,0.01,0.01,0.01,0.01,0.01,0.01,0.01,0.01,0.01,0.01,0.01,0.01,0.01,0.01,0.01,0.01,0.01,0.01,0.01,0.01,0.01,0.01,0.01,0.01,0.01,0.01,0.01,0.01,0.01,0.01,0.01,0.01,0.01,0.01,0.01,0.01,0.01,0.01,0.01,0.01,0.01,0.01,0.01,0.01,0.01,0.01,0.01,0.01,0.01,0.01,0.01,0.01,0.01,0.01,0.01,0.01,0.01,0.01,0.01,0.01,0.01,0.01,0.01,0.01,0.01,0.01,0.01,0.01,0.01,0.01,0.01,0.01,0.01,0.01,0.01,0.01,0.01,0.01,0.01,0.01,0.01,0.01,0.01,0.01,0.01,0.01,0.01,0.01,0.01,0.01,0.01,0.01,0.01,0.01,0.01,0.01,0.01,0.01,0.01,0.01,0.01,0.01,0.01,0.01,0.01,0.01,0.01,0.01,0.01,0.01,0.01,0.01,0.01,0.01,0.01,0.01,0.01,0.01,0.01,0.01,0.01,0.01,0.01,0.01,0.01,0.01,0.01,0.01,0.01,0.01,0.01,0.01,0.01,0.01,0.01,0.01,0.01,0.01
vanilla,2,104000,97.66310892591719,98.41785416705534,0.5309791564941406,1.022329330444336,4,0.29179999999999995,0.7249000000000001,0.0161,0.0098,0.0027,0.004,0.0031,0.0025,0.0058,0.0054,0.0022,0.0122,0.0036,0.0026,0.0012,0.0013,0.0015,0.0007,0.003,0.0038,0.001,0.0075,0.0047,0.0053,0.0015,0.001,0.001,0.0003,0.0013,0.0015,0.0008,0.0039,0.0046,0.0062,0.0007,0.0011,0.001,0.0004,0.0009,0.0015,0.0009,0.0046,0.0054,0.0038,0.0004,0.0009,0.0006,0.0002,0.0011,0.0008,0.001,0.0045,0.004,0.0046,0.0005,0.0002,0.0005,0.0005,0.0008,0.0007,0.0008,0.0032,0.0044,0.0036,0.0007,0.0006,0.0005,0.0,0.0009,0.0006,0.001,0.0037,0.0066,0.0064,0.0011,0.0008,0.0006,0.0003,0.0013,0.0016,0.0012,0.0062,0.0051,0.0033,0.0006,0.0007,0.0015,0.0008,0.0021,0.0021,0.0012,0.0037,0.0136,0.0062,0.0031,0.0036,0.0031,0.0016,0.005,0.006,0.0039,0.0148,0.0,0.0,0.01,0.01,0.01,0.01,0.01,0.01,0.01,0.01,0.01,0.01,0.01,0.01,0.01,0.01,0.01,0.01,0.01,0.01,0.01,0.01,0.01,0.01,0.01,0.01,0.01,0.01,0.01,0.01,0.01,0.01,0.01,0.01,0.01,0.01,0.01,0.01,0.01,0.01,0.01,0.01,0.01,0.01,0.01,0.01,0.01,0.01,0.01,0.01,0.01,0.01,0.01,0.01,0.01,0.01,0.01,0.01,0.01,0.01,0.01,0.01,0.01,0.01,0.01,0.01,0.01,0.01,0.01,0.01,0.01,0.01,0.01,0.01,0.01,0.01,0.01,0.01,0.01,0.01,0.01,0.01,0.01,0.01,0.01,0.01,0.01,0.01,0.01,0.01,0.01,0.01,0.01,0.01,0.01,0.01,0.01,0.01,0.01,0.01,0.01,0.01,0.01,0.01,0.01,0.01,0.01,0.01,0.01,0.01,0.01,0.01,0.01,0.01,0.01,0.01,0.01,0.01,0.01,0.01,0.01,0.01,0.01,0.01,0.01,0.01,0.01,0.01,0.01,0.01,0.01,0.01,0.01,0.01,0.01,0.01,0.01,0.01,0.01,0.01,0.01,0.01,0.01,0.01,0.01,0.01,0.01,0.01,0.01,0.01,0.01,0.01,0.01,0.01,0.01,0.01,0.01,0.01,0.01,0.01,0.01,0.01,0.01,0.01,0.01,0.01,0.01,0.01,0.01,0.01,0.01,0.01,0.01,0.01,0.01,0.01,0.01,0.01,0.01,0.01,0.01,0.01,0.01,0.01,0.01,0.01,0.01,0.01,0.01,0.01,0.01,0.01,0.01,0.01,0.01,0.01,0.01,0.01,0.01,0.01,0.01,0.01
vanilla,2,105000,98.5978380861925,99.36344750004355,0.5078344345092773,1.1469502449035645,4,0.2884,0.7277,0.0176,0.009,0.0034,0.0044,0.0036,0.0024,0.0052,0.0057,0.0033,0.0118,0.0045,0.0023,0.001,0.0013,0.002,0.0007,0.0028,0.0046,0.0008,0.0045,0.0041,0.0041,0.0006,0.0005,0.0005,0.0003,0.0009,0.0018,0.001,0.0045,0.0058,0.0043,0.0006,0.0011,0.0007,0.0002,0.0008,0.0016,0.001,0.0047,0.0056,0.0036,0.0009,0.0006,0.0001,0.0002,0.0012,0.0004,0.0005,0.0051,0.0034,0.0041,0.0002,0.0004,0.0009,0.0005,0.001,0.001,0.0009,0.0032,0.0036,0.0041,0.0007,0.0009,0.0005,0.0001,0.0008,0.001,0.001,0.0031,0.0066,0.0081,0.0011,0.0006,0.0008,0.0006,0.0015,0.0017,0.0009,0.0061,0.0054,0.0019,0.0006,0.0007,0.0017,0.001,0.002,0.0021,0.0009,0.0054,0.0116,0.0059,0.0036,0.0037,0.0032,0.0019,0.0046,0.0059,0.0036,0.0151,0.0,0.0,0.01,0.01,0.01,0.01,0.01,0.01,0.01,0.01,0.01,0.01,0.01,0.01,0.01,0.01,0.01,0.01,0.01,0.01,0.01,0.01,0.01,0.01,0.01,0.01,0.01,0.01,0.01,0.01,0.01,0.01,0.01,0.01,0.01,0.01,0.01,0.01,0.01,0.01,0.01,0.01,0.01,0.01,0.01,0.01,0.01,0.01,0.01,0.01,0.01,0.01,0.01,0.01,0.01,0.01,0.01,0.01,0.01,0.01,0.01,0.01,0.01,0.01,0.01,0.01,0.01,0.01,0.01,0.01,0.01,0.01,0.01,0.01,0.01,0.01,0.01,0.01,0.01,0.01,0.01,0.01,0.01,0.01,0.01,0.01,0.01,0.01,0.01,0.01,0.01,0.01,0.01,0.01,0.01,0.01,0.01,0.01,0.01,0.01,0.01,0.01,0.01,0.01,0.01,0.01,0.01,0.01,0.01,0.01,0.01,0.01,0.01,0.01,0.01,0.01,0.01,0.01,0.01,0.01,0.01,0.01,0.01,0.01,0.01,0.01,0.01,0.01,0.01,0.01,0.01,0.01,0.01,0.01,0.01,0.01,0.01,0.01,0.01,0.01,0.01,0.01,0.01,0.01,0.01,0.01,0.01,0.01,0.01,0.01,0.01,0.01,0.01,0.01,0.01,0.01,0.01,0.01,0.01,0.01,0.01,0.01,0.01,0.01,0.01,0.01,0.01,0.01,0.01,0.01,0.01,0.01,0.01,0.01,0.01,0.01,0.01,0.01,0.01,0.01,0.01,0.01,0.01,0.01,0.01,0.01,0.01,0.01,0.01,0.01,0.01,0.01,0.01,0.01,0.01,0.01,0.01,0.01,0.01,0.01,0.01,0.01
vanilla,2,106000,99.56869476987049,100.34435579204,0.5196709632873535,1.175464153289795,4,0.29780000000000006,0.7173,0.0157,0.0095,0.0031,0.0041,0.0042,0.002,0.0057,0.006,0.0029,0.0127,0.0033,0.0022,0.0011,0.0014,0.0019,0.0009,0.0041,0.0042,0.0012,0.008,0.0048,0.0041,0.001,0.001,0.0009,0.0003,0.0011,0.0012,0.0007,0.0038,0.005,0.0057,0.0008,0.001,0.0012,0.0004,0.0012,0.0013,0.0007,0.0044,0.0066,0.0033,0.0007,0.0009,0.0006,0.0003,0.0012,0.0009,0.0011,0.0041,0.004,0.0046,0.0006,0.0002,0.0005,0.0002,0.0008,0.0005,0.0009,0.003,0.005,0.0041,0.0011,0.0008,0.0006,0.0001,0.0007,0.0005,0.0011,0.0031,0.0068,0.0069,0.0009,0.0006,0.0007,0.0004,0.0015,0.0015,0.0009,0.0059,0.006,0.0038,0.0007,0.001,0.0016,0.0006,0.0023,0.0021,0.0011,0.0038,0.0139,0.0072,0.0034,0.0033,0.004,0.002,0.0053,0.0066,0.0033,0.0128,0.0,0.0,0.01,0.01,0.01,0.01,0.01,0.01,0.01,0.01,0.01,0.01,0.01,0.01,0.01,0.01,0.01,0.01,0.01,0.01,0.01,0.01,0.01,0.01,0.01,0.01,0.01,0.01,0.01,0.01,0.01,0.01,0.01,0.01,0.01,0.01,0.01,0.01,0.01,0.01,0.01,0.01,0.01,0.01,0.01,0.01,0.01,0.01,0.01,0.01,0.01,0.01,0.01,0.01,0.01,0.01,0.01,0.01,0.01,0.01,0.01,0.01,0.01,0.01,0.01,0.01,0.01,0.01,0.01,0.01,0.01,0.01,0.01,0.01,0.01,0.01,0.01,0.01,0.01,0.01,0.01,0.01,0.01,0.01,0.01,0.01,0.01,0.01,0.01,0.01,0.01,0.01,0.01,0.01,0.01,0.01,0.01,0.01,0.01,0.01,0.01,0.01,0.01,0.01,0.01,0.01,0.01,0.01,0.01,0.01,0.01,0.01,0.01,0.01,0.01,0.01,0.01,0.01,0.01,0.01,0.01,0.01,0.01,0.01,0.01,0.01,0.01,0.01,0.01,0.01,0.01,0.01,0.01,0.01,0.01,0.01,0.01,0.01,0.01,0.01,0.01,0.01,0.01,0.01,0.01,0.01,0.01,0.01,0.01,0.01,0.01,0.01,0.01,0.01,0.01,0.01,0.01,0.01,0.01,0.01,0.01,0.01,0.01,0.01,0.01,0.01,0.01,0.01,0.01,0.01,0.01,0.01,0.01,0.01,0.01,0.01,0.01,0.01,0.01,0.01,0.01,0.01,0.01,0.01,0.01,0.01,0.01,0.01,0.01,0.01,0.01,0.01,0.01,0.01,0.01,0.01,0.01,0.01,0.01,0.01,0.01,0.01
vanilla,2,107000,100.53061625163537,101.31642104208004,0.5066324472427368,1.1234526634216309,4,0.29499999999999993,0.7232000000000001,0.0163,0.0096,0.0036,0.0049,0.0032,0.002,0.005,0.0065,0.0038,0.0119,0.0034,0.0026,0.001,0.0013,0.0016,0.0004,0.0025,0.0041,0.001,0.0068,0.0052,0.0039,0.0009,0.001,0.001,0.0002,0.0013,0.0015,0.0014,0.0041,0.0048,0.0057,0.0009,0.001,0.0009,0.0004,0.0006,0.001,0.0011,0.0046,0.0058,0.0032,0.001,0.0007,0.0007,0.0002,0.0009,0.0009,0.001,0.0046,0.0035,0.0045,0.0006,0.0002,0.0004,0.0005,0.0007,0.0008,0.0012,0.0026,0.004,0.0036,0.001,0.0008,0.0006,0.0001,0.0007,0.0009,0.0007,0.0031,0.0073,0.007,0.001,0.0009,0.0005,0.0002,0.0013,0.0019,0.0006,0.0063,0.0053,0.0026,0.0007,0.0011,0.002,0.0005,0.0024,0.0024,0.0009,0.004,0.0132,0.0063,0.0032,0.0038,0.0041,0.0017,0.0052,0.0061,0.0032,0.0168,0.0,0.0,0.01,0.01,0.01,0.01,0.01,0.01,0.01,0.01,0.01,0.01,0.01,0.01,0.01,0.01,0.01,0.01,0.01,0.01,0.01,0.01,0.01,0.01,0.01,0.01,0.01,0.01,0.01,0.01,0.01,0.01,0.01,0.01,0.01,0.01,0.01,0.01,0.01,0.01,0.01,0.01,0.01,0.01,0.01,0.01,0.01,0.01,0.01,0.01,0.01,0.01,0.01,0.01,0.01,0.01,0.01,0.01,0.01,0.01,0.01,0.01,0.01,0.01,0.01,0.01,0.01,0.01,0.01,0.01,0.01,0.01,0.01,0.01,0.01,0.01,0.01,0.01,0.01,0.01,0.01,0.01,0.01,0.01,0.01,0.01,0.01,0.01,0.01,0.01,0.01,0.01,0.01,0.01,0.01,0.01,0.01,0.01,0.01,0.01,0.01,0.01,0.01,0.01,0.01,0.01,0.01,0.01,0.01,0.01,0.01,0.01,0.01,0.01,0.01,0.01,0.01,0.01,0.01,0.01,0.01,0.01,0.01,0.01,0.01,0.01,0.01,0.01,0.01,0.01,0.01,0.01,0.01,0.01,0.01,0.01,0.01,0.01,0.01,0.01,0.01,0.01,0.01,0.01,0.01,0.01,0.01,0.01,0.01,0.01,0.01,0.01,0.01,0.01,0.01,0.01,0.01,0.01,0.01,0.01,0.01,0.01,0.01,0.01,0.01,0.01,0.01,0.01,0.01,0.01,0.01,0.01,0.01,0.01,0.01,0.01,0.01,0.01,0.01,0.01,0.01,0.01,0.01,0.01,0.01,0.01,0.01,0.01,0.01,0.01,0.01,0.01,0.01,0.01,0.01,0.01,0.01,0.01,0.01,0.01,0.01,0.01
vanilla,2,108000,101.4821885030251,102.27759633399546,0.5207763910293579,1.0818535089492798,4,0.29180000000000006,0.728,0.017,0.0095,0.0029,0.0046,0.0041,0.0023,0.0042,0.0055,0.0031,0.0128,0.0035,0.0031,0.0012,0.0019,0.0026,0.001,0.0042,0.0049,0.0016,0.0062,0.0042,0.0047,0.0019,0.0008,0.0009,0.0001,0.001,0.0014,0.0007,0.0053,0.0055,0.0038,0.0011,0.0009,0.001,0.0002,0.0008,0.001,0.0008,0.0051,0.0042,0.0034,0.0009,0.0007,0.0004,0.0003,0.0004,0.0015,0.0008,0.005,0.0029,0.0047,0.0009,0.0005,0.0008,0.0003,0.0006,0.0014,0.0008,0.0034,0.0033,0.0048,0.0005,0.0007,0.0007,0.0003,0.0005,0.0007,0.0005,0.0031,0.0065,0.0069,0.0012,0.0007,0.0004,0.0004,0.0013,0.002,0.0009,0.0059,0.0039,0.0014,0.0005,0.0006,0.0014,0.0007,0.0015,0.002,0.0013,0.0045,0.0115,0.0056,0.0033,0.0041,0.0034,0.0017,0.0037,0.006,0.0036,0.0185,0.0,0.0,0.01,0.01,0.01,0.01,0.01,0.01,0.01,0.01,0.01,0.01,0.01,0.01,0.01,0.01,0.01,0.01,0.01,0.01,0.01,0.01,0.01,0.01,0.01,0.01,0.01,0.01,0.01,0.01,0.01,0.01,0.01,0.01,0.01,0.01,0.01,0.01,0.01,0.01,0.01,0.01,0.01,0.01,0.01,0.01,0.01,0.01,0.01,0.01,0.01,0.01,0.01,0.01,0.01,0.01,0.01,0.01,0.01,0.01,0.01,0.01,0.01,0.01,0.01,0.01,0.01,0.01,0.01,0.01,0.01,0.01,0.01,0.01,0.01,0.01,0.01,0.01,0.01,0.01,0.01,0.01,0.01,0.01,0.01,0.01,0.01,0.01,0.01,0.01,0.01,0.01,0.01,0.01,0.01,0.01,0.01,0.01,0.01,0.01,0.01,0.01,0.01,0.01,0.01,0.01,0.01,0.01,0.01,0.01,0.01,0.01,0.01,0.01,0.01,0.01,0.01,0.01,0.01,0.01,0.01,0.01,0.01,0.01,0.01,0.01,0.01,0.01,0.01,0.01,0.01,0.01,0.01,0.01,0.01,0.01,0.01,0.01,0.01,0.01,0.01,0.01,0.01,0.01,0.01,0.01,0.01,0.01,0.01,0.01,0.01,0.01,0.01,0.01,0.01,0.01,0.01,0.01,0.01,0.01,0.01,0.01,0.01,0.01,0.01,0.01,0.01,0.01,0.01,0.01,0.01,0.01,0.01,0.01,0.01,0.01,0.01,0.01,0.01,0.01,0.01,0.01,0.01,0.01,0.01,0.01,0.01,0.01,0.01,0.01,0.01,0.01,0.01,0.01,0.01,0.01,0.01,0.01,0.01,0.01,0.01,0.01
vanilla,2,109000,102.4261624525534,103.23190787504427,0.512132465839386,1.0541032552719116,4,0.2912,0.7297,0.0157,0.0095,0.0039,0.0047,0.0038,0.0024,0.0049,0.0056,0.0028,0.0146,0.0035,0.0027,0.0006,0.0009,0.0016,0.0006,0.0021,0.0036,0.0013,0.0063,0.0046,0.0035,0.0009,0.0009,0.0011,0.0001,0.0013,0.0016,0.0009,0.0044,0.0046,0.0067,0.0006,0.0009,0.0007,0.0003,0.0006,0.0012,0.0008,0.0049,0.0064,0.0031,0.0008,0.0006,0.0009,0.0002,0.001,0.0005,0.001,0.0048,0.0036,0.004,0.0005,0.0003,0.0005,0.0002,0.0009,0.0009,0.0009,0.0028,0.0031,0.0036,0.0011,0.0007,0.0008,0.0003,0.0011,0.0009,0.0004,0.004,0.0071,0.0068,0.0007,0.0007,0.0009,0.0004,0.001,0.0014,0.0007,0.0068,0.0055,0.0039,0.0007,0.0019,0.0021,0.001,0.0023,0.0014,0.0014,0.0047,0.0129,0.0062,0.0027,0.0033,0.0035,0.001,0.0039,0.0039,0.0031,0.0177,0.0,0.0,0.01,0.01,0.01,0.01,0.01,0.01,0.01,0.01,0.01,0.01,0.01,0.01,0.01,0.01,0.01,0.01,0.01,0.01,0.01,0.01,0.01,0.01,0.01,0.01,0.01,0.01,0.01,0.01,0.01,0.01,0.01,0.01,0.01,0.01,0.01,0.01,0.01,0.01,0.01,0.01,0.01,0.01,0.01,0.01,0.01,0.01,0.01,0.01,0.01,0.01,0.01,0.01,0.01,0.01,0.01,0.01,0.01,0.01,0.01,0.01,0.01,0.01,0.01,0.01,0.01,0.01,0.01,0.01,0.01,0.01,0.01,0.01,0.01,0.01,0.01,0.01,0.01,0.01,0.01,0.01,0.01,0.01,0.01,0.01,0.01,0.01,0.01,0.01,0.01,0.01,0.01,0.01,0.01,0.01,0.01,0.01,0.01,0.01,0.01,0.01,0.01,0.01,0.01,0.01,0.01,0.01,0.01,0.01,0.01,0.01,0.01,0.01,0.01,0.01,0.01,0.01,0.01,0.01,0.01,0.01,0.01,0.01,0.01,0.01,0.01,0.01,0.01,0.01,0.01,0.01,0.01,0.01,0.01,0.01,0.01,0.01,0.01,0.01,0.01,0.01,0.01,0.01,0.01,0.01,0.01,0.01,0.01,0.01,0.01,0.01,0.01,0.01,0.01,0.01,0.01,0.01,0.01,0.01,0.01,0.01,0.01,0.01,0.01,0.01,0.01,0.01,0.01,0.01,0.01,0.01,0.01,0.01,0.01,0.01,0.01,0.01,0.01,0.01,0.01,0.01,0.01,0.01,0.01,0.01,0.01,0.01,0.01,0.01,0.01,0.01,0.01,0.01,0.01,0.01,0.01,0.01,0.01,0.01,0.01,0.01
vanilla,2,110000,103.37860961107071,104.19535866705701,0.5245176553726196,1.171384572982788,4,0.3050999999999999,0.7157,0.0164,0.0092,0.0033,0.0056,0.0047,0.0024,0.0049,0.0067,0.0031,0.0154,0.0036,0.0029,0.0008,0.0016,0.0027,0.0006,0.0047,0.0046,0.0019,0.0068,0.0042,0.0034,0.001,0.0006,0.0007,0.0002,0.0008,0.0013,0.001,0.0033,0.006,0.0052,0.0008,0.0006,0.0007,0.0005,0.0007,0.0008,0.0008,0.0054,0.0063,0.0033,0.0007,0.0006,0.0006,0.0004,0.0011,0.0014,0.0009,0.0045,0.0037,0.0043,0.0004,0.0001,0.0003,0.0003,0.0005,0.0013,0.0006,0.0023,0.0033,0.0036,0.0008,0.0007,0.0004,0.0003,0.0005,0.001,0.0006,0.0034,0.0078,0.0069,0.0008,0.0005,0.0009,0.0004,0.0012,0.0013,0.0007,0.0062,0.0062,0.0032,0.0011,0.0004,0.0016,0.0007,0.0022,0.0018,0.0019,0.0034,0.0139,0.0089,0.0032,0.0041,0.0041,0.002,0.0055,0.0069,0.0041,0.0151,0.0,0.0,0.01,0.01,0.01,0.01,0.01,0.01,0.01,0.01,0.01,0.01,0.01,0.01,0.01,0.01,0.01,0.01,0.01,0.01,0.01,0.01,0.01,0.01,0.01,0.01,0.01,0.01,0.01,0.01,0.01,0.01,0.01,0.01,0.01,0.01,0.01,0.01,0.01,0.01,0.01,0.01,0.01,0.01,0.01,0.01,0.01,0.01,0.01,0.01,0.01,0.01,0.01,0.01,0.01,0.01,0.01,0.01,0.01,0.01,0.01,0.01,0.01,0.01,0.01,0.01,0.01,0.01,0.01,0.01,0.01,0.01,0.01,0.01,0.01,0.01,0.01,0.01,0.01,0.01,0.01,0.01,0.01,0.01,0.01,0.01,0.01,0.01,0.01,0.01,0.01,0.01,0.01,0.01,0.01,0.01,0.01,0.01,0.01,0.01,0.01,0.01,0.01,0.01,0.01,0.01,0.01,0.01,0.01,0.01,0.01,0.01,0.01,0.01,0.01,0.01,0.01,0.01,0.01,0.01,0.01,0.01,0.01,0.01,0.01,0.01,0.01,0.01,0.01,0.01,0.01,0.01,0.01,0.01,0.01,0.01,0.01,0.01,0.01,0.01,0.01,0.01,0.01,0.01,0.01,0.01,0.01,0.01,0.01,0.01,0.01,0.01,0.01,0.01,0.01,0.01,0.01,0.01,0.01,0.01,0.01,0.01,0.01,0.01,0.01,0.01,0.01,0.01,0.01,0.01,0.01,0.01,0.01,0.01,0.01,0.01,0.01,0.01,0.01,0.01,0.01,0.01,0.01,0.01,0.01,0.01,0.01,0.01,0.01,0.01,0.01,0.01,0.01,0.01,0.01,0.01,0.01,0.01,0.01,0.01,0.01,0.01
vanilla,2,111000,104.33607466076501,105.16437158407643,0.5270686149597168,0.97739577293396,4,0.2802,0.7426,0.0159,0.0086,0.0034,0.0045,0.0045,0.0018,0.004,0.0056,0.0035,0.0148,0.0038,0.0018,0.001,0.001,0.0011,0.0004,0.0013,0.0038,0.0015,0.0051,0.0046,0.0019,0.0011,0.0006,0.001,0.0001,0.0006,0.001,0.0008,0.0039,0.0059,0.0031,0.0009,0.0006,0.0008,0.0002,0.0005,0.0011,0.0007,0.0047,0.0069,0.0023,0.0009,0.0009,0.0007,0.0004,0.0009,0.0012,0.0011,0.0041,0.0039,0.0027,0.0006,0.0001,0.0005,0.0001,0.0004,0.0011,0.0009,0.0032,0.0036,0.0022,0.0008,0.0008,0.0009,0.0004,0.0007,0.0012,0.0004,0.0037,0.0069,0.0056,0.0014,0.0008,0.0005,0.0005,0.0007,0.0011,0.0009,0.006,0.0055,0.0018,0.0012,0.001,0.0016,0.0012,0.0017,0.0019,0.0021,0.0045,0.0137,0.0062,0.0036,0.0036,0.004,0.0022,0.0026,0.0064,0.0035,0.0184,0.0,0.0,0.01,0.01,0.01,0.01,0.01,0.01,0.01,0.01,0.01,0.01,0.01,0.01,0.01,0.01,0.01,0.01,0.01,0.01,0.01,0.01,0.01,0.01,0.01,0.01,0.01,0.01,0.01,0.01,0.01,0.01,0.01,0.01,0.01,0.01,0.01,0.01,0.01,0.01,0.01,0.01,0.01,0.01,0.01,0.01,0.01,0.01,0.01,0.01,0.01,0.01,0.01,0.01,0.01,0.01,0.01,0.01,0.01,0.01,0.01,0.01,0.01,0.01,0.01,0.01,0.01,0.01,0.01,0.01,0.01,0.01,0.01,0.01,0.01,0.01,0.01,0.01,0.01,0.01,0.01,0.01,0.01,0.01,0.01,0.01,0.01,0.01,0.01,0.01,0.01,0.01,0.01,0.01,0.01,0.01,0.01,0.01,0.01,0.01,0.01,0.01,0.01,0.01,0.01,0.01,0.01,0.01,0.01,0.01,0.01,0.01,0.01,0.01,0.01,0.01,0.01,0.01,0.01,0.01,0.01,0.01,0.01,0.01,0.01,0.01,0.01,0.01,0.01,0.01,0.01,0.01,0.01,0.01,0.01,0.01,0.01,0.01,0.01,0.01,0.01,0.01,0.01,0.01,0.01,0.01,0.01,0.01,0.01,0.01,0.01,0.01,0.01,0.01,0.01,0.01,0.01,0.01,0.01,0.01,0.01,0.01,0.01,0.01,0.01,0.01,0.01,0.01,0.01,0.01,0.01,0.01,0.01,0.01,0.01,0.01,0.01,0.01,0.01,0.01,0.01,0.01,0.01,0.01,0.01,0.01,0.01,0.01,0.01,0.01,0.01,0.01,0.01,0.01,0.01,0.01,0.01,0.01,0.01,0.01,0.01,0.01
vanilla,2,112000,105.28775812732056,106.12762612500228,0.5382668972015381,1.216367483139038,5,0.3045,0.7174,0.0144,0.0105,0.003,0.0042,0.0033,0.0018,0.0052,0.0071,0.0032,0.0149,0.0028,0.0024,0.0009,0.0009,0.0015,0.0006,0.0023,0.0044,0.0012,0.0057,0.0054,0.0045,0.0007,0.001,0.0008,0.0002,0.001,0.0013,0.0012,0.0047,0.0054,0.0058,0.0008,0.0006,0.001,0.0001,0.0007,0.0012,0.0006,0.005,0.0082,0.0042,0.0008,0.0008,0.0007,0.0001,0.0011,0.0011,0.0005,0.0049,0.0045,0.0042,0.0008,0.0003,0.0003,0.0003,0.0004,0.001,0.0007,0.0029,0.004,0.0033,0.0007,0.0004,0.0006,0.0004,0.0007,0.0008,0.0006,0.0033,0.0077,0.0072,0.0005,0.0008,0.0009,0.0003,0.001,0.0011,0.0007,0.007,0.0077,0.0038,0.0012,0.0009,0.0012,0.0011,0.0021,0.0023,0.0013,0.0035,0.0147,0.0087,0.0032,0.0037,0.0037,0.0014,0.0046,0.0056,0.0043,0.0174,0.0,0.0,0.01,0.01,0.01,0.01,0.01,0.01,0.01,0.01,0.01,0.01,0.01,0.01,0.01,0.01,0.01,0.01,0.01,0.01,0.01,0.01,0.01,0.01,0.01,0.01,0.01,0.01,0.01,0.01,0.01,0.01,0.01,0.01,0.01,0.01,0.01,0.01,0.01,0.01,0.01,0.01,0.01,0.01,0.01,0.01,0.01,0.01,0.01,0.01,0.01,0.01,0.01,0.01,0.01,0.01,0.01,0.01,0.01,0.01,0.01,0.01,0.01,0.01,0.01,0.01,0.01,0.01,0.01,0.01,0.01,0.01,0.01,0.01,0.01,0.01,0.01,0.01,0.01,0.01,0.01,0.01,0.01,0.01,0.01,0.01,0.01,0.01,0.01,0.01,0.01,0.01,0.01,0.01,0.01,0.01,0.01,0.01,0.01,0.01,0.01,0.01,0.01,0.01,0.01,0.01,0.01,0.01,0.01,0.01,0.01,0.01,0.01,0.01,0.01,0.01,0.01,0.01,0.01,0.01,0.01,0.01,0.01,0.01,0.01,0.01,0.01,0.01,0.01,0.01,0.01,0.01,0.01,0.01,0.01,0.01,0.01,0.01,0.01,0.01,0.01,0.01,0.01,0.01,0.01,0.01,0.01,0.01,0.01,0.01,0.01,0.01,0.01,0.01,0.01,0.01,0.01,0.01,0.01,0.01,0.01,0.01,0.01,0.01,0.01,0.01,0.01,0.01,0.01,0.01,0.01,0.01,0.01,0.01,0.01,0.01,0.01,0.01,0.01,0.01,0.01,0.01,0.01,0.01,0.01,0.01,0.01,0.01,0.01,0.01,0.01,0.01,0.01,0.01,0.01,0.01,0.01,0.01,0.01,0.01,0.01,0.01
vanilla,2,113000,106.23069724114612,107.08227441704366,0.5245447158813477,0.9930549263954163,5,0.31010000000000004,0.7117,0.0164,0.0109,0.0038,0.0053,0.0031,0.0022,0.006,0.0067,0.0026,0.0139,0.0036,0.0036,0.0008,0.0016,0.0018,0.0008,0.0033,0.0041,0.0008,0.0065,0.0046,0.0049,0.0008,0.0011,0.0008,0.0002,0.0014,0.0015,0.001,0.0044,0.0054,0.0061,0.001,0.0005,0.0006,0.0002,0.0006,0.0011,0.0011,0.0044,0.0068,0.0038,0.0008,0.0005,0.0005,0.0001,0.0015,0.001,0.0011,0.005,0.0038,0.0043,0.0012,0.0004,0.0001,0.0004,0.0003,0.0005,0.0006,0.0029,0.0038,0.0035,0.0006,0.0007,0.0003,0.0003,0.0007,0.0007,0.0009,0.0035,0.0078,0.008,0.0006,0.0006,0.001,0.0001,0.0016,0.0012,0.0007,0.0069,0.0069,0.0041,0.0013,0.0009,0.0014,0.0007,0.0026,0.0018,0.0016,0.0038,0.0137,0.0082,0.0033,0.0036,0.0037,0.0016,0.0049,0.0062,0.0043,0.0169,0.0,0.0,0.01,0.01,0.01,0.01,0.01,0.01,0.01,0.01,0.01,0.01,0.01,0.01,0.01,0.01,0.01,0.01,0.01,0.01,0.01,0.01,0.01,0.01,0.01,0.01,0.01,0.01,0.01,0.01,0.01,0.01,0.01,0.01,0.01,0.01,0.01,0.01,0.01,0.01,0.01,0.01,0.01,0.01,0.01,0.01,0.01,0.01,0.01,0.01,0.01,0.01,0.01,0.01,0.01,0.01,0.01,0.01,0.01,0.01,0.01,0.01,0.01,0.01,0.01,0.01,0.01,0.01,0.01,0.01,0.01,0.01,0.01,0.01,0.01,0.01,0.01,0.01,0.01,0.01,0.01,0.01,0.01,0.01,0.01,0.01,0.01,0.01,0.01,0.01,0.01,0.01,0.01,0.01,0.01,0.01,0.01,0.01,0.01,0.01,0.01,0.01,0.01,0.01,0.01,0.01,0.01,0.01,0.01,0.01,0.01,0.01,0.01,0.01,0.01,0.01,0.01,0.01,0.01,0.01,0.01,0.01,0.01,0.01,0.01,0.01,0.01,0.01,0.01,0.01,0.01,0.01,0.01,0.01,0.01,0.01,0.01,0.01,0.01,0.01,0.01,0.01,0.01,0.01,0.01,0.01,0.01,0.01,0.01,0.01,0.01,0.01,0.01,0.01,0.01,0.01,0.01,0.01,0.01,0.01,0.01,0.01,0.01,0.01,0.01,0.01,0.01,0.01,0.01,0.01,0.01,0.01,0.01,0.01,0.01,0.01,0.01,0.01,0.01,0.01,0.01,0.01,0.01,0.01,0.01,0.01,0.01,0.01,0.01,0.01,0.01,0.01,0.01,0.01,0.01,0.01,0.01,0.01,0.01,0.01,0.01,0.01
vanilla,2,114000,107.22375283367,108.08578212501016,0.509925365447998,1.123887300491333,5,0.3033,0.7142,0.0157,0.011,0.0036,0.0048,0.0041,0.0021,0.0063,0.0068,0.0026,0.0144,0.0035,0.0027,0.0006,0.0013,0.0016,0.001,0.0038,0.0043,0.0011,0.008,0.0042,0.0047,0.0008,0.0012,0.0007,0.0003,0.0011,0.0014,0.001,0.0035,0.0057,0.006,0.0008,0.0007,0.0008,0.0002,0.0007,0.0011,0.0011,0.0046,0.0073,0.0041,0.0008,0.0004,0.0006,0.0001,0.0011,0.0008,0.0013,0.0042,0.0045,0.0041,0.0007,0.0002,0.0004,0.0003,0.0004,0.001,0.0008,0.0023,0.0038,0.0028,0.001,0.0007,0.0002,0.0002,0.0013,0.0008,0.0007,0.0032,0.0077,0.0064,0.0006,0.001,0.0008,0.0003,0.0014,0.0014,0.0008,0.0065,0.0073,0.0043,0.0009,0.0008,0.0013,0.0004,0.0024,0.0017,0.0013,0.003,0.0158,0.0106,0.0034,0.0034,0.0032,0.0015,0.007,0.0068,0.0031,0.0082,0.0,0.0,0.01,0.01,0.01,0.01,0.01,0.01,0.01,0.01,0.01,0.01,0.01,0.01,0.01,0.01,0.01,0.01,0.01,0.01,0.01,0.01,0.01,0.01,0.01,0.01,0.01,0.01,0.01,0.01,0.01,0.01,0.01,0.01,0.01,0.01,0.01,0.01,0.01,0.01,0.01,0.01,0.01,0.01,0.01,0.01,0.01,0.01,0.01,0.01,0.01,0.01,0.01,0.01,0.01,0.01,0.01,0.01,0.01,0.01,0.01,0.01,0.01,0.01,0.01,0.01,0.01,0.01,0.01,0.01,0.01,0.01,0.01,0.01,0.01,0.01,0.01,0.01,0.01,0.01,0.01,0.01,0.01,0.01,0.01,0.01,0.01,0.01,0.01,0.01,0.01,0.01,0.01,0.01,0.01,0.01,0.01,0.01,0.01,0.01,0.01,0.01,0.01,0.01,0.01,0.01,0.01,0.01,0.01,0.01,0.01,0.01,0.01,0.01,0.01,0.01,0.01,0.01,0.01,0.01,0.01,0.01,0.01,0.01,0.01,0.01,0.01,0.01,0.01,0.01,0.01,0.01,0.01,0.01,0.01,0.01,0.01,0.01,0.01,0.01,0.01,0.01,0.01,0.01,0.01,0.01,0.01,0.01,0.01,0.01,0.01,0.01,0.01,0.01,0.01,0.01,0.01,0.01,0.01,0.01,0.01,0.01,0.01,0.01,0.01,0.01,0.01,0.01,0.01,0.01,0.01,0.01,0.01,0.01,0.01,0.01,0.01,0.01,0.01,0.01,0.01,0.01,0.01,0.01,0.01,0.01,0.01,0.01,0.01,0.01,0.01,0.01,0.01,0.01,0.01,0.01,0.01,0.01,0.01,0.01,0.01,0.01
vanilla,2,115000,108.29116682964377,109.16808333410881,0.5190839767456055,1.1393457651138306,6,0.2946,0.7256,0.0163,0.0116,0.0036,0.0049,0.0035,0.0014,0.0056,0.0064,0.0026,0.0106,0.0039,0.0032,0.0006,0.0013,0.0013,0.0009,0.0029,0.0038,0.0011,0.0038,0.0043,0.0039,0.0012,0.0014,0.0006,0.0002,0.0012,0.0014,0.0009,0.004,0.0053,0.0053,0.0011,0.0004,0.0007,0.0003,0.0006,0.0016,0.001,0.0047,0.0066,0.0029,0.0007,0.0005,0.0008,0.0003,0.0012,0.001,0.0011,0.0046,0.0037,0.0043,0.0004,0.0002,0.0005,0.0004,0.0006,0.001,0.0004,0.0023,0.0037,0.0025,0.0008,0.0004,0.0005,0.0001,0.0006,0.0005,0.0005,0.0028,0.0068,0.0073,0.001,0.0011,0.0008,0.0003,0.0013,0.0009,0.0009,0.0063,0.0056,0.0041,0.001,0.0007,0.0009,0.0012,0.003,0.0014,0.0014,0.0047,0.0142,0.0108,0.003,0.0035,0.0041,0.0013,0.0061,0.0062,0.0027,0.0167,0.0,0.0,0.01,0.01,0.01,0.01,0.01,0.01,0.01,0.01,0.01,0.01,0.01,0.01,0.01,0.01,0.01,0.01,0.01,0.01,0.01,0.01,0.01,0.01,0.01,0.01,0.01,0.01,0.01,0.01,0.01,0.01,0.01,0.01,0.01,0.01,0.01,0.01,0.01,0.01,0.01,0.01,0.01,0.01,0.01,0.01,0.01,0.01,0.01,0.01,0.01,0.01,0.01,0.01,0.01,0.01,0.01,0.01,0.01,0.01,0.01,0.01,0.01,0.01,0.01,0.01,0.01,0.01,0.01,0.01,0.01,0.01,0.01,0.01,0.01,0.01,0.01,0.01,0.01,0.01,0.01,0.01,0.01,0.01,0.01,0.01,0.01,0.01,0.01,0.01,0.01,0.01,0.01,0.01,0.01,0.01,0.01,0.01,0.01,0.01,0.01,0.01,0.01,0.01,0.01,0.01,0.01,0.01,0.01,0.01,0.01,0.01,0.01,0.01,0.01,0.01,0.01,0.01,0.01,0.01,0.01,0.01,0.01,0.01,0.01,0.01,0.01,0.01,0.01,0.01,0.01,0.01,0.01,0.01,0.01,0.01,0.01,0.01,0.01,0.01,0.01,0.01,0.01,0.01,0.01,0.01,0.01,0.01,0.01,0.01,0.01,0.01,0.01,0.01,0.01,0.01,0.01,0.01,0.01,0.01,0.01,0.01,0.01,0.01,0.01,0.01,0.01,0.01,0.01,0.01,0.01,0.01,0.01,0.01,0.01,0.01,0.01,0.01,0.01,0.01,0.01,0.01,0.01,0.01,0.01,0.01,0.01,0.01,0.01,0.01,0.01,0.01,0.01,0.01,0.01,0.01,0.01,0.01,0.01,0.01,0.01,0.01
vanilla,2,116000,109.24864575627726,110.13650441705249,0.49872520565986633,1.0660079717636108,4,0.27849999999999997,0.7421,0.014,0.0088,0.0037,0.0046,0.0043,0.0014,0.0046,0.0057,0.0037,0.0145,0.0037,0.001,0.001,0.0014,0.0015,0.0007,0.0023,0.005,0.0023,0.0025,0.004,0.001,0.0013,0.0011,0.0007,0.0001,0.0006,0.0012,0.001,0.0023,0.0046,0.0033,0.0012,0.0004,0.0005,0.0004,0.0007,0.0007,0.0005,0.004,0.007,0.002,0.0009,0.0007,0.0006,0.0003,0.0004,0.0011,0.001,0.0039,0.0037,0.0036,0.0008,0.0003,0.0002,0.0001,0.0005,0.0011,0.001,0.0018,0.0029,0.0027,0.0011,0.0004,0.0007,0.0003,0.0004,0.0008,0.0006,0.0026,0.0078,0.006,0.0012,0.0011,0.0007,0.0004,0.001,0.0012,0.0006,0.0058,0.0059,0.0029,0.0013,0.0011,0.0015,0.0015,0.0022,0.0022,0.0019,0.0034,0.0144,0.0097,0.0031,0.0033,0.0035,0.0016,0.0053,0.0062,0.0042,0.0177,0.0,0.0,0.01,0.01,0.01,0.01,0.01,0.01,0.01,0.01,0.01,0.01,0.01,0.01,0.01,0.01,0.01,0.01,0.01,0.01,0.01,0.01,0.01,0.01,0.01,0.01,0.01,0.01,0.01,0.01,0.01,0.01,0.01,0.01,0.01,0.01,0.01,0.01,0.01,0.01,0.01,0.01,0.01,0.01,0.01,0.01,0.01,0.01,0.01,0.01,0.01,0.01,0.01,0.01,0.01,0.01,0.01,0.01,0.01,0.01,0.01,0.01,0.01,0.01,0.01,0.01,0.01,0.01,0.01,0.01,0.01,0.01,0.01,0.01,0.01,0.01,0.01,0.01,0.01,0.01,0.01,0.01,0.01,0.01,0.01,0.01,0.01,0.01,0.01,0.01,0.01,0.01,0.01,0.01,0.01,0.01,0.01,0.01,0.01,0.01,0.01,0.01,0.01,0.01,0.01,0.01,0.01,0.01,0.01,0.01,0.01,0.01,0.01,0.01,0.01,0.01,0.01,0.01,0.01,0.01,0.01,0.01,0.01,0.01,0.01,0.01,0.01,0.01,0.01,0.01,0.01,0.01,0.01,0.01,0.01,0.01,0.01,0.01,0.01,0.01,0.01,0.01,0.01,0.01,0.01,0.01,0.01,0.01,0.01,0.01,0.01,0.01,0.01,0.01,0.01,0.01,0.01,0.01,0.01,0.01,0.01,0.01,0.01,0.01,0.01,0.01,0.01,0.01,0.01,0.01,0.01,0.01,0.01,0.01,0.01,0.01,0.01,0.01,0.01,0.01,0.01,0.01,0.01,0.01,0.01,0.01,0.01,0.01,0.01,0.01,0.01,0.01,0.01,0.01,0.01,0.01,0.01,0.01,0.01,0.01,0.01,0.01
vanilla,2,117000,110.20093475258909,111.10022491705604,0.4725281596183777,1.157580852508545,4,0.2854000000000001,0.7261,0.01,0.0111,0.0031,0.0037,0.003,0.0018,0.0051,0.0062,0.0029,0.0099,0.0031,0.003,0.0006,0.0008,0.001,0.0006,0.0021,0.0038,0.0013,0.0031,0.0053,0.0042,0.001,0.0008,0.0003,0.0001,0.001,0.0009,0.0011,0.0042,0.0054,0.0076,0.0011,0.0001,0.0005,0.0003,0.0009,0.0014,0.0006,0.0049,0.0083,0.0038,0.0008,0.0007,0.0008,0.0001,0.0012,0.0008,0.001,0.0043,0.0048,0.0035,0.0006,0.0004,0.0005,0.0002,0.0006,0.0012,0.0004,0.0021,0.0043,0.0031,0.0008,0.0002,0.0005,0.0001,0.0009,0.0008,0.0008,0.0038,0.008,0.0067,0.0011,0.0005,0.0004,0.0003,0.002,0.0011,0.001,0.0064,0.0075,0.0049,0.0015,0.0008,0.0012,0.001,0.0027,0.0019,0.0019,0.0052,0.0129,0.0082,0.0025,0.0023,0.0027,0.001,0.0051,0.0046,0.0032,0.0175,0.0,0.0,0.01,0.01,0.01,0.01,0.01,0.01,0.01,0.01,0.01,0.01,0.01,0.01,0.01,0.01,0.01,0.01,0.01,0.01,0.01,0.01,0.01,0.01,0.01,0.01,0.01,0.01,0.01,0.01,0.01,0.01,0.01,0.01,0.01,0.01,0.01,0.01,0.01,0.01,0.01,0.01,0.01,0.01,0.01,0.01,0.01,0.01,0.01,0.01,0.01,0.01,0.01,0.01,0.01,0.01,0.01,0.01,0.01,0.01,0.01,0.01,0.01,0.01,0.01,0.01,0.01,0.01,0.01,0.01,0.01,0.01,0.01,0.01,0.01,0.01,0.01,0.01,0.01,0.01,0.01,0.01,0.01,0.01,0.01,0.01,0.01,0.01,0.01,0.01,0.01,0.01,0.01,0.01,0.01,0.01,0.01,0.01,0.01,0.01,0.01,0.01,0.01,0.01,0.01,0.01,0.01,0.01,0.01,0.01,0.01,0.01,0.01,0.01,0.01,0.01,0.01,0.01,0.01,0.01,0.01,0.01,0.01,0.01,0.01,0.01,0.01,0.01,0.01,0.01,0.01,0.01,0.01,0.01,0.01,0.01,0.01,0.01,0.01,0.01,0.01,0.01,0.01,0.01,0.01,0.01,0.01,0.01,0.01,0.01,0.01,0.01,0.01,0.01,0.01,0.01,0.01,0.01,0.01,0.01,0.01,0.01,0.01,0.01,0.01,0.01,0.01,0.01,0.01,0.01,0.01,0.01,0.01,0.01,0.01,0.01,0.01,0.01,0.01,0.01,0.01,0.01,0.01,0.01,0.01,0.01,0.01,0.01,0.01,0.01,0.01,0.01,0.01,0.01,0.01,0.01,0.01,0.01,0.01,0.01,0.01,0.01
vanilla,2,118000,111.13934186380357,112.05170420906506,0.553708553314209,1.2237895727157593,4,0.2964,0.7215,0.0097,0.0105,0.0039,0.0043,0.0039,0.002,0.0055,0.007,0.0033,0.0156,0.0034,0.0029,0.0011,0.0019,0.0021,0.0013,0.004,0.0058,0.0019,0.0071,0.0045,0.0033,0.0015,0.0009,0.001,0.0,0.001,0.0011,0.001,0.0041,0.0048,0.0043,0.0012,0.0003,0.0007,0.0004,0.0006,0.0005,0.0005,0.0056,0.0079,0.0027,0.0013,0.0007,0.0006,0.0004,0.0005,0.0012,0.0009,0.0041,0.0044,0.004,0.0008,0.0005,0.0001,0.0002,0.0003,0.001,0.0003,0.0026,0.004,0.0027,0.0008,0.0003,0.0005,0.0001,0.0002,0.0005,0.0011,0.0028,0.0078,0.0072,0.0016,0.0013,0.0008,0.0004,0.0008,0.0011,0.0007,0.0064,0.0059,0.0024,0.0014,0.001,0.001,0.0009,0.0015,0.0018,0.0011,0.0023,0.014,0.0084,0.0027,0.0036,0.0038,0.0013,0.0044,0.006,0.005,0.0178,0.0,0.0,0.01,0.01,0.01,0.01,0.01,0.01,0.01,0.01,0.01,0.01,0.01,0.01,0.01,0.01,0.01,0.01,0.01,0.01,0.01,0.01,0.01,0.01,0.01,0.01,0.01,0.01,0.01,0.01,0.01,0.01,0.01,0.01,0.01,0.01,0.01,0.01,0.01,0.01,0.01,0.01,0.01,0.01,0.01,0.01,0.01,0.01,0.01,0.01,0.01,0.01,0.01,0.01,0.01,0.01,0.01,0.01,0.01,0.01,0.01,0.01,0.01,0.01,0.01,0.01,0.01,0.01,0.01,0.01,0.01,0.01,0.01,0.01,0.01,0.01,0.01,0.01,0.01,0.01,0.01,0.01,0.01,0.01,0.01,0.01,0.01,0.01,0.01,0.01,0.01,0.01,0.01,0.01,0.01,0.01,0.01,0.01,0.01,0.01,0.01,0.01,0.01,0.01,0.01,0.01,0.01,0.01,0.01,0.01,0.01,0.01,0.01,0.01,0.01,0.01,0.01,0.01,0.01,0.01,0.01,0.01,0.01,0.01,0.01,0.01,0.01,0.01,0.01,0.01,0.01,0.01,0.01,0.01,0.01,0.01,0.01,0.01,0.01,0.01,0.01,0.01,0.01,0.01,0.01,0.01,0.01,0.01,0.01,0.01,0.01,0.01,0.01,0.01,0.01,0.01,0.01,0.01,0.01,0.01,0.01,0.01,0.01,0.01,0.01,0.01,0.01,0.01,0.01,0.01,0.01,0.01,0.01,0.01,0.01,0.01,0.01,0.01,0.01,0.01,0.01,0.01,0.01,0.01,0.01,0.01,0.01,0.01,0.01,0.01,0.01,0.01,0.01,0.01,0.01,0.01,0.01,0.01,0.01,0.01,0.01,0.01
vanilla,2,119000,112.10998974496033,113.03346845903434,0.512799084186554,1.0820717811584473,5,0.30999999999999994,0.7115,0.0136,0.0125,0.0024,0.0048,0.0037,0.0015,0.0056,0.0082,0.0025,0.016,0.0034,0.0038,0.0007,0.0019,0.0022,0.0009,0.0047,0.0059,0.0021,0.0088,0.0046,0.0048,0.0012,0.0007,0.0007,0.0004,0.001,0.0008,0.0007,0.0035,0.0056,0.0058,0.001,0.0005,0.0009,0.0004,0.0006,0.001,0.0008,0.0058,0.007,0.0032,0.0006,0.0009,0.0005,0.0001,0.0007,0.0011,0.0009,0.0045,0.0044,0.0042,0.0007,0.0003,0.0002,0.0001,0.0008,0.001,0.0007,0.0029,0.0042,0.0034,0.0009,0.0003,0.0003,0.0003,0.0005,0.0005,0.0012,0.0033,0.0077,0.0078,0.0005,0.0011,0.0006,0.0008,0.0009,0.0018,0.0007,0.0061,0.006,0.0036,0.0013,0.0007,0.0012,0.0008,0.002,0.0017,0.0009,0.0023,0.0142,0.0099,0.0033,0.0033,0.0031,0.0014,0.0054,0.0064,0.0036,0.0152,0.0,0.0,0.01,0.01,0.01,0.01,0.01,0.01,0.01,0.01,0.01,0.01,0.01,0.01,0.01,0.01,0.01,0.01,0.01,0.01,0.01,0.01,0.01,0.01,0.01,0.01,0.01,0.01,0.01,0.01,0.01,0.01,0.01,0.01,0.01,0.01,0.01,0.01,0.01,0.01,0.01,0.01,0.01,0.01,0.01,0.01,0.01,0.01,0.01,0.01,0.01,0.01,0.01,0.01,0.01,0.01,0.01,0.01,0.01,0.01,0.01,0.01,0.01,0.01,0.01,0.01,0.01,0.01,0.01,0.01,0.01,0.01,0.01,0.01,0.01,0.01,0.01,0.01,0.01,0.01,0.01,0.01,0.01,0.01,0.01,0.01,0.01,0.01,0.01,0.01,0.01,0.01,0.01,0.01,0.01,0.01,0.01,0.01,0.01,0.01,0.01,0.01,0.01,0.01,0.01,0.01,0.01,0.01,0.01,0.01,0.01,0.01,0.01,0.01,0.01,0.01,0.01,0.01,0.01,0.01,0.01,0.01,0.01,0.01,0.01,0.01,0.01,0.01,0.01,0.01,0.01,0.01,0.01,0.01,0.01,0.01,0.01,0.01,0.01,0.01,0.01,0.01,0.01,0.01,0.01,0.01,0.01,0.01,0.01,0.01,0.01,0.01,0.01,0.01,0.01,0.01,0.01,0.01,0.01,0.01,0.01,0.01,0.01,0.01,0.01,0.01,0.01,0.01,0.01,0.01,0.01,0.01,0.01,0.01,0.01,0.01,0.01,0.01,0.01,0.01,0.01,0.01,0.01,0.01,0.01,0.01,0.01,0.01,0.01,0.01,0.01,0.01,0.01,0.01,0.01,0.01,0.01,0.01,0.01,0.01,0.01,0.01
vanilla,2,120000,113.04273168521468,113.9783716670936,0.5342254042625427,1.1713786125183105,5,0.3156,0.7091000000000001,0.0164,0.0132,0.0032,0.0042,0.0037,0.002,0.0061,0.0081,0.0031,0.0145,0.0037,0.0045,0.0011,0.0015,0.0028,0.0011,0.0047,0.0059,0.0015,0.0081,0.005,0.0056,0.001,0.0007,0.0009,0.0003,0.001,0.0009,0.0008,0.0036,0.005,0.0059,0.0008,0.0007,0.0008,0.0002,0.0008,0.0009,0.0011,0.0059,0.006,0.004,0.0013,0.0007,0.0004,0.0002,0.0007,0.0009,0.0008,0.0052,0.0033,0.0038,0.0004,0.0004,0.0003,0.0002,0.0002,0.0009,0.0006,0.0023,0.0041,0.003,0.0005,0.0005,0.0005,0.0002,0.0005,0.0003,0.001,0.0037,0.0077,0.0067,0.0007,0.0008,0.0004,0.0008,0.0009,0.0017,0.0008,0.0068,0.0062,0.0029,0.0011,0.0006,0.0011,0.0011,0.0027,0.0021,0.0014,0.0029,0.0142,0.0097,0.0028,0.0032,0.0039,0.0016,0.0056,0.0063,0.0043,0.0164,0.0,0.0,0.01,0.01,0.01,0.01,0.01,0.01,0.01,0.01,0.01,0.01,0.01,0.01,0.01,0.01,0.01,0.01,0.01,0.01,0.01,0.01,0.01,0.01,0.01,0.01,0.01,0.01,0.01,0.01,0.01,0.01,0.01,0.01,0.01,0.01,0.01,0.01,0.01,0.01,0.01,0.01,0.01,0.01,0.01,0.01,0.01,0.01,0.01,0.01,0.01,0.01,0.01,0.01,0.01,0.01,0.01,0.01,0.01,0.01,0.01,0.01,0.01,0.01,0.01,0.01,0.01,0.01,0.01,0.01,0.01,0.01,0.01,0.01,0.01,0.01,0.01,0.01,0.01,0.01,0.01,0.01,0.01,0.01,0.01,0.01,0.01,0.01,0.01,0.01,0.01,0.01,0.01,0.01,0.01,0.01,0.01,0.01,0.01,0.01,0.01,0.01,0.01,0.01,0.01,0.01,0.01,0.01,0.01,0.01,0.01,0.01,0.01,0.01,0.01,0.01,0.01,0.01,0.01,0.01,0.01,0.01,0.01,0.01,0.01,0.01,0.01,0.01,0.01,0.01,0.01,0.01,0.01,0.01,0.01,0.01,0.01,0.01,0.01,0.01,0.01,0.01,0.01,0.01,0.01,0.01,0.01,0.01,0.01,0.01,0.01,0.01,0.01,0.01,0.01,0.01,0.01,0.01,0.01,0.01,0.01,0.01,0.01,0.01,0.01,0.01,0.01,0.01,0.01,0.01,0.01,0.01,0.01,0.01,0.01,0.01,0.01,0.01,0.01,0.01,0.01,0.01,0.01,0.01,0.01,0.01,0.01,0.01,0.01,0.01,0.01,0.01,0.01,0.01,0.01,0.01,0.01,0.01,0.01,0.01,0.01,0.01
vanilla,2,121000,113.99653763824608,114.94367716705892,0.518445611000061,1.164569616317749,6,0.3105,0.7115,0.0154,0.0115,0.0031,0.0041,0.0034,0.0015,0.0066,0.0074,0.0033,0.0147,0.0039,0.004,0.0009,0.0016,0.0017,0.0003,0.003,0.0053,0.0018,0.0065,0.0044,0.0043,0.0009,0.0007,0.0006,0.0003,0.001,0.0006,0.0009,0.0039,0.0056,0.0061,0.0008,0.0005,0.0005,0.0001,0.001,0.0014,0.0012,0.006,0.0064,0.0042,0.0008,0.0007,0.0007,0.0004,0.0008,0.0012,0.0013,0.0049,0.0036,0.0043,0.0004,0.0003,0.0005,0.0001,0.0006,0.0008,0.0004,0.0027,0.0036,0.0033,0.0006,0.0005,0.0005,0.0001,0.0004,0.0006,0.0009,0.0034,0.0072,0.0083,0.0008,0.0009,0.0007,0.0004,0.0009,0.0014,0.0013,0.007,0.0053,0.0043,0.0015,0.001,0.001,0.0011,0.0034,0.0021,0.001,0.0032,0.0128,0.0103,0.003,0.0034,0.0035,0.0024,0.005,0.0065,0.0037,0.0173,0.0,0.0,0.01,0.01,0.01,0.01,0.01,0.01,0.01,0.01,0.01,0.01,0.01,0.01,0.01,0.01,0.01,0.01,0.01,0.01,0.01,0.01,0.01,0.01,0.01,0.01,0.01,0.01,0.01,0.01,0.01,0.01,0.01,0.01,0.01,0.01,0.01,0.01,0.01,0.01,0.01,0.01,0.01,0.01,0.01,0.01,0.01,0.01,0.01,0.01,0.01,0.01,0.01,0.01,0.01,0.01,0.01,0.01,0.01,0.01,0.01,0.01,0.01,0.01,0.01,0.01,0.01,0.01,0.01,0.01,0.01,0.01,0.01,0.01,0.01,0.01,0.01,0.01,0.01,0.01,0.01,0.01,0.01,0.01,0.01,0.01,0.01,0.01,0.01,0.01,0.01,0.01,0.01,0.01,0.01,0.01,0.01,0.01,0.01,0.01,0.01,0.01,0.01,0.01,0.01,0.01,0.01,0.01,0.01,0.01,0.01,0.01,0.01,0.01,0.01,0.01,0.01,0.01,0.01,0.01,0.01,0.01,0.01,0.01,0.01,0.01,0.01,0.01,0.01,0.01,0.01,0.01,0.01,0.01,0.01,0.01,0.01,0.01,0.01,0.01,0.01,0.01,0.01,0.01,0.01,0.01,0.01,0.01,0.01,0.01,0.01,0.01,0.01,0.01,0.01,0.01,0.01,0.01,0.01,0.01,0.01,0.01,0.01,0.01,0.01,0.01,0.01,0.01,0.01,0.01,0.01,0.01,0.01,0.01,0.01,0.01,0.01,0.01,0.01,0.01,0.01,0.01,0.01,0.01,0.01,0.01,0.01,0.01,0.01,0.01,0.01,0.01,0.01,0.01,0.01,0.01,0.01,0.01,0.01,0.01,0.01,0.01
vanilla,2,122000,114.95702451711986,115.91620162501931,0.5210953950881958,1.091154932975769,6,0.3033,0.7195,0.0156,0.0115,0.0035,0.0044,0.0036,0.0017,0.0056,0.0067,0.0036,0.0134,0.0033,0.0031,0.0009,0.0009,0.0011,0.0001,0.0019,0.0039,0.0024,0.0049,0.0055,0.0044,0.0017,0.0009,0.0007,0.0003,0.0013,0.0007,0.0008,0.003,0.006,0.0065,0.0012,0.0004,0.0007,0.0002,0.0009,0.0008,0.0011,0.005,0.0079,0.0039,0.0007,0.0006,0.0008,0.0002,0.0006,0.001,0.0009,0.0046,0.0038,0.004,0.0005,0.0001,0.0005,0.0003,0.0006,0.001,0.0006,0.0027,0.0041,0.0031,0.0008,0.0005,0.0002,0.0002,0.0001,0.0005,0.0007,0.0029,0.0075,0.0069,0.0008,0.0005,0.0007,0.0005,0.0009,0.0008,0.0005,0.006,0.0075,0.0047,0.0011,0.001,0.0012,0.001,0.0032,0.002,0.0016,0.0027,0.0145,0.0105,0.003,0.0033,0.0033,0.0019,0.0048,0.0061,0.0049,0.0173,0.0,0.0,0.01,0.01,0.01,0.01,0.01,0.01,0.01,0.01,0.01,0.01,0.01,0.01,0.01,0.01,0.01,0.01,0.01,0.01,0.01,0.01,0.01,0.01,0.01,0.01,0.01,0.01,0.01,0.01,0.01,0.01,0.01,0.01,0.01,0.01,0.01,0.01,0.01,0.01,0.01,0.01,0.01,0.01,0.01,0.01,0.01,0.01,0.01,0.01,0.01,0.01,0.01,0.01,0.01,0.01,0.01,0.01,0.01,0.01,0.01,0.01,0.01,0.01,0.01,0.01,0.01,0.01,0.01,0.01,0.01,0.01,0.01,0.01,0.01,0.01,0.01,0.01,0.01,0.01,0.01,0.01,0.01,0.01,0.01,0.01,0.01,0.01,0.01,0.01,0.01,0.01,0.01,0.01,0.01,0.01,0.01,0.01,0.01,0.01,0.01,0.01,0.01,0.01,0.01,0.01,0.01,0.01,0.01,0.01,0.01,0.01,0.01,0.01,0.01,0.01,0.01,0.01,0.01,0.01,0.01,0.01,0.01,0.01,0.01,0.01,0.01,0.01,0.01,0.01,0.01,0.01,0.01,0.01,0.01,0.01,0.01,0.01,0.01,0.01,0.01,0.01,0.01,0.01,0.01,0.01,0.01,0.01,0.01,0.01,0.01,0.01,0.01,0.01,0.01,0.01,0.01,0.01,0.01,0.01,0.01,0.01,0.01,0.01,0.01,0.01,0.01,0.01,0.01,0.01,0.01,0.01,0.01,0.01,0.01,0.01,0.01,0.01,0.01,0.01,0.01,0.01,0.01,0.01,0.01,0.01,0.01,0.01,0.01,0.01,0.01,0.01,0.01,0.01,0.01,0.01,0.01,0.01,0.01,0.01,0.01,0.01
vanilla,2,123000,115.91997749684379,116.8908650840167,0.5180556178092957,1.157647967338562,6,0.3227,0.7049000000000001,0.0163,0.0127,0.0035,0.0042,0.0039,0.0018,0.0065,0.0065,0.0027,0.0151,0.004,0.0043,0.0011,0.0021,0.0019,0.0013,0.0039,0.0044,0.0021,0.0075,0.0046,0.0054,0.001,0.0007,0.0008,0.0002,0.0008,0.0007,0.0011,0.0035,0.0063,0.006,0.0013,0.0009,0.0006,0.0004,0.0008,0.0011,0.001,0.0057,0.0062,0.0044,0.0009,0.0008,0.0006,0.0002,0.0011,0.0011,0.0012,0.0045,0.0042,0.004,0.0001,0.0004,0.0002,0.0003,0.0004,0.0014,0.0004,0.0023,0.004,0.0029,0.0009,0.0007,0.0004,0.0003,0.0004,0.0006,0.0009,0.0029,0.0083,0.0075,0.0007,0.0011,0.0006,0.0006,0.0011,0.0009,0.0008,0.0065,0.0067,0.0043,0.0009,0.0009,0.0017,0.0008,0.0031,0.0026,0.0015,0.004,0.0141,0.0108,0.0026,0.0031,0.0032,0.0018,0.0063,0.006,0.0042,0.0186,0.0,0.0,0.01,0.01,0.01,0.01,0.01,0.01,0.01,0.01,0.01,0.01,0.01,0.01,0.01,0.01,0.01,0.01,0.01,0.01,0.01,0.01,0.01,0.01,0.01,0.01,0.01,0.01,0.01,0.01,0.01,0.01,0.01,0.01,0.01,0.01,0.01,0.01,0.01,0.01,0.01,0.01,0.01,0.01,0.01,0.01,0.01,0.01,0.01,0.01,0.01,0.01,0.01,0.01,0.01,0.01,0.01,0.01,0.01,0.01,0.01,0.01,0.01,0.01,0.01,0.01,0.01,0.01,0.01,0.01,0.01,0.01,0.01,0.01,0.01,0.01,0.01,0.01,0.01,0.01,0.01,0.01,0.01,0.01,0.01,0.01,0.01,0.01,0.01,0.01,0.01,0.01,0.01,0.01,0.01,0.01,0.01,0.01,0.01,0.01,0.01,0.01,0.01,0.01,0.01,0.01,0.01,0.01,0.01,0.01,0.01,0.01,0.01,0.01,0.01,0.01,0.01,0.01,0.01,0.01,0.01,0.01,0.01,0.01,0.01,0.01,0.01,0.01,0.01,0.01,0.01,0.01,0.01,0.01,0.01,0.01,0.01,0.01,0.01,0.01,0.01,0.01,0.01,0.01,0.01,0.01,0.01,0.01,0.01,0.01,0.01,0.01,0.01,0.01,0.01,0.01,0.01,0.01,0.01,0.01,0.01,0.01,0.01,0.01,0.01,0.01,0.01,0.01,0.01,0.01,0.01,0.01,0.01,0.01,0.01,0.01,0.01,0.01,0.01,0.01,0.01,0.01,0.01,0.01,0.01,0.01,0.01,0.01,0.01,0.01,0.01,0.01,0.01,0.01,0.01,0.01,0.01,0.01,0.01,0.01,0.01,0.01
vanilla,2,124000,116.8678155275993,117.8501196251018,0.5320401191711426,1.1826149225234985,6,0.3071999999999999,0.7118,0.0147,0.0117,0.0029,0.0044,0.0032,0.0018,0.0063,0.006,0.003,0.0154,0.0031,0.0036,0.0007,0.0012,0.0008,0.0005,0.0023,0.0044,0.002,0.0064,0.0051,0.0053,0.0017,0.0011,0.001,0.0003,0.0017,0.0013,0.001,0.0037,0.0055,0.0069,0.0008,0.0007,0.0009,0.0003,0.0009,0.0011,0.0009,0.0053,0.0083,0.0033,0.001,0.0007,0.0008,0.0001,0.0007,0.0013,0.0011,0.004,0.004,0.0038,0.0003,0.0005,0.0004,0.0004,0.0006,0.0016,0.0002,0.0028,0.0035,0.0035,0.0012,0.0002,0.0008,0.0004,0.0009,0.0008,0.0009,0.0031,0.0068,0.0061,0.0008,0.0009,0.0007,0.0001,0.0017,0.0008,0.0006,0.0066,0.0073,0.0052,0.0011,0.001,0.0019,0.0008,0.0032,0.0021,0.0016,0.004,0.0148,0.0102,0.0025,0.003,0.003,0.0012,0.0064,0.0064,0.0031,0.0122,0.0,0.0,0.01,0.01,0.01,0.01,0.01,0.01,0.01,0.01,0.01,0.01,0.01,0.01,0.01,0.01,0.01,0.01,0.01,0.01,0.01,0.01,0.01,0.01,0.01,0.01,0.01,0.01,0.01,0.01,0.01,0.01,0.01,0.01,0.01,0.01,0.01,0.01,0.01,0.01,0.01,0.01,0.01,0.01,0.01,0.01,0.01,0.01,0.01,0.01,0.01,0.01,0.01,0.01,0.01,0.01,0.01,0.01,0.01,0.01,0.01,0.01,0.01,0.01,0.01,0.01,0.01,0.01,0.01,0.01,0.01,0.01,0.01,0.01,0.01,0.01,0.01,0.01,0.01,0.01,0.01,0.01,0.01,0.01,0.01,0.01,0.01,0.01,0.01,0.01,0.01,0.01,0.01,0.01,0.01,0.01,0.01,0.01,0.01,0.01,0.01,0.01,0.01,0.01,0.01,0.01,0.01,0.01,0.01,0.01,0.01,0.01,0.01,0.01,0.01,0.01,0.01,0.01,0.01,0.01,0.01,0.01,0.01,0.01,0.01,0.01,0.01,0.01,0.01,0.01,0.01,0.01,0.01,0.01,0.01,0.01,0.01,0.01,0.01,0.01,0.01,0.01,0.01,0.01,0.01,0.01,0.01,0.01,0.01,0.01,0.01,0.01,0.01,0.01,0.01,0.01,0.01,0.01,0.01,0.01,0.01,0.01,0.01,0.01,0.01,0.01,0.01,0.01,0.01,0.01,0.01,0.01,0.01,0.01,0.01,0.01,0.01,0.01,0.01,0.01,0.01,0.01,0.01,0.01,0.01,0.01,0.01,0.01,0.01,0.01,0.01,0.01,0.01,0.01,0.01,0.01,0.01,0.01,0.01,0.01,0.01,0.01
vanilla,2,125000,117.83005351223983,118.8251333340304,0.5866272449493408,1.3645970821380615,6,0.3015,0.7185000000000001,0.0121,0.0114,0.0033,0.0036,0.0033,0.0018,0.0058,0.0064,0.0027,0.0149,0.0036,0.0032,0.0009,0.001,0.0007,0.0003,0.0022,0.0032,0.0015,0.0056,0.0053,0.0046,0.0015,0.0012,0.0008,0.0002,0.0016,0.0014,0.0011,0.0039,0.0053,0.0058,0.001,0.0003,0.0013,0.0001,0.0009,0.001,0.0007,0.0048,0.0076,0.0031,0.001,0.0007,0.0007,0.0002,0.0009,0.0013,0.0011,0.004,0.0043,0.0033,0.0002,0.0005,0.0005,0.0001,0.0004,0.0012,0.0006,0.0023,0.0035,0.0036,0.0007,0.0005,0.0008,0.0003,0.0003,0.0011,0.001,0.0037,0.0078,0.0076,0.0006,0.0007,0.0005,0.0,0.0012,0.001,0.001,0.008,0.0055,0.0041,0.001,0.001,0.0014,0.001,0.0041,0.0023,0.0013,0.0024,0.0148,0.0108,0.0026,0.0032,0.0036,0.0015,0.0062,0.0069,0.0036,0.016,0.0,0.0,0.01,0.01,0.01,0.01,0.01,0.01,0.01,0.01,0.01,0.01,0.01,0.01,0.01,0.01,0.01,0.01,0.01,0.01,0.01,0.01,0.01,0.01,0.01,0.01,0.01,0.01,0.01,0.01,0.01,0.01,0.01,0.01,0.01,0.01,0.01,0.01,0.01,0.01,0.01,0.01,0.01,0.01,0.01,0.01,0.01,0.01,0.01,0.01,0.01,0.01,0.01,0.01,0.01,0.01,0.01,0.01,0.01,0.01,0.01,0.01,0.01,0.01,0.01,0.01,0.01,0.01,0.01,0.01,0.01,0.01,0.01,0.01,0.01,0.01,0.01,0.01,0.01,0.01,0.01,0.01,0.01,0.01,0.01,0.01,0.01,0.01,0.01,0.01,0.01,0.01,0.01,0.01,0.01,0.01,0.01,0.01,0.01,0.01,0.01,0.01,0.01,0.01,0.01,0.01,0.01,0.01,0.01,0.01,0.01,0.01,0.01,0.01,0.01,0.01,0.01,0.01,0.01,0.01,0.01,0.01,0.01,0.01,0.01,0.01,0.01,0.01,0.01,0.01,0.01,0.01,0.01,0.01,0.01,0.01,0.01,0.01,0.01,0.01,0.01,0.01,0.01,0.01,0.01,0.01,0.01,0.01,0.01,0.01,0.01,0.01,0.01,0.01,0.01,0.01,0.01,0.01,0.01,0.01,0.01,0.01,0.01,0.01,0.01,0.01,0.01,0.01,0.01,0.01,0.01,0.01,0.01,0.01,0.01,0.01,0.01,0.01,0.01,0.01,0.01,0.01,0.01,0.01,0.01,0.01,0.01,0.01,0.01,0.01,0.01,0.01,0.01,0.01,0.01,0.01,0.01,0.01,0.01,0.01,0.01,0.01
vanilla,2,126000,118.7832274014363,119.78959450009279,0.46981871128082275,1.1105732917785645,6,0.3146,0.7136,0.0139,0.0114,0.0032,0.0035,0.0039,0.0015,0.0058,0.0064,0.0037,0.0177,0.0035,0.0031,0.0008,0.001,0.0014,0.0005,0.0023,0.004,0.0025,0.0067,0.005,0.0054,0.0015,0.0009,0.0007,0.0003,0.0015,0.0018,0.0009,0.0039,0.0054,0.0063,0.0013,0.0004,0.0011,0.0,0.0009,0.0011,0.0004,0.0049,0.0077,0.0035,0.001,0.0006,0.0008,0.0002,0.0004,0.0007,0.001,0.0045,0.0047,0.0041,0.0008,0.0005,0.0002,0.0003,0.0003,0.0005,0.0005,0.0024,0.0042,0.0032,0.0011,0.0003,0.0008,0.0001,0.0009,0.0009,0.0006,0.0031,0.0072,0.006,0.0005,0.0003,0.0003,0.0002,0.0008,0.0008,0.0009,0.0071,0.0069,0.0047,0.0012,0.0013,0.0015,0.0009,0.0035,0.0023,0.0021,0.0036,0.015,0.0111,0.0022,0.003,0.0037,0.0017,0.0049,0.0066,0.0048,0.0191,0.0,0.0,0.01,0.01,0.01,0.01,0.01,0.01,0.01,0.01,0.01,0.01,0.01,0.01,0.01,0.01,0.01,0.01,0.01,0.01,0.01,0.01,0.01,0.01,0.01,0.01,0.01,0.01,0.01,0.01,0.01,0.01,0.01,0.01,0.01,0.01,0.01,0.01,0.01,0.01,0.01,0.01,0.01,0.01,0.01,0.01,0.01,0.01,0.01,0.01,0.01,0.01,0.01,0.01,0.01,0.01,0.01,0.01,0.01,0.01,0.01,0.01,0.01,0.01,0.01,0.01,0.01,0.01,0.01,0.01,0.01,0.01,0.01,0.01,0.01,0.01,0.01,0.01,0.01,0.01,0.01,0.01,0.01,0.01,0.01,0.01,0.01,0.01,0.01,0.01,0.01,0.01,0.01,0.01,0.01,0.01,0.01,0.01,0.01,0.01,0.01,0.01,0.01,0.01,0.01,0.01,0.01,0.01,0.01,0.01,0.01,0.01,0.01,0.01,0.01,0.01,0.01,0.01,0.01,0.01,0.01,0.01,0.01,0.01,0.01,0.01,0.01,0.01,0.01,0.01,0.01,0.01,0.01,0.01,0.01,0.01,0.01,0.01,0.01,0.01,0.01,0.01,0.01,0.01,0.01,0.01,0.01,0.01,0.01,0.01,0.01,0.01,0.01,0.01,0.01,0.01,0.01,0.01,0.01,0.01,0.01,0.01,0.01,0.01,0.01,0.01,0.01,0.01,0.01,0.01,0.01,0.01,0.01,0.01,0.01,0.01,0.01,0.01,0.01,0.01,0.01,0.01,0.01,0.01,0.01,0.01,0.01,0.01,0.01,0.01,0.01,0.01,0.01,0.01,0.01,0.01,0.01,0.01,0.01,0.01,0.01,0.01
vanilla,2,127000,119.74288287560921,120.76070883404464,0.5069174766540527,1.2064599990844727,6,0.3217000000000001,0.7048,0.0165,0.0118,0.0031,0.004,0.0037,0.0018,0.0064,0.007,0.0025,0.015,0.0044,0.0053,0.0013,0.0024,0.0031,0.0011,0.0052,0.006,0.0013,0.0064,0.0042,0.0061,0.0019,0.0007,0.0007,0.0001,0.0014,0.0013,0.001,0.0042,0.0062,0.0046,0.0009,0.0006,0.0005,0.0003,0.001,0.001,0.0008,0.005,0.0058,0.0033,0.0009,0.0004,0.0004,0.0004,0.0013,0.0009,0.0013,0.0043,0.0041,0.0044,0.0003,0.0005,0.0003,0.0002,0.0005,0.0013,0.0004,0.002,0.0039,0.0034,0.0009,0.0005,0.0001,0.0002,0.001,0.0007,0.0006,0.0032,0.0083,0.008,0.0005,0.001,0.0003,0.0002,0.0014,0.0014,0.0008,0.0067,0.0044,0.0037,0.0011,0.0005,0.0015,0.0008,0.0039,0.0022,0.0017,0.005,0.0132,0.011,0.0024,0.0031,0.0036,0.0013,0.0057,0.0064,0.0043,0.019,0.0,0.0,0.01,0.01,0.01,0.01,0.01,0.01,0.01,0.01,0.01,0.01,0.01,0.01,0.01,0.01,0.01,0.01,0.01,0.01,0.01,0.01,0.01,0.01,0.01,0.01,0.01,0.01,0.01,0.01,0.01,0.01,0.01,0.01,0.01,0.01,0.01,0.01,0.01,0.01,0.01,0.01,0.01,0.01,0.01,0.01,0.01,0.01,0.01,0.01,0.01,0.01,0.01,0.01,0.01,0.01,0.01,0.01,0.01,0.01,0.01,0.01,0.01,0.01,0.01,0.01,0.01,0.01,0.01,0.01,0.01,0.01,0.01,0.01,0.01,0.01,0.01,0.01,0.01,0.01,0.01,0.01,0.01,0.01,0.01,0.01,0.01,0.01,0.01,0.01,0.01,0.01,0.01,0.01,0.01,0.01,0.01,0.01,0.01,0.01,0.01,0.01,0.01,0.01,0.01,0.01,0.01,0.01,0.01,0.01,0.01,0.01,0.01,0.01,0.01,0.01,0.01,0.01,0.01,0.01,0.01,0.01,0.01,0.01,0.01,0.01,0.01,0.01,0.01,0.01,0.01,0.01,0.01,0.01,0.01,0.01,0.01,0.01,0.01,0.01,0.01,0.01,0.01,0.01,0.01,0.01,0.01,0.01,0.01,0.01,0.01,0.01,0.01,0.01,0.01,0.01,0.01,0.01,0.01,0.01,0.01,0.01,0.01,0.01,0.01,0.01,0.01,0.01,0.01,0.01,0.01,0.01,0.01,0.01,0.01,0.01,0.01,0.01,0.01,0.01,0.01,0.01,0.01,0.01,0.01,0.01,0.01,0.01,0.01,0.01,0.01,0.01,0.01,0.01,0.01,0.01,0.01,0.01,0.01,0.01,0.01,0.01
vanilla,2,128000,120.69974742655177,121.72905583400279,0.4826350808143616,1.1694387197494507,5,0.2964,0.7298,0.0159,0.0126,0.0038,0.0043,0.0038,0.0012,0.0059,0.0066,0.0032,0.016,0.0038,0.0037,0.0015,0.0017,0.0026,0.0014,0.0043,0.0053,0.0023,0.0072,0.0046,0.0032,0.0009,0.0006,0.0009,0.0,0.0011,0.0006,0.0013,0.0031,0.0065,0.004,0.0008,0.0005,0.0011,0.0001,0.0007,0.0008,0.0007,0.0043,0.0073,0.0022,0.001,0.0009,0.0007,0.0001,0.0002,0.0009,0.0008,0.0041,0.004,0.0029,0.0008,0.0002,0.0006,0.0002,0.0002,0.0015,0.0005,0.0022,0.004,0.0025,0.0007,0.0001,0.0003,0.0002,0.0001,0.0011,0.0012,0.0028,0.0075,0.0063,0.001,0.0006,0.0003,0.0007,0.0004,0.001,0.0009,0.0054,0.0058,0.0012,0.0013,0.001,0.0009,0.0005,0.0023,0.0028,0.0013,0.0034,0.0137,0.0054,0.003,0.0026,0.0033,0.0025,0.0033,0.0074,0.0054,0.018,0.0,0.0,0.01,0.01,0.01,0.01,0.01,0.01,0.01,0.01,0.01,0.01,0.01,0.01,0.01,0.01,0.01,0.01,0.01,0.01,0.01,0.01,0.01,0.01,0.01,0.01,0.01,0.01,0.01,0.01,0.01,0.01,0.01,0.01,0.01,0.01,0.01,0.01,0.01,0.01,0.01,0.01,0.01,0.01,0.01,0.01,0.01,0.01,0.01,0.01,0.01,0.01,0.01,0.01,0.01,0.01,0.01,0.01,0.01,0.01,0.01,0.01,0.01,0.01,0.01,0.01,0.01,0.01,0.01,0.01,0.01,0.01,0.01,0.01,0.01,0.01,0.01,0.01,0.01,0.01,0.01,0.01,0.01,0.01,0.01,0.01,0.01,0.01,0.01,0.01,0.01,0.01,0.01,0.01,0.01,0.01,0.01,0.01,0.01,0.01,0.01,0.01,0.01,0.01,0.01,0.01,0.01,0.01,0.01,0.01,0.01,0.01,0.01,0.01,0.01,0.01,0.01,0.01,0.01,0.01,0.01,0.01,0.01,0.01,0.01,0.01,0.01,0.01,0.01,0.01,0.01,0.01,0.01,0.01,0.01,0.01,0.01,0.01,0.01,0.01,0.01,0.01,0.01,0.01,0.01,0.01,0.01,0.01,0.01,0.01,0.01,0.01,0.01,0.01,0.01,0.01,0.01,0.01,0.01,0.01,0.01,0.01,0.01,0.01,0.01,0.01,0.01,0.01,0.01,0.01,0.01,0.01,0.01,0.01,0.01,0.01,0.01,0.01,0.01,0.01,0.01,0.01,0.01,0.01,0.01,0.01,0.01,0.01,0.01,0.01,0.01,0.01,0.01,0.01,0.01,0.01,0.01,0.01,0.01,0.01,0.01,0.01
vanilla,2,129000,121.64610787399579,122.68721250002272,0.5123738646507263,1.1405439376831055,6,0.3157,0.7106,0.0168,0.0129,0.0033,0.0042,0.0028,0.0009,0.0062,0.0068,0.0022,0.0142,0.0044,0.0054,0.0018,0.003,0.003,0.0016,0.0071,0.0055,0.0014,0.0075,0.0044,0.0063,0.0014,0.0004,0.0005,0.0003,0.0012,0.0012,0.0012,0.004,0.0059,0.0038,0.0006,0.0005,0.0008,0.0,0.0005,0.0007,0.001,0.0054,0.0054,0.0037,0.0007,0.0007,0.0002,0.0001,0.0008,0.0013,0.0011,0.0045,0.0037,0.004,0.0004,0.0002,0.0002,0.0001,0.0005,0.0016,0.001,0.003,0.0039,0.0026,0.0006,0.0006,0.0007,0.0002,0.0011,0.001,0.0007,0.0033,0.0075,0.0057,0.0003,0.001,0.0006,0.0002,0.0013,0.0009,0.0012,0.0073,0.0048,0.0034,0.001,0.0008,0.0014,0.0004,0.003,0.0019,0.0014,0.0041,0.0149,0.0105,0.0027,0.0025,0.0038,0.0014,0.0062,0.006,0.0035,0.017,0.0,0.0,0.01,0.01,0.01,0.01,0.01,0.01,0.01,0.01,0.01,0.01,0.01,0.01,0.01,0.01,0.01,0.01,0.01,0.01,0.01,0.01,0.01,0.01,0.01,0.01,0.01,0.01,0.01,0.01,0.01,0.01,0.01,0.01,0.01,0.01,0.01,0.01,0.01,0.01,0.01,0.01,0.01,0.01,0.01,0.01,0.01,0.01,0.01,0.01,0.01,0.01,0.01,0.01,0.01,0.01,0.01,0.01,0.01,0.01,0.01,0.01,0.01,0.01,0.01,0.01,0.01,0.01,0.01,0.01,0.01,0.01,0.01,0.01,0.01,0.01,0.01,0.01,0.01,0.01,0.01,0.01,0.01,0.01,0.01,0.01,0.01,0.01,0.01,0.01,0.01,0.01,0.01,0.01,0.01,0.01,0.01,0.01,0.01,0.01,0.01,0.01,0.01,0.01,0.01,0.01,0.01,0.01,0.01,0.01,0.01,0.01,0.01,0.01,0.01,0.01,0.01,0.01,0.01,0.01,0.01,0.01,0.01,0.01,0.01,0.01,0.01,0.01,0.01,0.01,0.01,0.01,0.01,0.01,0.01,0.01,0.01,0.01,0.01,0.01,0.01,0.01,0.01,0.01,0.01,0.01,0.01,0.01,0.01,0.01,0.01,0.01,0.01,0.01,0.01,0.01,0.01,0.01,0.01,0.01,0.01,0.01,0.01,0.01,0.01,0.01,0.01,0.01,0.01,0.01,0.01,0.01,0.01,0.01,0.01,0.01,0.01,0.01,0.01,0.01,0.01,0.01,0.01,0.01,0.01,0.01,0.01,0.01,0.01,0.01,0.01,0.01,0.01,0.01,0.01,0.01,0.01,0.01,0.01,0.01,0.01,0.01
vanilla,2,130000,122.60474155226257,123.65703066706192,0.48961442708969116,1.0771068334579468,6,0.3145,0.7101999999999999,0.0155,0.0126,0.0034,0.0041,0.004,0.0012,0.006,0.0068,0.0028,0.0158,0.0043,0.0051,0.0013,0.0028,0.0033,0.0007,0.007,0.0053,0.002,0.0086,0.0046,0.0066,0.0014,0.0006,0.0006,0.0,0.0011,0.0005,0.0008,0.0032,0.0063,0.0047,0.0009,0.0006,0.0011,0.0001,0.0009,0.0006,0.0008,0.0061,0.006,0.0034,0.0012,0.0006,0.0002,0.0002,0.0007,0.0007,0.0011,0.004,0.004,0.0044,0.0005,0.0003,0.0005,0.0001,0.0001,0.0014,0.0005,0.003,0.0041,0.0037,0.0004,0.0004,0.0004,0.0002,0.0011,0.0008,0.0008,0.0028,0.0086,0.0085,0.001,0.001,0.0007,0.0006,0.0004,0.0013,0.0012,0.0056,0.0038,0.0026,0.0014,0.0009,0.0007,0.0005,0.0019,0.0013,0.0008,0.0028,0.0136,0.01,0.0027,0.0029,0.0036,0.0017,0.0044,0.0065,0.0046,0.0172,0.0,0.0,0.01,0.01,0.01,0.01,0.01,0.01,0.01,0.01,0.01,0.01,0.01,0.01,0.01,0.01,0.01,0.01,0.01,0.01,0.01,0.01,0.01,0.01,0.01,0.01,0.01,0.01,0.01,0.01,0.01,0.01,0.01,0.01,0.01,0.01,0.01,0.01,0.01,0.01,0.01,0.01,0.01,0.01,0.01,0.01,0.01,0.01,0.01,0.01,0.01,0.01,0.01,0.01,0.01,0.01,0.01,0.01,0.01,0.01,0.01,0.01,0.01,0.01,0.01,0.01,0.01,0.01,0.01,0.01,0.01,0.01,0.01,0.01,0.01,0.01,0.01,0.01,0.01,0.01,0.01,0.01,0.01,0.01,0.01,0.01,0.01,0.01,0.01,0.01,0.01,0.01,0.01,0.01,0.01,0.01,0.01,0.01,0.01,0.01,0.01,0.01,0.01,0.01,0.01,0.01,0.01,0.01,0.01,0.01,0.01,0.01,0.01,0.01,0.01,0.01,0.01,0.01,0.01,0.01,0.01,0.01,0.01,0.01,0.01,0.01,0.01,0.01,0.01,0.01,0.01,0.01,0.01,0.01,0.01,0.01,0.01,0.01,0.01,0.01,0.01,0.01,0.01,0.01,0.01,0.01,0.01,0.01,0.01,0.01,0.01,0.01,0.01,0.01,0.01,0.01,0.01,0.01,0.01,0.01,0.01,0.01,0.01,0.01,0.01,0.01,0.01,0.01,0.01,0.01,0.01,0.01,0.01,0.01,0.01,0.01,0.01,0.01,0.01,0.01,0.01,0.01,0.01,0.01,0.01,0.01,0.01,0.01,0.01,0.01,0.01,0.01,0.01,0.01,0.01,0.01,0.01,0.01,0.01,0.01,0.01,0.01
vanilla,2,131000,123.55901493295096,124.62352441705298,0.5002676844596863,1.183822751045227,6,0.32820000000000005,0.7001,0.0152,0.0125,0.0037,0.0044,0.0033,0.0016,0.006,0.0064,0.0031,0.0162,0.005,0.0042,0.0016,0.0014,0.0022,0.0012,0.0042,0.0055,0.0028,0.0077,0.0046,0.0055,0.0014,0.0002,0.0006,0.0002,0.0014,0.0013,0.0011,0.0046,0.006,0.0047,0.0014,0.0006,0.0012,0.0002,0.001,0.0008,0.0007,0.0049,0.0073,0.0035,0.0012,0.0005,0.0003,0.0004,0.001,0.0011,0.001,0.0053,0.0038,0.0042,0.0004,0.0001,0.0,0.0001,0.0003,0.0008,0.0012,0.003,0.0044,0.0032,0.0006,0.0002,0.0009,0.0003,0.0007,0.0009,0.0004,0.0034,0.0091,0.0072,0.0008,0.0008,0.0006,0.0003,0.001,0.001,0.0007,0.0066,0.0046,0.0035,0.0012,0.0009,0.0017,0.0007,0.0038,0.0026,0.0018,0.0048,0.0138,0.0117,0.0027,0.0024,0.0047,0.0015,0.0059,0.0071,0.0047,0.0189,0.0,0.0,0.01,0.01,0.01,0.01,0.01,0.01,0.01,0.01,0.01,0.01,0.01,0.01,0.01,0.01,0.01,0.01,0.01,0.01,0.01,0.01,0.01,0.01,0.01,0.01,0.01,0.01,0.01,0.01,0.01,0.01,0.01,0.01,0.01,0.01,0.01,0.01,0.01,0.01,0.01,0.01,0.01,0.01,0.01,0.01,0.01,0.01,0.01,0.01,0.01,0.01,0.01,0.01,0.01,0.01,0.01,0.01,0.01,0.01,0.01,0.01,0.01,0.01,0.01,0.01,0.01,0.01,0.01,0.01,0.01,0.01,0.01,0.01,0.01,0.01,0.01,0.01,0.01,0.01,0.01,0.01,0.01,0.01,0.01,0.01,0.01,0.01,0.01,0.01,0.01,0.01,0.01,0.01,0.01,0.01,0.01,0.01,0.01,0.01,0.01,0.01,0.01,0.01,0.01,0.01,0.01,0.01,0.01,0.01,0.01,0.01,0.01,0.01,0.01,0.01,0.01,0.01,0.01,0.01,0.01,0.01,0.01,0.01,0.01,0.01,0.01,0.01,0.01,0.01,0.01,0.01,0.01,0.01,0.01,0.01,0.01,0.01,0.01,0.01,0.01,0.01,0.01,0.01,0.01,0.01,0.01,0.01,0.01,0.01,0.01,0.01,0.01,0.01,0.01,0.01,0.01,0.01,0.01,0.01,0.01,0.01,0.01,0.01,0.01,0.01,0.01,0.01,0.01,0.01,0.01,0.01,0.01,0.01,0.01,0.01,0.01,0.01,0.01,0.01,0.01,0.01,0.01,0.01,0.01,0.01,0.01,0.01,0.01,0.01,0.01,0.01,0.01,0.01,0.01,0.01,0.01,0.01,0.01,0.01,0.01,0.01
vanilla,2,132000,124.52116979518905,125.59772379207425,0.502481997013092,1.1768527030944824,6,0.32930000000000004,0.6982999999999999,0.0164,0.0128,0.003,0.0047,0.0036,0.0013,0.0072,0.006,0.0031,0.0167,0.0052,0.0046,0.0018,0.0021,0.0032,0.0019,0.0048,0.0059,0.0025,0.0081,0.0045,0.0065,0.0013,0.0003,0.001,0.0003,0.0011,0.001,0.001,0.0048,0.0056,0.0049,0.0014,0.0007,0.0008,0.0001,0.0009,0.0011,0.0006,0.006,0.0057,0.0039,0.0011,0.0005,0.0003,0.0002,0.0009,0.0009,0.0005,0.0049,0.004,0.0037,0.0003,0.0001,0.0001,0.0,0.0001,0.0011,0.0008,0.0033,0.0035,0.0033,0.0003,0.0002,0.0009,0.0,0.0008,0.0014,0.0008,0.0031,0.0097,0.0082,0.0007,0.0006,0.0011,0.0004,0.001,0.0011,0.0009,0.0076,0.0029,0.0034,0.0008,0.0006,0.0011,0.0009,0.0032,0.0023,0.0017,0.0049,0.0119,0.0114,0.0025,0.0024,0.0046,0.0016,0.0057,0.0077,0.0045,0.0184,0.0,0.0,0.01,0.01,0.01,0.01,0.01,0.01,0.01,0.01,0.01,0.01,0.01,0.01,0.01,0.01,0.01,0.01,0.01,0.01,0.01,0.01,0.01,0.01,0.01,0.01,0.01,0.01,0.01,0.01,0.01,0.01,0.01,0.01,0.01,0.01,0.01,0.01,0.01,0.01,0.01,0.01,0.01,0.01,0.01,0.01,0.01,0.01,0.01,0.01,0.01,0.01,0.01,0.01,0.01,0.01,0.01,0.01,0.01,0.01,0.01,0.01,0.01,0.01,0.01,0.01,0.01,0.01,0.01,0.01,0.01,0.01,0.01,0.01,0.01,0.01,0.01,0.01,0.01,0.01,0.01,0.01,0.01,0.01,0.01,0.01,0.01,0.01,0.01,0.01,0.01,0.01,0.01,0.01,0.01,0.01,0.01,0.01,0.01,0.01,0.01,0.01,0.01,0.01,0.01,0.01,0.01,0.01,0.01,0.01,0.01,0.01,0.01,0.01,0.01,0.01,0.01,0.01,0.01,0.01,0.01,0.01,0.01,0.01,0.01,0.01,0.01,0.01,0.01,0.01,0.01,0.01,0.01,0.01,0.01,0.01,0.01,0.01,0.01,0.01,0.01,0.01,0.01,0.01,0.01,0.01,0.01,0.01,0.01,0.01,0.01,0.01,0.01,0.01,0.01,0.01,0.01,0.01,0.01,0.01,0.01,0.01,0.01,0.01,0.01,0.01,0.01,0.01,0.01,0.01,0.01,0.01,0.01,0.01,0.01,0.01,0.01,0.01,0.01,0.01,0.01,0.01,0.01,0.01,0.01,0.01,0.01,0.01,0.01,0.01,0.01,0.01,0.01,0.01,0.01,0.01,0.01,0.01,0.01,0.01,0.01,0.01
vanilla,2,133000,125.45159270230215,126.5406777500175,0.5222798585891724,1.2727340459823608,7,0.31820000000000004,0.7048,0.0165,0.0116,0.0039,0.0043,0.003,0.0019,0.0066,0.007,0.0029,0.0144,0.005,0.0049,0.0024,0.0023,0.0027,0.0011,0.0066,0.0059,0.0015,0.008,0.0045,0.0059,0.0014,0.0006,0.0005,0.0003,0.0016,0.001,0.0009,0.0042,0.0055,0.0041,0.0014,0.0005,0.001,0.0001,0.0007,0.0011,0.0009,0.0057,0.0059,0.0032,0.0011,0.0004,0.0006,0.0002,0.0008,0.0008,0.0011,0.0045,0.0042,0.0036,0.0007,0.0001,0.0001,0.0001,0.0007,0.0015,0.0009,0.0029,0.0035,0.0031,0.0002,0.0003,0.0005,0.0,0.0008,0.0007,0.0007,0.0033,0.01,0.0069,0.0005,0.0005,0.001,0.0004,0.0016,0.0012,0.0014,0.0077,0.0023,0.0031,0.0008,0.0008,0.0011,0.0006,0.0029,0.0019,0.0011,0.0031,0.0117,0.0112,0.0031,0.0028,0.0043,0.001,0.0062,0.007,0.0035,0.0176,0.0,0.0,0.01,0.01,0.01,0.01,0.01,0.01,0.01,0.01,0.01,0.01,0.01,0.01,0.01,0.01,0.01,0.01,0.01,0.01,0.01,0.01,0.01,0.01,0.01,0.01,0.01,0.01,0.01,0.01,0.01,0.01,0.01,0.01,0.01,0.01,0.01,0.01,0.01,0.01,0.01,0.01,0.01,0.01,0.01,0.01,0.01,0.01,0.01,0.01,0.01,0.01,0.01,0.01,0.01,0.01,0.01,0.01,0.01,0.01,0.01,0.01,0.01,0.01,0.01,0.01,0.01,0.01,0.01,0.01,0.01,0.01,0.01,0.01,0.01,0.01,0.01,0.01,0.01,0.01,0.01,0.01,0.01,0.01,0.01,0.01,0.01,0.01,0.01,0.01,0.01,0.01,0.01,0.01,0.01,0.01,0.01,0.01,0.01,0.01,0.01,0.01,0.01,0.01,0.01,0.01,0.01,0.01,0.01,0.01,0.01,0.01,0.01,0.01,0.01,0.01,0.01,0.01,0.01,0.01,0.01,0.01,0.01,0.01,0.01,0.01,0.01,0.01,0.01,0.01,0.01,0.01,0.01,0.01,0.01,0.01,0.01,0.01,0.01,0.01,0.01,0.01,0.01,0.01,0.01,0.01,0.01,0.01,0.01,0.01,0.01,0.01,0.01,0.01,0.01,0.01,0.01,0.01,0.01,0.01,0.01,0.01,0.01,0.01,0.01,0.01,0.01,0.01,0.01,0.01,0.01,0.01,0.01,0.01,0.01,0.01,0.01,0.01,0.01,0.01,0.01,0.01,0.01,0.01,0.01,0.01,0.01,0.01,0.01,0.01,0.01,0.01,0.01,0.01,0.01,0.01,0.01,0.01,0.01,0.01,0.01,0.01
vanilla,2,134000,126.40848269336857,127.50910216709599,0.5411587953567505,1.172789216041565,5,0.3176000000000001,0.7097,0.0145,0.0132,0.004,0.0042,0.0031,0.0011,0.0061,0.0066,0.003,0.0153,0.0037,0.0047,0.0019,0.0011,0.0019,0.0009,0.0048,0.0061,0.002,0.0074,0.0044,0.0068,0.0013,0.0006,0.0007,0.0001,0.0012,0.0016,0.0008,0.0055,0.0053,0.0052,0.0012,0.0004,0.0007,0.0002,0.0007,0.0006,0.0008,0.0052,0.0057,0.0035,0.0009,0.0003,0.0001,0.0001,0.0006,0.001,0.0009,0.0044,0.0041,0.0039,0.0007,0.0003,0.0001,0.0003,0.0005,0.001,0.001,0.0033,0.0021,0.0033,0.0004,0.0003,0.0003,0.0006,0.0006,0.0011,0.0006,0.0038,0.0068,0.0067,0.0005,0.0005,0.0005,0.0004,0.0012,0.0008,0.0011,0.0074,0.0074,0.005,0.0007,0.0015,0.0021,0.0007,0.0031,0.0022,0.0015,0.0056,0.0145,0.0095,0.0034,0.0027,0.0029,0.0015,0.0037,0.0053,0.0039,0.0198,0.0,0.0,0.01,0.01,0.01,0.01,0.01,0.01,0.01,0.01,0.01,0.01,0.01,0.01,0.01,0.01,0.01,0.01,0.01,0.01,0.01,0.01,0.01,0.01,0.01,0.01,0.01,0.01,0.01,0.01,0.01,0.01,0.01,0.01,0.01,0.01,0.01,0.01,0.01,0.01,0.01,0.01,0.01,0.01,0.01,0.01,0.01,0.01,0.01,0.01,0.01,0.01,0.01,0.01,0.01,0.01,0.01,0.01,0.01,0.01,0.01,0.01,0.01,0.01,0.01,0.01,0.01,0.01,0.01,0.01,0.01,0.01,0.01,0.01,0.01,0.01,0.01,0.01,0.01,0.01,0.01,0.01,0.01,0.01,0.01,0.01,0.01,0.01,0.01,0.01,0.01,0.01,0.01,0.01,0.01,0.01,0.01,0.01,0.01,0.01,0.01,0.01,0.01,0.01,0.01,0.01,0.01,0.01,0.01,0.01,0.01,0.01,0.01,0.01,0.01,0.01,0.01,0.01,0.01,0.01,0.01,0.01,0.01,0.01,0.01,0.01,0.01,0.01,0.01,0.01,0.01,0.01,0.01,0.01,0.01,0.01,0.01,0.01,0.01,0.01,0.01,0.01,0.01,0.01,0.01,0.01,0.01,0.01,0.01,0.01,0.01,0.01,0.01,0.01,0.01,0.01,0.01,0.01,0.01,0.01,0.01,0.01,0.01,0.01,0.01,0.01,0.01,0.01,0.01,0.01,0.01,0.01,0.01,0.01,0.01,0.01,0.01,0.01,0.01,0.01,0.01,0.01,0.01,0.01,0.01,0.01,0.01,0.01,0.01,0.01,0.01,0.01,0.01,0.01,0.01,0.01,0.01,0.01,0.01,0.01,0.01,0.01
vanilla,2,135000,127.3732747824397,128.48553137504496,0.5141405463218689,1.1143980026245117,6,0.3327,0.696,0.0145,0.0123,0.0039,0.0037,0.0034,0.0018,0.0069,0.0057,0.0031,0.0165,0.0046,0.0042,0.0017,0.0023,0.003,0.0011,0.0064,0.0072,0.003,0.0093,0.0043,0.006,0.0013,0.0003,0.0008,0.0004,0.0011,0.0007,0.0009,0.0044,0.0062,0.0045,0.0012,0.0005,0.0009,0.0004,0.0009,0.0013,0.0003,0.0063,0.0062,0.003,0.001,0.0002,0.0005,0.0001,0.0008,0.0014,0.0008,0.0047,0.0039,0.0033,0.0002,0.0001,0.0002,0.0002,0.0003,0.0009,0.0011,0.003,0.0037,0.0031,0.0006,0.0001,0.0005,0.0001,0.0004,0.0012,0.0006,0.0039,0.0091,0.0083,0.0011,0.0005,0.0007,0.0004,0.0007,0.0009,0.0006,0.0088,0.0048,0.0035,0.0009,0.0011,0.0017,0.0007,0.0027,0.0023,0.0018,0.0049,0.0143,0.0116,0.0035,0.0028,0.0033,0.0014,0.0054,0.0069,0.0051,0.0195,0.0,0.0,0.01,0.01,0.01,0.01,0.01,0.01,0.01,0.01,0.01,0.01,0.01,0.01,0.01,0.01,0.01,0.01,0.01,0.01,0.01,0.01,0.01,0.01,0.01,0.01,0.01,0.01,0.01,0.01,0.01,0.01,0.01,0.01,0.01,0.01,0.01,0.01,0.01,0.01,0.01,0.01,0.01,0.01,0.01,0.01,0.01,0.01,0.01,0.01,0.01,0.01,0.01,0.01,0.01,0.01,0.01,0.01,0.01,0.01,0.01,0.01,0.01,0.01,0.01,0.01,0.01,0.01,0.01,0.01,0.01,0.01,0.01,0.01,0.01,0.01,0.01,0.01,0.01,0.01,0.01,0.01,0.01,0.01,0.01,0.01,0.01,0.01,0.01,0.01,0.01,0.01,0.01,0.01,0.01,0.01,0.01,0.01,0.01,0.01,0.01,0.01,0.01,0.01,0.01,0.01,0.01,0.01,0.01,0.01,0.01,0.01,0.01,0.01,0.01,0.01,0.01,0.01,0.01,0.01,0.01,0.01,0.01,0.01,0.01,0.01,0.01,0.01,0.01,0.01,0.01,0.01,0.01,0.01,0.01,0.01,0.01,0.01,0.01,0.01,0.01,0.01,0.01,0.01,0.01,0.01,0.01,0.01,0.01,0.01,0.01,0.01,0.01,0.01,0.01,0.01,0.01,0.01,0.01,0.01,0.01,0.01,0.01,0.01,0.01,0.01,0.01,0.01,0.01,0.01,0.01,0.01,0.01,0.01,0.01,0.01,0.01,0.01,0.01,0.01,0.01,0.01,0.01,0.01,0.01,0.01,0.01,0.01,0.01,0.01,0.01,0.01,0.01,0.01,0.01,0.01,0.01,0.01,0.01,0.01,0.01,0.01
vanilla,2,136000,128.34811598074157,129.47312362503726,0.5021052360534668,1.2892248630523682,6,0.32610000000000006,0.7015,0.0147,0.0116,0.0032,0.0041,0.0041,0.0017,0.0066,0.0051,0.0041,0.0164,0.0046,0.003,0.001,0.0017,0.0019,0.0006,0.0043,0.0054,0.0032,0.0068,0.0049,0.0059,0.0014,0.0004,0.001,0.0003,0.001,0.0011,0.0008,0.0041,0.0065,0.0048,0.0013,0.0005,0.0003,0.0003,0.0009,0.0007,0.0004,0.0054,0.0066,0.0034,0.0012,0.0002,0.0003,0.0001,0.0012,0.0014,0.0009,0.0048,0.0042,0.0032,0.0004,0.0002,0.0003,0.0002,0.0002,0.0008,0.0009,0.0038,0.0034,0.0032,0.0006,0.0001,0.0003,0.0002,0.0009,0.0011,0.0008,0.004,0.0096,0.0076,0.001,0.0005,0.0007,0.0005,0.0012,0.0012,0.0007,0.0085,0.0054,0.0041,0.0005,0.0012,0.0018,0.0009,0.0032,0.0025,0.0016,0.0051,0.0144,0.0115,0.0031,0.0029,0.0038,0.0013,0.0058,0.0067,0.0048,0.019,0.0,0.0,0.01,0.01,0.01,0.01,0.01,0.01,0.01,0.01,0.01,0.01,0.01,0.01,0.01,0.01,0.01,0.01,0.01,0.01,0.01,0.01,0.01,0.01,0.01,0.01,0.01,0.01,0.01,0.01,0.01,0.01,0.01,0.01,0.01,0.01,0.01,0.01,0.01,0.01,0.01,0.01,0.01,0.01,0.01,0.01,0.01,0.01,0.01,0.01,0.01,0.01,0.01,0.01,0.01,0.01,0.01,0.01,0.01,0.01,0.01,0.01,0.01,0.01,0.01,0.01,0.01,0.01,0.01,0.01,0.01,0.01,0.01,0.01,0.01,0.01,0.01,0.01,0.01,0.01,0.01,0.01,0.01,0.01,0.01,0.01,0.01,0.01,0.01,0.01,0.01,0.01,0.01,0.01,0.01,0.01,0.01,0.01,0.01,0.01,0.01,0.01,0.01,0.01,0.01,0.01,0.01,0.01,0.01,0.01,0.01,0.01,0.01,0.01,0.01,0.01,0.01,0.01,0.01,0.01,0.01,0.01,0.01,0.01,0.01,0.01,0.01,0.01,0.01,0.01,0.01,0.01,0.01,0.01,0.01,0.01,0.01,0.01,0.01,0.01,0.01,0.01,0.01,0.01,0.01,0.01,0.01,0.01,0.01,0.01,0.01,0.01,0.01,0.01,0.01,0.01,0.01,0.01,0.01,0.01,0.01,0.01,0.01,0.01,0.01,0.01,0.01,0.01,0.01,0.01,0.01,0.01,0.01,0.01,0.01,0.01,0.01,0.01,0.01,0.01,0.01,0.01,0.01,0.01,0.01,0.01,0.01,0.01,0.01,0.01,0.01,0.01,0.01,0.01,0.01,0.01,0.01,0.01,0.01,0.01,0.01,0.01
vanilla,2,137000,129.2986102924915,130.43567875004373,0.46863967180252075,1.2038439512252808,6,0.33089999999999997,0.7015,0.0158,0.0132,0.0036,0.0046,0.0041,0.0016,0.0068,0.0062,0.0039,0.0165,0.0044,0.0042,0.0011,0.0013,0.0013,0.0004,0.0037,0.0046,0.0029,0.0062,0.0046,0.0061,0.001,0.0003,0.001,0.0001,0.001,0.0006,0.0007,0.0055,0.0062,0.005,0.0011,0.0004,0.0005,0.0004,0.0007,0.0006,0.0008,0.0056,0.0065,0.0033,0.0013,0.0003,0.0005,0.0003,0.0004,0.0015,0.0008,0.0054,0.0037,0.0038,0.0004,0.0001,0.0005,0.0001,0.0003,0.001,0.0014,0.0043,0.0036,0.0027,0.0008,0.0001,0.0002,0.0003,0.0004,0.0013,0.0009,0.0035,0.0093,0.0077,0.001,0.0005,0.0007,0.0006,0.0009,0.001,0.0008,0.0077,0.0049,0.0045,0.0008,0.0009,0.0018,0.001,0.0034,0.0033,0.0019,0.0054,0.0146,0.0122,0.0034,0.0032,0.0032,0.0013,0.005,0.0065,0.005,0.0201,0.0,0.0,0.01,0.01,0.01,0.01,0.01,0.01,0.01,0.01,0.01,0.01,0.01,0.01,0.01,0.01,0.01,0.01,0.01,0.01,0.01,0.01,0.01,0.01,0.01,0.01,0.01,0.01,0.01,0.01,0.01,0.01,0.01,0.01,0.01,0.01,0.01,0.01,0.01,0.01,0.01,0.01,0.01,0.01,0.01,0.01,0.01,0.01,0.01,0.01,0.01,0.01,0.01,0.01,0.01,0.01,0.01,0.01,0.01,0.01,0.01,0.01,0.01,0.01,0.01,0.01,0.01,0.01,0.01,0.01,0.01,0.01,0.01,0.01,0.01,0.01,0.01,0.01,0.01,0.01,0.01,0.01,0.01,0.01,0.01,0.01,0.01,0.01,0.01,0.01,0.01,0.01,0.01,0.01,0.01,0.01,0.01,0.01,0.01,0.01,0.01,0.01,0.01,0.01,0.01,0.01,0.01,0.01,0.01,0.01,0.01,0.01,0.01,0.01,0.01,0.01,0.01,0.01,0.01,0.01,0.01,0.01,0.01,0.01,0.01,0.01,0.01,0.01,0.01,0.01,0.01,0.01,0.01,0.01,0.01,0.01,0.01,0.01,0.01,0.01,0.01,0.01,0.01,0.01,0.01,0.01,0.01,0.01,0.01,0.01,0.01,0.01,0.01,0.01,0.01,0.01,0.01,0.01,0.01,0.01,0.01,0.01,0.01,0.01,0.01,0.01,0.01,0.01,0.01,0.01,0.01,0.01,0.01,0.01,0.01,0.01,0.01,0.01,0.01,0.01,0.01,0.01,0.01,0.01,0.01,0.01,0.01,0.01,0.01,0.01,0.01,0.01,0.01,0.01,0.01,0.01,0.01,0.01,0.01,0.01,0.01,0.01
vanilla,2,138000,130.2592263642,131.4102413340006,0.5107623338699341,1.236919641494751,6,0.3254,0.6988000000000001,0.0146,0.0128,0.0035,0.0044,0.0024,0.0015,0.0071,0.007,0.0027,0.0155,0.0051,0.0046,0.0018,0.002,0.0015,0.0008,0.0051,0.006,0.0019,0.0077,0.0042,0.0061,0.0016,0.0002,0.0005,0.0003,0.0013,0.001,0.0008,0.0049,0.0068,0.0048,0.0009,0.0007,0.0007,0.0001,0.0009,0.0007,0.0005,0.0055,0.0074,0.0039,0.0014,0.0001,0.0001,0.0001,0.0008,0.0012,0.0006,0.0042,0.004,0.0035,0.0005,0.0003,0.0001,0.0,0.0003,0.0008,0.0007,0.0036,0.004,0.0029,0.0002,0.0003,0.0006,0.0,0.0008,0.0011,0.0004,0.0037,0.0098,0.0081,0.0006,0.0004,0.0006,0.0003,0.0012,0.001,0.0008,0.0076,0.0057,0.0048,0.001,0.0009,0.0018,0.0009,0.0031,0.0026,0.001,0.0046,0.0145,0.0124,0.0038,0.003,0.0041,0.0012,0.0063,0.0064,0.0044,0.0144,0.0,0.0,0.01,0.01,0.01,0.01,0.01,0.01,0.01,0.01,0.01,0.01,0.01,0.01,0.01,0.01,0.01,0.01,0.01,0.01,0.01,0.01,0.01,0.01,0.01,0.01,0.01,0.01,0.01,0.01,0.01,0.01,0.01,0.01,0.01,0.01,0.01,0.01,0.01,0.01,0.01,0.01,0.01,0.01,0.01,0.01,0.01,0.01,0.01,0.01,0.01,0.01,0.01,0.01,0.01,0.01,0.01,0.01,0.01,0.01,0.01,0.01,0.01,0.01,0.01,0.01,0.01,0.01,0.01,0.01,0.01,0.01,0.01,0.01,0.01,0.01,0.01,0.01,0.01,0.01,0.01,0.01,0.01,0.01,0.01,0.01,0.01,0.01,0.01,0.01,0.01,0.01,0.01,0.01,0.01,0.01,0.01,0.01,0.01,0.01,0.01,0.01,0.01,0.01,0.01,0.01,0.01,0.01,0.01,0.01,0.01,0.01,0.01,0.01,0.01,0.01,0.01,0.01,0.01,0.01,0.01,0.01,0.01,0.01,0.01,0.01,0.01,0.01,0.01,0.01,0.01,0.01,0.01,0.01,0.01,0.01,0.01,0.01,0.01,0.01,0.01,0.01,0.01,0.01,0.01,0.01,0.01,0.01,0.01,0.01,0.01,0.01,0.01,0.01,0.01,0.01,0.01,0.01,0.01,0.01,0.01,0.01,0.01,0.01,0.01,0.01,0.01,0.01,0.01,0.01,0.01,0.01,0.01,0.01,0.01,0.01,0.01,0.01,0.01,0.01,0.01,0.01,0.01,0.01,0.01,0.01,0.01,0.01,0.01,0.01,0.01,0.01,0.01,0.01,0.01,0.01,0.01,0.01,0.01,0.01,0.01,0.01
vanilla,2,139000,131.22575698955916,132.39048362500034,0.4890531897544861,1.3274272680282593,6,0.31720000000000004,0.7099,0.0134,0.0126,0.0034,0.0038,0.0033,0.0012,0.0069,0.0055,0.0028,0.0146,0.0046,0.0036,0.0014,0.0009,0.0016,0.0009,0.0038,0.005,0.0016,0.0066,0.0046,0.0058,0.0011,0.0001,0.0007,0.0003,0.0014,0.0011,0.0012,0.0054,0.0064,0.0055,0.0007,0.0006,0.0008,0.0001,0.0009,0.0005,0.0003,0.0057,0.006,0.0034,0.0014,0.0002,0.0001,0.0001,0.0009,0.0014,0.0007,0.0053,0.0035,0.0038,0.0005,0.0001,0.0003,0.0002,0.0002,0.0007,0.0012,0.0038,0.0033,0.0034,0.0004,0.0002,0.0004,0.0002,0.0006,0.0014,0.0006,0.003,0.0086,0.0069,0.0008,0.0005,0.0005,0.0004,0.0015,0.0014,0.0006,0.0069,0.0062,0.0048,0.0009,0.001,0.0021,0.0006,0.0038,0.0028,0.0007,0.0058,0.0155,0.0108,0.0043,0.0024,0.0033,0.0011,0.0054,0.0052,0.0042,0.0202,0.0,0.0,0.01,0.01,0.01,0.01,0.01,0.01,0.01,0.01,0.01,0.01,0.01,0.01,0.01,0.01,0.01,0.01,0.01,0.01,0.01,0.01,0.01,0.01,0.01,0.01,0.01,0.01,0.01,0.01,0.01,0.01,0.01,0.01,0.01,0.01,0.01,0.01,0.01,0.01,0.01,0.01,0.01,0.01,0.01,0.01,0.01,0.01,0.01,0.01,0.01,0.01,0.01,0.01,0.01,0.01,0.01,0.01,0.01,0.01,0.01,0.01,0.01,0.01,0.01,0.01,0.01,0.01,0.01,0.01,0.01,0.01,0.01,0.01,0.01,0.01,0.01,0.01,0.01,0.01,0.01,0.01,0.01,0.01,0.01,0.01,0.01,0.01,0.01,0.01,0.01,0.01,0.01,0.01,0.01,0.01,0.01,0.01,0.01,0.01,0.01,0.01,0.01,0.01,0.01,0.01,0.01,0.01,0.01,0.01,0.01,0.01,0.01,0.01,0.01,0.01,0.01,0.01,0.01,0.01,0.01,0.01,0.01,0.01,0.01,0.01,0.01,0.01,0.01,0.01,0.01,0.01,0.01,0.01,0.01,0.01,0.01,0.01,0.01,0.01,0.01,0.01,0.01,0.01,0.01,0.01,0.01,0.01,0.01,0.01,0.01,0.01,0.01,0.01,0.01,0.01,0.01,0.01,0.01,0.01,0.01,0.01,0.01,0.01,0.01,0.01,0.01,0.01,0.01,0.01,0.01,0.01,0.01,0.01,0.01,0.01,0.01,0.01,0.01,0.01,0.01,0.01,0.01,0.01,0.01,0.01,0.01,0.01,0.01,0.01,0.01,0.01,0.01,0.01,0.01,0.01,0.01,0.01,0.01,0.01,0.01,0.01
vanilla,2,140000,132.18277195084374,133.3600361670833,0.484444260597229,1.2069331407546997,6,0.33210000000000006,0.6982999999999999,0.0129,0.0138,0.0039,0.0039,0.0027,0.0017,0.007,0.0063,0.0038,0.0162,0.004,0.0041,0.0014,0.0017,0.0018,0.0012,0.0058,0.0063,0.0024,0.0084,0.0045,0.0054,0.0015,0.0004,0.0007,0.0,0.0009,0.001,0.0009,0.0046,0.0061,0.0052,0.001,0.0005,0.0008,0.0001,0.0007,0.0009,0.0007,0.0062,0.0064,0.004,0.0013,0.0002,0.0003,0.0001,0.0011,0.0015,0.0007,0.0047,0.0039,0.0037,0.0005,0.0003,0.0004,0.0001,0.0003,0.0007,0.0008,0.0032,0.0032,0.0033,0.0003,0.0002,0.0002,0.0004,0.0006,0.0012,0.0009,0.0035,0.0089,0.0068,0.0006,0.0005,0.0006,0.0004,0.0014,0.001,0.001,0.008,0.0057,0.0036,0.0005,0.001,0.0016,0.0006,0.0026,0.0032,0.0012,0.0047,0.0158,0.0121,0.0044,0.0032,0.004,0.0017,0.0056,0.0066,0.0058,0.0196,0.0,0.0,0.01,0.01,0.01,0.01,0.01,0.01,0.01,0.01,0.01,0.01,0.01,0.01,0.01,0.01,0.01,0.01,0.01,0.01,0.01,0.01,0.01,0.01,0.01,0.01,0.01,0.01,0.01,0.01,0.01,0.01,0.01,0.01,0.01,0.01,0.01,0.01,0.01,0.01,0.01,0.01,0.01,0.01,0.01,0.01,0.01,0.01,0.01,0.01,0.01,0.01,0.01,0.01,0.01,0.01,0.01,0.01,0.01,0.01,0.01,0.01,0.01,0.01,0.01,0.01,0.01,0.01,0.01,0.01,0.01,0.01,0.01,0.01,0.01,0.01,0.01,0.01,0.01,0.01,0.01,0.01,0.01,0.01,0.01,0.01,0.01,0.01,0.01,0.01,0.01,0.01,0.01,0.01,0.01,0.01,0.01,0.01,0.01,0.01,0.01,0.01,0.01,0.01,0.01,0.01,0.01,0.01,0.01,0.01,0.01,0.01,0.01,0.01,0.01,0.01,0.01,0.01,0.01,0.01,0.01,0.01,0.01,0.01,0.01,0.01,0.01,0.01,0.01,0.01,0.01,0.01,0.01,0.01,0.01,0.01,0.01,0.01,0.01,0.01,0.01,0.01,0.01,0.01,0.01,0.01,0.01,0.01,0.01,0.01,0.01,0.01,0.01,0.01,0.01,0.01,0.01,0.01,0.01,0.01,0.01,0.01,0.01,0.01,0.01,0.01,0.01,0.01,0.01,0.01,0.01,0.01,0.01,0.01,0.01,0.01,0.01,0.01,0.01,0.01,0.01,0.01,0.01,0.01,0.01,0.01,0.01,0.01,0.01,0.01,0.01,0.01,0.01,0.01,0.01,0.01,0.01,0.01,0.01,0.01,0.01,0.01
vanilla,2,141000,133.14212432852946,134.33132045902312,0.49626386165618896,1.1170682907104492,6,0.3117000000000001,0.7105999999999999,0.0128,0.0131,0.0032,0.0041,0.0032,0.002,0.0056,0.0054,0.0038,0.0177,0.0043,0.0037,0.0022,0.0031,0.0031,0.0017,0.007,0.0056,0.0026,0.0075,0.0042,0.0054,0.0012,0.0005,0.0012,0.0001,0.0008,0.0007,0.0006,0.0044,0.0054,0.0043,0.0013,0.0005,0.0008,0.0004,0.0007,0.0013,0.0014,0.0062,0.0061,0.0034,0.0013,0.0004,0.0005,0.0003,0.0009,0.0014,0.0007,0.0039,0.0038,0.0031,0.0007,0.0003,0.0,0.0001,0.0006,0.0006,0.0008,0.0028,0.0026,0.0034,0.0005,0.0003,0.0003,0.0004,0.0012,0.0012,0.0005,0.0037,0.0084,0.0079,0.0012,0.0007,0.001,0.0002,0.0014,0.0013,0.0008,0.0076,0.0062,0.0023,0.001,0.0007,0.0011,0.0007,0.0009,0.0014,0.0014,0.0025,0.0145,0.0113,0.0033,0.003,0.0029,0.0013,0.0048,0.0055,0.0046,0.0129,0.0,0.0,0.01,0.01,0.01,0.01,0.01,0.01,0.01,0.01,0.01,0.01,0.01,0.01,0.01,0.01,0.01,0.01,0.01,0.01,0.01,0.01,0.01,0.01,0.01,0.01,0.01,0.01,0.01,0.01,0.01,0.01,0.01,0.01,0.01,0.01,0.01,0.01,0.01,0.01,0.01,0.01,0.01,0.01,0.01,0.01,0.01,0.01,0.01,0.01,0.01,0.01,0.01,0.01,0.01,0.01,0.01,0.01,0.01,0.01,0.01,0.01,0.01,0.01,0.01,0.01,0.01,0.01,0.01,0.01,0.01,0.01,0.01,0.01,0.01,0.01,0.01,0.01,0.01,0.01,0.01,0.01,0.01,0.01,0.01,0.01,0.01,0.01,0.01,0.01,0.01,0.01,0.01,0.01,0.01,0.01,0.01,0.01,0.01,0.01,0.01,0.01,0.01,0.01,0.01,0.01,0.01,0.01,0.01,0.01,0.01,0.01,0.01,0.01,0.01,0.01,0.01,0.01,0.01,0.01,0.01,0.01,0.01,0.01,0.01,0.01,0.01,0.01,0.01,0.01,0.01,0.01,0.01,0.01,0.01,0.01,0.01,0.01,0.01,0.01,0.01,0.01,0.01,0.01,0.01,0.01,0.01,0.01,0.01,0.01,0.01,0.01,0.01,0.01,0.01,0.01,0.01,0.01,0.01,0.01,0.01,0.01,0.01,0.01,0.01,0.01,0.01,0.01,0.01,0.01,0.01,0.01,0.01,0.01,0.01,0.01,0.01,0.01,0.01,0.01,0.01,0.01,0.01,0.01,0.01,0.01,0.01,0.01,0.01,0.01,0.01,0.01,0.01,0.01,0.01,0.01,0.01,0.01,0.01,0.01,0.01,0.01
vanilla,2,142000,134.10516453674063,135.3071185000008,0.4645632207393646,1.2317721843719482,6,0.3244,0.6975,0.0136,0.0126,0.0028,0.0045,0.0042,0.0024,0.0068,0.0056,0.0046,0.018,0.0048,0.0038,0.0015,0.0018,0.0021,0.0016,0.0067,0.0057,0.0026,0.0079,0.0042,0.0053,0.0019,0.0004,0.001,0.0003,0.0015,0.0008,0.0006,0.0043,0.0061,0.0049,0.0016,0.0007,0.0005,0.0002,0.001,0.0008,0.0007,0.0064,0.0063,0.0037,0.0015,0.0004,0.0005,0.0002,0.0008,0.0014,0.001,0.004,0.0038,0.0036,0.0009,0.0003,0.0001,0.0004,0.0002,0.0006,0.0005,0.0024,0.0029,0.0031,0.0004,0.0005,0.0003,0.0002,0.0008,0.0011,0.001,0.0034,0.0087,0.0086,0.0009,0.0005,0.0011,0.0004,0.0015,0.0012,0.0007,0.0073,0.0064,0.0045,0.0007,0.0009,0.0011,0.0006,0.0022,0.0025,0.0017,0.0034,0.014,0.0107,0.0036,0.003,0.0038,0.0012,0.0055,0.0069,0.0047,0.013,0.0,0.0,0.01,0.01,0.01,0.01,0.01,0.01,0.01,0.01,0.01,0.01,0.01,0.01,0.01,0.01,0.01,0.01,0.01,0.01,0.01,0.01,0.01,0.01,0.01,0.01,0.01,0.01,0.01,0.01,0.01,0.01,0.01,0.01,0.01,0.01,0.01,0.01,0.01,0.01,0.01,0.01,0.01,0.01,0.01,0.01,0.01,0.01,0.01,0.01,0.01,0.01,0.01,0.01,0.01,0.01,0.01,0.01,0.01,0.01,0.01,0.01,0.01,0.01,0.01,0.01,0.01,0.01,0.01,0.01,0.01,0.01,0.01,0.01,0.01,0.01,0.01,0.01,0.01,0.01,0.01,0.01,0.01,0.01,0.01,0.01,0.01,0.01,0.01,0.01,0.01,0.01,0.01,0.01,0.01,0.01,0.01,0.01,0.01,0.01,0.01,0.01,0.01,0.01,0.01,0.01,0.01,0.01,0.01,0.01,0.01,0.01,0.01,0.01,0.01,0.01,0.01,0.01,0.01,0.01,0.01,0.01,0.01,0.01,0.01,0.01,0.01,0.01,0.01,0.01,0.01,0.01,0.01,0.01,0.01,0.01,0.01,0.01,0.01,0.01,0.01,0.01,0.01,0.01,0.01,0.01,0.01,0.01,0.01,0.01,0.01,0.01,0.01,0.01,0.01,0.01,0.01,0.01,0.01,0.01,0.01,0.01,0.01,0.01,0.01,0.01,0.01,0.01,0.01,0.01,0.01,0.01,0.01,0.01,0.01,0.01,0.01,0.01,0.01,0.01,0.01,0.01,0.01,0.01,0.01,0.01,0.01,0.01,0.01,0.01,0.01,0.01,0.01,0.01,0.01,0.01,0.01,0.01,0.01,0.01,0.01,0.01
vanilla,2,143000,135.0538438896183,136.26872287504375,0.5031989812850952,1.31758713722229,6,0.3237000000000001,0.706,0.0151,0.0116,0.0038,0.0048,0.0042,0.0016,0.0054,0.0059,0.0047,0.0182,0.0054,0.0031,0.0021,0.0026,0.0024,0.0017,0.0063,0.0071,0.0033,0.0071,0.0049,0.0038,0.0014,0.0008,0.001,0.0002,0.0012,0.0005,0.0005,0.0039,0.0054,0.0035,0.0009,0.0007,0.0009,0.0004,0.0005,0.0011,0.0009,0.0062,0.0052,0.0024,0.0013,0.0002,0.0004,0.0003,0.0007,0.0014,0.0008,0.0048,0.0036,0.0032,0.0007,0.0004,0.0003,0.0004,0.0003,0.0009,0.0011,0.0028,0.0032,0.0026,0.0005,0.0003,0.0004,0.0001,0.0003,0.0011,0.0007,0.0028,0.0084,0.0079,0.0011,0.0006,0.001,0.0005,0.0011,0.0014,0.0012,0.0067,0.0047,0.0035,0.0007,0.001,0.0016,0.0004,0.0019,0.0026,0.0021,0.0047,0.014,0.0106,0.0037,0.0025,0.0039,0.0014,0.0042,0.0064,0.0054,0.0202,0.0,0.0,0.01,0.01,0.01,0.01,0.01,0.01,0.01,0.01,0.01,0.01,0.01,0.01,0.01,0.01,0.01,0.01,0.01,0.01,0.01,0.01,0.01,0.01,0.01,0.01,0.01,0.01,0.01,0.01,0.01,0.01,0.01,0.01,0.01,0.01,0.01,0.01,0.01,0.01,0.01,0.01,0.01,0.01,0.01,0.01,0.01,0.01,0.01,0.01,0.01,0.01,0.01,0.01,0.01,0.01,0.01,0.01,0.01,0.01,0.01,0.01,0.01,0.01,0.01,0.01,0.01,0.01,0.01,0.01,0.01,0.01,0.01,0.01,0.01,0.01,0.01,0.01,0.01,0.01,0.01,0.01,0.01,0.01,0.01,0.01,0.01,0.01,0.01,0.01,0.01,0.01,0.01,0.01,0.01,0.01,0.01,0.01,0.01,0.01,0.01,0.01,0.01,0.01,0.01,0.01,0.01,0.01,0.01,0.01,0.01,0.01,0.01,0.01,0.01,0.01,0.01,0.01,0.01,0.01,0.01,0.01,0.01,0.01,0.01,0.01,0.01,0.01,0.01,0.01,0.01,0.01,0.01,0.01,0.01,0.01,0.01,0.01,0.01,0.01,0.01,0.01,0.01,0.01,0.01,0.01,0.01,0.01,0.01,0.01,0.01,0.01,0.01,0.01,0.01,0.01,0.01,0.01,0.01,0.01,0.01,0.01,0.01,0.01,0.01,0.01,0.01,0.01,0.01,0.01,0.01,0.01,0.01,0.01,0.01,0.01,0.01,0.01,0.01,0.01,0.01,0.01,0.01,0.01,0.01,0.01,0.01,0.01,0.01,0.01,0.01,0.01,0.01,0.01,0.01,0.01,0.01,0.01,0.01,0.01,0.01,0.01
vanilla,2,144000,136.02871310035698,137.25695620907936,0.49533194303512573,1.227743148803711,6,0.32420000000000004,0.7007,0.0152,0.0124,0.0033,0.004,0.0031,0.0017,0.0075,0.0067,0.0036,0.0155,0.0045,0.0054,0.0016,0.0031,0.0027,0.0009,0.0076,0.0054,0.0017,0.0068,0.0042,0.0052,0.0019,0.0004,0.0006,0.0003,0.0008,0.001,0.0009,0.0036,0.0054,0.004,0.0013,0.0005,0.001,0.0004,0.0008,0.0011,0.0012,0.0054,0.0053,0.0036,0.0012,0.0005,0.0002,0.0,0.0008,0.0013,0.001,0.0046,0.0042,0.0038,0.0006,0.0004,0.0001,0.0001,0.0005,0.0008,0.0006,0.0033,0.0031,0.0035,0.0005,0.0004,0.0002,0.0003,0.0011,0.0008,0.0011,0.0033,0.0095,0.0091,0.0005,0.0002,0.0008,0.0003,0.0011,0.0008,0.0011,0.0076,0.0052,0.0036,0.0005,0.0007,0.0017,0.0006,0.0025,0.0021,0.0013,0.0041,0.0146,0.0119,0.0043,0.0029,0.004,0.0013,0.0057,0.0063,0.0047,0.0153,0.0,0.0,0.01,0.01,0.01,0.01,0.01,0.01,0.01,0.01,0.01,0.01,0.01,0.01,0.01,0.01,0.01,0.01,0.01,0.01,0.01,0.01,0.01,0.01,0.01,0.01,0.01,0.01,0.01,0.01,0.01,0.01,0.01,0.01,0.01,0.01,0.01,0.01,0.01,0.01,0.01,0.01,0.01,0.01,0.01,0.01,0.01,0.01,0.01,0.01,0.01,0.01,0.01,0.01,0.01,0.01,0.01,0.01,0.01,0.01,0.01,0.01,0.01,0.01,0.01,0.01,0.01,0.01,0.01,0.01,0.01,0.01,0.01,0.01,0.01,0.01,0.01,0.01,0.01,0.01,0.01,0.01,0.01,0.01,0.01,0.01,0.01,0.01,0.01,0.01,0.01,0.01,0.01,0.01,0.01,0.01,0.01,0.01,0.01,0.01,0.01,0.01,0.01,0.01,0.01,0.01,0.01,0.01,0.01,0.01,0.01,0.01,0.01,0.01,0.01,0.01,0.01,0.01,0.01,0.01,0.01,0.01,0.01,0.01,0.01,0.01,0.01,0.01,0.01,0.01,0.01,0.01,0.01,0.01,0.01,0.01,0.01,0.01,0.01,0.01,0.01,0.01,0.01,0.01,0.01,0.01,0.01,0.01,0.01,0.01,0.01,0.01,0.01,0.01,0.01,0.01,0.01,0.01,0.01,0.01,0.01,0.01,0.01,0.01,0.01,0.01,0.01,0.01,0.01,0.01,0.01,0.01,0.01,0.01,0.01,0.01,0.01,0.01,0.01,0.01,0.01,0.01,0.01,0.01,0.01,0.01,0.01,0.01,0.01,0.01,0.01,0.01,0.01,0.01,0.01,0.01,0.01,0.01,0.01,0.01,0.01,0.01
vanilla,2,145000,136.99614115303848,138.23627408407629,0.48125553131103516,1.1106585264205933,6,0.3315,0.7003999999999999,0.0161,0.0135,0.003,0.0036,0.0028,0.0021,0.0075,0.0066,0.0033,0.0162,0.005,0.0054,0.0014,0.0021,0.003,0.0016,0.007,0.0063,0.0016,0.0076,0.0047,0.0054,0.0016,0.0005,0.0007,0.0001,0.0011,0.0008,0.0008,0.0042,0.0062,0.0041,0.0013,0.0003,0.0006,0.0001,0.0012,0.0009,0.001,0.0059,0.0061,0.0044,0.0007,0.0005,0.0004,0.0,0.0008,0.0018,0.0012,0.0046,0.0038,0.003,0.0006,0.0002,0.0,0.0002,0.0005,0.0006,0.0007,0.003,0.0026,0.0027,0.0005,0.0006,0.0001,0.0004,0.0013,0.0011,0.0013,0.0026,0.0092,0.008,0.0007,0.0006,0.0012,0.0002,0.0015,0.0009,0.0007,0.0076,0.0046,0.0038,0.0007,0.0008,0.0012,0.0009,0.0019,0.0023,0.0013,0.0041,0.0153,0.0124,0.0039,0.0028,0.0046,0.0011,0.0057,0.0072,0.0044,0.0184,0.0,0.0,0.01,0.01,0.01,0.01,0.01,0.01,0.01,0.01,0.01,0.01,0.01,0.01,0.01,0.01,0.01,0.01,0.01,0.01,0.01,0.01,0.01,0.01,0.01,0.01,0.01,0.01,0.01,0.01,0.01,0.01,0.01,0.01,0.01,0.01,0.01,0.01,0.01,0.01,0.01,0.01,0.01,0.01,0.01,0.01,0.01,0.01,0.01,0.01,0.01,0.01,0.01,0.01,0.01,0.01,0.01,0.01,0.01,0.01,0.01,0.01,0.01,0.01,0.01,0.01,0.01,0.01,0.01,0.01,0.01,0.01,0.01,0.01,0.01,0.01,0.01,0.01,0.01,0.01,0.01,0.01,0.01,0.01,0.01,0.01,0.01,0.01,0.01,0.01,0.01,0.01,0.01,0.01,0.01,0.01,0.01,0.01,0.01,0.01,0.01,0.01,0.01,0.01,0.01,0.01,0.01,0.01,0.01,0.01,0.01,0.01,0.01,0.01,0.01,0.01,0.01,0.01,0.01,0.01,0.01,0.01,0.01,0.01,0.01,0.01,0.01,0.01,0.01,0.01,0.01,0.01,0.01,0.01,0.01,0.01,0.01,0.01,0.01,0.01,0.01,0.01,0.01,0.01,0.01,0.01,0.01,0.01,0.01,0.01,0.01,0.01,0.01,0.01,0.01,0.01,0.01,0.01,0.01,0.01,0.01,0.01,0.01,0.01,0.01,0.01,0.01,0.01,0.01,0.01,0.01,0.01,0.01,0.01,0.01,0.01,0.01,0.01,0.01,0.01,0.01,0.01,0.01,0.01,0.01,0.01,0.01,0.01,0.01,0.01,0.01,0.01,0.01,0.01,0.01,0.01,0.01,0.01,0.01,0.01,0.01,0.01
vanilla,2,146000,137.9431688991608,139.1964113340946,0.48179447650909424,1.243971824645996,5,0.3194,0.7048,0.015,0.014,0.0032,0.0045,0.0041,0.0014,0.0076,0.0062,0.0041,0.0166,0.0045,0.005,0.0014,0.0023,0.0027,0.0018,0.0085,0.0062,0.0025,0.0088,0.0042,0.0046,0.0015,0.0003,0.0008,0.0,0.0011,0.0007,0.001,0.0039,0.006,0.0043,0.0009,0.0004,0.0007,0.0005,0.0006,0.0012,0.0011,0.0065,0.0046,0.0041,0.0009,0.0003,0.0005,0.0,0.0011,0.0013,0.0011,0.0039,0.0036,0.0037,0.0006,0.0005,0.0001,0.0005,0.0004,0.0007,0.0008,0.0021,0.0025,0.0031,0.0005,0.0003,0.0,0.0003,0.0008,0.0011,0.0012,0.0024,0.0091,0.007,0.0014,0.0008,0.001,0.0002,0.0015,0.0012,0.0012,0.0073,0.0058,0.003,0.0008,0.0008,0.0012,0.0008,0.0019,0.0027,0.0008,0.0026,0.0168,0.0118,0.003,0.0026,0.0048,0.0009,0.0067,0.0077,0.0041,0.0062,0.0,0.0,0.01,0.01,0.01,0.01,0.01,0.01,0.01,0.01,0.01,0.01,0.01,0.01,0.01,0.01,0.01,0.01,0.01,0.01,0.01,0.01,0.01,0.01,0.01,0.01,0.01,0.01,0.01,0.01,0.01,0.01,0.01,0.01,0.01,0.01,0.01,0.01,0.01,0.01,0.01,0.01,0.01,0.01,0.01,0.01,0.01,0.01,0.01,0.01,0.01,0.01,0.01,0.01,0.01,0.01,0.01,0.01,0.01,0.01,0.01,0.01,0.01,0.01,0.01,0.01,0.01,0.01,0.01,0.01,0.01,0.01,0.01,0.01,0.01,0.01,0.01,0.01,0.01,0.01,0.01,0.01,0.01,0.01,0.01,0.01,0.01,0.01,0.01,0.01,0.01,0.01,0.01,0.01,0.01,0.01,0.01,0.01,0.01,0.01,0.01,0.01,0.01,0.01,0.01,0.01,0.01,0.01,0.01,0.01,0.01,0.01,0.01,0.01,0.01,0.01,0.01,0.01,0.01,0.01,0.01,0.01,0.01,0.01,0.01,0.01,0.01,0.01,0.01,0.01,0.01,0.01,0.01,0.01,0.01,0.01,0.01,0.01,0.01,0.01,0.01,0.01,0.01,0.01,0.01,0.01,0.01,0.01,0.01,0.01,0.01,0.01,0.01,0.01,0.01,0.01,0.01,0.01,0.01,0.01,0.01,0.01,0.01,0.01,0.01,0.01,0.01,0.01,0.01,0.01,0.01,0.01,0.01,0.01,0.01,0.01,0.01,0.01,0.01,0.01,0.01,0.01,0.01,0.01,0.01,0.01,0.01,0.01,0.01,0.01,0.01,0.01,0.01,0.01,0.01,0.01,0.01,0.01,0.01,0.01,0.01,0.01
vanilla,2,147000,138.90853218268603,140.1759301670827,0.4981188178062439,1.186124324798584,7,0.33129999999999993,0.6988,0.0171,0.0138,0.0033,0.0046,0.0034,0.002,0.0071,0.0054,0.0042,0.0196,0.0058,0.006,0.0018,0.0023,0.0022,0.0014,0.0058,0.0056,0.0031,0.0083,0.0049,0.0042,0.0016,0.0004,0.0009,0.0002,0.0011,0.0007,0.0008,0.0044,0.006,0.0043,0.0011,0.0005,0.0005,0.0003,0.0009,0.0012,0.0012,0.007,0.0052,0.004,0.0008,0.0002,0.0004,0.0,0.0007,0.0014,0.001,0.0047,0.0046,0.0031,0.0006,0.0003,0.0003,0.0005,0.0004,0.0008,0.001,0.0024,0.0029,0.003,0.0003,0.0004,0.0003,0.0005,0.0008,0.0008,0.0013,0.0029,0.0109,0.0076,0.0007,0.0007,0.0008,0.0003,0.001,0.001,0.0011,0.0083,0.005,0.0031,0.0006,0.001,0.0014,0.0006,0.0018,0.0033,0.001,0.0023,0.0159,0.0115,0.0028,0.0031,0.0038,0.0011,0.0064,0.0066,0.0057,0.0113,0.0,0.0,0.01,0.01,0.01,0.01,0.01,0.01,0.01,0.01,0.01,0.01,0.01,0.01,0.01,0.01,0.01,0.01,0.01,0.01,0.01,0.01,0.01,0.01,0.01,0.01,0.01,0.01,0.01,0.01,0.01,0.01,0.01,0.01,0.01,0.01,0.01,0.01,0.01,0.01,0.01,0.01,0.01,0.01,0.01,0.01,0.01,0.01,0.01,0.01,0.01,0.01,0.01,0.01,0.01,0.01,0.01,0.01,0.01,0.01,0.01,0.01,0.01,0.01,0.01,0.01,0.01,0.01,0.01,0.01,0.01,0.01,0.01,0.01,0.01,0.01,0.01,0.01,0.01,0.01,0.01,0.01,0.01,0.01,0.01,0.01,0.01,0.01,0.01,0.01,0.01,0.01,0.01,0.01,0.01,0.01,0.01,0.01,0.01,0.01,0.01,0.01,0.01,0.01,0.01,0.01,0.01,0.01,0.01,0.01,0.01,0.01,0.01,0.01,0.01,0.01,0.01,0.01,0.01,0.01,0.01,0.01,0.01,0.01,0.01,0.01,0.01,0.01,0.01,0.01,0.01,0.01,0.01,0.01,0.01,0.01,0.01,0.01,0.01,0.01,0.01,0.01,0.01,0.01,0.01,0.01,0.01,0.01,0.01,0.01,0.01,0.01,0.01,0.01,0.01,0.01,0.01,0.01,0.01,0.01,0.01,0.01,0.01,0.01,0.01,0.01,0.01,0.01,0.01,0.01,0.01,0.01,0.01,0.01,0.01,0.01,0.01,0.01,0.01,0.01,0.01,0.01,0.01,0.01,0.01,0.01,0.01,0.01,0.01,0.01,0.01,0.01,0.01,0.01,0.01,0.01,0.01,0.01,0.01,0.01,0.01,0.01
vanilla,2,148000,139.88403893157374,141.16493945906404,0.4939277172088623,1.2145740985870361,5,0.3044,0.7168,0.0138,0.0122,0.0032,0.0044,0.0032,0.0023,0.0075,0.0052,0.0039,0.0181,0.0048,0.0039,0.0015,0.0013,0.0016,0.0008,0.0045,0.0056,0.0026,0.0073,0.0052,0.0049,0.0013,0.0002,0.0006,0.0001,0.0012,0.0009,0.0012,0.0036,0.0062,0.0047,0.0009,0.0004,0.0005,0.0001,0.0014,0.0005,0.0009,0.0048,0.0071,0.0042,0.0009,0.0003,0.0001,0.0,0.0008,0.0019,0.0011,0.0042,0.0037,0.0029,0.0003,0.0004,0.0,0.0002,0.0001,0.0006,0.0006,0.0023,0.0026,0.0027,0.0004,0.0002,0.0002,0.0002,0.0007,0.0009,0.0011,0.0026,0.0096,0.0075,0.0006,0.0008,0.0007,0.0003,0.0014,0.0013,0.001,0.007,0.0057,0.0038,0.0008,0.001,0.0014,0.0005,0.0031,0.0028,0.001,0.0036,0.0156,0.0115,0.0032,0.0029,0.0034,0.0016,0.007,0.0073,0.0047,0.0027,0.0,0.0,0.01,0.01,0.01,0.01,0.01,0.01,0.01,0.01,0.01,0.01,0.01,0.01,0.01,0.01,0.01,0.01,0.01,0.01,0.01,0.01,0.01,0.01,0.01,0.01,0.01,0.01,0.01,0.01,0.01,0.01,0.01,0.01,0.01,0.01,0.01,0.01,0.01,0.01,0.01,0.01,0.01,0.01,0.01,0.01,0.01,0.01,0.01,0.01,0.01,0.01,0.01,0.01,0.01,0.01,0.01,0.01,0.01,0.01,0.01,0.01,0.01,0.01,0.01,0.01,0.01,0.01,0.01,0.01,0.01,0.01,0.01,0.01,0.01,0.01,0.01,0.01,0.01,0.01,0.01,0.01,0.01,0.01,0.01,0.01,0.01,0.01,0.01,0.01,0.01,0.01,0.01,0.01,0.01,0.01,0.01,0.01,0.01,0.01,0.01,0.01,0.01,0.01,0.01,0.01,0.01,0.01,0.01,0.01,0.01,0.01,0.01,0.01,0.01,0.01,0.01,0.01,0.01,0.01,0.01,0.01,0.01,0.01,0.01,0.01,0.01,0.01,0.01,0.01,0.01,0.01,0.01,0.01,0.01,0.01,0.01,0.01,0.01,0.01,0.01,0.01,0.01,0.01,0.01,0.01,0.01,0.01,0.01,0.01,0.01,0.01,0.01,0.01,0.01,0.01,0.01,0.01,0.01,0.01,0.01,0.01,0.01,0.01,0.01,0.01,0.01,0.01,0.01,0.01,0.01,0.01,0.01,0.01,0.01,0.01,0.01,0.01,0.01,0.01,0.01,0.01,0.01,0.01,0.01,0.01,0.01,0.01,0.01,0.01,0.01,0.01,0.01,0.01,0.01,0.01,0.01,0.01,0.01,0.01,0.01,0.01
vanilla,2,149000,140.85863835026976,142.15290054201614,0.4861496090888977,1.1196573972702026,5,0.30920000000000003,0.7199,0.012,0.0128,0.0025,0.0041,0.0029,0.0019,0.0073,0.0046,0.0032,0.0175,0.0045,0.0021,0.0008,0.0005,0.0008,0.0005,0.004,0.0033,0.0024,0.0067,0.0044,0.0037,0.0012,0.0002,0.0008,0.0001,0.0009,0.0014,0.0009,0.0047,0.0054,0.0048,0.0008,0.0005,0.0007,0.0,0.0014,0.0004,0.0009,0.0058,0.0063,0.0033,0.0012,0.0003,0.0002,0.0003,0.0003,0.0019,0.0008,0.0054,0.0038,0.0024,0.0004,0.0008,0.0002,0.0001,0.0003,0.0007,0.0011,0.0037,0.0028,0.0027,0.0006,0.0,0.0004,0.0006,0.0005,0.0011,0.0012,0.0031,0.0066,0.0057,0.0006,0.0004,0.0009,0.0003,0.0017,0.0013,0.0008,0.0065,0.0076,0.0043,0.0013,0.0014,0.0021,0.0009,0.0055,0.0024,0.0018,0.0056,0.0163,0.0093,0.0033,0.0024,0.0034,0.0007,0.0044,0.0057,0.0056,0.0205,0.0,0.0,0.01,0.01,0.01,0.01,0.01,0.01,0.01,0.01,0.01,0.01,0.01,0.01,0.01,0.01,0.01,0.01,0.01,0.01,0.01,0.01,0.01,0.01,0.01,0.01,0.01,0.01,0.01,0.01,0.01,0.01,0.01,0.01,0.01,0.01,0.01,0.01,0.01,0.01,0.01,0.01,0.01,0.01,0.01,0.01,0.01,0.01,0.01,0.01,0.01,0.01,0.01,0.01,0.01,0.01,0.01,0.01,0.01,0.01,0.01,0.01,0.01,0.01,0.01,0.01,0.01,0.01,0.01,0.01,0.01,0.01,0.01,0.01,0.01,0.01,0.01,0.01,0.01,0.01,0.01,0.01,0.01,0.01,0.01,0.01,0.01,0.01,0.01,0.01,0.01,0.01,0.01,0.01,0.01,0.01,0.01,0.01,0.01,0.01,0.01,0.01,0.01,0.01,0.01,0.01,0.01,0.01,0.01,0.01,0.01,0.01,0.01,0.01,0.01,0.01,0.01,0.01,0.01,0.01,0.01,0.01,0.01,0.01,0.01,0.01,0.01,0.01,0.01,0.01,0.01,0.01,0.01,0.01,0.01,0.01,0.01,0.01,0.01,0.01,0.01,0.01,0.01,0.01,0.01,0.01,0.01,0.01,0.01,0.01,0.01,0.01,0.01,0.01,0.01,0.01,0.01,0.01,0.01,0.01,0.01,0.01,0.01,0.01,0.01,0.01,0.01,0.01,0.01,0.01,0.01,0.01,0.01,0.01,0.01,0.01,0.01,0.01,0.01,0.01,0.01,0.01,0.01,0.01,0.01,0.01,0.01,0.01,0.01,0.01,0.01,0.01,0.01,0.01,0.01,0.01,0.01,0.01,0.01,0.01,0.01,0.01
vanilla,2,150000,141.8245165355038,143.13143362500705,0.49678879976272583,1.3369872570037842,6,0.33299999999999996,0.7023,0.0144,0.0133,0.0032,0.0044,0.0041,0.0018,0.0059,0.0054,0.0035,0.0177,0.0049,0.0033,0.0013,0.0011,0.0013,0.0009,0.0051,0.0043,0.0033,0.0067,0.0044,0.0046,0.0009,0.0003,0.0008,0.0003,0.001,0.0012,0.0009,0.0032,0.0068,0.005,0.0008,0.0009,0.0011,0.0002,0.0015,0.0004,0.0009,0.0055,0.0069,0.0042,0.0014,0.0004,0.0002,0.0001,0.0004,0.0018,0.001,0.0046,0.0034,0.0025,0.0007,0.0004,0.0004,0.0002,0.0006,0.0006,0.0013,0.0035,0.0027,0.003,0.0005,0.0,0.0004,0.0003,0.0005,0.0014,0.0007,0.0027,0.0083,0.008,0.0006,0.0007,0.0006,0.0002,0.0016,0.0012,0.0007,0.0054,0.007,0.0055,0.0012,0.0013,0.0016,0.0009,0.0049,0.0029,0.0016,0.0045,0.0162,0.0127,0.0036,0.003,0.004,0.0014,0.006,0.0066,0.0064,0.021,0.0,0.0,0.01,0.01,0.01,0.01,0.01,0.01,0.01,0.01,0.01,0.01,0.01,0.01,0.01,0.01,0.01,0.01,0.01,0.01,0.01,0.01,0.01,0.01,0.01,0.01,0.01,0.01,0.01,0.01,0.01,0.01,0.01,0.01,0.01,0.01,0.01,0.01,0.01,0.01,0.01,0.01,0.01,0.01,0.01,0.01,0.01,0.01,0.01,0.01,0.01,0.01,0.01,0.01,0.01,0.01,0.01,0.01,0.01,0.01,0.01,0.01,0.01,0.01,0.01,0.01,0.01,0.01,0.01,0.01,0.01,0.01,0.01,0.01,0.01,0.01,0.01,0.01,0.01,0.01,0.01,0.01,0.01,0.01,0.01,0.01,0.01,0.01,0.01,0.01,0.01,0.01,0.01,0.01,0.01,0.01,0.01,0.01,0.01,0.01,0.01,0.01,0.01,0.01,0.01,0.01,0.01,0.01,0.01,0.01,0.01,0.01,0.01,0.01,0.01,0.01,0.01,0.01,0.01,0.01,0.01,0.01,0.01,0.01,0.01,0.01,0.01,0.01,0.01,0.01,0.01,0.01,0.01,0.01,0.01,0.01,0.01,0.01,0.01,0.01,0.01,0.01,0.01,0.01,0.01,0.01,0.01,0.01,0.01,0.01,0.01,0.01,0.01,0.01,0.01,0.01,0.01,0.01,0.01,0.01,0.01,0.01,0.01,0.01,0.01,0.01,0.01,0.01,0.01,0.01,0.01,0.01,0.01,0.01,0.01,0.01,0.01,0.01,0.01,0.01,0.01,0.01,0.01,0.01,0.01,0.01,0.01,0.01,0.01,0.01,0.01,0.01,0.01,0.01,0.01,0.01,0.01,0.01,0.01,0.01,0.01,0.01
