method,seed,step,training_seconds,wall_seconds,d_loss,g_loss,coverage,valid_fraction,mode_tv,mode_0_mass,mode_1_mass,mode_2_mass,mode_3_mass,mode_4_mass,mode_5_mass,mode_6_mass,mode_7_mass,mode_8_mass,mode_9_mass,mode_10_mass,mode_11_mass,mode_12_mass,mode_13_mass,mode_14_mass,mode_15_mass,mode_16_mass,mode_17_mass,mode_18_mass,mode_19_mass,mode_20_mass,mode_21_mass,mode_22_mass,mode_23_mass,mode_24_mass,mode_25_mass,mode_26_mass,mode_27_mass,mode_28_mass,mode_29_mass,mode_30_mass,mode_31_mass,mode_32_mass,mode_33_mass,mode_34_mass,mode_35_mass,mode_36_mass,mode_37_mass,mode_38_mass,mode_39_mass,mode_40_mass,mode_41_mass,mode_42_mass,mode_43_mass,mode_44_mass,mode_45_mass,mode_46_mass,mode_47_mass,mode_48_mass,mode_49_mass,mode_50_mass,mode_51_mass,mode_52_mass,mode_53_mass,mode_54_mass,mode_55_mass,mode_56_mass,mode_57_mass,mode_58_mass,mode_59_mass,mode_60_mass,mode_61_mass,mode_62_mass,mode_63_mass,mode_64_mass,mode_65_mass,mode_66_mass,mode_67_mass,mode_68_mass,mode_69_mass,mode_70_mass,mode_71_mass,mode_72_mass,mode_73_mass,mode_74_mass,mode_75_mass,mode_76_mass,mode_77_mass,mode_78_mass,mode_79_mass,mode_80_mass,mode_81_mass,mode_82_mass,mode_83_mass,mode_84_mass,mode_85_mass,mode_86_mass,mode_87_mass,mode_88_mass,mode_89_mass,mode_90_mass,mode_91_mass,mode_92_mass,mode_93_mass,mode_94_mass,mode_95_mass,mode_96_mass,mode_97_mass,mode_98_mass,mode_99_mass,d_pair_rms_before_mean,d_pair_rms_after_mean,reference_weight_0,reference_weight_1,reference_weight_2,reference_weight_3,reference_weight_4,reference_weight_5,reference_weight_6,reference_weight_7,reference_weight_8,reference_weight_9,reference_weight_10,reference_weight_11,reference_weight_12,reference_weight_13,reference_weight_14,reference_weight_15,reference_weight_16,reference_weight_17,reference_weight_18,reference_weight_19,reference_weight_20,reference_weight_21,reference_weight_22,reference_weight_23,reference_weight_24,reference_weight_25,reference_weight_26,reference_weight_27,reference_weight_28,reference_weight_29,reference_weight_30,reference_weight_31,reference_weight_32,reference_weight_33,reference_weight_34,reference_weight_35,reference_weight_36,reference_weight_37,reference_weight_38,reference_weight_39,reference_weight_40,reference_weight_41,reference_weight_42,reference_weight_43,reference_weight_44,reference_weight_45,reference_weight_46,reference_weight_47,reference_weight_48,reference_weight_49,reference_weight_50,reference_weight_51,reference_weight_52,reference_weight_53,reference_weight_54,reference_weight_55,reference_weight_56,reference_weight_57,reference_weight_58,reference_weight_59,reference_weight_60,reference_weight_61,reference_weight_62,reference_weight_63,reference_weight_64,reference_weight_65,reference_weight_66,reference_weight_67,reference_weight_68,reference_weight_69,reference_weight_70,reference_weight_71,reference_weight_72,reference_weight_73,reference_weight_74,reference_weight_75,reference_weight_76,reference_weight_77,reference_weight_78,reference_weight_79,reference_weight_80,reference_weight_81,reference_weight_82,reference_weight_83,reference_weight_84,reference_weight_85,reference_weight_86,reference_weight_87,reference_weight_88,reference_weight_89,reference_weight_90,reference_weight_91,reference_weight_92,reference_weight_93,reference_weight_94,reference_weight_95,reference_weight_96,reference_weight_97,reference_weight_98,reference_weight_99,ema_mass_0,ema_mass_1,ema_mass_2,ema_mass_3,ema_mass_4,ema_mass_5,ema_mass_6,ema_mass_7,ema_mass_8,ema_mass_9,ema_mass_10,ema_mass_11,ema_mass_12,ema_mass_13,ema_mass_14,ema_mass_15,ema_mass_16,ema_mass_17,ema_mass_18,ema_mass_19,ema_mass_20,ema_mass_21,ema_mass_22,ema_mass_23,ema_mass_24,ema_mass_25,ema_mass_26,ema_mass_27,ema_mass_28,ema_mass_29,ema_mass_30,ema_mass_31,ema_mass_32,ema_mass_33,ema_mass_34,ema_mass_35,ema_mass_36,ema_mass_37,ema_mass_38,ema_mass_39,ema_mass_40,ema_mass_41,ema_mass_42,ema_mass_43,ema_mass_44,ema_mass_45,ema_mass_46,ema_mass_47,ema_mass_48,ema_mass_49,ema_mass_50,ema_mass_51,ema_mass_52,ema_mass_53,ema_mass_54,ema_mass_55,ema_mass_56,ema_mass_57,ema_mass_58,ema_mass_59,ema_mass_60,ema_mass_61,ema_mass_62,ema_mass_63,ema_mass_64,ema_mass_65,ema_mass_66,ema_mass_67,ema_mass_68,ema_mass_69,ema_mass_70,ema_mass_71,ema_mass_72,ema_mass_73,ema_mass_74,ema_mass_75,ema_mass_76,ema_mass_77,ema_mass_78,ema_mass_79,ema_mass_80,ema_mass_81,ema_mass_82,ema_mass_83,ema_mass_84,ema_mass_85,ema_mass_86,ema_mass_87,ema_mass_88,ema_mass_89,ema_mass_90,ema_mass_91,ema_mass_92,ema_mass_93,ema_mass_94,ema_mass_95,ema_mass_96,ema_mass_97,ema_mass_98,ema_mass_99
paired,1,0,0.0,0.01088954193983227,nan,nan,0,0.0,1.0,0.0,0.0,0.0,0.0,0.0,0.0,0.0,0.0,0.0,0.0,0.0,0.0,0.0,0.0,0.0,0.0,0.0,0.0,0.0,0.0,0.0,0.0,0.0,0.0,0.0,0.0,0.0,0.0,0.0,0.0,0.0,0.0,0.0,0.0,0.0,0.0,0.0,0.0,0.0,0.0,0.0,0.0,0.0,0.0,0.0,0.0,0.0,0.0,0.0,0.0,0.0,0.0,0.0,0.0,0.0,0.0,0.0,0.0,0.0,0.0,0.0,0.0,0.0,0.0,0.0,0.0,0.0,0.0,0.0,0.0,0.0,0.0,0.0,0.0,0.0,0.0,0.0,0.0,0.0,0.0,0.0,0.0,0.0,0.0,0.0,0.0,0.0,0.0,0.0,0.0,0.0,0.0,0.0,0.0,0.0,0.0,0.0,0.0,0.0,0.0,0.0,0.0,0.01,0.01,0.01,0.01,0.01,0.01,0.01,0.01,0.01,0.01,0.01,0.01,0.01,0.01,0.01,0.01,0.01,0.01,0.01,0.01,0.01,0.01,0.01,0.01,0.01,0.01,0.01,0.01,0.01,0.01,0.01,0.01,0.01,0.01,0.01,0.01,0.01,0.01,0.01,0.01,0.01,0.01,0.01,0.01,0.01,0.01,0.01,0.01,0.01,0.01,0.01,0.01,0.01,0.01,0.01,0.01,0.01,0.01,0.01,0.01,0.01,0.01,0.01,0.01,0.01,0.01,0.01,0.01,0.01,0.01,0.01,0.01,0.01,0.01,0.01,0.01,0.01,0.01,0.01,0.01,0.01,0.01,0.01,0.01,0.01,0.01,0.01,0.01,0.01,0.01,0.01,0.01,0.01,0.01,0.01,0.01,0.01,0.01,0.01,0.01,0.01,0.01,0.01,0.01,0.01,0.01,0.01,0.01,0.01,0.01,0.01,0.01,0.01,0.01,0.01,0.01,0.01,0.01,0.01,0.01,0.01,0.01,0.01,0.01,0.01,0.01,0.01,0.01,0.01,0.01,0.01,0.01,0.01,0.01,0.01,0.01,0.01,0.01,0.01,0.01,0.01,0.01,0.01,0.01,0.01,0.01,0.01,0.01,0.01,0.01,0.01,0.01,0.01,0.01,0.01,0.01,0.01,0.01,0.01,0.01,0.01,0.01,0.01,0.01,0.01,0.01,0.01,0.01,0.01,0.01,0.01,0.01,0.01,0.01,0.01,0.01,0.01,0.01,0.01,0.01,0.01,0.01,0.01,0.01,0.01,0.01,0.01,0.01,0.01,0.01,0.01,0.01,0.01,0.01,0.01,0.01,0.01,0.01,0.01,0.01
paired,1,1000,0.9541297786636278,0.984219416975975,0.6830189824104309,0.7123357057571411,0,0.1068,0.8932,0.0002,0.0004,0.001,0.0006,0.001,0.0008,0.0003,0.0003,0.0005,0.0001,0.0005,0.0005,0.0008,0.0009,0.0012,0.0018,0.0012,0.0013,0.0008,0.0004,0.0002,0.0003,0.0011,0.0023,0.0016,0.0016,0.0019,0.0012,0.0009,0.0013,0.001,0.0008,0.0013,0.0022,0.0028,0.0024,0.0016,0.0017,0.0013,0.0009,0.0006,0.001,0.0019,0.0014,0.0012,0.0013,0.001,0.0009,0.0016,0.0012,0.0003,0.0014,0.0021,0.0019,0.0014,0.0016,0.0019,0.0012,0.0009,0.0009,0.0006,0.0016,0.002,0.0012,0.0009,0.0007,0.0016,0.0004,0.0008,0.0006,0.0005,0.0013,0.0015,0.0017,0.0013,0.0023,0.0012,0.0013,0.0013,0.0009,0.0003,0.001,0.0007,0.0015,0.001,0.0008,0.0013,0.0011,0.0009,0.0005,0.0004,0.0004,0.0008,0.001,0.0009,0.0005,0.0003,0.0005,0.0002,0.0003,0.0,0.0,0.01,0.01,0.01,0.01,0.01,0.01,0.01,0.01,0.01,0.01,0.01,0.01,0.01,0.01,0.01,0.01,0.01,0.01,0.01,0.01,0.01,0.01,0.01,0.01,0.01,0.01,0.01,0.01,0.01,0.01,0.01,0.01,0.01,0.01,0.01,0.01,0.01,0.01,0.01,0.01,0.01,0.01,0.01,0.01,0.01,0.01,0.01,0.01,0.01,0.01,0.01,0.01,0.01,0.01,0.01,0.01,0.01,0.01,0.01,0.01,0.01,0.01,0.01,0.01,0.01,0.01,0.01,0.01,0.01,0.01,0.01,0.01,0.01,0.01,0.01,0.01,0.01,0.01,0.01,0.01,0.01,0.01,0.01,0.01,0.01,0.01,0.01,0.01,0.01,0.01,0.01,0.01,0.01,0.01,0.01,0.01,0.01,0.01,0.01,0.01,0.01,0.01,0.01,0.01,0.01,0.01,0.01,0.01,0.01,0.01,0.01,0.01,0.01,0.01,0.01,0.01,0.01,0.01,0.01,0.01,0.01,0.01,0.01,0.01,0.01,0.01,0.01,0.01,0.01,0.01,0.01,0.01,0.01,0.01,0.01,0.01,0.01,0.01,0.01,0.01,0.01,0.01,0.01,0.01,0.01,0.01,0.01,0.01,0.01,0.01,0.01,0.01,0.01,0.01,0.01,0.01,0.01,0.01,0.01,0.01,0.01,0.01,0.01,0.01,0.01,0.01,0.01,0.01,0.01,0.01,0.01,0.01,0.01,0.01,0.01,0.01,0.01,0.01,0.01,0.01,0.01,0.01,0.01,0.01,0.01,0.01,0.01,0.01,0.01,0.01,0.01,0.01,0.01,0.01,0.01,0.01,0.01,0.01,0.01,0.01
paired,1,2000,1.869182480731979,1.9037369169527665,0.6976807117462158,0.6973644495010376,0,0.11699999999999999,0.883,0.0002,0.0011,0.0006,0.0003,0.0001,0.0007,0.0003,0.0008,0.0005,0.0006,0.0003,0.0011,0.0018,0.0009,0.0012,0.0011,0.001,0.001,0.0016,0.0008,0.0006,0.0009,0.0018,0.0022,0.0017,0.0014,0.0024,0.0017,0.0013,0.0003,0.0005,0.0011,0.0014,0.0016,0.0018,0.0022,0.0013,0.0022,0.0018,0.0006,0.0005,0.001,0.0024,0.0026,0.0016,0.0014,0.0012,0.0015,0.0011,0.0003,0.0006,0.001,0.0018,0.0024,0.0014,0.0018,0.0021,0.0011,0.0009,0.0004,0.0004,0.0017,0.0017,0.002,0.0021,0.0019,0.0017,0.0013,0.0014,0.0004,0.0003,0.001,0.0024,0.002,0.002,0.0017,0.002,0.0013,0.0011,0.0004,0.0006,0.0015,0.001,0.001,0.0011,0.0012,0.0014,0.0017,0.0012,0.0007,0.0003,0.0002,0.0008,0.0002,0.0004,0.0006,0.0002,0.0012,0.0006,0.0004,0.0,0.0,0.01,0.01,0.01,0.01,0.01,0.01,0.01,0.01,0.01,0.01,0.01,0.01,0.01,0.01,0.01,0.01,0.01,0.01,0.01,0.01,0.01,0.01,0.01,0.01,0.01,0.01,0.01,0.01,0.01,0.01,0.01,0.01,0.01,0.01,0.01,0.01,0.01,0.01,0.01,0.01,0.01,0.01,0.01,0.01,0.01,0.01,0.01,0.01,0.01,0.01,0.01,0.01,0.01,0.01,0.01,0.01,0.01,0.01,0.01,0.01,0.01,0.01,0.01,0.01,0.01,0.01,0.01,0.01,0.01,0.01,0.01,0.01,0.01,0.01,0.01,0.01,0.01,0.01,0.01,0.01,0.01,0.01,0.01,0.01,0.01,0.01,0.01,0.01,0.01,0.01,0.01,0.01,0.01,0.01,0.01,0.01,0.01,0.01,0.01,0.01,0.01,0.01,0.01,0.01,0.01,0.01,0.01,0.01,0.01,0.01,0.01,0.01,0.01,0.01,0.01,0.01,0.01,0.01,0.01,0.01,0.01,0.01,0.01,0.01,0.01,0.01,0.01,0.01,0.01,0.01,0.01,0.01,0.01,0.01,0.01,0.01,0.01,0.01,0.01,0.01,0.01,0.01,0.01,0.01,0.01,0.01,0.01,0.01,0.01,0.01,0.01,0.01,0.01,0.01,0.01,0.01,0.01,0.01,0.01,0.01,0.01,0.01,0.01,0.01,0.01,0.01,0.01,0.01,0.01,0.01,0.01,0.01,0.01,0.01,0.01,0.01,0.01,0.01,0.01,0.01,0.01,0.01,0.01,0.01,0.01,0.01,0.01,0.01,0.01,0.01,0.01,0.01,0.01,0.01,0.01,0.01,0.01,0.01,0.01,0.01
paired,1,3000,2.732012683991343,2.7705807079328224,0.692996621131897,0.6976462602615356,0,0.11450000000000005,0.8855,0.0003,0.0011,0.001,0.0006,0.0003,0.0004,0.0006,0.001,0.0008,0.0003,0.0006,0.0013,0.0017,0.0011,0.001,0.0014,0.0013,0.0016,0.0017,0.0011,0.0004,0.001,0.0018,0.0019,0.0029,0.0016,0.0013,0.0016,0.0012,0.0004,0.0004,0.0007,0.0014,0.0011,0.0011,0.0014,0.0019,0.0017,0.0017,0.0004,0.0003,0.0012,0.0021,0.0019,0.0015,0.0013,0.0016,0.0017,0.0016,0.0003,0.0007,0.0009,0.0016,0.0019,0.0014,0.0019,0.0023,0.0018,0.0016,0.0004,0.0002,0.0017,0.0014,0.0009,0.0023,0.0022,0.0016,0.0011,0.0014,0.0005,0.0003,0.0014,0.0019,0.0012,0.0019,0.0015,0.0019,0.0015,0.0017,0.0009,0.0003,0.0014,0.0015,0.0015,0.0005,0.0009,0.0011,0.001,0.0009,0.001,0.0002,0.0007,0.0002,0.0003,0.0002,0.0007,0.0001,0.0003,0.0006,0.0005,0.0,0.0,0.01,0.01,0.01,0.01,0.01,0.01,0.01,0.01,0.01,0.01,0.01,0.01,0.01,0.01,0.01,0.01,0.01,0.01,0.01,0.01,0.01,0.01,0.01,0.01,0.01,0.01,0.01,0.01,0.01,0.01,0.01,0.01,0.01,0.01,0.01,0.01,0.01,0.01,0.01,0.01,0.01,0.01,0.01,0.01,0.01,0.01,0.01,0.01,0.01,0.01,0.01,0.01,0.01,0.01,0.01,0.01,0.01,0.01,0.01,0.01,0.01,0.01,0.01,0.01,0.01,0.01,0.01,0.01,0.01,0.01,0.01,0.01,0.01,0.01,0.01,0.01,0.01,0.01,0.01,0.01,0.01,0.01,0.01,0.01,0.01,0.01,0.01,0.01,0.01,0.01,0.01,0.01,0.01,0.01,0.01,0.01,0.01,0.01,0.01,0.01,0.01,0.01,0.01,0.01,0.01,0.01,0.01,0.01,0.01,0.01,0.01,0.01,0.01,0.01,0.01,0.01,0.01,0.01,0.01,0.01,0.01,0.01,0.01,0.01,0.01,0.01,0.01,0.01,0.01,0.01,0.01,0.01,0.01,0.01,0.01,0.01,0.01,0.01,0.01,0.01,0.01,0.01,0.01,0.01,0.01,0.01,0.01,0.01,0.01,0.01,0.01,0.01,0.01,0.01,0.01,0.01,0.01,0.01,0.01,0.01,0.01,0.01,0.01,0.01,0.01,0.01,0.01,0.01,0.01,0.01,0.01,0.01,0.01,0.01,0.01,0.01,0.01,0.01,0.01,0.01,0.01,0.01,0.01,0.01,0.01,0.01,0.01,0.01,0.01,0.01,0.01,0.01,0.01,0.01,0.01,0.01,0.01,0.01,0.01,0.01
paired,1,4000,3.5952925259480253,3.6376466249348596,0.6925979852676392,0.6992703676223755,0,0.11209999999999998,0.8879,0.0002,0.0009,0.0001,0.0004,0.0005,0.0005,0.0012,0.0007,0.0002,0.0006,0.0007,0.0014,0.0012,0.0016,0.0007,0.0016,0.0007,0.0012,0.001,0.0006,0.0008,0.0013,0.0021,0.0012,0.0026,0.0017,0.001,0.001,0.0009,0.0006,0.0006,0.0013,0.0019,0.001,0.0013,0.0014,0.0012,0.0011,0.0014,0.0005,0.0003,0.0016,0.0013,0.0021,0.0017,0.0014,0.0013,0.0015,0.0013,0.0007,0.0004,0.0014,0.0017,0.0014,0.0008,0.0025,0.0014,0.0014,0.0018,0.0004,0.0004,0.0014,0.0019,0.0016,0.0009,0.0013,0.0011,0.0012,0.001,0.0008,0.0004,0.0012,0.0012,0.0016,0.0017,0.0016,0.0018,0.0021,0.0009,0.0008,0.0009,0.0013,0.0019,0.0019,0.0008,0.001,0.0013,0.0017,0.0016,0.0011,0.0007,0.0014,0.0004,0.0002,0.0008,0.0006,0.0003,0.0006,0.001,0.0004,0.0,0.0,0.01,0.01,0.01,0.01,0.01,0.01,0.01,0.01,0.01,0.01,0.01,0.01,0.01,0.01,0.01,0.01,0.01,0.01,0.01,0.01,0.01,0.01,0.01,0.01,0.01,0.01,0.01,0.01,0.01,0.01,0.01,0.01,0.01,0.01,0.01,0.01,0.01,0.01,0.01,0.01,0.01,0.01,0.01,0.01,0.01,0.01,0.01,0.01,0.01,0.01,0.01,0.01,0.01,0.01,0.01,0.01,0.01,0.01,0.01,0.01,0.01,0.01,0.01,0.01,0.01,0.01,0.01,0.01,0.01,0.01,0.01,0.01,0.01,0.01,0.01,0.01,0.01,0.01,0.01,0.01,0.01,0.01,0.01,0.01,0.01,0.01,0.01,0.01,0.01,0.01,0.01,0.01,0.01,0.01,0.01,0.01,0.01,0.01,0.01,0.01,0.01,0.01,0.01,0.01,0.01,0.01,0.01,0.01,0.01,0.01,0.01,0.01,0.01,0.01,0.01,0.01,0.01,0.01,0.01,0.01,0.01,0.01,0.01,0.01,0.01,0.01,0.01,0.01,0.01,0.01,0.01,0.01,0.01,0.01,0.01,0.01,0.01,0.01,0.01,0.01,0.01,0.01,0.01,0.01,0.01,0.01,0.01,0.01,0.01,0.01,0.01,0.01,0.01,0.01,0.01,0.01,0.01,0.01,0.01,0.01,0.01,0.01,0.01,0.01,0.01,0.01,0.01,0.01,0.01,0.01,0.01,0.01,0.01,0.01,0.01,0.01,0.01,0.01,0.01,0.01,0.01,0.01,0.01,0.01,0.01,0.01,0.01,0.01,0.01,0.01,0.01,0.01,0.01,0.01,0.01,0.01,0.01,0.01,0.01,0.01
paired,1,5000,4.450473258737475,4.496637249947526,0.6822121143341064,0.6978981494903564,0,0.11599999999999999,0.8839999999999999,0.0005,0.0007,0.0004,0.0002,0.0004,0.0005,0.0005,0.0006,0.0006,0.0005,0.0007,0.0016,0.0016,0.0017,0.0008,0.0014,0.0011,0.0013,0.0014,0.0003,0.0006,0.0014,0.0021,0.0012,0.0016,0.0026,0.0012,0.0013,0.001,0.0007,0.0005,0.0012,0.0018,0.0011,0.0013,0.0013,0.0018,0.0012,0.0012,0.0008,0.0001,0.002,0.0025,0.0018,0.0016,0.0017,0.0008,0.0014,0.0018,0.0001,0.0005,0.0016,0.0018,0.0019,0.0009,0.0013,0.0016,0.0017,0.0008,0.0002,0.0003,0.0019,0.0025,0.0006,0.0017,0.0013,0.0015,0.0015,0.0016,0.0007,0.0005,0.0023,0.0016,0.0017,0.002,0.0019,0.0014,0.0021,0.0014,0.0005,0.0008,0.0014,0.0016,0.0014,0.0014,0.0014,0.0016,0.0017,0.0012,0.0002,0.0003,0.0007,0.0004,0.0005,0.0007,0.0005,0.0008,0.0009,0.0004,0.0003,0.0,0.0,0.01,0.01,0.01,0.01,0.01,0.01,0.01,0.01,0.01,0.01,0.01,0.01,0.01,0.01,0.01,0.01,0.01,0.01,0.01,0.01,0.01,0.01,0.01,0.01,0.01,0.01,0.01,0.01,0.01,0.01,0.01,0.01,0.01,0.01,0.01,0.01,0.01,0.01,0.01,0.01,0.01,0.01,0.01,0.01,0.01,0.01,0.01,0.01,0.01,0.01,0.01,0.01,0.01,0.01,0.01,0.01,0.01,0.01,0.01,0.01,0.01,0.01,0.01,0.01,0.01,0.01,0.01,0.01,0.01,0.01,0.01,0.01,0.01,0.01,0.01,0.01,0.01,0.01,0.01,0.01,0.01,0.01,0.01,0.01,0.01,0.01,0.01,0.01,0.01,0.01,0.01,0.01,0.01,0.01,0.01,0.01,0.01,0.01,0.01,0.01,0.01,0.01,0.01,0.01,0.01,0.01,0.01,0.01,0.01,0.01,0.01,0.01,0.01,0.01,0.01,0.01,0.01,0.01,0.01,0.01,0.01,0.01,0.01,0.01,0.01,0.01,0.01,0.01,0.01,0.01,0.01,0.01,0.01,0.01,0.01,0.01,0.01,0.01,0.01,0.01,0.01,0.01,0.01,0.01,0.01,0.01,0.01,0.01,0.01,0.01,0.01,0.01,0.01,0.01,0.01,0.01,0.01,0.01,0.01,0.01,0.01,0.01,0.01,0.01,0.01,0.01,0.01,0.01,0.01,0.01,0.01,0.01,0.01,0.01,0.01,0.01,0.01,0.01,0.01,0.01,0.01,0.01,0.01,0.01,0.01,0.01,0.01,0.01,0.01,0.01,0.01,0.01,0.01,0.01,0.01,0.01,0.01,0.01,0.01,0.01
paired,1,6000,5.303391895373352,5.353536416892894,0.6885935068130493,0.7095023393630981,0,0.1159,0.8841,0.0003,0.0005,0.0008,0.0002,0.001,0.0011,0.0015,0.0016,0.0016,0.0006,0.0006,0.0018,0.0015,0.0015,0.002,0.0023,0.0025,0.0028,0.0015,0.0012,0.0003,0.0012,0.0012,0.0011,0.0006,0.0009,0.0015,0.0014,0.002,0.001,0.0005,0.002,0.001,0.0009,0.0006,0.001,0.0012,0.0016,0.0014,0.0008,0.0,0.0013,0.0021,0.0017,0.0011,0.0018,0.0014,0.001,0.0012,0.0004,0.0005,0.0012,0.0014,0.0015,0.001,0.0007,0.0009,0.0011,0.0007,0.0007,0.0003,0.0015,0.0019,0.0007,0.0008,0.0008,0.0025,0.0009,0.0015,0.0008,0.0004,0.0023,0.0026,0.0009,0.0008,0.002,0.0018,0.0018,0.0013,0.0006,0.0006,0.0026,0.0021,0.0018,0.0013,0.0019,0.0015,0.0011,0.0015,0.0005,0.0002,0.0005,0.0003,0.0005,0.0003,0.0003,0.0005,0.0003,0.0004,0.0007,0.0,0.0,0.01,0.01,0.01,0.01,0.01,0.01,0.01,0.01,0.01,0.01,0.01,0.01,0.01,0.01,0.01,0.01,0.01,0.01,0.01,0.01,0.01,0.01,0.01,0.01,0.01,0.01,0.01,0.01,0.01,0.01,0.01,0.01,0.01,0.01,0.01,0.01,0.01,0.01,0.01,0.01,0.01,0.01,0.01,0.01,0.01,0.01,0.01,0.01,0.01,0.01,0.01,0.01,0.01,0.01,0.01,0.01,0.01,0.01,0.01,0.01,0.01,0.01,0.01,0.01,0.01,0.01,0.01,0.01,0.01,0.01,0.01,0.01,0.01,0.01,0.01,0.01,0.01,0.01,0.01,0.01,0.01,0.01,0.01,0.01,0.01,0.01,0.01,0.01,0.01,0.01,0.01,0.01,0.01,0.01,0.01,0.01,0.01,0.01,0.01,0.01,0.01,0.01,0.01,0.01,0.01,0.01,0.01,0.01,0.01,0.01,0.01,0.01,0.01,0.01,0.01,0.01,0.01,0.01,0.01,0.01,0.01,0.01,0.01,0.01,0.01,0.01,0.01,0.01,0.01,0.01,0.01,0.01,0.01,0.01,0.01,0.01,0.01,0.01,0.01,0.01,0.01,0.01,0.01,0.01,0.01,0.01,0.01,0.01,0.01,0.01,0.01,0.01,0.01,0.01,0.01,0.01,0.01,0.01,0.01,0.01,0.01,0.01,0.01,0.01,0.01,0.01,0.01,0.01,0.01,0.01,0.01,0.01,0.01,0.01,0.01,0.01,0.01,0.01,0.01,0.01,0.01,0.01,0.01,0.01,0.01,0.01,0.01,0.01,0.01,0.01,0.01,0.01,0.01,0.01,0.01,0.01,0.01,0.01,0.01,0.01
paired,1,7000,6.157360791577958,6.212284041917883,0.6936801075935364,0.6970909237861633,0,0.11980000000000002,0.8802000000000001,0.0008,0.0014,0.0018,0.0016,0.001,0.0011,0.001,0.0013,0.0009,0.0004,0.0011,0.0014,0.0024,0.0016,0.0017,0.0027,0.0025,0.0032,0.002,0.0012,0.0007,0.0018,0.0011,0.0006,0.001,0.0017,0.0005,0.0023,0.0023,0.0003,0.0004,0.0019,0.0014,0.0014,0.0005,0.001,0.0008,0.0012,0.0015,0.0005,0.0005,0.0014,0.0013,0.0013,0.0014,0.0011,0.0015,0.0012,0.0009,0.0003,0.0007,0.003,0.0012,0.0007,0.0008,0.0006,0.0014,0.0015,0.0012,0.001,0.0005,0.0022,0.0014,0.0008,0.0007,0.0013,0.0008,0.0011,0.0013,0.0007,0.0006,0.0017,0.002,0.0008,0.0015,0.0012,0.0014,0.0022,0.0018,0.0003,0.0006,0.0017,0.001,0.0018,0.0014,0.0025,0.0022,0.0013,0.0013,0.0009,0.0001,0.0002,0.0003,0.0001,0.0002,0.0006,0.0004,0.0004,0.0008,0.0007,0.0,0.0,0.01,0.01,0.01,0.01,0.01,0.01,0.01,0.01,0.01,0.01,0.01,0.01,0.01,0.01,0.01,0.01,0.01,0.01,0.01,0.01,0.01,0.01,0.01,0.01,0.01,0.01,0.01,0.01,0.01,0.01,0.01,0.01,0.01,0.01,0.01,0.01,0.01,0.01,0.01,0.01,0.01,0.01,0.01,0.01,0.01,0.01,0.01,0.01,0.01,0.01,0.01,0.01,0.01,0.01,0.01,0.01,0.01,0.01,0.01,0.01,0.01,0.01,0.01,0.01,0.01,0.01,0.01,0.01,0.01,0.01,0.01,0.01,0.01,0.01,0.01,0.01,0.01,0.01,0.01,0.01,0.01,0.01,0.01,0.01,0.01,0.01,0.01,0.01,0.01,0.01,0.01,0.01,0.01,0.01,0.01,0.01,0.01,0.01,0.01,0.01,0.01,0.01,0.01,0.01,0.01,0.01,0.01,0.01,0.01,0.01,0.01,0.01,0.01,0.01,0.01,0.01,0.01,0.01,0.01,0.01,0.01,0.01,0.01,0.01,0.01,0.01,0.01,0.01,0.01,0.01,0.01,0.01,0.01,0.01,0.01,0.01,0.01,0.01,0.01,0.01,0.01,0.01,0.01,0.01,0.01,0.01,0.01,0.01,0.01,0.01,0.01,0.01,0.01,0.01,0.01,0.01,0.01,0.01,0.01,0.01,0.01,0.01,0.01,0.01,0.01,0.01,0.01,0.01,0.01,0.01,0.01,0.01,0.01,0.01,0.01,0.01,0.01,0.01,0.01,0.01,0.01,0.01,0.01,0.01,0.01,0.01,0.01,0.01,0.01,0.01,0.01,0.01,0.01,0.01,0.01,0.01,0.01,0.01,0.01,0.01
paired,1,8000,7.009979345137253,7.069438416976482,0.6921706795692444,0.6959888935089111,0,0.12880000000000003,0.8712,0.0002,0.0004,0.0012,0.0013,0.0012,0.0009,0.0018,0.0011,0.0015,0.0007,0.0002,0.0026,0.0035,0.0012,0.0019,0.0021,0.0014,0.0018,0.0031,0.0013,0.0008,0.0012,0.0016,0.0008,0.0008,0.001,0.001,0.0012,0.0022,0.0009,0.0004,0.0019,0.0013,0.0012,0.0008,0.0012,0.0005,0.0015,0.0018,0.0008,0.0004,0.0034,0.0005,0.0016,0.0005,0.0014,0.0004,0.0008,0.0015,0.001,0.0005,0.002,0.0011,0.0014,0.001,0.0007,0.0006,0.0015,0.0018,0.001,0.0004,0.0028,0.0009,0.0008,0.001,0.0009,0.0015,0.0012,0.0022,0.0003,0.0005,0.0031,0.0009,0.001,0.0013,0.0009,0.0009,0.0008,0.0023,0.0005,0.0007,0.0031,0.0021,0.0013,0.0015,0.0023,0.0018,0.0019,0.0027,0.0016,0.0004,0.0017,0.0007,0.0014,0.001,0.001,0.0013,0.0007,0.0012,0.0008,0.0,0.0,0.01,0.01,0.01,0.01,0.01,0.01,0.01,0.01,0.01,0.01,0.01,0.01,0.01,0.01,0.01,0.01,0.01,0.01,0.01,0.01,0.01,0.01,0.01,0.01,0.01,0.01,0.01,0.01,0.01,0.01,0.01,0.01,0.01,0.01,0.01,0.01,0.01,0.01,0.01,0.01,0.01,0.01,0.01,0.01,0.01,0.01,0.01,0.01,0.01,0.01,0.01,0.01,0.01,0.01,0.01,0.01,0.01,0.01,0.01,0.01,0.01,0.01,0.01,0.01,0.01,0.01,0.01,0.01,0.01,0.01,0.01,0.01,0.01,0.01,0.01,0.01,0.01,0.01,0.01,0.01,0.01,0.01,0.01,0.01,0.01,0.01,0.01,0.01,0.01,0.01,0.01,0.01,0.01,0.01,0.01,0.01,0.01,0.01,0.01,0.01,0.01,0.01,0.01,0.01,0.01,0.01,0.01,0.01,0.01,0.01,0.01,0.01,0.01,0.01,0.01,0.01,0.01,0.01,0.01,0.01,0.01,0.01,0.01,0.01,0.01,0.01,0.01,0.01,0.01,0.01,0.01,0.01,0.01,0.01,0.01,0.01,0.01,0.01,0.01,0.01,0.01,0.01,0.01,0.01,0.01,0.01,0.01,0.01,0.01,0.01,0.01,0.01,0.01,0.01,0.01,0.01,0.01,0.01,0.01,0.01,0.01,0.01,0.01,0.01,0.01,0.01,0.01,0.01,0.01,0.01,0.01,0.01,0.01,0.01,0.01,0.01,0.01,0.01,0.01,0.01,0.01,0.01,0.01,0.01,0.01,0.01,0.01,0.01,0.01,0.01,0.01,0.01,0.01,0.01,0.01,0.01,0.01,0.01,0.01,0.01
paired,1,9000,7.858631601789966,7.9229222079738975,0.6846259832382202,0.7171227931976318,0,0.1179,0.8821,0.0036,0.0025,0.0028,0.002,0.0022,0.0024,0.0019,0.0025,0.0006,0.0,0.0024,0.002,0.0008,0.0007,0.0013,0.0012,0.001,0.0019,0.0016,0.0004,0.002,0.0011,0.0008,0.0012,0.0012,0.0015,0.0004,0.002,0.0011,0.0002,0.0025,0.0015,0.0013,0.0013,0.0011,0.0008,0.0009,0.0014,0.0012,0.0002,0.0016,0.0017,0.0002,0.0004,0.0012,0.0009,0.0012,0.0018,0.0023,0.0005,0.0005,0.0014,0.0006,0.0009,0.0007,0.0012,0.001,0.0016,0.0018,0.0001,0.0013,0.0017,0.0015,0.0012,0.001,0.0011,0.0008,0.0008,0.0018,0.0001,0.0009,0.0028,0.0013,0.0017,0.001,0.0008,0.0015,0.0021,0.0022,0.0004,0.0007,0.0006,0.0014,0.0008,0.002,0.0014,0.0018,0.0008,0.0017,0.0011,0.0,0.0,0.0,0.0,0.0002,0.0,0.0001,0.0,0.0002,0.0,0.0,0.0,0.01,0.01,0.01,0.01,0.01,0.01,0.01,0.01,0.01,0.01,0.01,0.01,0.01,0.01,0.01,0.01,0.01,0.01,0.01,0.01,0.01,0.01,0.01,0.01,0.01,0.01,0.01,0.01,0.01,0.01,0.01,0.01,0.01,0.01,0.01,0.01,0.01,0.01,0.01,0.01,0.01,0.01,0.01,0.01,0.01,0.01,0.01,0.01,0.01,0.01,0.01,0.01,0.01,0.01,0.01,0.01,0.01,0.01,0.01,0.01,0.01,0.01,0.01,0.01,0.01,0.01,0.01,0.01,0.01,0.01,0.01,0.01,0.01,0.01,0.01,0.01,0.01,0.01,0.01,0.01,0.01,0.01,0.01,0.01,0.01,0.01,0.01,0.01,0.01,0.01,0.01,0.01,0.01,0.01,0.01,0.01,0.01,0.01,0.01,0.01,0.01,0.01,0.01,0.01,0.01,0.01,0.01,0.01,0.01,0.01,0.01,0.01,0.01,0.01,0.01,0.01,0.01,0.01,0.01,0.01,0.01,0.01,0.01,0.01,0.01,0.01,0.01,0.01,0.01,0.01,0.01,0.01,0.01,0.01,0.01,0.01,0.01,0.01,0.01,0.01,0.01,0.01,0.01,0.01,0.01,0.01,0.01,0.01,0.01,0.01,0.01,0.01,0.01,0.01,0.01,0.01,0.01,0.01,0.01,0.01,0.01,0.01,0.01,0.01,0.01,0.01,0.01,0.01,0.01,0.01,0.01,0.01,0.01,0.01,0.01,0.01,0.01,0.01,0.01,0.01,0.01,0.01,0.01,0.01,0.01,0.01,0.01,0.01,0.01,0.01,0.01,0.01,0.01,0.01,0.01,0.01,0.01,0.01,0.01,0.01
paired,1,10000,8.702390262740664,8.771099124918692,0.6952863335609436,0.6940803527832031,0,0.11750000000000005,0.8825000000000001,0.0002,0.0003,0.0003,0.0002,0.0004,0.0008,0.0009,0.0008,0.0014,0.0005,0.0005,0.003,0.0024,0.0025,0.002,0.0016,0.0015,0.0021,0.0019,0.0011,0.0009,0.0015,0.0005,0.0007,0.0012,0.0006,0.001,0.0006,0.0011,0.001,0.0006,0.002,0.001,0.0009,0.0011,0.002,0.0011,0.0012,0.0011,0.0012,0.0007,0.0024,0.001,0.0011,0.0011,0.0014,0.0009,0.0004,0.0011,0.001,0.0008,0.0023,0.0009,0.0017,0.0013,0.0015,0.0009,0.0016,0.0014,0.0005,0.0009,0.0019,0.0005,0.0009,0.0009,0.0013,0.0009,0.001,0.0009,0.0008,0.0006,0.0025,0.0011,0.0004,0.0012,0.0012,0.0011,0.0008,0.0022,0.0007,0.0007,0.0024,0.0014,0.0012,0.0016,0.0017,0.0014,0.0017,0.0022,0.0015,0.0008,0.0013,0.0011,0.001,0.0007,0.0013,0.0011,0.0008,0.0006,0.0015,0.0,0.0,0.01,0.01,0.01,0.01,0.01,0.01,0.01,0.01,0.01,0.01,0.01,0.01,0.01,0.01,0.01,0.01,0.01,0.01,0.01,0.01,0.01,0.01,0.01,0.01,0.01,0.01,0.01,0.01,0.01,0.01,0.01,0.01,0.01,0.01,0.01,0.01,0.01,0.01,0.01,0.01,0.01,0.01,0.01,0.01,0.01,0.01,0.01,0.01,0.01,0.01,0.01,0.01,0.01,0.01,0.01,0.01,0.01,0.01,0.01,0.01,0.01,0.01,0.01,0.01,0.01,0.01,0.01,0.01,0.01,0.01,0.01,0.01,0.01,0.01,0.01,0.01,0.01,0.01,0.01,0.01,0.01,0.01,0.01,0.01,0.01,0.01,0.01,0.01,0.01,0.01,0.01,0.01,0.01,0.01,0.01,0.01,0.01,0.01,0.01,0.01,0.01,0.01,0.01,0.01,0.01,0.01,0.01,0.01,0.01,0.01,0.01,0.01,0.01,0.01,0.01,0.01,0.01,0.01,0.01,0.01,0.01,0.01,0.01,0.01,0.01,0.01,0.01,0.01,0.01,0.01,0.01,0.01,0.01,0.01,0.01,0.01,0.01,0.01,0.01,0.01,0.01,0.01,0.01,0.01,0.01,0.01,0.01,0.01,0.01,0.01,0.01,0.01,0.01,0.01,0.01,0.01,0.01,0.01,0.01,0.01,0.01,0.01,0.01,0.01,0.01,0.01,0.01,0.01,0.01,0.01,0.01,0.01,0.01,0.01,0.01,0.01,0.01,0.01,0.01,0.01,0.01,0.01,0.01,0.01,0.01,0.01,0.01,0.01,0.01,0.01,0.01,0.01,0.01,0.01,0.01,0.01,0.01,0.01,0.01,0.01
paired,1,11000,9.561971413204446,9.640579041908495,0.6919263005256653,0.6985043883323669,0,0.12629999999999997,0.8737,0.0018,0.0031,0.0018,0.0028,0.0022,0.003,0.0022,0.0011,0.0016,0.0005,0.0011,0.0014,0.0008,0.0012,0.0011,0.0012,0.001,0.0014,0.0021,0.0006,0.001,0.0008,0.0009,0.0014,0.0009,0.0011,0.0014,0.0013,0.0015,0.0005,0.0015,0.001,0.0006,0.0013,0.0016,0.0017,0.0009,0.0016,0.0013,0.0006,0.0017,0.001,0.001,0.0017,0.0013,0.002,0.0011,0.0012,0.0026,0.0006,0.0014,0.0011,0.0014,0.0008,0.0013,0.0014,0.0011,0.0011,0.0028,0.0006,0.0009,0.0024,0.0006,0.0011,0.0014,0.0018,0.0015,0.0007,0.0023,0.0008,0.0007,0.0012,0.0009,0.0012,0.0014,0.001,0.0017,0.0007,0.0015,0.0001,0.0013,0.0022,0.002,0.0019,0.0015,0.002,0.0025,0.002,0.0023,0.0005,0.0003,0.0002,0.0002,0.0003,0.0004,0.0002,0.0002,0.0001,0.0002,0.0,0.0,0.0,0.01,0.01,0.01,0.01,0.01,0.01,0.01,0.01,0.01,0.01,0.01,0.01,0.01,0.01,0.01,0.01,0.01,0.01,0.01,0.01,0.01,0.01,0.01,0.01,0.01,0.01,0.01,0.01,0.01,0.01,0.01,0.01,0.01,0.01,0.01,0.01,0.01,0.01,0.01,0.01,0.01,0.01,0.01,0.01,0.01,0.01,0.01,0.01,0.01,0.01,0.01,0.01,0.01,0.01,0.01,0.01,0.01,0.01,0.01,0.01,0.01,0.01,0.01,0.01,0.01,0.01,0.01,0.01,0.01,0.01,0.01,0.01,0.01,0.01,0.01,0.01,0.01,0.01,0.01,0.01,0.01,0.01,0.01,0.01,0.01,0.01,0.01,0.01,0.01,0.01,0.01,0.01,0.01,0.01,0.01,0.01,0.01,0.01,0.01,0.01,0.01,0.01,0.01,0.01,0.01,0.01,0.01,0.01,0.01,0.01,0.01,0.01,0.01,0.01,0.01,0.01,0.01,0.01,0.01,0.01,0.01,0.01,0.01,0.01,0.01,0.01,0.01,0.01,0.01,0.01,0.01,0.01,0.01,0.01,0.01,0.01,0.01,0.01,0.01,0.01,0.01,0.01,0.01,0.01,0.01,0.01,0.01,0.01,0.01,0.01,0.01,0.01,0.01,0.01,0.01,0.01,0.01,0.01,0.01,0.01,0.01,0.01,0.01,0.01,0.01,0.01,0.01,0.01,0.01,0.01,0.01,0.01,0.01,0.01,0.01,0.01,0.01,0.01,0.01,0.01,0.01,0.01,0.01,0.01,0.01,0.01,0.01,0.01,0.01,0.01,0.01,0.01,0.01,0.01,0.01,0.01,0.01,0.01,0.01,0.01
paired,1,12000,10.40546415548306,10.488344832905568,0.6863794922828674,0.6992939114570618,0,0.12929999999999997,0.8707,0.0004,0.0025,0.0017,0.0025,0.0023,0.0026,0.003,0.0014,0.0021,0.0011,0.0018,0.001,0.0008,0.0009,0.0016,0.001,0.0011,0.0018,0.0011,0.001,0.0004,0.0012,0.0009,0.0014,0.001,0.0014,0.0021,0.0011,0.0009,0.0009,0.001,0.0011,0.0013,0.0019,0.0013,0.0015,0.0012,0.0012,0.0011,0.0017,0.0011,0.002,0.0012,0.0015,0.001,0.0013,0.0014,0.0012,0.0017,0.0017,0.0005,0.0019,0.0015,0.0013,0.0014,0.0011,0.001,0.0016,0.0014,0.0018,0.0004,0.0022,0.0011,0.0012,0.0014,0.0016,0.0016,0.001,0.0007,0.0015,0.0003,0.0018,0.0007,0.0015,0.001,0.0006,0.0006,0.0015,0.0014,0.0014,0.0008,0.0031,0.0022,0.0024,0.0025,0.0025,0.0017,0.0019,0.0024,0.0017,0.0,0.0,0.0001,0.0,0.0,0.0,0.0,0.0001,0.0,0.0005,0.0,0.0,0.01,0.01,0.01,0.01,0.01,0.01,0.01,0.01,0.01,0.01,0.01,0.01,0.01,0.01,0.01,0.01,0.01,0.01,0.01,0.01,0.01,0.01,0.01,0.01,0.01,0.01,0.01,0.01,0.01,0.01,0.01,0.01,0.01,0.01,0.01,0.01,0.01,0.01,0.01,0.01,0.01,0.01,0.01,0.01,0.01,0.01,0.01,0.01,0.01,0.01,0.01,0.01,0.01,0.01,0.01,0.01,0.01,0.01,0.01,0.01,0.01,0.01,0.01,0.01,0.01,0.01,0.01,0.01,0.01,0.01,0.01,0.01,0.01,0.01,0.01,0.01,0.01,0.01,0.01,0.01,0.01,0.01,0.01,0.01,0.01,0.01,0.01,0.01,0.01,0.01,0.01,0.01,0.01,0.01,0.01,0.01,0.01,0.01,0.01,0.01,0.01,0.01,0.01,0.01,0.01,0.01,0.01,0.01,0.01,0.01,0.01,0.01,0.01,0.01,0.01,0.01,0.01,0.01,0.01,0.01,0.01,0.01,0.01,0.01,0.01,0.01,0.01,0.01,0.01,0.01,0.01,0.01,0.01,0.01,0.01,0.01,0.01,0.01,0.01,0.01,0.01,0.01,0.01,0.01,0.01,0.01,0.01,0.01,0.01,0.01,0.01,0.01,0.01,0.01,0.01,0.01,0.01,0.01,0.01,0.01,0.01,0.01,0.01,0.01,0.01,0.01,0.01,0.01,0.01,0.01,0.01,0.01,0.01,0.01,0.01,0.01,0.01,0.01,0.01,0.01,0.01,0.01,0.01,0.01,0.01,0.01,0.01,0.01,0.01,0.01,0.01,0.01,0.01,0.01,0.01,0.01,0.01,0.01,0.01,0.01
paired,1,13000,11.265598877915181,11.352799499989487,0.6941203474998474,0.6937035918235779,0,0.126,0.874,0.0001,0.0012,0.001,0.0007,0.0014,0.0014,0.0024,0.0019,0.0018,0.0017,0.0,0.0015,0.0008,0.0008,0.0012,0.0009,0.0006,0.0016,0.0007,0.002,0.0,0.0016,0.0011,0.0015,0.0009,0.0007,0.0013,0.0009,0.0006,0.002,0.0,0.0026,0.0007,0.0015,0.0019,0.0016,0.0011,0.0009,0.0013,0.0019,0.0,0.0032,0.001,0.0011,0.0014,0.0014,0.0017,0.0014,0.0012,0.002,0.0,0.0025,0.0009,0.0008,0.0017,0.0018,0.0016,0.0018,0.001,0.0014,0.0,0.0037,0.0008,0.0013,0.0012,0.0019,0.0009,0.0018,0.0009,0.0031,0.0,0.0027,0.0008,0.0009,0.0012,0.0012,0.0014,0.001,0.001,0.0016,0.0,0.0023,0.0012,0.0009,0.0016,0.0015,0.002,0.0015,0.0013,0.0017,0.0001,0.0016,0.0011,0.0006,0.0008,0.0006,0.001,0.0007,0.0006,0.0018,0.0,0.0,0.01,0.01,0.01,0.01,0.01,0.01,0.01,0.01,0.01,0.01,0.01,0.01,0.01,0.01,0.01,0.01,0.01,0.01,0.01,0.01,0.01,0.01,0.01,0.01,0.01,0.01,0.01,0.01,0.01,0.01,0.01,0.01,0.01,0.01,0.01,0.01,0.01,0.01,0.01,0.01,0.01,0.01,0.01,0.01,0.01,0.01,0.01,0.01,0.01,0.01,0.01,0.01,0.01,0.01,0.01,0.01,0.01,0.01,0.01,0.01,0.01,0.01,0.01,0.01,0.01,0.01,0.01,0.01,0.01,0.01,0.01,0.01,0.01,0.01,0.01,0.01,0.01,0.01,0.01,0.01,0.01,0.01,0.01,0.01,0.01,0.01,0.01,0.01,0.01,0.01,0.01,0.01,0.01,0.01,0.01,0.01,0.01,0.01,0.01,0.01,0.01,0.01,0.01,0.01,0.01,0.01,0.01,0.01,0.01,0.01,0.01,0.01,0.01,0.01,0.01,0.01,0.01,0.01,0.01,0.01,0.01,0.01,0.01,0.01,0.01,0.01,0.01,0.01,0.01,0.01,0.01,0.01,0.01,0.01,0.01,0.01,0.01,0.01,0.01,0.01,0.01,0.01,0.01,0.01,0.01,0.01,0.01,0.01,0.01,0.01,0.01,0.01,0.01,0.01,0.01,0.01,0.01,0.01,0.01,0.01,0.01,0.01,0.01,0.01,0.01,0.01,0.01,0.01,0.01,0.01,0.01,0.01,0.01,0.01,0.01,0.01,0.01,0.01,0.01,0.01,0.01,0.01,0.01,0.01,0.01,0.01,0.01,0.01,0.01,0.01,0.01,0.01,0.01,0.01,0.01,0.01,0.01,0.01,0.01,0.01
paired,1,14000,12.123391362722032,12.215562624973245,0.6885160207748413,0.7027263045310974,0,0.11319999999999997,0.8868,0.001,0.0004,0.0003,0.0007,0.0008,0.001,0.0007,0.0007,0.0015,0.0001,0.0016,0.0015,0.0013,0.0015,0.0017,0.0019,0.0018,0.0017,0.0021,0.0008,0.0009,0.0007,0.0012,0.0012,0.001,0.0011,0.0006,0.001,0.001,0.0008,0.002,0.001,0.001,0.0016,0.0013,0.0016,0.0008,0.0009,0.001,0.0012,0.0015,0.001,0.001,0.0011,0.0013,0.0011,0.001,0.001,0.0013,0.001,0.0011,0.0008,0.0013,0.0014,0.0012,0.0015,0.0013,0.0011,0.0009,0.001,0.002,0.001,0.0011,0.0015,0.0005,0.0019,0.001,0.0011,0.001,0.0013,0.001,0.0008,0.0007,0.0005,0.0013,0.0007,0.0009,0.0005,0.0006,0.0016,0.0017,0.0012,0.0012,0.0014,0.001,0.0014,0.0014,0.0015,0.0016,0.0015,0.0011,0.0007,0.0013,0.0009,0.001,0.0009,0.001,0.0006,0.0012,0.0017,0.0,0.0,0.01,0.01,0.01,0.01,0.01,0.01,0.01,0.01,0.01,0.01,0.01,0.01,0.01,0.01,0.01,0.01,0.01,0.01,0.01,0.01,0.01,0.01,0.01,0.01,0.01,0.01,0.01,0.01,0.01,0.01,0.01,0.01,0.01,0.01,0.01,0.01,0.01,0.01,0.01,0.01,0.01,0.01,0.01,0.01,0.01,0.01,0.01,0.01,0.01,0.01,0.01,0.01,0.01,0.01,0.01,0.01,0.01,0.01,0.01,0.01,0.01,0.01,0.01,0.01,0.01,0.01,0.01,0.01,0.01,0.01,0.01,0.01,0.01,0.01,0.01,0.01,0.01,0.01,0.01,0.01,0.01,0.01,0.01,0.01,0.01,0.01,0.01,0.01,0.01,0.01,0.01,0.01,0.01,0.01,0.01,0.01,0.01,0.01,0.01,0.01,0.01,0.01,0.01,0.01,0.01,0.01,0.01,0.01,0.01,0.01,0.01,0.01,0.01,0.01,0.01,0.01,0.01,0.01,0.01,0.01,0.01,0.01,0.01,0.01,0.01,0.01,0.01,0.01,0.01,0.01,0.01,0.01,0.01,0.01,0.01,0.01,0.01,0.01,0.01,0.01,0.01,0.01,0.01,0.01,0.01,0.01,0.01,0.01,0.01,0.01,0.01,0.01,0.01,0.01,0.01,0.01,0.01,0.01,0.01,0.01,0.01,0.01,0.01,0.01,0.01,0.01,0.01,0.01,0.01,0.01,0.01,0.01,0.01,0.01,0.01,0.01,0.01,0.01,0.01,0.01,0.01,0.01,0.01,0.01,0.01,0.01,0.01,0.01,0.01,0.01,0.01,0.01,0.01,0.01,0.01,0.01,0.01,0.01,0.01,0.01
paired,1,15000,12.976498706266284,13.074700166936964,0.6932673454284668,0.6924747228622437,0,0.13080000000000003,0.8692,0.0,0.0005,0.0002,0.0004,0.0001,0.0002,0.0004,0.0004,0.0004,0.0003,0.0,0.0039,0.0008,0.0014,0.0015,0.0009,0.001,0.0007,0.0025,0.0011,0.0,0.0028,0.0006,0.0005,0.0011,0.0011,0.0011,0.0009,0.0014,0.0011,0.0,0.0032,0.0011,0.0011,0.0015,0.0017,0.0018,0.0014,0.0021,0.0013,0.0,0.0029,0.0007,0.0019,0.0014,0.001,0.0011,0.0012,0.0017,0.0008,0.0,0.0043,0.001,0.0014,0.0015,0.0009,0.0014,0.0015,0.001,0.0019,0.0,0.0043,0.0013,0.0012,0.0008,0.0011,0.0019,0.0012,0.0014,0.0018,0.0,0.0032,0.0009,0.0012,0.0013,0.0016,0.0007,0.0005,0.0013,0.0015,0.0,0.0035,0.0016,0.0006,0.0008,0.0012,0.0007,0.0009,0.0009,0.0017,0.0,0.0045,0.002,0.0019,0.0021,0.0025,0.0021,0.0019,0.0025,0.0021,0.0,0.0,0.01,0.01,0.01,0.01,0.01,0.01,0.01,0.01,0.01,0.01,0.01,0.01,0.01,0.01,0.01,0.01,0.01,0.01,0.01,0.01,0.01,0.01,0.01,0.01,0.01,0.01,0.01,0.01,0.01,0.01,0.01,0.01,0.01,0.01,0.01,0.01,0.01,0.01,0.01,0.01,0.01,0.01,0.01,0.01,0.01,0.01,0.01,0.01,0.01,0.01,0.01,0.01,0.01,0.01,0.01,0.01,0.01,0.01,0.01,0.01,0.01,0.01,0.01,0.01,0.01,0.01,0.01,0.01,0.01,0.01,0.01,0.01,0.01,0.01,0.01,0.01,0.01,0.01,0.01,0.01,0.01,0.01,0.01,0.01,0.01,0.01,0.01,0.01,0.01,0.01,0.01,0.01,0.01,0.01,0.01,0.01,0.01,0.01,0.01,0.01,0.01,0.01,0.01,0.01,0.01,0.01,0.01,0.01,0.01,0.01,0.01,0.01,0.01,0.01,0.01,0.01,0.01,0.01,0.01,0.01,0.01,0.01,0.01,0.01,0.01,0.01,0.01,0.01,0.01,0.01,0.01,0.01,0.01,0.01,0.01,0.01,0.01,0.01,0.01,0.01,0.01,0.01,0.01,0.01,0.01,0.01,0.01,0.01,0.01,0.01,0.01,0.01,0.01,0.01,0.01,0.01,0.01,0.01,0.01,0.01,0.01,0.01,0.01,0.01,0.01,0.01,0.01,0.01,0.01,0.01,0.01,0.01,0.01,0.01,0.01,0.01,0.01,0.01,0.01,0.01,0.01,0.01,0.01,0.01,0.01,0.01,0.01,0.01,0.01,0.01,0.01,0.01,0.01,0.01,0.01,0.01,0.01,0.01,0.01,0.01
paired,1,16000,13.86210434907116,13.965768791968003,0.6908942461013794,0.6952071189880371,0,0.11709999999999998,0.8829,0.0004,0.0,0.0001,0.0001,0.0001,0.0,0.0001,0.0,0.0001,0.0001,0.0022,0.001,0.0013,0.0016,0.0019,0.0014,0.0019,0.0015,0.0029,0.0001,0.0022,0.0008,0.0012,0.0014,0.0007,0.0014,0.0011,0.001,0.002,0.0002,0.003,0.0008,0.0018,0.0011,0.0012,0.0019,0.0016,0.001,0.0013,0.0003,0.0018,0.0009,0.001,0.0015,0.0018,0.0015,0.0009,0.0006,0.0016,0.0001,0.0025,0.0018,0.001,0.0017,0.002,0.0015,0.0012,0.001,0.002,0.0004,0.0024,0.0015,0.0009,0.001,0.0013,0.0014,0.0021,0.0015,0.0017,0.0004,0.0011,0.0005,0.0008,0.001,0.0013,0.0013,0.0006,0.001,0.0011,0.0002,0.0013,0.0008,0.0012,0.0011,0.0013,0.0007,0.001,0.0004,0.0008,0.0001,0.0025,0.0008,0.001,0.0008,0.0026,0.0014,0.0022,0.0016,0.002,0.0008,0.0,0.0,0.01,0.01,0.01,0.01,0.01,0.01,0.01,0.01,0.01,0.01,0.01,0.01,0.01,0.01,0.01,0.01,0.01,0.01,0.01,0.01,0.01,0.01,0.01,0.01,0.01,0.01,0.01,0.01,0.01,0.01,0.01,0.01,0.01,0.01,0.01,0.01,0.01,0.01,0.01,0.01,0.01,0.01,0.01,0.01,0.01,0.01,0.01,0.01,0.01,0.01,0.01,0.01,0.01,0.01,0.01,0.01,0.01,0.01,0.01,0.01,0.01,0.01,0.01,0.01,0.01,0.01,0.01,0.01,0.01,0.01,0.01,0.01,0.01,0.01,0.01,0.01,0.01,0.01,0.01,0.01,0.01,0.01,0.01,0.01,0.01,0.01,0.01,0.01,0.01,0.01,0.01,0.01,0.01,0.01,0.01,0.01,0.01,0.01,0.01,0.01,0.01,0.01,0.01,0.01,0.01,0.01,0.01,0.01,0.01,0.01,0.01,0.01,0.01,0.01,0.01,0.01,0.01,0.01,0.01,0.01,0.01,0.01,0.01,0.01,0.01,0.01,0.01,0.01,0.01,0.01,0.01,0.01,0.01,0.01,0.01,0.01,0.01,0.01,0.01,0.01,0.01,0.01,0.01,0.01,0.01,0.01,0.01,0.01,0.01,0.01,0.01,0.01,0.01,0.01,0.01,0.01,0.01,0.01,0.01,0.01,0.01,0.01,0.01,0.01,0.01,0.01,0.01,0.01,0.01,0.01,0.01,0.01,0.01,0.01,0.01,0.01,0.01,0.01,0.01,0.01,0.01,0.01,0.01,0.01,0.01,0.01,0.01,0.01,0.01,0.01,0.01,0.01,0.01,0.01,0.01,0.01,0.01,0.01,0.01,0.01
paired,1,17000,14.708911167806946,14.817345791961998,0.6914165019989014,0.6952492594718933,0,0.14349999999999996,0.8565,0.0,0.0032,0.0019,0.0027,0.0024,0.002,0.0033,0.0019,0.0026,0.0019,0.0,0.0014,0.0011,0.0015,0.0011,0.0015,0.0011,0.0012,0.0006,0.0022,0.0002,0.0024,0.0008,0.0008,0.0021,0.0013,0.0004,0.0014,0.0009,0.0019,0.0,0.0023,0.0012,0.0014,0.0019,0.0015,0.0013,0.0004,0.0002,0.0027,0.0,0.0034,0.0006,0.0013,0.0021,0.001,0.0017,0.0017,0.0007,0.0022,0.0,0.0035,0.0011,0.0019,0.0014,0.0018,0.0013,0.0012,0.0011,0.0027,0.0,0.0027,0.0014,0.0013,0.0015,0.0018,0.001,0.0005,0.0008,0.0021,0.0,0.003,0.0009,0.0009,0.0011,0.0011,0.0009,0.0014,0.0008,0.002,0.0,0.0052,0.004,0.0024,0.0032,0.0028,0.0027,0.0028,0.0023,0.003,0.0,0.0,0.0,0.0,0.0,0.0,0.0,0.0,0.0,0.0005,0.0,0.0,0.01,0.01,0.01,0.01,0.01,0.01,0.01,0.01,0.01,0.01,0.01,0.01,0.01,0.01,0.01,0.01,0.01,0.01,0.01,0.01,0.01,0.01,0.01,0.01,0.01,0.01,0.01,0.01,0.01,0.01,0.01,0.01,0.01,0.01,0.01,0.01,0.01,0.01,0.01,0.01,0.01,0.01,0.01,0.01,0.01,0.01,0.01,0.01,0.01,0.01,0.01,0.01,0.01,0.01,0.01,0.01,0.01,0.01,0.01,0.01,0.01,0.01,0.01,0.01,0.01,0.01,0.01,0.01,0.01,0.01,0.01,0.01,0.01,0.01,0.01,0.01,0.01,0.01,0.01,0.01,0.01,0.01,0.01,0.01,0.01,0.01,0.01,0.01,0.01,0.01,0.01,0.01,0.01,0.01,0.01,0.01,0.01,0.01,0.01,0.01,0.01,0.01,0.01,0.01,0.01,0.01,0.01,0.01,0.01,0.01,0.01,0.01,0.01,0.01,0.01,0.01,0.01,0.01,0.01,0.01,0.01,0.01,0.01,0.01,0.01,0.01,0.01,0.01,0.01,0.01,0.01,0.01,0.01,0.01,0.01,0.01,0.01,0.01,0.01,0.01,0.01,0.01,0.01,0.01,0.01,0.01,0.01,0.01,0.01,0.01,0.01,0.01,0.01,0.01,0.01,0.01,0.01,0.01,0.01,0.01,0.01,0.01,0.01,0.01,0.01,0.01,0.01,0.01,0.01,0.01,0.01,0.01,0.01,0.01,0.01,0.01,0.01,0.01,0.01,0.01,0.01,0.01,0.01,0.01,0.01,0.01,0.01,0.01,0.01,0.01,0.01,0.01,0.01,0.01,0.01,0.01,0.01,0.01,0.01,0.01
paired,1,18000,15.57380178954918,15.689418041962199,0.693228006362915,0.6953069567680359,0,0.14169999999999994,0.8583000000000001,0.0019,0.002,0.0021,0.0024,0.0023,0.0022,0.0036,0.0022,0.003,0.0022,0.0008,0.0007,0.0008,0.0011,0.0013,0.0009,0.001,0.0008,0.0008,0.002,0.0014,0.0008,0.0008,0.0011,0.0012,0.0016,0.0008,0.001,0.0013,0.0021,0.001,0.0005,0.001,0.0012,0.0018,0.0015,0.0013,0.0008,0.001,0.0022,0.0009,0.0008,0.0008,0.0015,0.0017,0.0016,0.0015,0.0014,0.0011,0.0026,0.0012,0.0009,0.0012,0.0017,0.0009,0.0015,0.0014,0.001,0.0017,0.0026,0.0008,0.0007,0.001,0.0011,0.0013,0.0011,0.001,0.0008,0.0009,0.0022,0.0005,0.0004,0.0009,0.0009,0.001,0.0011,0.001,0.0009,0.0006,0.002,0.002,0.0031,0.003,0.0037,0.0032,0.0039,0.0044,0.0037,0.0038,0.0042,0.0,0.0,0.0,0.0,0.0,0.0,0.0,0.0,0.0,0.0,0.0,0.0,0.01,0.01,0.01,0.01,0.01,0.01,0.01,0.01,0.01,0.01,0.01,0.01,0.01,0.01,0.01,0.01,0.01,0.01,0.01,0.01,0.01,0.01,0.01,0.01,0.01,0.01,0.01,0.01,0.01,0.01,0.01,0.01,0.01,0.01,0.01,0.01,0.01,0.01,0.01,0.01,0.01,0.01,0.01,0.01,0.01,0.01,0.01,0.01,0.01,0.01,0.01,0.01,0.01,0.01,0.01,0.01,0.01,0.01,0.01,0.01,0.01,0.01,0.01,0.01,0.01,0.01,0.01,0.01,0.01,0.01,0.01,0.01,0.01,0.01,0.01,0.01,0.01,0.01,0.01,0.01,0.01,0.01,0.01,0.01,0.01,0.01,0.01,0.01,0.01,0.01,0.01,0.01,0.01,0.01,0.01,0.01,0.01,0.01,0.01,0.01,0.01,0.01,0.01,0.01,0.01,0.01,0.01,0.01,0.01,0.01,0.01,0.01,0.01,0.01,0.01,0.01,0.01,0.01,0.01,0.01,0.01,0.01,0.01,0.01,0.01,0.01,0.01,0.01,0.01,0.01,0.01,0.01,0.01,0.01,0.01,0.01,0.01,0.01,0.01,0.01,0.01,0.01,0.01,0.01,0.01,0.01,0.01,0.01,0.01,0.01,0.01,0.01,0.01,0.01,0.01,0.01,0.01,0.01,0.01,0.01,0.01,0.01,0.01,0.01,0.01,0.01,0.01,0.01,0.01,0.01,0.01,0.01,0.01,0.01,0.01,0.01,0.01,0.01,0.01,0.01,0.01,0.01,0.01,0.01,0.01,0.01,0.01,0.01,0.01,0.01,0.01,0.01,0.01,0.01,0.01,0.01,0.01,0.01,0.01,0.01
paired,1,19000,16.42838206340093,16.548696291982196,0.6962418556213379,0.6921374797821045,0,0.15359999999999996,0.8464,0.005,0.0016,0.0032,0.0021,0.0027,0.0039,0.0036,0.0037,0.004,0.0,0.0018,0.0011,0.0004,0.001,0.0008,0.0004,0.0003,0.001,0.0026,0.0,0.0024,0.0009,0.001,0.0011,0.0018,0.0013,0.0009,0.0008,0.0019,0.0,0.0025,0.0009,0.0018,0.0021,0.0019,0.0008,0.0012,0.0014,0.0019,0.0,0.0028,0.0007,0.0014,0.0014,0.0013,0.0012,0.0009,0.0009,0.0033,0.0,0.004,0.0006,0.0009,0.0015,0.0008,0.0018,0.0008,0.0022,0.0029,0.0,0.0032,0.0002,0.001,0.0012,0.0016,0.0007,0.0007,0.0011,0.003,0.0001,0.0017,0.0018,0.001,0.0009,0.0008,0.0014,0.0007,0.0008,0.0019,0.0,0.0051,0.0048,0.0031,0.0035,0.0029,0.004,0.0028,0.0033,0.0051,0.0,0.0,0.0,0.0,0.0,0.0,0.0,0.0,0.0,0.0,0.0,0.0,0.0,0.01,0.01,0.01,0.01,0.01,0.01,0.01,0.01,0.01,0.01,0.01,0.01,0.01,0.01,0.01,0.01,0.01,0.01,0.01,0.01,0.01,0.01,0.01,0.01,0.01,0.01,0.01,0.01,0.01,0.01,0.01,0.01,0.01,0.01,0.01,0.01,0.01,0.01,0.01,0.01,0.01,0.01,0.01,0.01,0.01,0.01,0.01,0.01,0.01,0.01,0.01,0.01,0.01,0.01,0.01,0.01,0.01,0.01,0.01,0.01,0.01,0.01,0.01,0.01,0.01,0.01,0.01,0.01,0.01,0.01,0.01,0.01,0.01,0.01,0.01,0.01,0.01,0.01,0.01,0.01,0.01,0.01,0.01,0.01,0.01,0.01,0.01,0.01,0.01,0.01,0.01,0.01,0.01,0.01,0.01,0.01,0.01,0.01,0.01,0.01,0.01,0.01,0.01,0.01,0.01,0.01,0.01,0.01,0.01,0.01,0.01,0.01,0.01,0.01,0.01,0.01,0.01,0.01,0.01,0.01,0.01,0.01,0.01,0.01,0.01,0.01,0.01,0.01,0.01,0.01,0.01,0.01,0.01,0.01,0.01,0.01,0.01,0.01,0.01,0.01,0.01,0.01,0.01,0.01,0.01,0.01,0.01,0.01,0.01,0.01,0.01,0.01,0.01,0.01,0.01,0.01,0.01,0.01,0.01,0.01,0.01,0.01,0.01,0.01,0.01,0.01,0.01,0.01,0.01,0.01,0.01,0.01,0.01,0.01,0.01,0.01,0.01,0.01,0.01,0.01,0.01,0.01,0.01,0.01,0.01,0.01,0.01,0.01,0.01,0.01,0.01,0.01,0.01,0.01,0.01,0.01,0.01,0.01,0.01,0.01
paired,1,20000,17.26940016495064,17.39433066698257,0.694718599319458,0.6944465637207031,0,0.11139999999999994,0.8886000000000001,0.0,0.001,0.0004,0.0009,0.0005,0.0005,0.0009,0.0004,0.0005,0.0,0.0,0.0025,0.0013,0.0009,0.0012,0.0014,0.0008,0.0014,0.0042,0.0,0.0002,0.0017,0.0011,0.0019,0.0016,0.0015,0.0012,0.0012,0.0034,0.0,0.0,0.0014,0.0012,0.0021,0.0011,0.001,0.0015,0.0004,0.0017,0.0,0.0,0.0015,0.0018,0.0016,0.0011,0.001,0.0011,0.0008,0.0017,0.0001,0.0,0.0019,0.0008,0.0005,0.0017,0.0011,0.0015,0.0011,0.0014,0.0,0.0001,0.0016,0.0011,0.0016,0.0008,0.002,0.0009,0.0006,0.0006,0.0003,0.0,0.0018,0.0011,0.0009,0.0015,0.0014,0.0013,0.0008,0.0014,0.0005,0.0,0.0015,0.0012,0.0003,0.0009,0.0005,0.0007,0.0008,0.0016,0.0002,0.0001,0.0039,0.0016,0.0021,0.0026,0.0027,0.0024,0.0019,0.0023,0.0001,0.0,0.0,0.01,0.01,0.01,0.01,0.01,0.01,0.01,0.01,0.01,0.01,0.01,0.01,0.01,0.01,0.01,0.01,0.01,0.01,0.01,0.01,0.01,0.01,0.01,0.01,0.01,0.01,0.01,0.01,0.01,0.01,0.01,0.01,0.01,0.01,0.01,0.01,0.01,0.01,0.01,0.01,0.01,0.01,0.01,0.01,0.01,0.01,0.01,0.01,0.01,0.01,0.01,0.01,0.01,0.01,0.01,0.01,0.01,0.01,0.01,0.01,0.01,0.01,0.01,0.01,0.01,0.01,0.01,0.01,0.01,0.01,0.01,0.01,0.01,0.01,0.01,0.01,0.01,0.01,0.01,0.01,0.01,0.01,0.01,0.01,0.01,0.01,0.01,0.01,0.01,0.01,0.01,0.01,0.01,0.01,0.01,0.01,0.01,0.01,0.01,0.01,0.01,0.01,0.01,0.01,0.01,0.01,0.01,0.01,0.01,0.01,0.01,0.01,0.01,0.01,0.01,0.01,0.01,0.01,0.01,0.01,0.01,0.01,0.01,0.01,0.01,0.01,0.01,0.01,0.01,0.01,0.01,0.01,0.01,0.01,0.01,0.01,0.01,0.01,0.01,0.01,0.01,0.01,0.01,0.01,0.01,0.01,0.01,0.01,0.01,0.01,0.01,0.01,0.01,0.01,0.01,0.01,0.01,0.01,0.01,0.01,0.01,0.01,0.01,0.01,0.01,0.01,0.01,0.01,0.01,0.01,0.01,0.01,0.01,0.01,0.01,0.01,0.01,0.01,0.01,0.01,0.01,0.01,0.01,0.01,0.01,0.01,0.01,0.01,0.01,0.01,0.01,0.01,0.01,0.01,0.01,0.01,0.01,0.01,0.01,0.01
paired,1,21000,18.120867456891574,18.251219457946718,0.6940170526504517,0.6940563917160034,0,0.11450000000000005,0.8855,0.0013,0.0,0.0003,0.0006,0.0005,0.0002,0.0003,0.0001,0.0,0.0001,0.001,0.0004,0.0009,0.001,0.001,0.0011,0.0013,0.0015,0.0013,0.0051,0.0003,0.0008,0.001,0.0009,0.0008,0.0021,0.0012,0.0013,0.001,0.0025,0.0001,0.0006,0.0005,0.0017,0.0017,0.0011,0.0017,0.0011,0.0006,0.0024,0.0001,0.001,0.0006,0.0009,0.0024,0.001,0.001,0.001,0.0008,0.0032,0.0004,0.0011,0.0009,0.0013,0.0014,0.0015,0.0008,0.0015,0.001,0.0026,0.0002,0.0015,0.0006,0.0012,0.001,0.0014,0.0014,0.0015,0.0005,0.0019,0.0001,0.0016,0.0011,0.0012,0.0009,0.0009,0.0006,0.0006,0.0008,0.0018,0.0,0.0058,0.0047,0.003,0.0029,0.0023,0.0019,0.0021,0.0011,0.0028,0.0,0.0,0.0,0.0,0.0,0.0,0.0,0.0,0.0001,0.0011,0.0,0.0,0.01,0.01,0.01,0.01,0.01,0.01,0.01,0.01,0.01,0.01,0.01,0.01,0.01,0.01,0.01,0.01,0.01,0.01,0.01,0.01,0.01,0.01,0.01,0.01,0.01,0.01,0.01,0.01,0.01,0.01,0.01,0.01,0.01,0.01,0.01,0.01,0.01,0.01,0.01,0.01,0.01,0.01,0.01,0.01,0.01,0.01,0.01,0.01,0.01,0.01,0.01,0.01,0.01,0.01,0.01,0.01,0.01,0.01,0.01,0.01,0.01,0.01,0.01,0.01,0.01,0.01,0.01,0.01,0.01,0.01,0.01,0.01,0.01,0.01,0.01,0.01,0.01,0.01,0.01,0.01,0.01,0.01,0.01,0.01,0.01,0.01,0.01,0.01,0.01,0.01,0.01,0.01,0.01,0.01,0.01,0.01,0.01,0.01,0.01,0.01,0.01,0.01,0.01,0.01,0.01,0.01,0.01,0.01,0.01,0.01,0.01,0.01,0.01,0.01,0.01,0.01,0.01,0.01,0.01,0.01,0.01,0.01,0.01,0.01,0.01,0.01,0.01,0.01,0.01,0.01,0.01,0.01,0.01,0.01,0.01,0.01,0.01,0.01,0.01,0.01,0.01,0.01,0.01,0.01,0.01,0.01,0.01,0.01,0.01,0.01,0.01,0.01,0.01,0.01,0.01,0.01,0.01,0.01,0.01,0.01,0.01,0.01,0.01,0.01,0.01,0.01,0.01,0.01,0.01,0.01,0.01,0.01,0.01,0.01,0.01,0.01,0.01,0.01,0.01,0.01,0.01,0.01,0.01,0.01,0.01,0.01,0.01,0.01,0.01,0.01,0.01,0.01,0.01,0.01,0.01,0.01,0.01,0.01,0.01,0.01
paired,1,22000,18.98530309693888,19.120929874945432,0.6939059495925903,0.692753791809082,0,0.11739999999999995,0.8826,0.0,0.0007,0.0003,0.0001,0.0008,0.0007,0.0011,0.0003,0.0001,0.0001,0.0,0.0012,0.0009,0.0009,0.001,0.0005,0.0011,0.0005,0.0012,0.0025,0.0001,0.0014,0.0008,0.0014,0.0015,0.0013,0.0009,0.0007,0.0005,0.0026,0.0,0.0006,0.001,0.0016,0.0011,0.0017,0.0022,0.0008,0.0006,0.0032,0.0001,0.0012,0.0008,0.0015,0.0019,0.0014,0.0018,0.001,0.0011,0.0024,0.0,0.0011,0.0011,0.0011,0.0018,0.0014,0.0011,0.001,0.0009,0.0022,0.0001,0.0017,0.0007,0.001,0.0021,0.0023,0.0016,0.0021,0.001,0.0029,0.0,0.0012,0.0008,0.0009,0.0007,0.0011,0.0006,0.0013,0.0012,0.002,0.0,0.0016,0.0009,0.0003,0.0013,0.0007,0.0006,0.0008,0.0011,0.0024,0.0001,0.0018,0.0012,0.0019,0.0029,0.0019,0.0018,0.0022,0.002,0.0037,0.0,0.0,0.01,0.01,0.01,0.01,0.01,0.01,0.01,0.01,0.01,0.01,0.01,0.01,0.01,0.01,0.01,0.01,0.01,0.01,0.01,0.01,0.01,0.01,0.01,0.01,0.01,0.01,0.01,0.01,0.01,0.01,0.01,0.01,0.01,0.01,0.01,0.01,0.01,0.01,0.01,0.01,0.01,0.01,0.01,0.01,0.01,0.01,0.01,0.01,0.01,0.01,0.01,0.01,0.01,0.01,0.01,0.01,0.01,0.01,0.01,0.01,0.01,0.01,0.01,0.01,0.01,0.01,0.01,0.01,0.01,0.01,0.01,0.01,0.01,0.01,0.01,0.01,0.01,0.01,0.01,0.01,0.01,0.01,0.01,0.01,0.01,0.01,0.01,0.01,0.01,0.01,0.01,0.01,0.01,0.01,0.01,0.01,0.01,0.01,0.01,0.01,0.01,0.01,0.01,0.01,0.01,0.01,0.01,0.01,0.01,0.01,0.01,0.01,0.01,0.01,0.01,0.01,0.01,0.01,0.01,0.01,0.01,0.01,0.01,0.01,0.01,0.01,0.01,0.01,0.01,0.01,0.01,0.01,0.01,0.01,0.01,0.01,0.01,0.01,0.01,0.01,0.01,0.01,0.01,0.01,0.01,0.01,0.01,0.01,0.01,0.01,0.01,0.01,0.01,0.01,0.01,0.01,0.01,0.01,0.01,0.01,0.01,0.01,0.01,0.01,0.01,0.01,0.01,0.01,0.01,0.01,0.01,0.01,0.01,0.01,0.01,0.01,0.01,0.01,0.01,0.01,0.01,0.01,0.01,0.01,0.01,0.01,0.01,0.01,0.01,0.01,0.01,0.01,0.01,0.01,0.01,0.01,0.01,0.01,0.01,0.01
paired,1,23000,19.84154152555857,19.98227112495806,0.6911967396736145,0.6948719620704651,0,0.13990000000000002,0.8601000000000001,0.0,0.0,0.0,0.0,0.0,0.0,0.0,0.0,0.0,0.0,0.0071,0.0026,0.004,0.0038,0.003,0.0051,0.0044,0.0023,0.0046,0.0003,0.0017,0.0009,0.0006,0.0008,0.001,0.001,0.001,0.0012,0.0009,0.0002,0.0023,0.0005,0.0007,0.0009,0.0012,0.001,0.0013,0.0008,0.0009,0.0002,0.0014,0.0005,0.0016,0.0007,0.0014,0.0012,0.0012,0.0021,0.001,0.0008,0.0035,0.0008,0.0007,0.002,0.0011,0.0014,0.0017,0.0013,0.001,0.0005,0.0016,0.0009,0.0016,0.0013,0.0011,0.0021,0.0008,0.0007,0.0007,0.0009,0.001,0.0007,0.0009,0.001,0.0017,0.0012,0.0013,0.001,0.0007,0.0003,0.001,0.0006,0.0004,0.0008,0.001,0.0005,0.0009,0.0008,0.001,0.0009,0.0024,0.0033,0.0035,0.0036,0.0026,0.0034,0.0036,0.0022,0.003,0.0007,0.0,0.0,0.01,0.01,0.01,0.01,0.01,0.01,0.01,0.01,0.01,0.01,0.01,0.01,0.01,0.01,0.01,0.01,0.01,0.01,0.01,0.01,0.01,0.01,0.01,0.01,0.01,0.01,0.01,0.01,0.01,0.01,0.01,0.01,0.01,0.01,0.01,0.01,0.01,0.01,0.01,0.01,0.01,0.01,0.01,0.01,0.01,0.01,0.01,0.01,0.01,0.01,0.01,0.01,0.01,0.01,0.01,0.01,0.01,0.01,0.01,0.01,0.01,0.01,0.01,0.01,0.01,0.01,0.01,0.01,0.01,0.01,0.01,0.01,0.01,0.01,0.01,0.01,0.01,0.01,0.01,0.01,0.01,0.01,0.01,0.01,0.01,0.01,0.01,0.01,0.01,0.01,0.01,0.01,0.01,0.01,0.01,0.01,0.01,0.01,0.01,0.01,0.01,0.01,0.01,0.01,0.01,0.01,0.01,0.01,0.01,0.01,0.01,0.01,0.01,0.01,0.01,0.01,0.01,0.01,0.01,0.01,0.01,0.01,0.01,0.01,0.01,0.01,0.01,0.01,0.01,0.01,0.01,0.01,0.01,0.01,0.01,0.01,0.01,0.01,0.01,0.01,0.01,0.01,0.01,0.01,0.01,0.01,0.01,0.01,0.01,0.01,0.01,0.01,0.01,0.01,0.01,0.01,0.01,0.01,0.01,0.01,0.01,0.01,0.01,0.01,0.01,0.01,0.01,0.01,0.01,0.01,0.01,0.01,0.01,0.01,0.01,0.01,0.01,0.01,0.01,0.01,0.01,0.01,0.01,0.01,0.01,0.01,0.01,0.01,0.01,0.01,0.01,0.01,0.01,0.01,0.01,0.01,0.01,0.01,0.01,0.01
paired,1,24000,20.682571218465455,20.828343541943468,0.692685067653656,0.6953477263450623,0,0.1279,0.8721000000000001,0.0001,0.0038,0.0024,0.0028,0.0028,0.0035,0.0033,0.0021,0.003,0.0022,0.0001,0.0006,0.0009,0.0005,0.0006,0.0007,0.0012,0.0013,0.0006,0.0028,0.0,0.0004,0.0007,0.0009,0.0008,0.0015,0.0017,0.0014,0.0011,0.0024,0.0,0.0004,0.0006,0.0013,0.0014,0.0012,0.0024,0.0008,0.0004,0.0022,0.0001,0.0011,0.0013,0.0013,0.0023,0.0011,0.0014,0.0014,0.0009,0.0025,0.0,0.0007,0.0009,0.0015,0.0015,0.0016,0.0015,0.001,0.0006,0.002,0.0001,0.001,0.0011,0.0017,0.0016,0.0012,0.0013,0.001,0.0002,0.0025,0.0,0.001,0.0008,0.0007,0.0012,0.0009,0.0009,0.0009,0.0012,0.0015,0.0,0.0019,0.0009,0.0008,0.0009,0.001,0.0007,0.001,0.0007,0.0019,0.0,0.001,0.0013,0.0009,0.0021,0.0023,0.0019,0.0023,0.0017,0.0022,0.0,0.0,0.01,0.01,0.01,0.01,0.01,0.01,0.01,0.01,0.01,0.01,0.01,0.01,0.01,0.01,0.01,0.01,0.01,0.01,0.01,0.01,0.01,0.01,0.01,0.01,0.01,0.01,0.01,0.01,0.01,0.01,0.01,0.01,0.01,0.01,0.01,0.01,0.01,0.01,0.01,0.01,0.01,0.01,0.01,0.01,0.01,0.01,0.01,0.01,0.01,0.01,0.01,0.01,0.01,0.01,0.01,0.01,0.01,0.01,0.01,0.01,0.01,0.01,0.01,0.01,0.01,0.01,0.01,0.01,0.01,0.01,0.01,0.01,0.01,0.01,0.01,0.01,0.01,0.01,0.01,0.01,0.01,0.01,0.01,0.01,0.01,0.01,0.01,0.01,0.01,0.01,0.01,0.01,0.01,0.01,0.01,0.01,0.01,0.01,0.01,0.01,0.01,0.01,0.01,0.01,0.01,0.01,0.01,0.01,0.01,0.01,0.01,0.01,0.01,0.01,0.01,0.01,0.01,0.01,0.01,0.01,0.01,0.01,0.01,0.01,0.01,0.01,0.01,0.01,0.01,0.01,0.01,0.01,0.01,0.01,0.01,0.01,0.01,0.01,0.01,0.01,0.01,0.01,0.01,0.01,0.01,0.01,0.01,0.01,0.01,0.01,0.01,0.01,0.01,0.01,0.01,0.01,0.01,0.01,0.01,0.01,0.01,0.01,0.01,0.01,0.01,0.01,0.01,0.01,0.01,0.01,0.01,0.01,0.01,0.01,0.01,0.01,0.01,0.01,0.01,0.01,0.01,0.01,0.01,0.01,0.01,0.01,0.01,0.01,0.01,0.01,0.01,0.01,0.01,0.01,0.01,0.01,0.01,0.01,0.01,0.01
paired,1,25000,21.529713641037233,21.681115832994692,0.6955634355545044,0.6965519785881042,0,0.13369999999999993,0.8663000000000001,0.0,0.0,0.0,0.0,0.0,0.0,0.0,0.0,0.0,0.0,0.0006,0.0055,0.0031,0.0034,0.0032,0.0033,0.0038,0.0021,0.0062,0.0002,0.0008,0.0009,0.0008,0.0013,0.0012,0.0006,0.0009,0.0006,0.0025,0.0,0.0008,0.001,0.0005,0.0013,0.0013,0.0012,0.0008,0.0008,0.0013,0.0001,0.002,0.001,0.0011,0.0011,0.0015,0.0017,0.0014,0.0013,0.0018,0.0,0.002,0.001,0.0014,0.0009,0.0011,0.0013,0.0012,0.0017,0.0016,0.0001,0.0023,0.0011,0.0015,0.0013,0.0015,0.0016,0.0012,0.0008,0.0018,0.0001,0.0018,0.0017,0.0015,0.0018,0.0009,0.0014,0.0011,0.0011,0.0018,0.0001,0.0016,0.0011,0.0009,0.0007,0.0002,0.0009,0.0008,0.0004,0.0021,0.0,0.0017,0.0016,0.0019,0.0024,0.0026,0.0027,0.0035,0.0031,0.0037,0.0001,0.0,0.0,0.01,0.01,0.01,0.01,0.01,0.01,0.01,0.01,0.01,0.01,0.01,0.01,0.01,0.01,0.01,0.01,0.01,0.01,0.01,0.01,0.01,0.01,0.01,0.01,0.01,0.01,0.01,0.01,0.01,0.01,0.01,0.01,0.01,0.01,0.01,0.01,0.01,0.01,0.01,0.01,0.01,0.01,0.01,0.01,0.01,0.01,0.01,0.01,0.01,0.01,0.01,0.01,0.01,0.01,0.01,0.01,0.01,0.01,0.01,0.01,0.01,0.01,0.01,0.01,0.01,0.01,0.01,0.01,0.01,0.01,0.01,0.01,0.01,0.01,0.01,0.01,0.01,0.01,0.01,0.01,0.01,0.01,0.01,0.01,0.01,0.01,0.01,0.01,0.01,0.01,0.01,0.01,0.01,0.01,0.01,0.01,0.01,0.01,0.01,0.01,0.01,0.01,0.01,0.01,0.01,0.01,0.01,0.01,0.01,0.01,0.01,0.01,0.01,0.01,0.01,0.01,0.01,0.01,0.01,0.01,0.01,0.01,0.01,0.01,0.01,0.01,0.01,0.01,0.01,0.01,0.01,0.01,0.01,0.01,0.01,0.01,0.01,0.01,0.01,0.01,0.01,0.01,0.01,0.01,0.01,0.01,0.01,0.01,0.01,0.01,0.01,0.01,0.01,0.01,0.01,0.01,0.01,0.01,0.01,0.01,0.01,0.01,0.01,0.01,0.01,0.01,0.01,0.01,0.01,0.01,0.01,0.01,0.01,0.01,0.01,0.01,0.01,0.01,0.01,0.01,0.01,0.01,0.01,0.01,0.01,0.01,0.01,0.01,0.01,0.01,0.01,0.01,0.01,0.01,0.01,0.01,0.01,0.01,0.01,0.01
paired,1,26000,22.36555657046847,22.522115291911177,0.6894523501396179,0.6978789567947388,0,0.14680000000000004,0.8532,0.0,0.0,0.0,0.0,0.0,0.0,0.0,0.0,0.0,0.0,0.0,0.0,0.0067,0.0036,0.0031,0.0027,0.0034,0.0022,0.0028,0.0083,0.0,0.0003,0.0012,0.0007,0.0009,0.0008,0.0007,0.0017,0.0015,0.0029,0.0,0.0005,0.001,0.0006,0.0011,0.001,0.0019,0.0009,0.001,0.0026,0.0,0.0018,0.0005,0.0016,0.0012,0.0023,0.0011,0.0005,0.0014,0.0026,0.0,0.0025,0.0014,0.0007,0.0016,0.0014,0.0011,0.002,0.0015,0.0018,0.0,0.0036,0.001,0.0009,0.0014,0.0013,0.0014,0.001,0.0007,0.0021,0.0,0.0035,0.0008,0.0015,0.0009,0.0014,0.0009,0.0016,0.0004,0.002,0.0,0.003,0.0007,0.0009,0.0012,0.0005,0.0003,0.0004,0.001,0.001,0.0,0.0065,0.0029,0.0024,0.0026,0.0039,0.0039,0.0024,0.0023,0.0034,0.0,0.0,0.01,0.01,0.01,0.01,0.01,0.01,0.01,0.01,0.01,0.01,0.01,0.01,0.01,0.01,0.01,0.01,0.01,0.01,0.01,0.01,0.01,0.01,0.01,0.01,0.01,0.01,0.01,0.01,0.01,0.01,0.01,0.01,0.01,0.01,0.01,0.01,0.01,0.01,0.01,0.01,0.01,0.01,0.01,0.01,0.01,0.01,0.01,0.01,0.01,0.01,0.01,0.01,0.01,0.01,0.01,0.01,0.01,0.01,0.01,0.01,0.01,0.01,0.01,0.01,0.01,0.01,0.01,0.01,0.01,0.01,0.01,0.01,0.01,0.01,0.01,0.01,0.01,0.01,0.01,0.01,0.01,0.01,0.01,0.01,0.01,0.01,0.01,0.01,0.01,0.01,0.01,0.01,0.01,0.01,0.01,0.01,0.01,0.01,0.01,0.01,0.01,0.01,0.01,0.01,0.01,0.01,0.01,0.01,0.01,0.01,0.01,0.01,0.01,0.01,0.01,0.01,0.01,0.01,0.01,0.01,0.01,0.01,0.01,0.01,0.01,0.01,0.01,0.01,0.01,0.01,0.01,0.01,0.01,0.01,0.01,0.01,0.01,0.01,0.01,0.01,0.01,0.01,0.01,0.01,0.01,0.01,0.01,0.01,0.01,0.01,0.01,0.01,0.01,0.01,0.01,0.01,0.01,0.01,0.01,0.01,0.01,0.01,0.01,0.01,0.01,0.01,0.01,0.01,0.01,0.01,0.01,0.01,0.01,0.01,0.01,0.01,0.01,0.01,0.01,0.01,0.01,0.01,0.01,0.01,0.01,0.01,0.01,0.01,0.01,0.01,0.01,0.01,0.01,0.01,0.01,0.01,0.01,0.01,0.01,0.01
paired,1,27000,23.215069483267143,23.377022082917392,0.6902838349342346,0.6962198615074158,0,0.10870000000000002,0.8913,0.0001,0.0,0.0002,0.0,0.0002,0.0001,0.0,0.0001,0.0001,0.0,0.002,0.0021,0.0027,0.0021,0.0016,0.0016,0.0014,0.0025,0.0027,0.005,0.0007,0.0008,0.0004,0.0005,0.0009,0.0018,0.0015,0.0006,0.0005,0.0018,0.001,0.0005,0.0008,0.0013,0.0012,0.0015,0.0013,0.0007,0.0006,0.0015,0.0009,0.0009,0.0005,0.0011,0.0011,0.0014,0.0009,0.0018,0.0013,0.002,0.0012,0.0007,0.0004,0.0016,0.0017,0.001,0.0009,0.0012,0.0011,0.0024,0.0006,0.0009,0.0011,0.0014,0.0011,0.0015,0.0013,0.001,0.0015,0.002,0.0006,0.0009,0.001,0.0013,0.001,0.0014,0.0006,0.0004,0.0008,0.0016,0.0009,0.0008,0.0017,0.0009,0.0007,0.001,0.0011,0.0008,0.0014,0.0039,0.0003,0.0007,0.0009,0.0003,0.0006,0.0005,0.0002,0.0003,0.0001,0.0011,0.0,0.0,0.01,0.01,0.01,0.01,0.01,0.01,0.01,0.01,0.01,0.01,0.01,0.01,0.01,0.01,0.01,0.01,0.01,0.01,0.01,0.01,0.01,0.01,0.01,0.01,0.01,0.01,0.01,0.01,0.01,0.01,0.01,0.01,0.01,0.01,0.01,0.01,0.01,0.01,0.01,0.01,0.01,0.01,0.01,0.01,0.01,0.01,0.01,0.01,0.01,0.01,0.01,0.01,0.01,0.01,0.01,0.01,0.01,0.01,0.01,0.01,0.01,0.01,0.01,0.01,0.01,0.01,0.01,0.01,0.01,0.01,0.01,0.01,0.01,0.01,0.01,0.01,0.01,0.01,0.01,0.01,0.01,0.01,0.01,0.01,0.01,0.01,0.01,0.01,0.01,0.01,0.01,0.01,0.01,0.01,0.01,0.01,0.01,0.01,0.01,0.01,0.01,0.01,0.01,0.01,0.01,0.01,0.01,0.01,0.01,0.01,0.01,0.01,0.01,0.01,0.01,0.01,0.01,0.01,0.01,0.01,0.01,0.01,0.01,0.01,0.01,0.01,0.01,0.01,0.01,0.01,0.01,0.01,0.01,0.01,0.01,0.01,0.01,0.01,0.01,0.01,0.01,0.01,0.01,0.01,0.01,0.01,0.01,0.01,0.01,0.01,0.01,0.01,0.01,0.01,0.01,0.01,0.01,0.01,0.01,0.01,0.01,0.01,0.01,0.01,0.01,0.01,0.01,0.01,0.01,0.01,0.01,0.01,0.01,0.01,0.01,0.01,0.01,0.01,0.01,0.01,0.01,0.01,0.01,0.01,0.01,0.01,0.01,0.01,0.01,0.01,0.01,0.01,0.01,0.01,0.01,0.01,0.01,0.01,0.01,0.01
paired,1,28000,24.066203202470206,24.23328520799987,0.707077145576477,0.6876552104949951,0,0.11399999999999999,0.8860000000000001,0.0,0.0,0.0,0.0,0.0,0.0,0.0,0.0,0.0,0.0,0.0,0.0,0.0001,0.0001,0.0005,0.0006,0.0018,0.003,0.0038,0.0068,0.0,0.0057,0.0011,0.0011,0.0011,0.0008,0.0007,0.0009,0.001,0.0024,0.0,0.0019,0.0006,0.0007,0.0008,0.0006,0.0016,0.0011,0.0009,0.0039,0.0,0.0016,0.0007,0.0013,0.0008,0.0015,0.0009,0.0015,0.0008,0.0025,0.0001,0.0012,0.0014,0.0011,0.0007,0.0014,0.0008,0.0008,0.0012,0.0031,0.0001,0.0016,0.0011,0.0014,0.0008,0.0011,0.0009,0.0018,0.0012,0.0035,0.0001,0.0007,0.0013,0.0015,0.0008,0.0014,0.0006,0.0013,0.0012,0.0027,0.0002,0.0013,0.0006,0.0017,0.0005,0.0011,0.0003,0.0013,0.0008,0.0027,0.0002,0.0013,0.0012,0.0006,0.0011,0.0013,0.0011,0.0009,0.0015,0.0022,0.0,0.0,0.01,0.01,0.01,0.01,0.01,0.01,0.01,0.01,0.01,0.01,0.01,0.01,0.01,0.01,0.01,0.01,0.01,0.01,0.01,0.01,0.01,0.01,0.01,0.01,0.01,0.01,0.01,0.01,0.01,0.01,0.01,0.01,0.01,0.01,0.01,0.01,0.01,0.01,0.01,0.01,0.01,0.01,0.01,0.01,0.01,0.01,0.01,0.01,0.01,0.01,0.01,0.01,0.01,0.01,0.01,0.01,0.01,0.01,0.01,0.01,0.01,0.01,0.01,0.01,0.01,0.01,0.01,0.01,0.01,0.01,0.01,0.01,0.01,0.01,0.01,0.01,0.01,0.01,0.01,0.01,0.01,0.01,0.01,0.01,0.01,0.01,0.01,0.01,0.01,0.01,0.01,0.01,0.01,0.01,0.01,0.01,0.01,0.01,0.01,0.01,0.01,0.01,0.01,0.01,0.01,0.01,0.01,0.01,0.01,0.01,0.01,0.01,0.01,0.01,0.01,0.01,0.01,0.01,0.01,0.01,0.01,0.01,0.01,0.01,0.01,0.01,0.01,0.01,0.01,0.01,0.01,0.01,0.01,0.01,0.01,0.01,0.01,0.01,0.01,0.01,0.01,0.01,0.01,0.01,0.01,0.01,0.01,0.01,0.01,0.01,0.01,0.01,0.01,0.01,0.01,0.01,0.01,0.01,0.01,0.01,0.01,0.01,0.01,0.01,0.01,0.01,0.01,0.01,0.01,0.01,0.01,0.01,0.01,0.01,0.01,0.01,0.01,0.01,0.01,0.01,0.01,0.01,0.01,0.01,0.01,0.01,0.01,0.01,0.01,0.01,0.01,0.01,0.01,0.01,0.01,0.01,0.01,0.01,0.01,0.01
paired,1,29000,24.90918466472067,25.081463791895658,0.694322407245636,0.6944498419761658,0,0.1552,0.8448,0.0038,0.0034,0.0016,0.0022,0.0012,0.0027,0.0016,0.0026,0.0002,0.0,0.0027,0.0014,0.0005,0.0009,0.0007,0.0005,0.0012,0.0008,0.0015,0.0,0.0031,0.001,0.0012,0.0008,0.0008,0.0013,0.001,0.0013,0.0024,0.0,0.0039,0.0009,0.001,0.0012,0.001,0.0008,0.001,0.0012,0.0032,0.0,0.004,0.0006,0.0014,0.0012,0.0014,0.0009,0.0011,0.0007,0.0025,0.0,0.0033,0.0011,0.0018,0.0019,0.002,0.0012,0.0013,0.0014,0.003,0.0,0.005,0.0014,0.0013,0.0015,0.0016,0.0016,0.0011,0.0014,0.0045,0.0,0.0034,0.0007,0.0005,0.0006,0.0013,0.0009,0.0008,0.0013,0.0039,0.0,0.0017,0.0007,0.001,0.0009,0.0007,0.0005,0.0014,0.0007,0.0031,0.0,0.004,0.0026,0.0015,0.0014,0.0026,0.0024,0.002,0.0029,0.0049,0.0,0.0,0.0,0.01,0.01,0.01,0.01,0.01,0.01,0.01,0.01,0.01,0.01,0.01,0.01,0.01,0.01,0.01,0.01,0.01,0.01,0.01,0.01,0.01,0.01,0.01,0.01,0.01,0.01,0.01,0.01,0.01,0.01,0.01,0.01,0.01,0.01,0.01,0.01,0.01,0.01,0.01,0.01,0.01,0.01,0.01,0.01,0.01,0.01,0.01,0.01,0.01,0.01,0.01,0.01,0.01,0.01,0.01,0.01,0.01,0.01,0.01,0.01,0.01,0.01,0.01,0.01,0.01,0.01,0.01,0.01,0.01,0.01,0.01,0.01,0.01,0.01,0.01,0.01,0.01,0.01,0.01,0.01,0.01,0.01,0.01,0.01,0.01,0.01,0.01,0.01,0.01,0.01,0.01,0.01,0.01,0.01,0.01,0.01,0.01,0.01,0.01,0.01,0.01,0.01,0.01,0.01,0.01,0.01,0.01,0.01,0.01,0.01,0.01,0.01,0.01,0.01,0.01,0.01,0.01,0.01,0.01,0.01,0.01,0.01,0.01,0.01,0.01,0.01,0.01,0.01,0.01,0.01,0.01,0.01,0.01,0.01,0.01,0.01,0.01,0.01,0.01,0.01,0.01,0.01,0.01,0.01,0.01,0.01,0.01,0.01,0.01,0.01,0.01,0.01,0.01,0.01,0.01,0.01,0.01,0.01,0.01,0.01,0.01,0.01,0.01,0.01,0.01,0.01,0.01,0.01,0.01,0.01,0.01,0.01,0.01,0.01,0.01,0.01,0.01,0.01,0.01,0.01,0.01,0.01,0.01,0.01,0.01,0.01,0.01,0.01,0.01,0.01,0.01,0.01,0.01,0.01,0.01,0.01,0.01,0.01,0.01,0.01
paired,1,30000,25.745618665474467,25.92307333298959,0.6917606592178345,0.696726381778717,0,0.11880000000000002,0.8812,0.0,0.0002,0.0,0.0,0.0001,0.0001,0.0001,0.0,0.0,0.0,0.0,0.0051,0.0005,0.0008,0.0003,0.0014,0.0005,0.0009,0.007,0.0,0.0,0.0041,0.0007,0.0005,0.0006,0.0013,0.0009,0.0011,0.0039,0.0,0.0,0.0032,0.0009,0.0009,0.0014,0.002,0.0008,0.001,0.0035,0.0001,0.0,0.0019,0.0011,0.0008,0.0013,0.0013,0.0009,0.0009,0.0037,0.0,0.0,0.003,0.0009,0.0012,0.0012,0.0014,0.0009,0.0014,0.0037,0.0,0.0,0.003,0.0016,0.0006,0.0013,0.0016,0.0015,0.0006,0.0042,0.0,0.0001,0.002,0.0008,0.0006,0.0012,0.0012,0.0012,0.001,0.0045,0.0,0.0001,0.0035,0.0012,0.0007,0.0009,0.0005,0.0008,0.0004,0.0028,0.0002,0.0,0.0014,0.0008,0.0007,0.0019,0.0013,0.0014,0.0009,0.0028,0.0,0.0,0.0,0.01,0.01,0.01,0.01,0.01,0.01,0.01,0.01,0.01,0.01,0.01,0.01,0.01,0.01,0.01,0.01,0.01,0.01,0.01,0.01,0.01,0.01,0.01,0.01,0.01,0.01,0.01,0.01,0.01,0.01,0.01,0.01,0.01,0.01,0.01,0.01,0.01,0.01,0.01,0.01,0.01,0.01,0.01,0.01,0.01,0.01,0.01,0.01,0.01,0.01,0.01,0.01,0.01,0.01,0.01,0.01,0.01,0.01,0.01,0.01,0.01,0.01,0.01,0.01,0.01,0.01,0.01,0.01,0.01,0.01,0.01,0.01,0.01,0.01,0.01,0.01,0.01,0.01,0.01,0.01,0.01,0.01,0.01,0.01,0.01,0.01,0.01,0.01,0.01,0.01,0.01,0.01,0.01,0.01,0.01,0.01,0.01,0.01,0.01,0.01,0.01,0.01,0.01,0.01,0.01,0.01,0.01,0.01,0.01,0.01,0.01,0.01,0.01,0.01,0.01,0.01,0.01,0.01,0.01,0.01,0.01,0.01,0.01,0.01,0.01,0.01,0.01,0.01,0.01,0.01,0.01,0.01,0.01,0.01,0.01,0.01,0.01,0.01,0.01,0.01,0.01,0.01,0.01,0.01,0.01,0.01,0.01,0.01,0.01,0.01,0.01,0.01,0.01,0.01,0.01,0.01,0.01,0.01,0.01,0.01,0.01,0.01,0.01,0.01,0.01,0.01,0.01,0.01,0.01,0.01,0.01,0.01,0.01,0.01,0.01,0.01,0.01,0.01,0.01,0.01,0.01,0.01,0.01,0.01,0.01,0.01,0.01,0.01,0.01,0.01,0.01,0.01,0.01,0.01,0.01,0.01,0.01,0.01,0.01,0.01
paired,1,31000,26.591293449746445,26.774030542001128,0.6941311955451965,0.6934825778007507,0,0.1169,0.8831,0.0011,0.0011,0.0012,0.0014,0.003,0.0032,0.0033,0.0022,0.0022,0.0013,0.002,0.0005,0.0016,0.0011,0.0016,0.0014,0.0011,0.0011,0.0009,0.0017,0.0014,0.0009,0.0007,0.001,0.0013,0.0013,0.0009,0.0006,0.0006,0.0021,0.0023,0.0006,0.0008,0.0012,0.0016,0.0015,0.0009,0.0008,0.0006,0.0019,0.002,0.0005,0.001,0.0016,0.0016,0.0014,0.0008,0.0011,0.0006,0.0017,0.0021,0.0005,0.0015,0.0016,0.001,0.001,0.001,0.0011,0.0005,0.0015,0.0024,0.0008,0.0013,0.0021,0.0014,0.0018,0.0011,0.0008,0.0007,0.0006,0.0014,0.001,0.0011,0.0008,0.0016,0.0016,0.0013,0.0007,0.0009,0.0005,0.0021,0.0005,0.001,0.0009,0.001,0.0009,0.0014,0.0011,0.0009,0.0021,0.0001,0.0,0.0,0.0003,0.0001,0.0,0.0001,0.0,0.0001,0.0003,0.0,0.0,0.01,0.01,0.01,0.01,0.01,0.01,0.01,0.01,0.01,0.01,0.01,0.01,0.01,0.01,0.01,0.01,0.01,0.01,0.01,0.01,0.01,0.01,0.01,0.01,0.01,0.01,0.01,0.01,0.01,0.01,0.01,0.01,0.01,0.01,0.01,0.01,0.01,0.01,0.01,0.01,0.01,0.01,0.01,0.01,0.01,0.01,0.01,0.01,0.01,0.01,0.01,0.01,0.01,0.01,0.01,0.01,0.01,0.01,0.01,0.01,0.01,0.01,0.01,0.01,0.01,0.01,0.01,0.01,0.01,0.01,0.01,0.01,0.01,0.01,0.01,0.01,0.01,0.01,0.01,0.01,0.01,0.01,0.01,0.01,0.01,0.01,0.01,0.01,0.01,0.01,0.01,0.01,0.01,0.01,0.01,0.01,0.01,0.01,0.01,0.01,0.01,0.01,0.01,0.01,0.01,0.01,0.01,0.01,0.01,0.01,0.01,0.01,0.01,0.01,0.01,0.01,0.01,0.01,0.01,0.01,0.01,0.01,0.01,0.01,0.01,0.01,0.01,0.01,0.01,0.01,0.01,0.01,0.01,0.01,0.01,0.01,0.01,0.01,0.01,0.01,0.01,0.01,0.01,0.01,0.01,0.01,0.01,0.01,0.01,0.01,0.01,0.01,0.01,0.01,0.01,0.01,0.01,0.01,0.01,0.01,0.01,0.01,0.01,0.01,0.01,0.01,0.01,0.01,0.01,0.01,0.01,0.01,0.01,0.01,0.01,0.01,0.01,0.01,0.01,0.01,0.01,0.01,0.01,0.01,0.01,0.01,0.01,0.01,0.01,0.01,0.01,0.01,0.01,0.01,0.01,0.01,0.01,0.01,0.01,0.01
paired,1,32000,27.426631285692565,27.614714749972336,0.6924439668655396,0.6930895447731018,0,0.10870000000000002,0.8913,0.0,0.0,0.0001,0.0,0.0,0.0003,0.0002,0.0001,0.0001,0.0,0.0056,0.0028,0.0037,0.0038,0.0025,0.0028,0.0026,0.0019,0.0022,0.0001,0.002,0.0007,0.0016,0.001,0.0012,0.0015,0.0016,0.0015,0.0008,0.0003,0.0018,0.0009,0.0009,0.0014,0.0013,0.0021,0.0016,0.0008,0.0008,0.0,0.0008,0.0007,0.001,0.0015,0.0021,0.0007,0.0011,0.0006,0.0008,0.0002,0.0019,0.0006,0.0017,0.0017,0.0021,0.0012,0.0009,0.0017,0.0006,0.0002,0.0012,0.0014,0.0014,0.0015,0.0019,0.001,0.0008,0.0007,0.0004,0.0002,0.0015,0.0011,0.0014,0.0009,0.0013,0.001,0.0002,0.0006,0.0005,0.0001,0.0009,0.0005,0.0008,0.0008,0.0006,0.0009,0.0015,0.0013,0.0014,0.0001,0.0018,0.0008,0.0004,0.0012,0.0006,0.0002,0.0004,0.0002,0.0003,0.0002,0.0,0.0,0.01,0.01,0.01,0.01,0.01,0.01,0.01,0.01,0.01,0.01,0.01,0.01,0.01,0.01,0.01,0.01,0.01,0.01,0.01,0.01,0.01,0.01,0.01,0.01,0.01,0.01,0.01,0.01,0.01,0.01,0.01,0.01,0.01,0.01,0.01,0.01,0.01,0.01,0.01,0.01,0.01,0.01,0.01,0.01,0.01,0.01,0.01,0.01,0.01,0.01,0.01,0.01,0.01,0.01,0.01,0.01,0.01,0.01,0.01,0.01,0.01,0.01,0.01,0.01,0.01,0.01,0.01,0.01,0.01,0.01,0.01,0.01,0.01,0.01,0.01,0.01,0.01,0.01,0.01,0.01,0.01,0.01,0.01,0.01,0.01,0.01,0.01,0.01,0.01,0.01,0.01,0.01,0.01,0.01,0.01,0.01,0.01,0.01,0.01,0.01,0.01,0.01,0.01,0.01,0.01,0.01,0.01,0.01,0.01,0.01,0.01,0.01,0.01,0.01,0.01,0.01,0.01,0.01,0.01,0.01,0.01,0.01,0.01,0.01,0.01,0.01,0.01,0.01,0.01,0.01,0.01,0.01,0.01,0.01,0.01,0.01,0.01,0.01,0.01,0.01,0.01,0.01,0.01,0.01,0.01,0.01,0.01,0.01,0.01,0.01,0.01,0.01,0.01,0.01,0.01,0.01,0.01,0.01,0.01,0.01,0.01,0.01,0.01,0.01,0.01,0.01,0.01,0.01,0.01,0.01,0.01,0.01,0.01,0.01,0.01,0.01,0.01,0.01,0.01,0.01,0.01,0.01,0.01,0.01,0.01,0.01,0.01,0.01,0.01,0.01,0.01,0.01,0.01,0.01,0.01,0.01,0.01,0.01,0.01,0.01
paired,1,33000,28.2672906962689,28.461286499979906,0.6940603256225586,0.6950775384902954,0,0.12769999999999992,0.8723000000000001,0.0,0.0,0.0016,0.001,0.0012,0.0018,0.0029,0.0025,0.003,0.0058,0.0,0.0,0.004,0.001,0.0008,0.0009,0.0009,0.001,0.0016,0.0029,0.0,0.0,0.0022,0.0009,0.0013,0.0008,0.0013,0.001,0.0012,0.0049,0.0,0.0,0.0012,0.0012,0.0014,0.001,0.0009,0.0011,0.0019,0.0032,0.0,0.0,0.0019,0.0015,0.0016,0.0011,0.0007,0.0006,0.0014,0.0038,0.0,0.0,0.0011,0.0013,0.0015,0.0011,0.0013,0.0013,0.0009,0.0029,0.0,0.0,0.0015,0.0013,0.0012,0.001,0.0012,0.0016,0.0009,0.0038,0.0,0.0,0.0012,0.0007,0.0013,0.0009,0.0007,0.0009,0.0006,0.0034,0.0,0.0,0.0013,0.0006,0.0004,0.0004,0.0008,0.0013,0.001,0.0021,0.0,0.0001,0.0023,0.0011,0.0022,0.0014,0.0016,0.0009,0.0016,0.004,0.0,0.0,0.01,0.01,0.01,0.01,0.01,0.01,0.01,0.01,0.01,0.01,0.01,0.01,0.01,0.01,0.01,0.01,0.01,0.01,0.01,0.01,0.01,0.01,0.01,0.01,0.01,0.01,0.01,0.01,0.01,0.01,0.01,0.01,0.01,0.01,0.01,0.01,0.01,0.01,0.01,0.01,0.01,0.01,0.01,0.01,0.01,0.01,0.01,0.01,0.01,0.01,0.01,0.01,0.01,0.01,0.01,0.01,0.01,0.01,0.01,0.01,0.01,0.01,0.01,0.01,0.01,0.01,0.01,0.01,0.01,0.01,0.01,0.01,0.01,0.01,0.01,0.01,0.01,0.01,0.01,0.01,0.01,0.01,0.01,0.01,0.01,0.01,0.01,0.01,0.01,0.01,0.01,0.01,0.01,0.01,0.01,0.01,0.01,0.01,0.01,0.01,0.01,0.01,0.01,0.01,0.01,0.01,0.01,0.01,0.01,0.01,0.01,0.01,0.01,0.01,0.01,0.01,0.01,0.01,0.01,0.01,0.01,0.01,0.01,0.01,0.01,0.01,0.01,0.01,0.01,0.01,0.01,0.01,0.01,0.01,0.01,0.01,0.01,0.01,0.01,0.01,0.01,0.01,0.01,0.01,0.01,0.01,0.01,0.01,0.01,0.01,0.01,0.01,0.01,0.01,0.01,0.01,0.01,0.01,0.01,0.01,0.01,0.01,0.01,0.01,0.01,0.01,0.01,0.01,0.01,0.01,0.01,0.01,0.01,0.01,0.01,0.01,0.01,0.01,0.01,0.01,0.01,0.01,0.01,0.01,0.01,0.01,0.01,0.01,0.01,0.01,0.01,0.01,0.01,0.01,0.01,0.01,0.01,0.01,0.01,0.01
paired,1,34000,29.1107085730182,29.310388916986994,0.6935111284255981,0.6942373514175415,0,0.14379999999999993,0.8562000000000001,0.0,0.0035,0.0027,0.0021,0.0035,0.0031,0.0032,0.0028,0.003,0.0022,0.0,0.0007,0.0009,0.0002,0.001,0.0007,0.0009,0.0011,0.0006,0.0014,0.0003,0.0008,0.0011,0.001,0.0007,0.0012,0.0015,0.001,0.0007,0.0018,0.0001,0.0006,0.0013,0.001,0.0008,0.0012,0.0015,0.0012,0.0008,0.0021,0.0001,0.0009,0.0011,0.0017,0.0018,0.0013,0.0012,0.001,0.0012,0.0025,0.0002,0.0009,0.0013,0.0021,0.0017,0.0013,0.0014,0.0014,0.001,0.0029,0.0001,0.0011,0.0023,0.0015,0.0013,0.0017,0.0018,0.0017,0.0007,0.0024,0.0001,0.0021,0.0008,0.0021,0.0012,0.0009,0.0008,0.001,0.0011,0.0024,0.0002,0.0007,0.0008,0.0015,0.0012,0.0011,0.0008,0.001,0.0012,0.0022,0.0003,0.0022,0.0022,0.0022,0.0029,0.0036,0.0029,0.0029,0.002,0.0035,0.0,0.0,0.01,0.01,0.01,0.01,0.01,0.01,0.01,0.01,0.01,0.01,0.01,0.01,0.01,0.01,0.01,0.01,0.01,0.01,0.01,0.01,0.01,0.01,0.01,0.01,0.01,0.01,0.01,0.01,0.01,0.01,0.01,0.01,0.01,0.01,0.01,0.01,0.01,0.01,0.01,0.01,0.01,0.01,0.01,0.01,0.01,0.01,0.01,0.01,0.01,0.01,0.01,0.01,0.01,0.01,0.01,0.01,0.01,0.01,0.01,0.01,0.01,0.01,0.01,0.01,0.01,0.01,0.01,0.01,0.01,0.01,0.01,0.01,0.01,0.01,0.01,0.01,0.01,0.01,0.01,0.01,0.01,0.01,0.01,0.01,0.01,0.01,0.01,0.01,0.01,0.01,0.01,0.01,0.01,0.01,0.01,0.01,0.01,0.01,0.01,0.01,0.01,0.01,0.01,0.01,0.01,0.01,0.01,0.01,0.01,0.01,0.01,0.01,0.01,0.01,0.01,0.01,0.01,0.01,0.01,0.01,0.01,0.01,0.01,0.01,0.01,0.01,0.01,0.01,0.01,0.01,0.01,0.01,0.01,0.01,0.01,0.01,0.01,0.01,0.01,0.01,0.01,0.01,0.01,0.01,0.01,0.01,0.01,0.01,0.01,0.01,0.01,0.01,0.01,0.01,0.01,0.01,0.01,0.01,0.01,0.01,0.01,0.01,0.01,0.01,0.01,0.01,0.01,0.01,0.01,0.01,0.01,0.01,0.01,0.01,0.01,0.01,0.01,0.01,0.01,0.01,0.01,0.01,0.01,0.01,0.01,0.01,0.01,0.01,0.01,0.01,0.01,0.01,0.01,0.01,0.01,0.01,0.01,0.01,0.01,0.01
paired,1,35000,29.96494164702017,30.17059029196389,0.6928086280822754,0.6957228183746338,0,0.13250000000000006,0.8674999999999999,0.0,0.0,0.0,0.0,0.0,0.0,0.0,0.0,0.0,0.0,0.0,0.0007,0.0011,0.0021,0.0028,0.0065,0.0055,0.0056,0.0043,0.0061,0.0019,0.0006,0.0012,0.0011,0.0013,0.0011,0.0012,0.0007,0.0009,0.0022,0.0016,0.0008,0.001,0.0008,0.0008,0.0007,0.0011,0.0013,0.0011,0.0018,0.002,0.0007,0.0013,0.0013,0.0012,0.0008,0.0015,0.0012,0.0008,0.0016,0.0014,0.0008,0.0009,0.0013,0.0008,0.001,0.0013,0.0015,0.0008,0.001,0.0019,0.0013,0.0015,0.0014,0.0012,0.0022,0.0012,0.001,0.0008,0.0011,0.0005,0.0007,0.0009,0.0015,0.0012,0.0011,0.0006,0.0006,0.0014,0.0019,0.0038,0.0032,0.0034,0.003,0.0022,0.0034,0.0021,0.0012,0.0013,0.0029,0.0,0.0,0.0,0.0,0.0,0.0001,0.0,0.0,0.0001,0.0007,0.0,0.0,0.01,0.01,0.01,0.01,0.01,0.01,0.01,0.01,0.01,0.01,0.01,0.01,0.01,0.01,0.01,0.01,0.01,0.01,0.01,0.01,0.01,0.01,0.01,0.01,0.01,0.01,0.01,0.01,0.01,0.01,0.01,0.01,0.01,0.01,0.01,0.01,0.01,0.01,0.01,0.01,0.01,0.01,0.01,0.01,0.01,0.01,0.01,0.01,0.01,0.01,0.01,0.01,0.01,0.01,0.01,0.01,0.01,0.01,0.01,0.01,0.01,0.01,0.01,0.01,0.01,0.01,0.01,0.01,0.01,0.01,0.01,0.01,0.01,0.01,0.01,0.01,0.01,0.01,0.01,0.01,0.01,0.01,0.01,0.01,0.01,0.01,0.01,0.01,0.01,0.01,0.01,0.01,0.01,0.01,0.01,0.01,0.01,0.01,0.01,0.01,0.01,0.01,0.01,0.01,0.01,0.01,0.01,0.01,0.01,0.01,0.01,0.01,0.01,0.01,0.01,0.01,0.01,0.01,0.01,0.01,0.01,0.01,0.01,0.01,0.01,0.01,0.01,0.01,0.01,0.01,0.01,0.01,0.01,0.01,0.01,0.01,0.01,0.01,0.01,0.01,0.01,0.01,0.01,0.01,0.01,0.01,0.01,0.01,0.01,0.01,0.01,0.01,0.01,0.01,0.01,0.01,0.01,0.01,0.01,0.01,0.01,0.01,0.01,0.01,0.01,0.01,0.01,0.01,0.01,0.01,0.01,0.01,0.01,0.01,0.01,0.01,0.01,0.01,0.01,0.01,0.01,0.01,0.01,0.01,0.01,0.01,0.01,0.01,0.01,0.01,0.01,0.01,0.01,0.01,0.01,0.01,0.01,0.01,0.01,0.01
paired,1,36000,30.825722068431787,31.037106374977157,0.6923526525497437,0.6935570240020752,0,0.15050000000000008,0.8494999999999999,0.002,0.0012,0.0018,0.0016,0.0018,0.0016,0.0029,0.0024,0.0031,0.0008,0.002,0.0008,0.0014,0.0016,0.0009,0.0015,0.0003,0.001,0.0005,0.0014,0.0033,0.0009,0.0011,0.0014,0.0008,0.0019,0.0005,0.0011,0.0005,0.0022,0.0035,0.001,0.0011,0.0011,0.0014,0.0012,0.0012,0.0009,0.0006,0.0023,0.0029,0.0007,0.0011,0.0011,0.0012,0.0014,0.0013,0.0011,0.0008,0.0013,0.0024,0.0011,0.002,0.0012,0.0008,0.0008,0.0013,0.0017,0.0008,0.0015,0.0047,0.001,0.0008,0.0014,0.0008,0.0014,0.0008,0.0006,0.0013,0.0014,0.0034,0.0005,0.0013,0.0006,0.0006,0.0005,0.0011,0.0008,0.0007,0.0009,0.0022,0.0009,0.0007,0.0008,0.0005,0.0012,0.0006,0.0007,0.0008,0.0014,0.0058,0.0034,0.0028,0.0039,0.0023,0.0031,0.0028,0.0034,0.0028,0.0007,0.0,0.0,0.01,0.01,0.01,0.01,0.01,0.01,0.01,0.01,0.01,0.01,0.01,0.01,0.01,0.01,0.01,0.01,0.01,0.01,0.01,0.01,0.01,0.01,0.01,0.01,0.01,0.01,0.01,0.01,0.01,0.01,0.01,0.01,0.01,0.01,0.01,0.01,0.01,0.01,0.01,0.01,0.01,0.01,0.01,0.01,0.01,0.01,0.01,0.01,0.01,0.01,0.01,0.01,0.01,0.01,0.01,0.01,0.01,0.01,0.01,0.01,0.01,0.01,0.01,0.01,0.01,0.01,0.01,0.01,0.01,0.01,0.01,0.01,0.01,0.01,0.01,0.01,0.01,0.01,0.01,0.01,0.01,0.01,0.01,0.01,0.01,0.01,0.01,0.01,0.01,0.01,0.01,0.01,0.01,0.01,0.01,0.01,0.01,0.01,0.01,0.01,0.01,0.01,0.01,0.01,0.01,0.01,0.01,0.01,0.01,0.01,0.01,0.01,0.01,0.01,0.01,0.01,0.01,0.01,0.01,0.01,0.01,0.01,0.01,0.01,0.01,0.01,0.01,0.01,0.01,0.01,0.01,0.01,0.01,0.01,0.01,0.01,0.01,0.01,0.01,0.01,0.01,0.01,0.01,0.01,0.01,0.01,0.01,0.01,0.01,0.01,0.01,0.01,0.01,0.01,0.01,0.01,0.01,0.01,0.01,0.01,0.01,0.01,0.01,0.01,0.01,0.01,0.01,0.01,0.01,0.01,0.01,0.01,0.01,0.01,0.01,0.01,0.01,0.01,0.01,0.01,0.01,0.01,0.01,0.01,0.01,0.01,0.01,0.01,0.01,0.01,0.01,0.01,0.01,0.01,0.01,0.01,0.01,0.01,0.01,0.01
paired,1,37000,31.68234142358415,31.89969837490935,0.6930760741233826,0.6940932273864746,0,0.13329999999999997,0.8667,0.0001,0.0023,0.0019,0.0021,0.0019,0.0021,0.0023,0.0025,0.002,0.0049,0.0001,0.0008,0.0008,0.0006,0.0005,0.0006,0.0015,0.001,0.0012,0.0013,0.0001,0.0007,0.0004,0.0011,0.0013,0.001,0.0012,0.0009,0.0014,0.0019,0.0004,0.0007,0.0012,0.0015,0.0015,0.0017,0.0014,0.0013,0.0012,0.0014,0.0002,0.0003,0.0018,0.0018,0.0013,0.0011,0.0012,0.0011,0.0015,0.0023,0.0004,0.0007,0.0015,0.0011,0.0009,0.0011,0.0012,0.0007,0.0012,0.0016,0.0,0.0013,0.0011,0.0012,0.0013,0.0008,0.0015,0.001,0.0006,0.003,0.0001,0.001,0.0008,0.0009,0.0011,0.0007,0.0007,0.0009,0.0011,0.0021,0.0,0.0009,0.0003,0.0008,0.0008,0.0008,0.0008,0.0008,0.0005,0.0048,0.0002,0.0066,0.0048,0.0026,0.0031,0.0025,0.0022,0.0023,0.0008,0.0007,0.0,0.0,0.01,0.01,0.01,0.01,0.01,0.01,0.01,0.01,0.01,0.01,0.01,0.01,0.01,0.01,0.01,0.01,0.01,0.01,0.01,0.01,0.01,0.01,0.01,0.01,0.01,0.01,0.01,0.01,0.01,0.01,0.01,0.01,0.01,0.01,0.01,0.01,0.01,0.01,0.01,0.01,0.01,0.01,0.01,0.01,0.01,0.01,0.01,0.01,0.01,0.01,0.01,0.01,0.01,0.01,0.01,0.01,0.01,0.01,0.01,0.01,0.01,0.01,0.01,0.01,0.01,0.01,0.01,0.01,0.01,0.01,0.01,0.01,0.01,0.01,0.01,0.01,0.01,0.01,0.01,0.01,0.01,0.01,0.01,0.01,0.01,0.01,0.01,0.01,0.01,0.01,0.01,0.01,0.01,0.01,0.01,0.01,0.01,0.01,0.01,0.01,0.01,0.01,0.01,0.01,0.01,0.01,0.01,0.01,0.01,0.01,0.01,0.01,0.01,0.01,0.01,0.01,0.01,0.01,0.01,0.01,0.01,0.01,0.01,0.01,0.01,0.01,0.01,0.01,0.01,0.01,0.01,0.01,0.01,0.01,0.01,0.01,0.01,0.01,0.01,0.01,0.01,0.01,0.01,0.01,0.01,0.01,0.01,0.01,0.01,0.01,0.01,0.01,0.01,0.01,0.01,0.01,0.01,0.01,0.01,0.01,0.01,0.01,0.01,0.01,0.01,0.01,0.01,0.01,0.01,0.01,0.01,0.01,0.01,0.01,0.01,0.01,0.01,0.01,0.01,0.01,0.01,0.01,0.01,0.01,0.01,0.01,0.01,0.01,0.01,0.01,0.01,0.01,0.01,0.01,0.01,0.01,0.01,0.01,0.01,0.01
paired,1,38000,32.540091828326695,32.76384762499947,0.6927611231803894,0.6923238039016724,0,0.13939999999999997,0.8606,0.0,0.0,0.0,0.0,0.0,0.0,0.0,0.0,0.0,0.0,0.0001,0.0022,0.0034,0.0033,0.0028,0.0046,0.0044,0.0045,0.0052,0.0,0.0001,0.0009,0.0013,0.0012,0.0007,0.0011,0.0014,0.001,0.0018,0.0,0.0003,0.0014,0.0021,0.0012,0.0017,0.0012,0.0003,0.0017,0.0013,0.0,0.0003,0.0008,0.0013,0.0013,0.0017,0.0017,0.0012,0.0014,0.0012,0.0001,0.0002,0.0013,0.0022,0.0008,0.0011,0.0014,0.0012,0.0015,0.0013,0.0002,0.0008,0.0016,0.0013,0.0019,0.0013,0.0021,0.0018,0.0014,0.0005,0.0001,0.0004,0.0015,0.0015,0.0016,0.0014,0.0012,0.0019,0.0015,0.0016,0.0002,0.001,0.0015,0.0018,0.0014,0.001,0.0012,0.0009,0.0012,0.0008,0.0014,0.0017,0.0028,0.0041,0.0029,0.0029,0.0035,0.0035,0.0033,0.0019,0.0016,0.0,0.0,0.01,0.01,0.01,0.01,0.01,0.01,0.01,0.01,0.01,0.01,0.01,0.01,0.01,0.01,0.01,0.01,0.01,0.01,0.01,0.01,0.01,0.01,0.01,0.01,0.01,0.01,0.01,0.01,0.01,0.01,0.01,0.01,0.01,0.01,0.01,0.01,0.01,0.01,0.01,0.01,0.01,0.01,0.01,0.01,0.01,0.01,0.01,0.01,0.01,0.01,0.01,0.01,0.01,0.01,0.01,0.01,0.01,0.01,0.01,0.01,0.01,0.01,0.01,0.01,0.01,0.01,0.01,0.01,0.01,0.01,0.01,0.01,0.01,0.01,0.01,0.01,0.01,0.01,0.01,0.01,0.01,0.01,0.01,0.01,0.01,0.01,0.01,0.01,0.01,0.01,0.01,0.01,0.01,0.01,0.01,0.01,0.01,0.01,0.01,0.01,0.01,0.01,0.01,0.01,0.01,0.01,0.01,0.01,0.01,0.01,0.01,0.01,0.01,0.01,0.01,0.01,0.01,0.01,0.01,0.01,0.01,0.01,0.01,0.01,0.01,0.01,0.01,0.01,0.01,0.01,0.01,0.01,0.01,0.01,0.01,0.01,0.01,0.01,0.01,0.01,0.01,0.01,0.01,0.01,0.01,0.01,0.01,0.01,0.01,0.01,0.01,0.01,0.01,0.01,0.01,0.01,0.01,0.01,0.01,0.01,0.01,0.01,0.01,0.01,0.01,0.01,0.01,0.01,0.01,0.01,0.01,0.01,0.01,0.01,0.01,0.01,0.01,0.01,0.01,0.01,0.01,0.01,0.01,0.01,0.01,0.01,0.01,0.01,0.01,0.01,0.01,0.01,0.01,0.01,0.01,0.01,0.01,0.01,0.01,0.01
paired,1,39000,33.393692594370805,33.623468499979936,0.6917690634727478,0.6936777234077454,0,0.13080000000000003,0.8692,0.0052,0.0015,0.0027,0.0027,0.0017,0.0019,0.0021,0.0024,0.0015,0.0001,0.0024,0.0009,0.001,0.0005,0.0007,0.0015,0.0009,0.0008,0.001,0.0,0.0027,0.0008,0.0016,0.0014,0.0013,0.0016,0.0011,0.0007,0.0015,0.0,0.0025,0.0008,0.0013,0.0014,0.001,0.0014,0.001,0.0013,0.001,0.0,0.0022,0.0012,0.001,0.0016,0.0009,0.0008,0.0009,0.0009,0.0008,0.0,0.0025,0.0008,0.0018,0.0019,0.0012,0.0009,0.0017,0.0009,0.0013,0.0,0.0032,0.0006,0.002,0.0015,0.0011,0.0015,0.0013,0.0008,0.0008,0.0001,0.0033,0.0007,0.0009,0.0012,0.0014,0.0009,0.0017,0.0011,0.0011,0.0,0.0091,0.0036,0.0019,0.0023,0.0016,0.0013,0.002,0.0009,0.0036,0.0,0.0,0.0,0.0,0.0,0.0,0.0,0.0,0.0001,0.0,0.0,0.0,0.0,0.01,0.01,0.01,0.01,0.01,0.01,0.01,0.01,0.01,0.01,0.01,0.01,0.01,0.01,0.01,0.01,0.01,0.01,0.01,0.01,0.01,0.01,0.01,0.01,0.01,0.01,0.01,0.01,0.01,0.01,0.01,0.01,0.01,0.01,0.01,0.01,0.01,0.01,0.01,0.01,0.01,0.01,0.01,0.01,0.01,0.01,0.01,0.01,0.01,0.01,0.01,0.01,0.01,0.01,0.01,0.01,0.01,0.01,0.01,0.01,0.01,0.01,0.01,0.01,0.01,0.01,0.01,0.01,0.01,0.01,0.01,0.01,0.01,0.01,0.01,0.01,0.01,0.01,0.01,0.01,0.01,0.01,0.01,0.01,0.01,0.01,0.01,0.01,0.01,0.01,0.01,0.01,0.01,0.01,0.01,0.01,0.01,0.01,0.01,0.01,0.01,0.01,0.01,0.01,0.01,0.01,0.01,0.01,0.01,0.01,0.01,0.01,0.01,0.01,0.01,0.01,0.01,0.01,0.01,0.01,0.01,0.01,0.01,0.01,0.01,0.01,0.01,0.01,0.01,0.01,0.01,0.01,0.01,0.01,0.01,0.01,0.01,0.01,0.01,0.01,0.01,0.01,0.01,0.01,0.01,0.01,0.01,0.01,0.01,0.01,0.01,0.01,0.01,0.01,0.01,0.01,0.01,0.01,0.01,0.01,0.01,0.01,0.01,0.01,0.01,0.01,0.01,0.01,0.01,0.01,0.01,0.01,0.01,0.01,0.01,0.01,0.01,0.01,0.01,0.01,0.01,0.01,0.01,0.01,0.01,0.01,0.01,0.01,0.01,0.01,0.01,0.01,0.01,0.01,0.01,0.01,0.01,0.01,0.01,0.01
paired,1,40000,34.24120300181676,34.47669316700194,0.6930398344993591,0.6929459571838379,0,0.14039999999999997,0.8596,0.0,0.0033,0.0041,0.0024,0.002,0.002,0.0031,0.0024,0.0036,0.0052,0.0,0.0007,0.0012,0.0002,0.0011,0.0005,0.0013,0.001,0.0009,0.0021,0.0003,0.0011,0.0011,0.0012,0.0011,0.0007,0.0017,0.0012,0.0017,0.0026,0.0002,0.0008,0.0011,0.0011,0.0017,0.0011,0.0013,0.0015,0.0008,0.002,0.0001,0.0012,0.0015,0.0008,0.0009,0.0018,0.0012,0.0022,0.0012,0.0015,0.0004,0.001,0.0012,0.0008,0.0013,0.0009,0.0017,0.0015,0.0012,0.0015,0.0,0.0015,0.001,0.0017,0.0018,0.0009,0.0016,0.0009,0.0016,0.0019,0.0002,0.001,0.0019,0.001,0.001,0.0005,0.0016,0.0016,0.0013,0.0023,0.0,0.0008,0.0011,0.0009,0.0013,0.0011,0.001,0.0009,0.001,0.0018,0.0,0.0018,0.0031,0.002,0.0023,0.002,0.0022,0.0019,0.0014,0.0032,0.0,0.0,0.01,0.01,0.01,0.01,0.01,0.01,0.01,0.01,0.01,0.01,0.01,0.01,0.01,0.01,0.01,0.01,0.01,0.01,0.01,0.01,0.01,0.01,0.01,0.01,0.01,0.01,0.01,0.01,0.01,0.01,0.01,0.01,0.01,0.01,0.01,0.01,0.01,0.01,0.01,0.01,0.01,0.01,0.01,0.01,0.01,0.01,0.01,0.01,0.01,0.01,0.01,0.01,0.01,0.01,0.01,0.01,0.01,0.01,0.01,0.01,0.01,0.01,0.01,0.01,0.01,0.01,0.01,0.01,0.01,0.01,0.01,0.01,0.01,0.01,0.01,0.01,0.01,0.01,0.01,0.01,0.01,0.01,0.01,0.01,0.01,0.01,0.01,0.01,0.01,0.01,0.01,0.01,0.01,0.01,0.01,0.01,0.01,0.01,0.01,0.01,0.01,0.01,0.01,0.01,0.01,0.01,0.01,0.01,0.01,0.01,0.01,0.01,0.01,0.01,0.01,0.01,0.01,0.01,0.01,0.01,0.01,0.01,0.01,0.01,0.01,0.01,0.01,0.01,0.01,0.01,0.01,0.01,0.01,0.01,0.01,0.01,0.01,0.01,0.01,0.01,0.01,0.01,0.01,0.01,0.01,0.01,0.01,0.01,0.01,0.01,0.01,0.01,0.01,0.01,0.01,0.01,0.01,0.01,0.01,0.01,0.01,0.01,0.01,0.01,0.01,0.01,0.01,0.01,0.01,0.01,0.01,0.01,0.01,0.01,0.01,0.01,0.01,0.01,0.01,0.01,0.01,0.01,0.01,0.01,0.01,0.01,0.01,0.01,0.01,0.01,0.01,0.01,0.01,0.01,0.01,0.01,0.01,0.01,0.01,0.01
paired,1,41000,35.105053249397315,35.34671820793301,0.6932110786437988,0.6937836408615112,0,0.11219999999999997,0.8878000000000001,0.0,0.0001,0.0008,0.0005,0.0005,0.0007,0.0016,0.0018,0.0013,0.0008,0.0,0.0016,0.0005,0.0016,0.0012,0.0016,0.0007,0.0016,0.0008,0.0024,0.0,0.0013,0.0008,0.0011,0.0007,0.0007,0.0017,0.0016,0.0013,0.001,0.0,0.0008,0.001,0.0021,0.0016,0.0019,0.0014,0.0014,0.0012,0.0009,0.0,0.0009,0.0013,0.0013,0.0011,0.0017,0.0013,0.0014,0.0011,0.0007,0.0,0.0011,0.0013,0.0018,0.0011,0.001,0.0008,0.0012,0.0011,0.0011,0.0,0.0013,0.0016,0.0025,0.0018,0.0012,0.0015,0.0009,0.002,0.0009,0.0,0.0008,0.0013,0.0016,0.001,0.0011,0.0007,0.001,0.0012,0.0007,0.0002,0.001,0.0006,0.0012,0.001,0.0009,0.0009,0.0012,0.0007,0.0002,0.0001,0.0016,0.0014,0.0014,0.0015,0.0027,0.0025,0.0041,0.0018,0.0002,0.0,0.0,0.01,0.01,0.01,0.01,0.01,0.01,0.01,0.01,0.01,0.01,0.01,0.01,0.01,0.01,0.01,0.01,0.01,0.01,0.01,0.01,0.01,0.01,0.01,0.01,0.01,0.01,0.01,0.01,0.01,0.01,0.01,0.01,0.01,0.01,0.01,0.01,0.01,0.01,0.01,0.01,0.01,0.01,0.01,0.01,0.01,0.01,0.01,0.01,0.01,0.01,0.01,0.01,0.01,0.01,0.01,0.01,0.01,0.01,0.01,0.01,0.01,0.01,0.01,0.01,0.01,0.01,0.01,0.01,0.01,0.01,0.01,0.01,0.01,0.01,0.01,0.01,0.01,0.01,0.01,0.01,0.01,0.01,0.01,0.01,0.01,0.01,0.01,0.01,0.01,0.01,0.01,0.01,0.01,0.01,0.01,0.01,0.01,0.01,0.01,0.01,0.01,0.01,0.01,0.01,0.01,0.01,0.01,0.01,0.01,0.01,0.01,0.01,0.01,0.01,0.01,0.01,0.01,0.01,0.01,0.01,0.01,0.01,0.01,0.01,0.01,0.01,0.01,0.01,0.01,0.01,0.01,0.01,0.01,0.01,0.01,0.01,0.01,0.01,0.01,0.01,0.01,0.01,0.01,0.01,0.01,0.01,0.01,0.01,0.01,0.01,0.01,0.01,0.01,0.01,0.01,0.01,0.01,0.01,0.01,0.01,0.01,0.01,0.01,0.01,0.01,0.01,0.01,0.01,0.01,0.01,0.01,0.01,0.01,0.01,0.01,0.01,0.01,0.01,0.01,0.01,0.01,0.01,0.01,0.01,0.01,0.01,0.01,0.01,0.01,0.01,0.01,0.01,0.01,0.01,0.01,0.01,0.01,0.01,0.01,0.01
paired,1,42000,35.948941851384006,36.1970564579824,0.6926264762878418,0.69391930103302,0,0.1513,0.8487,0.0,0.0,0.0,0.0,0.0,0.0,0.0,0.0,0.0,0.0,0.0077,0.0029,0.003,0.0032,0.0021,0.0028,0.0019,0.0021,0.0023,0.0047,0.0025,0.0006,0.0009,0.0015,0.0017,0.0007,0.0014,0.0011,0.0009,0.0022,0.0016,0.0006,0.0013,0.0015,0.0012,0.0013,0.0007,0.0016,0.0012,0.0035,0.002,0.0008,0.0009,0.002,0.0017,0.0012,0.0014,0.0016,0.0006,0.003,0.0016,0.0009,0.0017,0.0013,0.0016,0.0013,0.0007,0.0016,0.0007,0.0029,0.0019,0.0011,0.0022,0.0014,0.0008,0.0015,0.0013,0.0008,0.0008,0.0031,0.002,0.001,0.0016,0.0011,0.0015,0.0017,0.001,0.0012,0.0015,0.0035,0.0038,0.0014,0.0013,0.0014,0.0012,0.0011,0.0007,0.0017,0.001,0.0026,0.0027,0.0008,0.0012,0.001,0.0008,0.0014,0.0011,0.0013,0.0007,0.0029,0.0,0.0,0.01,0.01,0.01,0.01,0.01,0.01,0.01,0.01,0.01,0.01,0.01,0.01,0.01,0.01,0.01,0.01,0.01,0.01,0.01,0.01,0.01,0.01,0.01,0.01,0.01,0.01,0.01,0.01,0.01,0.01,0.01,0.01,0.01,0.01,0.01,0.01,0.01,0.01,0.01,0.01,0.01,0.01,0.01,0.01,0.01,0.01,0.01,0.01,0.01,0.01,0.01,0.01,0.01,0.01,0.01,0.01,0.01,0.01,0.01,0.01,0.01,0.01,0.01,0.01,0.01,0.01,0.01,0.01,0.01,0.01,0.01,0.01,0.01,0.01,0.01,0.01,0.01,0.01,0.01,0.01,0.01,0.01,0.01,0.01,0.01,0.01,0.01,0.01,0.01,0.01,0.01,0.01,0.01,0.01,0.01,0.01,0.01,0.01,0.01,0.01,0.01,0.01,0.01,0.01,0.01,0.01,0.01,0.01,0.01,0.01,0.01,0.01,0.01,0.01,0.01,0.01,0.01,0.01,0.01,0.01,0.01,0.01,0.01,0.01,0.01,0.01,0.01,0.01,0.01,0.01,0.01,0.01,0.01,0.01,0.01,0.01,0.01,0.01,0.01,0.01,0.01,0.01,0.01,0.01,0.01,0.01,0.01,0.01,0.01,0.01,0.01,0.01,0.01,0.01,0.01,0.01,0.01,0.01,0.01,0.01,0.01,0.01,0.01,0.01,0.01,0.01,0.01,0.01,0.01,0.01,0.01,0.01,0.01,0.01,0.01,0.01,0.01,0.01,0.01,0.01,0.01,0.01,0.01,0.01,0.01,0.01,0.01,0.01,0.01,0.01,0.01,0.01,0.01,0.01,0.01,0.01,0.01,0.01,0.01,0.01
paired,1,43000,36.79800859862007,37.05248320789542,0.691621720790863,0.6934796571731567,0,0.14440000000000008,0.8555999999999999,0.0,0.0003,0.0005,0.0012,0.0021,0.0018,0.0046,0.0045,0.0042,0.0053,0.0,0.0007,0.0011,0.0012,0.0013,0.0011,0.0006,0.0011,0.0006,0.0025,0.0,0.0007,0.0009,0.0012,0.0012,0.0007,0.0013,0.0011,0.0015,0.003,0.0003,0.0007,0.0009,0.002,0.0011,0.0015,0.0016,0.0013,0.0015,0.0026,0.0007,0.0007,0.0007,0.0012,0.0019,0.0015,0.0016,0.001,0.0011,0.0025,0.0015,0.0014,0.0017,0.0019,0.0014,0.0014,0.0011,0.0012,0.001,0.0016,0.0019,0.001,0.0013,0.0013,0.0007,0.0017,0.0011,0.0011,0.0016,0.0017,0.002,0.0009,0.0018,0.0012,0.0018,0.0014,0.0022,0.0005,0.0007,0.001,0.0018,0.0005,0.001,0.0013,0.0005,0.0016,0.0007,0.0009,0.0009,0.0002,0.0046,0.0034,0.0026,0.0022,0.002,0.0015,0.0016,0.002,0.001,0.0003,0.0,0.0,0.01,0.01,0.01,0.01,0.01,0.01,0.01,0.01,0.01,0.01,0.01,0.01,0.01,0.01,0.01,0.01,0.01,0.01,0.01,0.01,0.01,0.01,0.01,0.01,0.01,0.01,0.01,0.01,0.01,0.01,0.01,0.01,0.01,0.01,0.01,0.01,0.01,0.01,0.01,0.01,0.01,0.01,0.01,0.01,0.01,0.01,0.01,0.01,0.01,0.01,0.01,0.01,0.01,0.01,0.01,0.01,0.01,0.01,0.01,0.01,0.01,0.01,0.01,0.01,0.01,0.01,0.01,0.01,0.01,0.01,0.01,0.01,0.01,0.01,0.01,0.01,0.01,0.01,0.01,0.01,0.01,0.01,0.01,0.01,0.01,0.01,0.01,0.01,0.01,0.01,0.01,0.01,0.01,0.01,0.01,0.01,0.01,0.01,0.01,0.01,0.01,0.01,0.01,0.01,0.01,0.01,0.01,0.01,0.01,0.01,0.01,0.01,0.01,0.01,0.01,0.01,0.01,0.01,0.01,0.01,0.01,0.01,0.01,0.01,0.01,0.01,0.01,0.01,0.01,0.01,0.01,0.01,0.01,0.01,0.01,0.01,0.01,0.01,0.01,0.01,0.01,0.01,0.01,0.01,0.01,0.01,0.01,0.01,0.01,0.01,0.01,0.01,0.01,0.01,0.01,0.01,0.01,0.01,0.01,0.01,0.01,0.01,0.01,0.01,0.01,0.01,0.01,0.01,0.01,0.01,0.01,0.01,0.01,0.01,0.01,0.01,0.01,0.01,0.01,0.01,0.01,0.01,0.01,0.01,0.01,0.01,0.01,0.01,0.01,0.01,0.01,0.01,0.01,0.01,0.01,0.01,0.01,0.01,0.01,0.01
paired,1,44000,37.65184537332971,37.91349520790391,0.6957886219024658,0.6918959021568298,0,0.1169,0.8831,0.0031,0.0009,0.0005,0.0011,0.0006,0.0014,0.0005,0.0014,0.0006,0.002,0.0042,0.001,0.001,0.0011,0.0006,0.0016,0.0015,0.0023,0.0008,0.0012,0.0039,0.0011,0.002,0.0012,0.0017,0.0013,0.0011,0.0013,0.0011,0.001,0.0026,0.0007,0.0011,0.0014,0.0007,0.0012,0.0014,0.0014,0.0013,0.0009,0.0027,0.0009,0.0009,0.0015,0.0013,0.001,0.001,0.001,0.0007,0.0004,0.0036,0.001,0.0014,0.0011,0.0017,0.001,0.0012,0.0013,0.0009,0.0005,0.0025,0.0006,0.0012,0.0016,0.0013,0.001,0.0014,0.0006,0.0012,0.0004,0.0042,0.0008,0.0005,0.0019,0.0008,0.0011,0.0005,0.0017,0.0012,0.0004,0.0044,0.0006,0.0005,0.0006,0.0008,0.0011,0.0008,0.0012,0.0011,0.0,0.0,0.0,0.0,0.0,0.0,0.0,0.0,0.0,0.0,0.0,0.0,0.0,0.01,0.01,0.01,0.01,0.01,0.01,0.01,0.01,0.01,0.01,0.01,0.01,0.01,0.01,0.01,0.01,0.01,0.01,0.01,0.01,0.01,0.01,0.01,0.01,0.01,0.01,0.01,0.01,0.01,0.01,0.01,0.01,0.01,0.01,0.01,0.01,0.01,0.01,0.01,0.01,0.01,0.01,0.01,0.01,0.01,0.01,0.01,0.01,0.01,0.01,0.01,0.01,0.01,0.01,0.01,0.01,0.01,0.01,0.01,0.01,0.01,0.01,0.01,0.01,0.01,0.01,0.01,0.01,0.01,0.01,0.01,0.01,0.01,0.01,0.01,0.01,0.01,0.01,0.01,0.01,0.01,0.01,0.01,0.01,0.01,0.01,0.01,0.01,0.01,0.01,0.01,0.01,0.01,0.01,0.01,0.01,0.01,0.01,0.01,0.01,0.01,0.01,0.01,0.01,0.01,0.01,0.01,0.01,0.01,0.01,0.01,0.01,0.01,0.01,0.01,0.01,0.01,0.01,0.01,0.01,0.01,0.01,0.01,0.01,0.01,0.01,0.01,0.01,0.01,0.01,0.01,0.01,0.01,0.01,0.01,0.01,0.01,0.01,0.01,0.01,0.01,0.01,0.01,0.01,0.01,0.01,0.01,0.01,0.01,0.01,0.01,0.01,0.01,0.01,0.01,0.01,0.01,0.01,0.01,0.01,0.01,0.01,0.01,0.01,0.01,0.01,0.01,0.01,0.01,0.01,0.01,0.01,0.01,0.01,0.01,0.01,0.01,0.01,0.01,0.01,0.01,0.01,0.01,0.01,0.01,0.01,0.01,0.01,0.01,0.01,0.01,0.01,0.01,0.01,0.01,0.01,0.01,0.01,0.01,0.01
paired,1,45000,38.51784060837235,38.78641241695732,0.6928912997245789,0.6933139562606812,0,0.15989999999999993,0.8401000000000001,0.0023,0.0029,0.0022,0.0033,0.0029,0.0029,0.003,0.0034,0.0025,0.0009,0.0029,0.0008,0.0007,0.001,0.0012,0.0009,0.0012,0.001,0.0007,0.0018,0.0028,0.0012,0.0015,0.0012,0.0015,0.0013,0.0015,0.0011,0.0006,0.0017,0.004,0.001,0.001,0.0015,0.0009,0.0014,0.0015,0.0012,0.0014,0.002,0.0027,0.0009,0.0015,0.0014,0.0011,0.0012,0.0004,0.0016,0.0015,0.0017,0.0032,0.0011,0.0013,0.0015,0.001,0.0013,0.0009,0.001,0.001,0.0017,0.0033,0.0009,0.0014,0.0016,0.0011,0.0017,0.0012,0.0011,0.0016,0.002,0.003,0.0003,0.0016,0.0012,0.0023,0.0008,0.0017,0.0012,0.0008,0.0016,0.0015,0.0004,0.0009,0.0015,0.0009,0.0011,0.0007,0.0015,0.0008,0.0014,0.0026,0.0028,0.0026,0.0026,0.0023,0.0018,0.0017,0.0026,0.0019,0.0011,0.0,0.0,0.01,0.01,0.01,0.01,0.01,0.01,0.01,0.01,0.01,0.01,0.01,0.01,0.01,0.01,0.01,0.01,0.01,0.01,0.01,0.01,0.01,0.01,0.01,0.01,0.01,0.01,0.01,0.01,0.01,0.01,0.01,0.01,0.01,0.01,0.01,0.01,0.01,0.01,0.01,0.01,0.01,0.01,0.01,0.01,0.01,0.01,0.01,0.01,0.01,0.01,0.01,0.01,0.01,0.01,0.01,0.01,0.01,0.01,0.01,0.01,0.01,0.01,0.01,0.01,0.01,0.01,0.01,0.01,0.01,0.01,0.01,0.01,0.01,0.01,0.01,0.01,0.01,0.01,0.01,0.01,0.01,0.01,0.01,0.01,0.01,0.01,0.01,0.01,0.01,0.01,0.01,0.01,0.01,0.01,0.01,0.01,0.01,0.01,0.01,0.01,0.01,0.01,0.01,0.01,0.01,0.01,0.01,0.01,0.01,0.01,0.01,0.01,0.01,0.01,0.01,0.01,0.01,0.01,0.01,0.01,0.01,0.01,0.01,0.01,0.01,0.01,0.01,0.01,0.01,0.01,0.01,0.01,0.01,0.01,0.01,0.01,0.01,0.01,0.01,0.01,0.01,0.01,0.01,0.01,0.01,0.01,0.01,0.01,0.01,0.01,0.01,0.01,0.01,0.01,0.01,0.01,0.01,0.01,0.01,0.01,0.01,0.01,0.01,0.01,0.01,0.01,0.01,0.01,0.01,0.01,0.01,0.01,0.01,0.01,0.01,0.01,0.01,0.01,0.01,0.01,0.01,0.01,0.01,0.01,0.01,0.01,0.01,0.01,0.01,0.01,0.01,0.01,0.01,0.01,0.01,0.01,0.01,0.01,0.01,0.01
paired,1,46000,39.36302292521577,39.63827454193961,0.6939340829849243,0.695507287979126,0,0.10929999999999995,0.8907,0.0,0.0,0.0,0.0,0.0,0.0,0.0,0.0,0.0,0.0,0.0002,0.0008,0.0016,0.001,0.0008,0.0017,0.0007,0.0013,0.0004,0.0006,0.001,0.001,0.0009,0.0016,0.001,0.0015,0.0017,0.0014,0.0008,0.0004,0.0025,0.001,0.0009,0.0015,0.0019,0.0014,0.0018,0.0019,0.0008,0.0007,0.0021,0.0011,0.0012,0.0011,0.0017,0.0012,0.0011,0.0017,0.001,0.0012,0.0034,0.0009,0.0013,0.0017,0.0009,0.0013,0.0012,0.001,0.0009,0.0003,0.0033,0.0009,0.0013,0.0012,0.0016,0.0012,0.001,0.001,0.001,0.0012,0.0034,0.0003,0.0015,0.0017,0.0018,0.0009,0.0013,0.0012,0.0011,0.0016,0.0029,0.0005,0.001,0.0015,0.0011,0.0011,0.0008,0.0016,0.0008,0.0005,0.0005,0.001,0.0009,0.0011,0.0007,0.0007,0.0011,0.0003,0.0009,0.0007,0.0,0.0,0.01,0.01,0.01,0.01,0.01,0.01,0.01,0.01,0.01,0.01,0.01,0.01,0.01,0.01,0.01,0.01,0.01,0.01,0.01,0.01,0.01,0.01,0.01,0.01,0.01,0.01,0.01,0.01,0.01,0.01,0.01,0.01,0.01,0.01,0.01,0.01,0.01,0.01,0.01,0.01,0.01,0.01,0.01,0.01,0.01,0.01,0.01,0.01,0.01,0.01,0.01,0.01,0.01,0.01,0.01,0.01,0.01,0.01,0.01,0.01,0.01,0.01,0.01,0.01,0.01,0.01,0.01,0.01,0.01,0.01,0.01,0.01,0.01,0.01,0.01,0.01,0.01,0.01,0.01,0.01,0.01,0.01,0.01,0.01,0.01,0.01,0.01,0.01,0.01,0.01,0.01,0.01,0.01,0.01,0.01,0.01,0.01,0.01,0.01,0.01,0.01,0.01,0.01,0.01,0.01,0.01,0.01,0.01,0.01,0.01,0.01,0.01,0.01,0.01,0.01,0.01,0.01,0.01,0.01,0.01,0.01,0.01,0.01,0.01,0.01,0.01,0.01,0.01,0.01,0.01,0.01,0.01,0.01,0.01,0.01,0.01,0.01,0.01,0.01,0.01,0.01,0.01,0.01,0.01,0.01,0.01,0.01,0.01,0.01,0.01,0.01,0.01,0.01,0.01,0.01,0.01,0.01,0.01,0.01,0.01,0.01,0.01,0.01,0.01,0.01,0.01,0.01,0.01,0.01,0.01,0.01,0.01,0.01,0.01,0.01,0.01,0.01,0.01,0.01,0.01,0.01,0.01,0.01,0.01,0.01,0.01,0.01,0.01,0.01,0.01,0.01,0.01,0.01,0.01,0.01,0.01,0.01,0.01,0.01,0.01
paired,1,47000,40.231738519854844,40.51333262491971,0.6936032176017761,0.6929471492767334,0,0.14050000000000007,0.8594999999999999,0.0001,0.0018,0.0021,0.0021,0.0021,0.0016,0.0022,0.0031,0.0012,0.0008,0.0005,0.0008,0.0007,0.0013,0.0006,0.0014,0.0008,0.0012,0.0005,0.0026,0.0009,0.0009,0.001,0.0009,0.0008,0.0015,0.0013,0.0008,0.0015,0.0033,0.0017,0.0012,0.0007,0.0018,0.0022,0.0011,0.002,0.0018,0.0012,0.0031,0.0007,0.0017,0.0011,0.0013,0.0011,0.0005,0.0015,0.002,0.0012,0.0024,0.0014,0.0007,0.0014,0.0018,0.001,0.0015,0.001,0.0009,0.0011,0.0031,0.0007,0.0009,0.0009,0.0015,0.0008,0.0012,0.0009,0.0014,0.0011,0.0027,0.0006,0.0007,0.0013,0.0016,0.0017,0.0009,0.0014,0.0018,0.0014,0.0031,0.0006,0.0005,0.0013,0.0016,0.0014,0.0009,0.0006,0.0015,0.0008,0.0014,0.0,0.003,0.0017,0.0028,0.0021,0.0019,0.002,0.0022,0.0017,0.0013,0.0,0.0,0.01,0.01,0.01,0.01,0.01,0.01,0.01,0.01,0.01,0.01,0.01,0.01,0.01,0.01,0.01,0.01,0.01,0.01,0.01,0.01,0.01,0.01,0.01,0.01,0.01,0.01,0.01,0.01,0.01,0.01,0.01,0.01,0.01,0.01,0.01,0.01,0.01,0.01,0.01,0.01,0.01,0.01,0.01,0.01,0.01,0.01,0.01,0.01,0.01,0.01,0.01,0.01,0.01,0.01,0.01,0.01,0.01,0.01,0.01,0.01,0.01,0.01,0.01,0.01,0.01,0.01,0.01,0.01,0.01,0.01,0.01,0.01,0.01,0.01,0.01,0.01,0.01,0.01,0.01,0.01,0.01,0.01,0.01,0.01,0.01,0.01,0.01,0.01,0.01,0.01,0.01,0.01,0.01,0.01,0.01,0.01,0.01,0.01,0.01,0.01,0.01,0.01,0.01,0.01,0.01,0.01,0.01,0.01,0.01,0.01,0.01,0.01,0.01,0.01,0.01,0.01,0.01,0.01,0.01,0.01,0.01,0.01,0.01,0.01,0.01,0.01,0.01,0.01,0.01,0.01,0.01,0.01,0.01,0.01,0.01,0.01,0.01,0.01,0.01,0.01,0.01,0.01,0.01,0.01,0.01,0.01,0.01,0.01,0.01,0.01,0.01,0.01,0.01,0.01,0.01,0.01,0.01,0.01,0.01,0.01,0.01,0.01,0.01,0.01,0.01,0.01,0.01,0.01,0.01,0.01,0.01,0.01,0.01,0.01,0.01,0.01,0.01,0.01,0.01,0.01,0.01,0.01,0.01,0.01,0.01,0.01,0.01,0.01,0.01,0.01,0.01,0.01,0.01,0.01,0.01,0.01,0.01,0.01,0.01,0.01
paired,1,48000,41.0810815441655,41.36950237490237,0.6926795244216919,0.6930872797966003,0,0.17279999999999995,0.8272,0.004,0.0022,0.0035,0.0035,0.0027,0.0022,0.0031,0.0035,0.0024,0.0007,0.0023,0.0004,0.0013,0.0011,0.0008,0.0015,0.0005,0.0012,0.0004,0.0032,0.0026,0.001,0.0009,0.0013,0.001,0.0013,0.0009,0.0012,0.0013,0.0028,0.0043,0.0007,0.0009,0.0013,0.0015,0.0015,0.0013,0.0012,0.0018,0.004,0.0026,0.0013,0.0011,0.0014,0.0011,0.0006,0.0015,0.0017,0.0009,0.0029,0.0017,0.0011,0.0011,0.0013,0.0012,0.0004,0.001,0.0013,0.0011,0.0021,0.0018,0.0014,0.0012,0.0021,0.0012,0.0013,0.0009,0.001,0.0012,0.0034,0.0006,0.001,0.0013,0.0018,0.0014,0.0013,0.0011,0.0017,0.0013,0.0035,0.0005,0.0007,0.0009,0.0015,0.0012,0.0007,0.0013,0.0017,0.0011,0.0039,0.0001,0.0062,0.0024,0.0036,0.0022,0.0021,0.0024,0.0028,0.003,0.0033,0.0,0.0,0.01,0.01,0.01,0.01,0.01,0.01,0.01,0.01,0.01,0.01,0.01,0.01,0.01,0.01,0.01,0.01,0.01,0.01,0.01,0.01,0.01,0.01,0.01,0.01,0.01,0.01,0.01,0.01,0.01,0.01,0.01,0.01,0.01,0.01,0.01,0.01,0.01,0.01,0.01,0.01,0.01,0.01,0.01,0.01,0.01,0.01,0.01,0.01,0.01,0.01,0.01,0.01,0.01,0.01,0.01,0.01,0.01,0.01,0.01,0.01,0.01,0.01,0.01,0.01,0.01,0.01,0.01,0.01,0.01,0.01,0.01,0.01,0.01,0.01,0.01,0.01,0.01,0.01,0.01,0.01,0.01,0.01,0.01,0.01,0.01,0.01,0.01,0.01,0.01,0.01,0.01,0.01,0.01,0.01,0.01,0.01,0.01,0.01,0.01,0.01,0.01,0.01,0.01,0.01,0.01,0.01,0.01,0.01,0.01,0.01,0.01,0.01,0.01,0.01,0.01,0.01,0.01,0.01,0.01,0.01,0.01,0.01,0.01,0.01,0.01,0.01,0.01,0.01,0.01,0.01,0.01,0.01,0.01,0.01,0.01,0.01,0.01,0.01,0.01,0.01,0.01,0.01,0.01,0.01,0.01,0.01,0.01,0.01,0.01,0.01,0.01,0.01,0.01,0.01,0.01,0.01,0.01,0.01,0.01,0.01,0.01,0.01,0.01,0.01,0.01,0.01,0.01,0.01,0.01,0.01,0.01,0.01,0.01,0.01,0.01,0.01,0.01,0.01,0.01,0.01,0.01,0.01,0.01,0.01,0.01,0.01,0.01,0.01,0.01,0.01,0.01,0.01,0.01,0.01,0.01,0.01,0.01,0.01,0.01,0.01
paired,1,49000,41.95218613615725,42.2475150419632,0.6941714882850647,0.6931555271148682,0,0.1602,0.8398000000000001,0.0001,0.0004,0.0009,0.0018,0.002,0.0026,0.0035,0.0036,0.0029,0.0036,0.0019,0.0004,0.0009,0.0006,0.0006,0.0017,0.0008,0.0012,0.0009,0.0011,0.0029,0.0009,0.0015,0.0012,0.0013,0.0012,0.0012,0.0018,0.0006,0.0016,0.0034,0.0011,0.0009,0.0015,0.0015,0.0017,0.0013,0.0015,0.0016,0.0022,0.0029,0.0009,0.0013,0.0012,0.001,0.0005,0.0012,0.001,0.0012,0.0028,0.0029,0.0009,0.0013,0.0015,0.0008,0.0014,0.001,0.0009,0.0011,0.0029,0.0032,0.0012,0.0015,0.0013,0.0006,0.001,0.0012,0.0007,0.001,0.0041,0.0029,0.001,0.0022,0.0015,0.0015,0.001,0.0006,0.0008,0.0011,0.0032,0.0024,0.0012,0.0013,0.0015,0.0015,0.0009,0.0011,0.0019,0.0012,0.0027,0.0036,0.0037,0.002,0.002,0.0019,0.0021,0.0025,0.0015,0.0016,0.0009,0.0,0.0,0.01,0.01,0.01,0.01,0.01,0.01,0.01,0.01,0.01,0.01,0.01,0.01,0.01,0.01,0.01,0.01,0.01,0.01,0.01,0.01,0.01,0.01,0.01,0.01,0.01,0.01,0.01,0.01,0.01,0.01,0.01,0.01,0.01,0.01,0.01,0.01,0.01,0.01,0.01,0.01,0.01,0.01,0.01,0.01,0.01,0.01,0.01,0.01,0.01,0.01,0.01,0.01,0.01,0.01,0.01,0.01,0.01,0.01,0.01,0.01,0.01,0.01,0.01,0.01,0.01,0.01,0.01,0.01,0.01,0.01,0.01,0.01,0.01,0.01,0.01,0.01,0.01,0.01,0.01,0.01,0.01,0.01,0.01,0.01,0.01,0.01,0.01,0.01,0.01,0.01,0.01,0.01,0.01,0.01,0.01,0.01,0.01,0.01,0.01,0.01,0.01,0.01,0.01,0.01,0.01,0.01,0.01,0.01,0.01,0.01,0.01,0.01,0.01,0.01,0.01,0.01,0.01,0.01,0.01,0.01,0.01,0.01,0.01,0.01,0.01,0.01,0.01,0.01,0.01,0.01,0.01,0.01,0.01,0.01,0.01,0.01,0.01,0.01,0.01,0.01,0.01,0.01,0.01,0.01,0.01,0.01,0.01,0.01,0.01,0.01,0.01,0.01,0.01,0.01,0.01,0.01,0.01,0.01,0.01,0.01,0.01,0.01,0.01,0.01,0.01,0.01,0.01,0.01,0.01,0.01,0.01,0.01,0.01,0.01,0.01,0.01,0.01,0.01,0.01,0.01,0.01,0.01,0.01,0.01,0.01,0.01,0.01,0.01,0.01,0.01,0.01,0.01,0.01,0.01,0.01,0.01,0.01,0.01,0.01,0.01
paired,1,50000,42.838971427991055,43.141152416937985,0.6915038824081421,0.6920554041862488,0,0.15080000000000005,0.8492,0.0028,0.0029,0.002,0.0025,0.0017,0.0033,0.0031,0.0041,0.0038,0.001,0.0016,0.0004,0.0012,0.0008,0.0009,0.0017,0.0007,0.0004,0.0006,0.0019,0.0024,0.001,0.0011,0.0013,0.0013,0.0006,0.0014,0.0012,0.0009,0.0033,0.002,0.0008,0.0008,0.0013,0.0021,0.0014,0.0013,0.0014,0.0013,0.0027,0.0026,0.0012,0.0018,0.0013,0.0014,0.001,0.0011,0.0015,0.0011,0.0028,0.0025,0.0006,0.0015,0.0016,0.0014,0.0012,0.0012,0.0014,0.0008,0.0026,0.0032,0.0009,0.0015,0.0012,0.0006,0.001,0.0016,0.0009,0.0012,0.0026,0.0024,0.0003,0.001,0.0015,0.0014,0.001,0.0012,0.0012,0.0012,0.0013,0.0025,0.0007,0.0014,0.0009,0.0012,0.0007,0.0017,0.0021,0.0012,0.0022,0.0029,0.0014,0.0004,0.0008,0.0004,0.0005,0.0011,0.0011,0.0011,0.0017,0.0,0.0,0.01,0.01,0.01,0.01,0.01,0.01,0.01,0.01,0.01,0.01,0.01,0.01,0.01,0.01,0.01,0.01,0.01,0.01,0.01,0.01,0.01,0.01,0.01,0.01,0.01,0.01,0.01,0.01,0.01,0.01,0.01,0.01,0.01,0.01,0.01,0.01,0.01,0.01,0.01,0.01,0.01,0.01,0.01,0.01,0.01,0.01,0.01,0.01,0.01,0.01,0.01,0.01,0.01,0.01,0.01,0.01,0.01,0.01,0.01,0.01,0.01,0.01,0.01,0.01,0.01,0.01,0.01,0.01,0.01,0.01,0.01,0.01,0.01,0.01,0.01,0.01,0.01,0.01,0.01,0.01,0.01,0.01,0.01,0.01,0.01,0.01,0.01,0.01,0.01,0.01,0.01,0.01,0.01,0.01,0.01,0.01,0.01,0.01,0.01,0.01,0.01,0.01,0.01,0.01,0.01,0.01,0.01,0.01,0.01,0.01,0.01,0.01,0.01,0.01,0.01,0.01,0.01,0.01,0.01,0.01,0.01,0.01,0.01,0.01,0.01,0.01,0.01,0.01,0.01,0.01,0.01,0.01,0.01,0.01,0.01,0.01,0.01,0.01,0.01,0.01,0.01,0.01,0.01,0.01,0.01,0.01,0.01,0.01,0.01,0.01,0.01,0.01,0.01,0.01,0.01,0.01,0.01,0.01,0.01,0.01,0.01,0.01,0.01,0.01,0.01,0.01,0.01,0.01,0.01,0.01,0.01,0.01,0.01,0.01,0.01,0.01,0.01,0.01,0.01,0.01,0.01,0.01,0.01,0.01,0.01,0.01,0.01,0.01,0.01,0.01,0.01,0.01,0.01,0.01,0.01,0.01,0.01,0.01,0.01,0.01
paired,1,51000,43.742183964233845,44.05227504193317,0.693158745765686,0.6937357187271118,0,0.12959999999999994,0.8704000000000001,0.0,0.0,0.0,0.0,0.0,0.0,0.0,0.0,0.0,0.0,0.0,0.0004,0.0015,0.0005,0.0012,0.0017,0.0005,0.0008,0.0005,0.0026,0.0,0.0011,0.0004,0.0008,0.0011,0.0019,0.0014,0.002,0.0005,0.0037,0.0004,0.0011,0.0011,0.0013,0.0016,0.0014,0.0015,0.0018,0.0015,0.003,0.0003,0.0009,0.0013,0.0013,0.0018,0.0012,0.001,0.0009,0.0012,0.0027,0.0008,0.0008,0.0015,0.0025,0.001,0.0016,0.0009,0.0013,0.0013,0.0027,0.0006,0.0009,0.0009,0.0019,0.0007,0.0012,0.0015,0.0007,0.0011,0.004,0.0008,0.0005,0.0016,0.0017,0.0011,0.0011,0.0004,0.0012,0.0015,0.0027,0.0013,0.0012,0.0015,0.0015,0.0018,0.0012,0.0016,0.0023,0.0014,0.0034,0.0003,0.003,0.0024,0.0016,0.0018,0.0017,0.0023,0.0019,0.0025,0.0045,0.0,0.0,0.01,0.01,0.01,0.01,0.01,0.01,0.01,0.01,0.01,0.01,0.01,0.01,0.01,0.01,0.01,0.01,0.01,0.01,0.01,0.01,0.01,0.01,0.01,0.01,0.01,0.01,0.01,0.01,0.01,0.01,0.01,0.01,0.01,0.01,0.01,0.01,0.01,0.01,0.01,0.01,0.01,0.01,0.01,0.01,0.01,0.01,0.01,0.01,0.01,0.01,0.01,0.01,0.01,0.01,0.01,0.01,0.01,0.01,0.01,0.01,0.01,0.01,0.01,0.01,0.01,0.01,0.01,0.01,0.01,0.01,0.01,0.01,0.01,0.01,0.01,0.01,0.01,0.01,0.01,0.01,0.01,0.01,0.01,0.01,0.01,0.01,0.01,0.01,0.01,0.01,0.01,0.01,0.01,0.01,0.01,0.01,0.01,0.01,0.01,0.01,0.01,0.01,0.01,0.01,0.01,0.01,0.01,0.01,0.01,0.01,0.01,0.01,0.01,0.01,0.01,0.01,0.01,0.01,0.01,0.01,0.01,0.01,0.01,0.01,0.01,0.01,0.01,0.01,0.01,0.01,0.01,0.01,0.01,0.01,0.01,0.01,0.01,0.01,0.01,0.01,0.01,0.01,0.01,0.01,0.01,0.01,0.01,0.01,0.01,0.01,0.01,0.01,0.01,0.01,0.01,0.01,0.01,0.01,0.01,0.01,0.01,0.01,0.01,0.01,0.01,0.01,0.01,0.01,0.01,0.01,0.01,0.01,0.01,0.01,0.01,0.01,0.01,0.01,0.01,0.01,0.01,0.01,0.01,0.01,0.01,0.01,0.01,0.01,0.01,0.01,0.01,0.01,0.01,0.01,0.01,0.01,0.01,0.01,0.01,0.01
paired,1,52000,44.65122271922883,44.969216499943286,0.693788468837738,0.6928403377532959,0,0.17680000000000007,0.8232,0.0042,0.0022,0.0027,0.0046,0.0035,0.005,0.0033,0.0045,0.0037,0.005,0.0015,0.0003,0.0013,0.0014,0.0009,0.002,0.0005,0.001,0.0007,0.002,0.0011,0.0012,0.001,0.0007,0.0017,0.0012,0.0009,0.0011,0.0012,0.0034,0.0018,0.0011,0.001,0.0012,0.0013,0.001,0.0014,0.0017,0.001,0.0034,0.0009,0.0008,0.0013,0.0005,0.0017,0.0009,0.0014,0.0012,0.0009,0.0027,0.0017,0.001,0.0013,0.0018,0.0012,0.0015,0.0012,0.0011,0.0007,0.0031,0.0017,0.001,0.0018,0.0013,0.0006,0.0012,0.0012,0.0011,0.0006,0.0032,0.0022,0.0007,0.0013,0.0012,0.0009,0.0008,0.0005,0.0011,0.001,0.0034,0.0024,0.0012,0.0015,0.0009,0.0015,0.0013,0.0018,0.0015,0.0011,0.0038,0.0035,0.0029,0.0027,0.0024,0.002,0.0025,0.0025,0.0027,0.0024,0.0038,0.0,0.0,0.01,0.01,0.01,0.01,0.01,0.01,0.01,0.01,0.01,0.01,0.01,0.01,0.01,0.01,0.01,0.01,0.01,0.01,0.01,0.01,0.01,0.01,0.01,0.01,0.01,0.01,0.01,0.01,0.01,0.01,0.01,0.01,0.01,0.01,0.01,0.01,0.01,0.01,0.01,0.01,0.01,0.01,0.01,0.01,0.01,0.01,0.01,0.01,0.01,0.01,0.01,0.01,0.01,0.01,0.01,0.01,0.01,0.01,0.01,0.01,0.01,0.01,0.01,0.01,0.01,0.01,0.01,0.01,0.01,0.01,0.01,0.01,0.01,0.01,0.01,0.01,0.01,0.01,0.01,0.01,0.01,0.01,0.01,0.01,0.01,0.01,0.01,0.01,0.01,0.01,0.01,0.01,0.01,0.01,0.01,0.01,0.01,0.01,0.01,0.01,0.01,0.01,0.01,0.01,0.01,0.01,0.01,0.01,0.01,0.01,0.01,0.01,0.01,0.01,0.01,0.01,0.01,0.01,0.01,0.01,0.01,0.01,0.01,0.01,0.01,0.01,0.01,0.01,0.01,0.01,0.01,0.01,0.01,0.01,0.01,0.01,0.01,0.01,0.01,0.01,0.01,0.01,0.01,0.01,0.01,0.01,0.01,0.01,0.01,0.01,0.01,0.01,0.01,0.01,0.01,0.01,0.01,0.01,0.01,0.01,0.01,0.01,0.01,0.01,0.01,0.01,0.01,0.01,0.01,0.01,0.01,0.01,0.01,0.01,0.01,0.01,0.01,0.01,0.01,0.01,0.01,0.01,0.01,0.01,0.01,0.01,0.01,0.01,0.01,0.01,0.01,0.01,0.01,0.01,0.01,0.01,0.01,0.01,0.01,0.01
paired,1,53000,45.55127109098248,45.87666329194326,0.6916334629058838,0.6937775611877441,0,0.11650000000000005,0.8835,0.0,0.0,0.0,0.0,0.0,0.0,0.0,0.0,0.0,0.0,0.0,0.0011,0.0008,0.001,0.0016,0.0027,0.0008,0.0005,0.0006,0.0003,0.0001,0.001,0.0015,0.0009,0.0014,0.001,0.002,0.0013,0.0007,0.0005,0.0002,0.0017,0.0014,0.0018,0.0015,0.0015,0.0013,0.0013,0.0008,0.0,0.0004,0.0012,0.002,0.0016,0.0012,0.002,0.002,0.0015,0.0007,0.001,0.0009,0.0009,0.0014,0.0015,0.0015,0.0018,0.0006,0.0011,0.001,0.0012,0.0008,0.001,0.0019,0.0021,0.0006,0.0009,0.0018,0.001,0.001,0.0014,0.0007,0.0008,0.0007,0.0019,0.0021,0.0014,0.0007,0.0009,0.0013,0.0021,0.0,0.0009,0.001,0.0013,0.0015,0.0013,0.0022,0.0024,0.001,0.0031,0.0,0.0027,0.0014,0.0019,0.0019,0.0012,0.0019,0.0021,0.0021,0.0047,0.0,0.0,0.01,0.01,0.01,0.01,0.01,0.01,0.01,0.01,0.01,0.01,0.01,0.01,0.01,0.01,0.01,0.01,0.01,0.01,0.01,0.01,0.01,0.01,0.01,0.01,0.01,0.01,0.01,0.01,0.01,0.01,0.01,0.01,0.01,0.01,0.01,0.01,0.01,0.01,0.01,0.01,0.01,0.01,0.01,0.01,0.01,0.01,0.01,0.01,0.01,0.01,0.01,0.01,0.01,0.01,0.01,0.01,0.01,0.01,0.01,0.01,0.01,0.01,0.01,0.01,0.01,0.01,0.01,0.01,0.01,0.01,0.01,0.01,0.01,0.01,0.01,0.01,0.01,0.01,0.01,0.01,0.01,0.01,0.01,0.01,0.01,0.01,0.01,0.01,0.01,0.01,0.01,0.01,0.01,0.01,0.01,0.01,0.01,0.01,0.01,0.01,0.01,0.01,0.01,0.01,0.01,0.01,0.01,0.01,0.01,0.01,0.01,0.01,0.01,0.01,0.01,0.01,0.01,0.01,0.01,0.01,0.01,0.01,0.01,0.01,0.01,0.01,0.01,0.01,0.01,0.01,0.01,0.01,0.01,0.01,0.01,0.01,0.01,0.01,0.01,0.01,0.01,0.01,0.01,0.01,0.01,0.01,0.01,0.01,0.01,0.01,0.01,0.01,0.01,0.01,0.01,0.01,0.01,0.01,0.01,0.01,0.01,0.01,0.01,0.01,0.01,0.01,0.01,0.01,0.01,0.01,0.01,0.01,0.01,0.01,0.01,0.01,0.01,0.01,0.01,0.01,0.01,0.01,0.01,0.01,0.01,0.01,0.01,0.01,0.01,0.01,0.01,0.01,0.01,0.01,0.01,0.01,0.01,0.01,0.01,0.01
paired,1,54000,46.44949083949905,46.78171120793559,0.6913254857063293,0.6954119205474854,0,0.1362,0.8637999999999999,0.0,0.0,0.0,0.0,0.0,0.0,0.0,0.0,0.0001,0.0,0.0,0.001,0.0012,0.001,0.001,0.0013,0.0003,0.0013,0.0004,0.0035,0.0003,0.0005,0.0009,0.0007,0.0007,0.0015,0.001,0.001,0.0007,0.0036,0.0002,0.0007,0.0008,0.0015,0.0025,0.0016,0.0019,0.0015,0.0017,0.0041,0.0004,0.001,0.0012,0.0011,0.0013,0.0014,0.0018,0.0016,0.0011,0.0036,0.0003,0.0007,0.0014,0.0012,0.0013,0.0019,0.0012,0.0008,0.0015,0.0039,0.0004,0.0012,0.0007,0.0013,0.0013,0.0016,0.0013,0.0012,0.0011,0.0039,0.0002,0.0014,0.0018,0.0018,0.0011,0.0009,0.0017,0.001,0.0018,0.0028,0.0002,0.001,0.0011,0.001,0.0015,0.0013,0.0017,0.0019,0.001,0.0037,0.0,0.0051,0.0025,0.0025,0.0025,0.0022,0.0031,0.0021,0.0018,0.0043,0.0,0.0,0.01,0.01,0.01,0.01,0.01,0.01,0.01,0.01,0.01,0.01,0.01,0.01,0.01,0.01,0.01,0.01,0.01,0.01,0.01,0.01,0.01,0.01,0.01,0.01,0.01,0.01,0.01,0.01,0.01,0.01,0.01,0.01,0.01,0.01,0.01,0.01,0.01,0.01,0.01,0.01,0.01,0.01,0.01,0.01,0.01,0.01,0.01,0.01,0.01,0.01,0.01,0.01,0.01,0.01,0.01,0.01,0.01,0.01,0.01,0.01,0.01,0.01,0.01,0.01,0.01,0.01,0.01,0.01,0.01,0.01,0.01,0.01,0.01,0.01,0.01,0.01,0.01,0.01,0.01,0.01,0.01,0.01,0.01,0.01,0.01,0.01,0.01,0.01,0.01,0.01,0.01,0.01,0.01,0.01,0.01,0.01,0.01,0.01,0.01,0.01,0.01,0.01,0.01,0.01,0.01,0.01,0.01,0.01,0.01,0.01,0.01,0.01,0.01,0.01,0.01,0.01,0.01,0.01,0.01,0.01,0.01,0.01,0.01,0.01,0.01,0.01,0.01,0.01,0.01,0.01,0.01,0.01,0.01,0.01,0.01,0.01,0.01,0.01,0.01,0.01,0.01,0.01,0.01,0.01,0.01,0.01,0.01,0.01,0.01,0.01,0.01,0.01,0.01,0.01,0.01,0.01,0.01,0.01,0.01,0.01,0.01,0.01,0.01,0.01,0.01,0.01,0.01,0.01,0.01,0.01,0.01,0.01,0.01,0.01,0.01,0.01,0.01,0.01,0.01,0.01,0.01,0.01,0.01,0.01,0.01,0.01,0.01,0.01,0.01,0.01,0.01,0.01,0.01,0.01,0.01,0.01,0.01,0.01,0.01,0.01
paired,1,55000,47.35339723608922,47.69368908298202,0.6933596134185791,0.6937301158905029,0,0.14329999999999998,0.8567,0.0,0.0009,0.0,0.0001,0.0002,0.0005,0.0019,0.003,0.0024,0.0036,0.0019,0.0006,0.0008,0.0006,0.001,0.0014,0.001,0.0007,0.0005,0.0025,0.0026,0.0007,0.0012,0.0004,0.0006,0.0015,0.0011,0.0014,0.0006,0.0037,0.0029,0.0009,0.0019,0.001,0.0014,0.0011,0.001,0.0015,0.0015,0.0038,0.0027,0.0009,0.0008,0.001,0.001,0.0014,0.0007,0.0008,0.0009,0.003,0.0031,0.0006,0.0018,0.0017,0.0013,0.0015,0.0007,0.0014,0.0011,0.0028,0.0023,0.0013,0.0017,0.0014,0.0015,0.0019,0.0013,0.0008,0.0014,0.0031,0.0015,0.0005,0.0014,0.001,0.0011,0.0009,0.0007,0.0013,0.0016,0.0026,0.0024,0.0011,0.0009,0.0012,0.002,0.0017,0.0021,0.0014,0.0012,0.0035,0.0023,0.0003,0.0005,0.0005,0.0009,0.0009,0.0014,0.0012,0.0009,0.004,0.0,0.0,0.01,0.01,0.01,0.01,0.01,0.01,0.01,0.01,0.01,0.01,0.01,0.01,0.01,0.01,0.01,0.01,0.01,0.01,0.01,0.01,0.01,0.01,0.01,0.01,0.01,0.01,0.01,0.01,0.01,0.01,0.01,0.01,0.01,0.01,0.01,0.01,0.01,0.01,0.01,0.01,0.01,0.01,0.01,0.01,0.01,0.01,0.01,0.01,0.01,0.01,0.01,0.01,0.01,0.01,0.01,0.01,0.01,0.01,0.01,0.01,0.01,0.01,0.01,0.01,0.01,0.01,0.01,0.01,0.01,0.01,0.01,0.01,0.01,0.01,0.01,0.01,0.01,0.01,0.01,0.01,0.01,0.01,0.01,0.01,0.01,0.01,0.01,0.01,0.01,0.01,0.01,0.01,0.01,0.01,0.01,0.01,0.01,0.01,0.01,0.01,0.01,0.01,0.01,0.01,0.01,0.01,0.01,0.01,0.01,0.01,0.01,0.01,0.01,0.01,0.01,0.01,0.01,0.01,0.01,0.01,0.01,0.01,0.01,0.01,0.01,0.01,0.01,0.01,0.01,0.01,0.01,0.01,0.01,0.01,0.01,0.01,0.01,0.01,0.01,0.01,0.01,0.01,0.01,0.01,0.01,0.01,0.01,0.01,0.01,0.01,0.01,0.01,0.01,0.01,0.01,0.01,0.01,0.01,0.01,0.01,0.01,0.01,0.01,0.01,0.01,0.01,0.01,0.01,0.01,0.01,0.01,0.01,0.01,0.01,0.01,0.01,0.01,0.01,0.01,0.01,0.01,0.01,0.01,0.01,0.01,0.01,0.01,0.01,0.01,0.01,0.01,0.01,0.01,0.01,0.01,0.01,0.01,0.01,0.01,0.01
paired,1,56000,48.26574373594485,48.612815083004534,0.6913242936134338,0.6947425603866577,0,0.14179999999999993,0.8582000000000001,0.0,0.0063,0.0032,0.0043,0.0031,0.0031,0.0036,0.0047,0.0046,0.0021,0.0,0.0008,0.001,0.0012,0.0006,0.0015,0.0011,0.0004,0.0008,0.0026,0.0,0.0015,0.0012,0.0014,0.0017,0.0015,0.0013,0.0009,0.0013,0.0033,0.0,0.0007,0.0008,0.0008,0.0009,0.001,0.0017,0.0018,0.0012,0.0032,0.0001,0.0015,0.0014,0.001,0.0011,0.001,0.0013,0.0009,0.0009,0.0034,0.0,0.0009,0.0016,0.0014,0.0013,0.0015,0.0013,0.0008,0.0011,0.0035,0.0,0.0012,0.0014,0.0016,0.0009,0.0016,0.0016,0.0008,0.0006,0.004,0.0,0.0013,0.0008,0.0012,0.0012,0.0011,0.0017,0.0014,0.0012,0.0032,0.0,0.0007,0.0008,0.0011,0.001,0.0019,0.0012,0.0013,0.0007,0.0035,0.0,0.0014,0.0004,0.0003,0.0,0.0003,0.0004,0.0005,0.0004,0.0019,0.0,0.0,0.01,0.01,0.01,0.01,0.01,0.01,0.01,0.01,0.01,0.01,0.01,0.01,0.01,0.01,0.01,0.01,0.01,0.01,0.01,0.01,0.01,0.01,0.01,0.01,0.01,0.01,0.01,0.01,0.01,0.01,0.01,0.01,0.01,0.01,0.01,0.01,0.01,0.01,0.01,0.01,0.01,0.01,0.01,0.01,0.01,0.01,0.01,0.01,0.01,0.01,0.01,0.01,0.01,0.01,0.01,0.01,0.01,0.01,0.01,0.01,0.01,0.01,0.01,0.01,0.01,0.01,0.01,0.01,0.01,0.01,0.01,0.01,0.01,0.01,0.01,0.01,0.01,0.01,0.01,0.01,0.01,0.01,0.01,0.01,0.01,0.01,0.01,0.01,0.01,0.01,0.01,0.01,0.01,0.01,0.01,0.01,0.01,0.01,0.01,0.01,0.01,0.01,0.01,0.01,0.01,0.01,0.01,0.01,0.01,0.01,0.01,0.01,0.01,0.01,0.01,0.01,0.01,0.01,0.01,0.01,0.01,0.01,0.01,0.01,0.01,0.01,0.01,0.01,0.01,0.01,0.01,0.01,0.01,0.01,0.01,0.01,0.01,0.01,0.01,0.01,0.01,0.01,0.01,0.01,0.01,0.01,0.01,0.01,0.01,0.01,0.01,0.01,0.01,0.01,0.01,0.01,0.01,0.01,0.01,0.01,0.01,0.01,0.01,0.01,0.01,0.01,0.01,0.01,0.01,0.01,0.01,0.01,0.01,0.01,0.01,0.01,0.01,0.01,0.01,0.01,0.01,0.01,0.01,0.01,0.01,0.01,0.01,0.01,0.01,0.01,0.01,0.01,0.01,0.01,0.01,0.01,0.01,0.01,0.01,0.01
paired,1,57000,49.12589949578978,49.47946224990301,0.691655158996582,0.6967148780822754,0,0.13319999999999999,0.8668,0.0049,0.0027,0.0028,0.0013,0.001,0.0017,0.0028,0.0023,0.0016,0.0001,0.0012,0.0011,0.0006,0.0006,0.0009,0.0012,0.0008,0.0004,0.0005,0.0013,0.0013,0.0006,0.0015,0.001,0.0012,0.0018,0.0004,0.0008,0.0007,0.002,0.0013,0.0006,0.0011,0.0009,0.0009,0.0011,0.0007,0.0015,0.0012,0.0019,0.0015,0.0008,0.0013,0.001,0.0014,0.0011,0.0008,0.0012,0.0006,0.002,0.0012,0.0017,0.0013,0.0018,0.0013,0.0012,0.0006,0.001,0.0012,0.0021,0.0016,0.0012,0.0012,0.0019,0.0015,0.0011,0.0014,0.0007,0.0008,0.0029,0.0019,0.0015,0.0008,0.0011,0.0011,0.0009,0.0006,0.0009,0.0014,0.0036,0.002,0.0009,0.0014,0.001,0.001,0.0015,0.002,0.0024,0.0011,0.0038,0.0,0.0,0.0,0.0,0.0,0.0003,0.0009,0.0007,0.0021,0.0066,0.0,0.0,0.01,0.01,0.01,0.01,0.01,0.01,0.01,0.01,0.01,0.01,0.01,0.01,0.01,0.01,0.01,0.01,0.01,0.01,0.01,0.01,0.01,0.01,0.01,0.01,0.01,0.01,0.01,0.01,0.01,0.01,0.01,0.01,0.01,0.01,0.01,0.01,0.01,0.01,0.01,0.01,0.01,0.01,0.01,0.01,0.01,0.01,0.01,0.01,0.01,0.01,0.01,0.01,0.01,0.01,0.01,0.01,0.01,0.01,0.01,0.01,0.01,0.01,0.01,0.01,0.01,0.01,0.01,0.01,0.01,0.01,0.01,0.01,0.01,0.01,0.01,0.01,0.01,0.01,0.01,0.01,0.01,0.01,0.01,0.01,0.01,0.01,0.01,0.01,0.01,0.01,0.01,0.01,0.01,0.01,0.01,0.01,0.01,0.01,0.01,0.01,0.01,0.01,0.01,0.01,0.01,0.01,0.01,0.01,0.01,0.01,0.01,0.01,0.01,0.01,0.01,0.01,0.01,0.01,0.01,0.01,0.01,0.01,0.01,0.01,0.01,0.01,0.01,0.01,0.01,0.01,0.01,0.01,0.01,0.01,0.01,0.01,0.01,0.01,0.01,0.01,0.01,0.01,0.01,0.01,0.01,0.01,0.01,0.01,0.01,0.01,0.01,0.01,0.01,0.01,0.01,0.01,0.01,0.01,0.01,0.01,0.01,0.01,0.01,0.01,0.01,0.01,0.01,0.01,0.01,0.01,0.01,0.01,0.01,0.01,0.01,0.01,0.01,0.01,0.01,0.01,0.01,0.01,0.01,0.01,0.01,0.01,0.01,0.01,0.01,0.01,0.01,0.01,0.01,0.01,0.01,0.01,0.01,0.01,0.01,0.01
paired,1,58000,49.98821065318771,50.349606874980964,0.6932299137115479,0.693724513053894,0,0.15480000000000005,0.8452,0.0038,0.0024,0.0027,0.003,0.0013,0.0035,0.0042,0.003,0.0008,0.0,0.0022,0.0004,0.0013,0.0005,0.0012,0.0019,0.0009,0.0007,0.0005,0.001,0.0028,0.001,0.0019,0.0012,0.0019,0.001,0.0009,0.001,0.0012,0.0009,0.0027,0.0012,0.0019,0.0012,0.001,0.0008,0.0015,0.0012,0.0012,0.0014,0.0016,0.0012,0.0021,0.0014,0.0014,0.0015,0.0014,0.0014,0.0008,0.002,0.0024,0.0012,0.0012,0.0013,0.0015,0.0021,0.0009,0.0011,0.0008,0.0013,0.0026,0.0007,0.0012,0.0021,0.0015,0.0012,0.0015,0.0007,0.0007,0.0023,0.0033,0.0009,0.0011,0.0014,0.0014,0.0012,0.0007,0.0009,0.0009,0.0026,0.0029,0.0012,0.0011,0.0013,0.0015,0.002,0.0013,0.0015,0.001,0.0031,0.0044,0.0018,0.0013,0.0017,0.0009,0.0016,0.0015,0.001,0.0009,0.0021,0.0,0.0,0.01,0.01,0.01,0.01,0.01,0.01,0.01,0.01,0.01,0.01,0.01,0.01,0.01,0.01,0.01,0.01,0.01,0.01,0.01,0.01,0.01,0.01,0.01,0.01,0.01,0.01,0.01,0.01,0.01,0.01,0.01,0.01,0.01,0.01,0.01,0.01,0.01,0.01,0.01,0.01,0.01,0.01,0.01,0.01,0.01,0.01,0.01,0.01,0.01,0.01,0.01,0.01,0.01,0.01,0.01,0.01,0.01,0.01,0.01,0.01,0.01,0.01,0.01,0.01,0.01,0.01,0.01,0.01,0.01,0.01,0.01,0.01,0.01,0.01,0.01,0.01,0.01,0.01,0.01,0.01,0.01,0.01,0.01,0.01,0.01,0.01,0.01,0.01,0.01,0.01,0.01,0.01,0.01,0.01,0.01,0.01,0.01,0.01,0.01,0.01,0.01,0.01,0.01,0.01,0.01,0.01,0.01,0.01,0.01,0.01,0.01,0.01,0.01,0.01,0.01,0.01,0.01,0.01,0.01,0.01,0.01,0.01,0.01,0.01,0.01,0.01,0.01,0.01,0.01,0.01,0.01,0.01,0.01,0.01,0.01,0.01,0.01,0.01,0.01,0.01,0.01,0.01,0.01,0.01,0.01,0.01,0.01,0.01,0.01,0.01,0.01,0.01,0.01,0.01,0.01,0.01,0.01,0.01,0.01,0.01,0.01,0.01,0.01,0.01,0.01,0.01,0.01,0.01,0.01,0.01,0.01,0.01,0.01,0.01,0.01,0.01,0.01,0.01,0.01,0.01,0.01,0.01,0.01,0.01,0.01,0.01,0.01,0.01,0.01,0.01,0.01,0.01,0.01,0.01,0.01,0.01,0.01,0.01,0.01,0.01
paired,1,59000,50.8728063715389,51.242113666958176,0.6898360252380371,0.6949895620346069,0,0.17410000000000003,0.8259,0.0053,0.0022,0.0039,0.0032,0.0028,0.005,0.0037,0.0046,0.0046,0.0016,0.0013,0.0005,0.0012,0.0006,0.0015,0.0012,0.0014,0.0012,0.0005,0.0014,0.0018,0.0007,0.0008,0.0015,0.0019,0.0017,0.0013,0.0013,0.0011,0.0019,0.0019,0.0007,0.0014,0.0015,0.0011,0.0009,0.001,0.0014,0.0006,0.002,0.002,0.0009,0.0012,0.0013,0.0008,0.0014,0.0013,0.0006,0.0009,0.0021,0.0012,0.0007,0.0013,0.0011,0.0013,0.0014,0.0013,0.0009,0.001,0.0014,0.002,0.0018,0.0018,0.0018,0.0009,0.0012,0.0017,0.0013,0.0005,0.0021,0.0019,0.0009,0.0009,0.0009,0.001,0.0013,0.0007,0.0008,0.0007,0.0021,0.0024,0.0012,0.001,0.0018,0.002,0.0012,0.0022,0.0014,0.0009,0.0029,0.0041,0.0044,0.0028,0.0032,0.0039,0.0032,0.0034,0.0021,0.0023,0.0031,0.0,0.0,0.01,0.01,0.01,0.01,0.01,0.01,0.01,0.01,0.01,0.01,0.01,0.01,0.01,0.01,0.01,0.01,0.01,0.01,0.01,0.01,0.01,0.01,0.01,0.01,0.01,0.01,0.01,0.01,0.01,0.01,0.01,0.01,0.01,0.01,0.01,0.01,0.01,0.01,0.01,0.01,0.01,0.01,0.01,0.01,0.01,0.01,0.01,0.01,0.01,0.01,0.01,0.01,0.01,0.01,0.01,0.01,0.01,0.01,0.01,0.01,0.01,0.01,0.01,0.01,0.01,0.01,0.01,0.01,0.01,0.01,0.01,0.01,0.01,0.01,0.01,0.01,0.01,0.01,0.01,0.01,0.01,0.01,0.01,0.01,0.01,0.01,0.01,0.01,0.01,0.01,0.01,0.01,0.01,0.01,0.01,0.01,0.01,0.01,0.01,0.01,0.01,0.01,0.01,0.01,0.01,0.01,0.01,0.01,0.01,0.01,0.01,0.01,0.01,0.01,0.01,0.01,0.01,0.01,0.01,0.01,0.01,0.01,0.01,0.01,0.01,0.01,0.01,0.01,0.01,0.01,0.01,0.01,0.01,0.01,0.01,0.01,0.01,0.01,0.01,0.01,0.01,0.01,0.01,0.01,0.01,0.01,0.01,0.01,0.01,0.01,0.01,0.01,0.01,0.01,0.01,0.01,0.01,0.01,0.01,0.01,0.01,0.01,0.01,0.01,0.01,0.01,0.01,0.01,0.01,0.01,0.01,0.01,0.01,0.01,0.01,0.01,0.01,0.01,0.01,0.01,0.01,0.01,0.01,0.01,0.01,0.01,0.01,0.01,0.01,0.01,0.01,0.01,0.01,0.01,0.01,0.01,0.01,0.01,0.01,0.01
paired,1,60000,51.73397939337883,52.10998795798514,0.6904014348983765,0.6960201263427734,0,0.11480000000000001,0.8852,0.0,0.0,0.0,0.0,0.0,0.0001,0.0,0.0,0.0001,0.0,0.0,0.0009,0.001,0.0015,0.002,0.0018,0.0009,0.0013,0.0008,0.0006,0.0,0.0009,0.0013,0.002,0.0012,0.0017,0.0012,0.0011,0.0017,0.0006,0.0,0.0014,0.0009,0.0011,0.0019,0.0006,0.0014,0.0011,0.0009,0.0008,0.0001,0.0007,0.0013,0.0011,0.0011,0.0016,0.0012,0.0013,0.0011,0.001,0.0001,0.0007,0.0016,0.0016,0.0014,0.0017,0.0013,0.0012,0.0013,0.0016,0.0012,0.0005,0.0012,0.0008,0.001,0.0013,0.001,0.0005,0.0011,0.0017,0.001,0.0004,0.0012,0.0011,0.0006,0.0014,0.0008,0.0011,0.0012,0.002,0.0014,0.0005,0.0009,0.0015,0.0019,0.001,0.0016,0.0011,0.0009,0.0028,0.003,0.0018,0.0015,0.0025,0.0025,0.0026,0.0022,0.0018,0.0017,0.0047,0.0,0.0,0.01,0.01,0.01,0.01,0.01,0.01,0.01,0.01,0.01,0.01,0.01,0.01,0.01,0.01,0.01,0.01,0.01,0.01,0.01,0.01,0.01,0.01,0.01,0.01,0.01,0.01,0.01,0.01,0.01,0.01,0.01,0.01,0.01,0.01,0.01,0.01,0.01,0.01,0.01,0.01,0.01,0.01,0.01,0.01,0.01,0.01,0.01,0.01,0.01,0.01,0.01,0.01,0.01,0.01,0.01,0.01,0.01,0.01,0.01,0.01,0.01,0.01,0.01,0.01,0.01,0.01,0.01,0.01,0.01,0.01,0.01,0.01,0.01,0.01,0.01,0.01,0.01,0.01,0.01,0.01,0.01,0.01,0.01,0.01,0.01,0.01,0.01,0.01,0.01,0.01,0.01,0.01,0.01,0.01,0.01,0.01,0.01,0.01,0.01,0.01,0.01,0.01,0.01,0.01,0.01,0.01,0.01,0.01,0.01,0.01,0.01,0.01,0.01,0.01,0.01,0.01,0.01,0.01,0.01,0.01,0.01,0.01,0.01,0.01,0.01,0.01,0.01,0.01,0.01,0.01,0.01,0.01,0.01,0.01,0.01,0.01,0.01,0.01,0.01,0.01,0.01,0.01,0.01,0.01,0.01,0.01,0.01,0.01,0.01,0.01,0.01,0.01,0.01,0.01,0.01,0.01,0.01,0.01,0.01,0.01,0.01,0.01,0.01,0.01,0.01,0.01,0.01,0.01,0.01,0.01,0.01,0.01,0.01,0.01,0.01,0.01,0.01,0.01,0.01,0.01,0.01,0.01,0.01,0.01,0.01,0.01,0.01,0.01,0.01,0.01,0.01,0.01,0.01,0.01,0.01,0.01,0.01,0.01,0.01,0.01
paired,1,61000,52.57716161257122,52.96042366698384,0.6915376782417297,0.695807933807373,0,0.15300000000000002,0.847,0.0001,0.0032,0.0024,0.0036,0.0027,0.003,0.0026,0.0037,0.0025,0.0005,0.0003,0.0008,0.0008,0.0009,0.0009,0.001,0.0008,0.0013,0.0006,0.0029,0.0005,0.001,0.001,0.0014,0.0011,0.0009,0.0009,0.0009,0.0009,0.0026,0.0005,0.0011,0.0012,0.0008,0.0015,0.0008,0.0011,0.0013,0.0013,0.0027,0.0003,0.0006,0.0009,0.0013,0.001,0.0018,0.0012,0.0013,0.0009,0.0023,0.0008,0.0011,0.0016,0.0015,0.0012,0.0019,0.0014,0.0013,0.001,0.0027,0.0009,0.0008,0.0014,0.0015,0.0011,0.0015,0.0015,0.0006,0.001,0.0033,0.0017,0.0013,0.0015,0.0012,0.0009,0.0009,0.001,0.0008,0.0009,0.0025,0.0009,0.0009,0.0006,0.0012,0.0008,0.0014,0.0012,0.0016,0.0012,0.0038,0.0,0.0023,0.0028,0.0033,0.0023,0.0034,0.0027,0.0034,0.0025,0.0062,0.0,0.0,0.01,0.01,0.01,0.01,0.01,0.01,0.01,0.01,0.01,0.01,0.01,0.01,0.01,0.01,0.01,0.01,0.01,0.01,0.01,0.01,0.01,0.01,0.01,0.01,0.01,0.01,0.01,0.01,0.01,0.01,0.01,0.01,0.01,0.01,0.01,0.01,0.01,0.01,0.01,0.01,0.01,0.01,0.01,0.01,0.01,0.01,0.01,0.01,0.01,0.01,0.01,0.01,0.01,0.01,0.01,0.01,0.01,0.01,0.01,0.01,0.01,0.01,0.01,0.01,0.01,0.01,0.01,0.01,0.01,0.01,0.01,0.01,0.01,0.01,0.01,0.01,0.01,0.01,0.01,0.01,0.01,0.01,0.01,0.01,0.01,0.01,0.01,0.01,0.01,0.01,0.01,0.01,0.01,0.01,0.01,0.01,0.01,0.01,0.01,0.01,0.01,0.01,0.01,0.01,0.01,0.01,0.01,0.01,0.01,0.01,0.01,0.01,0.01,0.01,0.01,0.01,0.01,0.01,0.01,0.01,0.01,0.01,0.01,0.01,0.01,0.01,0.01,0.01,0.01,0.01,0.01,0.01,0.01,0.01,0.01,0.01,0.01,0.01,0.01,0.01,0.01,0.01,0.01,0.01,0.01,0.01,0.01,0.01,0.01,0.01,0.01,0.01,0.01,0.01,0.01,0.01,0.01,0.01,0.01,0.01,0.01,0.01,0.01,0.01,0.01,0.01,0.01,0.01,0.01,0.01,0.01,0.01,0.01,0.01,0.01,0.01,0.01,0.01,0.01,0.01,0.01,0.01,0.01,0.01,0.01,0.01,0.01,0.01,0.01,0.01,0.01,0.01,0.01,0.01,0.01,0.01,0.01,0.01,0.01,0.01
paired,1,62000,53.46521865820978,53.85724883293733,0.691426157951355,0.6949609518051147,0,0.15559999999999996,0.8444,0.0001,0.0043,0.0029,0.0033,0.0028,0.0045,0.004,0.0033,0.0036,0.007,0.0002,0.0006,0.0009,0.0013,0.0008,0.0007,0.0006,0.0009,0.0014,0.0014,0.0005,0.0006,0.0015,0.0014,0.0011,0.0016,0.0014,0.0016,0.0011,0.0016,0.0012,0.0008,0.0017,0.0005,0.0014,0.001,0.0014,0.0017,0.0011,0.0017,0.0007,0.0009,0.0018,0.0014,0.001,0.0021,0.001,0.0015,0.001,0.0019,0.0004,0.0007,0.0012,0.0013,0.0011,0.0013,0.0011,0.0015,0.0012,0.0013,0.0005,0.0006,0.0014,0.0018,0.0013,0.0021,0.0013,0.0007,0.0013,0.0023,0.0001,0.0007,0.0018,0.0005,0.0014,0.0008,0.0011,0.001,0.0014,0.002,0.0002,0.0006,0.0012,0.0013,0.0008,0.0017,0.0017,0.0014,0.001,0.0028,0.0,0.0024,0.0023,0.0026,0.0017,0.0031,0.002,0.0032,0.003,0.0046,0.0,0.0,0.01,0.01,0.01,0.01,0.01,0.01,0.01,0.01,0.01,0.01,0.01,0.01,0.01,0.01,0.01,0.01,0.01,0.01,0.01,0.01,0.01,0.01,0.01,0.01,0.01,0.01,0.01,0.01,0.01,0.01,0.01,0.01,0.01,0.01,0.01,0.01,0.01,0.01,0.01,0.01,0.01,0.01,0.01,0.01,0.01,0.01,0.01,0.01,0.01,0.01,0.01,0.01,0.01,0.01,0.01,0.01,0.01,0.01,0.01,0.01,0.01,0.01,0.01,0.01,0.01,0.01,0.01,0.01,0.01,0.01,0.01,0.01,0.01,0.01,0.01,0.01,0.01,0.01,0.01,0.01,0.01,0.01,0.01,0.01,0.01,0.01,0.01,0.01,0.01,0.01,0.01,0.01,0.01,0.01,0.01,0.01,0.01,0.01,0.01,0.01,0.01,0.01,0.01,0.01,0.01,0.01,0.01,0.01,0.01,0.01,0.01,0.01,0.01,0.01,0.01,0.01,0.01,0.01,0.01,0.01,0.01,0.01,0.01,0.01,0.01,0.01,0.01,0.01,0.01,0.01,0.01,0.01,0.01,0.01,0.01,0.01,0.01,0.01,0.01,0.01,0.01,0.01,0.01,0.01,0.01,0.01,0.01,0.01,0.01,0.01,0.01,0.01,0.01,0.01,0.01,0.01,0.01,0.01,0.01,0.01,0.01,0.01,0.01,0.01,0.01,0.01,0.01,0.01,0.01,0.01,0.01,0.01,0.01,0.01,0.01,0.01,0.01,0.01,0.01,0.01,0.01,0.01,0.01,0.01,0.01,0.01,0.01,0.01,0.01,0.01,0.01,0.01,0.01,0.01,0.01,0.01,0.01,0.01,0.01,0.01
paired,1,63000,54.322689798194915,54.721982249990106,0.6905636787414551,0.6972669363021851,0,0.19079999999999997,0.8091999999999999,0.0042,0.0013,0.0019,0.0032,0.003,0.0042,0.0038,0.003,0.003,0.0084,0.0022,0.0006,0.0013,0.0007,0.0011,0.0014,0.0011,0.001,0.0014,0.0022,0.0037,0.0005,0.0013,0.0013,0.0017,0.0016,0.0009,0.0011,0.0013,0.0031,0.004,0.0006,0.0007,0.001,0.001,0.0016,0.0013,0.0012,0.0008,0.0029,0.0036,0.0007,0.0015,0.0012,0.0008,0.0009,0.001,0.0009,0.0011,0.0027,0.0043,0.0017,0.0023,0.0017,0.0013,0.0018,0.0013,0.0013,0.0005,0.0031,0.0042,0.0009,0.0015,0.0012,0.0016,0.0016,0.0017,0.0006,0.001,0.0035,0.0038,0.0005,0.0013,0.0006,0.0014,0.001,0.0009,0.0013,0.0016,0.0036,0.0043,0.0018,0.0008,0.0009,0.0009,0.0014,0.001,0.0015,0.0003,0.0035,0.0003,0.0037,0.0032,0.0028,0.003,0.0028,0.0019,0.0016,0.0018,0.0052,0.0,0.0,0.01,0.01,0.01,0.01,0.01,0.01,0.01,0.01,0.01,0.01,0.01,0.01,0.01,0.01,0.01,0.01,0.01,0.01,0.01,0.01,0.01,0.01,0.01,0.01,0.01,0.01,0.01,0.01,0.01,0.01,0.01,0.01,0.01,0.01,0.01,0.01,0.01,0.01,0.01,0.01,0.01,0.01,0.01,0.01,0.01,0.01,0.01,0.01,0.01,0.01,0.01,0.01,0.01,0.01,0.01,0.01,0.01,0.01,0.01,0.01,0.01,0.01,0.01,0.01,0.01,0.01,0.01,0.01,0.01,0.01,0.01,0.01,0.01,0.01,0.01,0.01,0.01,0.01,0.01,0.01,0.01,0.01,0.01,0.01,0.01,0.01,0.01,0.01,0.01,0.01,0.01,0.01,0.01,0.01,0.01,0.01,0.01,0.01,0.01,0.01,0.01,0.01,0.01,0.01,0.01,0.01,0.01,0.01,0.01,0.01,0.01,0.01,0.01,0.01,0.01,0.01,0.01,0.01,0.01,0.01,0.01,0.01,0.01,0.01,0.01,0.01,0.01,0.01,0.01,0.01,0.01,0.01,0.01,0.01,0.01,0.01,0.01,0.01,0.01,0.01,0.01,0.01,0.01,0.01,0.01,0.01,0.01,0.01,0.01,0.01,0.01,0.01,0.01,0.01,0.01,0.01,0.01,0.01,0.01,0.01,0.01,0.01,0.01,0.01,0.01,0.01,0.01,0.01,0.01,0.01,0.01,0.01,0.01,0.01,0.01,0.01,0.01,0.01,0.01,0.01,0.01,0.01,0.01,0.01,0.01,0.01,0.01,0.01,0.01,0.01,0.01,0.01,0.01,0.01,0.01,0.01,0.01,0.01,0.01,0.01
paired,1,64000,55.190054238191806,55.59752991690766,0.6918877363204956,0.6971955299377441,0,0.16720000000000002,0.8328,0.0,0.004,0.0027,0.0021,0.0012,0.003,0.0035,0.0034,0.0033,0.005,0.0017,0.0003,0.0011,0.0009,0.001,0.0006,0.0009,0.0007,0.0006,0.0023,0.0016,0.0004,0.0009,0.0012,0.002,0.0013,0.0008,0.0009,0.0007,0.0034,0.001,0.0007,0.0011,0.0007,0.0012,0.0008,0.0003,0.0014,0.0006,0.0034,0.0008,0.0009,0.0016,0.0007,0.0015,0.0017,0.0011,0.0011,0.0009,0.0029,0.0018,0.001,0.0007,0.0011,0.0009,0.002,0.0012,0.0013,0.0007,0.0032,0.002,0.0011,0.0019,0.0015,0.0011,0.0016,0.0017,0.0006,0.001,0.0036,0.0033,0.0008,0.0008,0.0011,0.0008,0.0013,0.0012,0.0015,0.0008,0.0031,0.0046,0.0011,0.001,0.0008,0.0018,0.0015,0.0018,0.0012,0.0005,0.0035,0.0003,0.0034,0.0031,0.0027,0.0028,0.0031,0.002,0.0025,0.0014,0.0075,0.0,0.0,0.01,0.01,0.01,0.01,0.01,0.01,0.01,0.01,0.01,0.01,0.01,0.01,0.01,0.01,0.01,0.01,0.01,0.01,0.01,0.01,0.01,0.01,0.01,0.01,0.01,0.01,0.01,0.01,0.01,0.01,0.01,0.01,0.01,0.01,0.01,0.01,0.01,0.01,0.01,0.01,0.01,0.01,0.01,0.01,0.01,0.01,0.01,0.01,0.01,0.01,0.01,0.01,0.01,0.01,0.01,0.01,0.01,0.01,0.01,0.01,0.01,0.01,0.01,0.01,0.01,0.01,0.01,0.01,0.01,0.01,0.01,0.01,0.01,0.01,0.01,0.01,0.01,0.01,0.01,0.01,0.01,0.01,0.01,0.01,0.01,0.01,0.01,0.01,0.01,0.01,0.01,0.01,0.01,0.01,0.01,0.01,0.01,0.01,0.01,0.01,0.01,0.01,0.01,0.01,0.01,0.01,0.01,0.01,0.01,0.01,0.01,0.01,0.01,0.01,0.01,0.01,0.01,0.01,0.01,0.01,0.01,0.01,0.01,0.01,0.01,0.01,0.01,0.01,0.01,0.01,0.01,0.01,0.01,0.01,0.01,0.01,0.01,0.01,0.01,0.01,0.01,0.01,0.01,0.01,0.01,0.01,0.01,0.01,0.01,0.01,0.01,0.01,0.01,0.01,0.01,0.01,0.01,0.01,0.01,0.01,0.01,0.01,0.01,0.01,0.01,0.01,0.01,0.01,0.01,0.01,0.01,0.01,0.01,0.01,0.01,0.01,0.01,0.01,0.01,0.01,0.01,0.01,0.01,0.01,0.01,0.01,0.01,0.01,0.01,0.01,0.01,0.01,0.01,0.01,0.01,0.01,0.01,0.01,0.01,0.01
paired,1,65000,56.037849085289054,56.453171791974455,0.6915905475616455,0.6979297399520874,0,0.18199999999999994,0.8180000000000001,0.0039,0.0033,0.0031,0.0047,0.0029,0.0047,0.0029,0.0024,0.003,0.0026,0.0019,0.0009,0.0006,0.001,0.0012,0.0004,0.0007,0.0008,0.0011,0.0021,0.0046,0.0007,0.0013,0.0009,0.0019,0.0016,0.0013,0.0009,0.0013,0.0027,0.0034,0.0008,0.001,0.0007,0.001,0.001,0.0011,0.0017,0.0011,0.0022,0.0035,0.001,0.0015,0.0014,0.0012,0.0019,0.0015,0.0014,0.0013,0.0028,0.0024,0.0016,0.0015,0.0015,0.0009,0.0015,0.0009,0.0008,0.0011,0.0033,0.0017,0.0013,0.0014,0.0016,0.0009,0.0018,0.0017,0.0007,0.0009,0.0034,0.0028,0.0007,0.0017,0.0009,0.0009,0.0011,0.0011,0.0007,0.0008,0.0027,0.0029,0.0011,0.0014,0.0012,0.0023,0.0008,0.0018,0.0014,0.0012,0.0032,0.0,0.0013,0.0033,0.004,0.0028,0.0037,0.0036,0.0026,0.0022,0.004,0.0,0.0,0.01,0.01,0.01,0.01,0.01,0.01,0.01,0.01,0.01,0.01,0.01,0.01,0.01,0.01,0.01,0.01,0.01,0.01,0.01,0.01,0.01,0.01,0.01,0.01,0.01,0.01,0.01,0.01,0.01,0.01,0.01,0.01,0.01,0.01,0.01,0.01,0.01,0.01,0.01,0.01,0.01,0.01,0.01,0.01,0.01,0.01,0.01,0.01,0.01,0.01,0.01,0.01,0.01,0.01,0.01,0.01,0.01,0.01,0.01,0.01,0.01,0.01,0.01,0.01,0.01,0.01,0.01,0.01,0.01,0.01,0.01,0.01,0.01,0.01,0.01,0.01,0.01,0.01,0.01,0.01,0.01,0.01,0.01,0.01,0.01,0.01,0.01,0.01,0.01,0.01,0.01,0.01,0.01,0.01,0.01,0.01,0.01,0.01,0.01,0.01,0.01,0.01,0.01,0.01,0.01,0.01,0.01,0.01,0.01,0.01,0.01,0.01,0.01,0.01,0.01,0.01,0.01,0.01,0.01,0.01,0.01,0.01,0.01,0.01,0.01,0.01,0.01,0.01,0.01,0.01,0.01,0.01,0.01,0.01,0.01,0.01,0.01,0.01,0.01,0.01,0.01,0.01,0.01,0.01,0.01,0.01,0.01,0.01,0.01,0.01,0.01,0.01,0.01,0.01,0.01,0.01,0.01,0.01,0.01,0.01,0.01,0.01,0.01,0.01,0.01,0.01,0.01,0.01,0.01,0.01,0.01,0.01,0.01,0.01,0.01,0.01,0.01,0.01,0.01,0.01,0.01,0.01,0.01,0.01,0.01,0.01,0.01,0.01,0.01,0.01,0.01,0.01,0.01,0.01,0.01,0.01,0.01,0.01,0.01,0.01
paired,1,66000,56.8811200367054,57.30367399996612,0.6887011528015137,0.696979820728302,0,0.16549999999999998,0.8345,0.0017,0.0028,0.0031,0.0038,0.0019,0.0043,0.0034,0.003,0.003,0.0036,0.0022,0.0009,0.0011,0.0018,0.001,0.0008,0.001,0.0009,0.0012,0.0029,0.0026,0.0008,0.0011,0.0013,0.0019,0.0012,0.0009,0.0011,0.0009,0.0025,0.0021,0.0009,0.0006,0.0011,0.0013,0.0006,0.0009,0.0012,0.0005,0.0032,0.0011,0.0012,0.0022,0.001,0.0007,0.0012,0.0013,0.0018,0.0012,0.0025,0.0014,0.0008,0.0009,0.0019,0.001,0.0013,0.0016,0.0011,0.0011,0.0025,0.001,0.0005,0.0018,0.0015,0.0014,0.0016,0.0012,0.001,0.0006,0.0028,0.0016,0.0011,0.0022,0.0011,0.0005,0.0012,0.0005,0.0007,0.0012,0.0027,0.0024,0.0006,0.0009,0.0014,0.0014,0.0013,0.0015,0.0016,0.0012,0.0029,0.0,0.0003,0.0011,0.0034,0.0024,0.0033,0.0033,0.0027,0.0025,0.0062,0.0,0.0,0.01,0.01,0.01,0.01,0.01,0.01,0.01,0.01,0.01,0.01,0.01,0.01,0.01,0.01,0.01,0.01,0.01,0.01,0.01,0.01,0.01,0.01,0.01,0.01,0.01,0.01,0.01,0.01,0.01,0.01,0.01,0.01,0.01,0.01,0.01,0.01,0.01,0.01,0.01,0.01,0.01,0.01,0.01,0.01,0.01,0.01,0.01,0.01,0.01,0.01,0.01,0.01,0.01,0.01,0.01,0.01,0.01,0.01,0.01,0.01,0.01,0.01,0.01,0.01,0.01,0.01,0.01,0.01,0.01,0.01,0.01,0.01,0.01,0.01,0.01,0.01,0.01,0.01,0.01,0.01,0.01,0.01,0.01,0.01,0.01,0.01,0.01,0.01,0.01,0.01,0.01,0.01,0.01,0.01,0.01,0.01,0.01,0.01,0.01,0.01,0.01,0.01,0.01,0.01,0.01,0.01,0.01,0.01,0.01,0.01,0.01,0.01,0.01,0.01,0.01,0.01,0.01,0.01,0.01,0.01,0.01,0.01,0.01,0.01,0.01,0.01,0.01,0.01,0.01,0.01,0.01,0.01,0.01,0.01,0.01,0.01,0.01,0.01,0.01,0.01,0.01,0.01,0.01,0.01,0.01,0.01,0.01,0.01,0.01,0.01,0.01,0.01,0.01,0.01,0.01,0.01,0.01,0.01,0.01,0.01,0.01,0.01,0.01,0.01,0.01,0.01,0.01,0.01,0.01,0.01,0.01,0.01,0.01,0.01,0.01,0.01,0.01,0.01,0.01,0.01,0.01,0.01,0.01,0.01,0.01,0.01,0.01,0.01,0.01,0.01,0.01,0.01,0.01,0.01,0.01,0.01,0.01,0.01,0.01,0.01
paired,1,67000,57.73496057000011,58.164703082991764,0.6911618709564209,0.6970089673995972,0,0.1733,0.8267,0.0003,0.0029,0.0027,0.0025,0.001,0.0026,0.0034,0.0036,0.0037,0.0056,0.0007,0.0011,0.0008,0.0012,0.0012,0.0005,0.0014,0.0009,0.0008,0.0023,0.0039,0.0012,0.0013,0.0014,0.002,0.0015,0.0011,0.0018,0.0011,0.0025,0.0023,0.0008,0.0008,0.0012,0.0011,0.0012,0.0008,0.0015,0.0008,0.0036,0.0039,0.0013,0.0017,0.0008,0.001,0.0014,0.0012,0.0021,0.0019,0.0026,0.003,0.0006,0.0014,0.0015,0.0013,0.0013,0.0014,0.0011,0.0013,0.0025,0.0029,0.0013,0.0012,0.0017,0.0018,0.0013,0.001,0.0011,0.0008,0.0034,0.0021,0.0003,0.0012,0.0015,0.0009,0.0011,0.0009,0.0008,0.0012,0.0034,0.0013,0.0006,0.0018,0.0009,0.0016,0.0009,0.0018,0.001,0.0011,0.0028,0.003,0.0024,0.0021,0.0021,0.0012,0.0022,0.0024,0.0018,0.002,0.006,0.0,0.0,0.01,0.01,0.01,0.01,0.01,0.01,0.01,0.01,0.01,0.01,0.01,0.01,0.01,0.01,0.01,0.01,0.01,0.01,0.01,0.01,0.01,0.01,0.01,0.01,0.01,0.01,0.01,0.01,0.01,0.01,0.01,0.01,0.01,0.01,0.01,0.01,0.01,0.01,0.01,0.01,0.01,0.01,0.01,0.01,0.01,0.01,0.01,0.01,0.01,0.01,0.01,0.01,0.01,0.01,0.01,0.01,0.01,0.01,0.01,0.01,0.01,0.01,0.01,0.01,0.01,0.01,0.01,0.01,0.01,0.01,0.01,0.01,0.01,0.01,0.01,0.01,0.01,0.01,0.01,0.01,0.01,0.01,0.01,0.01,0.01,0.01,0.01,0.01,0.01,0.01,0.01,0.01,0.01,0.01,0.01,0.01,0.01,0.01,0.01,0.01,0.01,0.01,0.01,0.01,0.01,0.01,0.01,0.01,0.01,0.01,0.01,0.01,0.01,0.01,0.01,0.01,0.01,0.01,0.01,0.01,0.01,0.01,0.01,0.01,0.01,0.01,0.01,0.01,0.01,0.01,0.01,0.01,0.01,0.01,0.01,0.01,0.01,0.01,0.01,0.01,0.01,0.01,0.01,0.01,0.01,0.01,0.01,0.01,0.01,0.01,0.01,0.01,0.01,0.01,0.01,0.01,0.01,0.01,0.01,0.01,0.01,0.01,0.01,0.01,0.01,0.01,0.01,0.01,0.01,0.01,0.01,0.01,0.01,0.01,0.01,0.01,0.01,0.01,0.01,0.01,0.01,0.01,0.01,0.01,0.01,0.01,0.01,0.01,0.01,0.01,0.01,0.01,0.01,0.01,0.01,0.01,0.01,0.01,0.01,0.01
paired,1,68000,58.579322017380036,59.01721479196567,0.6904125213623047,0.6960277557373047,0,0.16369999999999996,0.8363,0.0013,0.001,0.001,0.0029,0.0034,0.0034,0.0032,0.0024,0.003,0.0066,0.0018,0.0011,0.0011,0.0005,0.0007,0.0011,0.0014,0.0003,0.0009,0.0029,0.0023,0.0015,0.0016,0.0013,0.0015,0.0022,0.0012,0.0015,0.001,0.0033,0.0031,0.0013,0.0011,0.0012,0.0006,0.0008,0.0007,0.0012,0.0012,0.004,0.0032,0.0012,0.0014,0.0011,0.0011,0.0014,0.0012,0.0012,0.0011,0.0024,0.0029,0.0007,0.0014,0.0013,0.0011,0.0009,0.0017,0.001,0.0008,0.0026,0.0019,0.0011,0.0009,0.0015,0.0012,0.0016,0.0017,0.0009,0.0009,0.0034,0.0019,0.0005,0.0021,0.001,0.0013,0.0009,0.0013,0.001,0.0009,0.0029,0.0024,0.0012,0.0012,0.0016,0.0014,0.0011,0.0013,0.0013,0.0005,0.002,0.0003,0.0014,0.0025,0.002,0.0012,0.0023,0.0017,0.0014,0.0012,0.0045,0.0,0.0,0.01,0.01,0.01,0.01,0.01,0.01,0.01,0.01,0.01,0.01,0.01,0.01,0.01,0.01,0.01,0.01,0.01,0.01,0.01,0.01,0.01,0.01,0.01,0.01,0.01,0.01,0.01,0.01,0.01,0.01,0.01,0.01,0.01,0.01,0.01,0.01,0.01,0.01,0.01,0.01,0.01,0.01,0.01,0.01,0.01,0.01,0.01,0.01,0.01,0.01,0.01,0.01,0.01,0.01,0.01,0.01,0.01,0.01,0.01,0.01,0.01,0.01,0.01,0.01,0.01,0.01,0.01,0.01,0.01,0.01,0.01,0.01,0.01,0.01,0.01,0.01,0.01,0.01,0.01,0.01,0.01,0.01,0.01,0.01,0.01,0.01,0.01,0.01,0.01,0.01,0.01,0.01,0.01,0.01,0.01,0.01,0.01,0.01,0.01,0.01,0.01,0.01,0.01,0.01,0.01,0.01,0.01,0.01,0.01,0.01,0.01,0.01,0.01,0.01,0.01,0.01,0.01,0.01,0.01,0.01,0.01,0.01,0.01,0.01,0.01,0.01,0.01,0.01,0.01,0.01,0.01,0.01,0.01,0.01,0.01,0.01,0.01,0.01,0.01,0.01,0.01,0.01,0.01,0.01,0.01,0.01,0.01,0.01,0.01,0.01,0.01,0.01,0.01,0.01,0.01,0.01,0.01,0.01,0.01,0.01,0.01,0.01,0.01,0.01,0.01,0.01,0.01,0.01,0.01,0.01,0.01,0.01,0.01,0.01,0.01,0.01,0.01,0.01,0.01,0.01,0.01,0.01,0.01,0.01,0.01,0.01,0.01,0.01,0.01,0.01,0.01,0.01,0.01,0.01,0.01,0.01,0.01,0.01,0.01,0.01
paired,1,69000,59.41859835234936,59.86372083297465,0.6905003190040588,0.6968682408332825,0,0.18179999999999996,0.8182,0.0024,0.0028,0.0027,0.0036,0.0021,0.0045,0.0032,0.0024,0.002,0.006,0.0011,0.001,0.0007,0.001,0.0014,0.0006,0.0011,0.0008,0.0011,0.0022,0.0046,0.0011,0.0014,0.0018,0.0022,0.0018,0.0018,0.0012,0.0008,0.003,0.0024,0.0011,0.0014,0.0014,0.0012,0.0017,0.001,0.0014,0.001,0.0033,0.0035,0.0012,0.0018,0.0011,0.0013,0.0011,0.0012,0.0012,0.0018,0.0028,0.0027,0.0012,0.0011,0.0016,0.0012,0.0018,0.0016,0.0009,0.0013,0.0026,0.0037,0.0012,0.001,0.0014,0.0017,0.0015,0.0013,0.0008,0.0008,0.0032,0.0046,0.0008,0.0018,0.0012,0.0009,0.0012,0.0016,0.0005,0.0013,0.0023,0.0022,0.0006,0.001,0.0013,0.0018,0.0012,0.0016,0.0014,0.0011,0.0009,0.0007,0.0022,0.004,0.0029,0.0022,0.0034,0.0039,0.002,0.0019,0.0014,0.0,0.0,0.01,0.01,0.01,0.01,0.01,0.01,0.01,0.01,0.01,0.01,0.01,0.01,0.01,0.01,0.01,0.01,0.01,0.01,0.01,0.01,0.01,0.01,0.01,0.01,0.01,0.01,0.01,0.01,0.01,0.01,0.01,0.01,0.01,0.01,0.01,0.01,0.01,0.01,0.01,0.01,0.01,0.01,0.01,0.01,0.01,0.01,0.01,0.01,0.01,0.01,0.01,0.01,0.01,0.01,0.01,0.01,0.01,0.01,0.01,0.01,0.01,0.01,0.01,0.01,0.01,0.01,0.01,0.01,0.01,0.01,0.01,0.01,0.01,0.01,0.01,0.01,0.01,0.01,0.01,0.01,0.01,0.01,0.01,0.01,0.01,0.01,0.01,0.01,0.01,0.01,0.01,0.01,0.01,0.01,0.01,0.01,0.01,0.01,0.01,0.01,0.01,0.01,0.01,0.01,0.01,0.01,0.01,0.01,0.01,0.01,0.01,0.01,0.01,0.01,0.01,0.01,0.01,0.01,0.01,0.01,0.01,0.01,0.01,0.01,0.01,0.01,0.01,0.01,0.01,0.01,0.01,0.01,0.01,0.01,0.01,0.01,0.01,0.01,0.01,0.01,0.01,0.01,0.01,0.01,0.01,0.01,0.01,0.01,0.01,0.01,0.01,0.01,0.01,0.01,0.01,0.01,0.01,0.01,0.01,0.01,0.01,0.01,0.01,0.01,0.01,0.01,0.01,0.01,0.01,0.01,0.01,0.01,0.01,0.01,0.01,0.01,0.01,0.01,0.01,0.01,0.01,0.01,0.01,0.01,0.01,0.01,0.01,0.01,0.01,0.01,0.01,0.01,0.01,0.01,0.01,0.01,0.01,0.01,0.01,0.01
paired,1,70000,60.2964266409399,60.749314666958526,0.6897549629211426,0.6980230808258057,0,0.17189999999999994,0.8281000000000001,0.0033,0.0011,0.0022,0.0037,0.0033,0.0046,0.0042,0.0019,0.0038,0.0065,0.002,0.0017,0.001,0.0012,0.001,0.001,0.001,0.0002,0.0011,0.0018,0.0047,0.0009,0.0018,0.0016,0.0015,0.002,0.0016,0.0016,0.0007,0.0015,0.0019,0.0012,0.0012,0.001,0.0014,0.001,0.0008,0.0013,0.0009,0.0023,0.0017,0.0014,0.0017,0.0009,0.0006,0.0016,0.0011,0.0011,0.0016,0.0019,0.0018,0.0009,0.0014,0.0011,0.0015,0.0012,0.0014,0.0011,0.0009,0.0017,0.0022,0.0009,0.001,0.0017,0.0008,0.0018,0.0018,0.0009,0.0009,0.0016,0.0028,0.0004,0.0019,0.0006,0.0007,0.0013,0.0007,0.0012,0.0014,0.0012,0.0039,0.0005,0.0011,0.0009,0.0013,0.0016,0.0016,0.0019,0.0005,0.0019,0.0,0.0021,0.003,0.0027,0.0026,0.0031,0.0033,0.0022,0.0023,0.0055,0.0,0.0,0.01,0.01,0.01,0.01,0.01,0.01,0.01,0.01,0.01,0.01,0.01,0.01,0.01,0.01,0.01,0.01,0.01,0.01,0.01,0.01,0.01,0.01,0.01,0.01,0.01,0.01,0.01,0.01,0.01,0.01,0.01,0.01,0.01,0.01,0.01,0.01,0.01,0.01,0.01,0.01,0.01,0.01,0.01,0.01,0.01,0.01,0.01,0.01,0.01,0.01,0.01,0.01,0.01,0.01,0.01,0.01,0.01,0.01,0.01,0.01,0.01,0.01,0.01,0.01,0.01,0.01,0.01,0.01,0.01,0.01,0.01,0.01,0.01,0.01,0.01,0.01,0.01,0.01,0.01,0.01,0.01,0.01,0.01,0.01,0.01,0.01,0.01,0.01,0.01,0.01,0.01,0.01,0.01,0.01,0.01,0.01,0.01,0.01,0.01,0.01,0.01,0.01,0.01,0.01,0.01,0.01,0.01,0.01,0.01,0.01,0.01,0.01,0.01,0.01,0.01,0.01,0.01,0.01,0.01,0.01,0.01,0.01,0.01,0.01,0.01,0.01,0.01,0.01,0.01,0.01,0.01,0.01,0.01,0.01,0.01,0.01,0.01,0.01,0.01,0.01,0.01,0.01,0.01,0.01,0.01,0.01,0.01,0.01,0.01,0.01,0.01,0.01,0.01,0.01,0.01,0.01,0.01,0.01,0.01,0.01,0.01,0.01,0.01,0.01,0.01,0.01,0.01,0.01,0.01,0.01,0.01,0.01,0.01,0.01,0.01,0.01,0.01,0.01,0.01,0.01,0.01,0.01,0.01,0.01,0.01,0.01,0.01,0.01,0.01,0.01,0.01,0.01,0.01,0.01,0.01,0.01,0.01,0.01,0.01,0.01
paired,1,71000,61.216957704746164,61.67917591694277,0.6897217631340027,0.6998850703239441,0,0.17110000000000003,0.8289,0.0009,0.001,0.0013,0.0022,0.0038,0.0024,0.0017,0.0008,0.0011,0.007,0.0012,0.0005,0.0015,0.0012,0.0012,0.0008,0.0014,0.0014,0.0013,0.0037,0.0014,0.0016,0.0017,0.0009,0.0017,0.0017,0.0014,0.0012,0.0008,0.0033,0.0004,0.0012,0.0011,0.001,0.0016,0.0009,0.0012,0.0015,0.0007,0.0041,0.0005,0.0014,0.0021,0.0008,0.0013,0.0012,0.0012,0.0009,0.0015,0.0034,0.0007,0.0005,0.0016,0.0016,0.0016,0.0011,0.0016,0.0015,0.0008,0.0031,0.0017,0.0016,0.0015,0.0015,0.0016,0.0018,0.0006,0.001,0.0007,0.0041,0.0036,0.0008,0.0018,0.0011,0.0012,0.001,0.0017,0.0009,0.0011,0.0039,0.0036,0.001,0.0006,0.0007,0.0014,0.0011,0.0014,0.002,0.0013,0.0019,0.0025,0.0024,0.0041,0.0035,0.0029,0.0031,0.0034,0.0024,0.0021,0.0023,0.0,0.0,0.01,0.01,0.01,0.01,0.01,0.01,0.01,0.01,0.01,0.01,0.01,0.01,0.01,0.01,0.01,0.01,0.01,0.01,0.01,0.01,0.01,0.01,0.01,0.01,0.01,0.01,0.01,0.01,0.01,0.01,0.01,0.01,0.01,0.01,0.01,0.01,0.01,0.01,0.01,0.01,0.01,0.01,0.01,0.01,0.01,0.01,0.01,0.01,0.01,0.01,0.01,0.01,0.01,0.01,0.01,0.01,0.01,0.01,0.01,0.01,0.01,0.01,0.01,0.01,0.01,0.01,0.01,0.01,0.01,0.01,0.01,0.01,0.01,0.01,0.01,0.01,0.01,0.01,0.01,0.01,0.01,0.01,0.01,0.01,0.01,0.01,0.01,0.01,0.01,0.01,0.01,0.01,0.01,0.01,0.01,0.01,0.01,0.01,0.01,0.01,0.01,0.01,0.01,0.01,0.01,0.01,0.01,0.01,0.01,0.01,0.01,0.01,0.01,0.01,0.01,0.01,0.01,0.01,0.01,0.01,0.01,0.01,0.01,0.01,0.01,0.01,0.01,0.01,0.01,0.01,0.01,0.01,0.01,0.01,0.01,0.01,0.01,0.01,0.01,0.01,0.01,0.01,0.01,0.01,0.01,0.01,0.01,0.01,0.01,0.01,0.01,0.01,0.01,0.01,0.01,0.01,0.01,0.01,0.01,0.01,0.01,0.01,0.01,0.01,0.01,0.01,0.01,0.01,0.01,0.01,0.01,0.01,0.01,0.01,0.01,0.01,0.01,0.01,0.01,0.01,0.01,0.01,0.01,0.01,0.01,0.01,0.01,0.01,0.01,0.01,0.01,0.01,0.01,0.01,0.01,0.01,0.01,0.01,0.01,0.01
paired,1,72000,62.19520910491701,62.66518424998503,0.6892472505569458,0.6998459100723267,0,0.18199999999999994,0.8180000000000001,0.0042,0.0043,0.0039,0.0031,0.002,0.0042,0.0036,0.0035,0.0035,0.0025,0.0009,0.001,0.0016,0.0009,0.0012,0.0009,0.0014,0.0008,0.0008,0.0016,0.0044,0.0009,0.0013,0.0016,0.0022,0.0017,0.0011,0.0019,0.0008,0.0022,0.0037,0.0008,0.001,0.0009,0.0016,0.0013,0.0008,0.0024,0.0021,0.0018,0.004,0.0014,0.0019,0.0015,0.001,0.0014,0.0006,0.0011,0.0012,0.0013,0.0029,0.0017,0.0017,0.0017,0.0012,0.0015,0.0011,0.0012,0.0018,0.0026,0.0033,0.0011,0.0015,0.0012,0.0016,0.002,0.0016,0.0011,0.0012,0.001,0.0044,0.0009,0.0019,0.0012,0.0012,0.0012,0.0016,0.0006,0.0008,0.001,0.0042,0.0009,0.001,0.0007,0.0014,0.0012,0.0011,0.0018,0.0008,0.0016,0.0,0.0017,0.0036,0.0035,0.0026,0.0033,0.0021,0.0019,0.0022,0.0028,0.0,0.0,0.01,0.01,0.01,0.01,0.01,0.01,0.01,0.01,0.01,0.01,0.01,0.01,0.01,0.01,0.01,0.01,0.01,0.01,0.01,0.01,0.01,0.01,0.01,0.01,0.01,0.01,0.01,0.01,0.01,0.01,0.01,0.01,0.01,0.01,0.01,0.01,0.01,0.01,0.01,0.01,0.01,0.01,0.01,0.01,0.01,0.01,0.01,0.01,0.01,0.01,0.01,0.01,0.01,0.01,0.01,0.01,0.01,0.01,0.01,0.01,0.01,0.01,0.01,0.01,0.01,0.01,0.01,0.01,0.01,0.01,0.01,0.01,0.01,0.01,0.01,0.01,0.01,0.01,0.01,0.01,0.01,0.01,0.01,0.01,0.01,0.01,0.01,0.01,0.01,0.01,0.01,0.01,0.01,0.01,0.01,0.01,0.01,0.01,0.01,0.01,0.01,0.01,0.01,0.01,0.01,0.01,0.01,0.01,0.01,0.01,0.01,0.01,0.01,0.01,0.01,0.01,0.01,0.01,0.01,0.01,0.01,0.01,0.01,0.01,0.01,0.01,0.01,0.01,0.01,0.01,0.01,0.01,0.01,0.01,0.01,0.01,0.01,0.01,0.01,0.01,0.01,0.01,0.01,0.01,0.01,0.01,0.01,0.01,0.01,0.01,0.01,0.01,0.01,0.01,0.01,0.01,0.01,0.01,0.01,0.01,0.01,0.01,0.01,0.01,0.01,0.01,0.01,0.01,0.01,0.01,0.01,0.01,0.01,0.01,0.01,0.01,0.01,0.01,0.01,0.01,0.01,0.01,0.01,0.01,0.01,0.01,0.01,0.01,0.01,0.01,0.01,0.01,0.01,0.01,0.01,0.01,0.01,0.01,0.01,0.01
paired,1,73000,63.08774952846579,63.565511791966856,0.6876401305198669,0.6998469233512878,0,0.16549999999999998,0.8345,0.0012,0.0023,0.0019,0.0005,0.0002,0.0006,0.0016,0.002,0.0024,0.0002,0.0015,0.0011,0.0008,0.0007,0.001,0.0006,0.0009,0.0007,0.0006,0.0017,0.0044,0.0011,0.0018,0.0021,0.0024,0.0019,0.0012,0.0013,0.0014,0.0021,0.0041,0.0014,0.0012,0.0016,0.0016,0.0011,0.001,0.0014,0.0017,0.0025,0.0034,0.0008,0.0017,0.0005,0.0013,0.0013,0.0008,0.0012,0.0018,0.0017,0.0046,0.0012,0.0018,0.0017,0.0015,0.0012,0.0016,0.001,0.0012,0.0018,0.0037,0.0011,0.0012,0.0012,0.0018,0.0015,0.0011,0.0008,0.0007,0.0023,0.0033,0.0011,0.0016,0.0013,0.0014,0.001,0.0008,0.0009,0.001,0.0025,0.0023,0.0008,0.0009,0.0011,0.0013,0.0014,0.0012,0.002,0.0014,0.0022,0.0029,0.0032,0.0033,0.0023,0.0028,0.0029,0.0029,0.0019,0.002,0.0045,0.0,0.0,0.01,0.01,0.01,0.01,0.01,0.01,0.01,0.01,0.01,0.01,0.01,0.01,0.01,0.01,0.01,0.01,0.01,0.01,0.01,0.01,0.01,0.01,0.01,0.01,0.01,0.01,0.01,0.01,0.01,0.01,0.01,0.01,0.01,0.01,0.01,0.01,0.01,0.01,0.01,0.01,0.01,0.01,0.01,0.01,0.01,0.01,0.01,0.01,0.01,0.01,0.01,0.01,0.01,0.01,0.01,0.01,0.01,0.01,0.01,0.01,0.01,0.01,0.01,0.01,0.01,0.01,0.01,0.01,0.01,0.01,0.01,0.01,0.01,0.01,0.01,0.01,0.01,0.01,0.01,0.01,0.01,0.01,0.01,0.01,0.01,0.01,0.01,0.01,0.01,0.01,0.01,0.01,0.01,0.01,0.01,0.01,0.01,0.01,0.01,0.01,0.01,0.01,0.01,0.01,0.01,0.01,0.01,0.01,0.01,0.01,0.01,0.01,0.01,0.01,0.01,0.01,0.01,0.01,0.01,0.01,0.01,0.01,0.01,0.01,0.01,0.01,0.01,0.01,0.01,0.01,0.01,0.01,0.01,0.01,0.01,0.01,0.01,0.01,0.01,0.01,0.01,0.01,0.01,0.01,0.01,0.01,0.01,0.01,0.01,0.01,0.01,0.01,0.01,0.01,0.01,0.01,0.01,0.01,0.01,0.01,0.01,0.01,0.01,0.01,0.01,0.01,0.01,0.01,0.01,0.01,0.01,0.01,0.01,0.01,0.01,0.01,0.01,0.01,0.01,0.01,0.01,0.01,0.01,0.01,0.01,0.01,0.01,0.01,0.01,0.01,0.01,0.01,0.01,0.01,0.01,0.01,0.01,0.01,0.01,0.01
paired,1,74000,63.937463258975185,64.42327737493906,0.6890100240707397,0.6980442404747009,0,0.1805,0.8195,0.0027,0.0014,0.0034,0.0038,0.0033,0.0025,0.0022,0.0012,0.0013,0.0066,0.0008,0.0012,0.0006,0.0008,0.0014,0.0009,0.0012,0.0005,0.0007,0.0022,0.0041,0.0011,0.0014,0.0019,0.0011,0.0015,0.001,0.0013,0.0011,0.0032,0.0039,0.0011,0.0012,0.0011,0.0011,0.001,0.0007,0.001,0.0013,0.0033,0.0037,0.001,0.0025,0.0006,0.0008,0.0008,0.0015,0.0012,0.0015,0.0031,0.0034,0.001,0.0018,0.0013,0.0015,0.0011,0.0017,0.001,0.0016,0.0025,0.0039,0.0016,0.0013,0.0013,0.0013,0.0011,0.0012,0.0009,0.0007,0.0039,0.0032,0.0008,0.0017,0.0007,0.0014,0.001,0.0017,0.0014,0.0011,0.0027,0.0027,0.0007,0.0008,0.0008,0.0013,0.0012,0.0014,0.0011,0.0008,0.0019,0.0043,0.0022,0.0025,0.0026,0.0026,0.0022,0.0031,0.0026,0.0018,0.0053,0.0,0.0,0.01,0.01,0.01,0.01,0.01,0.01,0.01,0.01,0.01,0.01,0.01,0.01,0.01,0.01,0.01,0.01,0.01,0.01,0.01,0.01,0.01,0.01,0.01,0.01,0.01,0.01,0.01,0.01,0.01,0.01,0.01,0.01,0.01,0.01,0.01,0.01,0.01,0.01,0.01,0.01,0.01,0.01,0.01,0.01,0.01,0.01,0.01,0.01,0.01,0.01,0.01,0.01,0.01,0.01,0.01,0.01,0.01,0.01,0.01,0.01,0.01,0.01,0.01,0.01,0.01,0.01,0.01,0.01,0.01,0.01,0.01,0.01,0.01,0.01,0.01,0.01,0.01,0.01,0.01,0.01,0.01,0.01,0.01,0.01,0.01,0.01,0.01,0.01,0.01,0.01,0.01,0.01,0.01,0.01,0.01,0.01,0.01,0.01,0.01,0.01,0.01,0.01,0.01,0.01,0.01,0.01,0.01,0.01,0.01,0.01,0.01,0.01,0.01,0.01,0.01,0.01,0.01,0.01,0.01,0.01,0.01,0.01,0.01,0.01,0.01,0.01,0.01,0.01,0.01,0.01,0.01,0.01,0.01,0.01,0.01,0.01,0.01,0.01,0.01,0.01,0.01,0.01,0.01,0.01,0.01,0.01,0.01,0.01,0.01,0.01,0.01,0.01,0.01,0.01,0.01,0.01,0.01,0.01,0.01,0.01,0.01,0.01,0.01,0.01,0.01,0.01,0.01,0.01,0.01,0.01,0.01,0.01,0.01,0.01,0.01,0.01,0.01,0.01,0.01,0.01,0.01,0.01,0.01,0.01,0.01,0.01,0.01,0.01,0.01,0.01,0.01,0.01,0.01,0.01,0.01,0.01,0.01,0.01,0.01,0.01
paired,1,75000,64.78772547969129,65.28117416694295,0.6848582625389099,0.7067145109176636,0,0.1844,0.8156,0.0025,0.0009,0.0016,0.0037,0.0034,0.0025,0.0037,0.0033,0.0032,0.0049,0.0012,0.0007,0.0013,0.0008,0.001,0.0007,0.0011,0.0008,0.001,0.002,0.0041,0.0014,0.0016,0.0018,0.0023,0.0026,0.0015,0.0011,0.0009,0.0022,0.0038,0.0017,0.0011,0.0009,0.0018,0.0016,0.0009,0.0011,0.0012,0.0029,0.0031,0.001,0.0019,0.0007,0.0012,0.001,0.0009,0.0013,0.0017,0.0025,0.0026,0.0005,0.0015,0.0011,0.0012,0.0026,0.0011,0.0014,0.0017,0.0026,0.0029,0.0011,0.0013,0.0014,0.0019,0.0014,0.0015,0.0007,0.0012,0.0027,0.0033,0.0005,0.002,0.0006,0.0014,0.0015,0.0008,0.0006,0.0013,0.0022,0.0029,0.0006,0.001,0.0007,0.0015,0.0005,0.0016,0.0012,0.0015,0.0029,0.0005,0.002,0.0043,0.0041,0.0031,0.0028,0.0035,0.0029,0.0024,0.0057,0.0,0.0,0.01,0.01,0.01,0.01,0.01,0.01,0.01,0.01,0.01,0.01,0.01,0.01,0.01,0.01,0.01,0.01,0.01,0.01,0.01,0.01,0.01,0.01,0.01,0.01,0.01,0.01,0.01,0.01,0.01,0.01,0.01,0.01,0.01,0.01,0.01,0.01,0.01,0.01,0.01,0.01,0.01,0.01,0.01,0.01,0.01,0.01,0.01,0.01,0.01,0.01,0.01,0.01,0.01,0.01,0.01,0.01,0.01,0.01,0.01,0.01,0.01,0.01,0.01,0.01,0.01,0.01,0.01,0.01,0.01,0.01,0.01,0.01,0.01,0.01,0.01,0.01,0.01,0.01,0.01,0.01,0.01,0.01,0.01,0.01,0.01,0.01,0.01,0.01,0.01,0.01,0.01,0.01,0.01,0.01,0.01,0.01,0.01,0.01,0.01,0.01,0.01,0.01,0.01,0.01,0.01,0.01,0.01,0.01,0.01,0.01,0.01,0.01,0.01,0.01,0.01,0.01,0.01,0.01,0.01,0.01,0.01,0.01,0.01,0.01,0.01,0.01,0.01,0.01,0.01,0.01,0.01,0.01,0.01,0.01,0.01,0.01,0.01,0.01,0.01,0.01,0.01,0.01,0.01,0.01,0.01,0.01,0.01,0.01,0.01,0.01,0.01,0.01,0.01,0.01,0.01,0.01,0.01,0.01,0.01,0.01,0.01,0.01,0.01,0.01,0.01,0.01,0.01,0.01,0.01,0.01,0.01,0.01,0.01,0.01,0.01,0.01,0.01,0.01,0.01,0.01,0.01,0.01,0.01,0.01,0.01,0.01,0.01,0.01,0.01,0.01,0.01,0.01,0.01,0.01,0.01,0.01,0.01,0.01,0.01,0.01
paired,1,76000,65.6433063504519,66.14457549992949,0.6918301582336426,0.6993794441223145,0,0.18720000000000003,0.8128,0.0035,0.0018,0.0022,0.0045,0.003,0.0034,0.0049,0.0031,0.0039,0.0049,0.0008,0.001,0.0016,0.0011,0.0011,0.0012,0.0011,0.0009,0.0009,0.0014,0.004,0.0008,0.0016,0.0025,0.002,0.0022,0.0015,0.0019,0.0013,0.0017,0.0035,0.0006,0.0009,0.001,0.0013,0.0012,0.0006,0.001,0.0005,0.0021,0.004,0.0012,0.0013,0.0018,0.0008,0.0012,0.0008,0.0014,0.0019,0.0024,0.0035,0.0006,0.0013,0.0015,0.0018,0.0017,0.0016,0.0016,0.0014,0.0021,0.0041,0.0015,0.0009,0.0009,0.0018,0.0015,0.0017,0.0011,0.001,0.0017,0.0045,0.0006,0.0014,0.0006,0.001,0.0007,0.0012,0.0007,0.0009,0.0012,0.0026,0.0007,0.0011,0.0008,0.0016,0.0009,0.0016,0.0008,0.0012,0.0018,0.0052,0.0035,0.0031,0.0024,0.0031,0.0022,0.0029,0.0021,0.0023,0.0059,0.0,0.0,0.01,0.01,0.01,0.01,0.01,0.01,0.01,0.01,0.01,0.01,0.01,0.01,0.01,0.01,0.01,0.01,0.01,0.01,0.01,0.01,0.01,0.01,0.01,0.01,0.01,0.01,0.01,0.01,0.01,0.01,0.01,0.01,0.01,0.01,0.01,0.01,0.01,0.01,0.01,0.01,0.01,0.01,0.01,0.01,0.01,0.01,0.01,0.01,0.01,0.01,0.01,0.01,0.01,0.01,0.01,0.01,0.01,0.01,0.01,0.01,0.01,0.01,0.01,0.01,0.01,0.01,0.01,0.01,0.01,0.01,0.01,0.01,0.01,0.01,0.01,0.01,0.01,0.01,0.01,0.01,0.01,0.01,0.01,0.01,0.01,0.01,0.01,0.01,0.01,0.01,0.01,0.01,0.01,0.01,0.01,0.01,0.01,0.01,0.01,0.01,0.01,0.01,0.01,0.01,0.01,0.01,0.01,0.01,0.01,0.01,0.01,0.01,0.01,0.01,0.01,0.01,0.01,0.01,0.01,0.01,0.01,0.01,0.01,0.01,0.01,0.01,0.01,0.01,0.01,0.01,0.01,0.01,0.01,0.01,0.01,0.01,0.01,0.01,0.01,0.01,0.01,0.01,0.01,0.01,0.01,0.01,0.01,0.01,0.01,0.01,0.01,0.01,0.01,0.01,0.01,0.01,0.01,0.01,0.01,0.01,0.01,0.01,0.01,0.01,0.01,0.01,0.01,0.01,0.01,0.01,0.01,0.01,0.01,0.01,0.01,0.01,0.01,0.01,0.01,0.01,0.01,0.01,0.01,0.01,0.01,0.01,0.01,0.01,0.01,0.01,0.01,0.01,0.01,0.01,0.01,0.01,0.01,0.01,0.01,0.01
paired,1,77000,66.50329772429541,67.01245183299761,0.686400830745697,0.7006820440292358,0,0.1845,0.8155000000000001,0.004,0.0022,0.0034,0.0041,0.0028,0.0032,0.0048,0.0041,0.0033,0.0041,0.001,0.0006,0.0013,0.0009,0.0009,0.0009,0.0007,0.0007,0.0009,0.0021,0.0026,0.0007,0.0014,0.0019,0.002,0.002,0.0013,0.0015,0.001,0.0021,0.004,0.0009,0.0012,0.0009,0.0013,0.0008,0.0013,0.0011,0.0009,0.0034,0.0041,0.0007,0.002,0.0009,0.0007,0.0015,0.0012,0.001,0.0018,0.0028,0.0039,0.0009,0.0018,0.0009,0.002,0.0019,0.0017,0.0016,0.0014,0.0026,0.0028,0.0013,0.0017,0.0016,0.002,0.001,0.0013,0.0012,0.0011,0.0023,0.0025,0.0007,0.0025,0.0006,0.0013,0.0006,0.0017,0.0005,0.0005,0.0018,0.003,0.0006,0.0011,0.001,0.001,0.0014,0.0018,0.0011,0.0015,0.0019,0.0005,0.0026,0.0032,0.0031,0.0026,0.0028,0.0026,0.0022,0.0019,0.0059,0.0,0.0,0.01,0.01,0.01,0.01,0.01,0.01,0.01,0.01,0.01,0.01,0.01,0.01,0.01,0.01,0.01,0.01,0.01,0.01,0.01,0.01,0.01,0.01,0.01,0.01,0.01,0.01,0.01,0.01,0.01,0.01,0.01,0.01,0.01,0.01,0.01,0.01,0.01,0.01,0.01,0.01,0.01,0.01,0.01,0.01,0.01,0.01,0.01,0.01,0.01,0.01,0.01,0.01,0.01,0.01,0.01,0.01,0.01,0.01,0.01,0.01,0.01,0.01,0.01,0.01,0.01,0.01,0.01,0.01,0.01,0.01,0.01,0.01,0.01,0.01,0.01,0.01,0.01,0.01,0.01,0.01,0.01,0.01,0.01,0.01,0.01,0.01,0.01,0.01,0.01,0.01,0.01,0.01,0.01,0.01,0.01,0.01,0.01,0.01,0.01,0.01,0.01,0.01,0.01,0.01,0.01,0.01,0.01,0.01,0.01,0.01,0.01,0.01,0.01,0.01,0.01,0.01,0.01,0.01,0.01,0.01,0.01,0.01,0.01,0.01,0.01,0.01,0.01,0.01,0.01,0.01,0.01,0.01,0.01,0.01,0.01,0.01,0.01,0.01,0.01,0.01,0.01,0.01,0.01,0.01,0.01,0.01,0.01,0.01,0.01,0.01,0.01,0.01,0.01,0.01,0.01,0.01,0.01,0.01,0.01,0.01,0.01,0.01,0.01,0.01,0.01,0.01,0.01,0.01,0.01,0.01,0.01,0.01,0.01,0.01,0.01,0.01,0.01,0.01,0.01,0.01,0.01,0.01,0.01,0.01,0.01,0.01,0.01,0.01,0.01,0.01,0.01,0.01,0.01,0.01,0.01,0.01,0.01,0.01,0.01,0.01
paired,1,78000,67.34482585277874,67.86267191695515,0.6869282126426697,0.7027021050453186,0,0.17889999999999995,0.8211,0.0013,0.0007,0.0022,0.0042,0.0033,0.0025,0.0036,0.0036,0.0034,0.0028,0.0009,0.0011,0.0015,0.0009,0.0009,0.0009,0.0016,0.0002,0.0007,0.0027,0.0021,0.001,0.0012,0.0018,0.0022,0.0032,0.0015,0.0022,0.0009,0.0022,0.004,0.0008,0.0017,0.0009,0.0013,0.0011,0.001,0.0011,0.001,0.0026,0.003,0.0014,0.0014,0.0011,0.0006,0.0021,0.0014,0.0013,0.0012,0.0021,0.0036,0.0008,0.0019,0.0009,0.002,0.0021,0.0012,0.0014,0.0015,0.0032,0.003,0.0015,0.001,0.0015,0.0016,0.0015,0.0011,0.0011,0.0011,0.0023,0.0022,0.0004,0.0022,0.0008,0.0017,0.0008,0.0014,0.0008,0.0013,0.0024,0.0029,0.0007,0.0011,0.0008,0.0012,0.0015,0.0019,0.0021,0.0008,0.0025,0.0,0.0011,0.0018,0.0032,0.0025,0.0025,0.0031,0.0036,0.0024,0.0065,0.0,0.0,0.01,0.01,0.01,0.01,0.01,0.01,0.01,0.01,0.01,0.01,0.01,0.01,0.01,0.01,0.01,0.01,0.01,0.01,0.01,0.01,0.01,0.01,0.01,0.01,0.01,0.01,0.01,0.01,0.01,0.01,0.01,0.01,0.01,0.01,0.01,0.01,0.01,0.01,0.01,0.01,0.01,0.01,0.01,0.01,0.01,0.01,0.01,0.01,0.01,0.01,0.01,0.01,0.01,0.01,0.01,0.01,0.01,0.01,0.01,0.01,0.01,0.01,0.01,0.01,0.01,0.01,0.01,0.01,0.01,0.01,0.01,0.01,0.01,0.01,0.01,0.01,0.01,0.01,0.01,0.01,0.01,0.01,0.01,0.01,0.01,0.01,0.01,0.01,0.01,0.01,0.01,0.01,0.01,0.01,0.01,0.01,0.01,0.01,0.01,0.01,0.01,0.01,0.01,0.01,0.01,0.01,0.01,0.01,0.01,0.01,0.01,0.01,0.01,0.01,0.01,0.01,0.01,0.01,0.01,0.01,0.01,0.01,0.01,0.01,0.01,0.01,0.01,0.01,0.01,0.01,0.01,0.01,0.01,0.01,0.01,0.01,0.01,0.01,0.01,0.01,0.01,0.01,0.01,0.01,0.01,0.01,0.01,0.01,0.01,0.01,0.01,0.01,0.01,0.01,0.01,0.01,0.01,0.01,0.01,0.01,0.01,0.01,0.01,0.01,0.01,0.01,0.01,0.01,0.01,0.01,0.01,0.01,0.01,0.01,0.01,0.01,0.01,0.01,0.01,0.01,0.01,0.01,0.01,0.01,0.01,0.01,0.01,0.01,0.01,0.01,0.01,0.01,0.01,0.01,0.01,0.01,0.01,0.01,0.01,0.01
paired,1,79000,68.18042147101369,68.70703358296305,0.6805877685546875,0.7082736492156982,0,0.1866,0.8134000000000001,0.0041,0.0034,0.0034,0.0037,0.0023,0.0033,0.0044,0.004,0.0038,0.0026,0.0008,0.0013,0.0014,0.0009,0.0009,0.0009,0.0009,0.0003,0.001,0.0026,0.003,0.0006,0.0013,0.002,0.0026,0.0021,0.0011,0.0017,0.0007,0.0027,0.0034,0.0006,0.0012,0.0006,0.0013,0.0013,0.0012,0.0009,0.0017,0.0033,0.0035,0.0011,0.0012,0.0011,0.0013,0.0011,0.0009,0.0016,0.0013,0.0021,0.003,0.0006,0.0019,0.0019,0.0011,0.0015,0.0017,0.001,0.0013,0.0032,0.0022,0.001,0.0009,0.0016,0.0013,0.0016,0.0016,0.0015,0.0009,0.0024,0.0026,0.0009,0.0024,0.0016,0.0012,0.0008,0.0014,0.0005,0.0017,0.0014,0.0025,0.0009,0.0014,0.0012,0.0013,0.0017,0.0018,0.0021,0.0015,0.0018,0.0045,0.0023,0.0031,0.0033,0.0023,0.0019,0.0029,0.0023,0.0019,0.0047,0.0,0.0,0.01,0.01,0.01,0.01,0.01,0.01,0.01,0.01,0.01,0.01,0.01,0.01,0.01,0.01,0.01,0.01,0.01,0.01,0.01,0.01,0.01,0.01,0.01,0.01,0.01,0.01,0.01,0.01,0.01,0.01,0.01,0.01,0.01,0.01,0.01,0.01,0.01,0.01,0.01,0.01,0.01,0.01,0.01,0.01,0.01,0.01,0.01,0.01,0.01,0.01,0.01,0.01,0.01,0.01,0.01,0.01,0.01,0.01,0.01,0.01,0.01,0.01,0.01,0.01,0.01,0.01,0.01,0.01,0.01,0.01,0.01,0.01,0.01,0.01,0.01,0.01,0.01,0.01,0.01,0.01,0.01,0.01,0.01,0.01,0.01,0.01,0.01,0.01,0.01,0.01,0.01,0.01,0.01,0.01,0.01,0.01,0.01,0.01,0.01,0.01,0.01,0.01,0.01,0.01,0.01,0.01,0.01,0.01,0.01,0.01,0.01,0.01,0.01,0.01,0.01,0.01,0.01,0.01,0.01,0.01,0.01,0.01,0.01,0.01,0.01,0.01,0.01,0.01,0.01,0.01,0.01,0.01,0.01,0.01,0.01,0.01,0.01,0.01,0.01,0.01,0.01,0.01,0.01,0.01,0.01,0.01,0.01,0.01,0.01,0.01,0.01,0.01,0.01,0.01,0.01,0.01,0.01,0.01,0.01,0.01,0.01,0.01,0.01,0.01,0.01,0.01,0.01,0.01,0.01,0.01,0.01,0.01,0.01,0.01,0.01,0.01,0.01,0.01,0.01,0.01,0.01,0.01,0.01,0.01,0.01,0.01,0.01,0.01,0.01,0.01,0.01,0.01,0.01,0.01,0.01,0.01,0.01,0.01,0.01,0.01
paired,1,80000,69.03729030524846,69.57287212496158,0.685213029384613,0.704849898815155,0,0.19640000000000002,0.8036,0.0024,0.0027,0.0028,0.0026,0.0018,0.0034,0.0047,0.0042,0.0041,0.0046,0.0021,0.0008,0.0017,0.001,0.001,0.0012,0.0013,0.0005,0.0009,0.0026,0.0051,0.0011,0.0013,0.0021,0.0021,0.0022,0.0019,0.0017,0.0005,0.0027,0.0031,0.0017,0.0011,0.0012,0.0016,0.0009,0.0015,0.0009,0.0012,0.0037,0.0041,0.0008,0.0019,0.0013,0.0009,0.0013,0.0014,0.0015,0.0012,0.002,0.0034,0.0011,0.0015,0.0016,0.002,0.0014,0.0017,0.001,0.0012,0.0026,0.0036,0.0018,0.0017,0.0015,0.0015,0.0013,0.0013,0.0009,0.001,0.0019,0.0038,0.0012,0.0019,0.0013,0.0016,0.0005,0.001,0.0009,0.0017,0.0013,0.0036,0.0009,0.0017,0.0012,0.0008,0.0009,0.0016,0.0021,0.0019,0.0012,0.0058,0.0021,0.0029,0.0027,0.0027,0.0019,0.0027,0.0024,0.0023,0.0054,0.0,0.0,0.01,0.01,0.01,0.01,0.01,0.01,0.01,0.01,0.01,0.01,0.01,0.01,0.01,0.01,0.01,0.01,0.01,0.01,0.01,0.01,0.01,0.01,0.01,0.01,0.01,0.01,0.01,0.01,0.01,0.01,0.01,0.01,0.01,0.01,0.01,0.01,0.01,0.01,0.01,0.01,0.01,0.01,0.01,0.01,0.01,0.01,0.01,0.01,0.01,0.01,0.01,0.01,0.01,0.01,0.01,0.01,0.01,0.01,0.01,0.01,0.01,0.01,0.01,0.01,0.01,0.01,0.01,0.01,0.01,0.01,0.01,0.01,0.01,0.01,0.01,0.01,0.01,0.01,0.01,0.01,0.01,0.01,0.01,0.01,0.01,0.01,0.01,0.01,0.01,0.01,0.01,0.01,0.01,0.01,0.01,0.01,0.01,0.01,0.01,0.01,0.01,0.01,0.01,0.01,0.01,0.01,0.01,0.01,0.01,0.01,0.01,0.01,0.01,0.01,0.01,0.01,0.01,0.01,0.01,0.01,0.01,0.01,0.01,0.01,0.01,0.01,0.01,0.01,0.01,0.01,0.01,0.01,0.01,0.01,0.01,0.01,0.01,0.01,0.01,0.01,0.01,0.01,0.01,0.01,0.01,0.01,0.01,0.01,0.01,0.01,0.01,0.01,0.01,0.01,0.01,0.01,0.01,0.01,0.01,0.01,0.01,0.01,0.01,0.01,0.01,0.01,0.01,0.01,0.01,0.01,0.01,0.01,0.01,0.01,0.01,0.01,0.01,0.01,0.01,0.01,0.01,0.01,0.01,0.01,0.01,0.01,0.01,0.01,0.01,0.01,0.01,0.01,0.01,0.01,0.01,0.01,0.01,0.01,0.01,0.01
paired,1,81000,69.88828464923427,70.43187429197133,0.6805156469345093,0.7110031843185425,0,0.17220000000000002,0.8278000000000001,0.0027,0.0009,0.003,0.0036,0.0034,0.0033,0.0045,0.0036,0.0035,0.004,0.0026,0.0011,0.0019,0.0009,0.0011,0.0009,0.0015,0.0005,0.0012,0.0011,0.0039,0.0008,0.0016,0.0025,0.0032,0.0022,0.0012,0.0015,0.0009,0.0019,0.0039,0.0012,0.0013,0.0007,0.0014,0.0006,0.0008,0.0006,0.0014,0.002,0.0024,0.0009,0.0015,0.001,0.0006,0.001,0.0013,0.0013,0.0014,0.0013,0.0016,0.0008,0.0018,0.0015,0.0019,0.0015,0.0015,0.0009,0.0016,0.0014,0.0018,0.0009,0.0018,0.002,0.0019,0.0016,0.0013,0.0009,0.0008,0.001,0.0016,0.0007,0.0019,0.0015,0.0018,0.0014,0.0016,0.0005,0.0022,0.0009,0.0025,0.0004,0.0009,0.0013,0.0012,0.0011,0.0019,0.0016,0.0016,0.0009,0.0,0.0006,0.0016,0.0025,0.0022,0.0023,0.0028,0.0032,0.0035,0.0059,0.0,0.0,0.01,0.01,0.01,0.01,0.01,0.01,0.01,0.01,0.01,0.01,0.01,0.01,0.01,0.01,0.01,0.01,0.01,0.01,0.01,0.01,0.01,0.01,0.01,0.01,0.01,0.01,0.01,0.01,0.01,0.01,0.01,0.01,0.01,0.01,0.01,0.01,0.01,0.01,0.01,0.01,0.01,0.01,0.01,0.01,0.01,0.01,0.01,0.01,0.01,0.01,0.01,0.01,0.01,0.01,0.01,0.01,0.01,0.01,0.01,0.01,0.01,0.01,0.01,0.01,0.01,0.01,0.01,0.01,0.01,0.01,0.01,0.01,0.01,0.01,0.01,0.01,0.01,0.01,0.01,0.01,0.01,0.01,0.01,0.01,0.01,0.01,0.01,0.01,0.01,0.01,0.01,0.01,0.01,0.01,0.01,0.01,0.01,0.01,0.01,0.01,0.01,0.01,0.01,0.01,0.01,0.01,0.01,0.01,0.01,0.01,0.01,0.01,0.01,0.01,0.01,0.01,0.01,0.01,0.01,0.01,0.01,0.01,0.01,0.01,0.01,0.01,0.01,0.01,0.01,0.01,0.01,0.01,0.01,0.01,0.01,0.01,0.01,0.01,0.01,0.01,0.01,0.01,0.01,0.01,0.01,0.01,0.01,0.01,0.01,0.01,0.01,0.01,0.01,0.01,0.01,0.01,0.01,0.01,0.01,0.01,0.01,0.01,0.01,0.01,0.01,0.01,0.01,0.01,0.01,0.01,0.01,0.01,0.01,0.01,0.01,0.01,0.01,0.01,0.01,0.01,0.01,0.01,0.01,0.01,0.01,0.01,0.01,0.01,0.01,0.01,0.01,0.01,0.01,0.01,0.01,0.01,0.01,0.01,0.01,0.01
paired,1,82000,70.74342603667174,71.29564637492876,0.6858989000320435,0.7070311307907104,0,0.1874,0.8126,0.0016,0.0021,0.0031,0.0023,0.0035,0.0019,0.0042,0.0041,0.0029,0.0053,0.0018,0.0007,0.002,0.0013,0.0006,0.0008,0.0011,0.0005,0.0012,0.0029,0.0038,0.0014,0.0014,0.0029,0.0027,0.0022,0.0019,0.0017,0.0008,0.0037,0.0027,0.0016,0.0012,0.001,0.001,0.0013,0.0011,0.0012,0.0016,0.0029,0.0019,0.0007,0.0011,0.0015,0.0003,0.0012,0.0014,0.002,0.0013,0.0023,0.003,0.0009,0.0016,0.0016,0.0018,0.0011,0.0015,0.0012,0.0011,0.0022,0.0025,0.0017,0.0013,0.0016,0.0017,0.0011,0.002,0.0007,0.001,0.0018,0.0025,0.0004,0.0017,0.0007,0.0014,0.0007,0.0016,0.0003,0.0009,0.0019,0.003,0.0006,0.0014,0.001,0.0011,0.0019,0.0013,0.0012,0.0011,0.002,0.0041,0.0031,0.003,0.0034,0.003,0.0028,0.0023,0.0041,0.003,0.0048,0.0,0.0,0.01,0.01,0.01,0.01,0.01,0.01,0.01,0.01,0.01,0.01,0.01,0.01,0.01,0.01,0.01,0.01,0.01,0.01,0.01,0.01,0.01,0.01,0.01,0.01,0.01,0.01,0.01,0.01,0.01,0.01,0.01,0.01,0.01,0.01,0.01,0.01,0.01,0.01,0.01,0.01,0.01,0.01,0.01,0.01,0.01,0.01,0.01,0.01,0.01,0.01,0.01,0.01,0.01,0.01,0.01,0.01,0.01,0.01,0.01,0.01,0.01,0.01,0.01,0.01,0.01,0.01,0.01,0.01,0.01,0.01,0.01,0.01,0.01,0.01,0.01,0.01,0.01,0.01,0.01,0.01,0.01,0.01,0.01,0.01,0.01,0.01,0.01,0.01,0.01,0.01,0.01,0.01,0.01,0.01,0.01,0.01,0.01,0.01,0.01,0.01,0.01,0.01,0.01,0.01,0.01,0.01,0.01,0.01,0.01,0.01,0.01,0.01,0.01,0.01,0.01,0.01,0.01,0.01,0.01,0.01,0.01,0.01,0.01,0.01,0.01,0.01,0.01,0.01,0.01,0.01,0.01,0.01,0.01,0.01,0.01,0.01,0.01,0.01,0.01,0.01,0.01,0.01,0.01,0.01,0.01,0.01,0.01,0.01,0.01,0.01,0.01,0.01,0.01,0.01,0.01,0.01,0.01,0.01,0.01,0.01,0.01,0.01,0.01,0.01,0.01,0.01,0.01,0.01,0.01,0.01,0.01,0.01,0.01,0.01,0.01,0.01,0.01,0.01,0.01,0.01,0.01,0.01,0.01,0.01,0.01,0.01,0.01,0.01,0.01,0.01,0.01,0.01,0.01,0.01,0.01,0.01,0.01,0.01,0.01,0.01
paired,1,83000,71.59657449729275,72.15720616700128,0.6827435493469238,0.7098546028137207,0,0.18320000000000003,0.8168,0.0012,0.0017,0.0031,0.0033,0.0033,0.003,0.0035,0.0028,0.0026,0.0065,0.0014,0.0008,0.0017,0.0011,0.0007,0.0012,0.0009,0.0008,0.0011,0.0015,0.0032,0.0015,0.002,0.0021,0.0021,0.0021,0.0013,0.0023,0.0012,0.0029,0.0021,0.0008,0.0011,0.0013,0.0009,0.0008,0.0013,0.0012,0.0006,0.003,0.0018,0.0015,0.0008,0.0015,0.0009,0.0017,0.0007,0.0015,0.002,0.0023,0.0011,0.0013,0.0016,0.0015,0.0011,0.0015,0.0014,0.0009,0.0015,0.0027,0.002,0.0008,0.001,0.0012,0.0016,0.0015,0.0015,0.0007,0.0016,0.0019,0.0032,0.0015,0.0023,0.0005,0.0009,0.0017,0.0019,0.0011,0.0014,0.0023,0.0027,0.0008,0.0014,0.0015,0.0017,0.0019,0.0016,0.0018,0.0014,0.0021,0.0061,0.0036,0.0033,0.0033,0.0025,0.0021,0.0023,0.0025,0.003,0.0017,0.0,0.0,0.01,0.01,0.01,0.01,0.01,0.01,0.01,0.01,0.01,0.01,0.01,0.01,0.01,0.01,0.01,0.01,0.01,0.01,0.01,0.01,0.01,0.01,0.01,0.01,0.01,0.01,0.01,0.01,0.01,0.01,0.01,0.01,0.01,0.01,0.01,0.01,0.01,0.01,0.01,0.01,0.01,0.01,0.01,0.01,0.01,0.01,0.01,0.01,0.01,0.01,0.01,0.01,0.01,0.01,0.01,0.01,0.01,0.01,0.01,0.01,0.01,0.01,0.01,0.01,0.01,0.01,0.01,0.01,0.01,0.01,0.01,0.01,0.01,0.01,0.01,0.01,0.01,0.01,0.01,0.01,0.01,0.01,0.01,0.01,0.01,0.01,0.01,0.01,0.01,0.01,0.01,0.01,0.01,0.01,0.01,0.01,0.01,0.01,0.01,0.01,0.01,0.01,0.01,0.01,0.01,0.01,0.01,0.01,0.01,0.01,0.01,0.01,0.01,0.01,0.01,0.01,0.01,0.01,0.01,0.01,0.01,0.01,0.01,0.01,0.01,0.01,0.01,0.01,0.01,0.01,0.01,0.01,0.01,0.01,0.01,0.01,0.01,0.01,0.01,0.01,0.01,0.01,0.01,0.01,0.01,0.01,0.01,0.01,0.01,0.01,0.01,0.01,0.01,0.01,0.01,0.01,0.01,0.01,0.01,0.01,0.01,0.01,0.01,0.01,0.01,0.01,0.01,0.01,0.01,0.01,0.01,0.01,0.01,0.01,0.01,0.01,0.01,0.01,0.01,0.01,0.01,0.01,0.01,0.01,0.01,0.01,0.01,0.01,0.01,0.01,0.01,0.01,0.01,0.01,0.01,0.01,0.01,0.01,0.01,0.01
paired,1,84000,72.45458871405572,73.02426129195374,0.6801213026046753,0.7088616490364075,0,0.18430000000000002,0.8157,0.0032,0.0021,0.0029,0.002,0.0015,0.0021,0.0038,0.0037,0.0034,0.0011,0.0013,0.0009,0.0019,0.0011,0.0008,0.001,0.0011,0.0008,0.0009,0.0021,0.0042,0.0009,0.0016,0.0019,0.0022,0.0022,0.0017,0.002,0.001,0.0038,0.0033,0.0016,0.001,0.0011,0.0005,0.0008,0.0013,0.0011,0.0007,0.003,0.0031,0.0008,0.0012,0.0011,0.0009,0.001,0.0019,0.0017,0.0013,0.0026,0.0034,0.001,0.0012,0.0018,0.0013,0.0015,0.0011,0.0007,0.0017,0.0027,0.0029,0.0014,0.0015,0.0021,0.0016,0.001,0.0015,0.0009,0.0009,0.0027,0.0035,0.0013,0.002,0.0011,0.001,0.0011,0.0014,0.0009,0.0009,0.0027,0.0027,0.0005,0.0014,0.0013,0.0011,0.0011,0.0011,0.001,0.0014,0.003,0.0074,0.0033,0.0033,0.0019,0.0018,0.0021,0.0034,0.0022,0.0025,0.0038,0.0,0.0,0.01,0.01,0.01,0.01,0.01,0.01,0.01,0.01,0.01,0.01,0.01,0.01,0.01,0.01,0.01,0.01,0.01,0.01,0.01,0.01,0.01,0.01,0.01,0.01,0.01,0.01,0.01,0.01,0.01,0.01,0.01,0.01,0.01,0.01,0.01,0.01,0.01,0.01,0.01,0.01,0.01,0.01,0.01,0.01,0.01,0.01,0.01,0.01,0.01,0.01,0.01,0.01,0.01,0.01,0.01,0.01,0.01,0.01,0.01,0.01,0.01,0.01,0.01,0.01,0.01,0.01,0.01,0.01,0.01,0.01,0.01,0.01,0.01,0.01,0.01,0.01,0.01,0.01,0.01,0.01,0.01,0.01,0.01,0.01,0.01,0.01,0.01,0.01,0.01,0.01,0.01,0.01,0.01,0.01,0.01,0.01,0.01,0.01,0.01,0.01,0.01,0.01,0.01,0.01,0.01,0.01,0.01,0.01,0.01,0.01,0.01,0.01,0.01,0.01,0.01,0.01,0.01,0.01,0.01,0.01,0.01,0.01,0.01,0.01,0.01,0.01,0.01,0.01,0.01,0.01,0.01,0.01,0.01,0.01,0.01,0.01,0.01,0.01,0.01,0.01,0.01,0.01,0.01,0.01,0.01,0.01,0.01,0.01,0.01,0.01,0.01,0.01,0.01,0.01,0.01,0.01,0.01,0.01,0.01,0.01,0.01,0.01,0.01,0.01,0.01,0.01,0.01,0.01,0.01,0.01,0.01,0.01,0.01,0.01,0.01,0.01,0.01,0.01,0.01,0.01,0.01,0.01,0.01,0.01,0.01,0.01,0.01,0.01,0.01,0.01,0.01,0.01,0.01,0.01,0.01,0.01,0.01,0.01,0.01,0.01
paired,1,85000,73.31345738191158,73.89159824990202,0.6772770881652832,0.7108988761901855,0,0.18389999999999995,0.8161,0.004,0.0031,0.0028,0.0024,0.0019,0.0024,0.0038,0.0044,0.003,0.0016,0.0011,0.0004,0.0017,0.001,0.0007,0.0008,0.0013,0.0009,0.0005,0.0026,0.0022,0.0011,0.0012,0.0018,0.0027,0.0024,0.0019,0.0011,0.0009,0.0036,0.0022,0.0018,0.0012,0.0009,0.0011,0.0008,0.001,0.0013,0.001,0.0028,0.0024,0.0005,0.0009,0.0011,0.0006,0.001,0.0015,0.0011,0.0009,0.0023,0.003,0.0008,0.0013,0.0017,0.0012,0.0024,0.0011,0.0006,0.0011,0.0024,0.0026,0.0015,0.0016,0.0026,0.0014,0.0012,0.0017,0.001,0.0009,0.0021,0.0032,0.0011,0.0018,0.002,0.0015,0.0008,0.0008,0.001,0.0008,0.0024,0.003,0.0008,0.0011,0.0009,0.0009,0.0008,0.0017,0.0013,0.0009,0.0021,0.0079,0.0037,0.0038,0.0035,0.0025,0.0034,0.0035,0.0035,0.0028,0.0025,0.0,0.0,0.01,0.01,0.01,0.01,0.01,0.01,0.01,0.01,0.01,0.01,0.01,0.01,0.01,0.01,0.01,0.01,0.01,0.01,0.01,0.01,0.01,0.01,0.01,0.01,0.01,0.01,0.01,0.01,0.01,0.01,0.01,0.01,0.01,0.01,0.01,0.01,0.01,0.01,0.01,0.01,0.01,0.01,0.01,0.01,0.01,0.01,0.01,0.01,0.01,0.01,0.01,0.01,0.01,0.01,0.01,0.01,0.01,0.01,0.01,0.01,0.01,0.01,0.01,0.01,0.01,0.01,0.01,0.01,0.01,0.01,0.01,0.01,0.01,0.01,0.01,0.01,0.01,0.01,0.01,0.01,0.01,0.01,0.01,0.01,0.01,0.01,0.01,0.01,0.01,0.01,0.01,0.01,0.01,0.01,0.01,0.01,0.01,0.01,0.01,0.01,0.01,0.01,0.01,0.01,0.01,0.01,0.01,0.01,0.01,0.01,0.01,0.01,0.01,0.01,0.01,0.01,0.01,0.01,0.01,0.01,0.01,0.01,0.01,0.01,0.01,0.01,0.01,0.01,0.01,0.01,0.01,0.01,0.01,0.01,0.01,0.01,0.01,0.01,0.01,0.01,0.01,0.01,0.01,0.01,0.01,0.01,0.01,0.01,0.01,0.01,0.01,0.01,0.01,0.01,0.01,0.01,0.01,0.01,0.01,0.01,0.01,0.01,0.01,0.01,0.01,0.01,0.01,0.01,0.01,0.01,0.01,0.01,0.01,0.01,0.01,0.01,0.01,0.01,0.01,0.01,0.01,0.01,0.01,0.01,0.01,0.01,0.01,0.01,0.01,0.01,0.01,0.01,0.01,0.01,0.01,0.01,0.01,0.01,0.01,0.01
paired,1,86000,74.16070296103135,74.74734983290546,0.6784895062446594,0.7145136594772339,0,0.19140000000000001,0.8086,0.002,0.0022,0.0039,0.0035,0.0039,0.003,0.0053,0.004,0.0027,0.0069,0.0022,0.0005,0.002,0.001,0.0004,0.0009,0.0012,0.0009,0.001,0.0019,0.0025,0.0012,0.0013,0.0022,0.0023,0.0025,0.0012,0.0018,0.0008,0.0028,0.0025,0.0009,0.001,0.0012,0.0007,0.0009,0.0014,0.0008,0.001,0.0039,0.0024,0.0009,0.0009,0.0016,0.0007,0.0012,0.0012,0.0018,0.0013,0.0022,0.0021,0.0006,0.0015,0.0018,0.0007,0.0013,0.0015,0.0013,0.0022,0.0027,0.0026,0.0014,0.0016,0.0014,0.0011,0.0015,0.0009,0.0008,0.0008,0.0035,0.0029,0.0012,0.0011,0.0006,0.0015,0.0015,0.0017,0.0011,0.0014,0.0033,0.0027,0.0009,0.0014,0.0012,0.0012,0.0017,0.0015,0.0011,0.0011,0.0025,0.0072,0.003,0.0031,0.0037,0.0023,0.0024,0.0019,0.0036,0.0033,0.0015,0.0,0.0,0.01,0.01,0.01,0.01,0.01,0.01,0.01,0.01,0.01,0.01,0.01,0.01,0.01,0.01,0.01,0.01,0.01,0.01,0.01,0.01,0.01,0.01,0.01,0.01,0.01,0.01,0.01,0.01,0.01,0.01,0.01,0.01,0.01,0.01,0.01,0.01,0.01,0.01,0.01,0.01,0.01,0.01,0.01,0.01,0.01,0.01,0.01,0.01,0.01,0.01,0.01,0.01,0.01,0.01,0.01,0.01,0.01,0.01,0.01,0.01,0.01,0.01,0.01,0.01,0.01,0.01,0.01,0.01,0.01,0.01,0.01,0.01,0.01,0.01,0.01,0.01,0.01,0.01,0.01,0.01,0.01,0.01,0.01,0.01,0.01,0.01,0.01,0.01,0.01,0.01,0.01,0.01,0.01,0.01,0.01,0.01,0.01,0.01,0.01,0.01,0.01,0.01,0.01,0.01,0.01,0.01,0.01,0.01,0.01,0.01,0.01,0.01,0.01,0.01,0.01,0.01,0.01,0.01,0.01,0.01,0.01,0.01,0.01,0.01,0.01,0.01,0.01,0.01,0.01,0.01,0.01,0.01,0.01,0.01,0.01,0.01,0.01,0.01,0.01,0.01,0.01,0.01,0.01,0.01,0.01,0.01,0.01,0.01,0.01,0.01,0.01,0.01,0.01,0.01,0.01,0.01,0.01,0.01,0.01,0.01,0.01,0.01,0.01,0.01,0.01,0.01,0.01,0.01,0.01,0.01,0.01,0.01,0.01,0.01,0.01,0.01,0.01,0.01,0.01,0.01,0.01,0.01,0.01,0.01,0.01,0.01,0.01,0.01,0.01,0.01,0.01,0.01,0.01,0.01,0.01,0.01,0.01,0.01,0.01,0.01
paired,1,87000,75.00482097209897,75.59986583294813,0.6817291975021362,0.7127523422241211,0,0.18969999999999998,0.8103,0.0025,0.0009,0.0029,0.0032,0.0042,0.0032,0.0042,0.0031,0.0023,0.006,0.0016,0.0007,0.0016,0.0013,0.0005,0.0006,0.0012,0.0006,0.001,0.0027,0.0019,0.0015,0.0018,0.0024,0.0024,0.0022,0.0017,0.0014,0.0011,0.0035,0.0033,0.0007,0.0009,0.001,0.0006,0.0009,0.0007,0.0013,0.001,0.0036,0.0023,0.0007,0.0006,0.0015,0.001,0.0011,0.0016,0.0012,0.0016,0.0024,0.0032,0.0006,0.0011,0.0005,0.0012,0.0011,0.0017,0.0009,0.0014,0.0029,0.0023,0.0012,0.0014,0.0016,0.0019,0.0017,0.001,0.0011,0.001,0.0033,0.0021,0.0013,0.0018,0.0008,0.0013,0.0014,0.0019,0.0012,0.0015,0.0029,0.0022,0.001,0.0016,0.0016,0.0016,0.0014,0.0022,0.0012,0.001,0.0021,0.0062,0.0028,0.0022,0.0037,0.0028,0.0028,0.0025,0.0037,0.0038,0.0038,0.0,0.0,0.01,0.01,0.01,0.01,0.01,0.01,0.01,0.01,0.01,0.01,0.01,0.01,0.01,0.01,0.01,0.01,0.01,0.01,0.01,0.01,0.01,0.01,0.01,0.01,0.01,0.01,0.01,0.01,0.01,0.01,0.01,0.01,0.01,0.01,0.01,0.01,0.01,0.01,0.01,0.01,0.01,0.01,0.01,0.01,0.01,0.01,0.01,0.01,0.01,0.01,0.01,0.01,0.01,0.01,0.01,0.01,0.01,0.01,0.01,0.01,0.01,0.01,0.01,0.01,0.01,0.01,0.01,0.01,0.01,0.01,0.01,0.01,0.01,0.01,0.01,0.01,0.01,0.01,0.01,0.01,0.01,0.01,0.01,0.01,0.01,0.01,0.01,0.01,0.01,0.01,0.01,0.01,0.01,0.01,0.01,0.01,0.01,0.01,0.01,0.01,0.01,0.01,0.01,0.01,0.01,0.01,0.01,0.01,0.01,0.01,0.01,0.01,0.01,0.01,0.01,0.01,0.01,0.01,0.01,0.01,0.01,0.01,0.01,0.01,0.01,0.01,0.01,0.01,0.01,0.01,0.01,0.01,0.01,0.01,0.01,0.01,0.01,0.01,0.01,0.01,0.01,0.01,0.01,0.01,0.01,0.01,0.01,0.01,0.01,0.01,0.01,0.01,0.01,0.01,0.01,0.01,0.01,0.01,0.01,0.01,0.01,0.01,0.01,0.01,0.01,0.01,0.01,0.01,0.01,0.01,0.01,0.01,0.01,0.01,0.01,0.01,0.01,0.01,0.01,0.01,0.01,0.01,0.01,0.01,0.01,0.01,0.01,0.01,0.01,0.01,0.01,0.01,0.01,0.01,0.01,0.01,0.01,0.01,0.01,0.01
paired,1,88000,75.85086307965685,76.45456945791375,0.6769971251487732,0.7027288675308228,0,0.19490000000000007,0.8050999999999999,0.0048,0.0017,0.0041,0.0037,0.0034,0.0031,0.0045,0.0038,0.0025,0.0051,0.0027,0.0007,0.002,0.0014,0.0006,0.0016,0.0013,0.0009,0.0008,0.0029,0.0032,0.001,0.0018,0.0025,0.0022,0.0019,0.0025,0.0019,0.0007,0.0034,0.004,0.0012,0.0015,0.0009,0.001,0.001,0.0008,0.0008,0.0012,0.0033,0.0035,0.0011,0.0007,0.0013,0.0012,0.0013,0.0014,0.0019,0.0013,0.0022,0.0037,0.0003,0.0014,0.0009,0.0013,0.0013,0.0018,0.0014,0.0014,0.004,0.0028,0.0012,0.0015,0.0015,0.0017,0.0018,0.0008,0.0008,0.001,0.0027,0.0023,0.0013,0.0018,0.0011,0.0006,0.0012,0.0016,0.0012,0.0011,0.0024,0.0018,0.0009,0.0012,0.0014,0.0014,0.0011,0.002,0.0014,0.0009,0.0018,0.0014,0.002,0.0023,0.004,0.0027,0.002,0.0023,0.0031,0.0032,0.0058,0.0,0.0,0.01,0.01,0.01,0.01,0.01,0.01,0.01,0.01,0.01,0.01,0.01,0.01,0.01,0.01,0.01,0.01,0.01,0.01,0.01,0.01,0.01,0.01,0.01,0.01,0.01,0.01,0.01,0.01,0.01,0.01,0.01,0.01,0.01,0.01,0.01,0.01,0.01,0.01,0.01,0.01,0.01,0.01,0.01,0.01,0.01,0.01,0.01,0.01,0.01,0.01,0.01,0.01,0.01,0.01,0.01,0.01,0.01,0.01,0.01,0.01,0.01,0.01,0.01,0.01,0.01,0.01,0.01,0.01,0.01,0.01,0.01,0.01,0.01,0.01,0.01,0.01,0.01,0.01,0.01,0.01,0.01,0.01,0.01,0.01,0.01,0.01,0.01,0.01,0.01,0.01,0.01,0.01,0.01,0.01,0.01,0.01,0.01,0.01,0.01,0.01,0.01,0.01,0.01,0.01,0.01,0.01,0.01,0.01,0.01,0.01,0.01,0.01,0.01,0.01,0.01,0.01,0.01,0.01,0.01,0.01,0.01,0.01,0.01,0.01,0.01,0.01,0.01,0.01,0.01,0.01,0.01,0.01,0.01,0.01,0.01,0.01,0.01,0.01,0.01,0.01,0.01,0.01,0.01,0.01,0.01,0.01,0.01,0.01,0.01,0.01,0.01,0.01,0.01,0.01,0.01,0.01,0.01,0.01,0.01,0.01,0.01,0.01,0.01,0.01,0.01,0.01,0.01,0.01,0.01,0.01,0.01,0.01,0.01,0.01,0.01,0.01,0.01,0.01,0.01,0.01,0.01,0.01,0.01,0.01,0.01,0.01,0.01,0.01,0.01,0.01,0.01,0.01,0.01,0.01,0.01,0.01,0.01,0.01,0.01,0.01
paired,1,89000,76.70568224717863,77.31949416699354,0.6771535873413086,0.709627091884613,0,0.20100000000000007,0.7989999999999999,0.002,0.001,0.0033,0.0035,0.0037,0.0026,0.0053,0.0041,0.0024,0.0041,0.0021,0.0009,0.0018,0.0018,0.0009,0.0013,0.0012,0.0007,0.0011,0.0034,0.0024,0.0009,0.0013,0.0021,0.0021,0.0024,0.0021,0.0009,0.0008,0.0037,0.0038,0.0012,0.0011,0.0008,0.001,0.0009,0.0011,0.001,0.001,0.0033,0.0032,0.0008,0.0011,0.0009,0.001,0.0015,0.0012,0.0012,0.0017,0.0031,0.0035,0.0008,0.0016,0.0013,0.0012,0.0013,0.0018,0.0015,0.0015,0.0036,0.0032,0.0015,0.0019,0.0017,0.0017,0.0014,0.0011,0.0013,0.0013,0.0028,0.0021,0.0014,0.0016,0.001,0.0014,0.0009,0.0015,0.0012,0.0011,0.0037,0.0024,0.0014,0.0005,0.0011,0.0019,0.0019,0.0018,0.0017,0.001,0.0027,0.0062,0.0029,0.0033,0.0036,0.003,0.0019,0.0025,0.0038,0.0034,0.0053,0.0,0.0,0.01,0.01,0.01,0.01,0.01,0.01,0.01,0.01,0.01,0.01,0.01,0.01,0.01,0.01,0.01,0.01,0.01,0.01,0.01,0.01,0.01,0.01,0.01,0.01,0.01,0.01,0.01,0.01,0.01,0.01,0.01,0.01,0.01,0.01,0.01,0.01,0.01,0.01,0.01,0.01,0.01,0.01,0.01,0.01,0.01,0.01,0.01,0.01,0.01,0.01,0.01,0.01,0.01,0.01,0.01,0.01,0.01,0.01,0.01,0.01,0.01,0.01,0.01,0.01,0.01,0.01,0.01,0.01,0.01,0.01,0.01,0.01,0.01,0.01,0.01,0.01,0.01,0.01,0.01,0.01,0.01,0.01,0.01,0.01,0.01,0.01,0.01,0.01,0.01,0.01,0.01,0.01,0.01,0.01,0.01,0.01,0.01,0.01,0.01,0.01,0.01,0.01,0.01,0.01,0.01,0.01,0.01,0.01,0.01,0.01,0.01,0.01,0.01,0.01,0.01,0.01,0.01,0.01,0.01,0.01,0.01,0.01,0.01,0.01,0.01,0.01,0.01,0.01,0.01,0.01,0.01,0.01,0.01,0.01,0.01,0.01,0.01,0.01,0.01,0.01,0.01,0.01,0.01,0.01,0.01,0.01,0.01,0.01,0.01,0.01,0.01,0.01,0.01,0.01,0.01,0.01,0.01,0.01,0.01,0.01,0.01,0.01,0.01,0.01,0.01,0.01,0.01,0.01,0.01,0.01,0.01,0.01,0.01,0.01,0.01,0.01,0.01,0.01,0.01,0.01,0.01,0.01,0.01,0.01,0.01,0.01,0.01,0.01,0.01,0.01,0.01,0.01,0.01,0.01,0.01,0.01,0.01,0.01,0.01,0.01
paired,1,90000,77.55386966874357,78.177488416899,0.6759027242660522,0.7239463329315186,0,0.19369999999999998,0.8063,0.0006,0.0012,0.0032,0.0032,0.003,0.0028,0.0045,0.0039,0.0029,0.0015,0.0014,0.0009,0.001,0.0016,0.0007,0.0008,0.0015,0.0009,0.0007,0.003,0.0011,0.0013,0.0016,0.0018,0.0018,0.0023,0.0023,0.0022,0.001,0.0046,0.0027,0.0012,0.0017,0.0009,0.0006,0.0011,0.001,0.0004,0.0015,0.0027,0.0023,0.0017,0.0009,0.0006,0.001,0.0011,0.0013,0.0012,0.0017,0.0031,0.0034,0.0005,0.0016,0.0017,0.0016,0.0011,0.0017,0.0013,0.0019,0.0033,0.003,0.0016,0.0016,0.0016,0.0023,0.0023,0.0011,0.0016,0.0013,0.0022,0.0028,0.0019,0.0016,0.0011,0.0011,0.0016,0.0009,0.0009,0.0012,0.0038,0.0027,0.0007,0.0011,0.0009,0.0013,0.001,0.0017,0.0012,0.0015,0.0034,0.0056,0.0022,0.003,0.0045,0.0031,0.0021,0.0026,0.0039,0.0036,0.006,0.0,0.0,0.01,0.01,0.01,0.01,0.01,0.01,0.01,0.01,0.01,0.01,0.01,0.01,0.01,0.01,0.01,0.01,0.01,0.01,0.01,0.01,0.01,0.01,0.01,0.01,0.01,0.01,0.01,0.01,0.01,0.01,0.01,0.01,0.01,0.01,0.01,0.01,0.01,0.01,0.01,0.01,0.01,0.01,0.01,0.01,0.01,0.01,0.01,0.01,0.01,0.01,0.01,0.01,0.01,0.01,0.01,0.01,0.01,0.01,0.01,0.01,0.01,0.01,0.01,0.01,0.01,0.01,0.01,0.01,0.01,0.01,0.01,0.01,0.01,0.01,0.01,0.01,0.01,0.01,0.01,0.01,0.01,0.01,0.01,0.01,0.01,0.01,0.01,0.01,0.01,0.01,0.01,0.01,0.01,0.01,0.01,0.01,0.01,0.01,0.01,0.01,0.01,0.01,0.01,0.01,0.01,0.01,0.01,0.01,0.01,0.01,0.01,0.01,0.01,0.01,0.01,0.01,0.01,0.01,0.01,0.01,0.01,0.01,0.01,0.01,0.01,0.01,0.01,0.01,0.01,0.01,0.01,0.01,0.01,0.01,0.01,0.01,0.01,0.01,0.01,0.01,0.01,0.01,0.01,0.01,0.01,0.01,0.01,0.01,0.01,0.01,0.01,0.01,0.01,0.01,0.01,0.01,0.01,0.01,0.01,0.01,0.01,0.01,0.01,0.01,0.01,0.01,0.01,0.01,0.01,0.01,0.01,0.01,0.01,0.01,0.01,0.01,0.01,0.01,0.01,0.01,0.01,0.01,0.01,0.01,0.01,0.01,0.01,0.01,0.01,0.01,0.01,0.01,0.01,0.01,0.01,0.01,0.01,0.01,0.01,0.01
paired,1,91000,78.4068870798219,79.03964116692077,0.6665509939193726,0.7259439826011658,0,0.19189999999999996,0.8081,0.0058,0.0028,0.0027,0.0022,0.0021,0.0034,0.0032,0.0035,0.0028,0.0046,0.0031,0.0011,0.0017,0.0012,0.0008,0.0013,0.0017,0.0008,0.0005,0.0025,0.0034,0.0011,0.0013,0.0011,0.0024,0.0023,0.0019,0.001,0.0005,0.0032,0.0039,0.0012,0.0007,0.0008,0.0006,0.0007,0.001,0.0012,0.0008,0.0035,0.0033,0.0013,0.0018,0.0013,0.0006,0.0014,0.0021,0.0008,0.0012,0.0025,0.0038,0.0007,0.0015,0.0016,0.0009,0.0012,0.0017,0.001,0.0009,0.0028,0.0034,0.001,0.0021,0.0016,0.0021,0.0007,0.0014,0.0009,0.0012,0.0023,0.0031,0.0019,0.0016,0.0013,0.0011,0.0012,0.0012,0.0012,0.0012,0.0033,0.0024,0.0011,0.0009,0.0014,0.0013,0.0015,0.0014,0.0013,0.0013,0.0021,0.0082,0.0031,0.0026,0.0031,0.002,0.0019,0.002,0.0018,0.001,0.0049,0.0,0.0,0.01,0.01,0.01,0.01,0.01,0.01,0.01,0.01,0.01,0.01,0.01,0.01,0.01,0.01,0.01,0.01,0.01,0.01,0.01,0.01,0.01,0.01,0.01,0.01,0.01,0.01,0.01,0.01,0.01,0.01,0.01,0.01,0.01,0.01,0.01,0.01,0.01,0.01,0.01,0.01,0.01,0.01,0.01,0.01,0.01,0.01,0.01,0.01,0.01,0.01,0.01,0.01,0.01,0.01,0.01,0.01,0.01,0.01,0.01,0.01,0.01,0.01,0.01,0.01,0.01,0.01,0.01,0.01,0.01,0.01,0.01,0.01,0.01,0.01,0.01,0.01,0.01,0.01,0.01,0.01,0.01,0.01,0.01,0.01,0.01,0.01,0.01,0.01,0.01,0.01,0.01,0.01,0.01,0.01,0.01,0.01,0.01,0.01,0.01,0.01,0.01,0.01,0.01,0.01,0.01,0.01,0.01,0.01,0.01,0.01,0.01,0.01,0.01,0.01,0.01,0.01,0.01,0.01,0.01,0.01,0.01,0.01,0.01,0.01,0.01,0.01,0.01,0.01,0.01,0.01,0.01,0.01,0.01,0.01,0.01,0.01,0.01,0.01,0.01,0.01,0.01,0.01,0.01,0.01,0.01,0.01,0.01,0.01,0.01,0.01,0.01,0.01,0.01,0.01,0.01,0.01,0.01,0.01,0.01,0.01,0.01,0.01,0.01,0.01,0.01,0.01,0.01,0.01,0.01,0.01,0.01,0.01,0.01,0.01,0.01,0.01,0.01,0.01,0.01,0.01,0.01,0.01,0.01,0.01,0.01,0.01,0.01,0.01,0.01,0.01,0.01,0.01,0.01,0.01,0.01,0.01,0.01,0.01,0.01,0.01
paired,1,92000,79.26817525306251,79.91029058292042,0.6710124015808105,0.7089356184005737,0,0.20490000000000008,0.7950999999999999,0.0046,0.0019,0.0035,0.0034,0.0026,0.0032,0.0049,0.0038,0.0029,0.0066,0.0025,0.0006,0.0017,0.0008,0.0006,0.0011,0.0005,0.0012,0.0012,0.0028,0.0028,0.0011,0.0013,0.0021,0.0029,0.0023,0.0018,0.0013,0.001,0.0024,0.0033,0.0009,0.0014,0.001,0.001,0.001,0.0015,0.0016,0.0015,0.0043,0.0026,0.0012,0.0016,0.0005,0.0009,0.0009,0.0013,0.0015,0.0014,0.0026,0.0031,0.0007,0.0019,0.0011,0.0009,0.002,0.0021,0.0018,0.0009,0.0029,0.0024,0.0009,0.0019,0.0019,0.0017,0.0015,0.001,0.0013,0.0011,0.0028,0.0023,0.0019,0.0021,0.0009,0.0016,0.0016,0.0013,0.0015,0.0015,0.0023,0.0027,0.0013,0.0007,0.0013,0.0014,0.0013,0.0019,0.0015,0.001,0.0017,0.0065,0.0038,0.002,0.0042,0.0026,0.0029,0.0031,0.0038,0.0028,0.0061,0.0,0.0,0.01,0.01,0.01,0.01,0.01,0.01,0.01,0.01,0.01,0.01,0.01,0.01,0.01,0.01,0.01,0.01,0.01,0.01,0.01,0.01,0.01,0.01,0.01,0.01,0.01,0.01,0.01,0.01,0.01,0.01,0.01,0.01,0.01,0.01,0.01,0.01,0.01,0.01,0.01,0.01,0.01,0.01,0.01,0.01,0.01,0.01,0.01,0.01,0.01,0.01,0.01,0.01,0.01,0.01,0.01,0.01,0.01,0.01,0.01,0.01,0.01,0.01,0.01,0.01,0.01,0.01,0.01,0.01,0.01,0.01,0.01,0.01,0.01,0.01,0.01,0.01,0.01,0.01,0.01,0.01,0.01,0.01,0.01,0.01,0.01,0.01,0.01,0.01,0.01,0.01,0.01,0.01,0.01,0.01,0.01,0.01,0.01,0.01,0.01,0.01,0.01,0.01,0.01,0.01,0.01,0.01,0.01,0.01,0.01,0.01,0.01,0.01,0.01,0.01,0.01,0.01,0.01,0.01,0.01,0.01,0.01,0.01,0.01,0.01,0.01,0.01,0.01,0.01,0.01,0.01,0.01,0.01,0.01,0.01,0.01,0.01,0.01,0.01,0.01,0.01,0.01,0.01,0.01,0.01,0.01,0.01,0.01,0.01,0.01,0.01,0.01,0.01,0.01,0.01,0.01,0.01,0.01,0.01,0.01,0.01,0.01,0.01,0.01,0.01,0.01,0.01,0.01,0.01,0.01,0.01,0.01,0.01,0.01,0.01,0.01,0.01,0.01,0.01,0.01,0.01,0.01,0.01,0.01,0.01,0.01,0.01,0.01,0.01,0.01,0.01,0.01,0.01,0.01,0.01,0.01,0.01,0.01,0.01,0.01,0.01
paired,1,93000,80.13002474908717,80.7813281249255,0.6727877855300903,0.7220988869667053,0,0.1925,0.8075,0.0021,0.0019,0.0034,0.0039,0.0028,0.0035,0.0047,0.0049,0.0024,0.0057,0.0006,0.0011,0.0012,0.0013,0.0011,0.0011,0.0009,0.0018,0.0015,0.0031,0.001,0.0008,0.0018,0.0024,0.0022,0.0018,0.002,0.0016,0.0011,0.0027,0.0023,0.0007,0.0007,0.0011,0.0009,0.0011,0.0013,0.0013,0.0015,0.0042,0.0018,0.0009,0.0017,0.0007,0.0008,0.001,0.0017,0.0013,0.0018,0.0024,0.002,0.0007,0.0016,0.0015,0.0014,0.0017,0.0017,0.0017,0.0012,0.003,0.0016,0.0011,0.0018,0.0015,0.0014,0.0016,0.0012,0.0014,0.0012,0.0031,0.0015,0.0013,0.0022,0.0007,0.0006,0.0013,0.0012,0.001,0.0017,0.0043,0.0013,0.0005,0.0004,0.0009,0.0012,0.0013,0.0015,0.0015,0.0011,0.0029,0.0054,0.0029,0.0026,0.0045,0.0025,0.0033,0.0024,0.0032,0.0028,0.0065,0.0,0.0,0.01,0.01,0.01,0.01,0.01,0.01,0.01,0.01,0.01,0.01,0.01,0.01,0.01,0.01,0.01,0.01,0.01,0.01,0.01,0.01,0.01,0.01,0.01,0.01,0.01,0.01,0.01,0.01,0.01,0.01,0.01,0.01,0.01,0.01,0.01,0.01,0.01,0.01,0.01,0.01,0.01,0.01,0.01,0.01,0.01,0.01,0.01,0.01,0.01,0.01,0.01,0.01,0.01,0.01,0.01,0.01,0.01,0.01,0.01,0.01,0.01,0.01,0.01,0.01,0.01,0.01,0.01,0.01,0.01,0.01,0.01,0.01,0.01,0.01,0.01,0.01,0.01,0.01,0.01,0.01,0.01,0.01,0.01,0.01,0.01,0.01,0.01,0.01,0.01,0.01,0.01,0.01,0.01,0.01,0.01,0.01,0.01,0.01,0.01,0.01,0.01,0.01,0.01,0.01,0.01,0.01,0.01,0.01,0.01,0.01,0.01,0.01,0.01,0.01,0.01,0.01,0.01,0.01,0.01,0.01,0.01,0.01,0.01,0.01,0.01,0.01,0.01,0.01,0.01,0.01,0.01,0.01,0.01,0.01,0.01,0.01,0.01,0.01,0.01,0.01,0.01,0.01,0.01,0.01,0.01,0.01,0.01,0.01,0.01,0.01,0.01,0.01,0.01,0.01,0.01,0.01,0.01,0.01,0.01,0.01,0.01,0.01,0.01,0.01,0.01,0.01,0.01,0.01,0.01,0.01,0.01,0.01,0.01,0.01,0.01,0.01,0.01,0.01,0.01,0.01,0.01,0.01,0.01,0.01,0.01,0.01,0.01,0.01,0.01,0.01,0.01,0.01,0.01,0.01,0.01,0.01,0.01,0.01,0.01,0.01
paired,1,94000,80.98927268595435,81.65048149996437,0.6662344336509705,0.7257632613182068,0,0.18379999999999996,0.8162,0.0044,0.0026,0.0027,0.0035,0.0031,0.0038,0.0043,0.004,0.0022,0.0069,0.0016,0.0012,0.0017,0.0011,0.0006,0.001,0.0012,0.0015,0.0014,0.0027,0.0023,0.001,0.0014,0.0016,0.0021,0.0023,0.0022,0.0021,0.0009,0.0026,0.0034,0.0013,0.0012,0.001,0.001,0.0008,0.0011,0.0007,0.0013,0.004,0.0018,0.0009,0.0017,0.0007,0.0008,0.0015,0.0015,0.0014,0.0016,0.002,0.0028,0.0008,0.002,0.0013,0.0012,0.0019,0.0014,0.0015,0.0015,0.0027,0.0005,0.0013,0.0008,0.0014,0.0017,0.0012,0.0014,0.0013,0.0008,0.0024,0.0008,0.0013,0.0008,0.0013,0.001,0.001,0.0013,0.0011,0.001,0.0038,0.0005,0.0011,0.0008,0.0009,0.0011,0.0014,0.0016,0.0012,0.0009,0.0025,0.003,0.0035,0.0032,0.0032,0.0025,0.0025,0.0023,0.0039,0.0024,0.0023,0.0,0.0,0.01,0.01,0.01,0.01,0.01,0.01,0.01,0.01,0.01,0.01,0.01,0.01,0.01,0.01,0.01,0.01,0.01,0.01,0.01,0.01,0.01,0.01,0.01,0.01,0.01,0.01,0.01,0.01,0.01,0.01,0.01,0.01,0.01,0.01,0.01,0.01,0.01,0.01,0.01,0.01,0.01,0.01,0.01,0.01,0.01,0.01,0.01,0.01,0.01,0.01,0.01,0.01,0.01,0.01,0.01,0.01,0.01,0.01,0.01,0.01,0.01,0.01,0.01,0.01,0.01,0.01,0.01,0.01,0.01,0.01,0.01,0.01,0.01,0.01,0.01,0.01,0.01,0.01,0.01,0.01,0.01,0.01,0.01,0.01,0.01,0.01,0.01,0.01,0.01,0.01,0.01,0.01,0.01,0.01,0.01,0.01,0.01,0.01,0.01,0.01,0.01,0.01,0.01,0.01,0.01,0.01,0.01,0.01,0.01,0.01,0.01,0.01,0.01,0.01,0.01,0.01,0.01,0.01,0.01,0.01,0.01,0.01,0.01,0.01,0.01,0.01,0.01,0.01,0.01,0.01,0.01,0.01,0.01,0.01,0.01,0.01,0.01,0.01,0.01,0.01,0.01,0.01,0.01,0.01,0.01,0.01,0.01,0.01,0.01,0.01,0.01,0.01,0.01,0.01,0.01,0.01,0.01,0.01,0.01,0.01,0.01,0.01,0.01,0.01,0.01,0.01,0.01,0.01,0.01,0.01,0.01,0.01,0.01,0.01,0.01,0.01,0.01,0.01,0.01,0.01,0.01,0.01,0.01,0.01,0.01,0.01,0.01,0.01,0.01,0.01,0.01,0.01,0.01,0.01,0.01,0.01,0.01,0.01,0.01,0.01
paired,1,95000,81.8683325056918,82.53895362489857,0.6713189482688904,0.7164896726608276,0,0.20379999999999998,0.7962,0.0036,0.0017,0.0026,0.0043,0.0024,0.0033,0.0043,0.0036,0.0029,0.006,0.0021,0.0011,0.0015,0.0015,0.0008,0.0006,0.0017,0.0008,0.0018,0.0026,0.0028,0.0014,0.0021,0.0018,0.0011,0.0017,0.0027,0.0019,0.0009,0.0032,0.0032,0.0013,0.0015,0.0005,0.0006,0.0007,0.0011,0.0012,0.0011,0.0032,0.0023,0.0014,0.0013,0.0008,0.0011,0.0004,0.0017,0.0015,0.0021,0.0023,0.0033,0.0008,0.0015,0.0015,0.0013,0.001,0.0018,0.0009,0.0011,0.0033,0.0018,0.001,0.0013,0.0009,0.0016,0.001,0.0018,0.0013,0.001,0.0025,0.0031,0.0024,0.0016,0.001,0.001,0.0013,0.0015,0.0007,0.0008,0.0043,0.0025,0.0004,0.0018,0.0017,0.0013,0.0015,0.0017,0.0013,0.0011,0.0028,0.006,0.0037,0.0038,0.0046,0.0027,0.0039,0.0032,0.0034,0.0027,0.0072,0.0,0.0,0.01,0.01,0.01,0.01,0.01,0.01,0.01,0.01,0.01,0.01,0.01,0.01,0.01,0.01,0.01,0.01,0.01,0.01,0.01,0.01,0.01,0.01,0.01,0.01,0.01,0.01,0.01,0.01,0.01,0.01,0.01,0.01,0.01,0.01,0.01,0.01,0.01,0.01,0.01,0.01,0.01,0.01,0.01,0.01,0.01,0.01,0.01,0.01,0.01,0.01,0.01,0.01,0.01,0.01,0.01,0.01,0.01,0.01,0.01,0.01,0.01,0.01,0.01,0.01,0.01,0.01,0.01,0.01,0.01,0.01,0.01,0.01,0.01,0.01,0.01,0.01,0.01,0.01,0.01,0.01,0.01,0.01,0.01,0.01,0.01,0.01,0.01,0.01,0.01,0.01,0.01,0.01,0.01,0.01,0.01,0.01,0.01,0.01,0.01,0.01,0.01,0.01,0.01,0.01,0.01,0.01,0.01,0.01,0.01,0.01,0.01,0.01,0.01,0.01,0.01,0.01,0.01,0.01,0.01,0.01,0.01,0.01,0.01,0.01,0.01,0.01,0.01,0.01,0.01,0.01,0.01,0.01,0.01,0.01,0.01,0.01,0.01,0.01,0.01,0.01,0.01,0.01,0.01,0.01,0.01,0.01,0.01,0.01,0.01,0.01,0.01,0.01,0.01,0.01,0.01,0.01,0.01,0.01,0.01,0.01,0.01,0.01,0.01,0.01,0.01,0.01,0.01,0.01,0.01,0.01,0.01,0.01,0.01,0.01,0.01,0.01,0.01,0.01,0.01,0.01,0.01,0.01,0.01,0.01,0.01,0.01,0.01,0.01,0.01,0.01,0.01,0.01,0.01,0.01,0.01,0.01,0.01,0.01,0.01,0.01
paired,1,96000,82.69798005744815,83.37863991688937,0.6677504181861877,0.7222927808761597,0,0.19440000000000002,0.8056,0.0021,0.0009,0.0016,0.0029,0.0023,0.0026,0.0031,0.0035,0.003,0.0059,0.0031,0.0015,0.0019,0.0017,0.0012,0.0014,0.0014,0.0007,0.0014,0.0028,0.0019,0.0009,0.002,0.0021,0.0021,0.0017,0.002,0.0014,0.001,0.0041,0.0034,0.0014,0.0014,0.0012,0.0011,0.0008,0.0013,0.001,0.0012,0.0035,0.0027,0.0019,0.0015,0.0015,0.0009,0.0009,0.0015,0.0014,0.0016,0.0028,0.0025,0.0009,0.0017,0.001,0.0018,0.0012,0.0019,0.0012,0.0011,0.0027,0.0032,0.0014,0.0017,0.0013,0.0013,0.001,0.0016,0.001,0.0013,0.0024,0.0024,0.0015,0.0026,0.0007,0.0011,0.0012,0.0015,0.0009,0.0017,0.0038,0.0017,0.0008,0.001,0.0016,0.0012,0.0018,0.0022,0.0013,0.0007,0.0028,0.002,0.0015,0.0024,0.0038,0.0024,0.0029,0.0029,0.004,0.0024,0.0082,0.0,0.0,0.01,0.01,0.01,0.01,0.01,0.01,0.01,0.01,0.01,0.01,0.01,0.01,0.01,0.01,0.01,0.01,0.01,0.01,0.01,0.01,0.01,0.01,0.01,0.01,0.01,0.01,0.01,0.01,0.01,0.01,0.01,0.01,0.01,0.01,0.01,0.01,0.01,0.01,0.01,0.01,0.01,0.01,0.01,0.01,0.01,0.01,0.01,0.01,0.01,0.01,0.01,0.01,0.01,0.01,0.01,0.01,0.01,0.01,0.01,0.01,0.01,0.01,0.01,0.01,0.01,0.01,0.01,0.01,0.01,0.01,0.01,0.01,0.01,0.01,0.01,0.01,0.01,0.01,0.01,0.01,0.01,0.01,0.01,0.01,0.01,0.01,0.01,0.01,0.01,0.01,0.01,0.01,0.01,0.01,0.01,0.01,0.01,0.01,0.01,0.01,0.01,0.01,0.01,0.01,0.01,0.01,0.01,0.01,0.01,0.01,0.01,0.01,0.01,0.01,0.01,0.01,0.01,0.01,0.01,0.01,0.01,0.01,0.01,0.01,0.01,0.01,0.01,0.01,0.01,0.01,0.01,0.01,0.01,0.01,0.01,0.01,0.01,0.01,0.01,0.01,0.01,0.01,0.01,0.01,0.01,0.01,0.01,0.01,0.01,0.01,0.01,0.01,0.01,0.01,0.01,0.01,0.01,0.01,0.01,0.01,0.01,0.01,0.01,0.01,0.01,0.01,0.01,0.01,0.01,0.01,0.01,0.01,0.01,0.01,0.01,0.01,0.01,0.01,0.01,0.01,0.01,0.01,0.01,0.01,0.01,0.01,0.01,0.01,0.01,0.01,0.01,0.01,0.01,0.01,0.01,0.01,0.01,0.01,0.01,0.01
paired,1,97000,83.54832172801252,84.23899279197212,0.6717049479484558,0.7250804901123047,0,0.2026,0.7974000000000001,0.0042,0.0023,0.0035,0.0031,0.0027,0.0024,0.0044,0.0036,0.0028,0.0026,0.0023,0.0012,0.0016,0.0017,0.0006,0.0014,0.0012,0.0009,0.0014,0.003,0.0024,0.0012,0.0014,0.0021,0.0017,0.0018,0.0021,0.0016,0.0006,0.0029,0.0037,0.0013,0.0014,0.0013,0.001,0.0007,0.0007,0.0009,0.0012,0.0038,0.0031,0.0015,0.0018,0.0009,0.0007,0.0006,0.0017,0.0018,0.0018,0.0022,0.0042,0.0007,0.0014,0.0009,0.0017,0.0017,0.0019,0.0016,0.0015,0.0023,0.0035,0.0007,0.002,0.0018,0.0011,0.0015,0.0014,0.0008,0.0009,0.0026,0.0027,0.0017,0.0017,0.0014,0.0008,0.0013,0.0013,0.001,0.0017,0.0037,0.0025,0.0009,0.001,0.0013,0.0014,0.0013,0.0017,0.0012,0.001,0.0024,0.0063,0.0027,0.0032,0.0038,0.0027,0.0031,0.0025,0.0038,0.0034,0.0081,0.0,0.0,0.01,0.01,0.01,0.01,0.01,0.01,0.01,0.01,0.01,0.01,0.01,0.01,0.01,0.01,0.01,0.01,0.01,0.01,0.01,0.01,0.01,0.01,0.01,0.01,0.01,0.01,0.01,0.01,0.01,0.01,0.01,0.01,0.01,0.01,0.01,0.01,0.01,0.01,0.01,0.01,0.01,0.01,0.01,0.01,0.01,0.01,0.01,0.01,0.01,0.01,0.01,0.01,0.01,0.01,0.01,0.01,0.01,0.01,0.01,0.01,0.01,0.01,0.01,0.01,0.01,0.01,0.01,0.01,0.01,0.01,0.01,0.01,0.01,0.01,0.01,0.01,0.01,0.01,0.01,0.01,0.01,0.01,0.01,0.01,0.01,0.01,0.01,0.01,0.01,0.01,0.01,0.01,0.01,0.01,0.01,0.01,0.01,0.01,0.01,0.01,0.01,0.01,0.01,0.01,0.01,0.01,0.01,0.01,0.01,0.01,0.01,0.01,0.01,0.01,0.01,0.01,0.01,0.01,0.01,0.01,0.01,0.01,0.01,0.01,0.01,0.01,0.01,0.01,0.01,0.01,0.01,0.01,0.01,0.01,0.01,0.01,0.01,0.01,0.01,0.01,0.01,0.01,0.01,0.01,0.01,0.01,0.01,0.01,0.01,0.01,0.01,0.01,0.01,0.01,0.01,0.01,0.01,0.01,0.01,0.01,0.01,0.01,0.01,0.01,0.01,0.01,0.01,0.01,0.01,0.01,0.01,0.01,0.01,0.01,0.01,0.01,0.01,0.01,0.01,0.01,0.01,0.01,0.01,0.01,0.01,0.01,0.01,0.01,0.01,0.01,0.01,0.01,0.01,0.01,0.01,0.01,0.01,0.01,0.01,0.01
paired,1,98000,84.39731822663452,85.09954633296002,0.6650917530059814,0.731860876083374,0,0.18930000000000002,0.8107,0.0048,0.0029,0.0023,0.0022,0.0021,0.0029,0.0036,0.0031,0.0019,0.0005,0.0025,0.0015,0.0024,0.0017,0.0016,0.0007,0.0019,0.0014,0.0007,0.0022,0.002,0.0015,0.0012,0.0021,0.0022,0.001,0.0022,0.0021,0.0009,0.0029,0.0033,0.0011,0.0014,0.001,0.001,0.0005,0.0011,0.0012,0.0013,0.0027,0.0034,0.0014,0.0018,0.001,0.0016,0.0014,0.0018,0.0008,0.0015,0.0016,0.0035,0.0008,0.0009,0.0012,0.0009,0.0016,0.0019,0.0008,0.0013,0.0014,0.0039,0.0013,0.0015,0.0023,0.001,0.0012,0.0014,0.0007,0.0007,0.0023,0.0025,0.0018,0.0015,0.0018,0.0009,0.0007,0.0006,0.0011,0.0011,0.0035,0.0027,0.0007,0.0008,0.0012,0.0015,0.0015,0.0021,0.0014,0.0009,0.0021,0.0064,0.0028,0.0029,0.0041,0.003,0.0029,0.0024,0.0037,0.0029,0.0053,0.0,0.0,0.01,0.01,0.01,0.01,0.01,0.01,0.01,0.01,0.01,0.01,0.01,0.01,0.01,0.01,0.01,0.01,0.01,0.01,0.01,0.01,0.01,0.01,0.01,0.01,0.01,0.01,0.01,0.01,0.01,0.01,0.01,0.01,0.01,0.01,0.01,0.01,0.01,0.01,0.01,0.01,0.01,0.01,0.01,0.01,0.01,0.01,0.01,0.01,0.01,0.01,0.01,0.01,0.01,0.01,0.01,0.01,0.01,0.01,0.01,0.01,0.01,0.01,0.01,0.01,0.01,0.01,0.01,0.01,0.01,0.01,0.01,0.01,0.01,0.01,0.01,0.01,0.01,0.01,0.01,0.01,0.01,0.01,0.01,0.01,0.01,0.01,0.01,0.01,0.01,0.01,0.01,0.01,0.01,0.01,0.01,0.01,0.01,0.01,0.01,0.01,0.01,0.01,0.01,0.01,0.01,0.01,0.01,0.01,0.01,0.01,0.01,0.01,0.01,0.01,0.01,0.01,0.01,0.01,0.01,0.01,0.01,0.01,0.01,0.01,0.01,0.01,0.01,0.01,0.01,0.01,0.01,0.01,0.01,0.01,0.01,0.01,0.01,0.01,0.01,0.01,0.01,0.01,0.01,0.01,0.01,0.01,0.01,0.01,0.01,0.01,0.01,0.01,0.01,0.01,0.01,0.01,0.01,0.01,0.01,0.01,0.01,0.01,0.01,0.01,0.01,0.01,0.01,0.01,0.01,0.01,0.01,0.01,0.01,0.01,0.01,0.01,0.01,0.01,0.01,0.01,0.01,0.01,0.01,0.01,0.01,0.01,0.01,0.01,0.01,0.01,0.01,0.01,0.01,0.01,0.01,0.01,0.01,0.01,0.01,0.01
paired,1,99000,85.25874923309311,85.97105274989735,0.6720682978630066,0.7264846563339233,0,0.2066,0.7934,0.0038,0.0022,0.0038,0.004,0.0036,0.0028,0.0045,0.0043,0.0024,0.007,0.0032,0.0014,0.0027,0.0016,0.0009,0.001,0.0016,0.0011,0.0015,0.0037,0.0026,0.001,0.0013,0.002,0.0018,0.0017,0.0019,0.0021,0.0005,0.0027,0.0035,0.001,0.001,0.0011,0.0009,0.001,0.0009,0.0008,0.0014,0.0035,0.0031,0.0013,0.0009,0.0009,0.0009,0.0005,0.0014,0.0013,0.0014,0.0023,0.0033,0.001,0.0011,0.0013,0.0011,0.0015,0.002,0.0006,0.0016,0.0022,0.003,0.0012,0.0011,0.0012,0.0012,0.0014,0.0011,0.0008,0.0011,0.0018,0.0029,0.0018,0.0012,0.0014,0.0009,0.0013,0.0011,0.0014,0.0008,0.0041,0.0031,0.0009,0.0008,0.0015,0.0014,0.002,0.0028,0.0013,0.0009,0.0025,0.0073,0.0035,0.0035,0.0039,0.0026,0.0027,0.0028,0.0028,0.0034,0.0066,0.0,0.0,0.01,0.01,0.01,0.01,0.01,0.01,0.01,0.01,0.01,0.01,0.01,0.01,0.01,0.01,0.01,0.01,0.01,0.01,0.01,0.01,0.01,0.01,0.01,0.01,0.01,0.01,0.01,0.01,0.01,0.01,0.01,0.01,0.01,0.01,0.01,0.01,0.01,0.01,0.01,0.01,0.01,0.01,0.01,0.01,0.01,0.01,0.01,0.01,0.01,0.01,0.01,0.01,0.01,0.01,0.01,0.01,0.01,0.01,0.01,0.01,0.01,0.01,0.01,0.01,0.01,0.01,0.01,0.01,0.01,0.01,0.01,0.01,0.01,0.01,0.01,0.01,0.01,0.01,0.01,0.01,0.01,0.01,0.01,0.01,0.01,0.01,0.01,0.01,0.01,0.01,0.01,0.01,0.01,0.01,0.01,0.01,0.01,0.01,0.01,0.01,0.01,0.01,0.01,0.01,0.01,0.01,0.01,0.01,0.01,0.01,0.01,0.01,0.01,0.01,0.01,0.01,0.01,0.01,0.01,0.01,0.01,0.01,0.01,0.01,0.01,0.01,0.01,0.01,0.01,0.01,0.01,0.01,0.01,0.01,0.01,0.01,0.01,0.01,0.01,0.01,0.01,0.01,0.01,0.01,0.01,0.01,0.01,0.01,0.01,0.01,0.01,0.01,0.01,0.01,0.01,0.01,0.01,0.01,0.01,0.01,0.01,0.01,0.01,0.01,0.01,0.01,0.01,0.01,0.01,0.01,0.01,0.01,0.01,0.01,0.01,0.01,0.01,0.01,0.01,0.01,0.01,0.01,0.01,0.01,0.01,0.01,0.01,0.01,0.01,0.01,0.01,0.01,0.01,0.01,0.01,0.01,0.01,0.01,0.01,0.01
paired,1,100000,86.10363869846333,86.8253743329551,0.6705336570739746,0.7458064556121826,0,0.18279999999999996,0.8172,0.0049,0.0018,0.0017,0.0004,0.0002,0.0008,0.0027,0.0021,0.0009,0.0035,0.0027,0.0009,0.002,0.0019,0.0013,0.0017,0.0017,0.0012,0.001,0.0042,0.0023,0.0018,0.0011,0.0028,0.0021,0.0013,0.0015,0.0014,0.0004,0.0029,0.0033,0.0012,0.0009,0.0015,0.0008,0.0009,0.0004,0.0017,0.0012,0.0036,0.0038,0.0016,0.0011,0.001,0.0012,0.0012,0.0013,0.0012,0.001,0.0025,0.0032,0.0012,0.0017,0.0015,0.0013,0.0016,0.0022,0.0006,0.0012,0.0026,0.0027,0.001,0.0016,0.0015,0.0014,0.0011,0.001,0.0007,0.0011,0.0025,0.0053,0.0018,0.0017,0.0011,0.0009,0.0016,0.0011,0.0005,0.0012,0.0035,0.0029,0.0008,0.0012,0.0018,0.0008,0.0019,0.0019,0.0011,0.0014,0.0025,0.005,0.0026,0.0036,0.0025,0.001,0.0012,0.0015,0.0022,0.0024,0.0075,0.0,0.0,0.01,0.01,0.01,0.01,0.01,0.01,0.01,0.01,0.01,0.01,0.01,0.01,0.01,0.01,0.01,0.01,0.01,0.01,0.01,0.01,0.01,0.01,0.01,0.01,0.01,0.01,0.01,0.01,0.01,0.01,0.01,0.01,0.01,0.01,0.01,0.01,0.01,0.01,0.01,0.01,0.01,0.01,0.01,0.01,0.01,0.01,0.01,0.01,0.01,0.01,0.01,0.01,0.01,0.01,0.01,0.01,0.01,0.01,0.01,0.01,0.01,0.01,0.01,0.01,0.01,0.01,0.01,0.01,0.01,0.01,0.01,0.01,0.01,0.01,0.01,0.01,0.01,0.01,0.01,0.01,0.01,0.01,0.01,0.01,0.01,0.01,0.01,0.01,0.01,0.01,0.01,0.01,0.01,0.01,0.01,0.01,0.01,0.01,0.01,0.01,0.01,0.01,0.01,0.01,0.01,0.01,0.01,0.01,0.01,0.01,0.01,0.01,0.01,0.01,0.01,0.01,0.01,0.01,0.01,0.01,0.01,0.01,0.01,0.01,0.01,0.01,0.01,0.01,0.01,0.01,0.01,0.01,0.01,0.01,0.01,0.01,0.01,0.01,0.01,0.01,0.01,0.01,0.01,0.01,0.01,0.01,0.01,0.01,0.01,0.01,0.01,0.01,0.01,0.01,0.01,0.01,0.01,0.01,0.01,0.01,0.01,0.01,0.01,0.01,0.01,0.01,0.01,0.01,0.01,0.01,0.01,0.01,0.01,0.01,0.01,0.01,0.01,0.01,0.01,0.01,0.01,0.01,0.01,0.01,0.01,0.01,0.01,0.01,0.01,0.01,0.01,0.01,0.01,0.01,0.01,0.01,0.01,0.01,0.01,0.01
paired,1,101000,86.96093124710023,87.6937177919317,0.664207398891449,0.7339892983436584,0,0.18500000000000005,0.815,0.0013,0.0008,0.0023,0.0033,0.0028,0.0015,0.0021,0.0027,0.0022,0.0072,0.0018,0.0008,0.0021,0.0011,0.0009,0.0006,0.0013,0.0009,0.0011,0.003,0.0016,0.0015,0.0015,0.0017,0.0014,0.0014,0.0019,0.0013,0.0007,0.0034,0.0026,0.0014,0.001,0.0017,0.001,0.0008,0.0004,0.0007,0.0019,0.0035,0.0029,0.0018,0.0015,0.0009,0.001,0.0009,0.0011,0.0013,0.0014,0.0026,0.0025,0.0009,0.001,0.0014,0.001,0.0013,0.0016,0.0007,0.0016,0.0025,0.0025,0.0008,0.001,0.0011,0.0011,0.0012,0.0011,0.0008,0.0007,0.0027,0.0016,0.0017,0.0011,0.0011,0.0014,0.0009,0.0011,0.0006,0.0012,0.004,0.0022,0.0012,0.001,0.0014,0.0016,0.0022,0.0022,0.0016,0.001,0.0028,0.0087,0.0031,0.003,0.0035,0.0024,0.003,0.0028,0.0029,0.0025,0.0071,0.0,0.0,0.01,0.01,0.01,0.01,0.01,0.01,0.01,0.01,0.01,0.01,0.01,0.01,0.01,0.01,0.01,0.01,0.01,0.01,0.01,0.01,0.01,0.01,0.01,0.01,0.01,0.01,0.01,0.01,0.01,0.01,0.01,0.01,0.01,0.01,0.01,0.01,0.01,0.01,0.01,0.01,0.01,0.01,0.01,0.01,0.01,0.01,0.01,0.01,0.01,0.01,0.01,0.01,0.01,0.01,0.01,0.01,0.01,0.01,0.01,0.01,0.01,0.01,0.01,0.01,0.01,0.01,0.01,0.01,0.01,0.01,0.01,0.01,0.01,0.01,0.01,0.01,0.01,0.01,0.01,0.01,0.01,0.01,0.01,0.01,0.01,0.01,0.01,0.01,0.01,0.01,0.01,0.01,0.01,0.01,0.01,0.01,0.01,0.01,0.01,0.01,0.01,0.01,0.01,0.01,0.01,0.01,0.01,0.01,0.01,0.01,0.01,0.01,0.01,0.01,0.01,0.01,0.01,0.01,0.01,0.01,0.01,0.01,0.01,0.01,0.01,0.01,0.01,0.01,0.01,0.01,0.01,0.01,0.01,0.01,0.01,0.01,0.01,0.01,0.01,0.01,0.01,0.01,0.01,0.01,0.01,0.01,0.01,0.01,0.01,0.01,0.01,0.01,0.01,0.01,0.01,0.01,0.01,0.01,0.01,0.01,0.01,0.01,0.01,0.01,0.01,0.01,0.01,0.01,0.01,0.01,0.01,0.01,0.01,0.01,0.01,0.01,0.01,0.01,0.01,0.01,0.01,0.01,0.01,0.01,0.01,0.01,0.01,0.01,0.01,0.01,0.01,0.01,0.01,0.01,0.01,0.01,0.01,0.01,0.01,0.01
paired,1,102000,87.80359032424167,88.54563695797697,0.6526409983634949,0.7408126592636108,0,0.19720000000000004,0.8028,0.003,0.0013,0.0025,0.0028,0.0033,0.0018,0.0022,0.0023,0.0022,0.0075,0.0024,0.0008,0.0019,0.0017,0.001,0.0011,0.001,0.0013,0.0008,0.0034,0.0021,0.0012,0.001,0.0019,0.002,0.0017,0.0015,0.0016,0.0009,0.0031,0.0034,0.0016,0.0012,0.0011,0.001,0.0006,0.0009,0.0011,0.0021,0.0041,0.0038,0.0014,0.0011,0.0007,0.0008,0.0011,0.0012,0.0013,0.0012,0.0031,0.0028,0.0011,0.0016,0.0015,0.0016,0.0015,0.002,0.0007,0.0011,0.0022,0.0028,0.0009,0.0018,0.0008,0.0014,0.0012,0.0016,0.0007,0.0009,0.0024,0.0047,0.0014,0.0017,0.0009,0.0014,0.0008,0.0007,0.0013,0.0013,0.0029,0.0032,0.0007,0.001,0.0015,0.0011,0.0033,0.0024,0.0022,0.0013,0.0023,0.0064,0.0011,0.0026,0.0036,0.0033,0.0028,0.0029,0.0035,0.0025,0.0077,0.0,0.0,0.01,0.01,0.01,0.01,0.01,0.01,0.01,0.01,0.01,0.01,0.01,0.01,0.01,0.01,0.01,0.01,0.01,0.01,0.01,0.01,0.01,0.01,0.01,0.01,0.01,0.01,0.01,0.01,0.01,0.01,0.01,0.01,0.01,0.01,0.01,0.01,0.01,0.01,0.01,0.01,0.01,0.01,0.01,0.01,0.01,0.01,0.01,0.01,0.01,0.01,0.01,0.01,0.01,0.01,0.01,0.01,0.01,0.01,0.01,0.01,0.01,0.01,0.01,0.01,0.01,0.01,0.01,0.01,0.01,0.01,0.01,0.01,0.01,0.01,0.01,0.01,0.01,0.01,0.01,0.01,0.01,0.01,0.01,0.01,0.01,0.01,0.01,0.01,0.01,0.01,0.01,0.01,0.01,0.01,0.01,0.01,0.01,0.01,0.01,0.01,0.01,0.01,0.01,0.01,0.01,0.01,0.01,0.01,0.01,0.01,0.01,0.01,0.01,0.01,0.01,0.01,0.01,0.01,0.01,0.01,0.01,0.01,0.01,0.01,0.01,0.01,0.01,0.01,0.01,0.01,0.01,0.01,0.01,0.01,0.01,0.01,0.01,0.01,0.01,0.01,0.01,0.01,0.01,0.01,0.01,0.01,0.01,0.01,0.01,0.01,0.01,0.01,0.01,0.01,0.01,0.01,0.01,0.01,0.01,0.01,0.01,0.01,0.01,0.01,0.01,0.01,0.01,0.01,0.01,0.01,0.01,0.01,0.01,0.01,0.01,0.01,0.01,0.01,0.01,0.01,0.01,0.01,0.01,0.01,0.01,0.01,0.01,0.01,0.01,0.01,0.01,0.01,0.01,0.01,0.01,0.01,0.01,0.01,0.01,0.01
paired,1,103000,88.65837052464485,89.41055341693573,0.6589226722717285,0.7403861880302429,0,0.2037,0.7963,0.0032,0.0019,0.0028,0.0035,0.0037,0.003,0.0046,0.0033,0.0036,0.0068,0.0026,0.0012,0.0018,0.0016,0.0008,0.0009,0.0011,0.0012,0.001,0.0034,0.0017,0.0015,0.0013,0.0025,0.0025,0.0017,0.0023,0.0012,0.0008,0.0029,0.0034,0.0016,0.0013,0.0011,0.0009,0.0012,0.0013,0.0013,0.0019,0.0035,0.0031,0.0011,0.0015,0.0013,0.0009,0.0014,0.0013,0.0007,0.0013,0.003,0.0021,0.0012,0.0018,0.001,0.0012,0.0017,0.0019,0.0011,0.0011,0.0032,0.0025,0.0007,0.0017,0.0011,0.0015,0.0009,0.0009,0.0005,0.0011,0.0024,0.0022,0.0015,0.0011,0.0007,0.001,0.001,0.0009,0.0013,0.0016,0.0021,0.0019,0.0006,0.0011,0.0019,0.001,0.0023,0.0017,0.0017,0.001,0.0019,0.0068,0.0021,0.0038,0.0054,0.0028,0.0034,0.0033,0.0041,0.0029,0.0075,0.0,0.0,0.01,0.01,0.01,0.01,0.01,0.01,0.01,0.01,0.01,0.01,0.01,0.01,0.01,0.01,0.01,0.01,0.01,0.01,0.01,0.01,0.01,0.01,0.01,0.01,0.01,0.01,0.01,0.01,0.01,0.01,0.01,0.01,0.01,0.01,0.01,0.01,0.01,0.01,0.01,0.01,0.01,0.01,0.01,0.01,0.01,0.01,0.01,0.01,0.01,0.01,0.01,0.01,0.01,0.01,0.01,0.01,0.01,0.01,0.01,0.01,0.01,0.01,0.01,0.01,0.01,0.01,0.01,0.01,0.01,0.01,0.01,0.01,0.01,0.01,0.01,0.01,0.01,0.01,0.01,0.01,0.01,0.01,0.01,0.01,0.01,0.01,0.01,0.01,0.01,0.01,0.01,0.01,0.01,0.01,0.01,0.01,0.01,0.01,0.01,0.01,0.01,0.01,0.01,0.01,0.01,0.01,0.01,0.01,0.01,0.01,0.01,0.01,0.01,0.01,0.01,0.01,0.01,0.01,0.01,0.01,0.01,0.01,0.01,0.01,0.01,0.01,0.01,0.01,0.01,0.01,0.01,0.01,0.01,0.01,0.01,0.01,0.01,0.01,0.01,0.01,0.01,0.01,0.01,0.01,0.01,0.01,0.01,0.01,0.01,0.01,0.01,0.01,0.01,0.01,0.01,0.01,0.01,0.01,0.01,0.01,0.01,0.01,0.01,0.01,0.01,0.01,0.01,0.01,0.01,0.01,0.01,0.01,0.01,0.01,0.01,0.01,0.01,0.01,0.01,0.01,0.01,0.01,0.01,0.01,0.01,0.01,0.01,0.01,0.01,0.01,0.01,0.01,0.01,0.01,0.01,0.01,0.01,0.01,0.01,0.01
paired,1,104000,89.51543166674674,90.27751408296172,0.6481184959411621,0.7403993606567383,0,0.1995,0.8005,0.0017,0.0025,0.0029,0.0035,0.0036,0.0033,0.004,0.0034,0.0036,0.0066,0.0032,0.0013,0.0018,0.0021,0.0008,0.0011,0.0007,0.0016,0.001,0.0033,0.002,0.0015,0.001,0.0021,0.0021,0.0025,0.0019,0.0014,0.0009,0.0019,0.0034,0.0016,0.0012,0.0015,0.0011,0.0006,0.0012,0.0015,0.0019,0.0028,0.0027,0.0015,0.0014,0.0008,0.0016,0.0008,0.0015,0.001,0.0013,0.0028,0.0026,0.0011,0.0021,0.0015,0.0017,0.0012,0.002,0.0008,0.0008,0.0024,0.0023,0.0011,0.0013,0.0016,0.0009,0.001,0.0013,0.0009,0.0007,0.0019,0.0034,0.0016,0.0015,0.0016,0.0014,0.0013,0.0009,0.0007,0.0011,0.0027,0.0028,0.0006,0.0008,0.0025,0.0013,0.001,0.0021,0.0022,0.0009,0.0027,0.0087,0.0032,0.0037,0.0027,0.0019,0.0019,0.0021,0.0025,0.0015,0.0075,0.0,0.0,0.01,0.01,0.01,0.01,0.01,0.01,0.01,0.01,0.01,0.01,0.01,0.01,0.01,0.01,0.01,0.01,0.01,0.01,0.01,0.01,0.01,0.01,0.01,0.01,0.01,0.01,0.01,0.01,0.01,0.01,0.01,0.01,0.01,0.01,0.01,0.01,0.01,0.01,0.01,0.01,0.01,0.01,0.01,0.01,0.01,0.01,0.01,0.01,0.01,0.01,0.01,0.01,0.01,0.01,0.01,0.01,0.01,0.01,0.01,0.01,0.01,0.01,0.01,0.01,0.01,0.01,0.01,0.01,0.01,0.01,0.01,0.01,0.01,0.01,0.01,0.01,0.01,0.01,0.01,0.01,0.01,0.01,0.01,0.01,0.01,0.01,0.01,0.01,0.01,0.01,0.01,0.01,0.01,0.01,0.01,0.01,0.01,0.01,0.01,0.01,0.01,0.01,0.01,0.01,0.01,0.01,0.01,0.01,0.01,0.01,0.01,0.01,0.01,0.01,0.01,0.01,0.01,0.01,0.01,0.01,0.01,0.01,0.01,0.01,0.01,0.01,0.01,0.01,0.01,0.01,0.01,0.01,0.01,0.01,0.01,0.01,0.01,0.01,0.01,0.01,0.01,0.01,0.01,0.01,0.01,0.01,0.01,0.01,0.01,0.01,0.01,0.01,0.01,0.01,0.01,0.01,0.01,0.01,0.01,0.01,0.01,0.01,0.01,0.01,0.01,0.01,0.01,0.01,0.01,0.01,0.01,0.01,0.01,0.01,0.01,0.01,0.01,0.01,0.01,0.01,0.01,0.01,0.01,0.01,0.01,0.01,0.01,0.01,0.01,0.01,0.01,0.01,0.01,0.01,0.01,0.01,0.01,0.01,0.01,0.01
paired,1,105000,90.37621123716235,91.14883345796261,0.6488402485847473,0.7269628643989563,0,0.2116,0.7884,0.0042,0.0019,0.0029,0.0028,0.0031,0.0032,0.0042,0.0037,0.0037,0.0073,0.0024,0.0015,0.0029,0.0018,0.0008,0.0016,0.0007,0.0021,0.0015,0.0039,0.0027,0.0012,0.001,0.0018,0.0021,0.0027,0.0018,0.0019,0.0007,0.0034,0.0031,0.0019,0.0012,0.0017,0.0015,0.001,0.0013,0.001,0.0019,0.0051,0.0029,0.0014,0.0016,0.0011,0.0012,0.0009,0.0014,0.001,0.0004,0.0033,0.0027,0.001,0.0016,0.0012,0.0013,0.0015,0.002,0.0006,0.0009,0.0027,0.0027,0.0014,0.001,0.0014,0.0012,0.0014,0.0018,0.0008,0.0003,0.0025,0.0033,0.0019,0.0011,0.0016,0.0014,0.0012,0.001,0.0007,0.0012,0.003,0.0026,0.0006,0.001,0.0018,0.0012,0.0022,0.002,0.0022,0.0007,0.0023,0.0074,0.0022,0.0031,0.0035,0.0029,0.0031,0.003,0.0031,0.0024,0.0075,0.0,0.0,0.01,0.01,0.01,0.01,0.01,0.01,0.01,0.01,0.01,0.01,0.01,0.01,0.01,0.01,0.01,0.01,0.01,0.01,0.01,0.01,0.01,0.01,0.01,0.01,0.01,0.01,0.01,0.01,0.01,0.01,0.01,0.01,0.01,0.01,0.01,0.01,0.01,0.01,0.01,0.01,0.01,0.01,0.01,0.01,0.01,0.01,0.01,0.01,0.01,0.01,0.01,0.01,0.01,0.01,0.01,0.01,0.01,0.01,0.01,0.01,0.01,0.01,0.01,0.01,0.01,0.01,0.01,0.01,0.01,0.01,0.01,0.01,0.01,0.01,0.01,0.01,0.01,0.01,0.01,0.01,0.01,0.01,0.01,0.01,0.01,0.01,0.01,0.01,0.01,0.01,0.01,0.01,0.01,0.01,0.01,0.01,0.01,0.01,0.01,0.01,0.01,0.01,0.01,0.01,0.01,0.01,0.01,0.01,0.01,0.01,0.01,0.01,0.01,0.01,0.01,0.01,0.01,0.01,0.01,0.01,0.01,0.01,0.01,0.01,0.01,0.01,0.01,0.01,0.01,0.01,0.01,0.01,0.01,0.01,0.01,0.01,0.01,0.01,0.01,0.01,0.01,0.01,0.01,0.01,0.01,0.01,0.01,0.01,0.01,0.01,0.01,0.01,0.01,0.01,0.01,0.01,0.01,0.01,0.01,0.01,0.01,0.01,0.01,0.01,0.01,0.01,0.01,0.01,0.01,0.01,0.01,0.01,0.01,0.01,0.01,0.01,0.01,0.01,0.01,0.01,0.01,0.01,0.01,0.01,0.01,0.01,0.01,0.01,0.01,0.01,0.01,0.01,0.01,0.01,0.01,0.01,0.01,0.01,0.01,0.01
paired,1,106000,91.22932595666498,92.01176533289254,0.6699199080467224,0.7479112148284912,0,0.20310000000000006,0.7968999999999999,0.0019,0.0018,0.0028,0.003,0.0038,0.0034,0.0044,0.0029,0.0027,0.0032,0.0027,0.0016,0.0019,0.0019,0.001,0.0009,0.0012,0.0016,0.001,0.0032,0.0018,0.0012,0.0013,0.0014,0.002,0.0022,0.0015,0.0013,0.0005,0.003,0.0038,0.0014,0.0017,0.0014,0.0012,0.001,0.0015,0.0011,0.0014,0.0028,0.0025,0.0017,0.0012,0.0013,0.0014,0.0011,0.0011,0.0008,0.001,0.0023,0.0023,0.001,0.0014,0.0015,0.001,0.0018,0.0013,0.0006,0.0011,0.0028,0.0027,0.0012,0.0016,0.0008,0.0011,0.0005,0.0009,0.0008,0.0008,0.0033,0.0032,0.002,0.001,0.0016,0.0021,0.0014,0.0014,0.0015,0.0014,0.0048,0.0027,0.0008,0.001,0.0018,0.0015,0.0016,0.0027,0.0023,0.001,0.003,0.0059,0.0012,0.0035,0.0043,0.0024,0.003,0.004,0.0044,0.0034,0.0089,0.0,0.0,0.01,0.01,0.01,0.01,0.01,0.01,0.01,0.01,0.01,0.01,0.01,0.01,0.01,0.01,0.01,0.01,0.01,0.01,0.01,0.01,0.01,0.01,0.01,0.01,0.01,0.01,0.01,0.01,0.01,0.01,0.01,0.01,0.01,0.01,0.01,0.01,0.01,0.01,0.01,0.01,0.01,0.01,0.01,0.01,0.01,0.01,0.01,0.01,0.01,0.01,0.01,0.01,0.01,0.01,0.01,0.01,0.01,0.01,0.01,0.01,0.01,0.01,0.01,0.01,0.01,0.01,0.01,0.01,0.01,0.01,0.01,0.01,0.01,0.01,0.01,0.01,0.01,0.01,0.01,0.01,0.01,0.01,0.01,0.01,0.01,0.01,0.01,0.01,0.01,0.01,0.01,0.01,0.01,0.01,0.01,0.01,0.01,0.01,0.01,0.01,0.01,0.01,0.01,0.01,0.01,0.01,0.01,0.01,0.01,0.01,0.01,0.01,0.01,0.01,0.01,0.01,0.01,0.01,0.01,0.01,0.01,0.01,0.01,0.01,0.01,0.01,0.01,0.01,0.01,0.01,0.01,0.01,0.01,0.01,0.01,0.01,0.01,0.01,0.01,0.01,0.01,0.01,0.01,0.01,0.01,0.01,0.01,0.01,0.01,0.01,0.01,0.01,0.01,0.01,0.01,0.01,0.01,0.01,0.01,0.01,0.01,0.01,0.01,0.01,0.01,0.01,0.01,0.01,0.01,0.01,0.01,0.01,0.01,0.01,0.01,0.01,0.01,0.01,0.01,0.01,0.01,0.01,0.01,0.01,0.01,0.01,0.01,0.01,0.01,0.01,0.01,0.01,0.01,0.01,0.01,0.01,0.01,0.01,0.01,0.01
paired,1,107000,92.08330819418188,92.8760257079266,0.6543205976486206,0.7358576059341431,0,0.21589999999999998,0.7841,0.0049,0.002,0.003,0.0035,0.0037,0.0031,0.0046,0.0038,0.003,0.0074,0.003,0.0018,0.0022,0.0017,0.0012,0.0009,0.0009,0.0019,0.0011,0.0043,0.0024,0.001,0.0013,0.0021,0.0021,0.0021,0.0015,0.0011,0.0007,0.0032,0.0032,0.0018,0.0015,0.0013,0.0015,0.001,0.0011,0.0015,0.0012,0.0028,0.0022,0.0012,0.0013,0.0011,0.0015,0.0012,0.0012,0.0014,0.0013,0.0024,0.0027,0.0012,0.0013,0.0009,0.001,0.0019,0.002,0.0008,0.0012,0.0026,0.0028,0.0007,0.0018,0.0017,0.001,0.0008,0.0008,0.0008,0.001,0.0028,0.0051,0.0022,0.0009,0.0011,0.0013,0.0014,0.001,0.0006,0.0014,0.0039,0.0023,0.0009,0.0011,0.002,0.0015,0.0016,0.0017,0.0024,0.0009,0.0027,0.0073,0.0019,0.0033,0.0047,0.0028,0.0033,0.0034,0.0038,0.0035,0.0089,0.0,0.0,0.01,0.01,0.01,0.01,0.01,0.01,0.01,0.01,0.01,0.01,0.01,0.01,0.01,0.01,0.01,0.01,0.01,0.01,0.01,0.01,0.01,0.01,0.01,0.01,0.01,0.01,0.01,0.01,0.01,0.01,0.01,0.01,0.01,0.01,0.01,0.01,0.01,0.01,0.01,0.01,0.01,0.01,0.01,0.01,0.01,0.01,0.01,0.01,0.01,0.01,0.01,0.01,0.01,0.01,0.01,0.01,0.01,0.01,0.01,0.01,0.01,0.01,0.01,0.01,0.01,0.01,0.01,0.01,0.01,0.01,0.01,0.01,0.01,0.01,0.01,0.01,0.01,0.01,0.01,0.01,0.01,0.01,0.01,0.01,0.01,0.01,0.01,0.01,0.01,0.01,0.01,0.01,0.01,0.01,0.01,0.01,0.01,0.01,0.01,0.01,0.01,0.01,0.01,0.01,0.01,0.01,0.01,0.01,0.01,0.01,0.01,0.01,0.01,0.01,0.01,0.01,0.01,0.01,0.01,0.01,0.01,0.01,0.01,0.01,0.01,0.01,0.01,0.01,0.01,0.01,0.01,0.01,0.01,0.01,0.01,0.01,0.01,0.01,0.01,0.01,0.01,0.01,0.01,0.01,0.01,0.01,0.01,0.01,0.01,0.01,0.01,0.01,0.01,0.01,0.01,0.01,0.01,0.01,0.01,0.01,0.01,0.01,0.01,0.01,0.01,0.01,0.01,0.01,0.01,0.01,0.01,0.01,0.01,0.01,0.01,0.01,0.01,0.01,0.01,0.01,0.01,0.01,0.01,0.01,0.01,0.01,0.01,0.01,0.01,0.01,0.01,0.01,0.01,0.01,0.01,0.01,0.01,0.01,0.01,0.01
paired,1,108000,92.93978614278603,93.7429342919495,0.6559929251670837,0.7499561309814453,0,0.21189999999999998,0.7881,0.0043,0.0023,0.0026,0.0041,0.0035,0.0029,0.0048,0.004,0.0031,0.007,0.003,0.0019,0.0021,0.0018,0.0013,0.0015,0.0013,0.0021,0.0015,0.0039,0.0025,0.0013,0.0012,0.0015,0.0017,0.0022,0.0022,0.0017,0.0009,0.0024,0.0036,0.0022,0.0017,0.0013,0.0014,0.0013,0.0015,0.0011,0.0018,0.0029,0.0028,0.001,0.0018,0.0011,0.0011,0.0015,0.0012,0.0013,0.001,0.0027,0.0027,0.0014,0.0011,0.0013,0.0008,0.0013,0.0021,0.0006,0.0013,0.0024,0.0026,0.0009,0.0023,0.0008,0.0011,0.0005,0.0007,0.0005,0.0008,0.0015,0.0054,0.0017,0.0007,0.0007,0.0012,0.0013,0.0008,0.0006,0.001,0.0021,0.002,0.0013,0.0012,0.0019,0.0016,0.0023,0.0024,0.0021,0.0006,0.0021,0.0088,0.0028,0.0036,0.0046,0.0028,0.0028,0.0029,0.0032,0.0026,0.0072,0.0,0.0,0.01,0.01,0.01,0.01,0.01,0.01,0.01,0.01,0.01,0.01,0.01,0.01,0.01,0.01,0.01,0.01,0.01,0.01,0.01,0.01,0.01,0.01,0.01,0.01,0.01,0.01,0.01,0.01,0.01,0.01,0.01,0.01,0.01,0.01,0.01,0.01,0.01,0.01,0.01,0.01,0.01,0.01,0.01,0.01,0.01,0.01,0.01,0.01,0.01,0.01,0.01,0.01,0.01,0.01,0.01,0.01,0.01,0.01,0.01,0.01,0.01,0.01,0.01,0.01,0.01,0.01,0.01,0.01,0.01,0.01,0.01,0.01,0.01,0.01,0.01,0.01,0.01,0.01,0.01,0.01,0.01,0.01,0.01,0.01,0.01,0.01,0.01,0.01,0.01,0.01,0.01,0.01,0.01,0.01,0.01,0.01,0.01,0.01,0.01,0.01,0.01,0.01,0.01,0.01,0.01,0.01,0.01,0.01,0.01,0.01,0.01,0.01,0.01,0.01,0.01,0.01,0.01,0.01,0.01,0.01,0.01,0.01,0.01,0.01,0.01,0.01,0.01,0.01,0.01,0.01,0.01,0.01,0.01,0.01,0.01,0.01,0.01,0.01,0.01,0.01,0.01,0.01,0.01,0.01,0.01,0.01,0.01,0.01,0.01,0.01,0.01,0.01,0.01,0.01,0.01,0.01,0.01,0.01,0.01,0.01,0.01,0.01,0.01,0.01,0.01,0.01,0.01,0.01,0.01,0.01,0.01,0.01,0.01,0.01,0.01,0.01,0.01,0.01,0.01,0.01,0.01,0.01,0.01,0.01,0.01,0.01,0.01,0.01,0.01,0.01,0.01,0.01,0.01,0.01,0.01,0.01,0.01,0.01,0.01,0.01
paired,1,109000,93.80383401387371,94.61770658299793,0.6539818048477173,0.7577643394470215,0,0.20419999999999994,0.7958000000000001,0.0019,0.0012,0.0021,0.0036,0.0029,0.0019,0.0015,0.001,0.0019,0.007,0.0033,0.002,0.0025,0.0021,0.0012,0.0017,0.0013,0.002,0.0014,0.0042,0.0023,0.0014,0.0017,0.0018,0.0021,0.0019,0.0017,0.0023,0.0006,0.0034,0.0036,0.002,0.0013,0.0013,0.0021,0.0013,0.0008,0.0009,0.0014,0.0029,0.0028,0.0007,0.0015,0.0011,0.0018,0.0017,0.0008,0.0012,0.0009,0.0029,0.0024,0.0009,0.0012,0.001,0.0011,0.0021,0.0018,0.0009,0.0017,0.0031,0.0024,0.0015,0.0016,0.0011,0.0011,0.0013,0.0011,0.0006,0.0007,0.0028,0.0047,0.002,0.0011,0.0011,0.0014,0.0013,0.0008,0.0009,0.0012,0.0052,0.0021,0.0006,0.0015,0.0021,0.0015,0.003,0.0021,0.0017,0.0009,0.0036,0.0034,0.0009,0.0027,0.0044,0.0029,0.0029,0.0031,0.0043,0.0032,0.0083,0.0,0.0,0.01,0.01,0.01,0.01,0.01,0.01,0.01,0.01,0.01,0.01,0.01,0.01,0.01,0.01,0.01,0.01,0.01,0.01,0.01,0.01,0.01,0.01,0.01,0.01,0.01,0.01,0.01,0.01,0.01,0.01,0.01,0.01,0.01,0.01,0.01,0.01,0.01,0.01,0.01,0.01,0.01,0.01,0.01,0.01,0.01,0.01,0.01,0.01,0.01,0.01,0.01,0.01,0.01,0.01,0.01,0.01,0.01,0.01,0.01,0.01,0.01,0.01,0.01,0.01,0.01,0.01,0.01,0.01,0.01,0.01,0.01,0.01,0.01,0.01,0.01,0.01,0.01,0.01,0.01,0.01,0.01,0.01,0.01,0.01,0.01,0.01,0.01,0.01,0.01,0.01,0.01,0.01,0.01,0.01,0.01,0.01,0.01,0.01,0.01,0.01,0.01,0.01,0.01,0.01,0.01,0.01,0.01,0.01,0.01,0.01,0.01,0.01,0.01,0.01,0.01,0.01,0.01,0.01,0.01,0.01,0.01,0.01,0.01,0.01,0.01,0.01,0.01,0.01,0.01,0.01,0.01,0.01,0.01,0.01,0.01,0.01,0.01,0.01,0.01,0.01,0.01,0.01,0.01,0.01,0.01,0.01,0.01,0.01,0.01,0.01,0.01,0.01,0.01,0.01,0.01,0.01,0.01,0.01,0.01,0.01,0.01,0.01,0.01,0.01,0.01,0.01,0.01,0.01,0.01,0.01,0.01,0.01,0.01,0.01,0.01,0.01,0.01,0.01,0.01,0.01,0.01,0.01,0.01,0.01,0.01,0.01,0.01,0.01,0.01,0.01,0.01,0.01,0.01,0.01,0.01,0.01,0.01,0.01,0.01,0.01
paired,1,110000,94.65812811953947,95.48126212495845,0.6555287837982178,0.7494972944259644,0,0.2207,0.7793000000000001,0.0033,0.0019,0.0021,0.0042,0.0038,0.0024,0.0041,0.0027,0.0023,0.0082,0.0025,0.0012,0.002,0.0021,0.0015,0.0011,0.0014,0.0024,0.0014,0.0039,0.0022,0.0015,0.001,0.0024,0.0031,0.0019,0.0023,0.0024,0.0009,0.0038,0.0028,0.0017,0.0012,0.0009,0.0016,0.0011,0.0012,0.0011,0.0015,0.0039,0.0031,0.0009,0.0016,0.001,0.0018,0.001,0.0011,0.0013,0.001,0.0026,0.0023,0.0012,0.0015,0.0009,0.0009,0.0015,0.0022,0.0014,0.0012,0.0027,0.0027,0.0009,0.0013,0.0009,0.0009,0.0015,0.0014,0.0007,0.0009,0.0026,0.0051,0.0021,0.0012,0.0009,0.001,0.0015,0.0013,0.0006,0.0013,0.0052,0.0024,0.001,0.0016,0.0025,0.001,0.0021,0.0028,0.0021,0.0007,0.0038,0.008,0.0018,0.0037,0.0047,0.0028,0.0035,0.0032,0.0053,0.0031,0.0064,0.0,0.0,0.01,0.01,0.01,0.01,0.01,0.01,0.01,0.01,0.01,0.01,0.01,0.01,0.01,0.01,0.01,0.01,0.01,0.01,0.01,0.01,0.01,0.01,0.01,0.01,0.01,0.01,0.01,0.01,0.01,0.01,0.01,0.01,0.01,0.01,0.01,0.01,0.01,0.01,0.01,0.01,0.01,0.01,0.01,0.01,0.01,0.01,0.01,0.01,0.01,0.01,0.01,0.01,0.01,0.01,0.01,0.01,0.01,0.01,0.01,0.01,0.01,0.01,0.01,0.01,0.01,0.01,0.01,0.01,0.01,0.01,0.01,0.01,0.01,0.01,0.01,0.01,0.01,0.01,0.01,0.01,0.01,0.01,0.01,0.01,0.01,0.01,0.01,0.01,0.01,0.01,0.01,0.01,0.01,0.01,0.01,0.01,0.01,0.01,0.01,0.01,0.01,0.01,0.01,0.01,0.01,0.01,0.01,0.01,0.01,0.01,0.01,0.01,0.01,0.01,0.01,0.01,0.01,0.01,0.01,0.01,0.01,0.01,0.01,0.01,0.01,0.01,0.01,0.01,0.01,0.01,0.01,0.01,0.01,0.01,0.01,0.01,0.01,0.01,0.01,0.01,0.01,0.01,0.01,0.01,0.01,0.01,0.01,0.01,0.01,0.01,0.01,0.01,0.01,0.01,0.01,0.01,0.01,0.01,0.01,0.01,0.01,0.01,0.01,0.01,0.01,0.01,0.01,0.01,0.01,0.01,0.01,0.01,0.01,0.01,0.01,0.01,0.01,0.01,0.01,0.01,0.01,0.01,0.01,0.01,0.01,0.01,0.01,0.01,0.01,0.01,0.01,0.01,0.01,0.01,0.01,0.01,0.01,0.01,0.01,0.01
paired,1,111000,95.5029918863438,96.33619779197033,0.6494210958480835,0.751113772392273,0,0.21829999999999994,0.7817000000000001,0.0031,0.0025,0.0027,0.0041,0.0042,0.0035,0.0045,0.0036,0.0024,0.0031,0.0024,0.0016,0.0026,0.0018,0.0014,0.0014,0.0013,0.0022,0.0016,0.0042,0.0025,0.0016,0.0014,0.0021,0.0025,0.0021,0.0021,0.0027,0.0009,0.0036,0.0036,0.0017,0.0013,0.0017,0.0017,0.0011,0.001,0.0008,0.0016,0.0027,0.0025,0.0009,0.0014,0.0013,0.001,0.0012,0.0014,0.0014,0.0012,0.0024,0.0026,0.001,0.0018,0.0012,0.0011,0.0014,0.0016,0.0008,0.0017,0.0025,0.0026,0.0011,0.0017,0.001,0.0006,0.0009,0.0012,0.0005,0.001,0.003,0.004,0.002,0.0013,0.0011,0.0015,0.0023,0.0008,0.0005,0.0013,0.0051,0.0025,0.0008,0.0015,0.0019,0.0015,0.0028,0.0022,0.002,0.0006,0.0034,0.008,0.002,0.0034,0.0049,0.003,0.0029,0.0031,0.0044,0.0026,0.008,0.0,0.0,0.01,0.01,0.01,0.01,0.01,0.01,0.01,0.01,0.01,0.01,0.01,0.01,0.01,0.01,0.01,0.01,0.01,0.01,0.01,0.01,0.01,0.01,0.01,0.01,0.01,0.01,0.01,0.01,0.01,0.01,0.01,0.01,0.01,0.01,0.01,0.01,0.01,0.01,0.01,0.01,0.01,0.01,0.01,0.01,0.01,0.01,0.01,0.01,0.01,0.01,0.01,0.01,0.01,0.01,0.01,0.01,0.01,0.01,0.01,0.01,0.01,0.01,0.01,0.01,0.01,0.01,0.01,0.01,0.01,0.01,0.01,0.01,0.01,0.01,0.01,0.01,0.01,0.01,0.01,0.01,0.01,0.01,0.01,0.01,0.01,0.01,0.01,0.01,0.01,0.01,0.01,0.01,0.01,0.01,0.01,0.01,0.01,0.01,0.01,0.01,0.01,0.01,0.01,0.01,0.01,0.01,0.01,0.01,0.01,0.01,0.01,0.01,0.01,0.01,0.01,0.01,0.01,0.01,0.01,0.01,0.01,0.01,0.01,0.01,0.01,0.01,0.01,0.01,0.01,0.01,0.01,0.01,0.01,0.01,0.01,0.01,0.01,0.01,0.01,0.01,0.01,0.01,0.01,0.01,0.01,0.01,0.01,0.01,0.01,0.01,0.01,0.01,0.01,0.01,0.01,0.01,0.01,0.01,0.01,0.01,0.01,0.01,0.01,0.01,0.01,0.01,0.01,0.01,0.01,0.01,0.01,0.01,0.01,0.01,0.01,0.01,0.01,0.01,0.01,0.01,0.01,0.01,0.01,0.01,0.01,0.01,0.01,0.01,0.01,0.01,0.01,0.01,0.01,0.01,0.01,0.01,0.01,0.01,0.01,0.01
paired,1,112000,96.36404892406426,97.20774804195389,0.6615428924560547,0.7467337846755981,0,0.2006,0.7994000000000001,0.0013,0.0017,0.0017,0.0039,0.0021,0.0021,0.0016,0.0017,0.0019,0.0097,0.0025,0.0015,0.0014,0.0015,0.0011,0.0018,0.0012,0.0027,0.0022,0.0039,0.002,0.002,0.0014,0.0014,0.0016,0.0015,0.0021,0.0026,0.0011,0.0022,0.0038,0.0009,0.0009,0.001,0.0009,0.0012,0.0012,0.0008,0.0012,0.0038,0.0024,0.0011,0.0014,0.0013,0.0016,0.0012,0.0008,0.0017,0.0012,0.0026,0.0021,0.0007,0.0015,0.0009,0.0005,0.0011,0.0019,0.001,0.0012,0.0021,0.0022,0.001,0.0018,0.001,0.0014,0.0014,0.0011,0.0006,0.0007,0.0016,0.0034,0.002,0.0018,0.0013,0.0012,0.0013,0.0012,0.0009,0.0012,0.0027,0.0018,0.0007,0.001,0.0017,0.0016,0.0024,0.0026,0.0022,0.0008,0.0026,0.0081,0.0025,0.0039,0.0048,0.003,0.0038,0.0034,0.0046,0.0024,0.0075,0.0,0.0,0.01,0.01,0.01,0.01,0.01,0.01,0.01,0.01,0.01,0.01,0.01,0.01,0.01,0.01,0.01,0.01,0.01,0.01,0.01,0.01,0.01,0.01,0.01,0.01,0.01,0.01,0.01,0.01,0.01,0.01,0.01,0.01,0.01,0.01,0.01,0.01,0.01,0.01,0.01,0.01,0.01,0.01,0.01,0.01,0.01,0.01,0.01,0.01,0.01,0.01,0.01,0.01,0.01,0.01,0.01,0.01,0.01,0.01,0.01,0.01,0.01,0.01,0.01,0.01,0.01,0.01,0.01,0.01,0.01,0.01,0.01,0.01,0.01,0.01,0.01,0.01,0.01,0.01,0.01,0.01,0.01,0.01,0.01,0.01,0.01,0.01,0.01,0.01,0.01,0.01,0.01,0.01,0.01,0.01,0.01,0.01,0.01,0.01,0.01,0.01,0.01,0.01,0.01,0.01,0.01,0.01,0.01,0.01,0.01,0.01,0.01,0.01,0.01,0.01,0.01,0.01,0.01,0.01,0.01,0.01,0.01,0.01,0.01,0.01,0.01,0.01,0.01,0.01,0.01,0.01,0.01,0.01,0.01,0.01,0.01,0.01,0.01,0.01,0.01,0.01,0.01,0.01,0.01,0.01,0.01,0.01,0.01,0.01,0.01,0.01,0.01,0.01,0.01,0.01,0.01,0.01,0.01,0.01,0.01,0.01,0.01,0.01,0.01,0.01,0.01,0.01,0.01,0.01,0.01,0.01,0.01,0.01,0.01,0.01,0.01,0.01,0.01,0.01,0.01,0.01,0.01,0.01,0.01,0.01,0.01,0.01,0.01,0.01,0.01,0.01,0.01,0.01,0.01,0.01,0.01,0.01,0.01,0.01,0.01,0.01
paired,1,113000,97.23138800950255,98.08459070790559,0.6406551599502563,0.7719220519065857,1,0.2219,0.7786,0.0054,0.0015,0.0013,0.0028,0.003,0.0031,0.0035,0.004,0.003,0.0066,0.0028,0.0016,0.0029,0.0019,0.0014,0.0007,0.0017,0.0016,0.0009,0.0045,0.0024,0.0015,0.0009,0.0027,0.0022,0.0023,0.0013,0.0021,0.0011,0.0028,0.0039,0.002,0.0013,0.001,0.001,0.0009,0.0011,0.0009,0.001,0.0033,0.0031,0.0018,0.0012,0.0008,0.0013,0.001,0.0007,0.001,0.0015,0.0022,0.003,0.0011,0.0015,0.0016,0.001,0.0015,0.0015,0.0009,0.0005,0.0024,0.0036,0.0009,0.0019,0.0014,0.0009,0.0014,0.0011,0.0001,0.0003,0.0026,0.0057,0.0016,0.002,0.0018,0.0011,0.0014,0.0008,0.001,0.0014,0.0052,0.0024,0.0013,0.0015,0.002,0.0018,0.002,0.0019,0.0017,0.0009,0.0023,0.0105,0.0032,0.0043,0.0056,0.003,0.0031,0.0035,0.0048,0.0024,0.008,0.0,0.0,0.01,0.01,0.01,0.01,0.01,0.01,0.01,0.01,0.01,0.01,0.01,0.01,0.01,0.01,0.01,0.01,0.01,0.01,0.01,0.01,0.01,0.01,0.01,0.01,0.01,0.01,0.01,0.01,0.01,0.01,0.01,0.01,0.01,0.01,0.01,0.01,0.01,0.01,0.01,0.01,0.01,0.01,0.01,0.01,0.01,0.01,0.01,0.01,0.01,0.01,0.01,0.01,0.01,0.01,0.01,0.01,0.01,0.01,0.01,0.01,0.01,0.01,0.01,0.01,0.01,0.01,0.01,0.01,0.01,0.01,0.01,0.01,0.01,0.01,0.01,0.01,0.01,0.01,0.01,0.01,0.01,0.01,0.01,0.01,0.01,0.01,0.01,0.01,0.01,0.01,0.01,0.01,0.01,0.01,0.01,0.01,0.01,0.01,0.01,0.01,0.01,0.01,0.01,0.01,0.01,0.01,0.01,0.01,0.01,0.01,0.01,0.01,0.01,0.01,0.01,0.01,0.01,0.01,0.01,0.01,0.01,0.01,0.01,0.01,0.01,0.01,0.01,0.01,0.01,0.01,0.01,0.01,0.01,0.01,0.01,0.01,0.01,0.01,0.01,0.01,0.01,0.01,0.01,0.01,0.01,0.01,0.01,0.01,0.01,0.01,0.01,0.01,0.01,0.01,0.01,0.01,0.01,0.01,0.01,0.01,0.01,0.01,0.01,0.01,0.01,0.01,0.01,0.01,0.01,0.01,0.01,0.01,0.01,0.01,0.01,0.01,0.01,0.01,0.01,0.01,0.01,0.01,0.01,0.01,0.01,0.01,0.01,0.01,0.01,0.01,0.01,0.01,0.01,0.01,0.01,0.01,0.01,0.01,0.01,0.01
paired,1,114000,98.09346649469808,98.95813066698611,0.6502307653427124,0.7530328631401062,0,0.20989999999999998,0.7901,0.0024,0.0016,0.0022,0.0034,0.0033,0.0026,0.0038,0.0029,0.0031,0.0074,0.0024,0.0019,0.0024,0.0019,0.0011,0.0014,0.0014,0.0017,0.0016,0.0046,0.0024,0.0012,0.0012,0.0022,0.0025,0.0023,0.0018,0.0024,0.0007,0.0031,0.0039,0.0015,0.0009,0.0009,0.001,0.002,0.001,0.001,0.0017,0.0038,0.0026,0.0012,0.0019,0.0015,0.0011,0.0012,0.001,0.001,0.0014,0.0032,0.0028,0.0011,0.001,0.001,0.0007,0.0009,0.0014,0.0014,0.0007,0.0026,0.0022,0.0011,0.0015,0.0008,0.0009,0.0019,0.0012,0.0005,0.0012,0.002,0.0057,0.0029,0.0011,0.0012,0.0017,0.0015,0.0013,0.001,0.0011,0.0012,0.0014,0.0008,0.0012,0.0017,0.0018,0.0033,0.0023,0.0016,0.0007,0.0012,0.0065,0.0014,0.0033,0.0046,0.0031,0.0035,0.0037,0.0035,0.0026,0.0094,0.0,0.0,0.01,0.01,0.01,0.01,0.01,0.01,0.01,0.01,0.01,0.01,0.01,0.01,0.01,0.01,0.01,0.01,0.01,0.01,0.01,0.01,0.01,0.01,0.01,0.01,0.01,0.01,0.01,0.01,0.01,0.01,0.01,0.01,0.01,0.01,0.01,0.01,0.01,0.01,0.01,0.01,0.01,0.01,0.01,0.01,0.01,0.01,0.01,0.01,0.01,0.01,0.01,0.01,0.01,0.01,0.01,0.01,0.01,0.01,0.01,0.01,0.01,0.01,0.01,0.01,0.01,0.01,0.01,0.01,0.01,0.01,0.01,0.01,0.01,0.01,0.01,0.01,0.01,0.01,0.01,0.01,0.01,0.01,0.01,0.01,0.01,0.01,0.01,0.01,0.01,0.01,0.01,0.01,0.01,0.01,0.01,0.01,0.01,0.01,0.01,0.01,0.01,0.01,0.01,0.01,0.01,0.01,0.01,0.01,0.01,0.01,0.01,0.01,0.01,0.01,0.01,0.01,0.01,0.01,0.01,0.01,0.01,0.01,0.01,0.01,0.01,0.01,0.01,0.01,0.01,0.01,0.01,0.01,0.01,0.01,0.01,0.01,0.01,0.01,0.01,0.01,0.01,0.01,0.01,0.01,0.01,0.01,0.01,0.01,0.01,0.01,0.01,0.01,0.01,0.01,0.01,0.01,0.01,0.01,0.01,0.01,0.01,0.01,0.01,0.01,0.01,0.01,0.01,0.01,0.01,0.01,0.01,0.01,0.01,0.01,0.01,0.01,0.01,0.01,0.01,0.01,0.01,0.01,0.01,0.01,0.01,0.01,0.01,0.01,0.01,0.01,0.01,0.01,0.01,0.01,0.01,0.01,0.01,0.01,0.01,0.01
paired,1,115000,98.94287552160677,99.81823016691487,0.6453242897987366,0.7469401359558105,0,0.23070000000000002,0.7693,0.0052,0.0029,0.0023,0.0037,0.0033,0.0027,0.0035,0.0026,0.0029,0.0075,0.0022,0.0015,0.0028,0.0024,0.0021,0.001,0.0015,0.0015,0.001,0.0051,0.0025,0.0016,0.0014,0.0027,0.0021,0.0022,0.0015,0.0028,0.001,0.0028,0.0043,0.0018,0.0016,0.0012,0.0011,0.0014,0.0009,0.001,0.0014,0.0039,0.0032,0.0015,0.0021,0.001,0.0011,0.0012,0.0013,0.0009,0.001,0.0028,0.0029,0.0011,0.0016,0.0016,0.0013,0.0012,0.0021,0.0008,0.0013,0.0025,0.0028,0.0006,0.0019,0.0017,0.0013,0.0011,0.0013,0.0003,0.0008,0.0028,0.0055,0.0022,0.0016,0.0015,0.0014,0.0014,0.0015,0.0013,0.0013,0.0052,0.0024,0.0011,0.0009,0.0027,0.0017,0.0028,0.0018,0.0023,0.0008,0.0026,0.0091,0.0027,0.0037,0.0045,0.0028,0.0028,0.0033,0.0046,0.0025,0.0087,0.0,0.0,0.01,0.01,0.01,0.01,0.01,0.01,0.01,0.01,0.01,0.01,0.01,0.01,0.01,0.01,0.01,0.01,0.01,0.01,0.01,0.01,0.01,0.01,0.01,0.01,0.01,0.01,0.01,0.01,0.01,0.01,0.01,0.01,0.01,0.01,0.01,0.01,0.01,0.01,0.01,0.01,0.01,0.01,0.01,0.01,0.01,0.01,0.01,0.01,0.01,0.01,0.01,0.01,0.01,0.01,0.01,0.01,0.01,0.01,0.01,0.01,0.01,0.01,0.01,0.01,0.01,0.01,0.01,0.01,0.01,0.01,0.01,0.01,0.01,0.01,0.01,0.01,0.01,0.01,0.01,0.01,0.01,0.01,0.01,0.01,0.01,0.01,0.01,0.01,0.01,0.01,0.01,0.01,0.01,0.01,0.01,0.01,0.01,0.01,0.01,0.01,0.01,0.01,0.01,0.01,0.01,0.01,0.01,0.01,0.01,0.01,0.01,0.01,0.01,0.01,0.01,0.01,0.01,0.01,0.01,0.01,0.01,0.01,0.01,0.01,0.01,0.01,0.01,0.01,0.01,0.01,0.01,0.01,0.01,0.01,0.01,0.01,0.01,0.01,0.01,0.01,0.01,0.01,0.01,0.01,0.01,0.01,0.01,0.01,0.01,0.01,0.01,0.01,0.01,0.01,0.01,0.01,0.01,0.01,0.01,0.01,0.01,0.01,0.01,0.01,0.01,0.01,0.01,0.01,0.01,0.01,0.01,0.01,0.01,0.01,0.01,0.01,0.01,0.01,0.01,0.01,0.01,0.01,0.01,0.01,0.01,0.01,0.01,0.01,0.01,0.01,0.01,0.01,0.01,0.01,0.01,0.01,0.01,0.01,0.01,0.01
paired,1,116000,99.79857115924824,100.68438745790627,0.6478385329246521,0.7656571269035339,0,0.2288,0.7712,0.0053,0.0021,0.0022,0.0028,0.0034,0.0025,0.0037,0.0028,0.0022,0.0055,0.0021,0.0016,0.0019,0.0014,0.0014,0.0014,0.0021,0.0017,0.0012,0.0049,0.0022,0.0019,0.0013,0.0031,0.0021,0.0016,0.0019,0.0021,0.0011,0.003,0.0044,0.0019,0.0015,0.0007,0.0014,0.0011,0.001,0.0008,0.0014,0.004,0.0028,0.0017,0.0015,0.001,0.0016,0.002,0.001,0.0009,0.0016,0.0032,0.0032,0.0015,0.0021,0.0014,0.001,0.0014,0.0016,0.0007,0.0011,0.0028,0.0021,0.0011,0.002,0.0013,0.0016,0.0011,0.001,0.0007,0.0009,0.0032,0.0056,0.0026,0.0014,0.0016,0.0018,0.0019,0.0018,0.0008,0.002,0.0057,0.0023,0.0008,0.0011,0.002,0.0011,0.003,0.0025,0.002,0.0009,0.0026,0.0068,0.0024,0.0045,0.0048,0.0024,0.0035,0.0037,0.005,0.0031,0.0093,0.0,0.0,0.01,0.01,0.01,0.01,0.01,0.01,0.01,0.01,0.01,0.01,0.01,0.01,0.01,0.01,0.01,0.01,0.01,0.01,0.01,0.01,0.01,0.01,0.01,0.01,0.01,0.01,0.01,0.01,0.01,0.01,0.01,0.01,0.01,0.01,0.01,0.01,0.01,0.01,0.01,0.01,0.01,0.01,0.01,0.01,0.01,0.01,0.01,0.01,0.01,0.01,0.01,0.01,0.01,0.01,0.01,0.01,0.01,0.01,0.01,0.01,0.01,0.01,0.01,0.01,0.01,0.01,0.01,0.01,0.01,0.01,0.01,0.01,0.01,0.01,0.01,0.01,0.01,0.01,0.01,0.01,0.01,0.01,0.01,0.01,0.01,0.01,0.01,0.01,0.01,0.01,0.01,0.01,0.01,0.01,0.01,0.01,0.01,0.01,0.01,0.01,0.01,0.01,0.01,0.01,0.01,0.01,0.01,0.01,0.01,0.01,0.01,0.01,0.01,0.01,0.01,0.01,0.01,0.01,0.01,0.01,0.01,0.01,0.01,0.01,0.01,0.01,0.01,0.01,0.01,0.01,0.01,0.01,0.01,0.01,0.01,0.01,0.01,0.01,0.01,0.01,0.01,0.01,0.01,0.01,0.01,0.01,0.01,0.01,0.01,0.01,0.01,0.01,0.01,0.01,0.01,0.01,0.01,0.01,0.01,0.01,0.01,0.01,0.01,0.01,0.01,0.01,0.01,0.01,0.01,0.01,0.01,0.01,0.01,0.01,0.01,0.01,0.01,0.01,0.01,0.01,0.01,0.01,0.01,0.01,0.01,0.01,0.01,0.01,0.01,0.01,0.01,0.01,0.01,0.01,0.01,0.01,0.01,0.01,0.01,0.01
paired,1,117000,100.66217986203264,101.55784445791505,0.6397703886032104,0.7671788930892944,0,0.21940000000000004,0.7806,0.0048,0.0027,0.0028,0.0041,0.0033,0.0031,0.0039,0.0042,0.0031,0.0067,0.0028,0.0015,0.0021,0.0016,0.0017,0.0014,0.0014,0.0013,0.0012,0.0051,0.0023,0.0021,0.0017,0.0027,0.0025,0.0021,0.0015,0.0022,0.0015,0.0031,0.0046,0.0018,0.0023,0.0013,0.0015,0.0012,0.0007,0.0009,0.0014,0.0039,0.0019,0.0017,0.0014,0.0012,0.0015,0.0011,0.0004,0.0009,0.0016,0.0033,0.0032,0.0011,0.0009,0.0011,0.0009,0.0014,0.0015,0.0008,0.0012,0.003,0.002,0.0008,0.0013,0.001,0.0016,0.0008,0.0009,0.0008,0.0005,0.0034,0.0062,0.0027,0.0011,0.0012,0.0016,0.0012,0.0017,0.001,0.0024,0.0052,0.0023,0.0012,0.0009,0.0021,0.0015,0.002,0.0031,0.0021,0.001,0.002,0.0067,0.0005,0.0015,0.004,0.002,0.0023,0.0018,0.0037,0.0021,0.009,0.0,0.0,0.01,0.01,0.01,0.01,0.01,0.01,0.01,0.01,0.01,0.01,0.01,0.01,0.01,0.01,0.01,0.01,0.01,0.01,0.01,0.01,0.01,0.01,0.01,0.01,0.01,0.01,0.01,0.01,0.01,0.01,0.01,0.01,0.01,0.01,0.01,0.01,0.01,0.01,0.01,0.01,0.01,0.01,0.01,0.01,0.01,0.01,0.01,0.01,0.01,0.01,0.01,0.01,0.01,0.01,0.01,0.01,0.01,0.01,0.01,0.01,0.01,0.01,0.01,0.01,0.01,0.01,0.01,0.01,0.01,0.01,0.01,0.01,0.01,0.01,0.01,0.01,0.01,0.01,0.01,0.01,0.01,0.01,0.01,0.01,0.01,0.01,0.01,0.01,0.01,0.01,0.01,0.01,0.01,0.01,0.01,0.01,0.01,0.01,0.01,0.01,0.01,0.01,0.01,0.01,0.01,0.01,0.01,0.01,0.01,0.01,0.01,0.01,0.01,0.01,0.01,0.01,0.01,0.01,0.01,0.01,0.01,0.01,0.01,0.01,0.01,0.01,0.01,0.01,0.01,0.01,0.01,0.01,0.01,0.01,0.01,0.01,0.01,0.01,0.01,0.01,0.01,0.01,0.01,0.01,0.01,0.01,0.01,0.01,0.01,0.01,0.01,0.01,0.01,0.01,0.01,0.01,0.01,0.01,0.01,0.01,0.01,0.01,0.01,0.01,0.01,0.01,0.01,0.01,0.01,0.01,0.01,0.01,0.01,0.01,0.01,0.01,0.01,0.01,0.01,0.01,0.01,0.01,0.01,0.01,0.01,0.01,0.01,0.01,0.01,0.01,0.01,0.01,0.01,0.01,0.01,0.01,0.01,0.01,0.01,0.01
paired,1,118000,101.52006577816792,102.42607912491076,0.6531901359558105,0.7690988183021545,0,0.23160000000000003,0.7684,0.0035,0.0024,0.0027,0.0046,0.0027,0.0031,0.0037,0.0049,0.0039,0.008,0.0029,0.0013,0.0022,0.0016,0.0015,0.0011,0.0016,0.0018,0.0016,0.0039,0.002,0.0014,0.0016,0.0023,0.0023,0.0019,0.0023,0.0023,0.0013,0.0028,0.0034,0.0021,0.0018,0.0012,0.0011,0.0011,0.0014,0.001,0.0016,0.0051,0.0019,0.0016,0.0013,0.0008,0.0013,0.0013,0.001,0.0014,0.0017,0.0028,0.0031,0.0009,0.0013,0.0014,0.0012,0.0013,0.002,0.001,0.0013,0.0023,0.0023,0.0012,0.002,0.0016,0.0011,0.001,0.0017,0.0005,0.0007,0.0023,0.0047,0.0021,0.0011,0.0019,0.0015,0.0019,0.0016,0.0008,0.0034,0.0053,0.002,0.0015,0.0015,0.0018,0.0019,0.0013,0.0031,0.002,0.0007,0.0025,0.0082,0.0032,0.0043,0.0044,0.0031,0.0038,0.0029,0.0043,0.0029,0.0076,0.0,0.0,0.01,0.01,0.01,0.01,0.01,0.01,0.01,0.01,0.01,0.01,0.01,0.01,0.01,0.01,0.01,0.01,0.01,0.01,0.01,0.01,0.01,0.01,0.01,0.01,0.01,0.01,0.01,0.01,0.01,0.01,0.01,0.01,0.01,0.01,0.01,0.01,0.01,0.01,0.01,0.01,0.01,0.01,0.01,0.01,0.01,0.01,0.01,0.01,0.01,0.01,0.01,0.01,0.01,0.01,0.01,0.01,0.01,0.01,0.01,0.01,0.01,0.01,0.01,0.01,0.01,0.01,0.01,0.01,0.01,0.01,0.01,0.01,0.01,0.01,0.01,0.01,0.01,0.01,0.01,0.01,0.01,0.01,0.01,0.01,0.01,0.01,0.01,0.01,0.01,0.01,0.01,0.01,0.01,0.01,0.01,0.01,0.01,0.01,0.01,0.01,0.01,0.01,0.01,0.01,0.01,0.01,0.01,0.01,0.01,0.01,0.01,0.01,0.01,0.01,0.01,0.01,0.01,0.01,0.01,0.01,0.01,0.01,0.01,0.01,0.01,0.01,0.01,0.01,0.01,0.01,0.01,0.01,0.01,0.01,0.01,0.01,0.01,0.01,0.01,0.01,0.01,0.01,0.01,0.01,0.01,0.01,0.01,0.01,0.01,0.01,0.01,0.01,0.01,0.01,0.01,0.01,0.01,0.01,0.01,0.01,0.01,0.01,0.01,0.01,0.01,0.01,0.01,0.01,0.01,0.01,0.01,0.01,0.01,0.01,0.01,0.01,0.01,0.01,0.01,0.01,0.01,0.01,0.01,0.01,0.01,0.01,0.01,0.01,0.01,0.01,0.01,0.01,0.01,0.01,0.01,0.01,0.01,0.01,0.01,0.01
paired,1,119000,102.36543750122655,103.28178774996195,0.6341103315353394,0.7583180665969849,0,0.2145999999999999,0.7854000000000001,0.0026,0.0009,0.0008,0.0016,0.0021,0.002,0.0042,0.0043,0.0031,0.0066,0.0021,0.0014,0.0027,0.0019,0.0013,0.0016,0.0016,0.0013,0.0013,0.0041,0.0018,0.0018,0.001,0.0031,0.0025,0.0024,0.0018,0.0022,0.0013,0.003,0.0036,0.002,0.0017,0.0012,0.0012,0.001,0.0013,0.0007,0.0014,0.0049,0.0027,0.0021,0.0014,0.001,0.0012,0.0008,0.0012,0.0017,0.0017,0.0026,0.0026,0.0012,0.0015,0.0013,0.0009,0.0014,0.0018,0.0012,0.0016,0.0026,0.0023,0.0011,0.0021,0.0016,0.0013,0.0012,0.0012,0.0007,0.0008,0.0029,0.004,0.0015,0.0014,0.0016,0.0017,0.0015,0.0019,0.0009,0.0025,0.0056,0.0015,0.0016,0.001,0.0017,0.0021,0.0021,0.0026,0.0025,0.0009,0.0031,0.0063,0.003,0.0031,0.0033,0.0019,0.0026,0.0023,0.0042,0.0028,0.0083,0.0,0.0,0.01,0.01,0.01,0.01,0.01,0.01,0.01,0.01,0.01,0.01,0.01,0.01,0.01,0.01,0.01,0.01,0.01,0.01,0.01,0.01,0.01,0.01,0.01,0.01,0.01,0.01,0.01,0.01,0.01,0.01,0.01,0.01,0.01,0.01,0.01,0.01,0.01,0.01,0.01,0.01,0.01,0.01,0.01,0.01,0.01,0.01,0.01,0.01,0.01,0.01,0.01,0.01,0.01,0.01,0.01,0.01,0.01,0.01,0.01,0.01,0.01,0.01,0.01,0.01,0.01,0.01,0.01,0.01,0.01,0.01,0.01,0.01,0.01,0.01,0.01,0.01,0.01,0.01,0.01,0.01,0.01,0.01,0.01,0.01,0.01,0.01,0.01,0.01,0.01,0.01,0.01,0.01,0.01,0.01,0.01,0.01,0.01,0.01,0.01,0.01,0.01,0.01,0.01,0.01,0.01,0.01,0.01,0.01,0.01,0.01,0.01,0.01,0.01,0.01,0.01,0.01,0.01,0.01,0.01,0.01,0.01,0.01,0.01,0.01,0.01,0.01,0.01,0.01,0.01,0.01,0.01,0.01,0.01,0.01,0.01,0.01,0.01,0.01,0.01,0.01,0.01,0.01,0.01,0.01,0.01,0.01,0.01,0.01,0.01,0.01,0.01,0.01,0.01,0.01,0.01,0.01,0.01,0.01,0.01,0.01,0.01,0.01,0.01,0.01,0.01,0.01,0.01,0.01,0.01,0.01,0.01,0.01,0.01,0.01,0.01,0.01,0.01,0.01,0.01,0.01,0.01,0.01,0.01,0.01,0.01,0.01,0.01,0.01,0.01,0.01,0.01,0.01,0.01,0.01,0.01,0.01,0.01,0.01,0.01,0.01
paired,1,120000,103.21884807944298,104.14553724997677,0.6322727799415588,0.7816649675369263,0,0.22870000000000001,0.7713,0.0049,0.0018,0.0023,0.0038,0.0026,0.0019,0.0039,0.0039,0.0035,0.0072,0.0024,0.0016,0.0024,0.0017,0.0016,0.0013,0.0015,0.002,0.0014,0.004,0.0022,0.0013,0.002,0.002,0.0022,0.0019,0.0022,0.0016,0.0011,0.0026,0.0049,0.0024,0.0008,0.0008,0.0014,0.001,0.001,0.0014,0.0016,0.0034,0.0033,0.001,0.0008,0.0008,0.0007,0.0014,0.0011,0.0008,0.0017,0.0031,0.0025,0.0005,0.0014,0.0016,0.0011,0.0014,0.002,0.0017,0.0013,0.003,0.003,0.0014,0.002,0.0011,0.0006,0.001,0.0013,0.0006,0.001,0.0032,0.0045,0.0022,0.0014,0.0019,0.0018,0.002,0.002,0.0009,0.0029,0.0043,0.0018,0.0011,0.0011,0.0024,0.0021,0.0022,0.0028,0.0024,0.0013,0.0026,0.0079,0.0022,0.0041,0.0045,0.0023,0.0032,0.0034,0.0053,0.0031,0.0091,0.0,0.0,0.01,0.01,0.01,0.01,0.01,0.01,0.01,0.01,0.01,0.01,0.01,0.01,0.01,0.01,0.01,0.01,0.01,0.01,0.01,0.01,0.01,0.01,0.01,0.01,0.01,0.01,0.01,0.01,0.01,0.01,0.01,0.01,0.01,0.01,0.01,0.01,0.01,0.01,0.01,0.01,0.01,0.01,0.01,0.01,0.01,0.01,0.01,0.01,0.01,0.01,0.01,0.01,0.01,0.01,0.01,0.01,0.01,0.01,0.01,0.01,0.01,0.01,0.01,0.01,0.01,0.01,0.01,0.01,0.01,0.01,0.01,0.01,0.01,0.01,0.01,0.01,0.01,0.01,0.01,0.01,0.01,0.01,0.01,0.01,0.01,0.01,0.01,0.01,0.01,0.01,0.01,0.01,0.01,0.01,0.01,0.01,0.01,0.01,0.01,0.01,0.01,0.01,0.01,0.01,0.01,0.01,0.01,0.01,0.01,0.01,0.01,0.01,0.01,0.01,0.01,0.01,0.01,0.01,0.01,0.01,0.01,0.01,0.01,0.01,0.01,0.01,0.01,0.01,0.01,0.01,0.01,0.01,0.01,0.01,0.01,0.01,0.01,0.01,0.01,0.01,0.01,0.01,0.01,0.01,0.01,0.01,0.01,0.01,0.01,0.01,0.01,0.01,0.01,0.01,0.01,0.01,0.01,0.01,0.01,0.01,0.01,0.01,0.01,0.01,0.01,0.01,0.01,0.01,0.01,0.01,0.01,0.01,0.01,0.01,0.01,0.01,0.01,0.01,0.01,0.01,0.01,0.01,0.01,0.01,0.01,0.01,0.01,0.01,0.01,0.01,0.01,0.01,0.01,0.01,0.01,0.01,0.01,0.01,0.01,0.01
paired,1,121000,104.06999681796879,105.008359832922,0.6335526704788208,0.7851065397262573,0,0.23519999999999996,0.7648,0.005,0.0022,0.0024,0.0039,0.0043,0.0029,0.0044,0.0038,0.0035,0.006,0.0031,0.0017,0.0025,0.002,0.0016,0.0011,0.0011,0.0013,0.0014,0.004,0.0025,0.0016,0.0012,0.0025,0.0025,0.0024,0.0018,0.0023,0.001,0.0029,0.0039,0.0017,0.0019,0.0018,0.0013,0.0015,0.0011,0.0008,0.0013,0.0041,0.0023,0.0016,0.0013,0.0012,0.0009,0.0013,0.0012,0.001,0.0018,0.0032,0.0034,0.0015,0.0015,0.0013,0.0009,0.0014,0.0025,0.0013,0.0016,0.0036,0.0018,0.0007,0.0011,0.0013,0.001,0.0008,0.0014,0.0008,0.0009,0.0029,0.0064,0.0032,0.0017,0.0017,0.0011,0.0022,0.0016,0.0011,0.0029,0.0043,0.0016,0.0011,0.0006,0.0028,0.0019,0.0019,0.0027,0.0028,0.0011,0.0018,0.0079,0.002,0.0038,0.0046,0.0027,0.0036,0.003,0.0049,0.0029,0.0095,0.0,0.0,0.01,0.01,0.01,0.01,0.01,0.01,0.01,0.01,0.01,0.01,0.01,0.01,0.01,0.01,0.01,0.01,0.01,0.01,0.01,0.01,0.01,0.01,0.01,0.01,0.01,0.01,0.01,0.01,0.01,0.01,0.01,0.01,0.01,0.01,0.01,0.01,0.01,0.01,0.01,0.01,0.01,0.01,0.01,0.01,0.01,0.01,0.01,0.01,0.01,0.01,0.01,0.01,0.01,0.01,0.01,0.01,0.01,0.01,0.01,0.01,0.01,0.01,0.01,0.01,0.01,0.01,0.01,0.01,0.01,0.01,0.01,0.01,0.01,0.01,0.01,0.01,0.01,0.01,0.01,0.01,0.01,0.01,0.01,0.01,0.01,0.01,0.01,0.01,0.01,0.01,0.01,0.01,0.01,0.01,0.01,0.01,0.01,0.01,0.01,0.01,0.01,0.01,0.01,0.01,0.01,0.01,0.01,0.01,0.01,0.01,0.01,0.01,0.01,0.01,0.01,0.01,0.01,0.01,0.01,0.01,0.01,0.01,0.01,0.01,0.01,0.01,0.01,0.01,0.01,0.01,0.01,0.01,0.01,0.01,0.01,0.01,0.01,0.01,0.01,0.01,0.01,0.01,0.01,0.01,0.01,0.01,0.01,0.01,0.01,0.01,0.01,0.01,0.01,0.01,0.01,0.01,0.01,0.01,0.01,0.01,0.01,0.01,0.01,0.01,0.01,0.01,0.01,0.01,0.01,0.01,0.01,0.01,0.01,0.01,0.01,0.01,0.01,0.01,0.01,0.01,0.01,0.01,0.01,0.01,0.01,0.01,0.01,0.01,0.01,0.01,0.01,0.01,0.01,0.01,0.01,0.01,0.01,0.01,0.01,0.01
paired,1,122000,104.93316908599809,105.88250908290502,0.6419124603271484,0.7807254791259766,0,0.23170000000000002,0.7683,0.0049,0.0018,0.0028,0.0038,0.0043,0.0029,0.0044,0.0035,0.0037,0.0054,0.0023,0.0016,0.0028,0.0015,0.0015,0.0012,0.0011,0.0017,0.0015,0.0041,0.002,0.0013,0.001,0.0023,0.0022,0.0018,0.0016,0.0025,0.0012,0.0034,0.0047,0.002,0.0011,0.0014,0.0013,0.0014,0.0016,0.0011,0.002,0.0048,0.0026,0.0016,0.002,0.0008,0.001,0.0012,0.0012,0.001,0.002,0.0033,0.0028,0.0012,0.0014,0.0014,0.0007,0.0007,0.0022,0.0007,0.0014,0.0024,0.0024,0.0012,0.0012,0.0008,0.0005,0.0009,0.0015,0.0004,0.0018,0.0027,0.0054,0.0027,0.0018,0.0015,0.0015,0.0013,0.0016,0.0008,0.0028,0.003,0.0019,0.0011,0.0013,0.0028,0.0023,0.0034,0.0028,0.0025,0.0013,0.002,0.0072,0.0023,0.0045,0.0044,0.002,0.0033,0.0041,0.0053,0.0029,0.0094,0.0,0.0,0.01,0.01,0.01,0.01,0.01,0.01,0.01,0.01,0.01,0.01,0.01,0.01,0.01,0.01,0.01,0.01,0.01,0.01,0.01,0.01,0.01,0.01,0.01,0.01,0.01,0.01,0.01,0.01,0.01,0.01,0.01,0.01,0.01,0.01,0.01,0.01,0.01,0.01,0.01,0.01,0.01,0.01,0.01,0.01,0.01,0.01,0.01,0.01,0.01,0.01,0.01,0.01,0.01,0.01,0.01,0.01,0.01,0.01,0.01,0.01,0.01,0.01,0.01,0.01,0.01,0.01,0.01,0.01,0.01,0.01,0.01,0.01,0.01,0.01,0.01,0.01,0.01,0.01,0.01,0.01,0.01,0.01,0.01,0.01,0.01,0.01,0.01,0.01,0.01,0.01,0.01,0.01,0.01,0.01,0.01,0.01,0.01,0.01,0.01,0.01,0.01,0.01,0.01,0.01,0.01,0.01,0.01,0.01,0.01,0.01,0.01,0.01,0.01,0.01,0.01,0.01,0.01,0.01,0.01,0.01,0.01,0.01,0.01,0.01,0.01,0.01,0.01,0.01,0.01,0.01,0.01,0.01,0.01,0.01,0.01,0.01,0.01,0.01,0.01,0.01,0.01,0.01,0.01,0.01,0.01,0.01,0.01,0.01,0.01,0.01,0.01,0.01,0.01,0.01,0.01,0.01,0.01,0.01,0.01,0.01,0.01,0.01,0.01,0.01,0.01,0.01,0.01,0.01,0.01,0.01,0.01,0.01,0.01,0.01,0.01,0.01,0.01,0.01,0.01,0.01,0.01,0.01,0.01,0.01,0.01,0.01,0.01,0.01,0.01,0.01,0.01,0.01,0.01,0.01,0.01,0.01,0.01,0.01,0.01,0.01
paired,1,123000,105.7927822949132,106.75252566696145,0.6095319390296936,0.8014348745346069,0,0.21789999999999998,0.7821,0.0025,0.001,0.0019,0.0026,0.0036,0.0032,0.0041,0.0042,0.0031,0.0067,0.0012,0.0011,0.0028,0.0018,0.001,0.0016,0.0011,0.0009,0.0018,0.0039,0.0007,0.0024,0.0011,0.0027,0.0027,0.0021,0.0016,0.0021,0.0013,0.0027,0.0023,0.0022,0.0013,0.0011,0.0007,0.002,0.001,0.0008,0.0017,0.0047,0.0016,0.0016,0.0016,0.0004,0.0016,0.0013,0.0011,0.0007,0.0016,0.0031,0.0019,0.0012,0.0012,0.0013,0.0011,0.0016,0.0012,0.0009,0.0014,0.0024,0.0018,0.0017,0.0009,0.0013,0.0015,0.001,0.0012,0.0007,0.0015,0.0029,0.0023,0.0014,0.0014,0.0019,0.0022,0.002,0.0017,0.001,0.0023,0.0043,0.0018,0.0014,0.0014,0.0027,0.0018,0.0027,0.0035,0.0028,0.0007,0.0029,0.0076,0.0032,0.004,0.0047,0.0026,0.003,0.0035,0.0055,0.0029,0.0081,0.0,0.0,0.01,0.01,0.01,0.01,0.01,0.01,0.01,0.01,0.01,0.01,0.01,0.01,0.01,0.01,0.01,0.01,0.01,0.01,0.01,0.01,0.01,0.01,0.01,0.01,0.01,0.01,0.01,0.01,0.01,0.01,0.01,0.01,0.01,0.01,0.01,0.01,0.01,0.01,0.01,0.01,0.01,0.01,0.01,0.01,0.01,0.01,0.01,0.01,0.01,0.01,0.01,0.01,0.01,0.01,0.01,0.01,0.01,0.01,0.01,0.01,0.01,0.01,0.01,0.01,0.01,0.01,0.01,0.01,0.01,0.01,0.01,0.01,0.01,0.01,0.01,0.01,0.01,0.01,0.01,0.01,0.01,0.01,0.01,0.01,0.01,0.01,0.01,0.01,0.01,0.01,0.01,0.01,0.01,0.01,0.01,0.01,0.01,0.01,0.01,0.01,0.01,0.01,0.01,0.01,0.01,0.01,0.01,0.01,0.01,0.01,0.01,0.01,0.01,0.01,0.01,0.01,0.01,0.01,0.01,0.01,0.01,0.01,0.01,0.01,0.01,0.01,0.01,0.01,0.01,0.01,0.01,0.01,0.01,0.01,0.01,0.01,0.01,0.01,0.01,0.01,0.01,0.01,0.01,0.01,0.01,0.01,0.01,0.01,0.01,0.01,0.01,0.01,0.01,0.01,0.01,0.01,0.01,0.01,0.01,0.01,0.01,0.01,0.01,0.01,0.01,0.01,0.01,0.01,0.01,0.01,0.01,0.01,0.01,0.01,0.01,0.01,0.01,0.01,0.01,0.01,0.01,0.01,0.01,0.01,0.01,0.01,0.01,0.01,0.01,0.01,0.01,0.01,0.01,0.01,0.01,0.01,0.01,0.01,0.01,0.01
paired,1,124000,106.65266658808105,107.6250029169023,0.6219357848167419,0.7863038778305054,0,0.23360000000000003,0.7664,0.0037,0.0022,0.0024,0.0044,0.0038,0.0029,0.0044,0.0044,0.0033,0.0056,0.0026,0.002,0.002,0.0019,0.0015,0.0015,0.0012,0.0019,0.001,0.0041,0.0027,0.0013,0.0008,0.0024,0.0025,0.0021,0.0026,0.0022,0.0015,0.0033,0.0042,0.0016,0.0011,0.0012,0.001,0.0009,0.0007,0.001,0.0023,0.0037,0.0026,0.0013,0.0015,0.001,0.001,0.0016,0.0012,0.0009,0.0025,0.0031,0.0026,0.0013,0.0011,0.0011,0.0005,0.001,0.0022,0.001,0.0016,0.0035,0.0021,0.0015,0.0008,0.0013,0.0011,0.0011,0.0016,0.0007,0.0022,0.0031,0.0061,0.0021,0.0013,0.0015,0.0016,0.0016,0.0019,0.0011,0.0025,0.0049,0.0017,0.0011,0.001,0.0024,0.0024,0.0026,0.0032,0.0027,0.001,0.0031,0.0079,0.0025,0.0037,0.0044,0.0026,0.0029,0.0028,0.0052,0.0025,0.0093,0.0,0.0,0.01,0.01,0.01,0.01,0.01,0.01,0.01,0.01,0.01,0.01,0.01,0.01,0.01,0.01,0.01,0.01,0.01,0.01,0.01,0.01,0.01,0.01,0.01,0.01,0.01,0.01,0.01,0.01,0.01,0.01,0.01,0.01,0.01,0.01,0.01,0.01,0.01,0.01,0.01,0.01,0.01,0.01,0.01,0.01,0.01,0.01,0.01,0.01,0.01,0.01,0.01,0.01,0.01,0.01,0.01,0.01,0.01,0.01,0.01,0.01,0.01,0.01,0.01,0.01,0.01,0.01,0.01,0.01,0.01,0.01,0.01,0.01,0.01,0.01,0.01,0.01,0.01,0.01,0.01,0.01,0.01,0.01,0.01,0.01,0.01,0.01,0.01,0.01,0.01,0.01,0.01,0.01,0.01,0.01,0.01,0.01,0.01,0.01,0.01,0.01,0.01,0.01,0.01,0.01,0.01,0.01,0.01,0.01,0.01,0.01,0.01,0.01,0.01,0.01,0.01,0.01,0.01,0.01,0.01,0.01,0.01,0.01,0.01,0.01,0.01,0.01,0.01,0.01,0.01,0.01,0.01,0.01,0.01,0.01,0.01,0.01,0.01,0.01,0.01,0.01,0.01,0.01,0.01,0.01,0.01,0.01,0.01,0.01,0.01,0.01,0.01,0.01,0.01,0.01,0.01,0.01,0.01,0.01,0.01,0.01,0.01,0.01,0.01,0.01,0.01,0.01,0.01,0.01,0.01,0.01,0.01,0.01,0.01,0.01,0.01,0.01,0.01,0.01,0.01,0.01,0.01,0.01,0.01,0.01,0.01,0.01,0.01,0.01,0.01,0.01,0.01,0.01,0.01,0.01,0.01,0.01,0.01,0.01,0.01,0.01
paired,1,125000,107.5421354637947,108.52502345794346,0.6229817867279053,0.8125894069671631,0,0.22309999999999997,0.7768999999999999,0.0043,0.0023,0.0022,0.0026,0.0024,0.0024,0.0036,0.0033,0.0037,0.0078,0.0022,0.0015,0.0023,0.0017,0.0018,0.0013,0.0008,0.0021,0.0014,0.0031,0.0019,0.0009,0.001,0.0024,0.0026,0.0024,0.0018,0.0022,0.0008,0.0019,0.0041,0.0012,0.0016,0.0014,0.0011,0.0007,0.0013,0.0016,0.0025,0.003,0.0024,0.0011,0.0012,0.0008,0.0009,0.0012,0.0014,0.001,0.0025,0.003,0.0028,0.001,0.0017,0.0013,0.0007,0.001,0.0017,0.0017,0.0021,0.0029,0.0022,0.0012,0.0009,0.0012,0.0009,0.0008,0.0014,0.0008,0.0018,0.003,0.0059,0.002,0.0013,0.0015,0.0012,0.0016,0.0011,0.0013,0.0025,0.0024,0.002,0.0011,0.0009,0.0023,0.0017,0.0023,0.0034,0.0028,0.0009,0.0025,0.0085,0.0028,0.0041,0.0051,0.0028,0.0033,0.0029,0.0049,0.0024,0.0098,0.0,0.0,0.01,0.01,0.01,0.01,0.01,0.01,0.01,0.01,0.01,0.01,0.01,0.01,0.01,0.01,0.01,0.01,0.01,0.01,0.01,0.01,0.01,0.01,0.01,0.01,0.01,0.01,0.01,0.01,0.01,0.01,0.01,0.01,0.01,0.01,0.01,0.01,0.01,0.01,0.01,0.01,0.01,0.01,0.01,0.01,0.01,0.01,0.01,0.01,0.01,0.01,0.01,0.01,0.01,0.01,0.01,0.01,0.01,0.01,0.01,0.01,0.01,0.01,0.01,0.01,0.01,0.01,0.01,0.01,0.01,0.01,0.01,0.01,0.01,0.01,0.01,0.01,0.01,0.01,0.01,0.01,0.01,0.01,0.01,0.01,0.01,0.01,0.01,0.01,0.01,0.01,0.01,0.01,0.01,0.01,0.01,0.01,0.01,0.01,0.01,0.01,0.01,0.01,0.01,0.01,0.01,0.01,0.01,0.01,0.01,0.01,0.01,0.01,0.01,0.01,0.01,0.01,0.01,0.01,0.01,0.01,0.01,0.01,0.01,0.01,0.01,0.01,0.01,0.01,0.01,0.01,0.01,0.01,0.01,0.01,0.01,0.01,0.01,0.01,0.01,0.01,0.01,0.01,0.01,0.01,0.01,0.01,0.01,0.01,0.01,0.01,0.01,0.01,0.01,0.01,0.01,0.01,0.01,0.01,0.01,0.01,0.01,0.01,0.01,0.01,0.01,0.01,0.01,0.01,0.01,0.01,0.01,0.01,0.01,0.01,0.01,0.01,0.01,0.01,0.01,0.01,0.01,0.01,0.01,0.01,0.01,0.01,0.01,0.01,0.01,0.01,0.01,0.01,0.01,0.01,0.01,0.01,0.01,0.01,0.01,0.01
paired,1,126000,108.40688551904168,109.40034745796584,0.6225361227989197,0.8002290725708008,0,0.2318,0.7682,0.0039,0.0022,0.0024,0.0033,0.0029,0.0029,0.004,0.0042,0.0031,0.0064,0.003,0.0015,0.002,0.0017,0.0018,0.0013,0.001,0.0021,0.0018,0.0036,0.0022,0.0013,0.001,0.0023,0.0022,0.0022,0.0022,0.0019,0.0011,0.0031,0.0042,0.0015,0.0015,0.0017,0.001,0.0009,0.0015,0.001,0.0023,0.0031,0.0023,0.0016,0.0014,0.001,0.0006,0.0019,0.0011,0.0008,0.0026,0.0027,0.003,0.0011,0.0009,0.001,0.001,0.0013,0.0015,0.0013,0.0019,0.0037,0.002,0.0015,0.0014,0.0011,0.0009,0.0007,0.0013,0.001,0.0018,0.003,0.0053,0.0023,0.0011,0.0015,0.0011,0.0018,0.0011,0.0017,0.0028,0.0043,0.0015,0.0009,0.0014,0.0026,0.002,0.0031,0.0035,0.0024,0.0014,0.0033,0.0069,0.0024,0.0044,0.0051,0.0026,0.0041,0.0032,0.0048,0.0027,0.0098,0.0,0.0,0.01,0.01,0.01,0.01,0.01,0.01,0.01,0.01,0.01,0.01,0.01,0.01,0.01,0.01,0.01,0.01,0.01,0.01,0.01,0.01,0.01,0.01,0.01,0.01,0.01,0.01,0.01,0.01,0.01,0.01,0.01,0.01,0.01,0.01,0.01,0.01,0.01,0.01,0.01,0.01,0.01,0.01,0.01,0.01,0.01,0.01,0.01,0.01,0.01,0.01,0.01,0.01,0.01,0.01,0.01,0.01,0.01,0.01,0.01,0.01,0.01,0.01,0.01,0.01,0.01,0.01,0.01,0.01,0.01,0.01,0.01,0.01,0.01,0.01,0.01,0.01,0.01,0.01,0.01,0.01,0.01,0.01,0.01,0.01,0.01,0.01,0.01,0.01,0.01,0.01,0.01,0.01,0.01,0.01,0.01,0.01,0.01,0.01,0.01,0.01,0.01,0.01,0.01,0.01,0.01,0.01,0.01,0.01,0.01,0.01,0.01,0.01,0.01,0.01,0.01,0.01,0.01,0.01,0.01,0.01,0.01,0.01,0.01,0.01,0.01,0.01,0.01,0.01,0.01,0.01,0.01,0.01,0.01,0.01,0.01,0.01,0.01,0.01,0.01,0.01,0.01,0.01,0.01,0.01,0.01,0.01,0.01,0.01,0.01,0.01,0.01,0.01,0.01,0.01,0.01,0.01,0.01,0.01,0.01,0.01,0.01,0.01,0.01,0.01,0.01,0.01,0.01,0.01,0.01,0.01,0.01,0.01,0.01,0.01,0.01,0.01,0.01,0.01,0.01,0.01,0.01,0.01,0.01,0.01,0.01,0.01,0.01,0.01,0.01,0.01,0.01,0.01,0.01,0.01,0.01,0.01,0.01,0.01,0.01,0.01
paired,1,127000,109.26852780592162,110.27311466692481,0.6092239618301392,0.8072677254676819,1,0.23319999999999996,0.7673000000000001,0.0027,0.0017,0.0019,0.0036,0.003,0.0035,0.0041,0.0048,0.0034,0.0052,0.003,0.0014,0.0025,0.0018,0.0018,0.0018,0.0015,0.002,0.0016,0.0034,0.0026,0.0017,0.0015,0.0024,0.0025,0.0024,0.0027,0.0028,0.0012,0.0031,0.0045,0.0015,0.0015,0.0013,0.0012,0.0007,0.0014,0.0009,0.0017,0.0033,0.0023,0.0016,0.0013,0.001,0.0009,0.0015,0.0009,0.0007,0.0026,0.0026,0.0032,0.0013,0.0012,0.0013,0.0006,0.0016,0.0016,0.0011,0.002,0.0037,0.0022,0.0015,0.0013,0.0009,0.0013,0.0005,0.0014,0.0008,0.0016,0.0027,0.0064,0.0022,0.0015,0.0012,0.0016,0.0013,0.0013,0.0007,0.0023,0.0028,0.0019,0.001,0.0014,0.0025,0.0019,0.0029,0.0036,0.0023,0.0014,0.0021,0.0089,0.0033,0.004,0.0052,0.0031,0.0041,0.0025,0.0048,0.0017,0.0105,0.0,0.0,0.01,0.01,0.01,0.01,0.01,0.01,0.01,0.01,0.01,0.01,0.01,0.01,0.01,0.01,0.01,0.01,0.01,0.01,0.01,0.01,0.01,0.01,0.01,0.01,0.01,0.01,0.01,0.01,0.01,0.01,0.01,0.01,0.01,0.01,0.01,0.01,0.01,0.01,0.01,0.01,0.01,0.01,0.01,0.01,0.01,0.01,0.01,0.01,0.01,0.01,0.01,0.01,0.01,0.01,0.01,0.01,0.01,0.01,0.01,0.01,0.01,0.01,0.01,0.01,0.01,0.01,0.01,0.01,0.01,0.01,0.01,0.01,0.01,0.01,0.01,0.01,0.01,0.01,0.01,0.01,0.01,0.01,0.01,0.01,0.01,0.01,0.01,0.01,0.01,0.01,0.01,0.01,0.01,0.01,0.01,0.01,0.01,0.01,0.01,0.01,0.01,0.01,0.01,0.01,0.01,0.01,0.01,0.01,0.01,0.01,0.01,0.01,0.01,0.01,0.01,0.01,0.01,0.01,0.01,0.01,0.01,0.01,0.01,0.01,0.01,0.01,0.01,0.01,0.01,0.01,0.01,0.01,0.01,0.01,0.01,0.01,0.01,0.01,0.01,0.01,0.01,0.01,0.01,0.01,0.01,0.01,0.01,0.01,0.01,0.01,0.01,0.01,0.01,0.01,0.01,0.01,0.01,0.01,0.01,0.01,0.01,0.01,0.01,0.01,0.01,0.01,0.01,0.01,0.01,0.01,0.01,0.01,0.01,0.01,0.01,0.01,0.01,0.01,0.01,0.01,0.01,0.01,0.01,0.01,0.01,0.01,0.01,0.01,0.01,0.01,0.01,0.01,0.01,0.01,0.01,0.01,0.01,0.01,0.01,0.01
paired,1,128000,110.11731832229998,111.13275974988937,0.6387168169021606,0.8306792974472046,1,0.24180000000000001,0.7583000000000001,0.0048,0.0026,0.0022,0.004,0.0033,0.0042,0.0042,0.0045,0.004,0.0086,0.0026,0.0013,0.0028,0.0012,0.0017,0.0023,0.0016,0.002,0.0015,0.0042,0.0019,0.0015,0.001,0.0028,0.0021,0.0021,0.0021,0.0021,0.001,0.0031,0.004,0.0012,0.0015,0.001,0.0007,0.001,0.001,0.0008,0.0018,0.0044,0.0016,0.0017,0.0008,0.001,0.0011,0.0016,0.0011,0.0009,0.0022,0.0036,0.0025,0.0013,0.0011,0.0017,0.0006,0.0016,0.0019,0.0009,0.0016,0.004,0.0022,0.0012,0.0016,0.0019,0.0015,0.0007,0.0013,0.0009,0.0015,0.0028,0.004,0.0025,0.0015,0.0015,0.0016,0.0017,0.0015,0.0009,0.002,0.0041,0.002,0.001,0.0014,0.0026,0.0019,0.0032,0.0036,0.0028,0.001,0.0028,0.0083,0.0037,0.0035,0.005,0.0033,0.0046,0.0026,0.0054,0.0026,0.0101,0.0,0.0,0.01,0.01,0.01,0.01,0.01,0.01,0.01,0.01,0.01,0.01,0.01,0.01,0.01,0.01,0.01,0.01,0.01,0.01,0.01,0.01,0.01,0.01,0.01,0.01,0.01,0.01,0.01,0.01,0.01,0.01,0.01,0.01,0.01,0.01,0.01,0.01,0.01,0.01,0.01,0.01,0.01,0.01,0.01,0.01,0.01,0.01,0.01,0.01,0.01,0.01,0.01,0.01,0.01,0.01,0.01,0.01,0.01,0.01,0.01,0.01,0.01,0.01,0.01,0.01,0.01,0.01,0.01,0.01,0.01,0.01,0.01,0.01,0.01,0.01,0.01,0.01,0.01,0.01,0.01,0.01,0.01,0.01,0.01,0.01,0.01,0.01,0.01,0.01,0.01,0.01,0.01,0.01,0.01,0.01,0.01,0.01,0.01,0.01,0.01,0.01,0.01,0.01,0.01,0.01,0.01,0.01,0.01,0.01,0.01,0.01,0.01,0.01,0.01,0.01,0.01,0.01,0.01,0.01,0.01,0.01,0.01,0.01,0.01,0.01,0.01,0.01,0.01,0.01,0.01,0.01,0.01,0.01,0.01,0.01,0.01,0.01,0.01,0.01,0.01,0.01,0.01,0.01,0.01,0.01,0.01,0.01,0.01,0.01,0.01,0.01,0.01,0.01,0.01,0.01,0.01,0.01,0.01,0.01,0.01,0.01,0.01,0.01,0.01,0.01,0.01,0.01,0.01,0.01,0.01,0.01,0.01,0.01,0.01,0.01,0.01,0.01,0.01,0.01,0.01,0.01,0.01,0.01,0.01,0.01,0.01,0.01,0.01,0.01,0.01,0.01,0.01,0.01,0.01,0.01,0.01,0.01,0.01,0.01,0.01,0.01
paired,1,129000,110.96274246450048,111.9886933749076,0.6137931942939758,0.8181314468383789,0,0.23370000000000002,0.7663,0.0019,0.0012,0.0014,0.0032,0.0024,0.0037,0.0039,0.004,0.0035,0.0086,0.003,0.0015,0.0026,0.0019,0.0023,0.0022,0.0015,0.0023,0.0018,0.0039,0.0019,0.0012,0.001,0.0027,0.0026,0.0023,0.0024,0.0025,0.0015,0.0039,0.0039,0.0013,0.0016,0.0016,0.0008,0.001,0.001,0.001,0.0023,0.0046,0.002,0.0016,0.0015,0.0014,0.0008,0.0015,0.0009,0.0006,0.0024,0.0036,0.0035,0.0011,0.001,0.001,0.0004,0.0015,0.002,0.0013,0.002,0.0034,0.0023,0.0012,0.0011,0.0013,0.001,0.001,0.0014,0.0009,0.002,0.0032,0.0053,0.0035,0.0018,0.001,0.001,0.0006,0.0011,0.0007,0.0028,0.0032,0.0021,0.0011,0.0012,0.003,0.0018,0.0033,0.0032,0.0027,0.0008,0.0024,0.008,0.0029,0.0035,0.0044,0.0035,0.0038,0.0027,0.0049,0.0024,0.0082,0.0,0.0,0.01,0.01,0.01,0.01,0.01,0.01,0.01,0.01,0.01,0.01,0.01,0.01,0.01,0.01,0.01,0.01,0.01,0.01,0.01,0.01,0.01,0.01,0.01,0.01,0.01,0.01,0.01,0.01,0.01,0.01,0.01,0.01,0.01,0.01,0.01,0.01,0.01,0.01,0.01,0.01,0.01,0.01,0.01,0.01,0.01,0.01,0.01,0.01,0.01,0.01,0.01,0.01,0.01,0.01,0.01,0.01,0.01,0.01,0.01,0.01,0.01,0.01,0.01,0.01,0.01,0.01,0.01,0.01,0.01,0.01,0.01,0.01,0.01,0.01,0.01,0.01,0.01,0.01,0.01,0.01,0.01,0.01,0.01,0.01,0.01,0.01,0.01,0.01,0.01,0.01,0.01,0.01,0.01,0.01,0.01,0.01,0.01,0.01,0.01,0.01,0.01,0.01,0.01,0.01,0.01,0.01,0.01,0.01,0.01,0.01,0.01,0.01,0.01,0.01,0.01,0.01,0.01,0.01,0.01,0.01,0.01,0.01,0.01,0.01,0.01,0.01,0.01,0.01,0.01,0.01,0.01,0.01,0.01,0.01,0.01,0.01,0.01,0.01,0.01,0.01,0.01,0.01,0.01,0.01,0.01,0.01,0.01,0.01,0.01,0.01,0.01,0.01,0.01,0.01,0.01,0.01,0.01,0.01,0.01,0.01,0.01,0.01,0.01,0.01,0.01,0.01,0.01,0.01,0.01,0.01,0.01,0.01,0.01,0.01,0.01,0.01,0.01,0.01,0.01,0.01,0.01,0.01,0.01,0.01,0.01,0.01,0.01,0.01,0.01,0.01,0.01,0.01,0.01,0.01,0.01,0.01,0.01,0.01,0.01,0.01
paired,1,130000,111.80566243524663,112.84266362490598,0.6379137635231018,0.8398028016090393,0,0.23760000000000003,0.7624,0.005,0.0021,0.0022,0.0032,0.003,0.0035,0.0038,0.0039,0.0028,0.0079,0.002,0.0015,0.0032,0.0019,0.0017,0.0023,0.0015,0.0016,0.0018,0.004,0.0018,0.0017,0.001,0.0026,0.0023,0.0023,0.0023,0.002,0.0011,0.0034,0.004,0.0018,0.0011,0.0012,0.0011,0.0011,0.0006,0.0011,0.0018,0.0048,0.0025,0.0013,0.0016,0.0005,0.0014,0.0011,0.0013,0.0006,0.0021,0.0032,0.0019,0.0023,0.0015,0.0013,0.0008,0.0015,0.0018,0.0009,0.0018,0.0034,0.0025,0.0019,0.0014,0.0013,0.0017,0.0008,0.0013,0.0011,0.0019,0.0031,0.0032,0.0015,0.0014,0.0015,0.0021,0.001,0.0021,0.001,0.0021,0.0052,0.0021,0.0016,0.0018,0.0025,0.0022,0.003,0.0028,0.002,0.0006,0.0027,0.0081,0.0038,0.0032,0.0049,0.0036,0.0042,0.0027,0.0061,0.0022,0.0086,0.0,0.0,0.01,0.01,0.01,0.01,0.01,0.01,0.01,0.01,0.01,0.01,0.01,0.01,0.01,0.01,0.01,0.01,0.01,0.01,0.01,0.01,0.01,0.01,0.01,0.01,0.01,0.01,0.01,0.01,0.01,0.01,0.01,0.01,0.01,0.01,0.01,0.01,0.01,0.01,0.01,0.01,0.01,0.01,0.01,0.01,0.01,0.01,0.01,0.01,0.01,0.01,0.01,0.01,0.01,0.01,0.01,0.01,0.01,0.01,0.01,0.01,0.01,0.01,0.01,0.01,0.01,0.01,0.01,0.01,0.01,0.01,0.01,0.01,0.01,0.01,0.01,0.01,0.01,0.01,0.01,0.01,0.01,0.01,0.01,0.01,0.01,0.01,0.01,0.01,0.01,0.01,0.01,0.01,0.01,0.01,0.01,0.01,0.01,0.01,0.01,0.01,0.01,0.01,0.01,0.01,0.01,0.01,0.01,0.01,0.01,0.01,0.01,0.01,0.01,0.01,0.01,0.01,0.01,0.01,0.01,0.01,0.01,0.01,0.01,0.01,0.01,0.01,0.01,0.01,0.01,0.01,0.01,0.01,0.01,0.01,0.01,0.01,0.01,0.01,0.01,0.01,0.01,0.01,0.01,0.01,0.01,0.01,0.01,0.01,0.01,0.01,0.01,0.01,0.01,0.01,0.01,0.01,0.01,0.01,0.01,0.01,0.01,0.01,0.01,0.01,0.01,0.01,0.01,0.01,0.01,0.01,0.01,0.01,0.01,0.01,0.01,0.01,0.01,0.01,0.01,0.01,0.01,0.01,0.01,0.01,0.01,0.01,0.01,0.01,0.01,0.01,0.01,0.01,0.01,0.01,0.01,0.01,0.01,0.01,0.01,0.01
paired,1,131000,112.68637722195126,113.73432487493847,0.6233482360839844,0.8214995861053467,0,0.2378,0.7622,0.0053,0.0023,0.0025,0.0035,0.0028,0.0034,0.004,0.0047,0.0035,0.0099,0.0028,0.002,0.0032,0.0018,0.0012,0.0023,0.0015,0.0022,0.0017,0.0029,0.0021,0.0015,0.0009,0.003,0.0022,0.0026,0.0023,0.0018,0.0011,0.0037,0.0047,0.0015,0.0015,0.0009,0.0012,0.0008,0.0007,0.0008,0.0019,0.004,0.002,0.0019,0.0011,0.0012,0.0009,0.0011,0.0012,0.0009,0.0021,0.0035,0.0032,0.0015,0.0015,0.0016,0.001,0.0019,0.002,0.0008,0.0013,0.0029,0.0027,0.0012,0.0012,0.0011,0.0006,0.0012,0.0013,0.0009,0.0016,0.0022,0.0062,0.0026,0.0014,0.0012,0.0013,0.0006,0.0016,0.0009,0.0021,0.0005,0.002,0.0012,0.0015,0.0035,0.0022,0.0035,0.003,0.0031,0.0009,0.0016,0.0088,0.0035,0.0039,0.0048,0.0031,0.0041,0.0027,0.006,0.0024,0.0073,0.0,0.0,0.01,0.01,0.01,0.01,0.01,0.01,0.01,0.01,0.01,0.01,0.01,0.01,0.01,0.01,0.01,0.01,0.01,0.01,0.01,0.01,0.01,0.01,0.01,0.01,0.01,0.01,0.01,0.01,0.01,0.01,0.01,0.01,0.01,0.01,0.01,0.01,0.01,0.01,0.01,0.01,0.01,0.01,0.01,0.01,0.01,0.01,0.01,0.01,0.01,0.01,0.01,0.01,0.01,0.01,0.01,0.01,0.01,0.01,0.01,0.01,0.01,0.01,0.01,0.01,0.01,0.01,0.01,0.01,0.01,0.01,0.01,0.01,0.01,0.01,0.01,0.01,0.01,0.01,0.01,0.01,0.01,0.01,0.01,0.01,0.01,0.01,0.01,0.01,0.01,0.01,0.01,0.01,0.01,0.01,0.01,0.01,0.01,0.01,0.01,0.01,0.01,0.01,0.01,0.01,0.01,0.01,0.01,0.01,0.01,0.01,0.01,0.01,0.01,0.01,0.01,0.01,0.01,0.01,0.01,0.01,0.01,0.01,0.01,0.01,0.01,0.01,0.01,0.01,0.01,0.01,0.01,0.01,0.01,0.01,0.01,0.01,0.01,0.01,0.01,0.01,0.01,0.01,0.01,0.01,0.01,0.01,0.01,0.01,0.01,0.01,0.01,0.01,0.01,0.01,0.01,0.01,0.01,0.01,0.01,0.01,0.01,0.01,0.01,0.01,0.01,0.01,0.01,0.01,0.01,0.01,0.01,0.01,0.01,0.01,0.01,0.01,0.01,0.01,0.01,0.01,0.01,0.01,0.01,0.01,0.01,0.01,0.01,0.01,0.01,0.01,0.01,0.01,0.01,0.01,0.01,0.01,0.01,0.01,0.01,0.01
paired,1,132000,113.54217937903013,114.6009351669345,0.6396299600601196,0.8311375975608826,0,0.2472000000000001,0.7527999999999999,0.0045,0.002,0.0022,0.0031,0.0035,0.0032,0.0038,0.0037,0.0036,0.0079,0.003,0.0014,0.0033,0.0014,0.0013,0.0019,0.0016,0.0015,0.0019,0.0033,0.0022,0.0017,0.0008,0.0024,0.0021,0.0026,0.0018,0.0028,0.0006,0.0029,0.0053,0.0022,0.0017,0.0009,0.0013,0.0012,0.0012,0.001,0.0026,0.005,0.0019,0.0022,0.0014,0.0006,0.0008,0.0013,0.0012,0.0007,0.0032,0.0035,0.0028,0.0017,0.0014,0.0014,0.0009,0.0018,0.0013,0.0006,0.003,0.0028,0.0028,0.0012,0.0012,0.0009,0.0015,0.001,0.0018,0.0009,0.0026,0.0029,0.0064,0.0031,0.0013,0.0015,0.0016,0.0011,0.0016,0.0009,0.0029,0.0043,0.0017,0.0011,0.002,0.0039,0.0025,0.0032,0.003,0.0028,0.0008,0.0022,0.0076,0.0029,0.0041,0.0049,0.0029,0.0043,0.0032,0.0057,0.0027,0.0093,0.0,0.0,0.01,0.01,0.01,0.01,0.01,0.01,0.01,0.01,0.01,0.01,0.01,0.01,0.01,0.01,0.01,0.01,0.01,0.01,0.01,0.01,0.01,0.01,0.01,0.01,0.01,0.01,0.01,0.01,0.01,0.01,0.01,0.01,0.01,0.01,0.01,0.01,0.01,0.01,0.01,0.01,0.01,0.01,0.01,0.01,0.01,0.01,0.01,0.01,0.01,0.01,0.01,0.01,0.01,0.01,0.01,0.01,0.01,0.01,0.01,0.01,0.01,0.01,0.01,0.01,0.01,0.01,0.01,0.01,0.01,0.01,0.01,0.01,0.01,0.01,0.01,0.01,0.01,0.01,0.01,0.01,0.01,0.01,0.01,0.01,0.01,0.01,0.01,0.01,0.01,0.01,0.01,0.01,0.01,0.01,0.01,0.01,0.01,0.01,0.01,0.01,0.01,0.01,0.01,0.01,0.01,0.01,0.01,0.01,0.01,0.01,0.01,0.01,0.01,0.01,0.01,0.01,0.01,0.01,0.01,0.01,0.01,0.01,0.01,0.01,0.01,0.01,0.01,0.01,0.01,0.01,0.01,0.01,0.01,0.01,0.01,0.01,0.01,0.01,0.01,0.01,0.01,0.01,0.01,0.01,0.01,0.01,0.01,0.01,0.01,0.01,0.01,0.01,0.01,0.01,0.01,0.01,0.01,0.01,0.01,0.01,0.01,0.01,0.01,0.01,0.01,0.01,0.01,0.01,0.01,0.01,0.01,0.01,0.01,0.01,0.01,0.01,0.01,0.01,0.01,0.01,0.01,0.01,0.01,0.01,0.01,0.01,0.01,0.01,0.01,0.01,0.01,0.01,0.01,0.01,0.01,0.01,0.01,0.01,0.01,0.01
paired,1,133000,114.41708320647012,115.48730658297427,0.6252998113632202,0.8401363492012024,1,0.24429999999999996,0.7558,0.0032,0.0015,0.0037,0.004,0.0035,0.0037,0.0048,0.0035,0.0036,0.008,0.0024,0.0015,0.0027,0.0022,0.0017,0.002,0.0019,0.0027,0.0017,0.0035,0.0019,0.0009,0.0013,0.0025,0.0025,0.0027,0.0025,0.0024,0.0012,0.003,0.0045,0.0012,0.0014,0.0007,0.0012,0.0009,0.0014,0.0009,0.0021,0.0039,0.0017,0.001,0.0026,0.001,0.0012,0.0016,0.0011,0.001,0.0033,0.0039,0.0029,0.0014,0.0018,0.0014,0.0008,0.0013,0.0012,0.0018,0.003,0.0031,0.0023,0.0017,0.0012,0.0009,0.0013,0.0017,0.0009,0.001,0.0015,0.003,0.0056,0.0029,0.0009,0.0011,0.0015,0.0011,0.0019,0.0016,0.0029,0.0019,0.0013,0.0009,0.0014,0.0034,0.0025,0.0036,0.0038,0.0029,0.0012,0.0022,0.0071,0.003,0.0041,0.0042,0.0023,0.0038,0.0032,0.0064,0.002,0.0101,0.0,0.0,0.01,0.01,0.01,0.01,0.01,0.01,0.01,0.01,0.01,0.01,0.01,0.01,0.01,0.01,0.01,0.01,0.01,0.01,0.01,0.01,0.01,0.01,0.01,0.01,0.01,0.01,0.01,0.01,0.01,0.01,0.01,0.01,0.01,0.01,0.01,0.01,0.01,0.01,0.01,0.01,0.01,0.01,0.01,0.01,0.01,0.01,0.01,0.01,0.01,0.01,0.01,0.01,0.01,0.01,0.01,0.01,0.01,0.01,0.01,0.01,0.01,0.01,0.01,0.01,0.01,0.01,0.01,0.01,0.01,0.01,0.01,0.01,0.01,0.01,0.01,0.01,0.01,0.01,0.01,0.01,0.01,0.01,0.01,0.01,0.01,0.01,0.01,0.01,0.01,0.01,0.01,0.01,0.01,0.01,0.01,0.01,0.01,0.01,0.01,0.01,0.01,0.01,0.01,0.01,0.01,0.01,0.01,0.01,0.01,0.01,0.01,0.01,0.01,0.01,0.01,0.01,0.01,0.01,0.01,0.01,0.01,0.01,0.01,0.01,0.01,0.01,0.01,0.01,0.01,0.01,0.01,0.01,0.01,0.01,0.01,0.01,0.01,0.01,0.01,0.01,0.01,0.01,0.01,0.01,0.01,0.01,0.01,0.01,0.01,0.01,0.01,0.01,0.01,0.01,0.01,0.01,0.01,0.01,0.01,0.01,0.01,0.01,0.01,0.01,0.01,0.01,0.01,0.01,0.01,0.01,0.01,0.01,0.01,0.01,0.01,0.01,0.01,0.01,0.01,0.01,0.01,0.01,0.01,0.01,0.01,0.01,0.01,0.01,0.01,0.01,0.01,0.01,0.01,0.01,0.01,0.01,0.01,0.01,0.01,0.01
paired,1,134000,115.28431954362895,116.36596674995963,0.6283969283103943,0.7992326021194458,0,0.23270000000000002,0.7673000000000001,0.0049,0.0017,0.0021,0.0031,0.0027,0.0028,0.0025,0.0017,0.0033,0.009,0.0027,0.0018,0.0028,0.0022,0.0016,0.0016,0.0013,0.0018,0.0019,0.0022,0.0021,0.0017,0.001,0.002,0.0021,0.0022,0.0021,0.0024,0.0005,0.0041,0.0047,0.0023,0.001,0.0011,0.0012,0.001,0.0011,0.0012,0.0025,0.0051,0.0022,0.0023,0.0016,0.0007,0.0008,0.0013,0.0012,0.0007,0.0036,0.0034,0.0029,0.0011,0.0015,0.0013,0.0008,0.0017,0.0013,0.0007,0.0035,0.0036,0.0027,0.0022,0.0011,0.0014,0.0012,0.0007,0.0016,0.0012,0.0016,0.0036,0.0051,0.0017,0.0012,0.0015,0.0015,0.0016,0.001,0.001,0.0023,0.0055,0.0024,0.0013,0.0023,0.0036,0.0019,0.0034,0.0037,0.0031,0.0003,0.002,0.0086,0.0045,0.0038,0.0045,0.0034,0.0037,0.0024,0.0045,0.0016,0.0007,0.0,0.0,0.01,0.01,0.01,0.01,0.01,0.01,0.01,0.01,0.01,0.01,0.01,0.01,0.01,0.01,0.01,0.01,0.01,0.01,0.01,0.01,0.01,0.01,0.01,0.01,0.01,0.01,0.01,0.01,0.01,0.01,0.01,0.01,0.01,0.01,0.01,0.01,0.01,0.01,0.01,0.01,0.01,0.01,0.01,0.01,0.01,0.01,0.01,0.01,0.01,0.01,0.01,0.01,0.01,0.01,0.01,0.01,0.01,0.01,0.01,0.01,0.01,0.01,0.01,0.01,0.01,0.01,0.01,0.01,0.01,0.01,0.01,0.01,0.01,0.01,0.01,0.01,0.01,0.01,0.01,0.01,0.01,0.01,0.01,0.01,0.01,0.01,0.01,0.01,0.01,0.01,0.01,0.01,0.01,0.01,0.01,0.01,0.01,0.01,0.01,0.01,0.01,0.01,0.01,0.01,0.01,0.01,0.01,0.01,0.01,0.01,0.01,0.01,0.01,0.01,0.01,0.01,0.01,0.01,0.01,0.01,0.01,0.01,0.01,0.01,0.01,0.01,0.01,0.01,0.01,0.01,0.01,0.01,0.01,0.01,0.01,0.01,0.01,0.01,0.01,0.01,0.01,0.01,0.01,0.01,0.01,0.01,0.01,0.01,0.01,0.01,0.01,0.01,0.01,0.01,0.01,0.01,0.01,0.01,0.01,0.01,0.01,0.01,0.01,0.01,0.01,0.01,0.01,0.01,0.01,0.01,0.01,0.01,0.01,0.01,0.01,0.01,0.01,0.01,0.01,0.01,0.01,0.01,0.01,0.01,0.01,0.01,0.01,0.01,0.01,0.01,0.01,0.01,0.01,0.01,0.01,0.01,0.01,0.01,0.01,0.01
paired,1,135000,116.1477565820096,117.24146737495903,0.6219979524612427,0.8648388385772705,0,0.25669999999999993,0.7433000000000001,0.0058,0.002,0.003,0.0037,0.0029,0.0038,0.0045,0.0044,0.0033,0.0086,0.0026,0.0014,0.0031,0.0019,0.0012,0.0023,0.0016,0.0024,0.002,0.0041,0.0022,0.0014,0.0008,0.0031,0.0027,0.0029,0.0023,0.0023,0.0009,0.0043,0.0048,0.0022,0.0013,0.0007,0.0019,0.0012,0.0013,0.0009,0.0026,0.004,0.0019,0.002,0.0022,0.0009,0.0005,0.001,0.0009,0.0008,0.0037,0.0031,0.0036,0.0013,0.0017,0.0013,0.0006,0.0011,0.0017,0.0008,0.0037,0.0038,0.0025,0.0022,0.0013,0.0019,0.0011,0.0012,0.0013,0.0006,0.0024,0.0032,0.0059,0.0026,0.0016,0.0013,0.001,0.0015,0.0012,0.0012,0.0027,0.0043,0.0022,0.0014,0.0015,0.0036,0.0026,0.0032,0.0032,0.0022,0.001,0.0022,0.0077,0.0037,0.0038,0.0049,0.0037,0.003,0.0029,0.0054,0.0027,0.0098,0.0,0.0,0.01,0.01,0.01,0.01,0.01,0.01,0.01,0.01,0.01,0.01,0.01,0.01,0.01,0.01,0.01,0.01,0.01,0.01,0.01,0.01,0.01,0.01,0.01,0.01,0.01,0.01,0.01,0.01,0.01,0.01,0.01,0.01,0.01,0.01,0.01,0.01,0.01,0.01,0.01,0.01,0.01,0.01,0.01,0.01,0.01,0.01,0.01,0.01,0.01,0.01,0.01,0.01,0.01,0.01,0.01,0.01,0.01,0.01,0.01,0.01,0.01,0.01,0.01,0.01,0.01,0.01,0.01,0.01,0.01,0.01,0.01,0.01,0.01,0.01,0.01,0.01,0.01,0.01,0.01,0.01,0.01,0.01,0.01,0.01,0.01,0.01,0.01,0.01,0.01,0.01,0.01,0.01,0.01,0.01,0.01,0.01,0.01,0.01,0.01,0.01,0.01,0.01,0.01,0.01,0.01,0.01,0.01,0.01,0.01,0.01,0.01,0.01,0.01,0.01,0.01,0.01,0.01,0.01,0.01,0.01,0.01,0.01,0.01,0.01,0.01,0.01,0.01,0.01,0.01,0.01,0.01,0.01,0.01,0.01,0.01,0.01,0.01,0.01,0.01,0.01,0.01,0.01,0.01,0.01,0.01,0.01,0.01,0.01,0.01,0.01,0.01,0.01,0.01,0.01,0.01,0.01,0.01,0.01,0.01,0.01,0.01,0.01,0.01,0.01,0.01,0.01,0.01,0.01,0.01,0.01,0.01,0.01,0.01,0.01,0.01,0.01,0.01,0.01,0.01,0.01,0.01,0.01,0.01,0.01,0.01,0.01,0.01,0.01,0.01,0.01,0.01,0.01,0.01,0.01,0.01,0.01,0.01,0.01,0.01,0.01
paired,1,136000,117.0263633618597,118.1326858329121,0.6137248277664185,0.8548672795295715,0,0.2593000000000001,0.7407,0.0061,0.0018,0.0038,0.004,0.0031,0.0039,0.005,0.0046,0.005,0.0093,0.0024,0.0015,0.0026,0.0016,0.0022,0.0019,0.0018,0.0025,0.0022,0.0035,0.0022,0.0012,0.0008,0.0021,0.0025,0.0025,0.0023,0.0027,0.0004,0.0038,0.0051,0.0018,0.0012,0.0012,0.002,0.0013,0.0008,0.001,0.0023,0.0048,0.0017,0.002,0.0022,0.0009,0.0014,0.0016,0.0009,0.0009,0.0039,0.0037,0.003,0.0018,0.0018,0.0012,0.0006,0.001,0.0012,0.0013,0.0033,0.0037,0.0031,0.0023,0.0013,0.0016,0.0016,0.0012,0.0014,0.0009,0.0021,0.004,0.006,0.003,0.0016,0.0008,0.0012,0.0012,0.0015,0.001,0.0027,0.0052,0.0021,0.0012,0.0017,0.0037,0.0019,0.0035,0.0035,0.0031,0.0009,0.0019,0.0077,0.0036,0.0035,0.0046,0.0029,0.0034,0.0028,0.0057,0.0021,0.0069,0.0,0.0,0.01,0.01,0.01,0.01,0.01,0.01,0.01,0.01,0.01,0.01,0.01,0.01,0.01,0.01,0.01,0.01,0.01,0.01,0.01,0.01,0.01,0.01,0.01,0.01,0.01,0.01,0.01,0.01,0.01,0.01,0.01,0.01,0.01,0.01,0.01,0.01,0.01,0.01,0.01,0.01,0.01,0.01,0.01,0.01,0.01,0.01,0.01,0.01,0.01,0.01,0.01,0.01,0.01,0.01,0.01,0.01,0.01,0.01,0.01,0.01,0.01,0.01,0.01,0.01,0.01,0.01,0.01,0.01,0.01,0.01,0.01,0.01,0.01,0.01,0.01,0.01,0.01,0.01,0.01,0.01,0.01,0.01,0.01,0.01,0.01,0.01,0.01,0.01,0.01,0.01,0.01,0.01,0.01,0.01,0.01,0.01,0.01,0.01,0.01,0.01,0.01,0.01,0.01,0.01,0.01,0.01,0.01,0.01,0.01,0.01,0.01,0.01,0.01,0.01,0.01,0.01,0.01,0.01,0.01,0.01,0.01,0.01,0.01,0.01,0.01,0.01,0.01,0.01,0.01,0.01,0.01,0.01,0.01,0.01,0.01,0.01,0.01,0.01,0.01,0.01,0.01,0.01,0.01,0.01,0.01,0.01,0.01,0.01,0.01,0.01,0.01,0.01,0.01,0.01,0.01,0.01,0.01,0.01,0.01,0.01,0.01,0.01,0.01,0.01,0.01,0.01,0.01,0.01,0.01,0.01,0.01,0.01,0.01,0.01,0.01,0.01,0.01,0.01,0.01,0.01,0.01,0.01,0.01,0.01,0.01,0.01,0.01,0.01,0.01,0.01,0.01,0.01,0.01,0.01,0.01,0.01,0.01,0.01,0.01,0.01
paired,1,137000,117.87728127895389,118.99423754191957,0.6151761412620544,0.8641485571861267,0,0.242,0.758,0.003,0.0015,0.0028,0.0025,0.0031,0.0029,0.003,0.0029,0.0037,0.0079,0.0039,0.0024,0.0026,0.002,0.0024,0.0016,0.0022,0.0022,0.0024,0.0029,0.0021,0.0016,0.0009,0.0022,0.0023,0.0016,0.0027,0.0026,0.0004,0.004,0.005,0.0016,0.0012,0.0007,0.0014,0.001,0.0014,0.0007,0.002,0.0051,0.0021,0.0022,0.0015,0.001,0.0009,0.0021,0.0012,0.001,0.003,0.003,0.0029,0.002,0.0015,0.0013,0.0008,0.0013,0.0013,0.0012,0.0036,0.0039,0.0025,0.0027,0.0012,0.0018,0.0009,0.0013,0.0014,0.0007,0.0017,0.0039,0.0073,0.0032,0.0019,0.0005,0.0012,0.0015,0.0012,0.0012,0.0031,0.0062,0.0017,0.0011,0.0016,0.0026,0.0016,0.0028,0.0039,0.0028,0.0006,0.0023,0.0071,0.0035,0.004,0.0053,0.0031,0.0028,0.0029,0.0058,0.0021,0.0028,0.0,0.0,0.01,0.01,0.01,0.01,0.01,0.01,0.01,0.01,0.01,0.01,0.01,0.01,0.01,0.01,0.01,0.01,0.01,0.01,0.01,0.01,0.01,0.01,0.01,0.01,0.01,0.01,0.01,0.01,0.01,0.01,0.01,0.01,0.01,0.01,0.01,0.01,0.01,0.01,0.01,0.01,0.01,0.01,0.01,0.01,0.01,0.01,0.01,0.01,0.01,0.01,0.01,0.01,0.01,0.01,0.01,0.01,0.01,0.01,0.01,0.01,0.01,0.01,0.01,0.01,0.01,0.01,0.01,0.01,0.01,0.01,0.01,0.01,0.01,0.01,0.01,0.01,0.01,0.01,0.01,0.01,0.01,0.01,0.01,0.01,0.01,0.01,0.01,0.01,0.01,0.01,0.01,0.01,0.01,0.01,0.01,0.01,0.01,0.01,0.01,0.01,0.01,0.01,0.01,0.01,0.01,0.01,0.01,0.01,0.01,0.01,0.01,0.01,0.01,0.01,0.01,0.01,0.01,0.01,0.01,0.01,0.01,0.01,0.01,0.01,0.01,0.01,0.01,0.01,0.01,0.01,0.01,0.01,0.01,0.01,0.01,0.01,0.01,0.01,0.01,0.01,0.01,0.01,0.01,0.01,0.01,0.01,0.01,0.01,0.01,0.01,0.01,0.01,0.01,0.01,0.01,0.01,0.01,0.01,0.01,0.01,0.01,0.01,0.01,0.01,0.01,0.01,0.01,0.01,0.01,0.01,0.01,0.01,0.01,0.01,0.01,0.01,0.01,0.01,0.01,0.01,0.01,0.01,0.01,0.01,0.01,0.01,0.01,0.01,0.01,0.01,0.01,0.01,0.01,0.01,0.01,0.01,0.01,0.01,0.01,0.01
paired,1,138000,118.73125314817298,119.86033524991944,0.5950790643692017,0.8469253778457642,0,0.2538,0.7462,0.0047,0.0017,0.0029,0.0028,0.0024,0.0035,0.0038,0.0037,0.0038,0.0082,0.0019,0.0019,0.004,0.0024,0.0014,0.0022,0.0025,0.0023,0.0023,0.0028,0.0022,0.0013,0.0007,0.0029,0.0028,0.0024,0.0025,0.0024,0.0007,0.004,0.0041,0.0029,0.0013,0.0009,0.0013,0.0005,0.001,0.0008,0.0025,0.0052,0.0017,0.0022,0.0013,0.0008,0.001,0.0016,0.0011,0.0012,0.0035,0.0028,0.0029,0.0011,0.0015,0.0012,0.001,0.0012,0.0011,0.0011,0.0037,0.0038,0.0023,0.0018,0.0014,0.0011,0.0016,0.0009,0.001,0.0005,0.0024,0.0037,0.0051,0.0025,0.0016,0.001,0.0023,0.0021,0.0014,0.0011,0.0029,0.0036,0.0022,0.0019,0.0015,0.0032,0.0019,0.0039,0.0039,0.0023,0.0011,0.0024,0.0085,0.0036,0.0038,0.0045,0.0027,0.0037,0.0036,0.0073,0.0025,0.0096,0.0,0.0,0.01,0.01,0.01,0.01,0.01,0.01,0.01,0.01,0.01,0.01,0.01,0.01,0.01,0.01,0.01,0.01,0.01,0.01,0.01,0.01,0.01,0.01,0.01,0.01,0.01,0.01,0.01,0.01,0.01,0.01,0.01,0.01,0.01,0.01,0.01,0.01,0.01,0.01,0.01,0.01,0.01,0.01,0.01,0.01,0.01,0.01,0.01,0.01,0.01,0.01,0.01,0.01,0.01,0.01,0.01,0.01,0.01,0.01,0.01,0.01,0.01,0.01,0.01,0.01,0.01,0.01,0.01,0.01,0.01,0.01,0.01,0.01,0.01,0.01,0.01,0.01,0.01,0.01,0.01,0.01,0.01,0.01,0.01,0.01,0.01,0.01,0.01,0.01,0.01,0.01,0.01,0.01,0.01,0.01,0.01,0.01,0.01,0.01,0.01,0.01,0.01,0.01,0.01,0.01,0.01,0.01,0.01,0.01,0.01,0.01,0.01,0.01,0.01,0.01,0.01,0.01,0.01,0.01,0.01,0.01,0.01,0.01,0.01,0.01,0.01,0.01,0.01,0.01,0.01,0.01,0.01,0.01,0.01,0.01,0.01,0.01,0.01,0.01,0.01,0.01,0.01,0.01,0.01,0.01,0.01,0.01,0.01,0.01,0.01,0.01,0.01,0.01,0.01,0.01,0.01,0.01,0.01,0.01,0.01,0.01,0.01,0.01,0.01,0.01,0.01,0.01,0.01,0.01,0.01,0.01,0.01,0.01,0.01,0.01,0.01,0.01,0.01,0.01,0.01,0.01,0.01,0.01,0.01,0.01,0.01,0.01,0.01,0.01,0.01,0.01,0.01,0.01,0.01,0.01,0.01,0.01,0.01,0.01,0.01,0.01
paired,1,139000,119.58880469796713,120.72908349998761,0.6117737889289856,0.8534749150276184,0,0.25949999999999995,0.7405,0.0059,0.0016,0.0033,0.0027,0.0031,0.0032,0.0041,0.0031,0.0034,0.0084,0.0025,0.0013,0.0033,0.0022,0.0012,0.0025,0.0021,0.0022,0.0026,0.0025,0.0027,0.0013,0.0007,0.0029,0.0026,0.0025,0.0028,0.002,0.0008,0.0033,0.0053,0.0023,0.0013,0.0009,0.001,0.0007,0.0005,0.0004,0.0026,0.0049,0.0021,0.002,0.0012,0.001,0.0013,0.001,0.0012,0.0008,0.0038,0.0029,0.0032,0.0012,0.0021,0.0011,0.0007,0.0014,0.0017,0.0006,0.0036,0.0027,0.003,0.0023,0.0013,0.0013,0.0011,0.0013,0.0017,0.0008,0.0027,0.003,0.008,0.0026,0.0011,0.0013,0.0019,0.0023,0.0013,0.0006,0.0038,0.0053,0.0025,0.0015,0.002,0.0027,0.003,0.0041,0.0041,0.0023,0.0006,0.0025,0.0085,0.0045,0.0043,0.0052,0.0034,0.0036,0.0038,0.0066,0.0024,0.0069,0.0,0.0,0.01,0.01,0.01,0.01,0.01,0.01,0.01,0.01,0.01,0.01,0.01,0.01,0.01,0.01,0.01,0.01,0.01,0.01,0.01,0.01,0.01,0.01,0.01,0.01,0.01,0.01,0.01,0.01,0.01,0.01,0.01,0.01,0.01,0.01,0.01,0.01,0.01,0.01,0.01,0.01,0.01,0.01,0.01,0.01,0.01,0.01,0.01,0.01,0.01,0.01,0.01,0.01,0.01,0.01,0.01,0.01,0.01,0.01,0.01,0.01,0.01,0.01,0.01,0.01,0.01,0.01,0.01,0.01,0.01,0.01,0.01,0.01,0.01,0.01,0.01,0.01,0.01,0.01,0.01,0.01,0.01,0.01,0.01,0.01,0.01,0.01,0.01,0.01,0.01,0.01,0.01,0.01,0.01,0.01,0.01,0.01,0.01,0.01,0.01,0.01,0.01,0.01,0.01,0.01,0.01,0.01,0.01,0.01,0.01,0.01,0.01,0.01,0.01,0.01,0.01,0.01,0.01,0.01,0.01,0.01,0.01,0.01,0.01,0.01,0.01,0.01,0.01,0.01,0.01,0.01,0.01,0.01,0.01,0.01,0.01,0.01,0.01,0.01,0.01,0.01,0.01,0.01,0.01,0.01,0.01,0.01,0.01,0.01,0.01,0.01,0.01,0.01,0.01,0.01,0.01,0.01,0.01,0.01,0.01,0.01,0.01,0.01,0.01,0.01,0.01,0.01,0.01,0.01,0.01,0.01,0.01,0.01,0.01,0.01,0.01,0.01,0.01,0.01,0.01,0.01,0.01,0.01,0.01,0.01,0.01,0.01,0.01,0.01,0.01,0.01,0.01,0.01,0.01,0.01,0.01,0.01,0.01,0.01,0.01,0.01
paired,1,140000,120.43787140992936,121.58937520789914,0.6067366600036621,0.8856812715530396,0,0.25449999999999995,0.7455,0.0066,0.0022,0.003,0.0025,0.0026,0.0033,0.0039,0.0037,0.0041,0.0094,0.0023,0.0012,0.0033,0.0016,0.0021,0.0023,0.0023,0.0026,0.0022,0.0023,0.0028,0.0018,0.0009,0.0023,0.0027,0.0027,0.0025,0.0021,0.0006,0.0034,0.0049,0.0017,0.0013,0.001,0.0014,0.0007,0.0012,0.0004,0.0024,0.005,0.0029,0.0019,0.0008,0.0008,0.0012,0.0013,0.001,0.0008,0.0031,0.0024,0.0031,0.0015,0.0016,0.0008,0.0007,0.0011,0.0012,0.0009,0.0035,0.0034,0.0023,0.0014,0.0011,0.0013,0.0011,0.0006,0.0015,0.0008,0.0026,0.0034,0.0065,0.0017,0.0016,0.0013,0.0015,0.0021,0.0014,0.001,0.0026,0.0057,0.003,0.0018,0.0021,0.0026,0.003,0.0037,0.0043,0.0036,0.0004,0.003,0.009,0.0048,0.0039,0.0039,0.0035,0.0036,0.0026,0.0063,0.0027,0.0059,0.0,0.0,0.01,0.01,0.01,0.01,0.01,0.01,0.01,0.01,0.01,0.01,0.01,0.01,0.01,0.01,0.01,0.01,0.01,0.01,0.01,0.01,0.01,0.01,0.01,0.01,0.01,0.01,0.01,0.01,0.01,0.01,0.01,0.01,0.01,0.01,0.01,0.01,0.01,0.01,0.01,0.01,0.01,0.01,0.01,0.01,0.01,0.01,0.01,0.01,0.01,0.01,0.01,0.01,0.01,0.01,0.01,0.01,0.01,0.01,0.01,0.01,0.01,0.01,0.01,0.01,0.01,0.01,0.01,0.01,0.01,0.01,0.01,0.01,0.01,0.01,0.01,0.01,0.01,0.01,0.01,0.01,0.01,0.01,0.01,0.01,0.01,0.01,0.01,0.01,0.01,0.01,0.01,0.01,0.01,0.01,0.01,0.01,0.01,0.01,0.01,0.01,0.01,0.01,0.01,0.01,0.01,0.01,0.01,0.01,0.01,0.01,0.01,0.01,0.01,0.01,0.01,0.01,0.01,0.01,0.01,0.01,0.01,0.01,0.01,0.01,0.01,0.01,0.01,0.01,0.01,0.01,0.01,0.01,0.01,0.01,0.01,0.01,0.01,0.01,0.01,0.01,0.01,0.01,0.01,0.01,0.01,0.01,0.01,0.01,0.01,0.01,0.01,0.01,0.01,0.01,0.01,0.01,0.01,0.01,0.01,0.01,0.01,0.01,0.01,0.01,0.01,0.01,0.01,0.01,0.01,0.01,0.01,0.01,0.01,0.01,0.01,0.01,0.01,0.01,0.01,0.01,0.01,0.01,0.01,0.01,0.01,0.01,0.01,0.01,0.01,0.01,0.01,0.01,0.01,0.01,0.01,0.01,0.01,0.01,0.01,0.01
paired,1,141000,121.2793548994232,122.44214299996383,0.6045095920562744,0.8371390104293823,0,0.258,0.742,0.0054,0.0021,0.0035,0.0029,0.0032,0.0039,0.004,0.0038,0.0036,0.009,0.0026,0.0019,0.0034,0.002,0.0023,0.0021,0.0016,0.0025,0.0023,0.0027,0.0026,0.0016,0.0008,0.0024,0.0025,0.0026,0.0018,0.0024,0.0008,0.0041,0.0043,0.0019,0.0012,0.0018,0.0013,0.0007,0.001,0.0004,0.0028,0.0049,0.0023,0.0021,0.0017,0.0012,0.0009,0.0015,0.0003,0.0011,0.0037,0.0028,0.0025,0.0018,0.0013,0.0005,0.0007,0.0016,0.001,0.0011,0.0037,0.0035,0.0022,0.0021,0.0008,0.0011,0.0013,0.0014,0.0012,0.0009,0.0024,0.004,0.006,0.0029,0.0018,0.0006,0.0014,0.0015,0.0012,0.0008,0.0038,0.0055,0.0026,0.0019,0.0014,0.0033,0.0023,0.0034,0.0039,0.0033,0.0006,0.0021,0.0089,0.0046,0.0038,0.0045,0.0035,0.0036,0.0032,0.0065,0.0025,0.0072,0.0,0.0,0.01,0.01,0.01,0.01,0.01,0.01,0.01,0.01,0.01,0.01,0.01,0.01,0.01,0.01,0.01,0.01,0.01,0.01,0.01,0.01,0.01,0.01,0.01,0.01,0.01,0.01,0.01,0.01,0.01,0.01,0.01,0.01,0.01,0.01,0.01,0.01,0.01,0.01,0.01,0.01,0.01,0.01,0.01,0.01,0.01,0.01,0.01,0.01,0.01,0.01,0.01,0.01,0.01,0.01,0.01,0.01,0.01,0.01,0.01,0.01,0.01,0.01,0.01,0.01,0.01,0.01,0.01,0.01,0.01,0.01,0.01,0.01,0.01,0.01,0.01,0.01,0.01,0.01,0.01,0.01,0.01,0.01,0.01,0.01,0.01,0.01,0.01,0.01,0.01,0.01,0.01,0.01,0.01,0.01,0.01,0.01,0.01,0.01,0.01,0.01,0.01,0.01,0.01,0.01,0.01,0.01,0.01,0.01,0.01,0.01,0.01,0.01,0.01,0.01,0.01,0.01,0.01,0.01,0.01,0.01,0.01,0.01,0.01,0.01,0.01,0.01,0.01,0.01,0.01,0.01,0.01,0.01,0.01,0.01,0.01,0.01,0.01,0.01,0.01,0.01,0.01,0.01,0.01,0.01,0.01,0.01,0.01,0.01,0.01,0.01,0.01,0.01,0.01,0.01,0.01,0.01,0.01,0.01,0.01,0.01,0.01,0.01,0.01,0.01,0.01,0.01,0.01,0.01,0.01,0.01,0.01,0.01,0.01,0.01,0.01,0.01,0.01,0.01,0.01,0.01,0.01,0.01,0.01,0.01,0.01,0.01,0.01,0.01,0.01,0.01,0.01,0.01,0.01,0.01,0.01,0.01,0.01,0.01,0.01,0.01
paired,1,142000,122.13191065913998,123.30795004195534,0.5725606083869934,0.9076440930366516,2,0.24109999999999998,0.7593000000000001,0.003,0.0017,0.0023,0.0026,0.0034,0.0039,0.0028,0.003,0.0033,0.0101,0.0022,0.0015,0.0019,0.0019,0.0019,0.0011,0.0013,0.0024,0.0028,0.0025,0.0015,0.0015,0.0007,0.0017,0.0028,0.002,0.0019,0.0021,0.0009,0.0035,0.0029,0.0017,0.0011,0.001,0.0001,0.0007,0.0013,0.0008,0.0032,0.0053,0.0018,0.0021,0.0017,0.001,0.0013,0.0016,0.0007,0.0012,0.0038,0.0023,0.0016,0.0021,0.002,0.0006,0.0007,0.0016,0.0014,0.0014,0.0038,0.0033,0.0019,0.0026,0.0019,0.0014,0.0012,0.0011,0.0008,0.0008,0.0031,0.0035,0.0045,0.0033,0.0015,0.001,0.002,0.0018,0.0024,0.0013,0.0035,0.0017,0.002,0.001,0.0012,0.0033,0.0041,0.0051,0.0032,0.0018,0.0012,0.0019,0.0077,0.0035,0.004,0.004,0.0028,0.0033,0.003,0.0062,0.0019,0.0103,0.0,0.0,0.01,0.01,0.01,0.01,0.01,0.01,0.01,0.01,0.01,0.01,0.01,0.01,0.01,0.01,0.01,0.01,0.01,0.01,0.01,0.01,0.01,0.01,0.01,0.01,0.01,0.01,0.01,0.01,0.01,0.01,0.01,0.01,0.01,0.01,0.01,0.01,0.01,0.01,0.01,0.01,0.01,0.01,0.01,0.01,0.01,0.01,0.01,0.01,0.01,0.01,0.01,0.01,0.01,0.01,0.01,0.01,0.01,0.01,0.01,0.01,0.01,0.01,0.01,0.01,0.01,0.01,0.01,0.01,0.01,0.01,0.01,0.01,0.01,0.01,0.01,0.01,0.01,0.01,0.01,0.01,0.01,0.01,0.01,0.01,0.01,0.01,0.01,0.01,0.01,0.01,0.01,0.01,0.01,0.01,0.01,0.01,0.01,0.01,0.01,0.01,0.01,0.01,0.01,0.01,0.01,0.01,0.01,0.01,0.01,0.01,0.01,0.01,0.01,0.01,0.01,0.01,0.01,0.01,0.01,0.01,0.01,0.01,0.01,0.01,0.01,0.01,0.01,0.01,0.01,0.01,0.01,0.01,0.01,0.01,0.01,0.01,0.01,0.01,0.01,0.01,0.01,0.01,0.01,0.01,0.01,0.01,0.01,0.01,0.01,0.01,0.01,0.01,0.01,0.01,0.01,0.01,0.01,0.01,0.01,0.01,0.01,0.01,0.01,0.01,0.01,0.01,0.01,0.01,0.01,0.01,0.01,0.01,0.01,0.01,0.01,0.01,0.01,0.01,0.01,0.01,0.01,0.01,0.01,0.01,0.01,0.01,0.01,0.01,0.01,0.01,0.01,0.01,0.01,0.01,0.01,0.01,0.01,0.01,0.01,0.01
paired,1,143000,123.01965097652283,124.2085011668969,0.6224887371063232,0.8627655506134033,0,0.2653,0.7347000000000001,0.0048,0.0022,0.0037,0.0028,0.0038,0.0035,0.0033,0.0035,0.0034,0.0085,0.0021,0.0017,0.0032,0.002,0.0021,0.0025,0.0025,0.0029,0.0021,0.0026,0.0023,0.0013,0.0011,0.0017,0.0028,0.0029,0.002,0.0026,0.0005,0.0036,0.0041,0.0017,0.0018,0.0017,0.0012,0.0007,0.0015,0.0006,0.003,0.0054,0.0019,0.0024,0.002,0.0014,0.0007,0.0013,0.0008,0.0007,0.0042,0.0026,0.0024,0.0016,0.002,0.0007,0.0006,0.0016,0.0013,0.0011,0.0038,0.0031,0.0022,0.0024,0.0014,0.0012,0.0014,0.0009,0.0012,0.0008,0.003,0.0038,0.0048,0.0025,0.0014,0.0012,0.0023,0.0024,0.0015,0.0006,0.0038,0.0056,0.0025,0.0015,0.0018,0.0036,0.0033,0.0044,0.0045,0.0031,0.0008,0.0023,0.0087,0.0043,0.005,0.0049,0.0033,0.0042,0.0035,0.0065,0.0023,0.0085,0.0,0.0,0.01,0.01,0.01,0.01,0.01,0.01,0.01,0.01,0.01,0.01,0.01,0.01,0.01,0.01,0.01,0.01,0.01,0.01,0.01,0.01,0.01,0.01,0.01,0.01,0.01,0.01,0.01,0.01,0.01,0.01,0.01,0.01,0.01,0.01,0.01,0.01,0.01,0.01,0.01,0.01,0.01,0.01,0.01,0.01,0.01,0.01,0.01,0.01,0.01,0.01,0.01,0.01,0.01,0.01,0.01,0.01,0.01,0.01,0.01,0.01,0.01,0.01,0.01,0.01,0.01,0.01,0.01,0.01,0.01,0.01,0.01,0.01,0.01,0.01,0.01,0.01,0.01,0.01,0.01,0.01,0.01,0.01,0.01,0.01,0.01,0.01,0.01,0.01,0.01,0.01,0.01,0.01,0.01,0.01,0.01,0.01,0.01,0.01,0.01,0.01,0.01,0.01,0.01,0.01,0.01,0.01,0.01,0.01,0.01,0.01,0.01,0.01,0.01,0.01,0.01,0.01,0.01,0.01,0.01,0.01,0.01,0.01,0.01,0.01,0.01,0.01,0.01,0.01,0.01,0.01,0.01,0.01,0.01,0.01,0.01,0.01,0.01,0.01,0.01,0.01,0.01,0.01,0.01,0.01,0.01,0.01,0.01,0.01,0.01,0.01,0.01,0.01,0.01,0.01,0.01,0.01,0.01,0.01,0.01,0.01,0.01,0.01,0.01,0.01,0.01,0.01,0.01,0.01,0.01,0.01,0.01,0.01,0.01,0.01,0.01,0.01,0.01,0.01,0.01,0.01,0.01,0.01,0.01,0.01,0.01,0.01,0.01,0.01,0.01,0.01,0.01,0.01,0.01,0.01,0.01,0.01,0.01,0.01,0.01,0.01
paired,1,144000,123.87979678844567,125.08044316689484,0.6190336346626282,0.8738694190979004,1,0.2589,0.7427000000000001,0.0051,0.0018,0.0036,0.0029,0.0031,0.0035,0.0026,0.0033,0.0032,0.0021,0.0021,0.0015,0.0036,0.0021,0.0019,0.0024,0.0023,0.0026,0.0025,0.0028,0.0025,0.0015,0.001,0.0015,0.002,0.0026,0.0022,0.002,0.0008,0.0043,0.0043,0.0021,0.0013,0.0016,0.0006,0.0005,0.0011,0.0006,0.0041,0.0061,0.0016,0.002,0.002,0.0007,0.001,0.0011,0.0011,0.001,0.0045,0.0019,0.0022,0.0016,0.0017,0.0012,0.0009,0.0015,0.0013,0.0011,0.0041,0.0031,0.0021,0.0029,0.0014,0.0012,0.0018,0.0014,0.0009,0.0008,0.0038,0.0041,0.0067,0.0033,0.0017,0.0013,0.002,0.0013,0.002,0.001,0.0035,0.006,0.0026,0.0014,0.0015,0.0041,0.004,0.0046,0.0039,0.003,0.0011,0.0032,0.0054,0.0024,0.0041,0.0047,0.0028,0.0038,0.0031,0.0069,0.0022,0.0116,0.0,0.0,0.01,0.01,0.01,0.01,0.01,0.01,0.01,0.01,0.01,0.01,0.01,0.01,0.01,0.01,0.01,0.01,0.01,0.01,0.01,0.01,0.01,0.01,0.01,0.01,0.01,0.01,0.01,0.01,0.01,0.01,0.01,0.01,0.01,0.01,0.01,0.01,0.01,0.01,0.01,0.01,0.01,0.01,0.01,0.01,0.01,0.01,0.01,0.01,0.01,0.01,0.01,0.01,0.01,0.01,0.01,0.01,0.01,0.01,0.01,0.01,0.01,0.01,0.01,0.01,0.01,0.01,0.01,0.01,0.01,0.01,0.01,0.01,0.01,0.01,0.01,0.01,0.01,0.01,0.01,0.01,0.01,0.01,0.01,0.01,0.01,0.01,0.01,0.01,0.01,0.01,0.01,0.01,0.01,0.01,0.01,0.01,0.01,0.01,0.01,0.01,0.01,0.01,0.01,0.01,0.01,0.01,0.01,0.01,0.01,0.01,0.01,0.01,0.01,0.01,0.01,0.01,0.01,0.01,0.01,0.01,0.01,0.01,0.01,0.01,0.01,0.01,0.01,0.01,0.01,0.01,0.01,0.01,0.01,0.01,0.01,0.01,0.01,0.01,0.01,0.01,0.01,0.01,0.01,0.01,0.01,0.01,0.01,0.01,0.01,0.01,0.01,0.01,0.01,0.01,0.01,0.01,0.01,0.01,0.01,0.01,0.01,0.01,0.01,0.01,0.01,0.01,0.01,0.01,0.01,0.01,0.01,0.01,0.01,0.01,0.01,0.01,0.01,0.01,0.01,0.01,0.01,0.01,0.01,0.01,0.01,0.01,0.01,0.01,0.01,0.01,0.01,0.01,0.01,0.01,0.01,0.01,0.01,0.01,0.01,0.01
paired,1,145000,124.73462000139989,125.94740766694304,0.5939344167709351,0.8814282417297363,0,0.25939999999999996,0.7406,0.004,0.0019,0.0035,0.0036,0.0032,0.0039,0.0036,0.0039,0.003,0.0085,0.0019,0.0012,0.0039,0.0021,0.0016,0.0028,0.0024,0.003,0.0024,0.0034,0.002,0.0013,0.0011,0.0015,0.0026,0.0025,0.0019,0.0016,0.0008,0.0044,0.0041,0.0023,0.0011,0.0014,0.001,0.0005,0.001,0.0007,0.0029,0.0062,0.0017,0.0021,0.0011,0.0006,0.0006,0.0014,0.0005,0.0011,0.0038,0.0021,0.0023,0.0014,0.002,0.0006,0.0004,0.0012,0.0011,0.0008,0.004,0.0033,0.0021,0.0023,0.0013,0.0014,0.0018,0.001,0.0007,0.0011,0.0036,0.004,0.0055,0.0033,0.0012,0.0014,0.0021,0.0017,0.0012,0.0007,0.0037,0.0065,0.0024,0.0017,0.002,0.0034,0.0034,0.004,0.0041,0.0022,0.0011,0.0027,0.0088,0.0045,0.0051,0.0045,0.0029,0.0043,0.0036,0.0066,0.002,0.0067,0.0,0.0,0.01,0.01,0.01,0.01,0.01,0.01,0.01,0.01,0.01,0.01,0.01,0.01,0.01,0.01,0.01,0.01,0.01,0.01,0.01,0.01,0.01,0.01,0.01,0.01,0.01,0.01,0.01,0.01,0.01,0.01,0.01,0.01,0.01,0.01,0.01,0.01,0.01,0.01,0.01,0.01,0.01,0.01,0.01,0.01,0.01,0.01,0.01,0.01,0.01,0.01,0.01,0.01,0.01,0.01,0.01,0.01,0.01,0.01,0.01,0.01,0.01,0.01,0.01,0.01,0.01,0.01,0.01,0.01,0.01,0.01,0.01,0.01,0.01,0.01,0.01,0.01,0.01,0.01,0.01,0.01,0.01,0.01,0.01,0.01,0.01,0.01,0.01,0.01,0.01,0.01,0.01,0.01,0.01,0.01,0.01,0.01,0.01,0.01,0.01,0.01,0.01,0.01,0.01,0.01,0.01,0.01,0.01,0.01,0.01,0.01,0.01,0.01,0.01,0.01,0.01,0.01,0.01,0.01,0.01,0.01,0.01,0.01,0.01,0.01,0.01,0.01,0.01,0.01,0.01,0.01,0.01,0.01,0.01,0.01,0.01,0.01,0.01,0.01,0.01,0.01,0.01,0.01,0.01,0.01,0.01,0.01,0.01,0.01,0.01,0.01,0.01,0.01,0.01,0.01,0.01,0.01,0.01,0.01,0.01,0.01,0.01,0.01,0.01,0.01,0.01,0.01,0.01,0.01,0.01,0.01,0.01,0.01,0.01,0.01,0.01,0.01,0.01,0.01,0.01,0.01,0.01,0.01,0.01,0.01,0.01,0.01,0.01,0.01,0.01,0.01,0.01,0.01,0.01,0.01,0.01,0.01,0.01,0.01,0.01,0.01
paired,1,146000,125.58528487535659,126.81047549995128,0.5785220265388489,0.9037166833877563,0,0.2661,0.7339,0.0028,0.0015,0.0036,0.0034,0.0031,0.0039,0.0042,0.0035,0.004,0.0086,0.0016,0.0016,0.0037,0.0025,0.0012,0.0022,0.0017,0.0036,0.0023,0.0035,0.0027,0.001,0.0012,0.0023,0.003,0.0031,0.0026,0.0018,0.0013,0.0046,0.0037,0.0016,0.001,0.0012,0.0007,0.0008,0.0008,0.0007,0.0034,0.0066,0.0019,0.0015,0.0017,0.0009,0.001,0.0011,0.0007,0.0011,0.0043,0.0026,0.0023,0.0017,0.0017,0.0009,0.001,0.0008,0.0008,0.0015,0.0044,0.0037,0.0024,0.0025,0.0013,0.0012,0.0013,0.0009,0.0006,0.0007,0.004,0.0041,0.0068,0.004,0.002,0.0013,0.0014,0.0016,0.002,0.0008,0.0041,0.006,0.0022,0.002,0.002,0.0028,0.0033,0.0036,0.0034,0.0022,0.0016,0.0026,0.0084,0.0047,0.0041,0.0035,0.0028,0.0039,0.0038,0.0068,0.0022,0.009,0.0,0.0,0.01,0.01,0.01,0.01,0.01,0.01,0.01,0.01,0.01,0.01,0.01,0.01,0.01,0.01,0.01,0.01,0.01,0.01,0.01,0.01,0.01,0.01,0.01,0.01,0.01,0.01,0.01,0.01,0.01,0.01,0.01,0.01,0.01,0.01,0.01,0.01,0.01,0.01,0.01,0.01,0.01,0.01,0.01,0.01,0.01,0.01,0.01,0.01,0.01,0.01,0.01,0.01,0.01,0.01,0.01,0.01,0.01,0.01,0.01,0.01,0.01,0.01,0.01,0.01,0.01,0.01,0.01,0.01,0.01,0.01,0.01,0.01,0.01,0.01,0.01,0.01,0.01,0.01,0.01,0.01,0.01,0.01,0.01,0.01,0.01,0.01,0.01,0.01,0.01,0.01,0.01,0.01,0.01,0.01,0.01,0.01,0.01,0.01,0.01,0.01,0.01,0.01,0.01,0.01,0.01,0.01,0.01,0.01,0.01,0.01,0.01,0.01,0.01,0.01,0.01,0.01,0.01,0.01,0.01,0.01,0.01,0.01,0.01,0.01,0.01,0.01,0.01,0.01,0.01,0.01,0.01,0.01,0.01,0.01,0.01,0.01,0.01,0.01,0.01,0.01,0.01,0.01,0.01,0.01,0.01,0.01,0.01,0.01,0.01,0.01,0.01,0.01,0.01,0.01,0.01,0.01,0.01,0.01,0.01,0.01,0.01,0.01,0.01,0.01,0.01,0.01,0.01,0.01,0.01,0.01,0.01,0.01,0.01,0.01,0.01,0.01,0.01,0.01,0.01,0.01,0.01,0.01,0.01,0.01,0.01,0.01,0.01,0.01,0.01,0.01,0.01,0.01,0.01,0.01,0.01,0.01,0.01,0.01,0.01,0.01
paired,1,147000,126.44955891091377,127.68831712496467,0.5765889883041382,0.8495832681655884,0,0.2679,0.7321,0.0052,0.0024,0.0032,0.0031,0.003,0.0042,0.0031,0.0024,0.0044,0.0086,0.0023,0.0014,0.004,0.0025,0.0017,0.0028,0.0031,0.0026,0.0029,0.0031,0.0031,0.0012,0.0007,0.0018,0.0027,0.0031,0.0025,0.0031,0.0005,0.0036,0.0053,0.002,0.0013,0.001,0.0011,0.0009,0.0014,0.0006,0.0041,0.0062,0.0019,0.0019,0.002,0.0007,0.0008,0.0018,0.0009,0.0009,0.004,0.0026,0.0023,0.0018,0.0022,0.0007,0.0006,0.0009,0.0009,0.001,0.0039,0.0035,0.0024,0.0025,0.0013,0.0011,0.0014,0.0014,0.0008,0.0004,0.0037,0.0036,0.0073,0.0045,0.0014,0.0012,0.0008,0.0018,0.0023,0.0007,0.0036,0.0049,0.0022,0.0013,0.0015,0.0043,0.0044,0.0035,0.0047,0.0028,0.0006,0.0023,0.0074,0.0032,0.0043,0.0045,0.0027,0.003,0.0035,0.0075,0.002,0.0076,0.0,0.0,0.01,0.01,0.01,0.01,0.01,0.01,0.01,0.01,0.01,0.01,0.01,0.01,0.01,0.01,0.01,0.01,0.01,0.01,0.01,0.01,0.01,0.01,0.01,0.01,0.01,0.01,0.01,0.01,0.01,0.01,0.01,0.01,0.01,0.01,0.01,0.01,0.01,0.01,0.01,0.01,0.01,0.01,0.01,0.01,0.01,0.01,0.01,0.01,0.01,0.01,0.01,0.01,0.01,0.01,0.01,0.01,0.01,0.01,0.01,0.01,0.01,0.01,0.01,0.01,0.01,0.01,0.01,0.01,0.01,0.01,0.01,0.01,0.01,0.01,0.01,0.01,0.01,0.01,0.01,0.01,0.01,0.01,0.01,0.01,0.01,0.01,0.01,0.01,0.01,0.01,0.01,0.01,0.01,0.01,0.01,0.01,0.01,0.01,0.01,0.01,0.01,0.01,0.01,0.01,0.01,0.01,0.01,0.01,0.01,0.01,0.01,0.01,0.01,0.01,0.01,0.01,0.01,0.01,0.01,0.01,0.01,0.01,0.01,0.01,0.01,0.01,0.01,0.01,0.01,0.01,0.01,0.01,0.01,0.01,0.01,0.01,0.01,0.01,0.01,0.01,0.01,0.01,0.01,0.01,0.01,0.01,0.01,0.01,0.01,0.01,0.01,0.01,0.01,0.01,0.01,0.01,0.01,0.01,0.01,0.01,0.01,0.01,0.01,0.01,0.01,0.01,0.01,0.01,0.01,0.01,0.01,0.01,0.01,0.01,0.01,0.01,0.01,0.01,0.01,0.01,0.01,0.01,0.01,0.01,0.01,0.01,0.01,0.01,0.01,0.01,0.01,0.01,0.01,0.01,0.01,0.01,0.01,0.01,0.01,0.01
paired,1,148000,127.32430477219168,128.57635016692802,0.5919257998466492,0.8682782649993896,0,0.258,0.742,0.005,0.0015,0.0033,0.0039,0.0032,0.0045,0.0033,0.0037,0.0035,0.0093,0.0019,0.0015,0.004,0.0027,0.0017,0.0022,0.0017,0.0032,0.003,0.0032,0.0026,0.0011,0.0011,0.0027,0.0033,0.002,0.0025,0.0025,0.0009,0.0037,0.0045,0.002,0.0009,0.0012,0.0014,0.0005,0.0012,0.0004,0.0035,0.0061,0.0019,0.0019,0.0017,0.0007,0.001,0.0012,0.0009,0.0006,0.0041,0.0024,0.0031,0.0013,0.0021,0.0008,0.0008,0.001,0.0006,0.001,0.0038,0.0043,0.002,0.0026,0.0008,0.0013,0.001,0.0009,0.0011,0.0004,0.0038,0.0037,0.0038,0.0027,0.0009,0.0016,0.0014,0.0018,0.0019,0.0008,0.0037,0.0056,0.0031,0.0018,0.0015,0.0034,0.0028,0.0034,0.0052,0.003,0.0005,0.0023,0.0082,0.0055,0.0041,0.0041,0.0033,0.0047,0.0035,0.0071,0.0015,0.0016,0.0,0.0,0.01,0.01,0.01,0.01,0.01,0.01,0.01,0.01,0.01,0.01,0.01,0.01,0.01,0.01,0.01,0.01,0.01,0.01,0.01,0.01,0.01,0.01,0.01,0.01,0.01,0.01,0.01,0.01,0.01,0.01,0.01,0.01,0.01,0.01,0.01,0.01,0.01,0.01,0.01,0.01,0.01,0.01,0.01,0.01,0.01,0.01,0.01,0.01,0.01,0.01,0.01,0.01,0.01,0.01,0.01,0.01,0.01,0.01,0.01,0.01,0.01,0.01,0.01,0.01,0.01,0.01,0.01,0.01,0.01,0.01,0.01,0.01,0.01,0.01,0.01,0.01,0.01,0.01,0.01,0.01,0.01,0.01,0.01,0.01,0.01,0.01,0.01,0.01,0.01,0.01,0.01,0.01,0.01,0.01,0.01,0.01,0.01,0.01,0.01,0.01,0.01,0.01,0.01,0.01,0.01,0.01,0.01,0.01,0.01,0.01,0.01,0.01,0.01,0.01,0.01,0.01,0.01,0.01,0.01,0.01,0.01,0.01,0.01,0.01,0.01,0.01,0.01,0.01,0.01,0.01,0.01,0.01,0.01,0.01,0.01,0.01,0.01,0.01,0.01,0.01,0.01,0.01,0.01,0.01,0.01,0.01,0.01,0.01,0.01,0.01,0.01,0.01,0.01,0.01,0.01,0.01,0.01,0.01,0.01,0.01,0.01,0.01,0.01,0.01,0.01,0.01,0.01,0.01,0.01,0.01,0.01,0.01,0.01,0.01,0.01,0.01,0.01,0.01,0.01,0.01,0.01,0.01,0.01,0.01,0.01,0.01,0.01,0.01,0.01,0.01,0.01,0.01,0.01,0.01,0.01,0.01,0.01,0.01,0.01,0.01
paired,1,149000,128.18276082188822,129.44834637490567,0.6077457666397095,0.8953911066055298,1,0.2703,0.7297,0.005,0.0022,0.0035,0.002,0.0024,0.0035,0.0035,0.0025,0.0045,0.0081,0.0028,0.0014,0.0039,0.0025,0.0022,0.0026,0.002,0.0031,0.0022,0.0031,0.0031,0.001,0.0006,0.0023,0.0037,0.0021,0.0023,0.0023,0.0008,0.0043,0.004,0.0021,0.0014,0.001,0.0009,0.0009,0.0013,0.0004,0.0034,0.0061,0.002,0.0023,0.0018,0.001,0.0013,0.0014,0.0009,0.0007,0.0043,0.0019,0.0025,0.0018,0.0021,0.0006,0.001,0.001,0.0008,0.0011,0.004,0.0036,0.0025,0.0028,0.001,0.0009,0.0015,0.001,0.0008,0.0006,0.0038,0.0033,0.0068,0.0039,0.0018,0.0013,0.0016,0.0017,0.0018,0.0014,0.0042,0.0056,0.0024,0.0029,0.0018,0.0041,0.0032,0.0037,0.0046,0.0035,0.0009,0.0027,0.0092,0.0046,0.0028,0.004,0.0031,0.0037,0.0028,0.007,0.0019,0.01,0.0,0.0,0.01,0.01,0.01,0.01,0.01,0.01,0.01,0.01,0.01,0.01,0.01,0.01,0.01,0.01,0.01,0.01,0.01,0.01,0.01,0.01,0.01,0.01,0.01,0.01,0.01,0.01,0.01,0.01,0.01,0.01,0.01,0.01,0.01,0.01,0.01,0.01,0.01,0.01,0.01,0.01,0.01,0.01,0.01,0.01,0.01,0.01,0.01,0.01,0.01,0.01,0.01,0.01,0.01,0.01,0.01,0.01,0.01,0.01,0.01,0.01,0.01,0.01,0.01,0.01,0.01,0.01,0.01,0.01,0.01,0.01,0.01,0.01,0.01,0.01,0.01,0.01,0.01,0.01,0.01,0.01,0.01,0.01,0.01,0.01,0.01,0.01,0.01,0.01,0.01,0.01,0.01,0.01,0.01,0.01,0.01,0.01,0.01,0.01,0.01,0.01,0.01,0.01,0.01,0.01,0.01,0.01,0.01,0.01,0.01,0.01,0.01,0.01,0.01,0.01,0.01,0.01,0.01,0.01,0.01,0.01,0.01,0.01,0.01,0.01,0.01,0.01,0.01,0.01,0.01,0.01,0.01,0.01,0.01,0.01,0.01,0.01,0.01,0.01,0.01,0.01,0.01,0.01,0.01,0.01,0.01,0.01,0.01,0.01,0.01,0.01,0.01,0.01,0.01,0.01,0.01,0.01,0.01,0.01,0.01,0.01,0.01,0.01,0.01,0.01,0.01,0.01,0.01,0.01,0.01,0.01,0.01,0.01,0.01,0.01,0.01,0.01,0.01,0.01,0.01,0.01,0.01,0.01,0.01,0.01,0.01,0.01,0.01,0.01,0.01,0.01,0.01,0.01,0.01,0.01,0.01,0.01,0.01,0.01,0.01,0.01
paired,1,150000,129.02381326176692,130.3011681669159,0.6107280254364014,0.933324933052063,0,0.27190000000000003,0.7281,0.0055,0.0016,0.003,0.0022,0.003,0.0039,0.0036,0.0025,0.0046,0.0092,0.0038,0.0024,0.0019,0.0022,0.0024,0.0026,0.002,0.0029,0.0024,0.003,0.0029,0.0015,0.0016,0.0015,0.0032,0.0023,0.0021,0.0024,0.0004,0.004,0.0037,0.0022,0.0014,0.0013,0.0008,0.001,0.0014,0.0006,0.0033,0.0062,0.0018,0.0023,0.002,0.0012,0.0011,0.0012,0.0008,0.0007,0.0043,0.0023,0.0024,0.0021,0.002,0.0009,0.0008,0.0013,0.0012,0.0013,0.0042,0.0034,0.0026,0.0032,0.0013,0.0014,0.0015,0.001,0.0006,0.0004,0.0033,0.0038,0.0053,0.0033,0.0015,0.0014,0.0022,0.0022,0.002,0.0014,0.0048,0.0052,0.0023,0.0026,0.0016,0.0039,0.0029,0.0037,0.0044,0.0039,0.0005,0.0025,0.0089,0.0048,0.0032,0.005,0.0035,0.0035,0.0025,0.0072,0.0017,0.0091,0.0,0.0,0.01,0.01,0.01,0.01,0.01,0.01,0.01,0.01,0.01,0.01,0.01,0.01,0.01,0.01,0.01,0.01,0.01,0.01,0.01,0.01,0.01,0.01,0.01,0.01,0.01,0.01,0.01,0.01,0.01,0.01,0.01,0.01,0.01,0.01,0.01,0.01,0.01,0.01,0.01,0.01,0.01,0.01,0.01,0.01,0.01,0.01,0.01,0.01,0.01,0.01,0.01,0.01,0.01,0.01,0.01,0.01,0.01,0.01,0.01,0.01,0.01,0.01,0.01,0.01,0.01,0.01,0.01,0.01,0.01,0.01,0.01,0.01,0.01,0.01,0.01,0.01,0.01,0.01,0.01,0.01,0.01,0.01,0.01,0.01,0.01,0.01,0.01,0.01,0.01,0.01,0.01,0.01,0.01,0.01,0.01,0.01,0.01,0.01,0.01,0.01,0.01,0.01,0.01,0.01,0.01,0.01,0.01,0.01,0.01,0.01,0.01,0.01,0.01,0.01,0.01,0.01,0.01,0.01,0.01,0.01,0.01,0.01,0.01,0.01,0.01,0.01,0.01,0.01,0.01,0.01,0.01,0.01,0.01,0.01,0.01,0.01,0.01,0.01,0.01,0.01,0.01,0.01,0.01,0.01,0.01,0.01,0.01,0.01,0.01,0.01,0.01,0.01,0.01,0.01,0.01,0.01,0.01,0.01,0.01,0.01,0.01,0.01,0.01,0.01,0.01,0.01,0.01,0.01,0.01,0.01,0.01,0.01,0.01,0.01,0.01,0.01,0.01,0.01,0.01,0.01,0.01,0.01,0.01,0.01,0.01,0.01,0.01,0.01,0.01,0.01,0.01,0.01,0.01,0.01,0.01,0.01,0.01,0.01,0.01,0.01
