method,seed,step,training_seconds,wall_seconds,d_loss,g_loss,coverage,valid_fraction,mode_tv,mode_0_mass,mode_1_mass,mode_2_mass,mode_3_mass,mode_4_mass,mode_5_mass,mode_6_mass,mode_7_mass,mode_8_mass,mode_9_mass,mode_10_mass,mode_11_mass,mode_12_mass,mode_13_mass,mode_14_mass,mode_15_mass,mode_16_mass,mode_17_mass,mode_18_mass,mode_19_mass,mode_20_mass,mode_21_mass,mode_22_mass,mode_23_mass,mode_24_mass,mode_25_mass,mode_26_mass,mode_27_mass,mode_28_mass,mode_29_mass,mode_30_mass,mode_31_mass,mode_32_mass,mode_33_mass,mode_34_mass,mode_35_mass,mode_36_mass,mode_37_mass,mode_38_mass,mode_39_mass,mode_40_mass,mode_41_mass,mode_42_mass,mode_43_mass,mode_44_mass,mode_45_mass,mode_46_mass,mode_47_mass,mode_48_mass,d_pair_rms_before_mean,d_pair_rms_after_mean,reference_weight_0,reference_weight_1,reference_weight_2,reference_weight_3,reference_weight_4,reference_weight_5,reference_weight_6,reference_weight_7,reference_weight_8,reference_weight_9,reference_weight_10,reference_weight_11,reference_weight_12,reference_weight_13,reference_weight_14,reference_weight_15,reference_weight_16,reference_weight_17,reference_weight_18,reference_weight_19,reference_weight_20,reference_weight_21,reference_weight_22,reference_weight_23,reference_weight_24,reference_weight_25,reference_weight_26,reference_weight_27,reference_weight_28,reference_weight_29,reference_weight_30,reference_weight_31,reference_weight_32,reference_weight_33,reference_weight_34,reference_weight_35,reference_weight_36,reference_weight_37,reference_weight_38,reference_weight_39,reference_weight_40,reference_weight_41,reference_weight_42,reference_weight_43,reference_weight_44,reference_weight_45,reference_weight_46,reference_weight_47,reference_weight_48,ema_mass_0,ema_mass_1,ema_mass_2,ema_mass_3,ema_mass_4,ema_mass_5,ema_mass_6,ema_mass_7,ema_mass_8,ema_mass_9,ema_mass_10,ema_mass_11,ema_mass_12,ema_mass_13,ema_mass_14,ema_mass_15,ema_mass_16,ema_mass_17,ema_mass_18,ema_mass_19,ema_mass_20,ema_mass_21,ema_mass_22,ema_mass_23,ema_mass_24,ema_mass_25,ema_mass_26,ema_mass_27,ema_mass_28,ema_mass_29,ema_mass_30,ema_mass_31,ema_mass_32,ema_mass_33,ema_mass_34,ema_mass_35,ema_mass_36,ema_mass_37,ema_mass_38,ema_mass_39,ema_mass_40,ema_mass_41,ema_mass_42,ema_mass_43,ema_mass_44,ema_mass_45,ema_mass_46,ema_mass_47,ema_mass_48
vanilla_deficit,2,0,0.0,0.0010503750527277589,nan,nan,1,0.9612,0.9795918367346937,0.0,0.0,0.0,0.0,0.0,0.0,0.0,0.0,0.0,0.0,0.0,0.0,0.0,0.0,0.0,0.0,0.0,0.0,0.0,0.0,0.0,0.0,0.0,0.0,0.9612,0.0,0.0,0.0,0.0,0.0,0.0,0.0,0.0,0.0,0.0,0.0,0.0,0.0,0.0,0.0,0.0,0.0,0.0,0.0,0.0,0.0,0.0,0.0,0.0,0.0,0.0,0.02040816326530612,0.02040816326530612,0.02040816326530612,0.02040816326530612,0.02040816326530612,0.02040816326530612,0.02040816326530612,0.02040816326530612,0.02040816326530612,0.02040816326530612,0.02040816326530612,0.02040816326530612,0.02040816326530612,0.02040816326530612,0.02040816326530612,0.02040816326530612,0.02040816326530612,0.02040816326530612,0.02040816326530612,0.02040816326530612,0.02040816326530612,0.02040816326530612,0.02040816326530612,0.02040816326530612,0.02040816326530612,0.02040816326530612,0.02040816326530612,0.02040816326530612,0.02040816326530612,0.02040816326530612,0.02040816326530612,0.02040816326530612,0.02040816326530612,0.02040816326530612,0.02040816326530612,0.02040816326530612,0.02040816326530612,0.02040816326530612,0.02040816326530612,0.02040816326530612,0.02040816326530612,0.02040816326530612,0.02040816326530612,0.02040816326530612,0.02040816326530612,0.02040816326530612,0.02040816326530612,0.02040816326530612,0.02040816326530612,0.02040816326530612,0.02040816326530612,0.02040816326530612,0.02040816326530612,0.02040816326530612,0.02040816326530612,0.02040816326530612,0.02040816326530612,0.02040816326530612,0.02040816326530612,0.02040816326530612,0.02040816326530612,0.02040816326530612,0.02040816326530612,0.02040816326530612,0.02040816326530612,0.02040816326530612,0.02040816326530612,0.02040816326530612,0.02040816326530612,0.02040816326530612,0.02040816326530612,0.02040816326530612,0.02040816326530612,0.02040816326530612,0.02040816326530612,0.02040816326530612,0.02040816326530612,0.02040816326530612,0.02040816326530612,0.02040816326530612,0.02040816326530612,0.02040816326530612,0.02040816326530612,0.02040816326530612,0.02040816326530612,0.02040816326530612,0.02040816326530612,0.02040816326530612,0.02040816326530612,0.02040816326530612,0.02040816326530612,0.02040816326530612,0.02040816326530612,0.02040816326530612,0.02040816326530612,0.02040816326530612,0.02040816326530612,0.02040816326530612
vanilla_deficit,2,1000,0.9311796074034646,0.9348704580916092,0.6873664259910583,0.7313714623451233,0,0.11070000000000002,0.8893,0.0012,0.0023,0.002,0.0009,0.0015,0.0016,0.0008,0.0014,0.0035,0.0033,0.0021,0.0031,0.0021,0.0015,0.0011,0.0027,0.0041,0.004,0.0039,0.0028,0.0009,0.0016,0.0035,0.0039,0.003,0.0027,0.0026,0.0013,0.0021,0.0033,0.0039,0.0034,0.0032,0.0031,0.001,0.0013,0.0036,0.0017,0.0028,0.0032,0.0028,0.0013,0.001,0.0013,0.0016,0.0013,0.0008,0.0018,0.0008,0.0,0.0,0.021250129937478553,0.02095821457843798,0.02073664871241409,0.02101321470326898,0.020706946591433826,0.020928187750456184,0.02112259103129132,0.02101397296353945,0.020231558169220783,0.01986195298966692,0.019788594766142593,0.019825023232033213,0.02027151279743989,0.020974854539223868,0.0208840032372357,0.01987392403301822,0.019811061782916965,0.019515136884885875,0.01964489978220177,0.020104284367072175,0.020741387048774682,0.02073622685931232,0.019980984512627982,0.019808195672737595,0.019705035325998304,0.019732778878526147,0.01994941216218291,0.020803672520218794,0.020855689508152142,0.02019981214682212,0.01954768043650399,0.019780749676744865,0.019801471591762314,0.020004897799688726,0.020964588975950348,0.02106382337342939,0.020086655258922257,0.02007958506549961,0.020114495355671964,0.019834856468629238,0.020379161333561893,0.020831106942779475,0.021196136252654787,0.020828268582748312,0.020751199779042554,0.020715966524608997,0.020733889484482952,0.021026545444657575,0.02122901416792931,0.00074011034873753,0.001254487256107872,0.0016839655441595195,0.0011575728826794468,0.0017363029243589727,0.0013073967945651179,0.0009648435328687198,0.0011562367708209047,0.0025349107244805463,0.0032643079625423875,0.003354508192227605,0.0032512559843388233,0.0024645076522817285,0.0012251663885936121,0.0014243157435670283,0.0032432140801331886,0.003275857112016471,0.003797299129878777,0.003607709605428475,0.002798239275275657,0.0016365537376644647,0.0016456463811821565,0.003015502930112687,0.0033199699145942153,0.0035408087359683708,0.0034919225012884215,0.00303207329586434,0.0015268020333320013,0.001474206672396506,0.0026299121133297114,0.003779017434317469,0.003329269332188547,0.0033318182530589764,0.0029733659124381337,0.0012432550863120213,0.0011074590840126138,0.0028683655951433624,0.0028417613098779522,0.0028583717422537044,0.003233929078874416,0.002313885302278052,0.001517523008998943,0.000874313798869305,0.0014834619137199256,0.0016192629658988511,0.001720409120940813,0.0016497650121443835,0.0011340831096474404,0.0008554429292950682
vanilla_deficit,2,2000,1.8365866008680314,1.8437915830872953,0.6781599521636963,0.7072556018829346,0,0.11599999999999999,0.8839999999999999,0.0011,0.0015,0.0011,0.0006,0.0016,0.0013,0.0016,0.0012,0.004,0.0031,0.0037,0.0032,0.0041,0.0023,0.001,0.0045,0.0019,0.0023,0.003,0.003,0.0015,0.0012,0.0041,0.0027,0.0034,0.0027,0.0046,0.0012,0.0016,0.0039,0.0022,0.0028,0.0026,0.0036,0.0018,0.002,0.0042,0.0033,0.0031,0.0034,0.0037,0.0021,0.0012,0.0009,0.0006,0.0021,0.0009,0.0011,0.0014,0.0,0.0,0.021132394993658522,0.020750083708266788,0.021030568643944536,0.02104216465878638,0.021049964464506223,0.02068889457817827,0.021057692340721433,0.02082255805907582,0.01951048574374555,0.02007949734271465,0.019624163254500806,0.01990122314839493,0.019657100783100945,0.02086384008623015,0.020859436840620613,0.0194360720975931,0.020314830703282643,0.020147833735754312,0.020143196945650376,0.019464853269893535,0.020901038314357308,0.020860924582366547,0.019499546449197408,0.020359180899193224,0.02025843138007353,0.020230116525938514,0.019713804062493834,0.020975283085017705,0.021125627041006997,0.019824412945485478,0.020279355292689524,0.02016121834952899,0.020290092077131273,0.01981831397446293,0.0210714746984439,0.02098601391794093,0.019308477914041243,0.02008132238394869,0.019825567077184837,0.019765584866489456,0.019342349457022755,0.020548383996209445,0.021063169568754873,0.02078488081451598,0.021046335190962988,0.02117357212768419,0.02097236096938877,0.021023390982951307,0.02113291565689773,0.001175658996512862,0.0018050115158181996,0.0012755623836166474,0.0012943509582041817,0.0012416516457688317,0.0018729292048217344,0.0012281405914867508,0.001678300779185032,0.0039332036301760335,0.0029383705885090146,0.0037735177320789176,0.0032891192813865227,0.0037549938106041366,0.0015670627300142762,0.0015747611569547411,0.004219554939318931,0.0025269248406125907,0.002857956962069112,0.002905126207188241,0.004012985295160075,0.0015020271024463816,0.001572160059456898,0.003952329376801827,0.0024493850499014945,0.002664593257183956,0.002675035112656717,0.003655856471377444,0.001372221047248615,0.0011484292657119022,0.0034624731173274986,0.002588948375262283,0.002873618434643438,0.00257017668775493,0.0033950112705995786,0.0012431066673027334,0.0013534597650955358,0.004286384591740581,0.0029351797724952076,0.003382330287900056,0.003526262855962124,0.004227165183575085,0.0021185912790214565,0.0012185644643317286,0.0017051113964905514,0.0012479968964537026,0.0010646043375408805,0.0013773299363898986,0.0012881114675560457,0.0010966236934630094
vanilla_deficit,2,3000,2.7525842022150755,2.763102291035466,0.6822265982627869,0.7064720392227173,0,0.11839999999999995,0.8815999999999999,0.0025,0.0024,0.0018,0.001,0.0025,0.003,0.0012,0.0021,0.0033,0.0025,0.0025,0.0028,0.0033,0.0014,0.0019,0.0023,0.0022,0.002,0.0026,0.0032,0.0017,0.0026,0.003,0.0027,0.002,0.002,0.0039,0.0015,0.0026,0.0022,0.0028,0.0024,0.0025,0.0037,0.0014,0.0036,0.0034,0.0036,0.0044,0.0045,0.0043,0.002,0.0026,0.0006,0.0009,0.0009,0.0009,0.0018,0.0014,0.0,0.0,0.020139590917429225,0.020569382480983472,0.02079775628956288,0.020814826204357824,0.02060741226696318,0.020533387798841965,0.020634182858261282,0.020806990481348327,0.019765962973114753,0.020196984527403216,0.020360572709474698,0.020162537431005493,0.019794695298691864,0.020741406889335873,0.020860373379086125,0.020271923119413456,0.020663373127061478,0.02017226028771171,0.02044647606123344,0.019956454075492076,0.020770106207578326,0.020774449593682624,0.020234046984812952,0.020463023676543762,0.020218041568745595,0.020444328285775283,0.01967627596021471,0.020732810679357432,0.020630154194615002,0.020329453652070964,0.020729831045769857,0.02049704089647414,0.020428567781891102,0.020148575251532526,0.02061725834654212,0.020757951670835512,0.020054260411783414,0.019825794034706898,0.019621236884540066,0.01928400409098603,0.01884123817479147,0.02057118843558581,0.02024183472508642,0.02098295261325274,0.02098474359964208,0.02119713886374956,0.021095979991013508,0.02085186307598609,0.02069930012566159,0.0028588948543227413,0.0021068847193215223,0.0016682345280222579,0.0016383671457422346,0.0020403436633450803,0.0021698649359472586,0.0019544404208007983,0.0017302023802323496,0.003473572503432699,0.0027584727426651218,0.0025113035403328547,0.002779682634701459,0.0034232992969103104,0.0017668295765651413,0.0015586728475733707,0.002588289519334989,0.0019814909469334516,0.0027626704655379386,0.0023219351790010863,0.0031793310213101573,0.0017556766232708159,0.0017090144618357613,0.002693624230121778,0.002253919168791259,0.002760691549476601,0.0022866306608909266,0.0036695611704357523,0.0017818704418928008,0.0019614894095418946,0.0024876278328358698,0.0018652089333767137,0.002233461435446852,0.002353269455212793,0.002843174884749479,0.0019840533900212856,0.0018160060246991607,0.0030472609016975846,0.0033688855609224962,0.0037658635324136097,0.004355922761380769,0.005130634237003728,0.002103724824434153,0.0026799979514531658,0.0013832573674295206,0.0013410611625580377,0.000969431273143227,0.0011464298556973162,0.001612625900869097,0.001840504156804227
vanilla_deficit,2,4000,3.680931080249138,3.694562958087772,0.6868552565574646,0.7031437158584595,0,0.11860000000000004,0.8814,0.0027,0.0015,0.0014,0.0007,0.0014,0.0009,0.0001,0.0035,0.0026,0.0017,0.0024,0.0022,0.0029,0.0012,0.0034,0.0033,0.0016,0.003,0.0016,0.0027,0.0014,0.0031,0.0026,0.0012,0.002,0.0019,0.0019,0.0014,0.003,0.0022,0.003,0.0025,0.0018,0.0025,0.0023,0.0028,0.0033,0.0026,0.0023,0.0013,0.0015,0.0024,0.0042,0.0032,0.004,0.0043,0.0038,0.0047,0.0046,0.0,0.0,0.020138161311374442,0.019768802736982713,0.019872713654750535,0.019826063055755537,0.019980435842770376,0.019725282360693357,0.020732595740426733,0.020272076865674896,0.020565452022256663,0.020713194112971137,0.02077044497902593,0.020586548098080158,0.020566749562748433,0.02046362131537694,0.020078661519078247,0.020382638165566788,0.02055331269427486,0.020699417184832168,0.020464249564659538,0.020383065150796915,0.020356870769498728,0.02012017551151261,0.0205860977850659,0.02058776698967313,0.020715292552733015,0.02067925340935407,0.020526938485815313,0.020457413368284445,0.020018974426739944,0.020762632063295865,0.020642265212533116,0.0208600409521082,0.02046783120875781,0.020484154774444208,0.020348813778921344,0.020304087055196936,0.020595174852124462,0.02043516064467573,0.02047967442077333,0.020534447869440517,0.020474602269410152,0.02028606572935434,0.019744662663575677,0.02083862103393204,0.020723463210907934,0.02051746506500348,0.020573933306892667,0.02031274355853254,0.02002189109334605,0.0029008631470538934,0.003622338343440892,0.0033632209041486024,0.0034444770982803605,0.003175589979560126,0.003659079803532257,0.0018654749546996646,0.0027066710155610315,0.00215660653080198,0.0019383312845961008,0.0017995490042164754,0.0021198613041712167,0.0021934089697445737,0.002373038150707167,0.003082625115876891,0.0025140949149103616,0.0022168133593286985,0.001962327991423365,0.0024110063636718537,0.002513351190381669,0.002519914165247595,0.003010315882960234,0.0021206456611247175,0.002117738234070559,0.0018956137140860021,0.0020365118336992394,0.0022627520578412286,0.0023447886770128286,0.003225650824639151,0.0018522200711153772,0.0020228130182759685,0.0016434903910574606,0.002365705342100225,0.0022982103921229177,0.0025730103626615095,0.002650915543390652,0.0021438976905424063,0.0023835485572386694,0.002306014289511218,0.002249672184338972,0.002314848982413583,0.0026823051585879716,0.003586260616860193,0.0017589246875532101,0.0020376320300101677,0.002318315398927125,0.002141833796352336,0.002635837612330952,0.0032205705634405974
vanilla_deficit,2,5000,4.595632831682451,4.613439791020937,0.6774154901504517,0.708636462688446,0,0.17149999999999999,0.8284999999999999,0.0068,0.0049,0.0062,0.0061,0.0061,0.0053,0.0058,0.0049,0.0021,0.0012,0.0017,0.0025,0.0021,0.004,0.0054,0.003,0.0024,0.003,0.0019,0.0022,0.0051,0.0063,0.0028,0.0028,0.0024,0.002,0.0023,0.0043,0.0067,0.0017,0.0026,0.0032,0.0028,0.0023,0.0037,0.0046,0.0029,0.0021,0.002,0.0016,0.0019,0.0026,0.0047,0.0023,0.0036,0.0035,0.0027,0.0026,0.0058,0.0,0.0,0.018971058781546597,0.01987939042288611,0.019362845618838033,0.019366427744829905,0.01958296573325982,0.020107736818065436,0.019515986527903914,0.019872225436488693,0.021376958017606244,0.021099747791042216,0.021169694788689505,0.021088832114153466,0.02123821412998459,0.0205880671257863,0.019008038120863765,0.02103726299316848,0.02119375272997276,0.020791865317330106,0.020845428257964434,0.021191383325416282,0.020036109887125612,0.019227541154811616,0.021088920695554892,0.02120372965598273,0.021236951688283753,0.02091808353941004,0.020885961955754158,0.02011089437822574,0.0193694291675962,0.021038588181552874,0.02114777566577963,0.0210610041170459,0.02123270803951518,0.02092225913171384,0.020141404004642358,0.019639456013016254,0.02085441754634515,0.021170044459483506,0.020978246254378847,0.021164448062436524,0.021297291641866306,0.020387545890342064,0.018867266312378755,0.02023590677936494,0.019590018786259766,0.01962988034008643,0.02006339900543318,0.020004134180712247,0.019208701669104815,0.005866987191751121,0.004295325740971593,0.005144661444139303,0.005334083985563973,0.0048608510017562855,0.003919864126421319,0.004892857456051745,0.004307106865691739,0.0019110551924444732,0.0022887368153335147,0.0021737255288668705,0.002306685063061888,0.0020610616854531355,0.003130074593231297,0.0058061834184569465,0.0023914782800108854,0.002134167937121784,0.002794976690856401,0.00270690510928038,0.0021771263622560482,0.00411576266567438,0.005406200118897046,0.0023846644119077613,0.0021568257430822245,0.0021412624721056993,0.0026265031909533504,0.0026402570345259264,0.0039146722658933925,0.0051338363560345735,0.0024283618212846128,0.0022097663398934903,0.002352441619522969,0.0020701151483548943,0.002580574917456656,0.0039035689045724235,0.0048070286036737495,0.0027702493516230027,0.002212213077986771,0.002527579842151742,0.002182352528686598,0.0020420476963427464,0.0034988468167081324,0.005998586847469907,0.00370911895320076,0.00481019142502211,0.00474464853196926,0.004031829667888039,0.004129276648639743,0.0053981146952604255
vanilla_deficit,2,6000,5.484053251566365,5.5052941660396755,0.6673334836959839,0.7148786783218384,1,0.20220000000000005,0.7978,0.0102,0.0054,0.0063,0.0068,0.0048,0.0042,0.0063,0.0052,0.0021,0.0025,0.0023,0.0029,0.0015,0.0035,0.0057,0.003,0.0028,0.0038,0.0028,0.0023,0.0053,0.0072,0.0025,0.0019,0.0027,0.0025,0.0022,0.0048,0.007,0.0022,0.0025,0.0032,0.0023,0.0034,0.005,0.0049,0.0022,0.0022,0.002,0.0022,0.0012,0.0034,0.0084,0.0045,0.0062,0.0071,0.0054,0.0049,0.0085,0.0,0.0,0.017728046729748953,0.01969967183848692,0.01986206176581458,0.019099991537391378,0.019336456061614174,0.019715140329014967,0.018485156857142367,0.01960709750705765,0.021499860425882894,0.02143596975503636,0.021425403176555162,0.021590416643811495,0.021459115292301243,0.020396581643080926,0.01935984229058718,0.02136984125708077,0.021182840859918794,0.02109602766345179,0.021333221658395567,0.021463443920663707,0.01957941392342856,0.019051857184253514,0.02180082138180732,0.021215227312255888,0.020931582669887726,0.021130736164020333,0.021475821724689738,0.02009195375242654,0.01941309094165078,0.02107294068012086,0.02112598205399845,0.021014878804830515,0.021278219343376405,0.02153450510694435,0.02026136543858091,0.01978849688665767,0.02150840709017151,0.021360865338073083,0.021283899238472424,0.021234227178831652,0.02161868970318603,0.02039204653197232,0.017496325801291176,0.019852050153291185,0.019506036984935485,0.019653378361704377,0.019880602911315323,0.019796885633866182,0.018503504490922765,0.008261299838204686,0.005101032882590939,0.004801679762947419,0.005945057446226005,0.005605097068720373,0.004998113838706853,0.006969622572737008,0.0052103553870511575,0.002137432098473918,0.002278903304344751,0.002295840200035544,0.0019532193760118527,0.0021636789205602986,0.0039058491594387273,0.005567611886414538,0.0023067739654809563,0.0027236995714822153,0.00274566270153353,0.0024435955742529813,0.0021567406739755905,0.005254728688125609,0.006061273257460114,0.0016550295566708799,0.0026327256636405976,0.0030092473337607335,0.0027290918425650584,0.0021369006116467187,0.004394129336195858,0.0054822609991482365,0.0028217307307298193,0.0027367120827105733,0.0028757341107735657,0.0024536323641728593,0.0020428385341447644,0.0040835212207156624,0.004880532507414009,0.002084670371063837,0.0023211612341917025,0.0024445282070469643,0.0025241462683124223,0.0019079012194924117,0.004030305871883345,0.008554594328595531,0.004778664618040369,0.0053332801873570345,0.005175235500668766,0.004693835639780681,0.004867086401212297,0.006979276124507991
vanilla_deficit,2,7000,6.383056898484938,6.40768804110121,0.6679624319076538,0.7161589860916138,1,0.1866,0.8133999999999999,0.0116,0.0042,0.0065,0.0067,0.0046,0.0057,0.0091,0.005,0.0022,0.0024,0.0026,0.0023,0.0023,0.0033,0.0058,0.0023,0.0026,0.0024,0.0023,0.0023,0.0059,0.0087,0.003,0.0033,0.0036,0.0025,0.0029,0.0057,0.0065,0.0018,0.0029,0.0035,0.0025,0.0026,0.005,0.0058,0.0022,0.0014,0.0022,0.0023,0.0015,0.0037,0.004,0.0021,0.0032,0.0023,0.0034,0.0015,0.0044,0.0,0.0,0.01678671655304127,0.019722852380132102,0.01939430962743805,0.019018948776566257,0.01930496123986402,0.020023761450305683,0.017397679977080152,0.019212398700515713,0.021921331944528347,0.021516307755009345,0.021831147301324183,0.02178566506106077,0.022110104375315496,0.020156330366472904,0.01931404138129382,0.021691837637228817,0.021559829797316715,0.021201360190229727,0.02155513886974387,0.02160984907115623,0.01958892653545541,0.018736386075895572,0.021701281631830015,0.02145317773586515,0.021190090065658078,0.0216117014819298,0.021635442717123185,0.01950695803172646,0.01915865438945838,0.02166533505469096,0.021519272346319084,0.021567172042286264,0.02142919611213988,0.021799851024247523,0.01990486110401967,0.019840062132306803,0.021770139463966318,0.021775915927339608,0.021644297621551747,0.021732391399275325,0.02174409156497213,0.020253729350899384,0.01602617141305504,0.019685571791747666,0.019316886975615177,0.019168435474618252,0.019979829608408713,0.0196960326140877,0.017783565857887148,0.009964461989408443,0.005362307978409695,0.005877272011457723,0.006504682104056371,0.006017318339170534,0.004851594994304757,0.00900682653311554,0.006123340088270862,0.0018382451399651509,0.00247308760234308,0.0020186647303364657,0.0020508919412981262,0.0016204847141284859,0.0047609915046497465,0.0059249609562827855,0.0022370212939095547,0.002404870342186492,0.0030058047845043364,0.0024512854894807655,0.0023264692002489115,0.005572225843097146,0.006869451146713341,0.0021831561007804668,0.0026111012707931928,0.0029844072877794935,0.002362628197082287,0.0023254157426163893,0.005700704803345222,0.006246642422960638,0.002278561935661567,0.0024684408466783,0.0024714869705966766,0.0026096280147236634,0.002067719098240281,0.005037961612810777,0.005178591228618374,0.002114289551507308,0.0020661729151701933,0.00227247390040173,0.0021343940715484785,0.002194180013799826,0.004452076521405541,0.01111749211476945,0.005381679767376434,0.005959563218715135,0.006153186367808119,0.0049204545819747925,0.005326220779500657,0.008441044312459924
vanilla_deficit,2,8000,7.292375732911751,7.320241458015516,0.6557580828666687,0.7302201986312866,3,0.22870000000000001,0.7713,0.0124,0.0064,0.0076,0.0066,0.0047,0.0052,0.0085,0.0057,0.0021,0.0023,0.0025,0.0026,0.0022,0.004,0.0063,0.0029,0.0035,0.0032,0.0032,0.002,0.0063,0.0072,0.0022,0.0026,0.0031,0.0025,0.0027,0.0064,0.0057,0.0018,0.0033,0.0031,0.0026,0.0025,0.006,0.0066,0.0015,0.0027,0.0028,0.0032,0.0013,0.0041,0.0127,0.0056,0.0069,0.007,0.006,0.0044,0.012,0.0,0.0,0.01622430718301155,0.01957624837331107,0.019243511083776105,0.019037775747529427,0.019469681614275227,0.01962187215875168,0.01693134486420715,0.019894073716719127,0.022101086381645683,0.02188084594576334,0.02193007059640236,0.02181759293492832,0.022234256991753625,0.020191789230699746,0.019587376238197743,0.021646995609917473,0.021770553588418708,0.021510774731260035,0.021732890866833103,0.02167438286938491,0.01927686506438603,0.019005737141012342,0.021679478595356308,0.021535549695312343,0.021100543710869883,0.021462474640881368,0.021586181698361108,0.01900813148471671,0.019190643837359172,0.021731375209639813,0.021356099639701354,0.021394901304200048,0.021573607000048685,0.02200188205047145,0.01990912574314818,0.01946650792135815,0.021956162850352845,0.021592048799808614,0.02187333125587488,0.021932701595035072,0.022118222465309957,0.020325623502087296,0.016445375659657615,0.019758145329857604,0.019181599054934766,0.019233025031304207,0.01941182762870781,0.01996578557593313,0.01684961578752684,0.011055422688798909,0.005796510474101637,0.006349854400179321,0.00658971558762284,0.005922158412435815,0.005686931485035286,0.009923557072309845,0.005266214571677864,0.001815975577825132,0.0021954434637193373,0.002158423948492873,0.0023322703250910556,0.0016492085136856078,0.004884188083068363,0.00577931115679303,0.0025568844202638894,0.0023659122167104503,0.0028846160039625126,0.0023850615215673093,0.002475491952153133,0.006259239719967081,0.006717359715076747,0.0024676159571808405,0.002690073620618123,0.0033624223626063207,0.002803019011427765,0.0026508788902082684,0.006674596498224348,0.00635344144068461,0.0023874041334936745,0.0030064955672804493,0.0030246484031131366,0.002631251944875579,0.0019693065885473494,0.00532107503878432,0.005927063697688357,0.0020790330513060433,0.002602748151107138,0.0022070582287424326,0.0020762324558832534,0.0018285524093370432,0.004599207758726891,0.010596549976452391,0.005476306577708455,0.006328358629015566,0.00632699922706688,0.00605064049700799,0.00515537614633995,0.009932690689386644
vanilla_deficit,2,9000,8.204057248309255,8.235286166076548,0.6390530467033386,0.7859110236167908,3,0.21950000000000003,0.7805,0.0111,0.0049,0.0071,0.0066,0.0045,0.0052,0.0127,0.0046,0.0019,0.0023,0.0025,0.0021,0.0018,0.0041,0.0055,0.0025,0.0034,0.0029,0.003,0.0028,0.0063,0.0076,0.002,0.0024,0.0032,0.0025,0.0026,0.0083,0.006,0.0012,0.0026,0.0031,0.0025,0.0029,0.006,0.0052,0.0023,0.0012,0.003,0.0028,0.0015,0.0044,0.0091,0.0047,0.0054,0.007,0.0057,0.0044,0.0121,0.0,0.0,0.016258535075171575,0.02022547776105227,0.019112409906184968,0.019449099243871094,0.01939886921628675,0.01961879924323299,0.01687311995167309,0.01980902811034052,0.021918669219005996,0.021873458056561497,0.02167895601460347,0.021712675568804015,0.02206697433243994,0.02040503555006279,0.019341495819608926,0.02164647328575892,0.021465797964525902,0.021386175209126813,0.02158083549122221,0.02172159387391489,0.019703138012554012,0.019292015701332876,0.02187975498603538,0.021800770679847387,0.021685471760320433,0.021299634565389296,0.02163393179115379,0.019437822264848276,0.018711100027121855,0.021696070810249393,0.021620752984143433,0.021555962928046707,0.02162274926037868,0.021935622016944684,0.019836471347829822,0.01952318684370475,0.022161345072618806,0.02155660684589691,0.021752772531964715,0.021864434839284595,0.022126895177180965,0.020065208629013405,0.015899773416530493,0.020147723282790478,0.019162430077305143,0.01882195187951501,0.019741793596886402,0.020020464043226806,0.015900665734436856,0.010960348674005766,0.0047097859157603575,0.006430724024115147,0.005949223910284325,0.006026885634388205,0.005686847097754344,0.010088250801100977,0.005353667662041074,0.0020919062492230724,0.002200870698177506,0.002540656981273637,0.0024103974545539087,0.001862608529181749,0.004471230263004538,0.006076529374818085,0.002551816725755406,0.002831162719074214,0.002954269170724319,0.0026533007291543336,0.002435671171542952,0.005595511615725116,0.006192094148039614,0.0021520723803207208,0.002313254211937827,0.0024915203469253696,0.0030490090180638764,0.002532144899834537,0.006005721989672067,0.007168385344393877,0.0024360704282650066,0.0025525209363067105,0.0026526942331023392,0.0025884969507586667,0.0020656951643477453,0.005389362083343244,0.005873737981495609,0.0017166999016194,0.0026516986578890103,0.0023484026789157473,0.002175759188140859,0.0017699636246067873,0.0049575814618382785,0.011515037777165265,0.004986253784015936,0.006392449263596204,0.006918869915381942,0.0054966828868402975,0.005104887026604374,0.011591783145291874
vanilla_deficit,2,10000,9.122598181362264,9.157475000014529,0.6342947483062744,0.7586362957954407,3,0.20720000000000005,0.7928,0.0114,0.0048,0.0063,0.0076,0.0047,0.0065,0.0114,0.0045,0.0021,0.0023,0.0028,0.0018,0.0024,0.0031,0.0056,0.0028,0.0029,0.0038,0.0025,0.0026,0.0061,0.0078,0.0022,0.0025,0.0027,0.0026,0.0023,0.0057,0.0053,0.0022,0.002,0.0019,0.0025,0.003,0.0064,0.0062,0.0022,0.0017,0.0037,0.0025,0.0015,0.0055,0.0027,0.0018,0.0038,0.006,0.0044,0.0038,0.0143,0.0,0.0,0.015616421110427974,0.019196759783881655,0.01919349946348056,0.01870714776558135,0.019458996100344204,0.019592370211366523,0.01630152195643026,0.020005844652922454,0.021989431937002413,0.021747335853841747,0.02205800539850627,0.02188378830608994,0.02227184142413094,0.020282234737063518,0.019644920705053984,0.021800039769663243,0.021639384496191495,0.02156977285911814,0.02178264844651974,0.021521746822182865,0.019513578239516754,0.01916792241448463,0.021694760187955797,0.02168799213202975,0.021407391524172092,0.021833764741032803,0.021869220452773626,0.019539093639940074,0.019305146748501863,0.02183614083914327,0.021515740861686325,0.02166851303179708,0.021702785724849426,0.021739809548740233,0.020019332006162724,0.02022078301394222,0.022029931114952613,0.021690736791200864,0.02177826637210492,0.02195857803583845,0.022147552066066827,0.020088834664398748,0.015660318608257996,0.019710740735260735,0.019220748818970054,0.019253741746708675,0.019730225673704978,0.01993067996984283,0.01581395849616434,0.01199079681334618,0.006480072230118148,0.006524152894437829,0.007155539901531191,0.005998322811439518,0.005832100823179671,0.010897252484002007,0.00515663378790122,0.002064507260633196,0.0024371325786983608,0.001998024030317736,0.002266172521720396,0.0016298330453711023,0.004731224414612133,0.005712154551046205,0.0023560126649026843,0.0026032873072459415,0.0027885559589186626,0.0023827807448869474,0.002862475854915246,0.005875249505877041,0.006485395140255482,0.0025180550949467522,0.0025284722357744776,0.002960362291107798,0.0023431669389650444,0.002249532321596744,0.005914102147257384,0.006313247031467902,0.002300447236821967,0.0028326575067044485,0.002558453744872277,0.0025447649860214487,0.002448716788552954,0.005096812053693879,0.004786746129171806,0.002002172427008252,0.0025242477581073294,0.0024285879714074656,0.0021119964417247493,0.0018211346185982105,0.005067961138208349,0.011884168911718753,0.005649909300129093,0.00632596169644825,0.006314242704934623,0.005541793805072432,0.005350449482166705,0.011764879590817012
vanilla_deficit,2,11000,10.068541184184141,10.11002045799978,0.6300455331802368,0.7894638776779175,2,0.21050000000000002,0.7894999999999999,0.0137,0.0062,0.0058,0.0065,0.0052,0.0049,0.0088,0.0044,0.0016,0.0024,0.0026,0.002,0.0021,0.0035,0.005,0.002,0.0028,0.0026,0.0024,0.0023,0.0039,0.007,0.0029,0.0027,0.0023,0.0019,0.0026,0.0047,0.0064,0.0028,0.0021,0.0025,0.0031,0.0037,0.005,0.0053,0.0024,0.0028,0.0024,0.0017,0.0018,0.0039,0.0108,0.005,0.0064,0.0084,0.0055,0.0041,0.0096,0.0,0.0,0.015157293091875561,0.019440403521320683,0.018846894554311024,0.019057219024933077,0.019329205236851346,0.019194841463761686,0.015520994441228174,0.019931644038588523,0.022003916045333,0.021927236173934057,0.021883321836227276,0.021823406690491882,0.022034887529511347,0.02040903389529538,0.019707674853261657,0.021655746141685507,0.021933396537700392,0.02145051300459553,0.02199911589684402,0.02190676525041503,0.019630030632992866,0.019508019574663405,0.021909041382121186,0.02192825718445359,0.02171121128328722,0.02159261140718273,0.021920460398279724,0.019732510779131185,0.019328482422602114,0.022002506470619295,0.021817967672964858,0.021679074808314394,0.021778598111113073,0.021858551601038077,0.019298237070562618,0.020193742010616352,0.021909655640265997,0.021930183423752567,0.021886805766160377,0.02197374192534975,0.022255458688578755,0.020014981254776913,0.015715559644271206,0.020180451420622234,0.019329289663472242,0.018974250626181827,0.019190864109380437,0.02004618294946575,0.015489762849614036,0.012798983779657613,0.0062215192517113055,0.007049418109238365,0.006767408816228326,0.006430332006965093,0.006596383145972005,0.012126586303322258,0.005432551268949904,0.0021909898564290665,0.0023080458686230996,0.002375083503876209,0.002505609746601083,0.002143710194067793,0.004742852076102895,0.005696327464275467,0.002722490232517564,0.0023767667368347163,0.0030748523267857247,0.002198317545297193,0.0023783583515631997,0.005892980607695182,0.006040174652875267,0.002335821212184052,0.0023064872402941182,0.002676882164176427,0.0028579313533602445,0.0023574519602742993,0.0056974765668167185,0.006314247922399004,0.0022322041492250887,0.002513912703952881,0.0027259402486210513,0.002534949990612927,0.002451959120923196,0.006399481604386626,0.004993381898007194,0.0023348835135732255,0.002381671730786791,0.002408827594529764,0.0022761147987919047,0.001806996271438525,0.005227207456288992,0.011946759393093951,0.004974608209608395,0.00631301562511664,0.006933127108925437,0.006563392294690993,0.0052186388650086145,0.012252388033892177
vanilla_deficit,2,12000,10.988645507022738,11.03463075007312,0.6175801157951355,0.8015784621238708,4,0.235,0.7649999999999999,0.013,0.0056,0.006,0.0061,0.0042,0.0051,0.0127,0.0054,0.0019,0.0022,0.0025,0.0022,0.0031,0.0038,0.0059,0.0023,0.0032,0.0034,0.0023,0.0023,0.0065,0.0079,0.0025,0.0024,0.003,0.0026,0.0024,0.0067,0.007,0.0034,0.0017,0.0024,0.0038,0.0026,0.0068,0.0066,0.0021,0.0024,0.0027,0.0023,0.0021,0.0046,0.0124,0.0064,0.0061,0.0075,0.0057,0.0049,0.0143,0.0,0.0,0.015073347975868023,0.019656393518032174,0.01893781655572476,0.019016502275148194,0.019459663238419404,0.01953009937242945,0.01554806897011427,0.01996157673782805,0.02214879030450151,0.022240028770467046,0.022047449144519407,0.021807253192133037,0.022130182616146007,0.02001947859710298,0.019745469894950296,0.022161354916269575,0.021779112935154582,0.02215398632583767,0.02199171437438805,0.022141089982771527,0.01951949690020683,0.019435970610377995,0.022082111079212687,0.021895685935782422,0.021814651141153066,0.021837647050722296,0.022081520570391873,0.01950006507536856,0.018839191617522393,0.021989099924953844,0.021737366876901074,0.021961567141399248,0.021924481127925565,0.021948657275187328,0.019600091337299775,0.01960421403334548,0.02208976295146181,0.022033833625288036,0.02215757925255854,0.02202804038821506,0.02240478408643309,0.01987136546334395,0.014668579590821575,0.019457377989389207,0.018821267036257028,0.019136974101025668,0.019268972758924557,0.019861781798607675,0.01487848356211735,0.012974399920938542,0.005981262716578461,0.007104531868773621,0.007063933913673994,0.00623903171693642,0.006210880939873687,0.012258129170696633,0.005598919743908507,0.0021816104432538824,0.0020830100944223937,0.002373578986109679,0.002696930066098969,0.0022096861826043676,0.00543343098985945,0.005846862081053,0.0021626526469762995,0.0027393887802115817,0.002251895558045869,0.0024576729825842502,0.0022322913786917255,0.0063831282115877274,0.0062747797387599944,0.002282217703733284,0.002563500560331546,0.0026857678580671897,0.0026510710622665323,0.0022831086780134065,0.006256197428399649,0.0071752146091832005,0.0024225552284042255,0.0028023762630221155,0.002503159871625025,0.002520053663881393,0.0025617010963269304,0.006027150336169193,0.006059992410644586,0.002270672370067685,0.002355059917499885,0.002207411961551051,0.002363800896548388,0.0017953607082226036,0.005656907740886029,0.013624186948282779,0.006320604757063543,0.00728038465969987,0.0068040380500506556,0.0065658127178395325,0.00563230531072477,0.013229353656842033
vanilla_deficit,2,13000,11.904299802030437,11.953983416082337,0.5902054309844971,0.8295758366584778,4,0.23740000000000006,0.7626,0.0156,0.0059,0.0065,0.0054,0.0047,0.0058,0.0116,0.0049,0.0018,0.0027,0.0022,0.0018,0.0031,0.004,0.0061,0.0027,0.0026,0.0031,0.0024,0.0024,0.0062,0.0074,0.0018,0.0028,0.002,0.0024,0.0027,0.007,0.0073,0.0027,0.0026,0.0019,0.0036,0.0024,0.0064,0.0066,0.0025,0.003,0.0031,0.0025,0.0011,0.0051,0.0129,0.0065,0.0059,0.0069,0.0069,0.004,0.0159,0.0,0.0,0.013349363206719686,0.019433059109780534,0.019174836066879777,0.019294421062026803,0.019622291509497146,0.02018834932048633,0.016255265298321088,0.019980535261059716,0.02206069928341065,0.022078707952611375,0.022243766714318422,0.022139602598521185,0.02206162865725869,0.020343072165817495,0.019611820201553682,0.022068269523037427,0.021808277748317895,0.021904060957053776,0.021929192904223273,0.021841090680086002,0.020012810526285067,0.019446117497452137,0.022012001028881206,0.021708305366398985,0.021754610639465502,0.022076692391178557,0.022134329412970933,0.019830936518019128,0.01911459219195418,0.022044763561519857,0.021397872163113764,0.021807602773993275,0.021923958402061378,0.022041086963512965,0.020168851943705074,0.01938058084181287,0.021999567240559584,0.021984772640557718,0.022033287701510564,0.022307080710787644,0.02244022462302741,0.020379782745240025,0.013783126860525846,0.019777443219045763,0.018895528960017505,0.01932879470461219,0.018978449056887288,0.019645242399322478,0.014203276694600104,0.015524479156154914,0.006243818079479102,0.00663442058591399,0.006531654685118648,0.005996637149002585,0.0051403866870931994,0.011128850370732676,0.005454737767355394,0.0022691037151092775,0.002241862802569708,0.0019921857586174788,0.002149750181427764,0.0022676978926451635,0.004945406823909065,0.006051539130570236,0.002257652550490827,0.0026899930388419096,0.002506043541204792,0.0024680275630576806,0.0026403583770854655,0.005405916409852772,0.006302190237528096,0.002342767397732341,0.0028021543123406966,0.0027321103862922944,0.002323036652659493,0.002157726694560316,0.005681029129019888,0.006842736314746504,0.0022932089724963353,0.0033107953051106868,0.0027691390424673533,0.0024759455615500233,0.002337832898697935,0.0051308170013444464,0.0063622621202249,0.0023615754360404224,0.0024230170691244162,0.0023105679952728146,0.0018964134935420002,0.0017731376222131531,0.004928938863985596,0.015024594178912942,0.005722883562000568,0.007095978517692363,0.006440596705558327,0.0069314864769847604,0.0060009828592460235,0.014506239720983645
vanilla_deficit,2,14000,12.843248961959034,12.897318750037812,0.599919855594635,0.8710958957672119,4,0.24739999999999995,0.7525999999999999,0.0146,0.0065,0.0066,0.0048,0.0055,0.0055,0.0128,0.0053,0.0024,0.0025,0.0031,0.0021,0.0025,0.0049,0.0066,0.0029,0.0025,0.0027,0.003,0.0016,0.0058,0.0084,0.0023,0.0024,0.0025,0.0021,0.0016,0.0063,0.0082,0.0035,0.0038,0.0028,0.0035,0.0034,0.0062,0.0074,0.0023,0.0019,0.0027,0.0032,0.002,0.0042,0.0172,0.0068,0.0071,0.0065,0.0071,0.0047,0.0131,0.0,0.0,0.013948101013966343,0.019422283688079814,0.018913683509486877,0.018738779298165482,0.019216075967144284,0.019949235060613656,0.014705631495117413,0.01975671864665609,0.02244933799310673,0.022029944429652122,0.0221520995460306,0.022132842708253157,0.022367073259923875,0.020036831115873014,0.01937566051749809,0.02208289986774188,0.022021819689256233,0.02219526361420395,0.02190870080521081,0.022092685873213697,0.019860174179421042,0.019206406001306027,0.022207032083826843,0.022050446391424207,0.02198758335608202,0.022128611351571965,0.022132816080542086,0.019860663048119752,0.019355799173312864,0.021887208814714267,0.02185860713921237,0.021700650648828625,0.02188951865612377,0.022111999502290744,0.019238864062926644,0.01983957931320037,0.02228070437671944,0.02200079875365685,0.022338896010667113,0.02226464891977719,0.022248246412217156,0.020289189267356303,0.013861115696057344,0.019751820984252336,0.019219581423790627,0.018858978489696004,0.01990125762448513,0.019844599585661524,0.014328534553565215,0.0146815250997181,0.006531753438270573,0.007214443844865427,0.007476083191945061,0.006762094729966724,0.0056262989662471015,0.013665522158024947,0.005992409421082215,0.001886393026032938,0.0025528266869824525,0.0023700947524553178,0.0024379635712102757,0.002009452905009161,0.005534326458389595,0.006562434575760063,0.002434548105554544,0.0025259179925215666,0.002266463088975183,0.002734195120004923,0.002419909212283654,0.00587671270836859,0.006854685039458642,0.0022879211260237345,0.002483095286266036,0.002577132150204951,0.002366168260992842,0.0023989409036241855,0.00579785640929825,0.006631207676125181,0.002727282505467805,0.0027700677743138953,0.0030063550123327213,0.002723827211889252,0.0024300804393790148,0.0068451934995888844,0.005829395584922612,0.00217771468522593,0.0025964257265938266,0.0020516032743018242,0.0021626695558752598,0.0021872060798162987,0.005234948701392039,0.014928834005093549,0.005999735838118452,0.006952163414616395,0.007335339626934097,0.005737130950631648,0.0057828232554052224,0.014229621769052285
vanilla_deficit,2,15000,13.760675940779038,13.818590832990594,0.5966423749923706,0.8868006467819214,4,0.2513000000000001,0.7486999999999999,0.0173,0.007,0.0075,0.0051,0.0054,0.0065,0.0133,0.0049,0.0028,0.0023,0.0026,0.0021,0.0027,0.0046,0.0071,0.0026,0.0021,0.0021,0.0022,0.0021,0.0056,0.0094,0.0017,0.0027,0.003,0.0018,0.0013,0.0062,0.0087,0.0032,0.004,0.0025,0.0034,0.0027,0.0052,0.0065,0.0026,0.0021,0.0031,0.0026,0.0017,0.0052,0.0166,0.0069,0.0072,0.0074,0.0066,0.0053,0.0138,0.0,0.0,0.01370795286671765,0.019736326817471256,0.018829299679323105,0.01952794204006088,0.01940376871069218,0.019218954140971446,0.0143805228238526,0.019981947349616606,0.022430669698432982,0.022071736777061986,0.022511464885141497,0.02211166187257988,0.022252052027311064,0.02023023115814873,0.019006638075016194,0.02239587103243977,0.022114407436126124,0.022337209187778102,0.022393310340501293,0.022323397271170276,0.019894292067428015,0.01937590388769821,0.02214389129806333,0.022175767494988,0.022447749614623397,0.02202830774232706,0.022343489389638906,0.019901270760010983,0.01891537965409163,0.022199654556380607,0.02201073270798407,0.022003679749865127,0.02210224410472627,0.021840849648261988,0.019498473455860317,0.019158048285747957,0.02222703450705779,0.022125036742138716,0.022176058975519865,0.022088118483170445,0.022473689710205268,0.019908644276219585,0.012963868901996667,0.019438863442727466,0.018619270378672177,0.019009048693333128,0.01929553060897909,0.019994697344813652,0.014675039327056608,0.015157955029902345,0.006022926165101409,0.007379747575353654,0.006256523842041714,0.006598524658950831,0.006796863674829806,0.014151857991178369,0.005655502542592414,0.0019533975922632805,0.0024903251571373177,0.0017934736157309906,0.002391538728131571,0.0022205916708466587,0.005245032426362597,0.007075404664199225,0.001966390398088206,0.0024264941410929632,0.002054142620104784,0.0020092834357877468,0.0020748038587622927,0.005786626032279837,0.00652302013274619,0.0023433267478094023,0.0023347056618991573,0.0019278477547801513,0.0025162281269414926,0.0020447480695041887,0.0057371241097819966,0.007211918087192346,0.002259910519553228,0.0025425186114039293,0.002553069127677274,0.002444689262020672,0.002796646589471582,0.00633966838136722,0.00688797271104417,0.0022580153659969033,0.0023715312679206137,0.002295207136327627,0.002465819771741907,0.001849981479689888,0.005843281570833991,0.016310092334279262,0.0065069639680921075,0.007654867793728875,0.007071798621549785,0.006721375477343067,0.0056364298316046455,0.013555040911746013
vanilla_deficit,2,16000,14.664778552367352,14.726579458103515,0.5795375108718872,0.8548953533172607,4,0.236,0.764,0.0161,0.0057,0.0063,0.0055,0.005,0.0055,0.0131,0.0051,0.0036,0.0024,0.0025,0.0031,0.0023,0.0057,0.0061,0.0025,0.0028,0.0018,0.0017,0.0018,0.0057,0.0082,0.0025,0.0018,0.0015,0.0018,0.0023,0.0063,0.0083,0.0038,0.0033,0.0028,0.0035,0.0027,0.006,0.0056,0.0024,0.0017,0.0028,0.0021,0.0021,0.0046,0.0109,0.0042,0.0062,0.0066,0.0066,0.0053,0.0158,0.0,0.0,0.013315275877788607,0.01973719648390486,0.019394965611299653,0.019900291827506637,0.018906792849054443,0.019985846287009494,0.014057623416784118,0.01942216250674495,0.022399758421147567,0.02183748111191029,0.022296530620200303,0.022196687050255414,0.022358237643628827,0.020436968187213266,0.019177652650150805,0.022054161710797014,0.02192157360788733,0.022386146624136002,0.022054171157994133,0.02245373249838578,0.019754311619613697,0.019704681448947596,0.02256919159501549,0.022192355829120405,0.02235938137257161,0.022453321643375025,0.021905167105984127,0.019597983934636336,0.01845723805078501,0.022129267004859118,0.021970121377440803,0.021998946135253966,0.021957048026927502,0.02184379026144679,0.01925178371173373,0.019747469496933033,0.02233795241389415,0.022100201207593196,0.02231474371502313,0.022026132990276222,0.022324797829397915,0.019798782130515807,0.013896877456335168,0.019257763100889252,0.01900174691272033,0.019899384786990847,0.019425572484258007,0.01972173183482228,0.013708998378839954,0.01560724321792542,0.006038124330941384,0.0066261976949302664,0.005795100658030738,0.007353609864252756,0.005745743422651682,0.014735467536252,0.006507547384538692,0.00207071749362104,0.0028694882135491422,0.002185471765937644,0.002334245793133434,0.0020935239080355915,0.005034477175464169,0.006910946977800236,0.002624743695468328,0.002822309407902406,0.0021300625402076675,0.0025466046184720688,0.0020293547760598303,0.006012621560289128,0.006086574047810222,0.0017791875024164533,0.0023797621209691844,0.00209181967048747,0.001951841979275094,0.0027686312637358068,0.006284623440052039,0.007945353517994323,0.0024347064604840368,0.0026718447750965074,0.0026288938338874315,0.0026913249980680997,0.002899149631584184,0.006839548918566638,0.006061879310181856,0.0021628128444689545,0.002478016567637601,0.0022364579580405886,0.002588383484440973,0.002143351611858257,0.005946357333138468,0.01489686546100966,0.006713451703045362,0.007133996549502221,0.005835514712972511,0.006463403775284039,0.006061167759020474,0.015176818661803877
vanilla_deficit,2,17000,15.57509411429055,15.640857166028582,0.5863378047943115,0.9639535546302795,4,0.251,0.7489999999999999,0.0166,0.0065,0.0067,0.0056,0.0062,0.0064,0.0136,0.0053,0.0029,0.0034,0.0025,0.0032,0.0021,0.0045,0.0061,0.0023,0.0027,0.0021,0.0027,0.0029,0.0053,0.0079,0.0029,0.0029,0.0016,0.0023,0.0024,0.0054,0.0082,0.0032,0.0033,0.0028,0.0032,0.0025,0.0064,0.0071,0.0026,0.0015,0.0022,0.0019,0.0015,0.0051,0.0155,0.0062,0.0064,0.0072,0.0078,0.0056,0.0158,0.0,0.0,0.013659937530865543,0.019712104867028547,0.019431713745422713,0.01987839672537738,0.019885943662421503,0.019873845437813006,0.014307685418671941,0.019571424857152055,0.022317872035081794,0.02210130576210868,0.022370297100573984,0.022308154301412544,0.022189647248166564,0.019737092155937982,0.01914848940667134,0.02229271313268244,0.022285992415802064,0.022478463624577772,0.022113185122160504,0.02240074256070395,0.0197100337787476,0.01941499099517478,0.022398434974849654,0.02213490937728723,0.02238944875396729,0.02228509259018136,0.022640410624545908,0.01998464328881669,0.018408506857043573,0.021915919581238057,0.02192209423770139,0.02228053678689694,0.021946588676493385,0.02197893991072281,0.01904144474972158,0.01962411290385506,0.021900363379346886,0.022285637242177504,0.02237132636126076,0.022138628957487326,0.0221205010223693,0.019936482086212185,0.013222716236768347,0.019739729531974635,0.018907954360776056,0.019936657431659247,0.018719708960871162,0.01996049497486886,0.012618684256352156,0.015330438563663944,0.0060820902344091345,0.006538761493640367,0.00595160606692697,0.005823178314393501,0.005880259660848837,0.01417038370601629,0.0064088036424931605,0.0021620518045580178,0.0024846011493078577,0.002123033492200534,0.0021765251968570033,0.0023530271601958294,0.006044874681155312,0.00703871498811145,0.0022385854554077328,0.0022095326526530854,0.0019228700000547176,0.002545033275213659,0.002038626151193149,0.006046112370621266,0.006602730513297547,0.002120188022018135,0.0024736151172429694,0.0020554469142447097,0.002249935334392195,0.0016816694751216011,0.005676177124486268,0.008023642250636752,0.0027607115073270743,0.002790577601215629,0.002295783153934461,0.0027540960887718438,0.0026668503270880425,0.007080957594582381,0.006252206151338857,0.0027838805938977126,0.0022491241409313663,0.0021215005325409377,0.002429012751132643,0.0024560121241823493,0.005708844927313136,0.01582537695041351,0.00615813412762785,0.007318837929389588,0.005747646271417173,0.007521081749325987,0.005673080625718844,0.016685947236333862
vanilla_deficit,2,18000,16.508488365914673,16.578270333004184,0.555227518081665,0.9287877082824707,4,0.24509999999999998,0.7548999999999999,0.0145,0.0067,0.0061,0.0064,0.0051,0.006,0.0157,0.0046,0.0026,0.0035,0.0021,0.0018,0.0017,0.0045,0.006,0.0019,0.0026,0.0015,0.0024,0.0021,0.0062,0.0071,0.0025,0.0024,0.0018,0.0016,0.0024,0.0045,0.0077,0.0028,0.0031,0.0022,0.0029,0.0019,0.0066,0.0072,0.002,0.0019,0.0022,0.003,0.002,0.0068,0.0138,0.0073,0.0071,0.0065,0.007,0.0061,0.0187,0.0,0.0,0.01296936193404016,0.019775200148282587,0.018600026203909922,0.02009573258081618,0.01939965672016805,0.01953907333809282,0.013464706847033428,0.019751791463610082,0.022185383390748777,0.022214838069270076,0.022467865678658334,0.022132776530193556,0.022440141340443358,0.019852722668114955,0.01897146720920411,0.02206091980357574,0.02230034034647715,0.022435215861570212,0.022264531286492462,0.02238689880548777,0.019969789039099524,0.019693237226137007,0.022619183357371214,0.022215785267803254,0.022493207075007408,0.022431151644625835,0.02222005987092697,0.020191778270153414,0.0183732680994201,0.022327765144837673,0.021659521706758264,0.022157707048800143,0.02201690724892922,0.022016616722994414,0.01926224580449515,0.019363876475545192,0.022597595743800766,0.022048451282990357,0.022436143351761337,0.022169253332199646,0.02252403526992297,0.01989375399485252,0.013349822670052872,0.019888175131598587,0.019361046474850947,0.019749295229747384,0.018702326972686707,0.01928453866874636,0.013674811647694933,0.016272020556196098,0.006249034828425355,0.007830213273249701,0.0055798331918942585,0.006648004621544029,0.006520010009359289,0.015461556019606927,0.006166455749417575,0.0025294647405764707,0.0024468551584265314,0.0021118305983941167,0.002568178519023777,0.0021137569699218512,0.0059781721519648395,0.0073201211810614165,0.0027134771395364798,0.002359507360420708,0.002121039012839466,0.0023733865374360457,0.002192473057143966,0.005805096120237872,0.0062139623894481855,0.0018490534385691088,0.002445454778778639,0.0020353022721142887,0.0021270477285354793,0.00243913501897368,0.005437835053272877,0.008165462350819563,0.0023189613416859448,0.003267859103182517,0.002531320152329451,0.002778547221066468,0.002818039247287253,0.006851158915989265,0.006700903696670912,0.0019200320085711476,0.002692848644505406,0.002119667770864547,0.00251424962306324,0.0019897245233857987,0.005917509647878448,0.015631405800485797,0.005925757682778799,0.006666025193200619,0.006092021290497688,0.007718029852208571,0.006857262672603119,0.0154243654131794
vanilla_deficit,2,19000,17.402616843464784,17.477232875069603,0.5303491353988647,0.9518610239028931,4,0.2531,0.7468999999999999,0.0169,0.0085,0.0071,0.0058,0.0066,0.0071,0.0155,0.0049,0.0032,0.0025,0.0027,0.0024,0.0026,0.0066,0.0066,0.0027,0.0025,0.003,0.0028,0.0023,0.0068,0.0063,0.0016,0.0019,0.0023,0.0017,0.0014,0.0057,0.0082,0.0028,0.003,0.0028,0.0034,0.0037,0.0066,0.006,0.0023,0.0026,0.0019,0.0029,0.0019,0.0045,0.0149,0.0053,0.0076,0.0066,0.0082,0.0048,0.0131,0.0,0.0,0.013630204518698695,0.019279666263058562,0.019027863591216408,0.020123391734708715,0.019158661567212583,0.019569965175213616,0.013790369844977063,0.01949107210523109,0.022260339522914542,0.022262483298202896,0.022374440620109702,0.02221265094749157,0.02232769631311585,0.020039194864492762,0.019275318310533765,0.02214917515420619,0.022126179210709914,0.022476727524385273,0.022163562400619848,0.02257937183248196,0.01914194336342364,0.01992197363175967,0.022524453735565025,0.022294331387290586,0.022718302530972498,0.022087144483107314,0.02254293196369548,0.02010155363510183,0.018733256884351745,0.02205580511452227,0.021812460034840775,0.022412656835236466,0.02213857937787276,0.022365590775007882,0.019146636213550748,0.019868210896364605,0.0223950453030933,0.022310065557550676,0.022433187594154906,0.022180159860088713,0.022515749661595322,0.020224783168164666,0.012477958743723348,0.0199391558575044,0.019028432645465148,0.019698069139981136,0.01845216459917119,0.019380293121295102,0.012780769085967772,0.015180260412447782,0.006870945214164282,0.007203979013793869,0.005546021982805339,0.007010694953258862,0.006402899374912408,0.015060766844684905,0.006519482011594349,0.002388190659270071,0.0024240852387464457,0.002219580073292616,0.002536786485968125,0.0022886555264397734,0.005709504702886994,0.0068383078129672665,0.002552461554191182,0.0025864433440540807,0.002107490171679637,0.002531201092126916,0.001955809623806983,0.00699633744038552,0.005921788505976838,0.0020369637295040784,0.0024160848699805748,0.0017114450972832527,0.0026441261223650323,0.0019705954020450165,0.00557829279230556,0.007600265609450483,0.0027294997397090573,0.003050035503778766,0.0021631068352189883,0.0026071817481168593,0.0022326577526936777,0.007028465176134454,0.006001235299579605,0.0022281944202323344,0.002353771518475744,0.0022108929219491285,0.0025066745324743302,0.0020498259985663393,0.005435255345063908,0.017039218274900177,0.005974522819800868,0.007242200605400423,0.00617453383492022,0.008093769042113327,0.006722245911971651,0.016552683923174348
vanilla_deficit,2,20000,18.305696148774587,18.38476037501823,0.5277940034866333,1.0203871726989746,4,0.25439999999999996,0.7456,0.0157,0.0056,0.0074,0.005,0.0055,0.0064,0.0105,0.0054,0.0028,0.0029,0.0018,0.0026,0.0027,0.006,0.0074,0.0023,0.0031,0.0022,0.0028,0.0018,0.007,0.0081,0.002,0.0021,0.0016,0.002,0.002,0.0044,0.0093,0.0034,0.0027,0.0027,0.0038,0.0025,0.0055,0.0078,0.0022,0.0028,0.0023,0.0034,0.0021,0.0055,0.0174,0.0055,0.0081,0.0075,0.0077,0.006,0.0171,0.0,0.0,0.013615749105971988,0.019223511824224826,0.01902308791424547,0.02070280087979986,0.019337007425976355,0.019418748782328056,0.013689827303201722,0.019456323858753802,0.02214949863297041,0.022000497191934185,0.02266845390526237,0.02234235079923419,0.022113015903599636,0.020003043233121014,0.01946596320718371,0.022314060624307207,0.02189868503493534,0.022498362966353484,0.02192689508202806,0.02226296988226375,0.019348698256070135,0.019696900340224456,0.022487883140211357,0.022319025740894834,0.022728458018664518,0.022465396614203586,0.02238373842792462,0.02014908691466978,0.018344730615147877,0.0219732169411697,0.0218807895022887,0.022490175634551718,0.022003391995103504,0.022053682652432995,0.01841054755304912,0.019648829445079737,0.022425083838506193,0.02223324255911209,0.022575849833456216,0.022151761222439233,0.022213209060134683,0.019988385699679454,0.01256860047127175,0.01970495974243499,0.019219431709191243,0.020020243655941995,0.01906813154067097,0.019902281382695557,0.013433413935083552,0.015335142970516278,0.006958045660401206,0.007253258475813608,0.004818201028262963,0.0067518107101010244,0.006670472924792254,0.015186967574918556,0.006732314512709588,0.002648236497620715,0.002867706993497874,0.0018447829276021857,0.0023251139223184492,0.002701973445735259,0.00577077852779854,0.006679053810563813,0.002405846212063416,0.003017670406116324,0.002134379532822479,0.0029370561400320536,0.002442037417081503,0.0068517782942394455,0.006260771784212776,0.0021498157099770336,0.002359470382796289,0.0018345253426321712,0.0021438745608791383,0.0022641523414860844,0.005633789640400357,0.00829150200238263,0.002868826723423278,0.0030049669896032353,0.002107376498542731,0.0028634431160305205,0.0028284303894734334,0.008194557463471832,0.006331577429589755,0.00220325294548376,0.002563949042954526,0.00198118336385434,0.0026449038343307743,0.002554394727064353,0.0059095557259275225,0.016799407282434932,0.006287963251373641,0.007081242933618363,0.005823568300839898,0.00718691182198959,0.005919194899644221,0.015525587120535457
vanilla_deficit,2,21000,19.229958944721147,19.313266874989495,0.5406230688095093,0.9884549975395203,5,0.2653000000000001,0.7362918367346938,0.022,0.0069,0.0081,0.0048,0.0067,0.0071,0.0153,0.0067,0.003,0.0024,0.0024,0.0027,0.0018,0.0066,0.0072,0.0016,0.0023,0.0022,0.0026,0.0023,0.0061,0.008,0.0014,0.0025,0.0016,0.0024,0.0015,0.0051,0.0105,0.0035,0.0033,0.0024,0.0028,0.0018,0.0076,0.0082,0.0018,0.0029,0.0022,0.003,0.0022,0.006,0.0152,0.0055,0.0072,0.0063,0.0072,0.0059,0.0165,0.0,0.0,0.013647365214290722,0.01938693121775774,0.019122891355327666,0.020398211596459707,0.018564275810153127,0.019040032561737676,0.013266089167854695,0.019409962902612994,0.022275108049300885,0.022187777565580387,0.0228003881586679,0.022461535694895216,0.022246675776576103,0.019857527156701985,0.018855241507480733,0.022300043298246093,0.022270213573318244,0.022709554547652187,0.022221410928466648,0.02251598254934358,0.019089937733551332,0.020049527079768408,0.022663845530836904,0.02231114454813911,0.02297942206486977,0.022558652904809205,0.022798893762460713,0.02064533559026397,0.018583262941091416,0.022268157857008416,0.021980048453454595,0.022377900680098546,0.021942982399274794,0.022337904225420688,0.01897486474541158,0.018828550973603524,0.022171607999462425,0.02230797540834306,0.022730559803070177,0.022078874584121888,0.02256366895137622,0.020020381714336673,0.012254463838669526,0.01965003849569069,0.018639525063274286,0.020050472633842235,0.018990867576345764,0.019130685729552052,0.013483228079427628,0.015401973683399503,0.006850473734561884,0.007275746732048651,0.005332213758231822,0.008053769900932607,0.007318819098230508,0.015881540276701425,0.006738660342271258,0.002586881647725508,0.0026755572447425277,0.001818555643873468,0.0022751318607089773,0.0025894069674306714,0.006162134140599828,0.007628175046874383,0.002550408916633115,0.002554978286450987,0.0019514177571014922,0.0026654243024600414,0.002273617572347126,0.007284885418578204,0.005803171296183276,0.0019792137305205907,0.002534171144031479,0.0015176206624047412,0.002133078741872259,0.001820741493757297,0.005009808562749525,0.007986934968323253,0.0025970476779536666,0.0029794021377000605,0.0024365271038586586,0.0030726810696164552,0.00245596732582146,0.007453202412791581,0.007667215229186378,0.0027382709317909123,0.002499744137498154,0.0018816309184726404,0.002834849384420943,0.002164804282133553,0.005884864654945386,0.017478429811307265,0.0063875023262670435,0.007904640492034987,0.00587991323642142,0.007546982608911753,0.007186220918856686,0.015681119191806304
vanilla_deficit,2,22000,20.156642311252654,20.245185625040904,0.5354721546173096,0.9840136766433716,4,0.2653,0.7346999999999999,0.0194,0.0066,0.0083,0.0049,0.006,0.007,0.0152,0.0058,0.0028,0.0028,0.0024,0.0022,0.002,0.0062,0.0058,0.0019,0.0027,0.0027,0.0025,0.0027,0.0065,0.007,0.0015,0.0019,0.0016,0.0019,0.0019,0.0059,0.0088,0.0026,0.0039,0.0033,0.0032,0.0026,0.0076,0.0074,0.0028,0.0028,0.0018,0.0026,0.0021,0.0059,0.015,0.0073,0.0085,0.0062,0.0066,0.0067,0.0195,0.0,0.0,0.012465914795517528,0.019264107631919238,0.019130800339009994,0.020448128190880068,0.0191964018989335,0.019778447990542236,0.013934527135791186,0.01928255753083222,0.022339905518094016,0.02208038045559212,0.02265749446419637,0.022070471862789494,0.022404362719025597,0.019500339465207725,0.01887111243732508,0.02222262660012422,0.022344353076080042,0.02252085479256126,0.022225251091562776,0.02252241245038348,0.019708475689573395,0.020243936171422235,0.022576741685854752,0.022477401852404592,0.023177202320718897,0.022558339194363668,0.022794415429487985,0.020327570238377956,0.018684211232952115,0.021930456453666154,0.022059442353818556,0.0225406671419804,0.021900373514579578,0.02213186462949677,0.01904480874680761,0.02001105116648801,0.022327405146509455,0.022447761256735393,0.02261573341836705,0.022476563923373563,0.02228001735390893,0.01981277202211719,0.013091767365182062,0.019517371122989048,0.01840496968119492,0.019768280140735308,0.018411455165896137,0.018975989268120323,0.012442505866509726,0.01700771821863422,0.0070094074166032775,0.007126575557369413,0.005235772946496899,0.0071085952776279585,0.00621684417507483,0.015051536151152397,0.007021441097497432,0.0024252856594576843,0.002844548397999984,0.0019600227214490312,0.0028590643345760454,0.0023308568480985637,0.006624268901817954,0.007546076852818815,0.0026361599766218696,0.0025359575551807127,0.0021601977459695595,0.002671377636892818,0.002196978301135926,0.006358415023452599,0.005495848625129398,0.002078324303933809,0.0022238556372485905,0.0011986586777712456,0.0021052836718932393,0.001759435606033407,0.0054905134989896,0.007780821752387118,0.0030641847627732354,0.002836159896157192,0.0021311729577559568,0.003069193307421137,0.002730062372383616,0.007330676921859221,0.005837021587676205,0.00244359851222227,0.0023063411555703105,0.002021202013471997,0.0022641456904352025,0.002513020902017791,0.0062056224949393,0.016090853797198896,0.006560255284231063,0.008268031345472347,0.006192677419188283,0.00818040520979515,0.00739243390326507,0.017042011940816525
vanilla_deficit,2,23000,21.09373732516542,21.18681404099334,0.5477824211120605,1.01249098777771,5,0.26039999999999996,0.7395999999999999,0.0133,0.0057,0.0061,0.0051,0.0069,0.0073,0.0168,0.0061,0.0025,0.0024,0.0018,0.0031,0.001,0.0064,0.0081,0.0025,0.0034,0.0018,0.0038,0.0025,0.0068,0.0074,0.0015,0.0018,0.0015,0.0021,0.0019,0.0052,0.0089,0.0029,0.0032,0.0025,0.0037,0.0024,0.0061,0.0071,0.0028,0.0032,0.002,0.0029,0.0023,0.0044,0.0169,0.0077,0.0101,0.0064,0.0082,0.0061,0.0158,0.0,0.0,0.012726834919201551,0.019245515326345417,0.019062899101679527,0.020580521750738615,0.018951782728077418,0.019563920192370576,0.01334585304249645,0.019517417037292775,0.022560702164834863,0.02230535794754622,0.022752579461967626,0.022153829602849118,0.022285664559872867,0.01991260658180414,0.01856851656737595,0.02223903819520722,0.022216579340257926,0.02270952858651415,0.022325737025258356,0.02210028872042097,0.01969635913293953,0.020106264925168177,0.02271799228078062,0.022981639137516954,0.023167767476725616,0.02270851768935385,0.022755231586427435,0.02023726720839695,0.01841332574068743,0.0221840709532745,0.02195137674947243,0.02244813535323608,0.02166904818525226,0.022104592742558785,0.018472296325369314,0.0194937983382589,0.02248903325414553,0.02216049921241267,0.022843336305580494,0.022753659122502976,0.022429262326656263,0.019817849259280495,0.013500957153020701,0.01983751765199801,0.018169251460616178,0.020127225485816094,0.01861634573618231,0.01896524274909725,0.012056963605160424,0.016573365839983128,0.007090824688399334,0.007356471377174478,0.005148828369165171,0.007596234242430466,0.006666712579986372,0.015907272576300924,0.006656234412498744,0.002346440582612558,0.002600695137910275,0.0019501345720437404,0.0028211191615588305,0.0027074675553878996,0.006120425790668952,0.008153760752992067,0.00273623111742435,0.002768901382412455,0.002012759470428377,0.0026882377664076192,0.00293806607822093,0.006552182375929895,0.005838716442211784,0.002000447572288952,0.0016559904007695163,0.0013852347376927005,0.0020532924941116734,0.0019462766011418867,0.005687213603204379,0.008262324986243087,0.002777127919163526,0.0031156216365223377,0.0023930008592512484,0.00352631706278551,0.0028927426382008505,0.008176542134338566,0.006768716870074074,0.002372570332416823,0.0028114170680059616,0.0018571756427673918,0.0019876265202116595,0.002459517420506033,0.006258266604165446,0.01548633448661652,0.006229655546147484,0.008695497980662697,0.005769163203827625,0.00812324750558231,0.007459466828207046,0.017547808810787345
vanilla_deficit,2,24000,21.991284664254636,22.088604041025974,0.5123147964477539,1.1272895336151123,5,0.26669999999999994,0.7333000000000001,0.0176,0.0079,0.007,0.0047,0.0059,0.0071,0.0168,0.0055,0.0028,0.0024,0.0025,0.0029,0.0021,0.0061,0.008,0.0024,0.003,0.0016,0.0028,0.0022,0.0073,0.0068,0.0015,0.0014,0.0017,0.0023,0.0015,0.0043,0.009,0.0035,0.0038,0.0019,0.0038,0.0029,0.0063,0.0081,0.0026,0.0022,0.0027,0.0032,0.0021,0.005,0.0173,0.0067,0.0104,0.0062,0.0089,0.0051,0.0169,0.0,0.0,0.013719424019688394,0.019663818301631955,0.019076485159480676,0.020453045256183057,0.019021249052068277,0.01965499372427882,0.012408405448808633,0.019305863064633992,0.022539141919781056,0.021992659499340247,0.02299924013663737,0.02221307802916621,0.02212281534566795,0.019886894755426262,0.01883186788738895,0.02230061558932655,0.022131870220644806,0.022693329676718534,0.022026400334004118,0.0223297911506938,0.01867127832986964,0.020383074786074172,0.023018396842012498,0.022731034907375183,0.023012824167346558,0.022436238245647513,0.022855027783707932,0.020685591465107133,0.018208598584906165,0.021945843282224452,0.022013970147907198,0.022781322093588272,0.02226253494000253,0.02208230577382759,0.01923481235681413,0.019064805679178752,0.02242557927663166,0.022273712560975562,0.022914106313858984,0.022279362747970953,0.022517166727418048,0.019946329414726186,0.012312832816086226,0.019241055744377115,0.01859964093625785,0.0204694357410087,0.018629112792260635,0.018994075113135132,0.012638941858133548,0.01524889965668927,0.006449290442940738,0.007303293573448645,0.005379851579271919,0.007422671324303519,0.006501184190054393,0.01731141695770418,0.007008832498816408,0.0022684683593638504,0.0031021355978510627,0.0016385318035687076,0.0028597642713474275,0.002873821900803626,0.006281179401121861,0.007737100725791474,0.0026543565674629938,0.0028606557928120475,0.0020442739155967374,0.0030530752326836013,0.002650996770892608,0.008048728613685793,0.005520653613835268,0.0015716147774293276,0.0019894491786521095,0.0015797176431940308,0.0024180939356235574,0.0018091591576241959,0.005002658679067541,0.008682418802516079,0.0031311455308641006,0.00303208666224372,0.0019163298339934538,0.0027097271764079745,0.003010849248865387,0.007073080237160386,0.007476525950271478,0.002433592452996825,0.0026934745207726494,0.001723256888411175,0.002685258949343553,0.002300421065119195,0.0061556968075495945,0.017294132940854502,0.007064002131156979,0.00803570441389019,0.005356019235501276,0.00807097629445602,0.0074621831911669085,0.01697620887709357
vanilla_deficit,2,25000,22.89266275090631,22.994783083093353,0.524998664855957,0.896831214427948,5,0.2672,0.7327999999999999,0.0179,0.0068,0.0068,0.0039,0.0058,0.0065,0.014,0.0053,0.0033,0.0023,0.0025,0.0031,0.0017,0.0068,0.0085,0.0028,0.0032,0.0023,0.0031,0.0022,0.0075,0.0065,0.002,0.0016,0.0012,0.0019,0.0011,0.0042,0.0112,0.0034,0.0031,0.0017,0.0033,0.0035,0.0074,0.0082,0.0026,0.0028,0.0019,0.0029,0.0015,0.0055,0.0171,0.0064,0.0096,0.0056,0.0087,0.0066,0.0194,0.0,0.0,0.012620898024540797,0.01949797131608335,0.01837131930736429,0.020953071965581174,0.018517122289465657,0.01938317115473954,0.013280946979573056,0.019728599586111513,0.022409596421317485,0.022201150257415758,0.02285823943351935,0.02247782733992275,0.02266767889029925,0.019410856671057984,0.0181642251687052,0.02207843316716096,0.022084463450390862,0.022764272749878134,0.02185380998856742,0.02219752978451596,0.01847544374140961,0.02039703956096701,0.022948354878487072,0.022948308582274056,0.023521404721717206,0.022705129782371748,0.02281818932932827,0.020834726255361972,0.018044382402430826,0.022277199456136557,0.022291433041842033,0.023034520911670228,0.021840072717313065,0.022380427161276986,0.01913864661999879,0.018959001329413812,0.022760024600509264,0.022293640706634837,0.023089259621096547,0.02243203609691157,0.022417520425641504,0.02021509457764825,0.01335789268460177,0.01958910945256276,0.018809096900574508,0.020398607329112476,0.01815605431617197,0.018745792249427948,0.011600406600896838,0.0167786847252381,0.006887505885405149,0.00844262452270817,0.004621878847033018,0.00819219969345833,0.006936737680471518,0.015860911620479718,0.006592239638204881,0.0025495002973585828,0.0028907354010357256,0.0018600654202372343,0.0024896522972068214,0.00217537275211668,0.00697472855474093,0.008742837171929167,0.0030295689197672444,0.0029817646595430114,0.0019962836020607114,0.0033161299258627815,0.002817858795643697,0.008252618725153815,0.0055451150470241396,0.0017684926611002114,0.0017294972740993942,0.0009377747437042156,0.002082019813973077,0.0019181237890478244,0.004793437923590627,0.00899469144590166,0.0027023661827930783,0.00275985755935872,0.0016045201406511874,0.0033751065703336992,0.0025917853223683452,0.007330273555958478,0.007590695164004915,0.0020415044037131527,0.00271759473268443,0.0015642310323525817,0.002516970769959209,0.0024989508168677065,0.005730745389441204,0.015827492787793683,0.006677263088278163,0.00788612812840796,0.005425654842294965,0.008715619494294873,0.007860709797500694,0.01825803337210534
vanilla_deficit,2,26000,23.82597462425474,23.933725625043735,0.5210725665092468,1.0788588523864746,4,0.25029999999999997,0.7497,0.0169,0.0071,0.0079,0.0041,0.0063,0.0066,0.0127,0.0048,0.0032,0.0028,0.0017,0.0038,0.0015,0.0056,0.0073,0.0035,0.003,0.0012,0.0036,0.0027,0.0064,0.005,0.0018,0.0016,0.0006,0.0021,0.0007,0.0046,0.0095,0.0035,0.0023,0.0021,0.0043,0.0027,0.0058,0.0057,0.0026,0.0028,0.0019,0.0033,0.0012,0.005,0.016,0.0066,0.0092,0.0056,0.0094,0.0061,0.0156,0.0,0.0,0.01316866124089848,0.01929427212053618,0.018598697786152286,0.021001181650159892,0.019223578133869088,0.019217302108200322,0.013168387012871836,0.01900420942214332,0.0222696059756514,0.02220086020069916,0.023005109942675267,0.022220357962608305,0.022605785972445936,0.01958320249198832,0.017766900149372374,0.02211723863036298,0.021929194378141212,0.0228387497489574,0.021995584872387203,0.022287611823614925,0.01875673949160408,0.02049252289050658,0.023016389911099,0.022880859760940668,0.0232744599303909,0.022896947690852234,0.023013089968880046,0.021441131510613647,0.01828642413203588,0.021932177320322203,0.02210148438720555,0.02293577578323984,0.02202024378861405,0.022338546693179417,0.019243859949268593,0.018737674455929918,0.022619812850279655,0.02240938139381856,0.02292976260823852,0.022207913590585597,0.02268514688421075,0.020176525601075378,0.013525343878638808,0.019739173889308688,0.018206868006258016,0.020302502305325258,0.017393034009850296,0.01906820661873021,0.011871509075261695,0.016040131334944023,0.0071941606624291304,0.008159574333608635,0.004690156797988337,0.0075306245716118955,0.007266250255692095,0.016118652346562935,0.007573976568777649,0.00289749269894814,0.0028795807032261428,0.0017181668017086016,0.0028514240616410056,0.0022948289826550026,0.00673785494497951,0.009399832542085877,0.003039400785338054,0.003310954753256298,0.001997469405694636,0.0031760180006187317,0.0028714905244468934,0.007892284425937666,0.005346583919992715,0.0017018774435002746,0.0018975960023671836,0.001329199539701315,0.0019524884858107968,0.0017066428771302367,0.004015764428131972,0.00853240249409998,0.003306647098139225,0.003062151426160108,0.0018182919897136083,0.0031404081563036488,0.00271981067886021,0.007188835681453072,0.007958878669262188,0.0023136353233294913,0.0026565810651816915,0.001826975592174744,0.0029084574305247397,0.002180224200893691,0.005802914367653788,0.015525047335185813,0.0065126172611701255,0.008647289183652733,0.005699116902595022,0.009978793669446005,0.007442495967913186,0.017952406195388772
vanilla_deficit,2,27000,24.82678553671576,24.939467000076547,0.5027062296867371,1.1123886108398438,5,0.27449999999999997,0.7255,0.0187,0.0085,0.0084,0.0046,0.0077,0.0068,0.0156,0.0052,0.0025,0.0033,0.0019,0.0029,0.0015,0.0063,0.0083,0.0033,0.0043,0.0019,0.0045,0.0029,0.0076,0.0057,0.0011,0.0021,0.0005,0.0022,0.0012,0.0039,0.0099,0.0037,0.003,0.0019,0.004,0.0029,0.0063,0.008,0.0026,0.0032,0.0025,0.0031,0.0013,0.005,0.0172,0.0064,0.01,0.0067,0.0091,0.006,0.0183,0.0,0.0,0.012155187954664127,0.019265745495722672,0.01822186893189942,0.020598345393230737,0.01839626397686151,0.019225765184600285,0.012782182772361959,0.018829918297241066,0.02244728235545817,0.02229926444069202,0.023247008254706793,0.02207191218324759,0.022846445200830397,0.020235657672722375,0.018375970992168242,0.022055853412344888,0.021803650283457945,0.022957628876557043,0.021871510729981603,0.022321287854822534,0.019012548154741262,0.02032796918860127,0.023278635113786774,0.02294311432842344,0.023510213241229694,0.023213402287523895,0.02313410961181893,0.02089023848034547,0.017937885302194246,0.022395747123153148,0.0218811828813504,0.023081299565103804,0.02228923862134957,0.02247059993473692,0.019500613021034674,0.018652976429462464,0.022355019968776174,0.022425669212045182,0.023051228977290995,0.022279701064327827,0.022511731578414462,0.019812715917313803,0.012571343581918006,0.01964559501814403,0.018228416039361504,0.020887744274013464,0.018263897673622992,0.019148418499350776,0.012289994646993485,0.017712606450264897,0.007376689887093892,0.008720616451239348,0.005266270558464369,0.00858717723116335,0.007356021417733282,0.016538101751375087,0.00800302615312197,0.00264818757264472,0.002899969674273266,0.0014988849698553092,0.003187639797883971,0.0020745424055266474,0.005865621570491314,0.008577278198481659,0.0031716556891345457,0.0035341020132234964,0.0019538205493861475,0.0035537658643215813,0.002790194371080275,0.007584315013912595,0.005654833784946001,0.001414370857630639,0.0019356172062096704,0.0010815651489880771,0.001508118299199905,0.0016611339407143543,0.004846784975876149,0.009167797689267452,0.0026831874191051374,0.003500803315876011,0.0016979658492862829,0.0028362529862664154,0.002575614897994888,0.00688290691685321,0.008101062964855129,0.0027807797536067327,0.0027183107673181654,0.0017411809119385459,0.002928084606396688,0.0025165037635674317,0.006473439900216655,0.016997353105432666,0.0066745502951757706,0.008789332467918954,0.00485036945129699,0.008738341078686387,0.007428115436182809,0.017362622969189532
vanilla_deficit,2,28000,25.809328113566153,25.92806087504141,0.49622756242752075,1.1562912464141846,5,0.2771,0.7228999999999999,0.0191,0.008,0.0086,0.004,0.0076,0.0072,0.0163,0.0061,0.0026,0.0032,0.0017,0.0039,0.0019,0.0066,0.0091,0.0031,0.0032,0.0017,0.0038,0.0028,0.007,0.006,0.0011,0.0019,0.0006,0.0023,0.0013,0.0037,0.0093,0.0038,0.0036,0.0015,0.004,0.0028,0.0066,0.0075,0.0024,0.0028,0.002,0.0026,0.0015,0.0058,0.0171,0.0071,0.0112,0.007,0.0087,0.0066,0.0188,0.0,0.0,0.012415154093398004,0.019021907580668733,0.018703544235478924,0.021485957743761754,0.017777756866396602,0.019309026900230605,0.012567783857590047,0.018730062083250246,0.022172396606896752,0.02198958543057714,0.023220957911579892,0.022682973392502463,0.023038533205306688,0.019680716525893795,0.0178252156320816,0.02250611588404179,0.02184772210166916,0.022999284913817704,0.02203680871754912,0.02258920876036325,0.018533131302249522,0.020417281074893552,0.02301033209672563,0.022954404818495776,0.02350117106232661,0.02320579186732277,0.022933524345773032,0.021544034470160477,0.01824767367876154,0.022216059095552184,0.02214266320176713,0.02317890055762932,0.022118551848515647,0.02235925081815486,0.01891314218408152,0.019066187457850055,0.022640379632795606,0.02220786584056611,0.023269103745896563,0.02223213418111953,0.022885907232145994,0.02025041962608054,0.01134245921178643,0.019839151144104512,0.01762190331105592,0.02076485912084086,0.018303173050703038,0.019376851597867027,0.012322979981723974,0.017468297726935582,0.007619145419543011,0.008113991293321441,0.004052437185627742,0.009517515391104587,0.007364342406926699,0.016937286048648685,0.008154152142280907,0.0031087627416313546,0.0033704834955004264,0.001568532421017277,0.002416860407166591,0.001868762386876661,0.0066759647165287785,0.009449571274213957,0.0026700576206717896,0.0035345189577566313,0.0018858895173104787,0.0033028765005928837,0.002512035598230005,0.008318899661250559,0.005582403072010294,0.0018700738702751064,0.001989204393001311,0.0011673665922429938,0.0015902448163756802,0.0019800353227803777,0.004086479415621123,0.008805698714560793,0.003007191046751928,0.003151330430118926,0.0017068686324064378,0.00314678683468934,0.002880316295960639,0.00785298388390969,0.007594814843307543,0.0024387770613136404,0.0030189208814084714,0.0014996046655775112,0.0030623022267115196,0.0020482061377514993,0.0058994144741123,0.018730578768541815,0.006449142546506896,0.009623454894705417,0.005241044610399464,0.008609055801843613,0.007150054000112827,0.01732682085691568
vanilla_deficit,2,29000,26.775898816762492,26.899978625006042,0.4935576915740967,1.1709012985229492,5,0.264,0.736,0.017,0.0065,0.0091,0.0041,0.0061,0.0073,0.0159,0.0066,0.0029,0.0035,0.002,0.0027,0.0024,0.0058,0.0083,0.0026,0.004,0.0019,0.0031,0.0026,0.0061,0.0062,0.0014,0.0029,0.0005,0.002,0.0017,0.0039,0.0096,0.0036,0.0037,0.0021,0.0041,0.0026,0.0075,0.008,0.0023,0.0031,0.0017,0.0021,0.0015,0.0047,0.0143,0.0058,0.0104,0.0062,0.0072,0.0065,0.0179,0.0,0.0,0.011924515350269884,0.01953645389706039,0.017867061919140597,0.021394815928228728,0.018486727644478618,0.019374774914642106,0.01164731762196991,0.01829160276954191,0.02258989822485942,0.02217357181060954,0.02328929607234527,0.02260936598198627,0.022802804231161343,0.019803323967931753,0.017279169091904217,0.02209547226181287,0.022029716783981995,0.023386288418893612,0.022024852539188115,0.02252307691802755,0.019387445008388397,0.0206528241172528,0.023228072953867203,0.02301846967544767,0.02372909090202728,0.022948230238948993,0.023578078213293018,0.021288285746581995,0.01822196401869384,0.022163347738003582,0.02230451749160902,0.023397677625790984,0.02217586964448099,0.022659093655911403,0.019531225869681774,0.019125382240875462,0.022373141260665655,0.022147692689907964,0.023298672601869304,0.022296736997836922,0.022586443087377246,0.020091718675182557,0.012008766904107043,0.019466106919565438,0.01744162116952651,0.02110476419466067,0.018028052577671348,0.019039063499034947,0.011577537933705865,0.017956106040217516,0.0069506364145557106,0.009399562160607632,0.004389593293346411,0.008597663784812562,0.00729743365103942,0.018466958173658718,0.008913834480605905,0.0026142623417663414,0.0032445742227144034,0.0016210067370085357,0.0025866150463853006,0.002429089626037674,0.006649763688743491,0.010234462993872295,0.0033554879392066715,0.003448871121802708,0.001483262258420181,0.0034557791190489157,0.002709159170183217,0.007201315113210346,0.005443339065635403,0.0017079532521968293,0.002005623071762619,0.000996428492886898,0.0021444366851355425,0.0012108904046786524,0.004501820506886203,0.008895545025312252,0.0032981565235056507,0.003058610636982618,0.001467087782583256,0.003241310935045131,0.0025159938813141478,0.006958061040631277,0.007651610707624184,0.0029220915270142997,0.003281326668801342,0.0016076905814950413,0.003030597669197653,0.0026191691836757315,0.006162072573564472,0.017719268003174644,0.007128665253158881,0.009964692839876898,0.004762450148076794,0.009170929952953382,0.00769607197870999,0.018448868871795393
vanilla_deficit,2,30000,27.73818235762883,27.867168666096404,0.48863929510116577,1.1358749866485596,5,0.2863,0.7143918367346939,0.0181,0.0078,0.0098,0.0042,0.0082,0.0073,0.0179,0.0056,0.003,0.0037,0.0015,0.0036,0.0016,0.0066,0.0091,0.0021,0.0047,0.002,0.004,0.0033,0.0077,0.0054,0.0012,0.0025,0.0004,0.0026,0.0018,0.0032,0.0087,0.0034,0.0037,0.0018,0.0033,0.0025,0.0088,0.0077,0.0027,0.0045,0.0014,0.003,0.0027,0.0059,0.0156,0.0064,0.0118,0.0059,0.0094,0.0071,0.0211,0.0,0.0,0.012061983194255893,0.019231454860952114,0.017584731340752648,0.021658435021156733,0.018086248601009706,0.01965577537022024,0.010918334462038798,0.01846999399574364,0.02240102928631341,0.022178421095716345,0.023525554252448802,0.022444603367616486,0.02294806940501306,0.019857637910751368,0.01799273832505397,0.021928025195113533,0.02147326575855543,0.022960414425707343,0.022071295017274117,0.02254251291116252,0.018409397788484046,0.020810560893391526,0.023308695477061454,0.022880604704248637,0.023864601292798965,0.02342657415522048,0.023403899720160666,0.021627100173809588,0.018056796193240125,0.022554328869461945,0.022017830927021757,0.02320007538878803,0.02240217528063887,0.022638345478533016,0.019284034288317126,0.019439348586870978,0.02293948621861171,0.02197406289351094,0.023483512623635815,0.022408165426115848,0.02299662447043094,0.019604228365617968,0.012815927137173428,0.01962000458496197,0.017674706083319842,0.021332578534019594,0.017846145406721914,0.019147731336479918,0.01084193390449678,0.017683418046253528,0.007465130222501885,0.009881275447324976,0.00398023809160219,0.00913015808007146,0.006862679404069447,0.019463422023905448,0.008507190862744061,0.0028868392749850243,0.003241961177454827,0.0012902372456264054,0.0028249727369080487,0.002110150993302815,0.006576074702911855,0.009145736593146207,0.0035584111072227954,0.004282204154748589,0.0020926235166468686,0.003394058924849344,0.0026859606379091225,0.008671350437694045,0.005223113395939351,0.0015981336208021014,0.002205937464385562,0.0008088578107780618,0.0014307693181547256,0.0014629625109439227,0.004024727349173789,0.009093849647449252,0.0026691843247388524,0.0035090298106703276,0.001752352565324484,0.002885212190730998,0.002549897432422269,0.007390477882214599,0.0070918374363799904,0.0021613999126704983,0.003532109222347535,0.0013499280056377494,0.0028767073742860874,0.0020412124474132993,0.006935865909157178,0.01661296744218944,0.006952529312135073,0.009636341689216097,0.004403827061609826,0.009431994411844684,0.007544938492918617,0.019532833136220985
vanilla_deficit,2,31000,28.65773372852709,28.791508208028972,0.49830949306488037,1.216426134109497,6,0.2794,0.722591836734694,0.0173,0.008,0.0081,0.0035,0.0075,0.0069,0.0173,0.0054,0.002,0.0034,0.0018,0.0039,0.0015,0.0063,0.0095,0.0034,0.0048,0.0014,0.0042,0.0028,0.0085,0.0059,0.0013,0.0012,0.0003,0.0026,0.0018,0.0033,0.0079,0.0028,0.0034,0.0014,0.0032,0.0022,0.0086,0.0078,0.0029,0.0036,0.0015,0.0034,0.0019,0.0065,0.0147,0.0065,0.0116,0.0056,0.0101,0.0075,0.0224,0.0,0.0,0.01157037606035712,0.01945303788608772,0.017226514474111866,0.021486865907625295,0.017954896245092833,0.018829232179373337,0.01228659563547714,0.018834545324169276,0.022523579765646097,0.02185148345612665,0.023490217500354887,0.0222439200606509,0.02289900452290229,0.019985626645610134,0.01736496209458698,0.02210686098075748,0.021541221860011582,0.023023397312343305,0.022068197380452535,0.022707563148475593,0.01860139975718989,0.021508641322300685,0.02354871404470538,0.023077937900845374,0.0238521279408761,0.023347407269620413,0.023584796790773712,0.021313644351523914,0.018014307581373713,0.022636182759562175,0.021888431380027426,0.023443125947968366,0.022336412491335222,0.022462541099034304,0.01865480043389807,0.019636219153431125,0.022881526857168016,0.022232327122387884,0.023449224317696117,0.022185120593480687,0.02297509450889414,0.01977477888289293,0.013493893008639787,0.019175436775276857,0.017413011690435538,0.021740694517523307,0.017683823520805293,0.019306557185290125,0.010333722354830342,0.018437398575309027,0.007265156013816305,0.010515969315857684,0.004441793654088832,0.00937365183114441,0.008143104858866245,0.017429385756556975,0.00821375209890514,0.002865527270231546,0.0038114406730005534,0.001505074049565777,0.0032981849431592517,0.002337151642229892,0.006476524086546908,0.01024299209314198,0.0034910829234131107,0.004287167677734377,0.002201142794458009,0.003584560865381396,0.0026065876729740737,0.008424695424024034,0.004372084271639751,0.0014227455729277074,0.002085319459845028,0.0009957185726166152,0.001745128742784123,0.001411024944629993,0.004607461975438796,0.009329098369460758,0.002785173969386104,0.0037594398869119816,0.0015713510547043054,0.003207072900315029,0.002990496048866712,0.008388601409846297,0.006968282819928953,0.002400812340483633,0.0032754384316941425,0.0016018306632662527,0.00334187725565294,0.002269124523455376,0.006851397814181887,0.0156911638500444,0.00757772890580043,0.010214429230426801,0.003967365858750172,0.009716099122817016,0.007510376554217553,0.020138811804863502
vanilla_deficit,2,32000,29.559674851829186,29.698334375047125,0.5186521410942078,1.0766632556915283,7,0.2881,0.7119,0.0193,0.0086,0.0096,0.0034,0.0082,0.0071,0.0192,0.006,0.0024,0.0037,0.0018,0.0041,0.0018,0.0068,0.0115,0.0033,0.0041,0.0021,0.0042,0.0032,0.0081,0.0055,0.0013,0.0021,0.0005,0.0025,0.0013,0.0034,0.0103,0.0035,0.0042,0.0018,0.0039,0.0023,0.0083,0.0092,0.0026,0.0029,0.0012,0.0032,0.0016,0.0051,0.0155,0.0061,0.0115,0.0048,0.0095,0.0059,0.0196,0.0,0.0,0.0113725310189521,0.019374884882461127,0.017208270717469012,0.02172582067171058,0.01806194089583924,0.0188380862622499,0.010717667206597576,0.018476773896255835,0.022711162434318078,0.02209132154320695,0.023792626381770272,0.02232116342235416,0.02293157556247398,0.01971606062017807,0.01699024331474845,0.022383393684620986,0.021407286164111278,0.023325139351512376,0.021640184308534545,0.022890515779047417,0.01884398475998386,0.021526705552734293,0.02356352370810006,0.023201465045884197,0.024135731452519016,0.02345607307676166,0.02376421487834731,0.021239726895646963,0.01773165141724111,0.022430475107239854,0.0217879086448784,0.023724204282243422,0.021996875645610682,0.02293598279470347,0.01904367471011499,0.019181770084516395,0.02310224940138603,0.022098891948466412,0.023612783106506382,0.022632043792687673,0.023010555403127474,0.01996876007892485,0.013287629967717289,0.01928193809598227,0.017268537513544256,0.021848585740929554,0.017453107734358583,0.01925277848962569,0.010641522551805858,0.018718663231322187,0.007358189006167808,0.010519463870370603,0.004055130230987851,0.00928099695164106,0.008112389695570404,0.019716870213925368,0.008776282646320136,0.0026316650729420344,0.0036197274407127112,0.0011122109908664223,0.0032186751879597067,0.0024001101912330372,0.006839775466680581,0.010708604313940582,0.0031312418285280507,0.004619857900028113,0.0017690290735368722,0.0042535741023736985,0.0023796740820033815,0.008260352321330058,0.0043739489642346955,0.0014340996618135687,0.0019427911568474748,0.0006301492434006648,0.0016241300242128374,0.0011911915805592214,0.004738090743958681,0.009823177824890353,0.0031041550500831233,0.003967896787376626,0.001247406365822802,0.0036742986854428595,0.002315793041214966,0.007901663451779856,0.0076295148037014305,0.002082188883783875,0.003570028540672236,0.0013648903329539187,0.002820951562214806,0.0022891437169780663,0.006484733373011464,0.016067016603074892,0.00744971650360954,0.010356664175919735,0.003843583122508277,0.010019218487415391,0.007568810676012007,0.019745728259290947
vanilla_deficit,2,33000,30.457537058508024,30.601255375077017,0.49173134565353394,1.1904919147491455,8,0.28259999999999996,0.7174,0.02,0.0078,0.0106,0.0041,0.0081,0.0075,0.0181,0.0071,0.0017,0.0034,0.002,0.0035,0.0019,0.0058,0.0113,0.0023,0.0048,0.0016,0.0041,0.003,0.0071,0.0058,0.0013,0.0025,0.0005,0.0022,0.0016,0.0029,0.0115,0.0028,0.0047,0.0016,0.0039,0.0022,0.0087,0.0094,0.0025,0.0033,0.001,0.0031,0.0018,0.0051,0.0161,0.0057,0.0103,0.0043,0.0088,0.0053,0.0179,0.0,0.0,0.011314321771564842,0.019574965621189756,0.01720026302177585,0.02202367746328273,0.017699096910775196,0.019323685991608823,0.01101054738936383,0.018730634858641307,0.02266949585183778,0.021970929456724825,0.023662153283022395,0.022337964420013873,0.022988210092167456,0.020081485110711603,0.017189844547545442,0.022469689980901302,0.02159902054411807,0.023233972916112663,0.02200852778877772,0.02276766630366498,0.018755278796826105,0.02114271579696554,0.023543388990803233,0.023282454862802206,0.023922120218812626,0.023071517898934427,0.02366704647409859,0.022345539051090112,0.01737134917133957,0.022693800843841393,0.021928315345801024,0.023659679444153113,0.022286610234324794,0.022691200300902083,0.01881972248213305,0.01920664745599083,0.022703443617080016,0.02222878983063801,0.023593562298889398,0.02194691107135006,0.023090175960586424,0.019850114899092008,0.012713078013620637,0.01990488306395934,0.017441315698758883,0.0217369282615498,0.016290613665739154,0.01928509902394633,0.010971543902170767,0.01883922927385435,0.007191897721477277,0.010450823343097713,0.0035945956180086255,0.009710774563897337,0.007466883399126157,0.019344233198064248,0.008222143452231502,0.00268705938357092,0.0037077822496437824,0.0012921276145955868,0.003192006399353121,0.002239186225023012,0.006323861252810037,0.010465463903105307,0.003045961566354375,0.0041913447167899265,0.0019328905380146882,0.0036940096967912842,0.0025491053646653243,0.008343762560237257,0.004949754423103051,0.0014590211259237333,0.0018647612866391106,0.0009268091006504437,0.0021611804367977173,0.0013243139582606563,0.003142299649690974,0.010171342046279463,0.0027310297956683574,0.003767665725319079,0.0012956039764518352,0.0034204218643333886,0.0026565592084080046,0.008175078077055602,0.007592289291140369,0.0026393542894121045,0.003345423981593444,0.0013885150890924265,0.0037024715836060478,0.0020958986972814085,0.006727119222597569,0.01687362718616565,0.006611093763673512,0.010151146589698977,0.00403661240884413,0.01188535802167939,0.007521107732083197,0.019399042845055454
vanilla_deficit,2,34000,31.34332024306059,31.492032665992156,0.5032726526260376,1.26155424118042,8,0.29359999999999997,0.7077836734693876,0.0209,0.0077,0.011,0.0033,0.0085,0.0074,0.0201,0.0069,0.0026,0.004,0.0014,0.0036,0.0016,0.0073,0.0111,0.0028,0.0038,0.0014,0.0039,0.003,0.009,0.0058,0.0012,0.0024,0.0003,0.002,0.0012,0.0033,0.0113,0.0027,0.0047,0.0012,0.004,0.0025,0.0093,0.0082,0.0025,0.0029,0.0013,0.0034,0.0019,0.0052,0.0169,0.0058,0.0116,0.0047,0.0088,0.0059,0.0213,0.0,0.0,0.012482294792098902,0.019055808231973753,0.017260849655958935,0.022216508461771034,0.01723779785091159,0.019450405740468198,0.010871816858801632,0.018585544544424203,0.022884688959948114,0.022245927036589654,0.023993307443258696,0.02217898949079545,0.023098272555942802,0.01927418777539642,0.016827532164518322,0.022269806531276404,0.021705365221971362,0.02366632930754773,0.021649679511420432,0.022647496781595135,0.01797331996632874,0.02109614727396384,0.023691289124407378,0.02343755655009428,0.024284863397060034,0.023112367312088718,0.023853768137332573,0.021824562851717626,0.01787462419791323,0.02282112651954253,0.022083356608877832,0.023718917993061757,0.02216525576532822,0.022997676506287576,0.018807280308665103,0.019010914656874905,0.023162755939787335,0.022061103217324705,0.02374092228005064,0.02227486807808765,0.023214515915929997,0.0196814689249021,0.011402047449541841,0.019691683889970002,0.016784104771465178,0.02207018871956311,0.017540325155204036,0.01886974110111877,0.011150638470841506,0.017268450217288282,0.007965523274662531,0.010463107917999882,0.0035675853714597174,0.010534245717706954,0.00737740037255397,0.019392152846110806,0.008619868940371787,0.002559724513749988,0.003448526067082073,0.0010171437900299402,0.0036588534248327086,0.0023015973646108696,0.007583535332442209,0.01122229501458422,0.0034152990834529036,0.004278812651759266,0.0014721156101996991,0.004278171208975454,0.002889764187138667,0.009588932759389573,0.005087442912874281,0.0014373854185829233,0.001790440129475377,0.000611459958314712,0.0023210477983648726,0.0012113049435406812,0.004034830804946981,0.009570012410809296,0.002648168100789468,0.003713796240696087,0.001438003890410881,0.003560775637046188,0.0024025086512801494,0.008272273504265647,0.008027990177938007,0.0022509348361937215,0.003744760592602556,0.0013683236535976782,0.0034082562236586855,0.0021398512192270912,0.00705588885201291,0.018654366582652484,0.007080737798437506,0.011165534307402206,0.0036930561234948182,0.010113295864330046,0.00826348779884463,0.01912137563997955
vanilla_deficit,2,35000,32.24767733598128,32.40224195807241,0.48635417222976685,1.2728493213653564,8,0.2881,0.7128836734693877,0.0167,0.0058,0.0108,0.0032,0.0081,0.0076,0.0211,0.0054,0.0018,0.0038,0.0019,0.0032,0.0019,0.0073,0.0109,0.0029,0.0053,0.0016,0.0039,0.0028,0.0092,0.006,0.0012,0.0022,0.0005,0.002,0.0014,0.0034,0.0074,0.0025,0.0047,0.0014,0.004,0.0021,0.0091,0.0082,0.0022,0.0032,0.0012,0.0034,0.0009,0.0055,0.0179,0.0072,0.0128,0.0045,0.0119,0.0054,0.0207,0.0,0.0,0.011182090705276112,0.01988057407938911,0.01678713258444854,0.021916150897945894,0.017980241129996202,0.019196497258920912,0.011505340729601004,0.018504622966128068,0.02307748298541242,0.022061565252140133,0.02387518197983771,0.022379723054332293,0.023175735530428926,0.019916988235207884,0.01683385474276035,0.02254131205719726,0.02143459184203997,0.02338337151649028,0.021412948744578348,0.02260678026815731,0.018799478268861046,0.021305730377947564,0.023570663027861864,0.02335313619625659,0.024284965586103952,0.023570460698492158,0.023883275880556443,0.02224298096377961,0.01795605495533122,0.02276235510937845,0.021768540789950067,0.023442877508386133,0.021837783758055673,0.022912993317095558,0.019193970957864674,0.018864266670273917,0.023244924653635667,0.021637395798427342,0.023777451297065096,0.022053746441623466,0.0232802593769331,0.019878929024125074,0.011471323020122678,0.02007707221203471,0.016034627624612243,0.021927527870658617,0.016986817529780655,0.019448551172007084,0.01077965335249054,0.01903194578754012,0.006713511378533378,0.010999686313821016,0.0038673760718125746,0.009487736752263293,0.007669984832885368,0.01881435390584724,0.008637360681627019,0.0022436062259220627,0.0036249958076273576,0.0010892042057072636,0.0032192113504047816,0.0020671674133224192,0.00674072225257387,0.01105154708030491,0.002954215757612996,0.004579752503662483,0.0018159141141407436,0.004610013795337043,0.002862678368808705,0.008264157685266548,0.004720863583596035,0.0015540438775059526,0.001897251517078635,0.0005162464183727486,0.0015152642736155203,0.0010778873463312515,0.0033713410905054186,0.009482491264237974,0.0026451542525973135,0.004034701430116868,0.0016936505760112611,0.004055073691079497,0.002473595017462411,0.007751642096844173,0.008134508303432281,0.0019704274600057083,0.0042180678289035585,0.001225850852619994,0.0037531155369911365,0.0019600850922486994,0.006832998988175908,0.018588479830188392,0.006438768481125135,0.012129960716952406,0.003851468834401493,0.010759550127753606,0.007278501567089702,0.01959463207285474
vanilla_deficit,2,36000,33.23814480972942,33.3989335000515,0.4727267920970917,1.270605444908142,8,0.2831,0.7168999999999999,0.0196,0.0072,0.0094,0.0034,0.0077,0.0053,0.0167,0.0067,0.0025,0.0038,0.0013,0.0051,0.0016,0.0065,0.0111,0.0026,0.0039,0.0012,0.0054,0.0026,0.0067,0.0059,0.0014,0.0016,0.0004,0.0027,0.0008,0.0027,0.0107,0.0031,0.0046,0.0022,0.0053,0.0018,0.0078,0.0079,0.0027,0.0034,0.0013,0.0043,0.001,0.0047,0.0176,0.0063,0.0114,0.0048,0.0119,0.0053,0.0192,0.0,0.0,0.012579338763478592,0.01994128989424749,0.016341406243210885,0.021956388368607544,0.017159713713849577,0.01979685975451031,0.01085514582375417,0.01855069067438974,0.023262775758082388,0.022013860915034204,0.024186720496444554,0.021477491885796146,0.02336568012939133,0.019744199657594767,0.016784449399857147,0.02225125359032406,0.021431921116928085,0.02383365861102841,0.021431048402431617,0.02265919209079341,0.018501665885204407,0.021455475293370073,0.02402369193952318,0.02344785723822817,0.02430565989819375,0.023448825950433308,0.023857863486627037,0.021721045157553208,0.017378637762858664,0.02288206494905475,0.021836135651089324,0.023933984538036836,0.021947835783673132,0.02306893621100585,0.018838442015881526,0.018845085171794486,0.023178335816931746,0.022123950831256328,0.02381132090826263,0.021783894622842866,0.022929541049914008,0.020116794816035653,0.010899305901743681,0.019799910260386078,0.016119716251562527,0.02198122238374501,0.016781883996583438,0.01983664837251048,0.011521182565943387,0.01698729768439932,0.006814009553987121,0.01176863329559011,0.003940580454647868,0.010672556120630707,0.006975297640726407,0.019574375973410735,0.00870395834016796,0.002089323626882398,0.003938980693466194,0.0008467085574887268,0.004643958529591159,0.0019465767514220494,0.007009284168678438,0.011114990234036767,0.0034924868459927398,0.004668110884174075,0.0013364689082515366,0.004786508996181663,0.0029266027578702353,0.008771964542307798,0.004635437004062206,0.0010337959947102258,0.0018325823178366597,0.0006426557101122407,0.0018312385397371927,0.0012638298913488961,0.00426704382652887,0.010368869080307083,0.0026174380087245525,0.004146455107260961,0.0011582362988970909,0.0039915069285584685,0.0023582139503338026,0.008304795463168712,0.008295580210816366,0.002206457015969656,0.0036690786745346353,0.0013283928205313888,0.004179860311578687,0.0026297051159013866,0.0065314901542023775,0.019513118000859083,0.00704919104029194,0.012037094695946368,0.003906131208022905,0.01123573640989241,0.006920103669603864,0.018455150692253314
vanilla_deficit,2,37000,34.15728377888445,34.32428883307148,0.4727465510368347,1.3196330070495605,9,0.2924,0.7107836734693878,0.0181,0.0071,0.0107,0.0031,0.0089,0.007,0.0213,0.0078,0.0021,0.0037,0.001,0.0038,0.0015,0.0081,0.0095,0.0032,0.0045,0.0007,0.0049,0.0024,0.0099,0.0048,0.0016,0.0019,0.0005,0.0014,0.0012,0.0037,0.0103,0.0034,0.0046,0.0016,0.004,0.0019,0.0101,0.0068,0.0025,0.0035,0.0011,0.0039,0.0019,0.0062,0.0154,0.006,0.0109,0.0043,0.011,0.0059,0.0227,0.0,0.0,0.012133191010278625,0.02020695796832944,0.015981932414797655,0.02238986525807469,0.01770091272159772,0.019593549147804305,0.010707312940451677,0.018575393267950643,0.022899646977168283,0.022138082715758192,0.02397379103696651,0.022282589757759583,0.023059809528213557,0.019945898237352634,0.016451931886418834,0.022317725699751732,0.02093793289610011,0.023723945981983397,0.021728499464582454,0.022475203252508902,0.018408096883117606,0.021163261061341254,0.023905404299458817,0.023313842052454015,0.02435075950752235,0.023330306844573646,0.024147857785199178,0.021941116696458908,0.017599513408749937,0.022800433803453958,0.02233277784494583,0.02403059706488772,0.022083316669060563,0.02312441937446748,0.01861402829843977,0.018485398734190136,0.02323180901809449,0.022076239910647832,0.02394482502012702,0.02183893254093001,0.023126547552554437,0.020311047137376498,0.01164185059376687,0.019766673447323784,0.016578348138446893,0.022640702514166198,0.016776889176283116,0.019006750825459613,0.01020408163265306,0.017766016735845255,0.006346865389580689,0.01223895363568351,0.0033228333674419673,0.010052922907040997,0.00723569733450605,0.019819443647693856,0.008685234754201613,0.0026166209460157463,0.003710696054310852,0.0011285843040202874,0.003510507102407287,0.0024338065548698707,0.006903829980749852,0.011587852482992506,0.003422769968257036,0.005412353893590508,0.0014747004448162253,0.004278101217647706,0.0032046126674211825,0.008995119310505164,0.005022076567937454,0.0012623845352488952,0.002081889415934707,0.0006063611515974681,0.0020590803581054863,0.000887445606505294,0.004061682642355546,0.010154331223421995,0.0028712507532266695,0.003401917882929058,0.0010498895979779179,0.0037865647271205453,0.0023443010385636224,0.00870983775172158,0.008731781265991277,0.0021955316782248956,0.003874493324439389,0.0012077740979680928,0.00412511571947876,0.0023022903241735745,0.006280793253112814,0.01829043199372523,0.007034926733019482,0.011412725121401159,0.0030144052074723205,0.0112548691237016,0.00808766514003312,0.020649092143529144
vanilla_deficit,2,38000,35.066153207561,35.23853070801124,0.4804641902446747,1.2740495204925537,9,0.30180000000000007,0.6981999999999999,0.0204,0.0071,0.0115,0.0038,0.0115,0.0076,0.0204,0.0065,0.0019,0.0038,0.0011,0.0049,0.0014,0.0068,0.0129,0.0036,0.0047,0.0015,0.0066,0.0028,0.0074,0.0055,0.0014,0.0021,0.0005,0.0018,0.001,0.0034,0.0099,0.0028,0.0037,0.0015,0.0053,0.0026,0.009,0.0086,0.0021,0.0028,0.0011,0.0044,0.0018,0.0052,0.0175,0.0064,0.0118,0.0045,0.0116,0.005,0.0203,0.0,0.0,0.01094046990371536,0.020135028940701273,0.015893897045027503,0.02247915323699459,0.01670138406054306,0.019495499209439604,0.011055976295542877,0.018670098038000273,0.023048475630539515,0.021745835830552,0.024258084055598483,0.021865603584971027,0.023472182294516166,0.019702883737716403,0.016215106145247293,0.02238735176799381,0.020927231051630073,0.023859851868076293,0.021126100297201713,0.022948135068965272,0.018234818386365224,0.02177424089979902,0.02395663319587004,0.023582404540712032,0.024517212347480756,0.023316312419714935,0.024092745107384562,0.022120465592196218,0.01780272802050966,0.02311772724850754,0.021850209545543814,0.024088096645380194,0.021850498464776748,0.023422641752016003,0.018585751566059905,0.01868959260516405,0.02336411617817324,0.021833879552842266,0.024081543576225627,0.021770289638161817,0.02328456278715675,0.020208592335821444,0.012247168844182397,0.01973632542930518,0.01694808568185808,0.022430120947568768,0.015963226789724207,0.019371294619663807,0.010830367218863093,0.019463663786167117,0.006570270161683662,0.012487562373537774,0.0033038301435760788,0.011414881164315709,0.007450771200002766,0.019304635217259176,0.00862624152118156,0.0025199901840707176,0.0043134575404390075,0.0008936704161927346,0.004226686950807771,0.0019756956650965386,0.007204307815039139,0.011967198440090362,0.0034692844043077344,0.005440508125549059,0.0014028918152283962,0.005166706035269193,0.0026972010207826696,0.009342719666305642,0.004274349596362377,0.0012696438121305841,0.0017848797790110135,0.0004978415003295147,0.0021512339567351046,0.0010822456763477514,0.003836731832340825,0.009781369320201228,0.0024637074349830334,0.004208818880147039,0.0010886456534267837,0.004208421097726377,0.0020048403132211946,0.008781431782709601,0.008677526507668159,0.002085418003385981,0.004192239424838476,0.0010976678832195863,0.004318852171786806,0.002234009177297099,0.0064299259813811625,0.017547420327373955,0.007119202976852643,0.011036161220565055,0.003410400031646101,0.01235304705999709,0.007582712900301375,0.019498065060848297
vanilla_deficit,2,39000,35.97537695453502,36.15366170799825,0.4687854051589966,1.3355820178985596,10,0.3062,0.6941918367346939,0.0204,0.0067,0.0117,0.0037,0.011,0.0074,0.0176,0.0066,0.0021,0.0037,0.0016,0.0044,0.0015,0.0073,0.013,0.0029,0.006,0.0012,0.0062,0.003,0.0099,0.0054,0.0014,0.002,0.0005,0.0018,0.0013,0.003,0.0112,0.0029,0.0036,0.0016,0.0048,0.002,0.0091,0.0084,0.002,0.0034,0.0012,0.0061,0.0016,0.0062,0.0153,0.0054,0.0127,0.0041,0.0143,0.0062,0.0208,0.0,0.0,0.011247844313319865,0.020416794138715583,0.016335454267593672,0.02243127129755082,0.016083573317589958,0.02012734359522249,0.010691973217824394,0.018838360279728815,0.02323555373661658,0.021999662610148518,0.02402004698804794,0.02202908628830784,0.023579716706082596,0.0199831878276086,0.015875743807635557,0.022456568478964736,0.020656370375830305,0.023805383203228368,0.020526951182365777,0.02302253244614258,0.017577155720756594,0.02133743938943943,0.024321042086471407,0.023634494057249177,0.024537191272673467,0.023475219099247265,0.02422716860054943,0.022072959030491883,0.018427943699282766,0.023184790122305007,0.02180489689296139,0.024188115074055633,0.02139945874561975,0.02329578617304033,0.019165188261980853,0.018570853243915074,0.023272273385267432,0.02118065594549351,0.02414127696959296,0.02130137510655351,0.023407302242550967,0.019672061314355126,0.012229210651797065,0.020521532443479845,0.016877499693488753,0.022406285261846078,0.014831057691139064,0.020138481113513334,0.011437868632357785,0.018928516627181893,0.006311652498916272,0.011949424148171217,0.00350916620764165,0.012216824937210977,0.00670871558537423,0.01976917566904824,0.008437857378467722,0.0023277409208795168,0.0041012392972059695,0.0012515870883122284,0.0039827514209650255,0.0019728118055449334,0.006867403393004425,0.012462859247476626,0.003552588985943678,0.0059048810952759,0.001546059034789125,0.006199603533658736,0.0026980847229453723,0.010089830269447533,0.004970602785168078,0.0008386873875673539,0.0018195442134471176,0.0005421777940007631,0.0020380347564479813,0.001006523859130606,0.003922567576731249,0.008922734514165278,0.0024755025404383083,0.004407477929851119,0.0010600967893436904,0.004846463239922585,0.0022451151402446664,0.007989520589019205,0.008765756252965742,0.0023164320626121973,0.00514661301368123,0.0010852859645948479,0.004981012624382798,0.0021702643875817257,0.007255138687682866,0.017660420809631407,0.006128911862892785,0.011205855912959195,0.00354344160521233,0.01405219100572793,0.006615312336680423,0.018589719659844336
vanilla_deficit,2,40000,36.91450129984878,37.098285750020295,0.4517923891544342,1.4353117942810059,11,0.2895,0.7120918367346938,0.022,0.007,0.0115,0.0035,0.0106,0.006,0.0155,0.0065,0.0021,0.0031,0.0014,0.0043,0.0019,0.0072,0.0137,0.003,0.0063,0.0011,0.0057,0.0035,0.0103,0.0051,0.0012,0.0018,0.0005,0.0025,0.0013,0.0035,0.0105,0.003,0.0037,0.0013,0.0039,0.0013,0.0061,0.0086,0.002,0.0035,0.001,0.0051,0.0026,0.0079,0.0183,0.0054,0.0141,0.0031,0.0101,0.0057,0.0102,0.0,0.0,0.01020408163265306,0.02040360795067387,0.016247719485615784,0.0231752650282093,0.015298381605737287,0.019379600479676507,0.01020408163265306,0.018545094929077424,0.023710105373056387,0.022285824395981875,0.02460221820415849,0.021925028244509474,0.02356935437586105,0.0199214305866125,0.015505439921284333,0.022645556785007494,0.021176130118123984,0.023966057579137178,0.020654500624992852,0.02357078657237753,0.01761318078725163,0.02225278962317083,0.024282699686472856,0.023872078196324073,0.024730423395730776,0.02367279984579139,0.0246817189827308,0.02267398029626435,0.018002780720032897,0.02316176731770879,0.0223624947816529,0.0243239404861161,0.020900292560733447,0.023851595915882755,0.019396982449780005,0.018849055546138915,0.02333751078468141,0.02229518359291302,0.02432311018335368,0.021487624374782424,0.023547853680077814,0.019904710221334682,0.011265983136420719,0.019919645858886018,0.01555267078758078,0.02283540831412048,0.014386742577927554,0.019320628738086303,0.01020408163265306,0.02093151252233231,0.006476783689046613,0.01214821933911608,0.0027464768772870116,0.01346497293181112,0.007933095794267734,0.020337466364523226,0.00909529930802511,0.002026648079649098,0.004021678700370776,0.0008259748081643467,0.00442914059075582,0.002216081472349541,0.007164797143409918,0.013147235609021198,0.003498461002359747,0.005437064624653223,0.0016821681417929103,0.006217238253689259,0.0022532164133941017,0.010388602709399185,0.003988014409107348,0.001295069620843489,0.0018086527400190445,0.0006534265144734532,0.0020768566944163497,0.0007189766162696373,0.0034211439799965958,0.009981437000304738,0.0027646431222497483,0.003996614866424845,0.0012395646173282563,0.0058083077800972615,0.0018752818502140378,0.007987826817428247,0.008686206000804234,0.00256717670340054,0.003970019881602543,0.0012016196019101664,0.005095956972513519,0.0022450187433372916,0.0073044881821761245,0.01889208135721419,0.007206261665669164,0.013161793718405854,0.003242944380908551,0.01465286354331525,0.00797340194746017,0.020805534867580633
vanilla_deficit,2,41000,37.81622938567307,38.00618766609114,0.44040387868881226,1.1985933780670166,10,0.3143,0.6864918367346938,0.0194,0.0066,0.0102,0.0025,0.0113,0.0061,0.0166,0.007,0.0025,0.0033,0.0014,0.0052,0.0016,0.0074,0.0144,0.0035,0.0061,0.001,0.0081,0.0026,0.0115,0.0053,0.0017,0.0018,0.0004,0.0022,0.0015,0.0029,0.0096,0.0026,0.0042,0.0015,0.0057,0.0022,0.0087,0.0088,0.0015,0.003,0.0011,0.0063,0.0017,0.0055,0.0197,0.0067,0.0142,0.0035,0.0155,0.007,0.0212,0.0,0.0,0.012061685166204827,0.020437535560648513,0.016715065233733294,0.022840409160008394,0.014739525931459916,0.019900045815178936,0.011261440309803819,0.019221927746741446,0.0235366929708051,0.022230998560174527,0.024383968760393084,0.02151619293720001,0.023695206782320753,0.020226531783419485,0.015418484281420824,0.022605735909559797,0.021053006210048845,0.024122149568490417,0.019628455346495703,0.022959958715362855,0.01766665558533166,0.021701791281334037,0.02434173495097903,0.023898587887877444,0.024881563146532892,0.023620614392300922,0.024637563858504047,0.02269102559780594,0.01833991043230379,0.022953771861124666,0.022260808581157195,0.02453968469749212,0.02124228178276217,0.023687044880242356,0.01970573540497031,0.019243218217099158,0.02368103244687281,0.021846415669864984,0.024333448366157757,0.020720789639874365,0.023787752429678767,0.020166254178600608,0.011391846418152638,0.02015176306486894,0.01500126764344234,0.022914144129088588,0.01288665955820532,0.018947535515251537,0.01020408163265306,0.01782132966789253,0.0065101530844508875,0.011558869317646728,0.0032373335252223225,0.014217525256191254,0.007155375021692298,0.018976414127677466,0.00834141528672511,0.0023002835326674776,0.004057470643423829,0.0011209679347003224,0.004980384557782828,0.0020869576394076292,0.006715994313186366,0.01338191665085589,0.0036312788332287203,0.005603735427784923,0.0015123834091898339,0.0075599405575396935,0.0031545702376910506,0.010356355994517803,0.004730608641278339,0.0012168681640620305,0.001813249906307195,0.00045131167011746106,0.002148280639442091,0.0007796828421675552,0.0033993095438250407,0.009294048091748403,0.0030847714282873813,0.003978290192228169,0.0009504698856300181,0.005427135743321998,0.002097941824539034,0.007495000527112614,0.008390887839575215,0.0021060332817247505,0.004535974958727103,0.0011889576456601608,0.00608989080827627,0.001962410871519135,0.006836177655393113,0.01883997772771375,0.006933804613939062,0.013748089053203627,0.003138101931501126,0.01663296451022253,0.008476313899708474,0.02093896348330635
vanilla_deficit,2,42000,38.772608305327594,38.9683050410822,0.4670925736427307,1.1568090915679932,11,0.32919999999999994,0.6732836734693878,0.0209,0.0063,0.0126,0.0031,0.0138,0.0064,0.0186,0.0068,0.0024,0.0039,0.0015,0.0062,0.0015,0.0074,0.0164,0.0032,0.0072,0.0011,0.0079,0.0029,0.0104,0.0045,0.0016,0.0017,0.0005,0.0019,0.0011,0.0038,0.0115,0.0035,0.0045,0.0016,0.0067,0.0021,0.0099,0.0084,0.0018,0.0034,0.0009,0.0061,0.002,0.0058,0.0183,0.0064,0.0134,0.0034,0.0158,0.0057,0.0224,0.0,0.0,0.010803063285209283,0.020082915357186808,0.015462873059353819,0.023079361883587036,0.013965148012753304,0.020226880688111917,0.011281715471811029,0.018630178073533874,0.023702622612594856,0.022336939989336255,0.024648617433966742,0.02182845847554618,0.02384784855841441,0.01943741877005979,0.01534960159941403,0.022716105205388595,0.02064563034922967,0.024204872694777526,0.020611542535593264,0.023202501491929706,0.017096424994058942,0.021860190999560984,0.024677454354443667,0.02404667965600001,0.02489594726121519,0.0236772861604205,0.02440158227784834,0.02236560053785641,0.018136588853417825,0.02309262565306843,0.022281460765444478,0.02443608263802063,0.020788231366362812,0.0234007338498808,0.018798336220211653,0.018622507018681404,0.023916884106372646,0.02196343640415708,0.02470997507183243,0.021308368497861444,0.02356848367416966,0.019857098139038798,0.011316841052734672,0.021230847219067463,0.01594628649865825,0.022917078633612822,0.01447514291055779,0.019943448004993647,0.01020408163265306,0.019444185555568077,0.007105210472371226,0.013345832110784708,0.003069303256298308,0.015343589916870706,0.0068350556573433,0.01907916732275237,0.009160148332624046,0.0021988972534114745,0.004059591252092411,0.000937071163768269,0.00473783517658992,0.0020442484526852437,0.00800527603075089,0.013379733052428316,0.0035147748609598876,0.006354626598176931,0.0015289651957449552,0.006400095021062094,0.002983177071233791,0.011166900045375712,0.004695508383897712,0.0008986067052102596,0.001779035302784425,0.0006462299246373854,0.002232692572001313,0.0012665818524179476,0.003982299549300613,0.009740402999656315,0.003090673724586797,0.00409453035395983,0.0012596256495836645,0.0060862915888162976,0.0026797000570914914,0.008818661151621185,0.009092255457503858,0.0019131020918030112,0.004557793311666986,0.0008552285717067972,0.005392500684374189,0.002416882521610664,0.007445481870044244,0.018758877162016817,0.005495903335080976,0.012622900526205438,0.0032467041386586796,0.014663327347672518,0.007330303106654175,0.020923646560087123
vanilla_deficit,2,43000,39.72717428160831,39.928886875044554,0.4473351240158081,1.3384393453598022,10,0.3215,0.6784999999999999,0.0195,0.006,0.0128,0.0027,0.0134,0.0058,0.0157,0.0076,0.0025,0.0034,0.0013,0.0067,0.0013,0.0071,0.0169,0.004,0.007,0.0013,0.009,0.003,0.0101,0.0047,0.0012,0.0021,0.0005,0.0022,0.0013,0.003,0.0093,0.0028,0.0041,0.0015,0.0061,0.0019,0.0071,0.0082,0.0022,0.0035,0.001,0.0076,0.0014,0.007,0.0197,0.0065,0.0146,0.0029,0.0173,0.0065,0.0182,0.0,0.0,0.010443272667172763,0.02088424543554969,0.015621202489352625,0.02282953680335711,0.012112195375045869,0.021048689210054858,0.011283214292403742,0.0192256770086474,0.023874918644324714,0.022317187924774176,0.024485644447227395,0.021435095596739943,0.024086886990586677,0.020021811319474593,0.013987015199374588,0.02258014302029168,0.021387724173436238,0.024584365661177332,0.019504244312172403,0.0232647261356123,0.017541206430077602,0.02231988912842023,0.024750018958436204,0.024468125747192638,0.025294268525838735,0.023718295235241403,0.024820260212168228,0.02286166848951348,0.017335206485915168,0.023462801113052018,0.02254897721269302,0.02487441928790824,0.020673330166452918,0.023839420641007372,0.018742391822113336,0.018658128738274368,0.02407990371372649,0.022302361214255228,0.024856635464904624,0.020541144613600515,0.023789822529292244,0.019640976905179984,0.01160424922141384,0.02069750679925371,0.016242694545278748,0.023034002340998144,0.0122480979471402,0.019872318171222154,0.01020408163265306,0.02024164030058912,0.006300625056614984,0.013287937337573962,0.0036297091311370926,0.017816346536669022,0.006006622503104807,0.018826486559565175,0.008477950987051036,0.002257358764021471,0.004380432548346795,0.0014556136533117707,0.00573373314682685,0.001979092176245043,0.007354681360542354,0.015433256339156418,0.003996169368818677,0.005522483631746749,0.00136507748524911,0.008151317502792212,0.0030974662798480233,0.010689280595336602,0.004298761477743652,0.0011085496014074396,0.0015176742516925818,0.00039407278120932735,0.0025801574431437596,0.0010163386918927108,0.003587527480792069,0.010920649518495286,0.002798376048971991,0.003998020538660009,0.0009452400516048203,0.00661657169180077,0.0023820846288684556,0.00911239533759349,0.009105826244675888,0.002066384642320283,0.004321771672197424,0.0009685861965934705,0.006633851482423951,0.002408133253008026,0.007815568474918398,0.018600352669912806,0.006467645730695424,0.012393933567075889,0.0033612920373558915,0.017755124638880952,0.007550932116816836,0.02106085039388848
vanilla_deficit,2,44000,40.638832335709594,40.84645625005942,0.4429527819156647,1.3910279273986816,11,0.3428,0.6616836734693877,0.021,0.0063,0.0141,0.0037,0.0153,0.0058,0.0182,0.0066,0.0022,0.0038,0.0014,0.0063,0.0014,0.0072,0.0168,0.0031,0.0083,0.0014,0.0087,0.0024,0.0112,0.0043,0.0012,0.0022,0.0007,0.002,0.0009,0.0045,0.0101,0.0026,0.0051,0.0019,0.0064,0.0022,0.0092,0.0083,0.0016,0.0043,0.0015,0.0069,0.0022,0.0063,0.0187,0.006,0.0166,0.0037,0.0176,0.0063,0.0243,0.0,0.0,0.01020408163265306,0.020881114445534966,0.015206668549287147,0.023302111604841143,0.011776008313963516,0.02106824927560761,0.011612890158363521,0.01898515130987654,0.02410167340506542,0.022126244939988084,0.024649172766950313,0.02107545230022998,0.024157286551720152,0.02043622169290861,0.014876209620176254,0.022370380854808834,0.020394474016918254,0.02443097747408887,0.018967071965316752,0.02356350809105629,0.016641243757320307,0.022705958625550735,0.0247693555729483,0.02440673937564692,0.025290484634642237,0.02350484365722804,0.02504722562556455,0.02303584239262159,0.01727962238284317,0.023471626013712873,0.022568996230963034,0.0250940560637999,0.020957471032303325,0.024349393165726454,0.01939562320597174,0.0184421240405129,0.024152853614104887,0.022172366569621543,0.024947745243181794,0.02089730903886556,0.024028171185563253,0.02022640448453198,0.011027449816938147,0.02073312770000757,0.014820885760912537,0.023099892534816164,0.01236975459931529,0.020174403072776764,0.01020408163265306,0.021359408971377385,0.006398070542094511,0.013875857834928961,0.003123823882781161,0.018271425534975134,0.00603685312779395,0.018562261923424198,0.008753280731675571,0.0021202317496966105,0.004696254817409761,0.0013672122470984418,0.0060665226490490545,0.002047710394869876,0.006978225183826389,0.014345849543133988,0.004338831131796852,0.007032665513241384,0.0016517460166649866,0.008894044285913161,0.0027829543498097283,0.011966062532605931,0.003979351787359583,0.001249552453142235,0.001722415786585293,0.000569983181001198,0.002898517182505903,0.0008481383529600945,0.0034710476091905766,0.011250783509847019,0.0029027715717088736,0.004197017711429071,0.0007870699360074945,0.006259436565645513,0.0017581346123647934,0.00825707450811397,0.009539530979948358,0.002053491089922384,0.0046361107099633465,0.0009778640121440477,0.0062988272648552435,0.0022160810382499604,0.007212771158310031,0.019286632699264224,0.006512925078905755,0.014457056157779348,0.003426586637346166,0.017614348537690346,0.00728058269317614,0.023642448738485974
vanilla_deficit,2,45000,41.538278452004306,41.751615250017494,0.4484094977378845,1.5639464855194092,11,0.34830000000000005,0.6528918367346938,0.0199,0.0063,0.0142,0.003,0.016,0.0056,0.0184,0.0074,0.0025,0.005,0.0012,0.0073,0.0014,0.007,0.0181,0.0043,0.0089,0.0014,0.0101,0.0023,0.0116,0.005,0.0013,0.0017,0.001,0.0026,0.001,0.0042,0.0089,0.0035,0.0048,0.0015,0.0063,0.0018,0.0095,0.008,0.002,0.0042,0.0013,0.0077,0.0022,0.0065,0.0181,0.0065,0.0169,0.0032,0.0186,0.0065,0.0216,0.0,0.0,0.012004060399049698,0.021262197035414373,0.014828603172501328,0.023880594520630273,0.012003285239068778,0.021319157939541852,0.01135267807632315,0.018948152906570565,0.024120436174626482,0.02205014744024674,0.024905671045370198,0.0206653754241784,0.024346691404935235,0.020060706700068195,0.012922695164070727,0.022425371185920633,0.019600046523283454,0.024487079302520753,0.01838941583161255,0.023482085013114683,0.016909831824066635,0.022711198826610702,0.025034730389536693,0.02462084469763859,0.025456029153878543,0.0237016322701447,0.025192801354689542,0.02326248053321929,0.017752846786695843,0.02363614831602441,0.022247033828808105,0.025107479410372516,0.02042917954535462,0.024372676572335317,0.019623989602221094,0.019507374512966576,0.024629734049025128,0.022177172509674672,0.025211916904721292,0.020701718800863116,0.02420456192579961,0.01977074752263392,0.011035340540516777,0.020938798779964414,0.013808607536570346,0.02376181683473376,0.01056897200594747,0.02036580283328518,0.01020408163265306,0.017954732820200194,0.005983441283030499,0.014224315104257671,0.002558643522590472,0.018072922645666328,0.005870725129351154,0.018836069310507193,0.009014693030643797,0.002209452270389096,0.004886452079187524,0.0011940994048997503,0.006677040203773435,0.0019168915283930622,0.007497973382944364,0.0168840738862806,0.004479391665798035,0.00813269540844686,0.0017353620785375361,0.009698109003328587,0.003034876236107253,0.011728481867054334,0.004148862945612094,0.0010272184119638238,0.0016014583969572757,0.00048245540723827887,0.002750989280953793,0.0008618862608875116,0.00335789968364502,0.01044310359202671,0.0028356637177839286,0.004670929401873264,0.0009331498351350359,0.007099642263564135,0.0018832912450091777,0.008140798160333609,0.00836971303154975,0.0015899639654961308,0.004722201517937644,0.0007981062792482153,0.006786296173027663,0.002100672941174928,0.007911969412582424,0.01924640459783741,0.006401613421838304,0.015699476846865658,0.0027512922529332384,0.020005695351109774,0.007142529417868276,0.02369082907031718
vanilla_deficit,2,46000,42.443121445016004,42.66309354105033,0.4477367699146271,1.3953869342803955,12,0.35640000000000005,0.6486755102040817,0.0231,0.0061,0.0146,0.0035,0.0198,0.0065,0.0195,0.0069,0.0019,0.0048,0.0009,0.0079,0.0016,0.0071,0.0164,0.004,0.0085,0.0011,0.01,0.0025,0.0103,0.0048,0.0014,0.0022,0.001,0.0033,0.001,0.0036,0.0106,0.0027,0.0051,0.0019,0.0077,0.0018,0.0086,0.0079,0.0014,0.0042,0.0012,0.0079,0.0013,0.0062,0.0184,0.0058,0.0167,0.0032,0.0208,0.0063,0.0224,0.0,0.0,0.010491627891973807,0.021022547586841488,0.014875086958872435,0.02380304782961131,0.01020408163265306,0.020979240000929454,0.010996280909445525,0.019430115170594238,0.024380922610773122,0.0224098029353011,0.02525519083484583,0.02040852141854011,0.024648368939882058,0.021502074011055097,0.013107148127818165,0.02248598588866634,0.01998826762510443,0.024586605245956482,0.017665491669278797,0.023221779088065976,0.017158837269686308,0.02321309337379244,0.02512057447614307,0.02473250696446324,0.025685373452802418,0.02383170266254752,0.025396637505358727,0.023475280426888602,0.017771035811323208,0.023995698994112136,0.02222383839657914,0.025098562478566788,0.019793433479953798,0.024089402399983702,0.020002228106974815,0.01892310202844001,0.024427243966811132,0.021475231577244253,0.025310428466981456,0.020424761557874038,0.02458605134166117,0.020773933881668094,0.010532682072342798,0.02129265446652645,0.014566222858558832,0.023501614336684906,0.01020408163265306,0.020727518004515957,0.01020408163265306,0.02018802032260427,0.006372826507454191,0.014427580140569416,0.002817996423754782,0.02141006989247356,0.006506319641175026,0.01942564110467402,0.008408728742763752,0.0020791917205266815,0.0045992402402706195,0.001000514708639361,0.007196912745874014,0.0017763278858811088,0.005916008782264837,0.016609739835424,0.004579966416015157,0.007851388754148255,0.0018162293916631506,0.01089914983561726,0.0035611402571468164,0.01139065029217392,0.0035722448195284503,0.0011335573119994476,0.0016296961160196942,0.000411469839181524,0.002859486626678284,0.000819677148604671,0.0032761048945956343,0.010607963148496546,0.002610757145142083,0.004954180762759685,0.0011616993383811946,0.008022356442528453,0.002451896171107233,0.0076772904762835706,0.009174125346592267,0.002019970524488363,0.005794076452791432,0.0008908316802007666,0.007332399958308059,0.0018169375504405439,0.006807863099777936,0.019862095635877063,0.006105623696670835,0.014783396007663464,0.0032033748648017594,0.021277052712929123,0.006789080139718686,0.020476884071451658
vanilla_deficit,2,47000,43.338170157861896,43.567382333101705,0.4341549277305603,1.3645777702331543,11,0.36240000000000006,0.6404755102040816,0.0211,0.007,0.0147,0.0034,0.0202,0.006,0.019,0.0073,0.0021,0.0052,0.0016,0.0077,0.0011,0.0062,0.0191,0.0048,0.0095,0.0018,0.0125,0.0026,0.0099,0.0052,0.0015,0.0017,0.0008,0.0029,0.0008,0.0035,0.0102,0.0027,0.005,0.0015,0.0082,0.0022,0.0097,0.0083,0.0016,0.0039,0.0012,0.009,0.0016,0.0068,0.0181,0.0062,0.0159,0.003,0.0213,0.0051,0.0217,0.0,0.0,0.01020408163265306,0.021549806288482992,0.013816151934308598,0.02397353572382656,0.010369461853589442,0.02155034065657502,0.011011290857733086,0.019148695254018654,0.024582287255688305,0.022211199508063988,0.025361094468328238,0.02032207654716124,0.02460750781623293,0.02133221906521736,0.012481979114147744,0.022360017073125904,0.018583283149828846,0.02480440820037011,0.016209433781667875,0.02339460220014388,0.01643343787944873,0.023316017776699893,0.025360485269808563,0.02462971315220636,0.025942938883898196,0.02384843342484221,0.02551263062619548,0.02368968107592248,0.0177957903093964,0.024125874939669594,0.021965853111897627,0.025314702665792863,0.020432282388756023,0.0244594670664775,0.01965433020608938,0.01997445163130941,0.02450504647423784,0.022280012084776934,0.02530496869474838,0.02020901437193582,0.024551711820394187,0.020131101763448546,0.011675577654335105,0.02151649184600045,0.014140820421154908,0.023940822434035978,0.01020408163265306,0.021006706380051168,0.01020408163265306,0.021141020376849243,0.005819270009595276,0.01566353794312178,0.0027463158872014894,0.020306902357285918,0.005818592504669469,0.01925877683901673,0.008941672124064732,0.001974503034632445,0.005058839768652463,0.0009870830694610252,0.007453986729266885,0.001981589347701455,0.006290453052306894,0.017394147283257375,0.00483109715305334,0.009658536569033248,0.0016928843594302765,0.012707312156417568,0.003519386124307043,0.012306118403214968,0.003619020317982585,0.000987855449032396,0.0019924985490189988,0.0002493847235381603,0.0029049283213201556,0.0007949561537172934,0.0031062043705106165,0.010735093710457255,0.002553170804874786,0.005291780108091642,0.0010459014667488999,0.007236135945397549,0.0021302220687972593,0.008339659350672324,0.007894727103434206,0.0020724336758640555,0.004932532426798814,0.001058242797432192,0.007636396449620509,0.002091393463050704,0.007657053874732034,0.01853374044211523,0.005861508120775977,0.015408153149849443,0.0028268543198089542,0.021675468880153974,0.006546908172435588,0.022231424084147338
vanilla_deficit,2,48000,44.249358979286626,44.48425608302932,0.43135905265808105,1.264603614807129,12,0.368,0.6334755102040817,0.0209,0.0067,0.0153,0.0034,0.0198,0.0058,0.0205,0.007,0.0021,0.0052,0.0013,0.0074,0.0014,0.007,0.0194,0.0051,0.0112,0.002,0.0126,0.0021,0.0103,0.0053,0.0013,0.0028,0.0007,0.0032,0.0007,0.0035,0.0095,0.003,0.0052,0.0013,0.0082,0.0024,0.0084,0.0091,0.0013,0.0045,0.0011,0.0094,0.0016,0.0069,0.0174,0.0064,0.018,0.0035,0.0213,0.0052,0.0203,0.0,0.0,0.01020408163265306,0.022199368651408438,0.01373716486173268,0.024077762787604422,0.010949410299548577,0.021563027861431924,0.010805395224814331,0.019045004168663057,0.024574211134520414,0.02167875408991543,0.025614473231097095,0.020379064118385255,0.024750011497426297,0.021366767591542962,0.011682942934135312,0.02259242841971795,0.0176371534189272,0.024935904459727886,0.016234941162239495,0.02363957238887468,0.015906339293306718,0.023514610718393482,0.025647576900955628,0.02467315042920352,0.025941631517005688,0.024005256648907663,0.02564992335650919,0.023865079703166408,0.017589563281718353,0.024800905841516244,0.021917345038754865,0.02574652230523237,0.020282564101743623,0.02458445018734648,0.01920346986785621,0.018926048011878426,0.024709351940668634,0.021849619874241777,0.02557744694098795,0.020525231357356795,0.02477779302879663,0.020104645706569235,0.010583632595040958,0.02170424177423158,0.014377345441881975,0.024076438729103485,0.01020408163265306,0.02138421220795346,0.01020408163265306,0.020489467582940492,0.005264895152884517,0.01590958642854966,0.0028803235366716435,0.019429656249307512,0.006059479790446596,0.01964854718049359,0.009203680154162584,0.0022604194915182715,0.0059931000144453775,0.0009614672728361118,0.007537869069389563,0.00207996397563246,0.006265483138611559,0.018591835310002615,0.004813152633841226,0.011156944675062655,0.0018087810546215724,0.012751606034691868,0.0034274821734308967,0.013200986403734662,0.0035835190411164,0.0009201314541508359,0.002136876187608226,0.0005529519739131854,0.0029708603446916304,0.0009172014871190988,0.0031849586892906947,0.011021056924381368,0.00197735083643147,0.005577989285893319,0.0007965805213266613,0.007658366500884969,0.002286696713241393,0.009122995048566987,0.00943034307002993,0.002130734662784094,0.005701618697438383,0.0010077011804687343,0.007316290778431174,0.0020452737932922203,0.007919591756710326,0.019964519760090706,0.005961274108069971,0.01518833213012219,0.002960101859169043,0.020605856529370824,0.006282762932825155,0.022485738413387538
vanilla_deficit,2,49000,45.157696456764825,45.39853645802941,0.451335072517395,1.417378306388855,12,0.3729,0.6335836734693877,0.0195,0.0058,0.0148,0.0031,0.0182,0.005,0.0141,0.0063,0.002,0.0047,0.0007,0.0068,0.0016,0.0071,0.0199,0.0051,0.014,0.0018,0.013,0.0043,0.0146,0.0055,0.0012,0.003,0.0004,0.0032,0.0013,0.0044,0.0092,0.0021,0.0058,0.0018,0.0073,0.0018,0.0099,0.0086,0.0018,0.0061,0.0008,0.0093,0.0019,0.0067,0.0162,0.0057,0.0204,0.0036,0.0216,0.0052,0.0257,0.0,0.0,0.01020408163265306,0.021648365367457317,0.014131878033953781,0.02435679625400849,0.01020408163265306,0.022402503015413043,0.01172058381694033,0.019558309352475448,0.024909194774025235,0.022046195674129916,0.026006524381910257,0.02055026516232753,0.024763634756121235,0.021053512956521338,0.010865698770591119,0.022343061036053106,0.017126944352469368,0.02510797354609204,0.014702559153607856,0.023727941139151373,0.014595364896159826,0.02356865129451186,0.02571884980616665,0.02490557628008813,0.026190972217690366,0.023887110342840717,0.025899106274423468,0.023713019416749536,0.01769351715583204,0.024234588468098527,0.022504192832115667,0.0258417812302942,0.019725522436022686,0.024739179065428517,0.01896038262666331,0.019463495133548097,0.0251650691566545,0.021614744665864945,0.025807933985444342,0.019639976283471798,0.024805277666547543,0.020359563054358938,0.011848071677687087,0.022353978946678774,0.013387216037119332,0.0241504871761593,0.01020408163265306,0.021388103799518804,0.01020408163265306,0.020967504697289016,0.006059779912263135,0.015427736166554523,0.0027514189704885873,0.0211163267953932,0.0051277206695382,0.01856417031196736,0.008799187021389548,0.002029632106249702,0.005685278109421087,0.0007124750803880112,0.007534139340231196,0.0022095336937468855,0.006834036695658261,0.019542621006175237,0.005240249129523725,0.011804177193722952,0.0018230185121512188,0.014800540839868719,0.003567700621032623,0.014933025139906393,0.0038426962750451104,0.0010289574175217009,0.002034104301382733,0.0004454484804581297,0.003331916570453665,0.0008061735427805884,0.003586142783838991,0.011025809446948212,0.002902458898940773,0.005080164457619374,0.0008770231249028136,0.008514398820782582,0.0022397591474278694,0.009460055934206613,0.0088382454949007,0.0018305774932181739,0.00610133265233786,0.000957918355954766,0.008698252638831578,0.002158066087452439,0.00792608326536685,0.018211292095328818,0.005265817886653995,0.01650433419418184,0.0030064019744384016,0.023292376645045337,0.006459569267014217,0.023475065320512342
vanilla_deficit,2,50000,46.06942627741955,46.316394875058904,0.43389976024627686,1.2842118740081787,12,0.39369999999999994,0.6148591836734694,0.0211,0.0065,0.0174,0.0031,0.0201,0.006,0.0208,0.0075,0.0022,0.0052,0.0009,0.008,0.0012,0.0075,0.0218,0.0056,0.0142,0.0026,0.0164,0.0025,0.0138,0.0051,0.0011,0.0022,0.0004,0.0029,0.0008,0.0039,0.0094,0.0025,0.0062,0.0012,0.0079,0.0023,0.0096,0.0085,0.0017,0.0052,0.001,0.0087,0.0014,0.0072,0.0191,0.0066,0.0185,0.0031,0.0243,0.0059,0.0226,0.0,0.0,0.010652819137529027,0.021868280663792476,0.01356550797742086,0.024666837392092408,0.01020408163265306,0.021795498931548567,0.011272499483355656,0.01943744507083541,0.02510941521583685,0.021973092174017855,0.026141592950214364,0.021238497908428987,0.02512034514618096,0.02094606178813393,0.01020408163265306,0.022378812150235926,0.01557698443931555,0.024817682975661608,0.013665979136502452,0.023693107208635746,0.012986429186534292,0.02411657654908554,0.025785852718177807,0.02515325652537774,0.026506628075911823,0.024312428314795555,0.026178653961817677,0.024356137450469884,0.018530340361160812,0.02471526770895373,0.022465947848750133,0.02587524618398549,0.020301777768726645,0.02509570260809267,0.01986238026586422,0.019655474222112307,0.025037260461966054,0.022163048570127228,0.02607839299493382,0.019498218743637934,0.025080494451397928,0.0203888029524949,0.010983287941638694,0.021438978830818314,0.012916243032581036,0.024371122916934933,0.01020408163265306,0.021409263073301807,0.01020408163265306,0.01977319413161364,0.005957766522703131,0.016293845281968596,0.002578752830930816,0.0214676902936371,0.006046660024007992,0.019055396992085822,0.00900484376239802,0.0019991385861511954,0.005829752777581483,0.0007775290747975053,0.006726964952854093,0.002063914085564287,0.007162262966460292,0.021071072061415543,0.0053342181410262115,0.013837086147809714,0.0023554519009508423,0.01621019521611499,0.003768038695185989,0.016922990357387823,0.0032117629988623747,0.0011729573983293847,0.001984654579538527,0.0002926232371621575,0.0030116178205900636,0.0006932013278495786,0.0029582327473126223,0.010034630201258441,0.0024805389435925878,0.00534498062075307,0.0011028373064285665,0.007949172820816976,0.0020549492683779582,0.008485840213716548,0.008777611767254948,0.0020872663142172225,0.005753995533114884,0.0008156571710362741,0.008969679057356138,0.0020344615708085697,0.007803820280056011,0.019330506598742893,0.006482103356591292,0.017125901194490027,0.002939929932283426,0.02440689821132582,0.006557459822784848,0.023121398548058475
vanilla_deficit,2,51000,46.997987061040476,47.253298333031125,0.45657819509506226,1.6381096839904785,15,0.39870000000000005,0.6115673469387755,0.0227,0.0062,0.0159,0.0027,0.0188,0.0052,0.0173,0.0073,0.0019,0.0054,0.0007,0.0073,0.0013,0.0068,0.0218,0.0058,0.0162,0.0024,0.0162,0.0044,0.0175,0.0046,0.001,0.0029,0.0003,0.0027,0.0007,0.0043,0.0115,0.0028,0.0069,0.0014,0.0083,0.0021,0.0106,0.0082,0.0011,0.006,0.0012,0.0106,0.002,0.0086,0.0173,0.0051,0.02,0.002,0.0238,0.0053,0.0236,0.0,0.0,0.01020408163265306,0.02277469826280776,0.01340159700808897,0.024976855439488965,0.01020408163265306,0.021903554906463306,0.011246060803428942,0.019712270845365486,0.025266117884488182,0.02300333093200147,0.026192035367743963,0.02148259913728303,0.025714453642365086,0.021554318311692557,0.01020408163265306,0.02225451955081597,0.014332053555952637,0.025545636259086638,0.011490760786475346,0.023170323182518694,0.0131627680494304,0.023500587373452356,0.026305100382011545,0.02485196187430748,0.026672594688061213,0.024389188343951092,0.026189388088042012,0.02423268151519708,0.017418334995739082,0.024938958480935802,0.021471416137912404,0.026159059241219904,0.01934671589890947,0.025470152378944205,0.019796291465030917,0.0188601029620282,0.02538103228520521,0.021846165066946352,0.026028488288853242,0.019308495108234264,0.025353045819569757,0.020400822146367344,0.010418731343256493,0.022356245141819213,0.01362253960704412,0.024901859338440788,0.01020408163265306,0.022575679939757756,0.01020408163265306,0.02164463006533626,0.005036069295661909,0.016463069166074817,0.0024570177858184894,0.020685558950843525,0.006165337096773487,0.019063991675053762,0.008809393840406337,0.0020298616711592965,0.00476019554586904,0.0009126270738230289,0.00671233508539044,0.0015279513210066376,0.006625796981950629,0.022967998940031008,0.00570279210486303,0.015340357622778265,0.0017316504892816113,0.018768730712850373,0.004558698627257181,0.01686843350719127,0.004277381306854702,0.0007762000725270938,0.0025686549048761034,0.0003327724880310483,0.003166111223110957,0.0009158213460182595,0.003315893676322695,0.011694500233417025,0.002424620179452457,0.006764891264929701,0.0009524168716236537,0.009250481346359871,0.0018227311783941794,0.008668950013368665,0.009798577873407838,0.0018912031551090443,0.006195522575565785,0.0011099669644010696,0.009335661983723192,0.0019249723064972907,0.00801763356253287,0.020179455061421117,0.005736297527988131,0.016274599442417464,0.002508447408790105,0.02147935998292789,0.005393397153778345,0.021107321848084174
vanilla_deficit,2,52000,47.90974986797664,48.171215791022405,0.4414898455142975,1.3894498348236084,15,0.41080000000000005,0.6035591836734693,0.0203,0.0056,0.0166,0.0021,0.0175,0.0046,0.0209,0.0069,0.0021,0.0061,0.0005,0.0073,0.001,0.0065,0.0263,0.0069,0.0204,0.0027,0.0168,0.0058,0.0191,0.0048,0.0009,0.0028,0.0002,0.0026,0.0008,0.0038,0.0103,0.0029,0.0073,0.0012,0.008,0.0017,0.0102,0.0086,0.001,0.0067,0.0015,0.0104,0.0018,0.0074,0.0187,0.0052,0.0211,0.0026,0.0232,0.0042,0.0249,0.0,0.0,0.01020408163265306,0.022327017146551068,0.012589604840454623,0.02451629139995016,0.01070652533581224,0.022474333945548795,0.01020408163265306,0.02072066225211178,0.025795992043539245,0.022222871744448286,0.026408047879114695,0.022093915296070125,0.025725662281444704,0.02145456743933523,0.01020408163265306,0.02205240024792935,0.01341234956715646,0.025283172037525243,0.012227946152242335,0.022559710661160862,0.011247808204051003,0.024045211286220062,0.026473543357692128,0.024886703987336316,0.0268560252023334,0.0246316947406987,0.026467394124194236,0.024128408171637708,0.017419228632509515,0.025079677478476878,0.021764981587682305,0.026468711247546628,0.02073331750225066,0.025436445809601884,0.020288208337195114,0.019837441182900768,0.025638207565183674,0.02084256627536006,0.026260716356995624,0.01963613640395496,0.025432620458003263,0.020341163323348538,0.01069901708831473,0.022621817846032902,0.012077098247145382,0.025046693200280194,0.01020408163265306,0.022047683949392792,0.01020408163265306,0.021090807980446845,0.005694390975881294,0.017583273268849037,0.0030740939246234637,0.019798029661405578,0.005518070547586321,0.0209137497217177,0.007734191408746016,0.0015424467051474134,0.005936227952578096,0.000809889740813926,0.0061296357571471085,0.0016266229420651322,0.006777670476852751,0.02574564496324887,0.006179324259196223,0.016559484630510008,0.0021952928585650708,0.01809426006896983,0.005572134923369967,0.019267366897172896,0.003676982464689791,0.0007314995578020368,0.0026698172637258386,0.0002737149526448114,0.0029359700541219916,0.000738859448129621,0.0035383433341259324,0.011568421491507084,0.00239978878537869,0.006445204706093755,0.0007372830104443709,0.007719044601729786,0.0020118426524595445,0.008212724050744184,0.008752237929997781,0.0017312956822581834,0.0075492245058791764,0.0009862277909081757,0.009071300454319751,0.0019773586366299617,0.008149343323614285,0.019885141127467244,0.005458737618980129,0.018040431805085813,0.0024783294854088807,0.02228347206029452,0.006067781599320302,0.024211865960315777
vanilla_deficit,2,53000,48.82589216786437,49.094095333013684,0.4406902492046356,1.3218333721160889,14,0.4086000000000001,0.6088591836734694,0.0224,0.0065,0.0168,0.0025,0.0193,0.0046,0.01,0.0079,0.0015,0.0056,0.0008,0.0065,0.0012,0.0065,0.0294,0.0074,0.0195,0.0025,0.0183,0.0053,0.0199,0.0058,0.0008,0.0024,0.0002,0.0028,0.0007,0.0039,0.0106,0.003,0.0075,0.0012,0.0071,0.0015,0.0094,0.0095,0.0016,0.0069,0.0011,0.0108,0.0017,0.008,0.0182,0.0054,0.0205,0.0023,0.0227,0.0041,0.0245,0.0,0.0,0.010673780466591324,0.02330711577038776,0.012287571395047225,0.025446903230306045,0.01020408163265306,0.022263387355128852,0.011136060525231762,0.0208214074852799,0.025899090452547326,0.022930164764719214,0.02683436997918536,0.021767857179107522,0.026190692141263842,0.020879048974133688,0.01020408163265306,0.021972714319336402,0.011715196867895765,0.02517847203969254,0.011251855417253548,0.023281395862915673,0.01020408163265306,0.02385393644958097,0.02664462712875621,0.0251023455990637,0.02699774393527781,0.024721480598686216,0.026493303657135335,0.024613239788189814,0.01831654793180202,0.025360550826715338,0.02062012899496856,0.02648783100438349,0.02011493648035658,0.025426520122020655,0.019646827213801753,0.019323609239562754,0.02559099627724016,0.020340948723107308,0.026546250334203367,0.0187626973071794,0.025629064774199458,0.020540609821115323,0.011251105052535784,0.022880251907476248,0.011697565995109504,0.02559611127954649,0.0103169866533955,0.022470372147954134,0.01020408163265306,0.01992298943230299,0.004734548670112668,0.017978674171760828,0.0022083007571419397,0.0220272040107182,0.006005844174626468,0.019181905889513073,0.007708255607998842,0.0017135078869909782,0.00529676714127218,0.0006483728923931662,0.006590870536560426,0.0013692409112573314,0.007601141166558376,0.02620293923835764,0.006349014776278457,0.018693486007495885,0.002564274982145463,0.019045197637043043,0.004803976271222124,0.021252983182401874,0.0041280308844735365,0.0007942596173315179,0.0026150878858305793,0.0003773674669568512,0.0031428647462840254,0.0009729131572397895,0.0031925295977234015,0.010626447666122078,0.0023493115036090748,0.007984948889372958,0.0009793742090272823,0.008542320175247971,0.0022323651961249553,0.009173098221322725,0.009437504102978994,0.002077246006756336,0.00831455105423424,0.0009104039431485198,0.01009972061984649,0.002032302075270246,0.008078829777428808,0.019085146022832043,0.005238507106640759,0.018636176138163974,0.0020321446995648458,0.02038328518225448,0.005722413992935543,0.023134097195997936
vanilla_deficit,2,54000,49.7435139719164,50.02103550010361,0.43196985125541687,1.4966388940811157,14,0.4313,0.5912510204081632,0.0239,0.0053,0.017,0.0018,0.0197,0.0052,0.0187,0.0075,0.0015,0.0059,0.0005,0.0071,0.0009,0.0066,0.0306,0.0079,0.0213,0.0029,0.0199,0.0059,0.0197,0.005,0.0009,0.0023,0.0003,0.0029,0.0005,0.0035,0.0109,0.0031,0.0088,0.0016,0.0086,0.0015,0.0099,0.0088,0.0018,0.0081,0.0009,0.0117,0.0017,0.0079,0.0198,0.0053,0.022,0.0023,0.0238,0.0042,0.0234,0.0,0.0,0.01020408163265306,0.023065547521712117,0.012382679706720238,0.025126805036166287,0.01020408163265306,0.02184281340092871,0.010911949031008105,0.020929497992122976,0.02612283120532203,0.023120251661840157,0.02677140243258698,0.022054549058290757,0.02626338029966304,0.022433477668664225,0.01020408163265306,0.021832051766387625,0.01146905800154032,0.025551747824715643,0.01020408163265306,0.02327341958666202,0.01020408163265306,0.024030864799510054,0.026700770811878702,0.025351886925351785,0.02730048542465207,0.02484475314565756,0.02670397803292629,0.02430095809362338,0.017784789155708237,0.025519263311461905,0.022129765974517716,0.026712188357571373,0.020752130873713692,0.025751294349634635,0.02039346073925568,0.018781121693954458,0.025663351541593184,0.020493743780768806,0.026709338706430268,0.018833649395825804,0.025380182657913135,0.020040342226977738,0.01020408163265306,0.022860413962166336,0.0102737470682201,0.025706926743913835,0.01020408163265306,0.022196476971217467,0.01020408163265306,0.02339529482957934,0.005217752903902498,0.017769507913253584,0.0027253060282017502,0.02060008510696592,0.006688986646589179,0.01953121652551104,0.007719677612826105,0.0015586746140769032,0.005114616215560481,0.0007990122764235287,0.006362858655283926,0.0013940514407480343,0.005879962414502728,0.029219445288295683,0.006584404097454678,0.018917745140116706,0.0022275765290383862,0.02066641830867086,0.004974275283936834,0.021501406071487168,0.004126152881419661,0.000881742098290226,0.00246167078366099,0.0001793048246148148,0.0031337944323678174,0.0008779855254791673,0.003770733912669292,0.01152021825197817,0.0022656251815818124,0.0063919456414004965,0.0008683688879371633,0.008005550218839771,0.002032912996772321,0.008386592992300382,0.01027510299205556,0.002135919168381716,0.008269132879146567,0.000871706644156293,0.0101354530351693,0.0024675908909066622,0.008839258228945004,0.022443231917800725,0.005379897951084294,0.020552170989825057,0.002045817648044326,0.023679201477393146,0.006157557991178437,0.022748876390690873
vanilla_deficit,2,55000,50.659408141626045,50.944356375024654,0.4144424498081207,1.5582261085510254,16,0.4455,0.5801183673469388,0.0237,0.0062,0.0184,0.0023,0.0209,0.0052,0.0209,0.0073,0.0015,0.0058,0.0008,0.0075,0.0005,0.0057,0.031,0.0078,0.0227,0.0029,0.0208,0.006,0.0206,0.0054,0.0009,0.0025,0.0002,0.0028,0.0006,0.0038,0.0104,0.0025,0.0086,0.0016,0.0086,0.0014,0.01,0.0118,0.0023,0.0092,0.0006,0.0118,0.0019,0.009,0.0204,0.0051,0.0228,0.0029,0.0226,0.0036,0.0237,0.0,0.0,0.01020408163265306,0.02290548085285419,0.012373210762120116,0.02567006624973573,0.01020408163265306,0.02292196234483692,0.01020408163265306,0.02132516330651519,0.026080421696758803,0.02302036103909698,0.02700072770408124,0.021871581504112746,0.0265143980061711,0.02219343708077942,0.01020408163265306,0.021833021836525218,0.01055968290359894,0.025497748319313708,0.01020408163265306,0.022915458241069886,0.01020408163265306,0.024234838996650805,0.0271392043123797,0.02542192544084383,0.027397288739330873,0.024873896207022503,0.027051289979762444,0.02501865226499248,0.017706317271279123,0.02559352537693237,0.021987036823367008,0.02696254163119162,0.02046179009090434,0.026105793687634063,0.01987678073464623,0.017965733689315234,0.0254386926744732,0.020162245986533732,0.026623182163304233,0.018219056432066914,0.025952059495166095,0.01978389837087581,0.01020408163265306,0.023026451195127095,0.010327156499174744,0.02563413113304786,0.01020408163265306,0.02251705426252991,0.01020408163265306,0.02201438160848938,0.005535539041351783,0.017959101619723895,0.0022476557171872266,0.022480085574982687,0.005438278583953402,0.021313302692635403,0.007292205400991692,0.001771221958463653,0.00532403504192196,0.0007417843241889395,0.006696861613455001,0.0012673637404474534,0.00628411609481866,0.029531582368872676,0.0067416304291174544,0.019986531451402726,0.002447721489146661,0.021298016392466826,0.005523955024119082,0.022173046760584132,0.003953055827106446,0.0005419467413539386,0.0025748163992162986,0.00024230375015598502,0.0032501556433269115,0.0006440176563091878,0.003082089949799601,0.011610970902008157,0.002375584238072863,0.0066409398690630735,0.0007470568863153837,0.008372730026191757,0.0017417643916963696,0.009208191691377333,0.011231656433180175,0.0025162866880475694,0.008798633822803548,0.0011410623954829723,0.010976604385962865,0.0019202539418977762,0.00919884312470038,0.020612886924863873,0.0053169642062606045,0.02025650088806057,0.0022893773583594727,0.021972956158016192,0.005986512805094645,0.022286934704386342
vanilla_deficit,2,56000,51.57882791431621,51.870750625035726,0.4376487135887146,1.3135709762573242,15,0.4415,0.5848102040816326,0.0258,0.0065,0.0209,0.002,0.0211,0.0053,0.0224,0.0058,0.0009,0.0053,0.0006,0.0073,0.0009,0.0053,0.028,0.0063,0.0222,0.0026,0.0211,0.0055,0.0215,0.0048,0.0009,0.0026,0.0001,0.0026,0.0008,0.0037,0.0111,0.0021,0.0089,0.0013,0.0085,0.0012,0.0098,0.0099,0.0022,0.0096,0.0007,0.0126,0.002,0.01,0.0196,0.0047,0.0215,0.0029,0.023,0.0038,0.0233,0.0,0.0,0.01020408163265306,0.02277415236374654,0.01020408163265306,0.02570180952596228,0.01020408163265306,0.022504070605340612,0.01020408163265306,0.021542250147604976,0.02622863893211605,0.02321615699439943,0.027399378551091418,0.02217466168788606,0.026691497566764262,0.02270689435303913,0.01020408163265306,0.021603013935707367,0.01020408163265306,0.02587042659103945,0.01020408163265306,0.02260333229477285,0.01020408163265306,0.02458000208404705,0.027233003262420036,0.025707003410751182,0.02762583093140769,0.02516585486145731,0.027444916347994265,0.024830279457230566,0.01813789727785226,0.025692797640329015,0.02180090535234891,0.027100307582195345,0.020516632925571814,0.026390155021053498,0.020719245799394277,0.01673400809623613,0.02577066858162305,0.01909261005857265,0.026736355793325443,0.017478230980963815,0.025774144124113475,0.019239926297692833,0.01020408163265306,0.023367472446742123,0.010434219693158164,0.026109675917331612,0.01020408163265306,0.02290050353770534,0.010360252642481048,0.0248811999627752,0.005767789875605014,0.020680903511819226,0.0024445393176671824,0.02462784624385704,0.006117031939906108,0.021015906486321245,0.007260711990817953,0.0018004314542695683,0.005299225334948237,0.0004558774678503111,0.006534409195763782,0.0012688543108313893,0.005884095876166155,0.028424739819904392,0.007151864380449427,0.021631441133479177,0.0022118259465825907,0.023529212696219402,0.006003033320519134,0.022392452055913545,0.0037719588900467734,0.0006469537362186355,0.0024385743205109123,0.00019580473625962358,0.0030600647248715924,0.0004035788820964155,0.003523586477645885,0.011131431092135862,0.0024548891568260895,0.007002717928445092,0.0007993501384031577,0.008360472920425277,0.0016149358088400911,0.008244966538043231,0.012743749292561043,0.002365457072316349,0.010034976462603061,0.0012173361881259103,0.01216247253310785,0.0023224030318963118,0.009982976353878683,0.02199214673870969,0.0051254447680684195,0.01997883852475901,0.0019761188648580153,0.022380375248447285,0.005700804919572483,0.020220037125831068
vanilla_deficit,2,57000,52.49776523199398,52.79650770802982,0.4153372645378113,1.4816317558288574,17,0.4558,0.5757102040816326,0.0253,0.0063,0.0207,0.002,0.0214,0.0052,0.0217,0.0063,0.0012,0.0051,0.0006,0.0069,0.0009,0.006,0.0309,0.0074,0.0234,0.0023,0.0224,0.005,0.0227,0.0049,0.0006,0.0028,0.0001,0.0032,0.0007,0.0038,0.0103,0.0027,0.0088,0.0016,0.0078,0.0011,0.0092,0.0133,0.0025,0.0114,0.0011,0.0141,0.0026,0.0102,0.0201,0.0049,0.0231,0.0028,0.0233,0.004,0.0211,0.0,0.0,0.01020408163265306,0.022784368136515566,0.01020408163265306,0.025799563405948578,0.01020408163265306,0.022581156679194428,0.01020408163265306,0.021471300333233946,0.026855738245041783,0.023577930638294352,0.027386079050931468,0.022962463902451956,0.026902650544144396,0.022803734251548437,0.01020408163265306,0.02216463678011797,0.01020408163265306,0.025494428164142338,0.01020408163265306,0.02341304952386725,0.01020408163265306,0.02446082497465111,0.027199846398648628,0.025650594337634995,0.0275741366501793,0.02539327447822909,0.027075121665098165,0.025428120393195225,0.017757848612782373,0.025871197862549683,0.021362285298693662,0.027175440723515715,0.02106500546671364,0.026045512866411512,0.021180021867127877,0.0155372103855537,0.025821319180443447,0.018722123140848604,0.026520321287354154,0.01735839218874171,0.025575143767544613,0.017975665424598566,0.01020408163265306,0.02338537077101262,0.010431664620504976,0.02594154174218602,0.01020408163265306,0.023050018281164472,0.01020408163265306,0.024622612506996253,0.00601407503710094,0.021024406524073315,0.0023225190628797274,0.02387186657141944,0.006051761968718687,0.02152952902131786,0.007402432824130158,0.0011115236768824551,0.004869812305842691,0.0005034422824327589,0.005614560408029407,0.0010967971869756692,0.005874682618860665,0.029099268940298503,0.00656840039392317,0.021083871503971025,0.002711445388692672,0.022942990199431565,0.0051369876992233355,0.02381289140022703,0.0038574979350808228,0.0007169740522580823,0.002571449925419448,0.00028781805379048516,0.0028274267985724352,0.0008990441976390616,0.0027484104569517865,0.011621162436893828,0.002240383990909224,0.007410240447045566,0.0007840197600416352,0.00782922236916931,0.0020795793310666227,0.007658283663582704,0.014167315353632425,0.0023366366943249157,0.010515538669785838,0.0014961080971037332,0.012118236118863975,0.0026188980000594977,0.011332354208877325,0.02270752078752703,0.005168723772415435,0.02017751314297784,0.002159728676543004,0.0217658181883911,0.005514171774708288,0.020763104480624187
vanilla_deficit,2,58000,53.41632431477774,53.7215551660629,0.41556617617607117,1.3508762121200562,16,0.4434,0.5869265306122449,0.0234,0.0067,0.0186,0.0018,0.0209,0.005,0.0174,0.007,0.0008,0.0049,0.001,0.0066,0.0008,0.0067,0.0329,0.0073,0.0233,0.0019,0.0244,0.0052,0.0239,0.004,0.0009,0.002,0.0002,0.0025,0.0008,0.0036,0.0094,0.0029,0.0074,0.0013,0.0068,0.0009,0.0076,0.0135,0.0036,0.0109,0.0011,0.0145,0.0021,0.0103,0.0206,0.0045,0.0208,0.0029,0.0238,0.0038,0.0202,0.0,0.0,0.01020408163265306,0.022897784865706046,0.01020408163265306,0.02604871172137685,0.01020408163265306,0.023860674846193176,0.011464995989586581,0.020585174685050465,0.026663231979435466,0.02300101266324668,0.027375699937645603,0.02293644673557664,0.02664288418640346,0.02293937301350174,0.01020408163265306,0.021783482454623193,0.01020408163265306,0.0255459451765869,0.01020408163265306,0.022559887465585834,0.01020408163265306,0.02481348167423003,0.027084194466847483,0.025935072361427135,0.027595540574362462,0.0253465649659746,0.027471242901812867,0.02508754818402452,0.01920290165598202,0.02575362098345408,0.021350489779914137,0.027323110870867875,0.021181641560543064,0.026127694360645562,0.021102749029957388,0.01566213586999899,0.02493609553763498,0.017807645481011117,0.02709883698498905,0.01609753869952166,0.025431906189813967,0.01726265746385152,0.01020408163265306,0.023524677669425613,0.011177584218756132,0.02610135505829418,0.01020408163265306,0.023177591409610246,0.01020408163265306,0.024026309805111074,0.005619392874899935,0.020391749033960363,0.001999071315093659,0.023748169740336354,0.004513060828567217,0.019224078411593643,0.008276513423854244,0.001293005753722923,0.005500787195325023,0.0004744011881687742,0.005653096532404144,0.0013554472647830072,0.005649734325806694,0.02953870819151269,0.006899693315935892,0.02311457196531055,0.0025767351724366346,0.02404871075761634,0.006046689471942236,0.026338181520880997,0.003418314025522787,0.0008093323335340104,0.0021296395712650496,0.00022181081292879922,0.002844879624554734,0.0004036876543519166,0.003181544729438398,0.009981891661975925,0.0023381218261133777,0.007553439064739513,0.0005738869670915588,0.007669315663927333,0.0019473851037167794,0.007877148343098338,0.01412825159740409,0.0032774343308966847,0.011506874649903059,0.000792508514211651,0.013471736652159585,0.0027468250879824703,0.012289299727502222,0.022162570758771684,0.004899111625302292,0.01931993101703835,0.0019385856813891001,0.022715792074317367,0.005336965949765181,0.0207166289389148
vanilla_deficit,2,59000,54.34740770002827,54.659864625078626,0.4355775713920593,1.6210944652557373,16,0.46720000000000006,0.5688102040816325,0.0245,0.0056,0.0215,0.0021,0.0207,0.0055,0.0239,0.0061,0.0013,0.0054,0.0007,0.0065,0.001,0.0044,0.0314,0.0078,0.0251,0.0025,0.0218,0.006,0.0227,0.0044,0.0007,0.0027,0.0003,0.0029,0.0003,0.0035,0.0097,0.0022,0.0083,0.0013,0.0078,0.0011,0.0098,0.0163,0.0033,0.0133,0.0015,0.0169,0.0031,0.0111,0.0203,0.0046,0.0229,0.0024,0.0233,0.004,0.0227,0.0,0.0,0.01020408163265306,0.023157345848950163,0.01020408163265306,0.026025273459681787,0.01020408163265306,0.02293970092200669,0.01020408163265306,0.02087140129485792,0.026843172339823758,0.02318079351680722,0.027569256554896053,0.023068787464176083,0.026876129017695913,0.02286949545027758,0.01020408163265306,0.022067030752700213,0.01020408163265306,0.025554082035994366,0.01020408163265306,0.02285214888598678,0.01020408163265306,0.024774010228174964,0.027211364945527575,0.026114682457248302,0.02776485502041512,0.025399776420997434,0.027440225317838088,0.025184847164568536,0.019994758031894093,0.026490666652640993,0.02261723353152748,0.02742929951001917,0.021271256998493276,0.02655498621975457,0.021118449717290894,0.013539261609509324,0.02485121281591804,0.01708302283589186,0.027182632028238417,0.016061443106586262,0.02531851112458977,0.016036511793744757,0.01020408163265306,0.023600475539473663,0.011386129862105916,0.0261902635205856,0.01020408163265306,0.023264608043927694,0.01020408163265306,0.02539461256394614,0.005528337961710864,0.02048213446311397,0.002270394774609488,0.024623210423876114,0.00577558088523841,0.02120172717098115,0.00816421547832016,0.0013412680859422623,0.005540764095624608,0.0004773796339534728,0.005628939589609627,0.001303829559341619,0.0058553337484073455,0.030895381997977006,0.006845052327191787,0.025449454299700074,0.002766602022311173,0.024148275932520627,0.005953164308875244,0.024550995671285093,0.0036918199546258496,0.0009230041845783633,0.0021688268572752404,0.0002551813170361411,0.003020016986126718,0.0007020831034110864,0.0031860499293297033,0.00927726282338882,0.0017807742713665973,0.006102838802093735,0.0006363697350764082,0.00770998254698404,0.0016295827495022123,0.007883570415405092,0.0165715934362298,0.0035650559227521127,0.012545908582468198,0.0009165820524096368,0.013745477612241794,0.0030342087230584383,0.013773799387349902,0.0232233383478581,0.005103071121958296,0.01901753415005246,0.0020829673643604865,0.022780865659280843,0.005445551452672784,0.020513031588494993
vanilla_deficit,2,60000,55.2971288288245,55.61753920803312,0.4229573905467987,1.5390335321426392,16,0.4674999999999999,0.5758102040816326,0.0266,0.0052,0.0213,0.0016,0.0233,0.0055,0.0181,0.0075,0.0009,0.0055,0.0007,0.0064,0.0005,0.0055,0.0336,0.0079,0.0242,0.0021,0.0234,0.0054,0.0218,0.0045,0.0007,0.0022,0.0003,0.0027,0.0007,0.0028,0.0067,0.0024,0.0076,0.0013,0.0077,0.0011,0.0073,0.0163,0.0038,0.0141,0.0017,0.0176,0.0031,0.0118,0.0225,0.0039,0.0243,0.0026,0.025,0.004,0.0218,0.0,0.0,0.01020408163265306,0.022789514314021597,0.01020408163265306,0.026262662224245524,0.01020408163265306,0.02250575728263235,0.011664892272138473,0.02169641589293389,0.026960553253057358,0.02298064500870376,0.02746179652939116,0.0236303484699757,0.0270978799105596,0.02325732610743434,0.01020408163265306,0.022247839416118104,0.01020408163265306,0.02631323569257807,0.01020408163265306,0.02303275180362742,0.01020408163265306,0.025548895706025657,0.02757008807110789,0.025768668564232614,0.027965917761893763,0.026006037228405075,0.02783931432757846,0.0254488402736726,0.01967244592512254,0.0266109575411071,0.02255211547772354,0.027445896226094217,0.021399399017339213,0.026673928033729172,0.021870842396371312,0.011868587844915502,0.02545519836999412,0.01598784064639583,0.026759496884594558,0.013038852213714928,0.02557213524912529,0.014934608871232522,0.01020408163265306,0.02394409888561854,0.01020408163265306,0.025986192554031028,0.01020408163265306,0.02393312579337352,0.01020408163265306,0.02589837037672867,0.006105824760871927,0.02244778824281676,0.0021653468327826764,0.024149529377157475,0.006424571352928075,0.018680328604428375,0.007333711149441143,0.001381400137360765,0.005969251089727129,0.0008574119691879177,0.005161308882683413,0.0012271399808353133,0.005580327950646846,0.031083192903832157,0.006753355099937582,0.02355387546228746,0.0022257247425479065,0.02400838166896467,0.005871656601203109,0.024838487873439785,0.0030061890951818527,0.0007748296954823305,0.002720253947702635,0.00025206596933368373,0.002492678287599726,0.00039428064162933,0.0031967071799385532,0.009646315652983226,0.0017741038572863118,0.006372496813570068,0.0008362104098093559,0.007706415132844949,0.0017033685883658762,0.0072159014328184515,0.018490578203046774,0.0031114400783859406,0.013863387871017674,0.0016072483989701498,0.01705882317485796,0.002941021426518072,0.015046491730453086,0.022180144072304474,0.004808870477006799,0.021085066632962474,0.002475907472483173,0.022999571861531776,0.004821196641191328,0.021742836146437294
vanilla_deficit,2,61000,56.21978844399564,56.54713191604242,0.45343494415283203,1.5980825424194336,16,0.4809,0.5587102040816326,0.0275,0.0054,0.0219,0.0017,0.0235,0.0054,0.0183,0.0064,0.0011,0.0043,0.0007,0.006,0.0008,0.0052,0.0347,0.0077,0.0247,0.0025,0.0234,0.0053,0.0223,0.004,0.0008,0.0025,0.0004,0.0029,0.0007,0.0034,0.0091,0.0022,0.0083,0.0012,0.0075,0.0011,0.0083,0.0208,0.0045,0.0167,0.002,0.0211,0.0039,0.0174,0.0199,0.0039,0.0217,0.0023,0.0225,0.0036,0.0194,0.0,0.0,0.01020408163265306,0.023425464791855997,0.01020408163265306,0.026152592289530055,0.01020408163265306,0.023435059614004015,0.01395664867326953,0.021414611438051907,0.027045508317899217,0.023523515061833047,0.028066377938458044,0.023471510549377027,0.027309748140519764,0.02338217525236416,0.01020408163265306,0.022207836519978874,0.01020408163265306,0.025884515730275594,0.01020408163265306,0.023233694070347123,0.01020408163265306,0.025626782673905637,0.027743484003754898,0.026035743968914095,0.02810751314710093,0.025757953203493146,0.027766610849686006,0.025920404826711284,0.020191609323848385,0.026979390050287058,0.022901912315643383,0.02766373167823106,0.021170229913502828,0.026756606519421314,0.022640384185580675,0.01020408163265306,0.025104493641299394,0.013127191199347004,0.026441607854765327,0.010560245170976576,0.024666955672707873,0.01225794495605924,0.01020408163265306,0.02433325318794043,0.010941652939024483,0.0265541927223052,0.01020408163265306,0.023902178908964036,0.01229785237223474,0.02755722335998168,0.005595243709472143,0.021406070407887307,0.0024715767418865605,0.026998789656395798,0.00550640361325892,0.016247746657368355,0.007723693160767525,0.00139628045442476,0.0053294952674657154,0.0002562159449741341,0.005387571732656183,0.0011402509684488107,0.005643587657231203,0.03144526054388562,0.006915977554191375,0.0237910071498851,0.002692828434920436,0.025060699937371766,0.005692217733276062,0.025123286271552123,0.0029806539363970877,0.0006168103909822481,0.0025630055608957766,0.00021027786383412785,0.002873230673223234,0.0005909832963850385,0.002691811492552283,0.009245740787915319,0.001470118571274309,0.006218987725059076,0.000705874453664522,0.008113795729737184,0.0017189139039154142,0.006354801406162906,0.02180371485256083,0.0036420494909892884,0.01701780008444065,0.002109753742437882,0.01996258308433136,0.00409161110075098,0.017988537945562606,0.021331660649882258,0.004464276083562983,0.019614767835720408,0.0019840236695681033,0.022198295843102966,0.004945681815010824,0.018139283511715898
vanilla_deficit,2,62000,57.14456329937093,57.47924795805011,0.39677292108535767,1.712893009185791,16,0.47320000000000007,0.5709102040816326,0.0273,0.0057,0.0209,0.0017,0.0226,0.005,0.0107,0.0069,0.0011,0.0052,0.0009,0.0062,0.0008,0.0051,0.0346,0.0084,0.0257,0.0022,0.0246,0.006,0.024,0.0042,0.0008,0.0021,0.0002,0.0027,0.0007,0.0029,0.0084,0.002,0.0076,0.001,0.0065,0.0011,0.0039,0.0236,0.0051,0.0188,0.0017,0.0217,0.0042,0.0168,0.0194,0.0039,0.0218,0.0026,0.0218,0.0031,0.019,0.0,0.0,0.01020408163265306,0.02304099290050008,0.01020408163265306,0.02660115257959878,0.01020408163265306,0.02346724465288671,0.011860574389827351,0.021168257266471716,0.02739844949102252,0.02375353622145253,0.02815541601252628,0.024307466758089237,0.027605545340865748,0.022802750698955966,0.01020408163265306,0.021525710161785047,0.01020408163265306,0.02640175518222511,0.01020408163265306,0.023018609678226047,0.01020408163265306,0.025698540157052266,0.027975864858097367,0.02675832955008034,0.02840068989688875,0.026085086096165375,0.028321616780869974,0.02620321046266117,0.020457301858749173,0.026959257885439437,0.022181942963764197,0.028154031181815725,0.022449818831970433,0.02733004488662611,0.022192823809024688,0.01020408163265306,0.024367955390340673,0.012060915994046226,0.027062245972192797,0.01020408163265306,0.024255005618096896,0.010508452292144935,0.01020408163265306,0.024713757288137447,0.010988133353744272,0.02714463504415307,0.01020408163265306,0.024869779316344348,0.011508201217977437,0.02652211128247085,0.0061528364853262515,0.023584868109501857,0.002156104209791935,0.0246401717183687,0.0056446059230290105,0.01857612069684571,0.008292249781955061,0.001317595544597164,0.005290427157291696,0.000445352854417747,0.00475885022629439,0.0010505861610084803,0.0064150656290893815,0.031489269331369765,0.007820682452820475,0.024607781446635515,0.002375577537535731,0.024875985410329364,0.006099348317816621,0.025056861494529667,0.0032277193688832985,0.0006429817597183819,0.0019831021886490513,0.00017538405683711157,0.0027241298206975503,0.00026241849227254304,0.0027112998373004247,0.00891853632087438,0.0018010062834736748,0.007137440656365213,0.0004468771140540842,0.0068035317391509234,0.0013928873305362928,0.0070864017948407436,0.023053927898615337,0.0046532089164114535,0.01827748309666845,0.001648586546040081,0.021607854505174353,0.004816593311826118,0.020103441018677566,0.021265566585945937,0.004272590642305543,0.019497339223435887,0.0015579022942343453,0.020893605536441397,0.004100859846503156,0.019003034360663106
vanilla_deficit,2,63000,58.04806720674969,58.390289958100766,0.3779682517051697,1.707794427871704,16,0.4929,0.5577938775510204,0.0291,0.006,0.0227,0.0018,0.0242,0.0057,0.0197,0.0068,0.001,0.0048,0.0008,0.0061,0.0004,0.0056,0.0339,0.0081,0.026,0.0019,0.0243,0.0053,0.0238,0.004,0.0007,0.0019,0.0005,0.0026,0.0005,0.0021,0.0082,0.0021,0.0082,0.0009,0.0068,0.0015,0.0049,0.0244,0.005,0.0186,0.0019,0.0207,0.0046,0.0175,0.0207,0.0044,0.0229,0.0027,0.0226,0.0033,0.0207,0.0,0.0,0.01020408163265306,0.023393556638082333,0.01020408163265306,0.02703846415331669,0.01020408163265306,0.023520317452621432,0.01020408163265306,0.02160849174758452,0.027387613841234726,0.024279913064449363,0.02819361869458177,0.023553275285529012,0.027803839434116864,0.023494856504655354,0.01020408163265306,0.021797660111709083,0.01020408163265306,0.026399452716813265,0.01020408163265306,0.023515474754862417,0.01020408163265306,0.025941373194267918,0.028052516623860865,0.0263611346845471,0.02829182070733547,0.02643766153226465,0.028069071993543214,0.0264561293597972,0.02130942987990682,0.027307773331275043,0.02268299368223637,0.028179149827275235,0.023105987525265815,0.027208581363324366,0.022583907142551686,0.01020408163265306,0.02459895161369053,0.010847612542359044,0.026870788445676447,0.010244928292597525,0.024051700790097413,0.01020408163265306,0.01020408163265306,0.024677694519528212,0.010525927506836862,0.02691522456621461,0.01020408163265306,0.024236932833138967,0.01060719405101504,0.028705989563277523,0.005755420199376721,0.02206435967617024,0.0018015993873762527,0.025243228722805964,0.005655620152419551,0.021770015900792288,0.007789028509259375,0.0013800542162930442,0.004784444181869255,0.0004971008588019284,0.005697640867066262,0.0009240919684444286,0.005683511832473588,0.03373228359592373,0.007581800424290303,0.024878440606411704,0.002462554127958533,0.02572168676265473,0.005817175177851946,0.025558190045063347,0.0030034285596730365,0.0006516738078041692,0.002504530345721204,0.00038952359482740306,0.0024597600538343654,0.000633537912983142,0.0024395291206610495,0.008155704024326287,0.0014675170225527893,0.006611944913680759,0.0005520135548824449,0.006148568257386471,0.001654303751789911,0.006720491149517254,0.0246635796413445,0.00455213483076246,0.019811613449130773,0.0019462204327244667,0.020393710381572193,0.005112568661429433,0.021112143031424953,0.021968230809576998,0.004387749415829139,0.02000775944400534,0.001897542038717132,0.02130553110843929,0.0049487151943117275,0.01991873446141888
vanilla_deficit,2,64000,58.95055227226112,59.29978133307304,0.4242231249809265,1.5950267314910889,15,0.4597,0.5901183673469388,0.0287,0.0056,0.0204,0.0017,0.0241,0.0034,0.0052,0.0069,0.0006,0.0046,0.0006,0.0066,0.0006,0.0058,0.035,0.0079,0.025,0.0021,0.0264,0.0045,0.0208,0.0034,0.0007,0.0018,0.0002,0.0032,0.0005,0.004,0.0074,0.0018,0.0058,0.0008,0.0059,0.001,0.0058,0.0254,0.0058,0.0168,0.0017,0.0224,0.0045,0.0164,0.0221,0.0048,0.024,0.0016,0.0188,0.0029,0.0137,0.0,0.0,0.01020408163265306,0.023441741671482316,0.01020408163265306,0.0263986821655963,0.01020408163265306,0.023280818400269746,0.010570461960477466,0.022005377371686084,0.027629098650658095,0.024110127157417546,0.028200603728496663,0.023180732396982817,0.02774958084288575,0.023777216366716328,0.01020408163265306,0.021113569511783038,0.01020408163265306,0.02653229962067702,0.01020408163265306,0.023394926999188714,0.01020408163265306,0.025991088704668888,0.02808818578884302,0.026208741245389647,0.028526306909241093,0.026140203914674892,0.028258088392105724,0.026508297945799057,0.02070746037697574,0.027388011300613267,0.022759062346349116,0.028206915773696092,0.021769550004146238,0.027638372130981144,0.022898217769800173,0.01020408163265306,0.024848701143919523,0.01265794654052055,0.027284845067669025,0.01020408163265306,0.024627594632876337,0.01020408163265306,0.01020408163265306,0.02457332056801812,0.01020408163265306,0.02683250496711035,0.01020408163265306,0.023656457346805784,0.010391829060988513,0.028268943543432616,0.005734063372644377,0.024018923098828148,0.0025018468919307288,0.02737730843613835,0.005988092774636574,0.01984265567637178,0.007460395818115174,0.0011959474459345381,0.005042517127757549,0.000532175678000865,0.0060974962712428546,0.0010251864798592357,0.00544548270475685,0.031709069146715056,0.008318038913504723,0.025430857107428848,0.0023557903374337437,0.025492567851762845,0.005785236250701205,0.026242481498272185,0.0029864477125236297,0.0006941216509688497,0.002709470337135643,0.00017615120245982374,0.0027843881416438187,0.00046933948718967856,0.0024210889450793603,0.008761954724832481,0.0014204162911400351,0.006675609139810339,0.0005252760137833359,0.007561927503435834,0.001146748152179838,0.006523499060505558,0.024324435170862423,0.0042351856930702364,0.017678024493756526,0.0015331867709786695,0.02147822975711075,0.004555001085693783,0.02069386596429665,0.02419765359981726,0.004497140287485463,0.021818504758167843,0.0021057624137372074,0.024746315384173958,0.0054993587697517825,0.019998855882156757
vanilla_deficit,2,65000,59.8842898493167,60.24050700000953,0.43130868673324585,1.8376901149749756,16,0.5136,0.5544775510204081,0.0279,0.0051,0.0224,0.0019,0.0226,0.0051,0.0208,0.0067,0.0009,0.0046,0.0004,0.0071,0.0006,0.0056,0.0363,0.0079,0.0268,0.0019,0.0254,0.0063,0.0261,0.0035,0.0008,0.0024,0.0001,0.0025,0.0005,0.003,0.0069,0.002,0.0065,0.0009,0.0057,0.0011,0.007,0.0261,0.0057,0.0185,0.0021,0.0215,0.0045,0.0213,0.0231,0.0052,0.0254,0.0023,0.0256,0.0041,0.0229,0.0,0.0,0.01020408163265306,0.02361966816970846,0.01020408163265306,0.026596711647935936,0.01020408163265306,0.02377153365723849,0.010734614422524163,0.02193151389686359,0.0274967707630489,0.02379055549146336,0.02833665395079197,0.02333554169649925,0.027612307853816596,0.023483278046356366,0.01020408163265306,0.021843398665063848,0.01020408163265306,0.026494909917028214,0.01020408163265306,0.023382918308438076,0.01020408163265306,0.025536270827210085,0.028031394532182008,0.02690945061399142,0.0285134321053524,0.026540618212243766,0.028044474422954296,0.02657542714388452,0.020779296260172397,0.027374221709796635,0.023772102548261127,0.028218939705486563,0.0225218430468136,0.02731858303236829,0.0232561120833494,0.01020408163265306,0.024597055236625705,0.010774514223903684,0.02703376202183049,0.01020408163265306,0.02396120550606709,0.01020408163265306,0.01020408163265306,0.02462202444355796,0.01020408163265306,0.026848821259016373,0.01020408163265306,0.023482931721012124,0.01020408163265306,0.029081406794874254,0.005677755999346068,0.024073412666708947,0.002263305851929156,0.025871423570615244,0.005511548096278261,0.019975006991539916,0.007447217217307703,0.001278243738126559,0.005373542310106466,0.00035904066093577646,0.005832465823636737,0.0011517951427585298,0.005709839520499106,0.0326668847763354,0.007660841690210271,0.02450478487560594,0.002413784398445319,0.024749408210866984,0.005936864889939557,0.026063804635993275,0.0034238963719147937,0.0007321917592344978,0.002038218825958285,0.0001655672993737846,0.002363759339927144,0.0006788140830020571,0.0022866004980252644,0.008747314600130045,0.0014514290167465303,0.005432800478292539,0.000526934524740885,0.0067620739538057795,0.0015123222983948904,0.005958459394401009,0.025340342653152628,0.004451812960328308,0.019853213990152826,0.0017849797532120165,0.022703991666773688,0.005225838339678692,0.0224222811080122,0.02395325820298496,0.004424485622214998,0.021642821307516373,0.001987386612591555,0.02329359687250798,0.005749281053353654,0.02070059128770546
vanilla_deficit,2,66000,60.80469372647349,61.16783429100178,0.40051811933517456,1.7160444259643555,16,0.4967999999999999,0.5660020408163265,0.0281,0.0066,0.0204,0.0013,0.0231,0.0051,0.0164,0.0069,0.0008,0.0048,0.0009,0.0052,0.0003,0.0053,0.0353,0.009,0.0255,0.0022,0.0251,0.0062,0.0232,0.0033,0.0006,0.0022,0.0002,0.0016,0.0006,0.0019,0.0065,0.0018,0.0052,0.0005,0.005,0.0013,0.0046,0.0278,0.0059,0.0195,0.0019,0.0227,0.005,0.0192,0.0225,0.0045,0.0249,0.0027,0.0259,0.0037,0.0236,0.0,0.0,0.01020408163265306,0.023988865426634785,0.01020408163265306,0.026610419423034222,0.01020408163265306,0.023891353877576745,0.01020408163265306,0.021896030197064126,0.02759126885607526,0.023712443842335756,0.028317542137733215,0.02318482842558876,0.02756412053072485,0.02374838014035492,0.01020408163265306,0.022552279454283,0.01020408163265306,0.026137634978602074,0.01020408163265306,0.023125923143890788,0.01020408163265306,0.026113452012098054,0.0282548807838019,0.02667783623546962,0.028499083679469794,0.026053465388634373,0.028122734194816285,0.02656247595474913,0.02174069408434509,0.027541929284616996,0.02358000511646603,0.028208294930284476,0.022803315923083906,0.027332798821060503,0.023076920181968316,0.01020408163265306,0.02342793955248506,0.010243481195022077,0.027200825059654578,0.01020408163265306,0.02377062941620219,0.01020408163265306,0.01020408163265306,0.024879980064902017,0.01020408163265306,0.026958860662362867,0.01020408163265306,0.023568082534812275,0.01020408163265306,0.028923804460295244,0.005169270550604395,0.022057885796379954,0.0022634983422162016,0.025227620087274548,0.0052368384327169054,0.02119136000323371,0.007418755636847929,0.0011909243666171224,0.005627791814292429,0.00039673333704789017,0.006009434906113635,0.001220611478900678,0.005393182418422051,0.03230911536640928,0.006740199457478472,0.026300164035526364,0.002780495420548384,0.027369817163879828,0.006112911239721807,0.02667018029420843,0.002806939867220062,0.0005433794935460444,0.0022679020185346864,0.00019821486255268886,0.002872536164718771,0.0006097588257458584,0.002315925263872387,0.007744868070735062,0.0012448779486152028,0.005655428102678534,0.0005161968425250745,0.006426624708919245,0.0015126278344254937,0.006205559234003393,0.026834703286340664,0.005782651641102496,0.02039537260382717,0.0016960056770026462,0.02260531569474793,0.005486039992292904,0.023343400521929583,0.022417630175362416,0.0041557604564232044,0.02258772369396623,0.0018824724755134251,0.023411118242643365,0.005629403129512925,0.02232161658412814
vanilla_deficit,2,67000,61.69887340965215,62.06904974998906,0.3997400403022766,1.5689868927001953,16,0.5254,0.553769387755102,0.0309,0.006,0.0216,0.0012,0.0221,0.0053,0.0222,0.0074,0.0009,0.0052,0.0006,0.0066,0.0004,0.0042,0.0385,0.009,0.0282,0.0021,0.0263,0.0051,0.0251,0.0037,0.0003,0.0021,0.0001,0.0025,0.0003,0.0029,0.0075,0.0016,0.0061,0.0007,0.0055,0.0013,0.0072,0.0278,0.0054,0.0205,0.0026,0.0248,0.0053,0.0216,0.0229,0.0043,0.026,0.0024,0.0259,0.0039,0.0213,0.0,0.0,0.01020408163265306,0.023766414603941632,0.01020408163265306,0.026750045226923647,0.01020408163265306,0.02346105345177895,0.01020408163265306,0.021416304193472423,0.02763270637907475,0.024317390807669544,0.028298210982821766,0.023627628083679672,0.027911710742827986,0.023574685025004927,0.01020408163265306,0.021055989184780917,0.01020408163265306,0.02616299380872078,0.01020408163265306,0.022741069330451107,0.01020408163265306,0.026368546604055035,0.02828271916043886,0.026710563284721607,0.028563285095263347,0.02658944672258469,0.028212469519372355,0.02660568943962665,0.022299625384482307,0.027484630036136513,0.023145006215943415,0.028211052797004962,0.02316439004031053,0.02751269357993158,0.023462284236984935,0.01020408163265306,0.023985532296857032,0.01020408163265306,0.027084454689661912,0.01020408163265306,0.023821115046961116,0.01020408163265306,0.01020408163265306,0.02426562650486744,0.01020408163265306,0.02661883327843992,0.01020408163265306,0.023630528122758752,0.01020408163265306,0.030207185964631154,0.005376330117125822,0.02218298622383318,0.0021143151241779126,0.023376705565564895,0.00574924515535422,0.020812737070869412,0.008023839991709119,0.0011883607451341244,0.004773945685395579,0.000421699467129591,0.005528065960841322,0.0008442616864359508,0.005820323813309477,0.034652258380794006,0.008339648795539405,0.026595835252136487,0.002873328228546844,0.028770370879091827,0.006575469102339411,0.025982444125258713,0.0025314090559805744,0.00043863673694170797,0.0021574808855230753,0.00013189290650293876,0.00228989809512728,0.000515440943415203,0.0023502648692567693,0.007058101489607606,0.0013111906882015826,0.0060557183305259875,0.0005560523515031096,0.006151713419770062,0.0012805087063538175,0.005708837033089821,0.027319586399003,0.005214892889146068,0.020926000448688097,0.0017487039547411222,0.02297373328442883,0.005394650909501718,0.022383104463185855,0.023397106233419673,0.004947727299472337,0.02337691346936145,0.002296832159035868,0.025091368728094234,0.005563957836809235,0.02112027897973931
vanilla_deficit,2,68000,62.606736885150895,62.9843222911004,0.4223783016204834,1.6726467609405518,16,0.5288999999999999,0.5553857142857143,0.0307,0.0055,0.0224,0.0016,0.0227,0.0049,0.0181,0.0074,0.0009,0.0052,0.0008,0.0068,0.0005,0.0065,0.0367,0.008,0.0291,0.0019,0.0264,0.0062,0.0272,0.0034,0.0007,0.0022,0.0002,0.0024,0.0001,0.003,0.0074,0.0015,0.0069,0.0006,0.0059,0.001,0.0056,0.0269,0.0058,0.02,0.0022,0.022,0.0049,0.0219,0.0241,0.0044,0.0272,0.0026,0.0274,0.0038,0.0253,0.0,0.0,0.01020408163265306,0.02370948589608573,0.01020408163265306,0.0268628449585106,0.01020408163265306,0.023456195450860445,0.01020408163265306,0.021728807196659962,0.027471693787068825,0.0236598607032359,0.028095351906082873,0.02407216403681525,0.027599078432117966,0.02322167272010873,0.01020408163265306,0.021667829023903906,0.01020408163265306,0.026325091263703658,0.01020408163265306,0.023543166665780636,0.01020408163265306,0.026266943509525964,0.028067706537099002,0.0265128645581736,0.02841972771439221,0.026482407633581638,0.027924237802404328,0.026368113801064026,0.022613155996938788,0.027240878423388397,0.02333827825005909,0.028324702759126283,0.0229869588414272,0.0273327693115899,0.023370426035089424,0.01020408163265306,0.02434770117697472,0.010402012919945733,0.027131507482947542,0.01020408163265306,0.024274564116976968,0.01020408163265306,0.01020408163265306,0.02408196653065008,0.01020408163265306,0.02655992415241539,0.01020408163265306,0.023478685915499287,0.01020408163265306,0.031052577379000627,0.005396909697550956,0.022796320323607913,0.001891419463464429,0.025011645490803112,0.005753472073925363,0.022350023902690173,0.007535169678145407,0.0013002485084527705,0.0054905242296534335,0.0005365479816759099,0.004998224504813983,0.001082091987222978,0.006011278458183524,0.033722440080139165,0.007641264325462295,0.0269721269065694,0.0025216243880612802,0.027708872791346352,0.00554067876897313,0.027713298290735214,0.0025855451099854767,0.0006060005108060077,0.002276146271321816,0.00017996781559562766,0.0023877519901396023,0.000724650466341433,0.0024352680297519513,0.006563021836048627,0.0014758544544934856,0.005765908713483186,0.0002844269443669765,0.006269294967730971,0.0014139030461291808,0.005769631763895444,0.026140528422490504,0.004656269259169854,0.02006462452730691,0.0015960838523330564,0.022613019002049196,0.00481479244033061,0.024871137309802293,0.025894470680969617,0.005026511309493662,0.02456797991617012,0.002263477053047669,0.024830816836084364,0.005689686233248574,0.023330235743337275
vanilla_deficit,2,69000,63.500478425761685,63.885525416000746,0.41659778356552124,1.4621660709381104,16,0.5339,0.553869387755102,0.0309,0.0061,0.0241,0.0017,0.0239,0.0055,0.0235,0.0071,0.0011,0.0047,0.0009,0.0065,0.0004,0.0051,0.0359,0.0082,0.0294,0.0019,0.0232,0.0061,0.0247,0.0037,0.0006,0.002,0.0003,0.0024,0.0003,0.0034,0.0059,0.0016,0.006,0.0005,0.0057,0.0008,0.0061,0.0271,0.0058,0.0208,0.002,0.0228,0.0053,0.0224,0.0228,0.0049,0.0288,0.0026,0.0269,0.0044,0.0271,0.0,0.0,0.01020408163265306,0.023436787021568248,0.01020408163265306,0.026865188994351752,0.01020408163265306,0.023122470545304835,0.010628050471542331,0.021436504591425626,0.027279548540665027,0.02337457220910788,0.028292918944046078,0.02362674569856725,0.027659980071480815,0.02349862499654476,0.01020408163265306,0.021674667875410447,0.01020408163265306,0.026384778486681186,0.01020408163265306,0.02260972465252205,0.01020408163265306,0.026164477616161537,0.028315227124338788,0.026657876924990907,0.028475094176989214,0.026595496324006623,0.028339907269927946,0.02653223593967173,0.02253068781087566,0.027414256082986442,0.023659611029597422,0.028398746892581164,0.023776384081642427,0.02738928457586616,0.02348497645117526,0.01020408163265306,0.024577337463637085,0.01020408163265306,0.027139899831345397,0.01020408163265306,0.02390618065955914,0.01020408163265306,0.01020408163265306,0.023997386057128568,0.01020408163265306,0.02679000552113403,0.01020408163265306,0.02290314057737034,0.01020408163265306,0.03092906152304381,0.005754919404907912,0.02324392218311836,0.0019621680877790174,0.024065028094415724,0.006099058234413778,0.019896136622271098,0.008023113670044203,0.0015084940998353138,0.005783974659957108,0.00039897509331913436,0.005546937445024472,0.001091967218144416,0.005726276741690201,0.03366888747910912,0.007762353449147848,0.027708819548350423,0.002488159953549094,0.025215961691012957,0.006738578467250164,0.029371918765062514,0.0027293629748511724,0.00037455031245621945,0.002228212430221442,0.00019951507081153544,0.0023355742038128537,0.0003475285141844359,0.0023267117346159115,0.0068641768259343145,0.0014000680033378968,0.005510953850761449,0.000283106187015451,0.005461226369318774,0.0013883463075284156,0.005741220261303789,0.028285833092791098,0.004545216015215792,0.021240420618335518,0.0016613926813496586,0.02338938015176653,0.005240989689622123,0.02342334150362452,0.02286237412707888,0.005258318222197654,0.025204827834598736,0.002044484970364731,0.02449729460173955,0.006339198233874962,0.026875973833228428
vanilla_deficit,2,70000,64.40622457605787,64.7993952500401,0.38922378420829773,1.7408053874969482,16,0.5276000000000001,0.5553775510204081,0.031,0.0065,0.0237,0.0013,0.0241,0.0052,0.019,0.0068,0.0009,0.0052,0.0006,0.0064,0.0005,0.0052,0.0345,0.0082,0.0285,0.0023,0.0246,0.0063,0.0256,0.0037,0.0007,0.0029,0.0005,0.002,0.0004,0.0028,0.0068,0.0019,0.0053,0.0007,0.0059,0.001,0.0051,0.0266,0.0055,0.0205,0.0019,0.0232,0.0056,0.0214,0.0252,0.0048,0.028,0.0024,0.0276,0.0042,0.0246,0.0,0.0,0.01020408163265306,0.02359660159067095,0.01020408163265306,0.026589006019322826,0.01020408163265306,0.023338742310463664,0.01020408163265306,0.02097674999985087,0.02787384229463989,0.023438610114510636,0.028221557130261893,0.02281565541111516,0.027885856400776655,0.02288878423582845,0.01020408163265306,0.02232713345058255,0.01020408163265306,0.02651563939477839,0.01020408163265306,0.022198988768825423,0.01020408163265306,0.026146023296304784,0.02826772594710092,0.02670211645619326,0.028539536954873185,0.02700162501743701,0.02829411739593056,0.026344858044689674,0.022704658159377764,0.027499803598957373,0.024228715133674444,0.028344889418836595,0.02394856006035389,0.027693342488769424,0.02315811253324036,0.01020408163265306,0.0244418497078637,0.010550663275521817,0.02712837140206848,0.01020408163265306,0.02348099415249913,0.01020408163265306,0.01020408163265306,0.023983494401340774,0.01020408163265306,0.026554240350198342,0.01020408163265306,0.023257910593345248,0.01020408163265306,0.031040520436585114,0.005588582116969687,0.022730559091208212,0.002275126417396313,0.025330643435681473,0.005831678226772978,0.020455267241182067,0.008533440019359313,0.0008692137933601515,0.0057614618955773396,0.0004887321037028512,0.006443120639599234,0.0008560675397800814,0.006402163031340719,0.03497594860793728,0.006977678391918457,0.02660488036781237,0.0023554067345164776,0.026292311264795268,0.007117898768044574,0.026816573408787542,0.002837978549160468,0.00043821257551254875,0.002151357035910602,0.00014078749924381704,0.0018236243314805574,0.0004093341325630453,0.0025422816388543166,0.006603640200276027,0.0012784999679805757,0.004896901451498492,0.0003537776158902619,0.005203456895048645,0.0010667229706650548,0.006107454623261154,0.028201120168361425,0.004780869673503485,0.019981089921993753,0.0016849340207945851,0.022122964979677195,0.005793208804290223,0.023395089752843514,0.02724366123589173,0.0051652305218138714,0.027142421156995375,0.0023522307240016827,0.026578217736016138,0.006037314608317248,0.026631712585013494
vanilla_deficit,2,71000,65.34350666683167,65.74612445803359,0.3737741708755493,1.8389980792999268,16,0.5383,0.5543693877551019,0.0314,0.0065,0.025,0.0009,0.0251,0.0063,0.0232,0.0069,0.0011,0.0053,0.0008,0.0059,0.0007,0.0049,0.0353,0.0083,0.0274,0.0018,0.0238,0.006,0.023,0.0031,0.0006,0.0024,0.0003,0.0023,0.0003,0.003,0.0054,0.0016,0.0057,0.0005,0.0057,0.0011,0.0053,0.0274,0.006,0.0205,0.0022,0.0241,0.0052,0.0222,0.0247,0.0053,0.0287,0.0028,0.0292,0.0049,0.0282,0.0,0.0,0.01020408163265306,0.02301257736762269,0.01020408163265306,0.0268981927307319,0.01020408163265306,0.02318180565132097,0.01020408163265306,0.021240384599914137,0.02744437707681706,0.023487696710502867,0.028298203439729747,0.023530777365313733,0.02739325588071296,0.023434883213867993,0.01020408163265306,0.021960448046080484,0.01020408163265306,0.026714230363796207,0.01020408163265306,0.022723497609376295,0.01020408163265306,0.025923891036829932,0.02810555407961831,0.026658653933398155,0.028524474881234982,0.026480229848611266,0.028211017514332602,0.026799934558811335,0.02246626634121008,0.027567243905435183,0.02378470881648602,0.028313334074121052,0.024287126720941417,0.027621847228753826,0.024056046762230374,0.01020408163265306,0.024764658960214583,0.01020408163265306,0.027222099012209712,0.01020408163265306,0.023600407310154455,0.01020408163265306,0.01020408163265306,0.023773871194269495,0.01020408163265306,0.026834490092955847,0.01020408163265306,0.022418507549945236,0.01020408163265306,0.032105758956396724,0.006210730247894801,0.02528743258282256,0.0019147616989462746,0.025005044418264052,0.006025331324633405,0.02087869713905474,0.008269452719262821,0.0013554491078949411,0.0057292732894117385,0.00038097271089862625,0.005721138554760523,0.0013723926992315007,0.0057480708893654356,0.03474168824744387,0.0073243334789581185,0.02697097129338857,0.002116302623460424,0.025623777087922836,0.006488370575249017,0.02845944807305507,0.002982162969192768,0.0005920307158083601,0.0022943771698177725,0.0001330798604654866,0.0023726631006206734,0.00047648970332406384,0.00206147144843434,0.006809244124235415,0.0011817792170231204,0.005325755137383713,0.0003643962659740213,0.004814391098287254,0.001121958263169922,0.005028489444666218,0.02687160347267145,0.004369353178655587,0.02078476871204209,0.0015599044935712145,0.021949799630175952,0.005683917607820668,0.02391097586741679,0.027361281779683347,0.005337628350570935,0.025039881951248944,0.0019845514539121004,0.026455248101535146,0.0069396915155240605,0.02517522935986322
vanilla_deficit,2,72000,66.26085184200201,66.67104725004174,0.4020625650882721,1.8671656847000122,16,0.5362,0.5564775510204081,0.031,0.0064,0.0243,0.0021,0.0232,0.0049,0.0197,0.0072,0.0008,0.0056,0.0007,0.0061,0.0006,0.0054,0.0377,0.0086,0.0286,0.0013,0.0242,0.0062,0.0256,0.0028,0.0002,0.0025,0.0004,0.0024,0.0003,0.0033,0.0066,0.0013,0.0057,0.0005,0.006,0.001,0.006,0.0286,0.0045,0.0208,0.0016,0.0233,0.0053,0.0231,0.0252,0.0045,0.0265,0.0017,0.029,0.0052,0.0277,0.0,0.0,0.01020408163265306,0.023676033593858482,0.01020408163265306,0.026731153162099668,0.01020408163265306,0.023199498096477887,0.01020408163265306,0.0208707049156139,0.02769884626729105,0.02317168834247809,0.028346668989727312,0.023663311659572916,0.02760334504599072,0.023475326830348683,0.01020408163265306,0.022098594514431448,0.01020408163265306,0.02658252990944622,0.01020408163265306,0.022872827450705666,0.01020408163265306,0.026203581343660576,0.028206259034650162,0.026539019523344635,0.028531886877092495,0.026901971743367864,0.028368540363784882,0.026389111325723337,0.023218457687873794,0.027502010910987848,0.023612691852451944,0.02830024257695988,0.024037848800865066,0.027713394554562294,0.023236427149349315,0.01020408163265306,0.024201620518359324,0.01020408163265306,0.0272985440638579,0.01020408163265306,0.023299798785022363,0.01020408163265306,0.01020408163265306,0.024219950956055544,0.01020408163265306,0.02647666427369353,0.01020408163265306,0.022486142757846283,0.01020408163265306,0.031096432682632236,0.005544953032110704,0.026602115648243687,0.0022028930257505606,0.02668261686227565,0.0060662453062207775,0.02036920699341036,0.00861376149306854,0.0011052505412190753,0.006057604485161132,0.0003575210435761645,0.005519807325489698,0.0011706588500162963,0.005686385411895434,0.03336972784806367,0.007231484552922686,0.026848335973148636,0.0022873501498257183,0.026355537732608923,0.0065017222448605135,0.026026559459287692,0.0027018900124697316,0.0005111184674662944,0.002413072082778202,0.00019396977347679617,0.001937905961583205,0.0003335954842357755,0.0025770598353701936,0.005967380007608611,0.0012815104066600108,0.0055361189046803415,0.000408307879862945,0.005149155713537753,0.0010502733616249607,0.005947722833088353,0.026902584618279615,0.004930939862912731,0.020808849361233197,0.0015040871003783062,0.02301802181869801,0.005878399258547392,0.024765480716901045,0.02684521640621819,0.005028075308858794,0.02547500529198024,0.0024031588111216337,0.027432075185095002,0.006846599820769839,0.0269206124445487
vanilla_deficit,2,73000,67.17085745907389,67.58897479099687,0.424731969833374,1.3791338205337524,16,0.5517,0.553269387755102,0.0341,0.0064,0.0251,0.0017,0.0261,0.0065,0.0264,0.0074,0.0012,0.0053,0.0004,0.0063,0.0008,0.005,0.038,0.0082,0.0269,0.0015,0.0231,0.0059,0.0237,0.0031,0.0002,0.0028,0.0002,0.0025,0.0004,0.0033,0.0065,0.0012,0.0058,0.0005,0.0056,0.001,0.0064,0.0314,0.0049,0.0223,0.0021,0.0236,0.0053,0.0238,0.0249,0.0049,0.0277,0.0017,0.028,0.0052,0.0264,0.0,0.0,0.01020408163265306,0.023301364289208343,0.01020408163265306,0.026988583038750125,0.01020408163265306,0.02317497681771804,0.010456596852950643,0.021098125884516497,0.027630104535963325,0.022858022316988337,0.02839454419712381,0.023368088778322145,0.02789542142736489,0.02375156074504911,0.01020408163265306,0.022142487516775822,0.01020408163265306,0.02671039904202159,0.01020408163265306,0.023256208396035066,0.01020408163265306,0.026032151442376028,0.028354238770990095,0.02662632933087728,0.02857295827801523,0.026654576655413667,0.02829904502890887,0.02676725513641382,0.02233643626608261,0.027678999599837967,0.023515012029333718,0.028299284185928746,0.023723465901456332,0.027742285920049334,0.02363622959831374,0.01020408163265306,0.023691039932743824,0.01020408163265306,0.02724473486572955,0.01020408163265306,0.023157456999955688,0.01020408163265306,0.01020408163265306,0.0241521437489574,0.01020408163265306,0.027158258800762808,0.01020408163265306,0.0222703891792696,0.01020408163265306,0.03326193809659079,0.005926223303804275,0.02644881391428185,0.0018565828358305108,0.027470991951522857,0.006064380162027026,0.020123364324647782,0.008295568000488272,0.001155321915802268,0.006410849930778884,0.0003196965121015298,0.005814222832391587,0.0009043608263020981,0.00539504139363986,0.03478073716388161,0.0072320788811457,0.027203432126627035,0.0021606717343793853,0.023935585687415627,0.006014646679985268,0.02571362536651276,0.003058328745368964,0.0003637552386375034,0.002252570140340326,0.00012466825029672254,0.00222169238350946,0.00042408870294043837,0.002098521117079875,0.0070200693398161694,0.0011409361718595177,0.005653617872736314,0.00046288977526807236,0.005503877470277986,0.001032694036680626,0.0055211123459288965,0.030755492400134928,0.0054611979927599585,0.02313420150928122,0.0015765777749949465,0.024445026622949673,0.006044468950917771,0.026045163295239225,0.025234989607997957,0.0051134055128257225,0.02581703131593485,0.0016711066179759442,0.025731017703107612,0.007014141828232185,0.02494145788027741
vanilla_deficit,2,74000,68.12832109734882,68.55478095810395,0.41410547494888306,1.6616945266723633,16,0.5487,0.5547693877551021,0.0309,0.0063,0.0253,0.0017,0.0241,0.0059,0.0245,0.0073,0.0009,0.0051,0.0003,0.0064,0.0007,0.0049,0.0375,0.0076,0.0288,0.0018,0.0246,0.0063,0.023,0.003,0.0006,0.0028,0.0001,0.0016,0.0004,0.0028,0.0063,0.0014,0.0062,0.0004,0.0058,0.0012,0.0057,0.0299,0.0055,0.0243,0.0021,0.025,0.0063,0.0248,0.0244,0.0051,0.029,0.0018,0.0285,0.0044,0.0254,0.0,0.0,0.01020408163265306,0.023599369005495006,0.01020408163265306,0.027148487220954594,0.01020408163265306,0.022897693659357166,0.010617134380445136,0.021393063592495886,0.027721070752089544,0.02334173338473311,0.028269323462703617,0.022743586184005814,0.027493176990886103,0.023611699832419272,0.01020408163265306,0.021752047681285754,0.01020408163265306,0.026764265102992804,0.01020408163265306,0.02327805158530605,0.01020408163265306,0.026289669558142804,0.028338878723445808,0.026574145874516314,0.028564431762284265,0.02666827552305682,0.028166185839479455,0.026547733379621602,0.02275697046282587,0.027654770260415927,0.023936208370320653,0.02832017470426231,0.0235507854267767,0.02739877493511793,0.023529963042710975,0.01020408163265306,0.023499930454170974,0.01020408163265306,0.026754936759936364,0.01020408163265306,0.023440561766744666,0.01020408163265306,0.01020408163265306,0.024542124995385568,0.01020408163265306,0.026676921139438335,0.01020408163265306,0.02309662969638085,0.01020408163265306,0.03072052081923892,0.005697974147990739,0.026293210888052667,0.0016568922230034647,0.027899950773126056,0.006348833982615737,0.0201035204208148,0.007956725617188434,0.001069210093369608,0.005979979712130594,0.0004690977545140359,0.006556581097717125,0.0012795979935203183,0.005528226939053536,0.03548935557542362,0.007680972458683837,0.027694120545085132,0.0020774581944727746,0.02802463283275414,0.0059324977199317315,0.026049134713597204,0.0026360085819313915,0.000353900710360209,0.002285560940986607,0.0001070124432293078,0.002221589999568646,0.0005819912415844999,0.0023144718132530203,0.006463805790092378,0.00110271949744823,0.005290210399222202,0.00037437395651275816,0.005594903283251122,0.001500117109366517,0.005656757771982441,0.03257344482694072,0.005650568665221916,0.02295169409621453,0.0021657939123787195,0.023353058861725475,0.00579367808057717,0.024927421818404225,0.026837591917234574,0.004587917173719893,0.025435187373477938,0.002173064087957331,0.028544543293220866,0.006170142939131706,0.025045043614720056
vanilla_deficit,2,75000,69.08045326475985,69.51475979108363,0.4018872380256653,1.6317201852798462,16,0.5448,0.5611775510204082,0.031,0.0058,0.0243,0.002,0.0245,0.0052,0.0168,0.007,0.0007,0.0056,0.0005,0.0065,0.0002,0.0055,0.0382,0.0083,0.0286,0.0018,0.0275,0.007,0.0249,0.0029,0.0005,0.0022,0.0002,0.0015,0.0004,0.0028,0.006,0.001,0.0067,0.0005,0.0048,0.001,0.0048,0.0319,0.0052,0.0243,0.0021,0.0275,0.0055,0.0217,0.0243,0.0048,0.028,0.0018,0.0302,0.0051,0.0252,0.0,0.0,0.01020408163265306,0.023258885041195998,0.01020408163265306,0.026854876252797782,0.01020408163265306,0.023349295460189386,0.01020408163265306,0.021274222094803643,0.027625340343734102,0.023744300346688098,0.028166364712837337,0.02363770083667905,0.027897093012156725,0.02327002656725572,0.01020408163265306,0.02221150644820989,0.01020408163265306,0.026701985580416365,0.01020408163265306,0.022300822617557815,0.01020408163265306,0.026302428568544492,0.028192232192614415,0.026373825370949344,0.028524098296568552,0.026818403638955206,0.028261653981768824,0.026209161647619807,0.023233266312868664,0.027809528428769527,0.023989855025401588,0.028336650146470993,0.024208147684327594,0.027464248418717398,0.024128513897556964,0.01020408163265306,0.02348438220064897,0.01020408163265306,0.0267246111220801,0.01020408163265306,0.023342170535493888,0.01020408163265306,0.01020408163265306,0.0244792883865131,0.01020408163265306,0.026662754970020512,0.01020408163265306,0.021897053737139127,0.01020408163265306,0.030288654613832358,0.005931826326117793,0.024687171275745042,0.0019506613334012903,0.025817359427526995,0.005910838976529313,0.021452624732433367,0.008146573995462349,0.0011060406892713745,0.0054778151852925795,0.0005129431568910894,0.005555612312972773,0.0008081320436287176,0.005919612437076293,0.036538132856857274,0.007236264271880113,0.02852357709717133,0.0021573301108480654,0.02740836346632902,0.006982101492591231,0.027748686808870392,0.0025953441658882253,0.00048458595285217476,0.0024780129782940763,0.00012077800153547635,0.0020297069071865763,0.00040848237195589875,0.0026975879534367002,0.005998973336578656,0.0009431871482075843,0.005130501064937785,0.0003262678863190163,0.004930260411994149,0.001282637583367226,0.004978496387118377,0.032105303005940264,0.005645562745227471,0.024412604858615752,0.0020934643788757808,0.02544296666683697,0.005879587169534322,0.025442958402194252,0.026497636046824733,0.0046330226338500025,0.026695907004172743,0.00216127413615139,0.028211118872663407,0.007502857805160777,0.02490161252850782
vanilla_deficit,2,76000,69.98723086330574,70.4294161250582,0.3956964910030365,1.6607304811477661,16,0.5477,0.5543775510204081,0.0312,0.0067,0.0245,0.0025,0.0261,0.0055,0.019,0.0066,0.0013,0.0051,0.0003,0.0058,0.0008,0.0051,0.0371,0.008,0.0272,0.002,0.0257,0.0068,0.022,0.003,0.0006,0.0018,0.0001,0.0023,0.0004,0.0022,0.0064,0.0014,0.0057,0.0003,0.0057,0.0011,0.0054,0.031,0.0056,0.024,0.0023,0.0257,0.0065,0.0236,0.0254,0.0051,0.029,0.0021,0.0284,0.006,0.0273,0.0,0.0,0.01020408163265306,0.023562510887749195,0.01020408163265306,0.026939506510444772,0.01020408163265306,0.023010180646474174,0.01020408163265306,0.02117573922276008,0.027740697242304914,0.023128918251479065,0.028318122096541685,0.023514022479973036,0.027601211235675667,0.023883684343228573,0.01020408163265306,0.0216829840678252,0.01020408163265306,0.026899874368747266,0.01020408163265306,0.022956183587606874,0.01020408163265306,0.026115851310008584,0.028259763684368965,0.026656968325663645,0.028485424613148305,0.026751473921522807,0.02821109242782735,0.026568123656503323,0.022773108750385625,0.027661736530955397,0.023874665421315003,0.02840981883342259,0.023884496548035254,0.0275617692096388,0.023839452549537343,0.01020408163265306,0.023163264397194582,0.01020408163265306,0.027184965094290713,0.01020408163265306,0.02320123694833769,0.01020408163265306,0.01020408163265306,0.024604202367553653,0.01020408163265306,0.026728148251506427,0.01020408163265306,0.022385496095524357,0.01020408163265306,0.03197224022206587,0.005733304928092365,0.025440828641770833,0.0018793593224874726,0.027714629462553868,0.006220900298487411,0.02134818280969603,0.00826861390410913,0.0010020826601962048,0.0060518241504696575,0.00036982204021528223,0.005669210589111495,0.001154815103877798,0.005342568393639497,0.035255508317010804,0.0077131980125522874,0.027980363349360493,0.0019227551726954779,0.027094916700120947,0.006280025245510535,0.02683364939712458,0.0028202963155184806,0.0004337225211015778,0.0021887290466468556,0.0001866314620856254,0.0021633736263096353,0.0004870158953137498,0.0022860109443572567,0.006441423479465969,0.0011276044595243684,0.005235256307069993,0.0002694172251382101,0.005263554056939046,0.0011980027838891418,0.005351938206687488,0.03174958510013979,0.0060923412864771175,0.023655480931920072,0.001610590503024024,0.023857751699829788,0.006128887631606551,0.024602173551642476,0.0273460998090923,0.004514563108401502,0.027228775495828833,0.00214985194340092,0.028467756309705775,0.006865846182570716,0.026465651875113648
vanilla_deficit,2,77000,70.91350003320258,71.36409283301327,0.4027813673019409,1.657496690750122,16,0.5615,0.552469387755102,0.0321,0.0061,0.0258,0.0021,0.0261,0.0059,0.025,0.0067,0.0008,0.0051,0.0007,0.0067,0.0009,0.0048,0.0385,0.0091,0.028,0.0023,0.0248,0.0066,0.0233,0.0031,0.0004,0.0021,0.0003,0.0018,0.0005,0.0022,0.0052,0.0014,0.0064,0.0003,0.0054,0.0012,0.0049,0.0314,0.0061,0.0239,0.0019,0.0254,0.0068,0.0237,0.0251,0.005,0.0298,0.0015,0.0283,0.0067,0.0293,0.0,0.0,0.01020408163265306,0.02285066455439891,0.01020408163265306,0.02704302977197219,0.01020408163265306,0.022412765195995384,0.01020408163265306,0.021150862546917108,0.027649340077718444,0.02372631580006549,0.02831371680939998,0.02324041941583195,0.027743558431899802,0.023783993305336155,0.01020408163265306,0.021189116894161156,0.01020408163265306,0.026623190128705537,0.01020408163265306,0.022471120948336212,0.01020408163265306,0.026069135047221623,0.028360200876596228,0.026991044597460927,0.028596945877421377,0.026767664006923528,0.02838628379763264,0.026738676410784236,0.02364994485433858,0.027766329429891205,0.024383756930569704,0.028505042821056807,0.02338207286972212,0.027622912639560113,0.0243162865338828,0.01020408163265306,0.02376615176189694,0.01020408163265306,0.027345799815476995,0.01020408163265306,0.023031646892993328,0.01020408163265306,0.01020408163265306,0.024467221893407033,0.01020408163265306,0.026563730121827465,0.01020408163265306,0.021825752818148962,0.01020408163265306,0.03224877043761513,0.006568821434513823,0.025359595028160598,0.0018406607444675805,0.028836417536219967,0.00692917743417303,0.02315033617574434,0.00830532333552133,0.0012185221266100429,0.00545764525727283,0.0004549351817786343,0.005987531075431116,0.001076711445493885,0.005394746060939269,0.035437151018467096,0.008458918225048682,0.02827343058758258,0.0022985095371038018,0.027081304786885682,0.006865538587339176,0.027069398147816566,0.0029027246325093034,0.00044330529390161096,0.0019364147688786025,0.00014606466677889393,0.00214095607170233,0.0003757985197686865,0.002211630488553568,0.005619055258711687,0.0010518789312120795,0.004740684311210943,0.0002462879402856552,0.005833053374536218,0.001247342107875071,0.004814262974296284,0.03093757119290654,0.005453265344626614,0.025532031935313386,0.0015495426598364892,0.023277113949619236,0.0062542668050803,0.024983543443881574,0.023590298398827873,0.0047668505532726425,0.027281942651573528,0.0024024151094431483,0.027102726099372185,0.00756933353369792,0.02665481557524817
vanilla_deficit,2,78000,71.82655359490309,72.28511004103348,0.3871949315071106,1.4854178428649902,16,0.5633999999999999,0.5528693877551021,0.0317,0.0063,0.0258,0.0019,0.0243,0.0065,0.0286,0.0073,0.001,0.005,0.0009,0.0062,0.0014,0.0048,0.0389,0.0089,0.0287,0.003,0.0244,0.0061,0.0244,0.0028,0.0002,0.0016,0.0001,0.0023,0.0004,0.0029,0.0055,0.0014,0.0061,0.0002,0.0052,0.0012,0.0057,0.0309,0.006,0.0227,0.0014,0.0237,0.006,0.0239,0.0267,0.0056,0.0303,0.0013,0.0294,0.0054,0.0284,0.0,0.0,0.01020408163265306,0.023215230919477282,0.01020408163265306,0.026891206246990366,0.01020408163265306,0.022713364005534576,0.01020408163265306,0.021222721228832387,0.027441354988283595,0.023809643685109086,0.028356227765603752,0.024259077534503827,0.027904138060522943,0.02355509226389907,0.01020408163265306,0.021475463184697424,0.01020408163265306,0.02692257160693271,0.01020408163265306,0.0229843946099011,0.01020408163265306,0.026044275826650955,0.028201705748321343,0.026504590717683706,0.02853009505170013,0.026748253906366606,0.0283514824881555,0.02636669041102801,0.023505232295588274,0.027441016910451477,0.02408676343692525,0.02838489569659646,0.023977952976607673,0.02747894869400145,0.023908753048068984,0.01020408163265306,0.023446915761629383,0.01020408163265306,0.026920066894291148,0.01020408163265306,0.023352403158977415,0.01020408163265306,0.01020408163265306,0.023623402539986835,0.01020408163265306,0.026644609287083898,0.01020408163265306,0.02246615292714841,0.01020408163265306,0.03148861532145617,0.005969916451288951,0.02549859293453293,0.0019484085228981232,0.0263339745805982,0.00659708261549694,0.023340210363013446,0.00830596713122033,0.0013465471588280486,0.005397755353927619,0.0003456786002376385,0.004867013332821879,0.0008402636209037966,0.0056371714799720975,0.03580809898019303,0.008068530555793763,0.02728709970033271,0.0019140948965957667,0.02651838009213517,0.006300575803783947,0.02819070427813289,0.002914010810773832,0.0005147253054647278,0.0024104274569930204,0.00015546821871219047,0.0021047980304385334,0.0003508699220448653,0.002522227551851239,0.005730780662146601,0.0013859795151413092,0.005094587029945329,0.00031431595454334315,0.005252687904763535,0.0013444822376317226,0.005211204955656346,0.03091072668535689,0.00575551630625183,0.02401044555163875,0.0019558975460388216,0.023742232117421616,0.005858912860100542,0.024878492873619908,0.025799919319815033,0.0055233777066630955,0.029138486317164217,0.002257247487924575,0.028456993430327305,0.006789405924623265,0.026792916376713116
vanilla_deficit,2,79000,72.71642399765551,73.18301654106472,0.3700730502605438,1.7236454486846924,16,0.5605,0.553869387755102,0.0302,0.006,0.0221,0.0017,0.0228,0.0059,0.0256,0.0076,0.0009,0.0049,0.0005,0.0066,0.0004,0.0047,0.0398,0.0088,0.0287,0.0026,0.0258,0.0068,0.0258,0.0027,0.0006,0.0021,0.0001,0.0021,0.0004,0.0022,0.0042,0.0009,0.0057,0.0003,0.0057,0.0012,0.0055,0.0301,0.0067,0.024,0.0013,0.0254,0.007,0.0247,0.026,0.0051,0.0322,0.0016,0.0297,0.0068,0.028,0.0,0.0,0.01020408163265306,0.022858056968864525,0.01020408163265306,0.027027382485158707,0.01020408163265306,0.022794034977172098,0.01020408163265306,0.021011973758252298,0.027783823355063998,0.023913370331351328,0.028270256451905812,0.023128234125769875,0.027571643009260627,0.02427924033068963,0.01020408163265306,0.020991948373763045,0.01020408163265306,0.026748586964932236,0.01020408163265306,0.02235938858600603,0.01020408163265306,0.026611550729337165,0.028214424655201485,0.026656509630981873,0.028711406011258316,0.026463566332599095,0.028226386687074313,0.026806387642722057,0.02385495272220868,0.0277951465344643,0.024063398530110344,0.028545880784109114,0.02367646197698424,0.02770268443994737,0.024334672472209655,0.01020408163265306,0.023844367799498774,0.01020408163265306,0.027327658983885596,0.01020408163265306,0.023041987776556375,0.01020408163265306,0.01020408163265306,0.024599599820090325,0.01020408163265306,0.02683471147930551,0.01020408163265306,0.020684999150816178,0.01020408163265306,0.03018082429642011,0.006523061166265542,0.024244499923187775,0.0020024666117831043,0.02424592171368137,0.006631539562405302,0.024033410355433157,0.00856374087662736,0.0011432324883591735,0.005339774301656404,0.0006158170106975427,0.006230121365936053,0.0014123516994646894,0.004982141959722522,0.03800366772690898,0.008585453415914528,0.027809270954658943,0.00230475087949605,0.026464829319262632,0.007063742762661107,0.029151312888404234,0.002414270028488638,0.0006763526813143263,0.0023655233031115255,0.00013750024508941446,0.0025747222300325167,0.0006633828386063173,0.0022030179479740016,0.005442176141495445,0.0011700178219598689,0.005177106106122552,0.00031697110615695094,0.0056747673759954785,0.0012312074225300262,0.004922039615561721,0.03067129747384533,0.005453652852482632,0.02320734705162255,0.001676891575802142,0.024323340230031076,0.00636269653964666,0.025162468073286474,0.025890928185931424,0.004595729424902315,0.0288659758132511,0.0021723078053092473,0.029672991060045138,0.008957325858513963,0.026706453085997527
vanilla_deficit,2,80000,73.61188604764175,74.08645233302377,0.395230233669281,1.5869982242584229,16,0.5579999999999999,0.5506693877551021,0.0325,0.0066,0.0241,0.0015,0.0232,0.0058,0.0225,0.007,0.0011,0.0045,0.0007,0.0058,0.0008,0.0044,0.0383,0.0085,0.0291,0.0019,0.0251,0.0072,0.026,0.0029,0.0006,0.0018,0.0002,0.0022,0.0006,0.0025,0.0047,0.0014,0.0058,0.0005,0.0058,0.0012,0.0065,0.0292,0.0066,0.0234,0.0014,0.0246,0.0071,0.0237,0.0272,0.0055,0.0313,0.0024,0.0281,0.0073,0.0269,0.0,0.0,0.01020408163265306,0.02299063424113899,0.01020408163265306,0.027194135305484535,0.01020408163265306,0.022964413777296355,0.01020408163265306,0.02068021895707854,0.027649139525148116,0.02361249753861621,0.02838458978648912,0.023874036068219417,0.027591100384219046,0.023409310253228052,0.01020408163265306,0.021603464778090182,0.01020408163265306,0.027213233107803853,0.01020408163265306,0.022506836981953837,0.01020408163265306,0.026251378159368982,0.028204090098897343,0.026642934286089173,0.028572568718986543,0.02672401300477866,0.02815235266273485,0.026550004896640618,0.023559750567340297,0.027944926335130474,0.02394574265448439,0.028325904803482634,0.024405618078439655,0.027683306022226177,0.02443615383867513,0.01020408163265306,0.0237413102212534,0.01020408163265306,0.02706907518747858,0.01020408163265306,0.02296495714173461,0.01020408163265306,0.01020408163265306,0.023741309830657392,0.01020408163265306,0.026963556904018998,0.01020408163265306,0.021182129760366854,0.01020408163265306,0.033641012502093115,0.006405285142999717,0.02397815497478724,0.001700461352877312,0.024890711208454465,0.00639483925320796,0.0223322578427602,0.00892683678296806,0.0011648142586701275,0.0056094056223885925,0.00036215517595302165,0.005323966501211702,0.0012672197827583568,0.005792098594760121,0.034216452737887884,0.007841095520157312,0.027638401343886614,0.0016405558057029316,0.026875078162016848,0.006816106516870461,0.028446512693956552,0.0026903094752575886,0.0005591497536814582,0.0022629711520208338,0.00015699786558180879,0.002174483087780411,0.0006156151942900466,0.0023643928557214137,0.005627910354064101,0.0008419970920171985,0.0052847695378847445,0.0004262030621327959,0.0047828685863737265,0.001166587970228711,0.004749542328176485,0.030830128270092003,0.005468821445425527,0.02232151310417078,0.0017978875386248973,0.023516555310023963,0.0062770587336327165,0.026613244168501388,0.027541430540418157,0.005468821871715989,0.0283918794476266,0.0019521110672675677,0.028128479107048986,0.00833999656617368,0.028189768119430185
vanilla_deficit,2,81000,74.49677977291867,74.97934212500695,0.3714040219783783,1.7020552158355713,17,0.5611,0.5467693877551021,0.0304,0.0073,0.023,0.0022,0.0233,0.0056,0.0234,0.0073,0.0012,0.0048,0.0005,0.0065,0.0006,0.0056,0.0392,0.0103,0.0281,0.0028,0.0259,0.0076,0.0253,0.0023,0.0004,0.0019,0.0001,0.0024,0.0005,0.002,0.005,0.0013,0.0059,0.0005,0.0054,0.0012,0.0059,0.0318,0.0067,0.0229,0.002,0.0257,0.0069,0.0235,0.0253,0.0052,0.0292,0.0017,0.0297,0.0071,0.0277,0.0,0.0,0.01020408163265306,0.023338551571442885,0.01020408163265306,0.02698101489560837,0.01020408163265306,0.022288782448248393,0.01020408163265306,0.021683200865751717,0.027762676753539862,0.02354604710033123,0.028635368963321105,0.02389024632444743,0.027891208911331344,0.024055283998438436,0.01020408163265306,0.01988500317759814,0.01020408163265306,0.02711083868945672,0.01020408163265306,0.021529748755045916,0.01020408163265306,0.026673164691719174,0.02838056983203901,0.02712955187193302,0.02884532857150475,0.02678322087849081,0.02859395287479098,0.027125235725307853,0.023243371256259027,0.027604013106884512,0.023949098826368097,0.02864113814200587,0.023917654662700873,0.027793192657983093,0.024400144782205195,0.01020408163265306,0.02272670529469918,0.01020408163265306,0.02755317992771164,0.01020408163265306,0.022988639488806147,0.01020408163265306,0.01020408163265306,0.02448323499919716,0.01020408163265306,0.027045000585517058,0.01020408163265306,0.02026032324686603,0.01020408163265306,0.031072853308704147,0.006056423520901076,0.02465994168105458,0.002132981917620283,0.02546550007860831,0.00718717144757361,0.020599906436471395,0.007917592370276534,0.0013300854518951276,0.005911046863345802,0.00035101158650980094,0.005501233737867952,0.0011525758707967685,0.005284402618497339,0.03474012064134256,0.009854502365723493,0.0288167287584738,0.0019931435641354035,0.027452986876096337,0.0080438192202777,0.029408021061291548,0.002464579572840073,0.0006254658289230794,0.001972986853655934,0.00012485577149003746,0.0023460336923603496,0.0004346849968534162,0.002016698446241896,0.0061980085105383,0.00150098835380931,0.0054378413756276,0.0003447973755063906,0.005432648630497573,0.001258153061823759,0.005030126900901178,0.03242655826349839,0.006754529894057629,0.023352297976116248,0.0015166802856990437,0.02519686919330458,0.006511452692701392,0.025417891855998683,0.025955183225075257,0.004901564635176949,0.027639628225208126,0.0021031228951613355,0.030186888944270338,0.009372105244562398,0.026619245502091184
vanilla_deficit,2,82000,75.39605210896116,75.88659516605549,0.3845643401145935,1.6358087062835693,17,0.5603,0.547269387755102,0.0317,0.0072,0.0244,0.0019,0.0237,0.0066,0.0266,0.0063,0.0007,0.0047,0.0007,0.0061,0.0009,0.0046,0.0372,0.0103,0.0298,0.0022,0.0257,0.0079,0.024,0.0023,0.0004,0.0016,0.0,0.0023,0.0007,0.0024,0.0046,0.0015,0.006,0.0006,0.0058,0.0011,0.0059,0.0303,0.0079,0.023,0.0016,0.025,0.0073,0.0218,0.0239,0.0051,0.0304,0.0019,0.0301,0.0071,0.0265,0.0,0.0,0.01020408163265306,0.022520599512874065,0.01020408163265306,0.027386687928045966,0.01020408163265306,0.022855758199605444,0.01020408163265306,0.021429012904534375,0.02747291326377846,0.023827492051136163,0.02851061667669042,0.02387308029224275,0.02781822964047432,0.024004171210237665,0.01020408163265306,0.02035564833513056,0.01020408163265306,0.027456098403776788,0.01020408163265306,0.02150653411214952,0.01020408163265306,0.02680731611062548,0.028175746534333967,0.027005491552888623,0.028732905807900486,0.026974297142867698,0.0284071458004174,0.02703086023025164,0.023705855372375812,0.02759687019264581,0.024578903109135544,0.028562406820461406,0.023965200689801007,0.0277886115826617,0.02464529909734106,0.01020408163265306,0.022457705824685946,0.01020408163265306,0.027329953913984024,0.01020408163265306,0.022433224383215204,0.01020408163265306,0.01020408163265306,0.023706633807580944,0.01020408163265306,0.026934640618579718,0.01020408163265306,0.02087878275512107,0.01020408163265306,0.03187445405592457,0.0069053843240375595,0.024356881549624277,0.0016358171362794028,0.026745476425807185,0.006542435469104066,0.023374248001864627,0.008087481417869309,0.001503379801882087,0.005490128897095499,0.0004577587067112335,0.005479823140913827,0.0011294310174007943,0.005298800129484299,0.03536297317029421,0.009210783066000535,0.02856958685943685,0.0015215888903678753,0.026451295148346755,0.008081657426985689,0.026982078540123515,0.002224165907532056,0.0007422700921948207,0.002009558461289744,0.0001389131500588659,0.00204333940102262,0.0004916840206341983,0.0020602113032804157,0.0056218512573438136,0.0013691448046267785,0.0046764135023224475,0.0003235493081183256,0.005341001947096694,0.0011615048993976502,0.004565449694537806,0.03240239910656296,0.00697349293352354,0.023604101943645116,0.0016581928333328083,0.024327912644543058,0.007000004289190862,0.023259371242734705,0.0261550984267836,0.005581945777055589,0.028430876343386376,0.0020862841034897796,0.029772569371896714,0.008761459697481617,0.026848707538889693
vanilla_deficit,2,83000,76.31961518502794,76.81983341602609,0.3881301283836365,1.6165103912353516,17,0.554,0.5473775510204081,0.0287,0.0086,0.0237,0.0024,0.0239,0.0057,0.0184,0.0064,0.001,0.0042,0.0006,0.0057,0.0009,0.005,0.0357,0.0114,0.0285,0.0026,0.0269,0.0079,0.0237,0.0026,0.0008,0.0016,0.0,0.0023,0.0005,0.0016,0.0045,0.0013,0.0064,0.0006,0.005,0.001,0.0036,0.0297,0.0084,0.0227,0.0018,0.0261,0.0073,0.0226,0.0249,0.0062,0.0305,0.0022,0.0307,0.008,0.0292,0.0,0.0,0.01020408163265306,0.022672151520752318,0.01020408163265306,0.027287200416752914,0.01020408163265306,0.022677714509860974,0.01020408163265306,0.021965979253352697,0.0276525576247343,0.024292939607031806,0.02857375574564624,0.024428619573407744,0.027745583769144322,0.024139314050250216,0.01020408163265306,0.02046510880713058,0.01020408163265306,0.027105554520794425,0.01020408163265306,0.022243829019200148,0.01020408163265306,0.02671065897621213,0.02828611357195112,0.027131665540964328,0.02888775209295328,0.026524958550138533,0.028544114448871137,0.027183804591757316,0.023391761787495025,0.0276024672790652,0.023904978997865423,0.028723656957591118,0.0239247372611602,0.027764474669842297,0.024186027131949214,0.01020408163265306,0.022813935140855165,0.01020408163265306,0.027079186421424636,0.01020408163265306,0.022003266990342295,0.01020408163265306,0.01020408163265306,0.02344253651499394,0.01020408163265306,0.026966029830787774,0.01020408163265306,0.02041225870327218,0.01020408163265306,0.030544006562554824,0.006824636989288305,0.026085419234622126,0.001818721790052889,0.02636663657982232,0.006935837435176244,0.023603844165875392,0.007584640558372603,0.0014255135108903214,0.005119359209773127,0.00043409273150332294,0.004895211399958371,0.001325396011189991,0.005245633097006954,0.033140479927051235,0.009356171911833695,0.029057704971461186,0.0020142144985761494,0.027036775919571376,0.007402797887602954,0.02903782406012766,0.0024392128129438195,0.0007436617824552282,0.0019861130431131167,9.616053613187447e-05,0.0026390691272056488,0.00046599357550604575,0.0019299994480023192,0.006167358546172093,0.0015575472286956337,0.0055759564406629705,0.000272764594804207,0.0055156295108401525,0.0013050650627564814,0.005195359090998619,0.02976873632276402,0.0067501702460403675,0.023441715846086886,0.0020425926303099273,0.024104928329670504,0.007583572888294521,0.025162818616561434,0.02554219517056936,0.005995525776313852,0.028862604433857915,0.0022034376141592364,0.02893225112011253,0.009217738263373378,0.02761477445247538
vanilla_deficit,2,84000,77.22941703989636,77.73831204103772,0.4156336486339569,1.6447104215621948,17,0.5660000000000001,0.5389775510204081,0.0295,0.008,0.0266,0.0022,0.024,0.0063,0.0203,0.0061,0.0013,0.0049,0.0006,0.0063,0.0008,0.0051,0.0352,0.0109,0.0294,0.002,0.0258,0.0087,0.0247,0.0027,0.0006,0.0019,0.0001,0.0026,0.0006,0.0019,0.0051,0.0015,0.0061,0.0007,0.0057,0.0014,0.0044,0.0304,0.0088,0.023,0.0018,0.0253,0.0078,0.0226,0.0243,0.006,0.0304,0.0027,0.0299,0.009,0.03,0.0,0.0,0.01020408163265306,0.022120738272925308,0.01020408163265306,0.027826001994458137,0.01020408163265306,0.02175626739917326,0.01020408163265306,0.021574444628485484,0.02775450760437613,0.023941312635180775,0.028830255281537834,0.024628897508094133,0.027667789195357256,0.02406062988657598,0.01020408163265306,0.019189369206160076,0.01020408163265306,0.027312213344213236,0.01020408163265306,0.021203686545185254,0.01020408163265306,0.02679409913018855,0.0286177759435225,0.027240136242580273,0.029055480718128114,0.027384038604277752,0.028600024994857996,0.027286018933348415,0.02381473099798547,0.02761848628285392,0.024252641611847103,0.028777761843049907,0.02437687064622891,0.028032693522946496,0.024466136460716992,0.01020408163265306,0.021663971736329467,0.01020408163265306,0.027754363464228486,0.01020408163265306,0.02206139047586016,0.01020408163265306,0.01020408163265306,0.02354688723295273,0.01020408163265306,0.02746294065891651,0.01020408163265306,0.020062130875008386,0.01020408163265306,0.03228220282901475,0.007510305987077591,0.02475435992883743,0.0013752216130730544,0.024972132058083536,0.007977864767403017,0.022714095220092833,0.008094015727534619,0.001451612712079328,0.005682226506048462,0.0003021862015857064,0.004791298385965286,0.0015442705354613978,0.005437549619062534,0.03349770531162158,0.01060338440535579,0.027631600095978464,0.001924200065845905,0.028076075613454286,0.00852922983350367,0.0284480084613645,0.0024778003437798688,0.0005292184222746154,0.0020012137867911925,6.153489166384089e-05,0.0018474554353029185,0.0005481851478502871,0.0019521885532152003,0.005700290322526175,0.001596950244540954,0.005232386854561328,0.00035827495836944154,0.005177774272577212,0.0011543736136929356,0.005004269569853499,0.030454460758619663,0.008037419335260546,0.02428461262813257,0.0014517667245029142,0.023574540508763904,0.007729968563032262,0.02491631927520438,0.026256041419788288,0.005947416424867709,0.028625091225907177,0.0018412743147696203,0.030430148460255498,0.009709909079976774,0.027220320563364847
vanilla_deficit,2,85000,78.14629075326957,78.66358537506312,0.3965316414833069,1.6722018718719482,17,0.5657,0.535569387755102,0.0304,0.0086,0.0257,0.0018,0.0238,0.0079,0.0256,0.0062,0.0011,0.0049,0.0005,0.0062,0.0013,0.0034,0.0346,0.0123,0.0289,0.002,0.0255,0.0084,0.0233,0.0028,0.0006,0.0018,0.0001,0.0024,0.0004,0.0019,0.005,0.0017,0.006,0.0008,0.0056,0.0016,0.006,0.0299,0.0093,0.022,0.0013,0.0264,0.0083,0.0217,0.0237,0.0064,0.0299,0.0019,0.0291,0.0094,0.0273,0.0,0.0,0.01020408163265306,0.0218483047045338,0.01020408163265306,0.027433179782148258,0.01020408163265306,0.02207045013070552,0.01020408163265306,0.022242543172174313,0.027348644884277788,0.0244485836520814,0.028831805598374435,0.024172290721172825,0.027619651487360924,0.024509514414141932,0.01020408163265306,0.01963789201620101,0.01020408163265306,0.027417319041964115,0.01020408163265306,0.02126855613845765,0.01020408163265306,0.026890428219318967,0.028551157375447757,0.027549302820815497,0.029047435649307285,0.027214657943364626,0.028660210704485004,0.02718281914390299,0.024091801471615035,0.027631288630684064,0.02439666414400285,0.028910137513861192,0.024555470532350333,0.02808040399976658,0.02494102962714058,0.01020408163265306,0.020955285236348146,0.01020408163265306,0.02782350662850582,0.01020408163265306,0.021736850725377184,0.01020408163265306,0.01020408163265306,0.023189887216403384,0.01020408163265306,0.02728487176538931,0.01020408163265306,0.01919274878587046,0.01020408163265306,0.03155033180729962,0.007785573819473738,0.02546647483767873,0.0018293314528644309,0.026825755911229484,0.0075877192925887455,0.022719376094619142,0.00752137039287524,0.0019194875142186545,0.005051451348074013,0.00033770375737115783,0.005346116427919496,0.0017085852775335065,0.004986468983854373,0.034265565562312784,0.010182030803499009,0.029301020296741635,0.0018853093558658784,0.02751128506791983,0.008481997872407745,0.026850052629787246,0.002447235880058995,0.0006370137351734728,0.0017054867915180154,0.00010773534679231657,0.0020623839412556976,0.0005988338850909715,0.0020963398675064933,0.0054710203248370965,0.0016571118202382544,0.005067760753331218,0.0002541631468479227,0.004937457005166626,0.0011781324426069022,0.004565322587902339,0.029040989428928722,0.00889422478040737,0.025064772462150813,0.0014521122515209915,0.025854801713676934,0.007904438951344043,0.023956454953564632,0.02394061393153213,0.006393845033285656,0.028107472348315222,0.0019875012383029937,0.02970909816101038,0.010656773914286127,0.027440423372141542
vanilla_deficit,2,86000,79.04838740208652,79.57501775003038,0.39643001556396484,1.6858433485031128,19,0.5735,0.5287693877551021,0.0295,0.0093,0.0249,0.0021,0.0241,0.0071,0.0211,0.0055,0.0016,0.0044,0.0003,0.0066,0.0011,0.0055,0.0351,0.0137,0.0287,0.0023,0.0268,0.0095,0.0236,0.0021,0.0008,0.0023,0.0001,0.0019,0.0004,0.0018,0.0048,0.0014,0.0057,0.0006,0.0052,0.001,0.0048,0.0298,0.0113,0.0233,0.0024,0.027,0.0095,0.0228,0.0239,0.0073,0.0308,0.0019,0.0285,0.0104,0.0289,0.0,0.0,0.01020408163265306,0.02146889005644459,0.01020408163265306,0.027781543170953542,0.01020408163265306,0.02183370779528919,0.01020408163265306,0.02252378074348666,0.027442601364582833,0.023721933410867167,0.029107311264245726,0.024100915815774022,0.0283205823350755,0.0240965944548217,0.01020408163265306,0.017534686018765618,0.01020408163265306,0.027765402130302368,0.01020408163265306,0.021377083493111074,0.01020408163265306,0.027266115171542926,0.028824731412250684,0.027583181892022066,0.02933985387286553,0.027534080495866822,0.028763548119727506,0.02756114911435535,0.024251006876312327,0.027753899248026043,0.02424958772473551,0.0290015195478115,0.02456355734390247,0.02793173074270868,0.024583846050382482,0.01020408163265306,0.02060374518994153,0.01020408163265306,0.02809260092713934,0.01020408163265306,0.021338877938566158,0.01020408163265306,0.01020408163265306,0.02341602466335145,0.01020408163265306,0.02724016347356989,0.01020408163265306,0.01976044201875269,0.01020408163265306,0.02892936218629076,0.008413049506296916,0.026125346578055583,0.0017445548066086928,0.02663974670290333,0.00810804962662388,0.020987082996297392,0.0072661602081231765,0.002139567757903094,0.006086007313046322,0.0003522575383191174,0.005688006961588674,0.0011784657903581718,0.005731607675383118,0.03233690180907464,0.012544678229501553,0.02739466252685955,0.0017615058306374636,0.028169644881615545,0.00850946307062014,0.02641683802566693,0.002324910311931607,0.0006490177017270146,0.001952870173517928,0.00010804556762801044,0.002004435556696208,0.0007132712702628608,0.0019760085914006663,0.005491321590258859,0.0018126484460451388,0.005570936957144055,0.00046335805321631577,0.0051630868375671015,0.0015868305809739734,0.005258967511167993,0.03067080807839164,0.009360671233511239,0.024505654551583933,0.0014569501719800962,0.025131765932484208,0.008549585841333595,0.024265587716277116,0.02344440631972322,0.006368204553469227,0.027622143930806316,0.002313101807843971,0.03085215575812908,0.010207230214015064,0.027818541698834263
vanilla_deficit,2,87000,79.97645234910306,80.51134591607843,0.39379674196243286,1.4834446907043457,22,0.5797,0.521369387755102,0.0282,0.0103,0.0252,0.0019,0.0242,0.0083,0.0227,0.005,0.0026,0.0046,0.0004,0.0066,0.0009,0.005,0.0335,0.0145,0.0294,0.0021,0.027,0.0109,0.0238,0.002,0.0015,0.0018,0.0001,0.0016,0.0006,0.0017,0.0043,0.0016,0.0056,0.0006,0.0057,0.0015,0.005,0.0284,0.0116,0.0239,0.0024,0.0269,0.0105,0.0227,0.0228,0.0081,0.0309,0.0018,0.0295,0.011,0.0285,0.0,0.0,0.01020408163265306,0.018940026951355805,0.01020408163265306,0.027803950705996512,0.01020408163265306,0.0214552917730882,0.01020408163265306,0.022872690370113587,0.027285617791305054,0.024515188998010827,0.029448874922976792,0.024962494783348936,0.028252053569377072,0.02438808593433571,0.01020408163265306,0.0163659820512228,0.01020408163265306,0.028008922867987916,0.01020408163265306,0.02032755701247469,0.01020408163265306,0.02755394518502112,0.029014316052696006,0.02828756790077834,0.029548237723279393,0.02787366066463272,0.02890773709339861,0.027918629038242306,0.024296508585931208,0.02774118536221113,0.02503549866646463,0.02943372158661184,0.02490358780307245,0.028308088163496788,0.0251233333524385,0.01020408163265306,0.019201952861648424,0.01020408163265306,0.0282144149304078,0.01020408163265306,0.02098574755675597,0.01020408163265306,0.01020408163265306,0.022940266112478354,0.01020408163265306,0.02785849172925728,0.01020408163265306,0.018961065777134165,0.01020408163265306,0.02765436901592519,0.011300566605126282,0.023559774420035724,0.0019518293001710894,0.026297088734959423,0.008574879688570475,0.0214002866396512,0.007144004160008847,0.0024893755234841036,0.005401559703745198,0.00024593184428559035,0.004976735908355889,0.001487116381043905,0.005494311661043831,0.03323367588215753,0.013891899931013743,0.02739376033528087,0.001739259331257636,0.028621533579372454,0.009705354264616385,0.02856932699358984,0.0022892269023899133,0.0006965987282623839,0.0014893481219368887,0.00014288591274897898,0.0019185978671984846,0.0008071283038133624,0.001871962628113289,0.0056674085533944514,0.0020559836987375855,0.004822900953337142,0.0002616468770429094,0.004959701423499515,0.0014680672242492314,0.004809935454580675,0.03042448349553957,0.01095080675448317,0.02490946008564885,0.0015261501905032475,0.026648333642512533,0.00906182873813663,0.02195882933844378,0.022123202738149415,0.007034861053382935,0.02592031958166313,0.0019343290771827054,0.02914577846196808,0.011200622922539183,0.026687788613891865
vanilla_deficit,2,88000,80.92442561348435,81.46823304099962,0.3964214324951172,1.6882433891296387,22,0.5736000000000001,0.511477551020408,0.0265,0.0161,0.0245,0.002,0.0238,0.008,0.0177,0.0047,0.003,0.0044,0.0004,0.0063,0.0008,0.0052,0.0316,0.0187,0.0283,0.0019,0.0268,0.0112,0.0239,0.0021,0.0011,0.0022,0.0001,0.0017,0.0006,0.0016,0.0044,0.0021,0.0053,0.0003,0.005,0.0017,0.005,0.0274,0.0147,0.0214,0.0018,0.0262,0.0101,0.0217,0.0234,0.009,0.0293,0.002,0.0288,0.0112,0.0276,0.0,0.0,0.01020408163265306,0.016378072561172283,0.01020408163265306,0.0285174454689077,0.01020408163265306,0.02077648906375739,0.010369488193475582,0.023799799534967102,0.027422492069795204,0.024991685387914395,0.029704154017638727,0.024568018046435627,0.028581218201092107,0.024800020073158725,0.01020408163265306,0.013266174689344967,0.01020408163265306,0.028201262611878282,0.01020408163265306,0.020461535568916313,0.01020408163265306,0.02824364800054536,0.029249650092723838,0.028007598120199012,0.02999325114454192,0.028211703662234078,0.02949351170960305,0.02815990387469442,0.02510474483879786,0.027499618675106613,0.025643738316243066,0.02970821423429304,0.024830092921792002,0.028675441662201588,0.02566201402895279,0.01020408163265306,0.018095351214398828,0.01020408163265306,0.028678696614320327,0.01020408163265306,0.021560005419641173,0.01020408163265306,0.01020408163265306,0.02108399871246724,0.01020408163265306,0.028055864002141148,0.01020408163265306,0.019143872776852252,0.01020408163265306,0.02536711488899495,0.014074417929570156,0.024390694672673126,0.0015977936582775602,0.027022942213620615,0.009518141457440146,0.02030911406382613,0.006361899087382857,0.002751658990903239,0.005226531598927103,0.0003505098287682413,0.0056188167277434,0.0014938023471143883,0.005382608943215361,0.02955807233006311,0.01716460362221405,0.028076535695155298,0.00195877081229825,0.027942244806143452,0.00995599196326193,0.02761256536882256,0.001837492056726281,0.0008132530499366414,0.002077821074805361,5.617191791573224e-05,0.001870015485453596,0.0006040331833208763,0.001922754305138002,0.005033297594103565,0.0025950092261583183,0.0044845331846686915,0.00034637600806777027,0.0053129284307331165,0.0013978707929224144,0.004544051167864533,0.0272626109274014,0.012286945763390508,0.0221341802433232,0.0014726818346800145,0.023480694867185674,0.008759483932409159,0.023214744542989663,0.023643171812624424,0.00916599474059646,0.026710562093295365,0.0020677427237409418,0.029710494631830012,0.011180353988775158,0.02684667618205227
vanilla_deficit,2,89000,81.8494338975288,82.40181791607756,0.40095868706703186,1.7854973077774048,23,0.5821000000000001,0.49376938775510204,0.0261,0.0198,0.024,0.0018,0.0244,0.0081,0.0203,0.0048,0.004,0.005,0.0004,0.0054,0.001,0.0048,0.028,0.0236,0.0269,0.0017,0.0265,0.0111,0.0231,0.0017,0.0014,0.0015,0.0001,0.0017,0.0004,0.0018,0.0043,0.0036,0.0063,0.0004,0.0056,0.0018,0.004,0.0255,0.0184,0.0215,0.0016,0.0258,0.0114,0.0217,0.0208,0.0122,0.0285,0.002,0.0289,0.0113,0.0271,0.0,0.0,0.01020408163265306,0.01095629698696426,0.01020408163265306,0.029103169197118722,0.01020408163265306,0.02154520316936981,0.01063843867709157,0.024611232325252454,0.026516482585896624,0.025871279868342617,0.03042587894431264,0.02548821148819551,0.028681680537288638,0.02607601493289119,0.01020408163265306,0.01020408163265306,0.01020408163265306,0.028828535879609485,0.01020408163265306,0.01983445607411663,0.01020408163265306,0.02901646516910445,0.029327954963691262,0.029084344282327805,0.030681763638856288,0.0287588248473813,0.02994367405126435,0.028528457419530737,0.026716210170561222,0.02727205231941769,0.025926567756383315,0.03037833297110728,0.02548304841509301,0.028962377568688052,0.025569223990987905,0.01020408163265306,0.015008203951632298,0.01020408163265306,0.029188672801706825,0.01020408163265306,0.02177433732371644,0.01020408163265306,0.01020408163265306,0.019097581882246237,0.01020408163265306,0.028923887254493227,0.01020408163265306,0.018515832432911133,0.01020408163265306,0.02265487705792435,0.019619918007909264,0.024843237710585747,0.0016015074525901087,0.027681002924920862,0.00911901931198265,0.02004997684458024,0.006022968995959317,0.004147610771160305,0.004899878212111731,0.0002995500905251083,0.005315999018943517,0.0020554457519533944,0.004620230296651736,0.02581659517992272,0.02138755882296208,0.02862070500023815,0.0019108944666099404,0.02817459897052261,0.010920113489181763,0.027014291147593288,0.0016868511554193582,0.0014193109165110158,0.0016200370177152448,4.76800467701336e-05,0.0019404492817988372,0.0007741895281340479,0.0022062649068183716,0.00399007927174872,0.00352108289505593,0.0047673327521277255,0.0003463501008694675,0.005203893587062345,0.0017400901594472257,0.0051971950453105955,0.025167097689499235,0.01563158261214795,0.021232067569999624,0.0015173453393882192,0.024241334003030652,0.008971605111273642,0.022887645639893282,0.02105105885469039,0.011645426643527718,0.025783470630119914,0.001817039087698372,0.029590897333141245,0.012139923853385866,0.02497680506398762
vanilla_deficit,2,90000,82.74217347824015,83.30306912504602,0.4329003691673279,1.8294559717178345,24,0.5828,0.48656938775510206,0.0228,0.0206,0.0244,0.0016,0.0235,0.0102,0.0234,0.0044,0.0046,0.0049,0.0005,0.0063,0.0013,0.0035,0.0264,0.0253,0.0269,0.0013,0.0265,0.0107,0.0226,0.0017,0.0015,0.0015,0.0001,0.0019,0.0005,0.0017,0.0046,0.0039,0.0062,0.0004,0.005,0.0019,0.0048,0.0238,0.0202,0.0213,0.0019,0.0264,0.0117,0.0204,0.02,0.0142,0.0283,0.0018,0.0279,0.0117,0.0258,0.0,0.0,0.01020408163265306,0.010233423098075668,0.01020408163265306,0.029620602733147837,0.01020408163265306,0.020273990675351208,0.01124059584306877,0.025540276141337165,0.02644454224237837,0.026076574154990817,0.030892780333141835,0.025940901022224752,0.029376227312498462,0.025925266922923414,0.01020408163265306,0.01020408163265306,0.01020408163265306,0.028747053299691065,0.01020408163265306,0.019154193447107636,0.01020408163265306,0.029393642400260357,0.029767251924211667,0.029040848100751894,0.031050536864535537,0.029093392078760404,0.030289772467669313,0.029425880753931842,0.025812390581286433,0.0277554144255081,0.026377183639100958,0.030793428665107175,0.026506404907591756,0.02932220928625849,0.026862290192933222,0.01020408163265306,0.012622708652606321,0.01020408163265306,0.029714230196200314,0.01020408163265306,0.020566671986103006,0.01020408163265306,0.01020408163265306,0.01606707506638695,0.01020408163265306,0.02928823396474383,0.01020408163265306,0.01751870049766644,0.01020408163265306,0.02256622783459179,0.020527277793117454,0.024359278787798744,0.0014328436524087198,0.0267550655265823,0.01054695807285392,0.01955357713965695,0.005533815834903386,0.004620539355362034,0.004859090996361452,0.000202945239658823,0.005107442706957974,0.0017081600700796294,0.00500536972706553,0.02492792087486906,0.02505724488099203,0.028015929439157684,0.0022773617933287684,0.02893260720858948,0.011746727779634644,0.02533671257481316,0.0016522612503736714,0.001330130658703037,0.001993330884829365,5.043154380145431e-05,0.001981595638388508,0.0007859129138450819,0.0016210942969464004,0.005192619768582524,0.00331416982420785,0.004685659382044099,0.00029899508271568915,0.004443545116307061,0.0017213203766537567,0.00413854972095929,0.0251491818543098,0.01794395957273897,0.021949072010655685,0.0013813902777395075,0.024369606724102693,0.010342128649244439,0.020849763381064333,0.02138037456490196,0.014692187249238034,0.02575721301667178,0.001754166572030676,0.0288265021700162,0.013327867223208292,0.026897161380906885
vanilla_deficit,2,91000,83.6674177562818,84.23703416599892,0.41524988412857056,1.6455985307693481,24,0.5885,0.48005306122448976,0.0244,0.0226,0.0247,0.0019,0.024,0.0116,0.0208,0.004,0.0052,0.0053,0.0002,0.0062,0.0013,0.0037,0.0269,0.0275,0.0262,0.0011,0.026,0.0129,0.0216,0.0016,0.0014,0.0012,0.0001,0.0014,0.0007,0.0016,0.004,0.0037,0.0057,0.0007,0.0048,0.0023,0.0045,0.0243,0.0212,0.0206,0.0022,0.0253,0.0137,0.0205,0.0194,0.0156,0.0276,0.0014,0.027,0.0132,0.0247,0.0,0.0,0.01020408163265306,0.01020408163265306,0.01020408163265306,0.03003348082262989,0.01020408163265306,0.020878692131802247,0.01020408163265306,0.025141323078473055,0.026658329824554378,0.026269213498164086,0.03139994152994378,0.026533167052898737,0.02942064206340262,0.027149328347771964,0.01020408163265306,0.01020408163265306,0.01020408163265306,0.029926577133234322,0.01020408163265306,0.017357273494512108,0.01020408163265306,0.03001603821951332,0.03001519108196267,0.02976048581910805,0.03170336214127369,0.02987453617397389,0.030890518366180647,0.030134060038401918,0.026979394019526724,0.027382130850207333,0.026989061165546786,0.031550268485245905,0.026338507368803672,0.029954324851363574,0.02755053845826424,0.01020408163265306,0.01020408163265306,0.01020408163265306,0.02981234763336424,0.01020408163265306,0.019044398590407383,0.01020408163265306,0.010448009747035207,0.0134926094924977,0.01020408163265306,0.029635788373171136,0.01020408163265306,0.01398699075900961,0.01020408163265306,0.02181887580148583,0.0225906194542387,0.023820571705955997,0.0016413293831722578,0.025303476383797475,0.010328523101519046,0.020395757964851224,0.006220989679489502,0.004839947610585943,0.005165145766887728,0.00036215439024865246,0.004996177832050562,0.0022150217047311087,0.004341250209193873,0.024947607537782832,0.026292906224236523,0.028019370528527453,0.0017414043618336572,0.027576814537361907,0.013664065797639277,0.024394204628675475,0.0016967203012517404,0.001697513326008735,0.001896886224162351,7.811544476460505e-05,0.0017901210891697525,0.0008390370173260003,0.001586237388326696,0.004578454604574281,0.004201443483962818,0.004530342468989724,0.00022142990329078723,0.005139340696228285,0.0017544915908641698,0.004004730786125854,0.02432105045327253,0.020726566806965534,0.020983906501102847,0.0018873996985452359,0.023470698368653873,0.012006584566573249,0.021500286528897274,0.02040542246866298,0.017320928298011566,0.024784478466107405,0.0021308058436226313,0.027058846836205158,0.016897189233570628,0.024391912684863563
vanilla_deficit,2,92000,84.59165984857827,85.17051162500866,0.3693293631076813,1.9611482620239258,24,0.5954,0.4768612244897959,0.0228,0.0234,0.0237,0.0019,0.0235,0.0113,0.0209,0.0038,0.0057,0.0051,0.0002,0.0056,0.0014,0.004,0.0273,0.0292,0.0254,0.0012,0.0262,0.0147,0.0208,0.0016,0.0016,0.0008,0.0001,0.0016,0.0007,0.0014,0.0044,0.0034,0.0057,0.0004,0.0041,0.0022,0.0037,0.0248,0.023,0.0212,0.0021,0.0253,0.0131,0.0187,0.0203,0.0178,0.0281,0.0018,0.0288,0.0158,0.0248,0.0,0.0,0.01020408163265306,0.01020408163265306,0.01020408163265306,0.030365634599437315,0.01020408163265306,0.01978426907231795,0.011531600394365623,0.025518800110685705,0.025680009189645827,0.027213359557990563,0.03168631049952836,0.026453198719380046,0.030091108903348887,0.027350294664254628,0.01020408163265306,0.01020408163265306,0.01020408163265306,0.029790839042448232,0.01020408163265306,0.01731062238816715,0.01020408163265306,0.030221877440754642,0.030306661537763187,0.030081951952251426,0.03185065168747632,0.029563483834555072,0.03097202112734164,0.030205746366819712,0.026696398321341706,0.027524845172283985,0.027093157864298223,0.031742804106366464,0.026692717383249305,0.029444281707440727,0.02732149128785305,0.01020408163265306,0.01020408163265306,0.01020408163265306,0.030168007562358913,0.01020408163265306,0.01707822856592399,0.010337457422165642,0.010680013966646335,0.012214907224957359,0.01020408163265306,0.029801747503286062,0.01020408163265306,0.013960194700846945,0.01020408163265306,0.02044246218230992,0.024644327512402975,0.02369281255461833,0.0015168534524778827,0.02538613426816312,0.011540264362380624,0.01904919138545602,0.005979588590020559,0.0059079806761986875,0.004405661579668381,0.0002511314367078768,0.005189833026137966,0.0017327736907916805,0.004317537120982899,0.024780383748921185,0.02816314017195017,0.026093490452979227,0.0020116679162010555,0.028131068840836635,0.01364250438344754,0.024292768622709612,0.0016113143147547253,0.0016106908349995284,0.0017412787761031973,9.848938272974235e-05,0.0022619006429029915,0.0009926969184686288,0.0016653595484750188,0.004963946337392312,0.004116350028838877,0.004556368845329065,0.0001986595013879718,0.004889240236561817,0.002333554499213241,0.004305227540262236,0.023651015591577583,0.020961014643933525,0.022481273959212737,0.0016613492998278601,0.024564733521548116,0.013936479535207776,0.020119263109786158,0.019918280008696543,0.018531715357577444,0.02481431771514902,0.0020015360077682534,0.027453266244530938,0.01694973404970105,0.023822073301383015
vanilla_deficit,2,93000,85.49502889509313,86.08297879109159,0.4208642840385437,1.7518242597579956,24,0.6048,0.467869387755102,0.024,0.024,0.0244,0.0016,0.0236,0.0116,0.0188,0.004,0.006,0.0053,0.0001,0.0054,0.0019,0.0049,0.0257,0.028,0.0264,0.0014,0.0257,0.0155,0.0216,0.0019,0.0018,0.0012,0.0002,0.0013,0.0006,0.0018,0.0044,0.004,0.0061,0.0003,0.0043,0.0024,0.0051,0.0239,0.022,0.0218,0.0017,0.0248,0.0147,0.0191,0.0202,0.0197,0.0291,0.0016,0.0285,0.0167,0.0257,0.0,0.0,0.01020408163265306,0.01020408163265306,0.01020408163265306,0.030592894063116556,0.01020408163265306,0.017668718729328774,0.01020408163265306,0.025798793932285576,0.02592569715415203,0.02664423885918841,0.03201076019139116,0.026941660137250405,0.029845757051538337,0.02784160613150736,0.01020408163265306,0.01020408163265306,0.01020408163265306,0.03041802171610026,0.01020408163265306,0.0172385636531831,0.01020408163265306,0.030786679392616825,0.030165607812448265,0.03043250352385505,0.03235837720110918,0.03024127787212763,0.03142176921695629,0.030284645006473286,0.02747649654058877,0.02769581588628759,0.0275762962868117,0.03213275107994406,0.027117992809997396,0.02980314470366236,0.027951127494667806,0.01020408163265306,0.01020408163265306,0.01020408163265306,0.030787538865523503,0.01020408163265306,0.015807513062820584,0.010900222399390194,0.01020408163265306,0.01020408163265306,0.01020408163265306,0.030569983294404857,0.01020408163265306,0.011685994910864495,0.01020408163265306,0.020623065460326138,0.02380507316642635,0.023900278889409356,0.0017237334295686557,0.02454684781612999,0.013462921860547216,0.020675508968629644,0.006078273919720747,0.00611925615249277,0.0052712833277069665,0.0004358680749256005,0.0050401943993659696,0.002363304725238803,0.004222762313260829,0.025004403310842145,0.027321847604611624,0.02599095031852258,0.0018825721469315287,0.026141166077455525,0.013853637040665098,0.02366373440718045,0.0015477158161109,0.002072780319995142,0.0018694181416921973,8.106074219922794e-05,0.002043110768145214,0.0009317933675285548,0.0019646573632211414,0.004515333374014654,0.004355185397583985,0.004424684029200218,0.00028599974085113933,0.004919091750066008,0.0024020100482697202,0.004084220203447972,0.022686910310462313,0.02229905477894379,0.021359544325797526,0.001507872646231215,0.022896843866313618,0.015192540505419726,0.019884268357403024,0.021659075849480416,0.020470020990197065,0.02583675223894833,0.0017836060643787314,0.027981235676952487,0.019287728958947474,0.025489166768787975
vanilla_deficit,2,94000,86.41417975421064,87.01194475009106,0.3953116238117218,1.360586166381836,24,0.5950000000000001,0.46326122448979584,0.0244,0.0245,0.0247,0.0011,0.0226,0.0154,0.0211,0.0053,0.006,0.0055,0.0,0.0047,0.0022,0.0031,0.0232,0.0263,0.0254,0.0016,0.0238,0.0147,0.0206,0.0021,0.0017,0.0012,0.0002,0.0018,0.0007,0.0017,0.0043,0.0044,0.0058,0.0004,0.0054,0.0031,0.0048,0.0227,0.0216,0.0219,0.0018,0.0244,0.0168,0.018,0.0197,0.0181,0.0285,0.0019,0.0267,0.0163,0.0228,0.0,0.0,0.01020408163265306,0.01020408163265306,0.01020408163265306,0.03109009249471171,0.01020408163265306,0.016411575962708362,0.010252008352617293,0.02596853953237275,0.026815012351478977,0.026513657437781786,0.0322048090138687,0.027030722279143694,0.030460805197323783,0.02813737754698554,0.01020408163265306,0.01020408163265306,0.01020408163265306,0.030937083404535305,0.01020408163265306,0.014652946918152165,0.01020408163265306,0.030719413888794518,0.03101004961392878,0.030743855759165578,0.03262337798390305,0.030838091834840188,0.03155263730163379,0.0304845499397889,0.027687969020302745,0.02814330422862283,0.02722350581669053,0.032433103995006346,0.027320413032272096,0.029336078674917047,0.028237169081199054,0.01020408163265306,0.01020408163265306,0.01020408163265306,0.03118363391937711,0.01020408163265306,0.013653249950869216,0.01020408163265306,0.01020408163265306,0.01163673088950161,0.01020408163265306,0.03049830305649194,0.01020408163265306,0.010526462133259444,0.01020408163265306,0.02349135672705293,0.025432383062937193,0.02452040175337348,0.0014971439789538137,0.024423711277980712,0.01478886609843308,0.020317315553338083,0.0060548727596475066,0.005334193262869501,0.005565608418741444,0.0004575804173840154,0.005218710284598122,0.002061953594895585,0.0041863820069411185,0.025121097086480634,0.02690803411970104,0.026787182459750487,0.0015954130377137852,0.025686177585827332,0.016406365982061872,0.02154804762928002,0.0018298423218489454,0.0015689855510648883,0.0017688423006650955,8.189862594859892e-05,0.001684261788821665,0.0010429296781182815,0.0020015792728899167,0.004511618489701497,0.004102937581627334,0.004928492125543518,0.0002526768683166619,0.004841514162629272,0.003071439020387132,0.004018690256829796,0.023962518647319,0.021793166296193912,0.02305807845902088,0.001374124443178237,0.023191290038029364,0.01710832006044819,0.020710098736061108,0.021298522781302894,0.019113536178903393,0.023801921539351355,0.001989235320302141,0.027562468526376054,0.020305357701742792,0.02121842237356066
vanilla_deficit,2,95000,87.32563805941027,87.93236866605002,0.3865913450717926,1.686691164970398,24,0.6125,0.457969387755102,0.0248,0.0244,0.0242,0.0014,0.0215,0.0159,0.0188,0.0043,0.0053,0.0052,0.0001,0.0051,0.0026,0.0045,0.0283,0.029,0.0254,0.0019,0.0235,0.0167,0.0212,0.0017,0.0017,0.0016,0.0,0.0016,0.0009,0.0021,0.0044,0.0039,0.0053,0.0005,0.0045,0.003,0.0047,0.0245,0.0238,0.0227,0.0017,0.0242,0.0179,0.0188,0.0189,0.0199,0.0288,0.0017,0.0275,0.0189,0.0232,0.0,0.0,0.01020408163265306,0.01020408163265306,0.01020408163265306,0.031169631564027765,0.01020408163265306,0.01488910165994402,0.010843462109290432,0.025671669862872934,0.026632851035581974,0.027101889469013665,0.03261699578539369,0.02750819195900711,0.029860189586000292,0.028515608724179173,0.01020408163265306,0.01020408163265306,0.01020408163265306,0.03084238888920044,0.01020408163265306,0.01328593353969683,0.01020408163265306,0.030771653736069784,0.03133563070007359,0.030823096872797426,0.03294272156631224,0.031002655826926795,0.031726011870795184,0.03146428492598856,0.027508516553627245,0.027934208026095482,0.027453673672152838,0.03290668263570798,0.027914484849088907,0.029344079372496383,0.028368172936394133,0.01020408163265306,0.01020408163265306,0.01020408163265306,0.03123935439619814,0.01020408163265306,0.012407468351596203,0.010624738113902783,0.010330522215699304,0.010227711694591655,0.01020408163265306,0.0312670297441749,0.01020408163265306,0.01020408163265306,0.01020408163265306,0.024109956466491514,0.02412637935404898,0.024975811246929533,0.0016635829481791379,0.024163748351969543,0.01613036627871723,0.019793715983422472,0.006496785480618599,0.005684054230100888,0.005268394812611789,0.0003418738114293899,0.004908331661540303,0.002863066111024343,0.0039765016697241775,0.025367594215319016,0.026980156077346853,0.025209193593356407,0.0019145212027038992,0.024013510895477964,0.017629210519406264,0.022703380142010947,0.0019772063271001525,0.0014774128781498027,0.001931617687189396,5.3217320388328364e-05,0.0018115559769785157,0.0011314591173169348,0.0013634001730286644,0.005025231507478056,0.004608923441093157,0.004917582983481399,8.515483304011785e-05,0.004509214517860538,0.0032423152949172156,0.004185283497181585,0.02417812522842571,0.022854668682695336,0.02315565025365252,0.0015627324373468675,0.022605663575804305,0.01856395179505466,0.020182860549269502,0.02048265564631606,0.020339390794801532,0.025134151847956497,0.0015382066880715688,0.02659314392114205,0.020504823198346976,0.020913923324867578
vanilla_deficit,2,96000,88.25520597305149,88.87167220807169,0.4192981421947479,1.5248440504074097,24,0.6195999999999999,0.45097755102040815,0.0245,0.0241,0.0237,0.0016,0.021,0.0176,0.0204,0.0043,0.0055,0.0055,0.0001,0.0059,0.0027,0.0039,0.0285,0.0303,0.0262,0.0022,0.0238,0.0185,0.0202,0.0017,0.0018,0.0016,0.0,0.0015,0.001,0.0017,0.0041,0.0042,0.0057,0.0004,0.0048,0.0036,0.0048,0.0254,0.0257,0.0229,0.002,0.0241,0.0183,0.0188,0.0186,0.02,0.0282,0.0015,0.0261,0.0184,0.0222,0.0,0.0,0.01020408163265306,0.01020408163265306,0.01020408163265306,0.03135797552404893,0.01020408163265306,0.013272192864649719,0.010770289249501588,0.025209639123809975,0.027310158674338163,0.027414696979274636,0.03265659282327593,0.027666902674523194,0.02945838971916756,0.02838511366305304,0.01020408163265306,0.01020408163265306,0.01020408163265306,0.030972079441164313,0.01020408163265306,0.011794470962214572,0.01020408163265306,0.03089815855241855,0.03075343437080378,0.031174162374109957,0.03297925293298036,0.031173443287569103,0.03186795543783136,0.03133983788476198,0.027472086289057937,0.0269809775578585,0.02830837457050661,0.032541533673757,0.028147240112196777,0.02916160524924285,0.028464777889001626,0.01020408163265306,0.01020408163265306,0.01020408163265306,0.03167115191345457,0.01020408163265306,0.012749092812415725,0.011709200985202874,0.011484963572508253,0.01020408163265306,0.01020408163265306,0.03118077944754547,0.01020408163265306,0.01020408163265306,0.01020408163265306,0.02323908622994929,0.025570059231409724,0.02300536303755797,0.001533086872146478,0.023175180029808846,0.017613271776168213,0.020055894086547472,0.006998836170522894,0.00514486121330685,0.005091655398368624,0.0003868923741381292,0.0048299893796627325,0.0032487748100994765,0.0041960770762057694,0.027682192669605768,0.028095468556151686,0.025368945596247562,0.0018736891167558931,0.02456411433586214,0.019073798806179914,0.021918524339355407,0.0019389336780432824,0.0021447961267853856,0.0017343877939255926,0.00010210389743284396,0.0016959599790150378,0.0011220274065603646,0.0015881581396024048,0.005001939552569771,0.00547446780569021,0.004224746559840384,0.0004884466690043822,0.00440603065943268,0.0035497872523376685,0.004086700791286441,0.025310644673853442,0.024308745992501997,0.02173288958225873,0.0012566689816282076,0.022376655089041055,0.01827028642824595,0.019149060377509883,0.019151665839045734,0.02269351913341762,0.02453876813334093,0.0016894848872336327,0.02664050955419317,0.021245295398651227,0.021634643685960186
vanilla_deficit,2,97000,89.18711813143454,89.81281479110476,0.3831390142440796,1.580918788909912,24,0.6224,0.44826938775510206,0.0252,0.0252,0.0238,0.0021,0.0215,0.0186,0.0202,0.0044,0.0054,0.0054,0.0,0.0046,0.0028,0.0041,0.0293,0.0294,0.0258,0.0018,0.0241,0.0191,0.0203,0.0016,0.0015,0.0015,0.0001,0.0019,0.0011,0.0016,0.0051,0.0044,0.0061,0.0004,0.0042,0.0036,0.0042,0.0261,0.0252,0.0224,0.0015,0.0238,0.0196,0.0186,0.0188,0.0194,0.027,0.0012,0.0264,0.0207,0.0213,0.0,0.0,0.01020408163265306,0.01020408163265306,0.01020408163265306,0.031175260199724594,0.01020408163265306,0.01200522473519801,0.012699128163746538,0.02644730614138928,0.026549252328292645,0.02753282733316889,0.03304135052051232,0.028616126155232742,0.028966393023073113,0.028543838881933174,0.01020408163265306,0.01020408163265306,0.01020408163265306,0.03151814553618776,0.01020408163265306,0.010762304911661308,0.01020408163265306,0.030866860892569417,0.031083804468333975,0.03140839341048781,0.033123185285052044,0.031153267657825404,0.031627716485686616,0.03151072202560436,0.028243866538265147,0.027660874489896348,0.028441637227583735,0.03300082874855705,0.02805013123862818,0.028884845161849908,0.028817393834656695,0.01020408163265306,0.01020408163265306,0.01020408163265306,0.03163240249127236,0.01020408163265306,0.01020408163265306,0.01020408163265306,0.011061661307453879,0.01020408163265306,0.01020408163265306,0.03149361815309547,0.01020408163265306,0.01020408163265306,0.01020408163265306,0.024039834907257657,0.026122595569970358,0.025344063075786318,0.0018348261890642136,0.023910982629558,0.01866547134543753,0.018135786474789427,0.006093363949630029,0.00588687886710559,0.005064399873158746,0.00020026427478144049,0.00411550743391953,0.0038477611607164635,0.0042178884252629355,0.026142877452728735,0.02857666394267374,0.025541414284833707,0.0015344831104333063,0.02385198442334674,0.01979324288777507,0.022133602486718137,0.0021049619677301944,0.001914934881397431,0.0016306181381338866,0.00012858286263817646,0.0019322150858789762,0.001438506780152018,0.0015409855757934964,0.004402517785454312,0.004913177204228364,0.004268347279034156,0.00023575845445724406,0.0045722160785707355,0.0038410662660344104,0.003900148813791967,0.024943353718991947,0.024047845386777476,0.023066027536049426,0.0014734646737590478,0.0219332723109269,0.020905205470531808,0.020566489091518182,0.01957009055395452,0.021114782597061434,0.023109521255430504,0.0015559673471891946,0.02516570388481992,0.024072903421084202,0.021601744301110032
vanilla_deficit,2,98000,90.0966118805809,90.73280058300588,0.42830100655555725,1.7535755634307861,24,0.6237,0.442469387755102,0.0254,0.025,0.0241,0.0017,0.021,0.0188,0.0213,0.0051,0.0059,0.0049,0.0,0.0047,0.0027,0.0035,0.0293,0.0284,0.0261,0.0018,0.0231,0.0191,0.02,0.0021,0.0019,0.0016,0.0,0.0016,0.0014,0.0019,0.0048,0.0046,0.0065,0.0007,0.0042,0.0042,0.0051,0.0246,0.024,0.0231,0.002,0.0236,0.0202,0.0186,0.02,0.0197,0.0278,0.0013,0.0251,0.0204,0.0208,0.0,0.0,0.01020408163265306,0.01020408163265306,0.01020408163265306,0.031674202221713126,0.01020408163265306,0.01146811283369431,0.011233099180895824,0.02606282168922778,0.02671079125905798,0.029101241502520046,0.033189306660981355,0.028006122027027562,0.02890941390498973,0.02905666929537689,0.01020408163265306,0.01020408163265306,0.01020408163265306,0.03165531139831933,0.01020408163265306,0.011331816372827506,0.01020408163265306,0.031063648979563728,0.03149879870222985,0.031194345982250384,0.033373613989577056,0.03146558939239479,0.03215256671963474,0.03153463733995581,0.02770023647174409,0.027699103849882736,0.028040101665996978,0.03322821038456479,0.02799115857491613,0.028493350156580777,0.028592202542521476,0.01020408163265306,0.01020408163265306,0.01020408163265306,0.03187077070244395,0.01020408163265306,0.01020408163265306,0.01020408163265306,0.01020408163265306,0.01020408163265306,0.01020408163265306,0.031417041913396976,0.01020408163265306,0.01020408163265306,0.01020408163265306,0.024568812143101984,0.025587891750242918,0.022630328188737867,0.0015299599941224463,0.02391381639715903,0.019260911985463473,0.01942625791069191,0.006449647276318956,0.005964186128077142,0.0037678506124851174,0.0002512262350558254,0.004759417976593371,0.003973759492087356,0.0038456807949690834,0.028083566842013352,0.02821017191668153,0.026697708222426477,0.0015463907138496345,0.024222337300077276,0.01961383390645398,0.022873514331095742,0.002061002447442743,0.0017606461614000058,0.0019863882814995827,5.185827897829228e-05,0.0017114057076613575,0.0011529541825967705,0.001690412197901345,0.005025468837516046,0.005104578960926118,0.004768925919192724,0.00017832634399994702,0.0048505577765662975,0.004335640321537883,0.004210598729261325,0.0251236382811081,0.02287394477427607,0.02205866052832236,0.001398052624426462,0.02095646979209548,0.02118067647501886,0.02077546534976506,0.021234808195647385,0.0211885550851127,0.025533314646433415,0.0017926934725027302,0.024918298303489864,0.02394110443896663,0.02088190830898639
vanilla_deficit,2,99000,91.03899763943627,91.68542175006587,0.3945978283882141,1.5602258443832397,24,0.6289,0.44625306122448977,0.0262,0.0248,0.0237,0.0019,0.022,0.0192,0.0209,0.0047,0.0059,0.0052,0.0001,0.0052,0.0027,0.0025,0.0304,0.0304,0.0261,0.0015,0.0234,0.0198,0.0189,0.0018,0.002,0.0018,0.0,0.0016,0.0012,0.0016,0.0046,0.0046,0.0062,0.0005,0.0051,0.0045,0.0042,0.0243,0.025,0.0222,0.0019,0.0239,0.0212,0.0171,0.0202,0.0225,0.0283,0.0016,0.0253,0.0219,0.0183,0.0,0.0,0.01020408163265306,0.01020408163265306,0.01020408163265306,0.03210214451406109,0.01020408163265306,0.010639298514361132,0.01150640836517095,0.025776890435067756,0.026659911550629953,0.02804709303073643,0.03333330580578711,0.027610618104808957,0.02963626874649721,0.029123018944109458,0.01020408163265306,0.01020408163265306,0.01020408163265306,0.031779848436360045,0.01020408163265306,0.010285966713545114,0.01020408163265306,0.031158695533744056,0.03153545845467612,0.03119227962265457,0.03344304468671945,0.03158422079050203,0.031642177833210945,0.03180544529459732,0.027301411828966005,0.02740386801262224,0.027560621315893395,0.033215621186643736,0.028062456894721477,0.028943620015102978,0.02863395529878588,0.01020408163265306,0.01020408163265306,0.01020408163265306,0.03194619845293824,0.01020408163265306,0.01020408163265306,0.011117182846808613,0.01020408163265306,0.01020408163265306,0.01020408163265306,0.031318927719632184,0.01020408163265306,0.01020408163265306,0.01175649003023739,0.02384193267130574,0.024927351652445327,0.02248716183422166,0.0012962703911269064,0.02401980734742773,0.020062670030293432,0.019392091847113706,0.00679685297297121,0.005995348759941554,0.004836653918315561,0.00023322817420126746,0.005174464274868665,0.003464485310254185,0.003946711684422142,0.027714332265622234,0.03033426133226515,0.026145978737878196,0.001613618392180497,0.024266780803769497,0.020328690725626195,0.020972928486822705,0.0021108883476307276,0.0018246361277685615,0.0020818902751858033,0.00013847449403503302,0.001743469947343247,0.0016934271271361817,0.0015915168681074462,0.005480509929040609,0.005431106970173739,0.005217633839803131,0.00033484257620770803,0.004862450539879512,0.0040234881067514406,0.004329929599861166,0.024347184206667347,0.024761956243673874,0.020954898514738415,0.001469984010887542,0.02186846431156457,0.021555204269975863,0.019650042356232307,0.02135122682906022,0.02269953338210213,0.02541643517693531,0.0019725363873684355,0.025357276753082792,0.02567078045821189,0.018980847146003014
vanilla_deficit,2,100000,91.93651359737851,92.59223545808345,0.44032084941864014,1.5928175449371338,24,0.6318999999999999,0.4416530612244899,0.0238,0.0253,0.0233,0.0015,0.0217,0.0194,0.0206,0.0042,0.0055,0.0057,0.0001,0.0053,0.0032,0.004,0.0291,0.031,0.0255,0.0018,0.0242,0.0203,0.0199,0.0016,0.0021,0.0021,0.0,0.0014,0.0012,0.0018,0.0042,0.0042,0.006,0.0004,0.0045,0.0041,0.0048,0.0246,0.0262,0.0231,0.002,0.0233,0.0215,0.0192,0.0203,0.0227,0.0283,0.0012,0.0254,0.0213,0.019,0.0,0.0,0.01020408163265306,0.01020408163265306,0.01020408163265306,0.03200195628846438,0.01020408163265306,0.010922261894459809,0.011448535308449262,0.025543159338520676,0.02656540996027862,0.027825546890087663,0.03331304295709088,0.027568270913059002,0.028670504904269402,0.0286569710077432,0.01020408163265306,0.01020408163265306,0.01020408163265306,0.0317815367856192,0.01020408163265306,0.010333507711390823,0.01020408163265306,0.0312062533364841,0.03180480188378106,0.03147904305245078,0.03342539180792512,0.031637829063545106,0.03198454047861615,0.031232200377990606,0.027557236350695832,0.027624583632236424,0.028360924763929395,0.03315892389535628,0.027857574137732724,0.028398183537713173,0.028411278286724496,0.01020408163265306,0.01020408163265306,0.01020408163265306,0.032095343840296324,0.01020408163265306,0.01020408163265306,0.01107757279917818,0.01020408163265306,0.01020408163265306,0.01020408163265306,0.031608469317087745,0.01020408163265306,0.01020408163265306,0.012571594458415342,0.025281330382258504,0.027055741112493856,0.023118078638140683,0.0013087921631797623,0.02309705368502789,0.019659658602059496,0.019203463277770505,0.006946604078926191,0.00602141292127214,0.005007199680233246,0.00017228860425777068,0.00523021702188963,0.004235693007596497,0.00428648724275648,0.028156870495316667,0.02781615580243544,0.027047308803612488,0.001538923305271747,0.02451822742295147,0.020287202312979626,0.022004831410812463,0.002037602532950797,0.0014796936664453508,0.001801137247739531,7.490002433445987e-05,0.001624432537629361,0.0013238888996104346,0.0019760480759190464,0.005317907231953147,0.005181402853239156,0.004543112237694722,0.000305885311745145,0.005018499651788638,0.004432689808379319,0.0044994637442500865,0.02442896350614579,0.024158683862970702,0.02108334069350213,0.0013059650129094854,0.021032750719714083,0.021989269804347168,0.019603153756317312,0.022378113539246475,0.02417893536662665,0.025001292316908945,0.001649882766921061,0.024676700757360982,0.02549495685658852,0.018464324663942457
vanilla_deficit,2,101000,92.8455050601624,93.51280320808291,0.35367462038993835,1.753846287727356,24,0.644,0.4388367346938776,0.0269,0.0254,0.0233,0.0017,0.0217,0.0194,0.018,0.0044,0.0062,0.0057,0.0001,0.0056,0.0034,0.0044,0.0307,0.0308,0.0256,0.0021,0.0237,0.0206,0.0213,0.0018,0.0024,0.002,0.0,0.0016,0.0011,0.002,0.0047,0.0046,0.0058,0.0004,0.0048,0.0045,0.0045,0.0238,0.0256,0.0232,0.0019,0.0235,0.0211,0.0184,0.0204,0.0237,0.0291,0.0011,0.0265,0.0234,0.0211,0.0,0.0,0.01020408163265306,0.01020408163265306,0.01020408163265306,0.03180054694717397,0.01020408163265306,0.01043380295094044,0.01175676027525361,0.025624926493329363,0.02682376829712068,0.02819202679177979,0.033328331029761925,0.027984489834246604,0.02913148132985057,0.028545975427488712,0.01020408163265306,0.01020408163265306,0.01020408163265306,0.031675332949147546,0.01020408163265306,0.01020408163265306,0.01020408163265306,0.03153251810409966,0.03141255281174827,0.03169969777478208,0.033572385614641036,0.031897889415523614,0.03209314480203938,0.03161913752529358,0.027563046036289986,0.02739811055071363,0.028090790863043502,0.03326980433385546,0.027808397043355124,0.029042028130515464,0.02854148665661862,0.01020408163265306,0.01020408163265306,0.01020408163265306,0.03207882592073889,0.01020408163265306,0.01020408163265306,0.010686614441437954,0.01020408163265306,0.01020408163265306,0.01020408163265306,0.03189129258703667,0.01020408163265306,0.01020408163265306,0.010423202409112589,0.027414367677181056,0.02609743538571785,0.023396662856074626,0.0015647076123853983,0.023136417681104225,0.020279252355676906,0.019059315673922408,0.006972857584991816,0.005860041933231593,0.00475725693398224,0.0002461150314772067,0.004936376938953074,0.003868312003261205,0.004373647637878182,0.02805374988519669,0.02935180856782655,0.026209004644935835,0.001672776711091949,0.024574518034862103,0.02043982953815274,0.024140892040556753,0.0017960366646874247,0.0018995757355966284,0.001651748033883591,3.547756730550123e-05,0.001480693740244706,0.00131217365486331,0.0017212775888137005,0.005261052136962099,0.005442466367215154,0.004805568655296878,0.00029662797233506104,0.005010233262928913,0.003945516842823335,0.00437752178477771,0.023406842087828814,0.02381988702542805,0.022851224192494298,0.0013635944264704818,0.021438070444359053,0.02309897110429413,0.019943869523275166,0.022102798433553145,0.025490884162130658,0.023980443708246507,0.0014863872994325155,0.024984140732566773,0.026096995430554534,0.020210276420631248
vanilla_deficit,2,102000,93.77058308536652,94.44767300004605,0.39333951473236084,1.6019628047943115,24,0.6418,0.44184489795918364,0.0295,0.0254,0.0253,0.0019,0.0223,0.0206,0.021,0.0052,0.0056,0.0051,0.0002,0.0053,0.0034,0.0037,0.0295,0.029,0.0249,0.0015,0.0235,0.0194,0.0199,0.0012,0.0018,0.0017,0.0,0.0015,0.0011,0.0016,0.005,0.0051,0.0065,0.0003,0.0045,0.0043,0.0049,0.0241,0.0256,0.0234,0.0018,0.0235,0.0226,0.018,0.0197,0.0234,0.0282,0.0012,0.0267,0.0229,0.019,0.0,0.0,0.01020408163265306,0.01020408163265306,0.01020408163265306,0.03161876100162704,0.01020408163265306,0.01020408163265306,0.012868322273007167,0.025709661460207926,0.0265933945716902,0.028250882472492148,0.03309300064134982,0.028081355977224852,0.0300065177726086,0.02859103787121392,0.01020408163265306,0.01020408163265306,0.01020408163265306,0.03153034918001938,0.01020408163265306,0.010699288502651222,0.01020408163265306,0.03137591695698156,0.03156414198991665,0.031531550902058725,0.03342228643059743,0.03180719649544859,0.03143948675472309,0.031252346193163534,0.02776549337406027,0.02737668585588031,0.027222750810260002,0.033222372856836276,0.027263167578785323,0.02835496356816565,0.028715529400500678,0.01020408163265306,0.01020408163265306,0.01020408163265306,0.03197469558054184,0.01020408163265306,0.01020408163265306,0.01020408163265306,0.011022503591519009,0.01020408163265306,0.01020408163265306,0.032026750592960535,0.01020408163265306,0.01020408163265306,0.011537956690447037,0.028802647967901718,0.024469309990701543,0.025066166573063292,0.0016089301379837867,0.024885338396232942,0.022811352875522467,0.018046873771714142,0.0069353304902243585,0.006050765117984205,0.004533382584170833,0.0003287937900257047,0.0047977761575161565,0.003047962563907043,0.0042770756760196595,0.02891843555487196,0.028738640407655766,0.024994839852208055,0.0016857013652521239,0.023491514202288382,0.019930325345369666,0.021997642033955073,0.001819800528427432,0.001656357829043003,0.0016846578659313518,4.28628624316016e-05,0.0014453046876928485,0.0017646005415809373,0.0019271015546962313,0.005032988740329472,0.005409667068157262,0.005465209513946601,0.00021645515050084147,0.005391051651522347,0.004521130151549361,0.004168975115324633,0.025237103475399408,0.025205416417251044,0.023278010697320634,0.0012998590889583567,0.02268677717688098,0.02319820946989977,0.020619943886036034,0.019649665829562613,0.025506344277019047,0.025748138497939853,0.001254657812520618,0.025533621490672415,0.0269264652882828,0.019319266499154577
vanilla_deficit,2,103000,94.77881537401117,95.46573625004385,0.4312215745449066,1.5366103649139404,24,0.6385000000000001,0.4460448979591837,0.029,0.0249,0.0245,0.0018,0.0218,0.0208,0.0245,0.0045,0.0054,0.0051,0.0003,0.0049,0.0031,0.0022,0.0287,0.0295,0.0244,0.0017,0.0224,0.0189,0.0197,0.0018,0.0016,0.002,0.0,0.0013,0.0013,0.0015,0.0043,0.0049,0.0062,0.0004,0.0051,0.0043,0.0051,0.0236,0.0267,0.0234,0.002,0.0239,0.0227,0.0183,0.0183,0.0246,0.0279,0.0013,0.0258,0.0232,0.0189,0.0,0.0,0.01020408163265306,0.01020408163265306,0.01020408163265306,0.031426430150293685,0.01020408163265306,0.01020408163265306,0.01020408163265306,0.026127051646436195,0.02686716630087556,0.028315658288088637,0.033294667835415535,0.027613709158348723,0.029238227443746462,0.028864502482655256,0.01020408163265306,0.01020408163265306,0.01020408163265306,0.03185048529379045,0.01020408163265306,0.01020408163265306,0.01020408163265306,0.03117240668702278,0.03127742717676555,0.03170928162863835,0.03340820025481033,0.031542817961554954,0.03143284323299308,0.03171156022129546,0.027752551986035767,0.026761999990395954,0.028071434868457937,0.03311729661561228,0.026828801684543102,0.029081771016618636,0.02836760365075032,0.01020408163265306,0.01020408163265306,0.01020408163265306,0.031856899269245724,0.01020408163265306,0.01020408163265306,0.01077040830181252,0.012798008250774928,0.01020408163265306,0.01020408163265306,0.03199268355671386,0.01020408163265306,0.01020408163265306,0.012462390760593632,0.02802756705821429,0.02596301014099898,0.023536683612402975,0.001814129456990784,0.025109501857847057,0.020524804618571243,0.02052038731260222,0.006484362496572938,0.005882088195967053,0.004509728661187937,0.0001952322056520651,0.005235181118995722,0.0037884132676242405,0.004034134808717738,0.027396882913627654,0.029789951105178812,0.02558427044496375,0.0014466699459820542,0.024691938394290687,0.021171719901966143,0.02137118093409308,0.002034250210222456,0.00198230856041176,0.0016471531594011261,9.685215307107185e-05,0.0017132751014445266,0.001808572282955952,0.0015670536743455563,0.00503674365880895,0.0058950937048550395,0.004877607313099483,0.00034893094671313416,0.00579814505904992,0.003845863565054878,0.004464716077670065,0.025390451274872224,0.026256743797556006,0.02286960454790055,0.00144111199834114,0.02432782107744849,0.022968704628106268,0.019830526067483457,0.01799541050341843,0.025322874071040363,0.025145124333605474,0.0013625123767022499,0.025237952657633317,0.025752501236224273,0.018481548007475805
vanilla_deficit,2,104000,95.71130087086931,96.4077479580883,0.4632926881313324,1.8290461301803589,24,0.655,0.43824489795918364,0.0298,0.0255,0.0246,0.0016,0.0222,0.0218,0.0166,0.0052,0.0066,0.0055,0.0002,0.0053,0.0037,0.0042,0.031,0.0298,0.0247,0.0009,0.024,0.0216,0.0203,0.002,0.0022,0.0021,0.0,0.0014,0.0015,0.0016,0.0056,0.0049,0.0062,0.0005,0.0054,0.0051,0.0047,0.0243,0.0267,0.023,0.0019,0.0243,0.0243,0.0192,0.0195,0.0243,0.0283,0.0012,0.0265,0.0243,0.0189,0.0,0.0,0.01020408163265306,0.01020408163265306,0.01020408163265306,0.03186018425489449,0.01020408163265306,0.01020408163265306,0.012910395580338938,0.025732023133908953,0.026739539661898244,0.028244052869159,0.03303265163038105,0.027530094138141517,0.028821075683925806,0.029112963263737857,0.01020408163265306,0.01020408163265306,0.01020408163265306,0.03189764133054369,0.01020408163265306,0.01020408163265306,0.01020408163265306,0.031197429754054394,0.03138206447573249,0.031354665566606515,0.03323672229740808,0.03161309227178529,0.03173653411377969,0.031531579211460055,0.0275511208329611,0.027625613888405204,0.02714764021010991,0.0330874709829713,0.027983347677339232,0.02796287223423498,0.028383321201112276,0.01020408163265306,0.01020408163265306,0.01020408163265306,0.03176979326058387,0.01020408163265306,0.01020408163265306,0.012114952068923913,0.01020408163265306,0.01020408163265306,0.01020408163265306,0.03163031069818086,0.01020408163265306,0.01020408163265306,0.012525133421706988,0.02962285022031007,0.02585814367681489,0.023736193561549816,0.0014072536469931904,0.02396717728597477,0.02189847798046492,0.01792832818888953,0.006815486920252526,0.005861051380229127,0.004552466613130374,0.00034841083527668897,0.005251573546182093,0.004050587824676893,0.003835774427274301,0.027296826016353835,0.028907225947109837,0.024892112214709123,0.0013356119988819923,0.02368195627423702,0.0233103846590607,0.023123035853778912,0.0019836995299140287,0.0017840467585229411,0.0018078775862912515,0.0001709157059587815,0.0015831050497814713,0.0015148011848489975,0.0016540028980332707,0.005272347597526043,0.005090368059052498,0.005584221596012415,0.0003007304497568909,0.004818283415500404,0.004875154900371064,0.004392272296637302,0.021973665342778656,0.027005311536459284,0.023235821209933415,0.0014468107813486388,0.023040053747031716,0.024544065324064605,0.018698308373079238,0.020389807428357207,0.02641247601213912,0.02420743680177908,0.0016071914296743681,0.02670707457520988,0.025840416723824255,0.018380606261502876
vanilla_deficit,2,105000,96.63930301903747,97.34544970805291,0.4100944399833679,1.6605327129364014,24,0.6517999999999999,0.43594489795918373,0.0283,0.0252,0.0236,0.0012,0.023,0.0207,0.0231,0.0045,0.0052,0.0052,0.0004,0.0053,0.0035,0.0043,0.0322,0.0299,0.0248,0.0017,0.0243,0.0192,0.0203,0.0017,0.0019,0.0025,0.0001,0.0014,0.0014,0.0017,0.0051,0.0053,0.0074,0.0004,0.0055,0.0045,0.0052,0.0247,0.0269,0.0228,0.0018,0.0242,0.0214,0.0202,0.0196,0.0234,0.0276,0.0011,0.027,0.0224,0.0187,0.0,0.0,0.01020408163265306,0.01020408163265306,0.01020408163265306,0.032039372505547045,0.01020408163265306,0.01020408163265306,0.01020408163265306,0.02568967972082476,0.027355392193648367,0.027963095699350522,0.03365627335174022,0.027713320855256726,0.029649423461473014,0.028261615307687185,0.01020408163265306,0.01020408163265306,0.01020408163265306,0.03203222308125975,0.01020408163265306,0.010883513900878857,0.01020408163265306,0.031296496527349185,0.03208020454208127,0.03178905157897706,0.033739729350082064,0.031629057368551323,0.03188305999860057,0.031860675279593395,0.02746467947603075,0.02766893718499599,0.027226347354221046,0.033526482915543415,0.027692713491984433,0.028101339377949584,0.028835785006593624,0.01020408163265306,0.01020408163265306,0.01020408163265306,0.03232229966190521,0.01020408163265306,0.01020408163265306,0.01020408163265306,0.01020408163265306,0.01020408163265306,0.01020408163265306,0.03187703611174586,0.01020408163265306,0.01020408163265306,0.011272398777761438,0.026714618393059227,0.025339533620676834,0.02484326897054404,0.0015533309689664625,0.02525370522482335,0.02059551599709307,0.020683327829379258,0.007016023390282423,0.0055932446332294635,0.005152295871937409,0.00017224496897693835,0.005326580121764205,0.0037119084362178183,0.004819188475974915,0.029615224475741258,0.02864145529473725,0.024917590491271645,0.0015594376945671164,0.023953084554395723,0.019740927798923766,0.022587520034662995,0.0021878631455270327,0.0015184540288366742,0.0018843316585656598,0.00010096050450502514,0.0019038042169845842,0.0016868462772646213,0.001705966325415561,0.005538958715464348,0.005325428212119558,0.005703469092276273,0.0002831062841812524,0.005266057030365506,0.004956089166711188,0.004289695326102438,0.024395678106217115,0.02642084924408731,0.022119948046116784,0.0013116669636670149,0.024056256845111743,0.023371637340456566,0.02119723073114324,0.020598959848379922,0.025227910148857308,0.02543002465554599,0.0017310541180071634,0.026393525055116253,0.026063837193905474,0.01948688434200528
vanilla_deficit,2,106000,97.53913873585407,98.25464441603981,0.46514931321144104,1.4242947101593018,24,0.6584000000000001,0.4340367346938775,0.0293,0.0252,0.024,0.0017,0.0218,0.0211,0.0228,0.0054,0.0055,0.0054,0.0001,0.0058,0.0036,0.0042,0.0324,0.03,0.0258,0.0012,0.0245,0.0201,0.0213,0.0018,0.0017,0.002,0.0,0.0015,0.0013,0.0019,0.0058,0.0053,0.0068,0.0003,0.0053,0.0049,0.0054,0.0255,0.0262,0.0243,0.0016,0.0236,0.0223,0.0179,0.0202,0.0222,0.0284,0.0011,0.0266,0.0233,0.02,0.0,0.0,0.01020408163265306,0.01020408163265306,0.01020408163265306,0.03229852483380654,0.01020408163265306,0.01020408163265306,0.010723314075306785,0.02624215569784869,0.02674496299047622,0.028217883668738473,0.03367966901530617,0.028025551946580553,0.029408909987835623,0.028365644200436427,0.01020408163265306,0.01020408163265306,0.01020408163265306,0.032181418734109686,0.01020408163265306,0.01020408163265306,0.01020408163265306,0.03151499023679331,0.03157166604792346,0.03198796538832463,0.03376200117891418,0.03192517189993281,0.03205053172889784,0.03116853853038419,0.02676970693022309,0.02724505995482772,0.026149386070186798,0.033632399854570796,0.027568839017838492,0.02854271854256675,0.027808246734685037,0.01020408163265306,0.01020408163265306,0.01020408163265306,0.03233774588590144,0.01020408163265306,0.01020408163265306,0.010570196828902548,0.011053276255021208,0.01020408163265306,0.01020408163265306,0.032154694664504116,0.01020408163265306,0.01020408163265306,0.01221719644609518,0.028767578202880485,0.02531497277909219,0.02538405922809838,0.001457640505217972,0.024080212940654665,0.02132747359387962,0.02026950572923159,0.006656757062884531,0.006150237962012626,0.005012490342988364,0.0002027743789783796,0.005098232845292124,0.003880543000468805,0.004808472697735919,0.029640977056824804,0.028896236621062173,0.026193377848521555,0.001557415434941218,0.025141704756571803,0.021479311792533998,0.023376689125312187,0.0020470905466129386,0.0019988024976798965,0.001644113565678191,0.00013262700100902114,0.0017366764034709309,0.001629869258860335,0.0023813314766772302,0.006285406012774193,0.005685090573162707,0.006657672207713693,0.00024304791897892473,0.005448291838424418,0.004657604552630085,0.005283377874470765,0.025304135553403058,0.02641780909900775,0.024178982222842225,0.0013460989903944886,0.021505435951346463,0.024773810104575147,0.020009337319784496,0.01979306395093131,0.025155072237118145,0.025012221771221397,0.0015020594638279923,0.02575395484814889,0.026669555820847016,0.018606086152808524
vanilla_deficit,2,107000,98.45018941315357,99.17492245801259,0.3985123038291931,1.687663197517395,24,0.6575,0.43132040816326533,0.0293,0.0241,0.0242,0.0015,0.0217,0.0212,0.023,0.0059,0.0063,0.0052,0.0002,0.0048,0.0034,0.004,0.0315,0.0291,0.0254,0.0011,0.0244,0.0204,0.0207,0.0018,0.0023,0.0021,0.0,0.0013,0.0012,0.0022,0.0057,0.0051,0.007,0.0004,0.0055,0.0042,0.0055,0.0255,0.0254,0.0241,0.0015,0.0231,0.022,0.0196,0.0206,0.0237,0.0287,0.0015,0.0267,0.0229,0.0205,0.0,0.0,0.01020408163265306,0.01020408163265306,0.01020408163265306,0.032555090184215436,0.01020408163265306,0.01020408163265306,0.01058820434910518,0.02502695735188809,0.02661776311299737,0.02713495551352433,0.03333297812970339,0.028309766401550897,0.02904376040369979,0.028948311924082946,0.01020408163265306,0.01020408163265306,0.01020408163265306,0.032019763147079605,0.01020408163265306,0.01020408163265306,0.01020408163265306,0.03146441121328525,0.0313734437224464,0.031694060246161095,0.033807977929237294,0.03193097636069389,0.03187927658807506,0.03180209322423549,0.026451395386256654,0.028242178773268123,0.02707845957956591,0.033467262161455194,0.02712378673032368,0.028397459301520406,0.028074815356147302,0.01020408163265306,0.01020408163265306,0.01020408163265306,0.03216682893654514,0.01020408163265306,0.01020408163265306,0.012135398693713835,0.011362346585102531,0.01020408163265306,0.01020408163265306,0.03217005110085803,0.01020408163265306,0.01020408163265306,0.011718594940200448,0.029833644216515652,0.025534143019873994,0.02320275168429106,0.0011288402349351806,0.0235156578882509,0.022330649873178912,0.019954380998934214,0.007592711294220161,0.006274116763217027,0.005793661658209623,0.0004649596629991883,0.004791031229516614,0.004203673998023627,0.004207008534202324,0.029670651307660625,0.028483917802711357,0.025084461963075552,0.001663834661499709,0.025274019169989947,0.022325938209069855,0.02342816784621656,0.0020987316328756073,0.0021763669146613366,0.0019027399965808375,5.957590507729493e-05,0.0016614838432028713,0.0017446689894197642,0.001771477847919371,0.006337976611061707,0.004848713204896781,0.005920002539643352,0.00035035631901069575,0.0058031935428751215,0.004677128114073006,0.005030610314590642,0.025075521634765646,0.024849006887667238,0.022500229189265582,0.0014601978561183367,0.023475511267962483,0.02283296279545765,0.018673006188711316,0.019567134664746053,0.023800552451519477,0.026463937100699757,0.001457447932688723,0.02567455188480719,0.025809716496084503,0.019028723121815305
vanilla_deficit,2,108000,99.32816167338751,100.06307591602672,0.4857999384403229,2.0567915439605713,24,0.6666000000000001,0.42702040816326525,0.03,0.0266,0.0246,0.0015,0.0227,0.0207,0.0223,0.0054,0.0065,0.0054,0.0001,0.0058,0.0033,0.0033,0.0316,0.0299,0.0254,0.0012,0.0241,0.0213,0.0212,0.002,0.0021,0.0024,0.0,0.0015,0.0015,0.002,0.0063,0.0058,0.0074,0.0007,0.0059,0.0051,0.0065,0.0256,0.0261,0.0236,0.002,0.0227,0.0215,0.0198,0.0216,0.0241,0.0288,0.001,0.0253,0.0229,0.0195,0.0,0.0,0.01020408163265306,0.01020408163265306,0.01020408163265306,0.03213569451137125,0.01020408163265306,0.01020408163265306,0.010892973426402624,0.025446136008404216,0.027933696887231185,0.027929653523968354,0.033852854364744285,0.02810834891912105,0.029444657627488824,0.02885693073354928,0.01020408163265306,0.01020408163265306,0.01020408163265306,0.03197687865961018,0.01020408163265306,0.01020408163265306,0.01020408163265306,0.03148509076176877,0.0317559021845477,0.0318714378896077,0.03393836863483877,0.031906121432092316,0.03204059149227761,0.03188776805986124,0.026679344067991245,0.026845381869217824,0.027377150742706753,0.03378845077290569,0.027924168011622744,0.028252291966578254,0.0275516729538443,0.01020408163265306,0.01020408163265306,0.01020408163265306,0.032804142525711934,0.01020408163265306,0.01020408163265306,0.01020408163265306,0.01020408163265306,0.01020408163265306,0.01020408163265306,0.03228428324134309,0.01020408163265306,0.01020408163265306,0.010540212812825425,0.03068450937194623,0.026464584322829103,0.023374366975386,0.0015970142487547279,0.0236489645742795,0.021382294527339182,0.01977586681935375,0.0073897107284897606,0.005201106524345249,0.0052826619666526695,0.000179215856793531,0.005091991954830087,0.003958250158465559,0.0044568853468275734,0.028849414216859624,0.030239881782537618,0.02543257806653078,0.0017317556958015617,0.024252302070685548,0.022269396128897254,0.0230785701594581,0.0021489949843265014,0.0019192350291493475,0.001821213024968172,6.760193092567199e-05,0.0018308495536229598,0.0018339508947608073,0.0018073582948131954,0.0063825033718223215,0.006124447228335765,0.005712350056843035,0.00019479420695502008,0.005170128447115229,0.004930806289594076,0.005564283128953095,0.025353669426821285,0.023643175975530232,0.02113882491312356,0.0010298942054523291,0.022227075658483038,0.0216224486070885,0.020767184644036714,0.021430616463945965,0.025140423162544473,0.02610349871574275,0.0014709496256755617,0.025712480386465036,0.026599922503796447,0.020231403540467895
vanilla_deficit,2,109000,100.22907826292794,100.97423183300998,0.4891083240509033,1.7883148193359375,24,0.6678,0.4280204081632653,0.0296,0.026,0.0236,0.0013,0.0219,0.022,0.0213,0.0058,0.0068,0.0054,0.0,0.0056,0.0039,0.0039,0.0308,0.0302,0.0257,0.0018,0.0249,0.0234,0.0221,0.0016,0.0021,0.0021,0.0001,0.0011,0.0013,0.0016,0.0055,0.0053,0.0078,0.0007,0.0057,0.0056,0.0058,0.0246,0.0255,0.0231,0.0017,0.0225,0.0225,0.0187,0.0219,0.023,0.0297,0.0016,0.0253,0.0252,0.0202,0.0,0.0,0.01020408163265306,0.01020408163265306,0.01020408163265306,0.03221028306777039,0.01020408163265306,0.01020408163265306,0.011735855771208755,0.025698840088111526,0.026896713163095304,0.02789376431738063,0.033644244365261845,0.02815730011001457,0.02885448022499,0.029122081735825152,0.01020408163265306,0.01020408163265306,0.01020408163265306,0.03244287669596154,0.01020408163265306,0.01020408163265306,0.01020408163265306,0.032034600481949387,0.031866064521938735,0.03204443153294413,0.033900789753098445,0.032040712982872276,0.032458632573051725,0.032107004854643,0.026321432296972612,0.02662182435585187,0.02645259894969615,0.03366114515647994,0.02725275346856034,0.02785093842591478,0.027776559360886674,0.01020408163265306,0.01020408163265306,0.01020408163265306,0.032882178772735145,0.01020408163265306,0.01020408163265306,0.01116804762789681,0.01020408163265306,0.01020408163265306,0.01020408163265306,0.03241404942652087,0.01020408163265306,0.01020408163265306,0.01020408163265306,0.028349432265018525,0.025518692598592272,0.022736830122648752,0.0015878910508026558,0.024354223288752273,0.021285031229696064,0.019098148698237425,0.007197500905827031,0.006101780145069654,0.005254783039075986,0.000291612835832693,0.005030908814842534,0.004360527803500978,0.004211324742886704,0.030493708003755726,0.02885340375905431,0.026201779098471333,0.0013121772619990577,0.02438098684186161,0.02402908083633279,0.024218398190586653,0.0017371337863677507,0.001841242947893189,0.0016897197873442223,7.367697555139981e-05,0.0016928787036503854,0.0012987926104288533,0.001636563615603623,0.006590482481599934,0.0063352987796999214,0.0065571811272125856,0.0002772555772414927,0.0058383856376735335,0.005252101226242604,0.005315286402403883,0.02699298057056278,0.02374071498602855,0.022757584547137083,0.0009780517002982905,0.0215567405899939,0.022785549639545828,0.019580502940622895,0.022181076813328066,0.026160724564897347,0.027178912323973414,0.001336666089563226,0.024753767962316306,0.026324173012949603,0.02033801151359395
vanilla_deficit,2,110000,101.11544611304998,101.8700939581031,0.4232308268547058,1.5607712268829346,24,0.6643,0.4251204081632653,0.0293,0.026,0.0233,0.0011,0.0225,0.0209,0.0199,0.0061,0.0068,0.0054,0.0,0.0057,0.0038,0.0035,0.0316,0.0301,0.0251,0.0018,0.0232,0.0226,0.0216,0.0023,0.0023,0.0022,0.0001,0.0013,0.0015,0.0018,0.0067,0.0055,0.0077,0.0006,0.006,0.0059,0.0064,0.0262,0.0258,0.0231,0.0017,0.0219,0.0229,0.0182,0.0211,0.023,0.0289,0.0016,0.0242,0.0244,0.0207,0.0,0.0,0.01020408163265306,0.01020408163265306,0.01020408163265306,0.03243280064092848,0.01020408163265306,0.01020408163265306,0.01020408163265306,0.025590325090196583,0.027175027451549247,0.02858951762704804,0.0339696832883523,0.02853350693952135,0.029267912941428824,0.028914546807311405,0.01020408163265306,0.01020408163265306,0.01020408163265306,0.0325628320026764,0.01020408163265306,0.01020408163265306,0.01020408163265306,0.03227338602422286,0.03182492054874458,0.03171211003375007,0.03424169418750599,0.0320893594442414,0.032457409393491274,0.03180049346929285,0.02676540186055528,0.026181830891288393,0.0272438346197156,0.033888226993799515,0.02740837819102042,0.02723790968380225,0.02726738403321348,0.01020408163265306,0.01020408163265306,0.01020408163265306,0.032952460913789554,0.01020408163265306,0.01020408163265306,0.01020408163265306,0.01020408163265306,0.01020408163265306,0.01020408163265306,0.03272108773888038,0.01020408163265306,0.01020408163265306,0.01020408163265306,0.028099369274400876,0.026258818093536657,0.022818686879543054,0.0016038175164849,0.02369423271668437,0.021651496058471966,0.020726762327619913,0.007419526252450794,0.0061688394171098195,0.0047874421784135585,0.0002760411852745151,0.004873471014999008,0.004218591052313394,0.00459302223111098,0.029799976861684566,0.02950986814359806,0.025259010904452612,0.0014947830273151824,0.025412909106361854,0.022454440347723648,0.0232261664884966,0.0017374905863123194,0.002074477397584055,0.002169071783969438,4.7953368311433984e-05,0.0018527388915842717,0.001544119973302088,0.002094960103403066,0.0063951330317001415,0.006845409116430543,0.0059548929173471096,0.00034434428805551375,0.005816919093169506,0.005920798621571014,0.005974208655977607,0.027680959305020396,0.025586171174087756,0.021819628914070355,0.0011680696197348204,0.02224614826759281,0.02285360858310026,0.021025948325841714,0.021680940558085452,0.023469433205561913,0.02619112364523466,0.0013230192072395633,0.02482632068395011,0.026497673211802457,0.02064011690799302
vanilla_deficit,2,111000,102.03934259340167,102.80420037510339,0.4501041769981384,1.6487977504730225,24,0.6644,0.42471224489795917,0.0271,0.0257,0.0226,0.001,0.0227,0.021,0.022,0.005,0.0056,0.0058,0.0002,0.0058,0.0043,0.0039,0.0315,0.0295,0.0251,0.0014,0.0244,0.0227,0.0217,0.0022,0.0016,0.0022,0.0001,0.0013,0.0015,0.0015,0.0064,0.007,0.008,0.0007,0.0058,0.0062,0.0067,0.0266,0.0259,0.0236,0.0012,0.0216,0.023,0.0188,0.021,0.0232,0.0291,0.0017,0.0236,0.0241,0.0208,0.0,0.0,0.01020408163265306,0.01020408163265306,0.01020408163265306,0.03263173120777422,0.01020408163265306,0.01020408163265306,0.010613251829960502,0.025618197564383043,0.027556851350774764,0.027711078162334875,0.033727080550677135,0.028449028848941176,0.029184377400708866,0.028606480851312864,0.01020408163265306,0.01020408163265306,0.01020408163265306,0.03232405562091435,0.01020408163265306,0.01020408163265306,0.01020408163265306,0.03204717420166874,0.032097197770973654,0.03190544748465662,0.0339804028854305,0.03193526160281455,0.03226011031314108,0.032121807720661845,0.02548272137190083,0.026710363366940257,0.026805051699429573,0.03372098324084457,0.027477826969209293,0.027285712689837816,0.027835189178129542,0.01020408163265306,0.01020408163265306,0.01020408163265306,0.03230337892647507,0.01020408163265306,0.01020408163265306,0.010392619234176857,0.01020408163265306,0.01020408163265306,0.01020408163265306,0.03234000896486699,0.01020408163265306,0.01020408163265306,0.012590894705346162,0.02815918371233426,0.027114330132964493,0.023417667462323502,0.001257781623740288,0.025731294709320392,0.021925681564221713,0.020013962544902446,0.007233912038157168,0.005631873236362626,0.005384130284430178,0.0002914884623525805,0.00479850577690429,0.004136959017956336,0.004665220149591083,0.03086642153426395,0.029512964415549167,0.026483854545344448,0.0014791714075211427,0.026026842346493956,0.02334159104989894,0.024410533448617572,0.0017135559380424045,0.0016712101900378086,0.001911654860885308,7.704707201483014e-05,0.0018864167350970522,0.0015333021288325003,0.0016503774757316784,0.007504844792450566,0.006348438794367603,0.006268283613074406,0.00029664993222095273,0.005698768633762067,0.005783271430526466,0.005318130833184741,0.027262378642125856,0.025128607436055047,0.024021382470611606,0.001496674558624913,0.020837284236299106,0.024006028724221393,0.02023979405064264,0.021189936428736622,0.024998493842143844,0.02665799831791401,0.001465666647820142,0.024055091748208954,0.027500207283922315,0.018339856358402403
vanilla_deficit,2,112000,102.9521806370467,103.7271603330737,0.4450682997703552,1.4375066757202148,24,0.6712,0.4218204081632653,0.0268,0.0259,0.0235,0.0011,0.0226,0.0226,0.0219,0.0054,0.006,0.0053,0.0001,0.0065,0.0039,0.004,0.0298,0.0306,0.0258,0.0015,0.0246,0.0224,0.0211,0.0026,0.0016,0.002,0.0001,0.0021,0.001,0.0019,0.0052,0.007,0.0086,0.0008,0.0064,0.0069,0.0062,0.0219,0.0271,0.0235,0.0013,0.0219,0.024,0.0197,0.0215,0.0243,0.029,0.0017,0.0256,0.0256,0.0203,0.0,0.0,0.01020408163265306,0.01020408163265306,0.01020408163265306,0.03250393547640959,0.01020408163265306,0.01020408163265306,0.012423564603878234,0.02486016058325964,0.026985372067221514,0.028398592834985692,0.03403463073417671,0.028088575925930975,0.028965318475394262,0.029089381070758945,0.01020408163265306,0.01020408163265306,0.01020408163265306,0.03266464315913388,0.01020408163265306,0.01020408163265306,0.01020408163265306,0.03162133261810676,0.03205520727564024,0.031940474091651,0.03412464189630936,0.03229322135915489,0.032440594102507506,0.032257500539251,0.026043398272638053,0.02614199294575858,0.025590127843971633,0.033874968913478506,0.026868669274643563,0.026830572358310788,0.02737249455598073,0.01020408163265306,0.01020408163265306,0.01020408163265306,0.03267733606092786,0.01020408163265306,0.01020408163265306,0.011667302804028348,0.01020408163265306,0.01020408163265306,0.01020408163265306,0.03270262106535683,0.01020408163265306,0.01020408163265306,0.011197654805420594,0.02650318953413384,0.026566344400204465,0.023055988439459336,0.0014497150804449398,0.02525622134180426,0.023256194842509927,0.018610915096125037,0.007956319710540612,0.006286186295774071,0.004941405622723809,0.00016238736318599216,0.0052021324772822146,0.0045038470439837395,0.004360446847190316,0.029307616971776265,0.028786353513475586,0.025826647467238874,0.0013536210538289079,0.025229015738103565,0.0247105250828011,0.022489748615006303,0.0022701165832692957,0.0018270993098889958,0.0019626533924487904,8.668721105703175e-05,0.0016269274433782497,0.00154204821407345,0.0016569689564176098,0.00692214426045267,0.006800162802653528,0.00730334854215098,0.000296664310951971,0.00622808433589165,0.006260124166216085,0.005804362993560429,0.02585652231144563,0.02632555566077769,0.02214288828036299,0.0013038837155755524,0.02221381239781549,0.02364651024523172,0.019364125195339893,0.022515588592427582,0.025191993110516224,0.02709151163680912,0.0012826188120179964,0.025574370946634856,0.028076636346834553,0.019563790652510078
vanilla_deficit,2,113000,103.89504624425899,104.68041566608008,0.4235473871231079,1.6016581058502197,24,0.6773,0.41982040816326527,0.029,0.027,0.0231,0.0009,0.0242,0.0224,0.0192,0.0055,0.0067,0.0054,0.0002,0.0057,0.0035,0.0042,0.0314,0.0311,0.0254,0.0018,0.0243,0.0215,0.0209,0.0025,0.0023,0.0022,0.0001,0.0017,0.0013,0.002,0.007,0.0069,0.0085,0.0011,0.0065,0.0071,0.0071,0.0259,0.0259,0.0237,0.0015,0.0221,0.0232,0.0192,0.0206,0.0241,0.0287,0.0011,0.0251,0.025,0.0215,0.0,0.0,0.01020408163265306,0.01020408163265306,0.01020408163265306,0.03253571485556321,0.01020408163265306,0.01020408163265306,0.010786926616549269,0.025988723576022228,0.026532495181415025,0.028292901288680866,0.034270893150207156,0.027821701980568977,0.029394145365492376,0.028418889773030143,0.01020408163265306,0.01020408163265306,0.01020408163265306,0.03301351135780742,0.01020408163265306,0.01020408163265306,0.01020408163265306,0.031894120293685414,0.03222499529457569,0.032312749660581556,0.034530456105019196,0.032566284191740826,0.032857508177371174,0.03258745800969253,0.02571480167796733,0.025642341612151922,0.026661900008214695,0.03409522121905056,0.026445229589749757,0.027084785716693628,0.026984990886283748,0.01020408163265306,0.01020408163265306,0.01020408163265306,0.03286760639496017,0.01020408163265306,0.01020408163265306,0.010587453071070733,0.01020408163265306,0.01020408163265306,0.01020408163265306,0.032845950500758093,0.01020408163265306,0.01020408163265306,0.01075453015938206,0.02747580335000064,0.02711086347907306,0.02348896476496936,0.0016788772281800552,0.025654835513134563,0.02399385397558465,0.01995495762677999,0.007148995776663454,0.00665884758854121,0.005198502854841855,0.00023946022425457846,0.0057846987000449174,0.004402153426373094,0.005133051618569956,0.029249225379959633,0.027982722036499368,0.026028990587968218,0.001321583681156337,0.023652544361824686,0.023437568916600725,0.02297574299086436,0.002250174441375638,0.001975697113065666,0.0018638379863516014,2.4139797587841188e-05,0.0016535184380035086,0.0014900586059656612,0.0016750161991569115,0.007415290163452739,0.007514461904769443,0.006668687325685691,0.00038518885951918636,0.006770301252543395,0.00623975752287057,0.006283479815787381,0.025949491785909523,0.025642618284204888,0.02284774676435825,0.0014426191304399737,0.021416599026812953,0.021953338364327238,0.02008136838914236,0.021180179455862164,0.024698459624600946,0.025976678727222126,0.0014215212755982853,0.02461573702472127,0.027185260193700572,0.01994276960501509
vanilla_deficit,2,114000,104.84266527707223,105.63893533300143,0.41946250200271606,1.5358853340148926,24,0.6785999999999999,0.4213285714285715,0.0289,0.0267,0.0231,0.0009,0.0233,0.0227,0.0167,0.0053,0.006,0.0056,0.0001,0.0066,0.0035,0.0048,0.031,0.0317,0.0257,0.0009,0.0251,0.0225,0.0213,0.0027,0.002,0.0018,0.0001,0.0018,0.0011,0.0021,0.0076,0.0077,0.009,0.0011,0.0066,0.0072,0.0066,0.0251,0.0268,0.0233,0.0015,0.0224,0.0233,0.0198,0.0199,0.0247,0.0289,0.0011,0.026,0.0251,0.0209,0.0,0.0,0.01020408163265306,0.01020408163265306,0.01020408163265306,0.03302464793808029,0.01020408163265306,0.01020408163265306,0.012126724418281467,0.026149580518700533,0.02689187328645068,0.028516102656508766,0.03434618887370145,0.027995123877626947,0.02953524124678833,0.029229629214636982,0.01020408163265306,0.01020408163265306,0.01020408163265306,0.032559104063295076,0.01020408163265306,0.01020408163265306,0.01020408163265306,0.03209998369410587,0.03179763926246584,0.03240885237394756,0.03445101210283214,0.032947939067810794,0.03267124800387348,0.03257251667076197,0.025520888274028188,0.024921414075168603,0.025900963917682505,0.03415109063748246,0.026233933013932086,0.02678357776723738,0.026569946252473435,0.01020408163265306,0.01020408163265306,0.01020408163265306,0.03290696262750934,0.01020408163265306,0.01020408163265306,0.01020408163265306,0.010230366405867641,0.01020408163265306,0.01020408163265306,0.032967653840382825,0.01020408163265306,0.01020408163265306,0.01020408163265306,0.028067547432690226,0.027426798059141007,0.023513249335127905,0.0013284789189028303,0.02460969179926034,0.0227602427956045,0.01880911627117207,0.007132249280240408,0.0064401507620630944,0.005096699951294649,0.00023539116039219404,0.0055276177611707925,0.004292801111821071,0.004506519863005833,0.026784045806144734,0.03034904096442309,0.025249274460938293,0.0017135447892522293,0.024492171964938726,0.023298303075755547,0.022180534126845352,0.0020932975776194827,0.0023433760944262523,0.0018768851514768439,0.00014868859561960985,0.001430989719898027,0.0016598495355321164,0.0017024508029544253,0.007613197759846505,0.00806997908174702,0.007298825331275978,0.00039676300137701966,0.006984353698450526,0.006529725366347276,0.006706426660515506,0.02461412700000591,0.026609368939140177,0.022512059699824633,0.0014258201127124346,0.022779523704792026,0.023531506124918996,0.021052227239893202,0.020416715676272783,0.026499636075519372,0.025566564041848712,0.0013756205161256,0.02577241749401538,0.02823127038698057,0.020904028423344104
vanilla_deficit,2,115000,105.7534294181969,106.560802291031,0.4097428321838379,1.9412884712219238,24,0.6675,0.42393673469387755,0.031,0.0273,0.0251,0.0012,0.0241,0.0226,0.0229,0.0058,0.0072,0.0061,0.0002,0.0059,0.0038,0.0023,0.0299,0.0288,0.0243,0.001,0.0238,0.0212,0.0198,0.0024,0.0022,0.0021,0.0003,0.0018,0.0011,0.0018,0.0066,0.0074,0.0082,0.0008,0.0074,0.0067,0.0074,0.0258,0.0257,0.023,0.0015,0.0221,0.022,0.0164,0.0194,0.0234,0.0283,0.0013,0.0244,0.0239,0.0198,0.0,0.0,0.01020408163265306,0.01020408163265306,0.01020408163265306,0.03296056483892975,0.01020408163265306,0.01020408163265306,0.01020408163265306,0.02569539326544497,0.027063716862584103,0.02849760452312279,0.03445006099872348,0.028253807814597263,0.029408291603732227,0.029123500593498407,0.01020408163265306,0.01020408163265306,0.01020408163265306,0.03312157640958821,0.01020408163265306,0.01020408163265306,0.01020408163265306,0.032308836787981646,0.03226706235513539,0.03256421175856507,0.03470867518528213,0.032772552638364295,0.032299388295930626,0.032471747011841044,0.02621545737735006,0.024273562580255523,0.026674534873262747,0.03437877780297915,0.025194227544883402,0.026434911834112437,0.025899683393796287,0.01020408163265306,0.01020408163265306,0.01020408163265306,0.033177044958631025,0.01020408163265306,0.01020408163265306,0.01049357984293997,0.011059583065142261,0.01020408163265306,0.01020408163265306,0.03309961018677669,0.01020408163265306,0.01020408163265306,0.01084632131083474,0.029377444828513326,0.028009689325109565,0.022890030516545624,0.0014968757339929898,0.02554522897273996,0.022634868205593663,0.02051788624802336,0.007664598789802639,0.0063835040132329155,0.005165699110107698,0.0002724197803226456,0.005444239753529469,0.004456121735844906,0.004690237175310611,0.026516200191479777,0.029737507927222934,0.025173578550738394,0.0013645144821654775,0.025002827256562,0.023544099334523658,0.023655251952250753,0.0020326356195826843,0.002066976730617758,0.0018617644442971031,5.982327354197858e-05,0.0016514331370660637,0.002079465351655765,0.0019377760599608353,0.007119887127403552,0.00871624212977775,0.0068206226528686135,0.0003310188796569263,0.008037524831217934,0.006939482287568724,0.0073404099453208286,0.02553144579356008,0.025360754666587684,0.02370761547044711,0.0013189159791613932,0.02344792437800818,0.02490715046147904,0.020161409089971372,0.019774245199721284,0.024100217113658704,0.026165985364454726,0.0013825720462111214,0.02676712613405019,0.027123974785801003,0.019910496763497175
vanilla_deficit,2,116000,106.65495813556481,107.4728376660496,0.4310985803604126,1.5335121154785156,24,0.6819,0.41352857142857147,0.0298,0.0278,0.0244,0.0014,0.0234,0.0207,0.0214,0.0056,0.0068,0.0064,0.0001,0.006,0.0042,0.0043,0.0298,0.0301,0.0254,0.0009,0.0251,0.0225,0.0225,0.0023,0.0021,0.0023,0.0,0.0017,0.0013,0.002,0.0077,0.0081,0.0094,0.0008,0.0076,0.0074,0.0084,0.0256,0.0267,0.0239,0.0018,0.0223,0.0233,0.0193,0.0189,0.0223,0.0281,0.0012,0.025,0.0239,0.0199,0.0,0.0,0.01020408163265306,0.01020408163265306,0.01020408163265306,0.03322948378122979,0.01020408163265306,0.01020408163265306,0.010825750436826855,0.025786837074020748,0.027215461304052023,0.02848583594530043,0.034479726731876305,0.02926539136734741,0.02965973209366584,0.028877349736285536,0.01020408163265306,0.01020408163265306,0.01020408163265306,0.033205617426544015,0.01020408163265306,0.01020408163265306,0.01020408163265306,0.0323713443326888,0.032355422063967736,0.03278750617325353,0.034793512546939416,0.03256290697933948,0.03275568899951446,0.03272842105310406,0.025156950906267704,0.02495492955178047,0.02466786779881205,0.03443693526445844,0.025857182661581005,0.024848029889915142,0.026786887531015706,0.01020408163265306,0.01020408163265306,0.01020408163265306,0.03321935515277634,0.01020408163265306,0.01020408163265306,0.010716726955123216,0.0103498010941107,0.01020408163265306,0.01020408163265306,0.0333336308624885,0.01020408163265306,0.01020408163265306,0.01020408163265306,0.029007595800560854,0.02867775647774281,0.023739884252529025,0.0014185666359029989,0.0254270093035383,0.02236942539642803,0.019849972665587898,0.007411419498585014,0.006277653023626198,0.005195676538976487,0.00027499226143137064,0.004594763062548498,0.004349154067204993,0.004991450816023341,0.02689278386491538,0.029017093578654115,0.026003262175134087,0.001360034718334139,0.024936168307440443,0.02344660634302641,0.024682293847026242,0.002005868664112965,0.002058002549653401,0.0016642206263530162,1.7389815595054796e-05,0.001848605320968635,0.001690340933203513,0.0017517890521545813,0.008045712009781953,0.008211561428490097,0.008408162257171328,0.0003101219140115897,0.00739273179274582,0.008221195699412032,0.006785740636595571,0.024016449588289586,0.026591628342332918,0.023471667824264283,0.0013096942328172875,0.023535631439221143,0.024061632951514915,0.019900412986277226,0.0203188282496113,0.025001623312413998,0.025515612320435966,0.001254942095863053,0.024325181219749574,0.02656591413767542,0.021064187849629032
vanilla_deficit,2,117000,107.56707356031984,108.3953337080311,0.40609508752822876,1.6417603492736816,24,0.6827,0.41073673469387756,0.0274,0.0262,0.024,0.0013,0.022,0.0195,0.0195,0.006,0.0057,0.0063,0.0003,0.0055,0.0044,0.0055,0.0312,0.0304,0.0255,0.0014,0.0249,0.0212,0.0227,0.0024,0.0018,0.002,0.0001,0.0016,0.0013,0.0022,0.0077,0.0097,0.0098,0.001,0.0076,0.0074,0.009,0.0255,0.0267,0.0237,0.0015,0.0228,0.022,0.0195,0.0195,0.0239,0.0285,0.0016,0.0266,0.0245,0.0219,0.0,0.0,0.01020408163265306,0.01020408163265306,0.01020408163265306,0.03314180126874482,0.01020408163265306,0.01020408163265306,0.011328261847246359,0.025695775145035706,0.027580223122074136,0.02877597242522295,0.03470845549289016,0.029147050619099765,0.02898863557294115,0.02886282814415944,0.01020408163265306,0.01020408163265306,0.01020408163265306,0.03305970162049636,0.01020408163265306,0.01020408163265306,0.01020408163265306,0.0324260858138689,0.03277712511136883,0.032972564321501564,0.03482275674595147,0.03291166824917992,0.03264965127117674,0.0328897747880414,0.02585782241043135,0.023830312470363893,0.024588826200119387,0.03446500672884321,0.02459591700687322,0.025782751326714835,0.025789620868674,0.01020408163265306,0.01020408163265306,0.01020408163265306,0.033286354838869305,0.01020408163265306,0.01020408163265306,0.01020408163265306,0.01097046015996154,0.01020408163265306,0.01020408163265306,0.03360480051178213,0.01020408163265306,0.01020408163265306,0.01020408163265306,0.02977412811060979,0.02761289659584281,0.02392977765201183,0.0015476021723345803,0.025020528376041438,0.020957485784213466,0.01967843602222067,0.007655598116546391,0.00608060367624467,0.005066937701021043,0.00023162765799757226,0.004842612934686504,0.0049717301786667695,0.005113332865791879,0.028669704165801866,0.028809769786267956,0.0249643005464399,0.001575455540306969,0.024086786183736317,0.022634456218965038,0.02462718811137213,0.002091888345636307,0.001805771415956683,0.0016855398792478722,0.00013846565642866687,0.0017351736307004999,0.0019096698228586576,0.0017139555427809316,0.007484457907958821,0.009254180959045209,0.008714074265263038,0.00043005220305417536,0.008473919855744482,0.0076628325973523235,0.007735358531186062,0.02438057391742008,0.02580904698645354,0.023368692860718895,0.0013907203172002578,0.02327056439966735,0.022497671647700314,0.020408434339995566,0.019696627182969523,0.02458319508843842,0.02639063549211497,0.0011311690394587722,0.024856112904063157,0.027339293561987454,0.020647909714995076
vanilla_deficit,2,118000,108.4931274788687,109.33196441608015,0.4573000967502594,1.63802170753479,25,0.6854,0.40772040816326527,0.0284,0.0263,0.0239,0.0013,0.0224,0.021,0.0196,0.0059,0.0062,0.0059,0.0001,0.0057,0.0037,0.0055,0.0316,0.0298,0.0255,0.0014,0.0251,0.0222,0.0225,0.0023,0.0021,0.0023,0.0001,0.0018,0.0014,0.0018,0.0084,0.0095,0.0105,0.001,0.0086,0.0078,0.0092,0.0258,0.0252,0.0229,0.0015,0.0219,0.0212,0.0185,0.0211,0.023,0.029,0.0012,0.0269,0.0251,0.0213,0.0,0.0,0.01020408163265306,0.01020408163265306,0.01020408163265306,0.03339007096590481,0.01020408163265306,0.01020408163265306,0.011022938199813238,0.025961440418948954,0.02705123822792215,0.028984079042406317,0.03475219506527109,0.028783768588073938,0.029552711990707158,0.02892980844121746,0.01020408163265306,0.01020408163265306,0.01020408163265306,0.03370357397891851,0.01020408163265306,0.01020408163265306,0.01020408163265306,0.0325080390817597,0.033036688603288754,0.032736299450515476,0.03496330297337726,0.0325881812927694,0.0328618392302035,0.0332765032759354,0.02471995995149069,0.024110350929663363,0.024647468619195072,0.03466995814557549,0.025202013379800305,0.02396858565183816,0.024675880633130247,0.01020408163265306,0.01020408163265306,0.01020408163265306,0.03388260262806325,0.01020408163265306,0.01020408163265306,0.012221564232750818,0.01020408163265306,0.01020408163265306,0.01020408163265306,0.03330914108309207,0.01020408163265306,0.01020408163265306,0.01020408163265306,0.027047942302799017,0.02550108997636877,0.024138113832119123,0.0014075264639530365,0.023363189611504694,0.021740465870708367,0.019813683640509325,0.0074688751772695565,0.006624453934364712,0.005096589594211997,0.00030327163090022527,0.0052980409598156804,0.004518419367537971,0.005062461006641204,0.02928874514427626,0.02840252562846381,0.026590445340435826,0.0011533739844116614,0.025477527630236807,0.02246482202929582,0.02486849638905067,0.0021616397962722442,0.0017330710708447277,0.0019375298284899397,0.00013212942151536285,0.002057607133949904,0.0018357564962910755,0.0015386566915453381,0.00859251341620682,0.008969527368878138,0.008612218618855295,0.000409002444067501,0.00808453198762996,0.009201641984014259,0.008471997899107343,0.025675890835278162,0.024255683085415508,0.023329605512912563,0.0010082379786945867,0.02101229667749078,0.021937365299960137,0.01884197438838609,0.021866159441283693,0.025606738860919142,0.025294756026192744,0.001473135180718227,0.027064082468679355,0.02820073572823796,0.02148288930504643
vanilla_deficit,2,119000,109.40327015449293,110.2534392910311,0.44289571046829224,1.504115343093872,26,0.6872,0.4025204081632653,0.0291,0.0263,0.024,0.0016,0.0232,0.0213,0.021,0.0063,0.0071,0.0062,0.0002,0.006,0.0043,0.0041,0.0301,0.0289,0.0255,0.0014,0.0247,0.0218,0.0221,0.0024,0.002,0.0024,0.0003,0.0015,0.0018,0.0015,0.0091,0.0107,0.011,0.0007,0.0097,0.0081,0.0093,0.0259,0.0247,0.0228,0.0014,0.022,0.0208,0.0175,0.0202,0.0226,0.0287,0.0017,0.0261,0.0251,0.022,0.0,0.0,0.01020408163265306,0.01020408163265306,0.01020408163265306,0.033871884755833664,0.01020408163265306,0.01020408163265306,0.01171814484847493,0.024967347948506587,0.0275862714642982,0.028835353167433707,0.03511014602688385,0.02871038132769657,0.02979821040796926,0.03002876153897626,0.01020408163265306,0.01020408163265306,0.01020408163265306,0.03368239601371839,0.01020408163265306,0.01020408163265306,0.01020408163265306,0.03293386806928066,0.03299068484701488,0.03304497514835825,0.03522455469006255,0.033165833440484474,0.03286371735680386,0.032948178979139334,0.02450820914863199,0.023356174830358258,0.023522856902856076,0.03476436103684836,0.02403561138928844,0.02362389234376116,0.02486476581228899,0.01020408163265306,0.01020408163265306,0.01020408163265306,0.03387282225309308,0.01020408163265306,0.01020408163265306,0.012306660818155384,0.01020408163265306,0.01020408163265306,0.01020408163265306,0.03317413951541545,0.01020408163265306,0.01020408163265306,0.01020408163265306,0.028960974912744783,0.02598522962273745,0.025328803175030862,0.0011790250764563506,0.025408508111490598,0.022136108142379367,0.01914327155484398,0.008454008992305816,0.006309758793009408,0.005266638167217884,0.0001836648146496823,0.005328032659637359,0.004453595363199253,0.004385457326913744,0.026358351183407812,0.02922934616445799,0.024804902634866014,0.0013313431440329238,0.024742080053545296,0.02355613076348466,0.023761874278000153,0.0019330376233517022,0.001887366193514783,0.001921850638954864,9.16988946965192e-05,0.0017856377684274572,0.00202848986368301,0.0019215339840821495,0.008823081761303253,0.009749129605531388,0.009497956883511809,0.0004616195938689682,0.009202973340299733,0.009533928354825274,0.008497405811957829,0.024899465242536972,0.023655727951549403,0.02212349009400493,0.0011782714814442278,0.023159857712738773,0.022268459367872934,0.01859207562599087,0.020997832013998578,0.02567565648226605,0.024531480524342654,0.0017789610378285345,0.025953756528479026,0.027864958418630622,0.020870495492796126
vanilla_deficit,2,120000,110.33971522131469,111.20041004102677,0.4104263186454773,1.5946049690246582,28,0.6931,0.3976285714285714,0.0288,0.0267,0.0251,0.0007,0.0234,0.0217,0.0179,0.0064,0.007,0.0065,0.0002,0.0064,0.0037,0.0058,0.0303,0.0285,0.0255,0.0012,0.0253,0.0212,0.0218,0.0028,0.0023,0.002,0.0002,0.0013,0.002,0.0019,0.0096,0.0113,0.0118,0.0009,0.0102,0.0091,0.0114,0.0255,0.0252,0.0226,0.0021,0.0224,0.0211,0.0176,0.0212,0.0228,0.0282,0.0013,0.0276,0.0244,0.0202,0.0,0.0,0.01020408163265306,0.01020408163265306,0.01020408163265306,0.03408849508538132,0.01020408163265306,0.01020408163265306,0.011569448222422948,0.024962105553749538,0.02755838121348273,0.028507657139150336,0.03545797921798512,0.029356004475902885,0.02960048408610874,0.029903668594689257,0.01020408163265306,0.01020408163265306,0.01020408163265306,0.03392709649904437,0.01020408163265306,0.01020408163265306,0.01020408163265306,0.03317991599166752,0.03294790491720409,0.03360465536240043,0.035683054783029515,0.03339484850587997,0.033369230967852964,0.03299957816099081,0.024018740556398552,0.022629297925798014,0.022943581399695805,0.035175158102681854,0.021831812985878385,0.023326050860691408,0.02384894228086029,0.01020408163265306,0.01020408163265306,0.01020408163265306,0.03411902248688352,0.01020408163265306,0.01020408163265306,0.013521119705755964,0.01020408163265306,0.01020408163265306,0.01020408163265306,0.03398596900004634,0.01020408163265306,0.01020408163265306,0.01020408163265306,0.02817434817948305,0.024996232411802745,0.024727849319146355,0.001391209543728143,0.024399881549966734,0.022199577580366288,0.019284882697778824,0.008618792675901342,0.006573802038353556,0.00586515488234605,0.0003125173721377016,0.005236005455564038,0.004926250378208369,0.004726505616285959,0.028150374261929664,0.02853940649030118,0.02578472685597035,0.001518337260977717,0.022845838405001772,0.022121716900054753,0.024286172439475673,0.0021068638053050193,0.0023286728766509467,0.001850437259019679,0.0001352336459158601,0.002015694386347127,0.001996809876779635,0.002248909267213891,0.009439971511552719,0.01045625925633802,0.010364959748546912,0.0005352851397773788,0.011240658747940384,0.010024640152078068,0.009651840354370698,0.024303930175993735,0.02454264782217114,0.022134550347770236,0.001367164234815504,0.02226463725681315,0.02111862599991499,0.01774762300964726,0.020615451738646193,0.025142473424263272,0.024938835844455727,0.0014719655619993342,0.02596839501674593,0.0267647358556968,0.02172803146781996
vanilla_deficit,2,121000,111.23052467335947,112.10336929105688,0.47491225600242615,1.3682690858840942,30,0.6966,0.3883285714285714,0.0311,0.0264,0.0253,0.0012,0.0224,0.022,0.0217,0.0068,0.0067,0.0068,0.0003,0.0065,0.0042,0.0058,0.0296,0.0276,0.0241,0.0011,0.0244,0.0205,0.0222,0.0027,0.002,0.0021,0.0002,0.0011,0.0021,0.0021,0.0107,0.0119,0.0124,0.0011,0.011,0.0105,0.0123,0.0259,0.0249,0.022,0.0016,0.0218,0.0211,0.0185,0.0203,0.0225,0.0276,0.0015,0.026,0.0244,0.0196,0.0,0.0,0.01020408163265306,0.01020408163265306,0.01020408163265306,0.034222165021445275,0.01020408163265306,0.01020408163265306,0.011711725654891769,0.024439339722569606,0.027837576165938772,0.029600175347488426,0.0356272825725842,0.02876725671933674,0.029520405219419024,0.02972000977492078,0.01020408163265306,0.01020408163265306,0.01020408163265306,0.034714105878634424,0.01020408163265306,0.01020408163265306,0.01020408163265306,0.03356469440677777,0.0336554650862003,0.03338066224948478,0.035794007388917096,0.033179932874762785,0.03356107296461765,0.03364282034851573,0.022345072443633818,0.022037015755570342,0.022265285616009843,0.03528884725786322,0.022597387120770532,0.024252745885038535,0.022550808700584596,0.01020408163265306,0.01020408163265306,0.01020408163265306,0.034834326570470135,0.01020408163265306,0.01020408163265306,0.01221222180152809,0.01020408163265306,0.01020408163265306,0.01020408163265306,0.03418779553365845,0.01020408163265306,0.01020408163265306,0.01020408163265306,0.027011362708036193,0.024424917102821075,0.026773863375317265,0.0013603242830122265,0.025343087567981214,0.02327359461416533,0.019216548787967486,0.009152778087232132,0.006447576831737735,0.004986577488929177,0.0002579176607694682,0.005679119130741554,0.005088224871859139,0.004931622042696127,0.02721355832733462,0.027835029141080856,0.025364474313295516,0.0010134270045741003,0.023702259215385733,0.021306525117736164,0.0236249472499842,0.0018761529828615617,0.0018049374478910142,0.00202053824709869,0.00012711113752262681,0.0021780235705101065,0.0018789942411008862,0.0018539205716485733,0.010913055245584051,0.011037558366181654,0.010858465730406826,0.0006015673009298609,0.010558847878430606,0.009299173157165753,0.010673516695583102,0.025522939924671702,0.024060365118532556,0.021380966902492145,0.0008800435086525389,0.02190045523678932,0.022440595308329186,0.01898012682538924,0.02097893963858583,0.024733055277057093,0.02378552107296421,0.001387289394157967,0.025381836413260417,0.02770811476181077,0.021330223440508368
vanilla_deficit,2,122000,112.12656174879521,113.01049833302386,0.4198147654533386,1.7265021800994873,30,0.6989000000000001,0.3858285714285714,0.0287,0.0257,0.0246,0.0008,0.0228,0.022,0.0175,0.007,0.0066,0.0069,0.0002,0.0066,0.0048,0.0056,0.0306,0.0278,0.025,0.001,0.0241,0.0208,0.0226,0.0029,0.0027,0.0024,0.0001,0.0016,0.002,0.0018,0.0121,0.012,0.013,0.0009,0.0113,0.0108,0.0129,0.0258,0.0245,0.0225,0.0013,0.0223,0.0219,0.0196,0.0208,0.0222,0.0277,0.0013,0.0265,0.0244,0.0199,0.0,0.0,0.01020408163265306,0.01020408163265306,0.01020408163265306,0.03468874827136624,0.01020408163265306,0.01020408163265306,0.01255051047875455,0.02520260673104293,0.02662655640503088,0.029275967566469045,0.036292552279319296,0.02867708828465519,0.031298615856814344,0.029192464953506088,0.01020408163265306,0.01020408163265306,0.01020408163265306,0.03498968830986416,0.01020408163265306,0.01020408163265306,0.01020408163265306,0.03362835936293305,0.03384676265264635,0.03389382640729994,0.036449684694831196,0.03425841252404418,0.034475866254036425,0.03425516283031103,0.02238392209877986,0.0210957070406284,0.02149803117271363,0.035831842961444406,0.022292475380385302,0.02044321369736557,0.021635008809123828,0.01020408163265306,0.01020408163265306,0.01020408163265306,0.03523100977112378,0.01020408163265306,0.01020408163265306,0.010979940705649392,0.01020408163265306,0.01020408163265306,0.01020408163265306,0.034516178581493556,0.01020408163265306,0.01020408163265306,0.01020408163265306,0.02752626002910191,0.026493653529222064,0.024521267452398153,0.0014933735006835225,0.024310571845786756,0.020859349962441664,0.018602555183697203,0.008796695738744963,0.007667206721092157,0.005677413679795868,0.0002261563465291807,0.0062141460742087574,0.0040894556170048705,0.005780420478622878,0.029045102297609142,0.028133067418897744,0.024826272936823626,0.0012238583349776118,0.023911002143644798,0.022475579703644524,0.0246740412601633,0.002344456401335868,0.0021381458988281557,0.0021021056039834296,0.00010582811036536321,0.00190103929762737,0.0016563934451860167,0.0018254028351688339,0.010955176845252181,0.012019786048667847,0.011672633375025172,0.0005789564955215027,0.011103329549539291,0.012480387305809696,0.011528676685437153,0.024503356556245633,0.02358031277546996,0.021594172761875082,0.001039060146219126,0.020410435430486835,0.021877618349672757,0.01984432235767735,0.021780203760841842,0.0247635480129926,0.023217627303104837,0.0015864607314063058,0.025836857430183206,0.02805770581522294,0.022171747433068323
vanilla_deficit,2,123000,113.04483182926197,113.9400909160031,0.4309121370315552,1.5436214208602905,30,0.6983,0.3779204081632653,0.0289,0.0256,0.0241,0.001,0.0229,0.0221,0.0192,0.0061,0.006,0.0069,0.0002,0.0063,0.0046,0.006,0.0302,0.027,0.0245,0.0013,0.024,0.0212,0.0219,0.0031,0.0025,0.0022,0.0003,0.0017,0.0022,0.0022,0.0125,0.0129,0.0144,0.0009,0.0127,0.0119,0.0143,0.0254,0.0223,0.022,0.0014,0.0209,0.0215,0.0188,0.0213,0.0215,0.0277,0.0015,0.0254,0.0235,0.0213,0.0,0.0,0.01020408163265306,0.01020408163265306,0.01020408163265306,0.0348462923261043,0.01020408163265306,0.01020408163265306,0.013006255061489488,0.025358006658052122,0.026912926184155535,0.029388344061426826,0.03636592413123036,0.02913779898560745,0.030592457221781826,0.030143008373753583,0.01020408163265306,0.01020408163265306,0.01020408163265306,0.03483396819878299,0.01020408163265306,0.01020408163265306,0.01020408163265306,0.03367051876645283,0.03399687521400053,0.03411465553550673,0.03659045796191968,0.03422213688985954,0.03397616056560362,0.03387853331093618,0.020227042339242888,0.019259373659702473,0.02086332871326623,0.03594637638215846,0.021540938648349724,0.02073357949184053,0.0216001435597516,0.01020408163265306,0.01020408163265306,0.01020408163265306,0.0349813592104105,0.01020408163265306,0.01020408163265306,0.012260939060082552,0.01020408163265306,0.01020408163265306,0.01020408163265306,0.03504195294288409,0.01020408163265306,0.01020408163265306,0.012224932259933038,0.028018788313585914,0.02475316537816598,0.025665488534759834,0.0014100429766099097,0.02437884290689025,0.021796964465658614,0.01818411689425894,0.008724661887131618,0.007577823574734539,0.0056898801651905,0.00025105528497063154,0.005841902543840691,0.0046543436759914,0.005036190316945188,0.027879333805951458,0.027629455459536906,0.02450524517752685,0.0014194423007273783,0.02438360576956707,0.02229789328807632,0.02463097458120287,0.0023849030141329733,0.002057873572597199,0.001968045271766338,7.980857557186773e-05,0.0018860717526840032,0.002112734651205297,0.0021481301785685135,0.01259886605586057,0.013375946860945426,0.012113585296821924,0.0005710345559947494,0.011635850522742028,0.01232972949812609,0.01159069631935677,0.024240387057435486,0.02292500316943399,0.02149952272252666,0.0013070306180037643,0.02189811849990906,0.022265204242973333,0.018830677004065547,0.02110383658121467,0.023434231778334487,0.024463972205527092,0.0012608171932185716,0.02561356504501685,0.027570780798585024,0.019014388549716165
vanilla_deficit,2,124000,113.964285524562,114.87059687508736,0.44694313406944275,1.5728366374969482,30,0.6931,0.3737204081632653,0.0276,0.0241,0.0243,0.0016,0.0224,0.0221,0.0226,0.0068,0.0069,0.0066,0.0002,0.0061,0.0042,0.0053,0.029,0.0263,0.0243,0.0009,0.023,0.021,0.0211,0.0026,0.0019,0.0019,0.0002,0.0022,0.0018,0.0023,0.0123,0.0137,0.0155,0.0007,0.0137,0.0128,0.0151,0.0251,0.0223,0.0218,0.002,0.0207,0.0214,0.0184,0.0205,0.0219,0.0272,0.0012,0.0245,0.0226,0.0204,0.0,0.0,0.01020408163265306,0.01020408163265306,0.01020408163265306,0.03539853232267217,0.01020408163265306,0.01020408163265306,0.011049481297090269,0.024594588617305613,0.02774698531968494,0.029199105523002422,0.03669907459397073,0.03029115133477466,0.03035580892574563,0.03004965173244291,0.01020408163265306,0.01020408163265306,0.01020408163265306,0.035243886245318455,0.01020408163265306,0.01020408163265306,0.01020408163265306,0.0340233601888945,0.03453794012382094,0.03427713726425181,0.037072734237061394,0.03519023520920393,0.03455777915205234,0.03455632647564006,0.019458845202582183,0.018831159750856842,0.020029339071688218,0.03627228770660903,0.019330204228427836,0.019975343191242816,0.020112272102728528,0.01020408163265306,0.01020408163265306,0.01020408163265306,0.035450830969537016,0.01020408163265306,0.01020408163265306,0.013264278286152446,0.01020408163265306,0.01020408163265306,0.01020408163265306,0.03577222514963321,0.01020408163265306,0.01020408163265306,0.012373721491894694,0.02724100250774765,0.026184592487181697,0.025091045848687595,0.0013929186543508749,0.0239605914251115,0.021108986601907073,0.01964968741284584,0.009476316756843448,0.007156788892321336,0.006148452687395107,0.00038080397870836157,0.005292332890222236,0.0052439567543944585,0.0053558328762437985,0.02735802087047233,0.02694840301295726,0.02528203888570718,0.0014695607380037872,0.023230886537418394,0.022427835200771327,0.023064479500140067,0.002460870615451775,0.0019977422700993733,0.0022319347520446324,0.00010123572730801467,0.00154876438417706,0.002061023915900727,0.001983985793255402,0.013436013964927456,0.013866579179381257,0.012931051396649056,0.0007001214806826343,0.013415074301341628,0.012971450551757389,0.012790876766992785,0.02514384764167135,0.02178978917433401,0.02101905283276113,0.00131472685172222,0.021751521871273497,0.022267129238017005,0.018070724383971844,0.02242722443563408,0.024105794416138346,0.023156103182046257,0.001074263075124489,0.023237686565064614,0.025863493272100916,0.01889327969777029
vanilla_deficit,2,125000,114.86219923221506,115.7793428330915,0.4227973520755768,1.3331615924835205,30,0.6979,0.3662367346938775,0.0272,0.0254,0.0232,0.0012,0.0226,0.021,0.0197,0.0072,0.0068,0.0069,0.0003,0.0067,0.0057,0.0053,0.0292,0.0268,0.0241,0.0014,0.0229,0.0209,0.022,0.0028,0.002,0.0022,0.0001,0.0022,0.0013,0.0018,0.0136,0.0157,0.0157,0.0011,0.015,0.0136,0.0164,0.0251,0.022,0.0225,0.0016,0.0206,0.0212,0.0176,0.0204,0.0223,0.0269,0.0012,0.0243,0.0221,0.0201,0.0,0.0,0.01020408163265306,0.01020408163265306,0.01020408163265306,0.035727906341093095,0.01020408163265306,0.01020408163265306,0.011566973152425239,0.025436433621859485,0.027317120181888595,0.02946943289917873,0.037473076658042635,0.02949771139276936,0.030228376546937823,0.030133981984145575,0.01020408163265306,0.01020408163265306,0.01020408163265306,0.035682512519159965,0.01020408163265306,0.01020408163265306,0.01020408163265306,0.03448862088580805,0.034424281482515154,0.03532887681967365,0.03772189421416956,0.03586540445702396,0.035588710818342355,0.03489065266788389,0.018194039369970418,0.01800880862597179,0.019319978791948494,0.03704532023176703,0.018250995740888912,0.018557121282205297,0.019574561809688907,0.01020408163265306,0.01020408163265306,0.01020408163265306,0.03636502634342691,0.010567139836522646,0.01020408163265306,0.012667207401177667,0.01020408163265306,0.01020408163265306,0.01020408163265306,0.036322119637800465,0.01020408163265306,0.01020408163265306,0.01020408163265306,0.02641092731709623,0.026966223356541905,0.024903382556110368,0.0015177029830165856,0.024005674794148297,0.02255441232149981,0.019401600608847044,0.00909130853409824,0.007675366918862613,0.006177751179881117,0.00024003736185120684,0.006078923066420961,0.005661179540493174,0.005613099729601364,0.028514062355979076,0.027607005506611333,0.023944355802208335,0.0015509364875828538,0.02373555549699076,0.022165200863497492,0.0235185081382443,0.002464065134889908,0.002472106486517018,0.0018098385392978998,5.787426045177005e-05,0.0014170385298147025,0.0016196101334600011,0.0021306690781101884,0.01447170005828411,0.014568247791446687,0.013569257754119352,0.0005532043202717512,0.014390938936480767,0.014205882291144709,0.013617248670949742,0.02345528931293904,0.022014361771888098,0.0209814253076119,0.0010903202795698554,0.020211718722766975,0.02050455503659588,0.018635164951328054,0.021514974069567244,0.02281213866621988,0.02352393928898966,0.001082670428618454,0.022922672117293746,0.02524102448816571,0.020672503438589774
vanilla_deficit,2,126000,115.77276939363219,116.70037979108747,0.41863417625427246,1.5564558506011963,30,0.694,0.36503673469387754,0.0276,0.0247,0.0231,0.0016,0.0229,0.0213,0.0183,0.0081,0.0072,0.0073,0.0001,0.0069,0.0049,0.0057,0.0288,0.0263,0.0237,0.001,0.0226,0.0208,0.0213,0.0027,0.0022,0.0023,0.0,0.0022,0.0012,0.0013,0.0144,0.0159,0.0169,0.0014,0.016,0.0148,0.0173,0.0258,0.0213,0.0222,0.0016,0.0209,0.0205,0.0154,0.0193,0.0214,0.0266,0.0014,0.0237,0.0217,0.0194,0.0,0.0,0.01020408163265306,0.01020408163265306,0.01020408163265306,0.03591367431874525,0.01020408163265306,0.01020408163265306,0.01348795499731528,0.024028447525405096,0.027717720337082197,0.029468659206176362,0.03761080143218378,0.029536026704522607,0.030415071018549476,0.030325536237683207,0.01020408163265306,0.01020408163265306,0.01020408163265306,0.036585848387037184,0.01020408163265306,0.01020408163265306,0.01020408163265306,0.034946512089486285,0.035448987878161954,0.03546631738208326,0.03790640277064323,0.03570069783426328,0.03571666182568478,0.03588963342365458,0.0188451876578228,0.016078521206907816,0.01686592887111393,0.03703146285523542,0.017804842326160905,0.01687414720223797,0.017564054193811483,0.01020408163265306,0.01020408163265306,0.01020408163265306,0.03680526427680681,0.010602243218030152,0.01020408163265306,0.01220365301501963,0.010499293012995898,0.01020408163265306,0.01020408163265306,0.03692057792587848,0.01020408163265306,0.01020408163265306,0.011862319848892751,0.02654764010876929,0.02585874835163962,0.023747435816120578,0.001608972857293381,0.023336642675971492,0.021827011592797433,0.01801926079211943,0.010340507321778781,0.007549355193334558,0.006358409338041109,0.00033984196632358486,0.006270519246025012,0.005594330265407188,0.00562016208178686,0.027292902572752208,0.026261868743664894,0.024765131778359907,0.0010827222921871251,0.023018895140625276,0.022199183986591466,0.024167852767675774,0.002270904217877549,0.0019067125318315461,0.0018941522027695757,0.00012559174317404773,0.0017633370410405614,0.0017127039279227734,0.0015873350657359545,0.014136368045559101,0.016024445161673777,0.015688111420485318,0.0007597433782630561,0.014851342115971031,0.015486842319319648,0.015064926529019477,0.024036506705334613,0.02185245953021411,0.021611738792523132,0.000962753362929419,0.019993621307020926,0.021596589737481922,0.018989178300193026,0.020146364049000144,0.02179911839346174,0.02375873690094888,0.0008401121647592764,0.022674655485604205,0.023945353965153963,0.019197512200331633
vanilla_deficit,2,127000,116.68727660411969,117.62688412505668,0.4492327570915222,1.5184475183486938,30,0.7089000000000001,0.34614489795918363,0.027,0.0253,0.0236,0.0014,0.0232,0.0217,0.0217,0.0092,0.0089,0.0079,0.0,0.0079,0.005,0.0067,0.0277,0.0254,0.023,0.0009,0.0226,0.0196,0.0209,0.0023,0.0018,0.0027,0.0,0.0023,0.0016,0.0022,0.015,0.0173,0.0183,0.0012,0.017,0.0171,0.0181,0.0249,0.0208,0.021,0.002,0.0204,0.0205,0.0185,0.0199,0.0211,0.0263,0.0007,0.0242,0.0219,0.0202,0.0,0.0,0.01020408163265306,0.01020408163265306,0.01020408163265306,0.036764068920247014,0.01020408163265306,0.01020408163265306,0.011458563379953775,0.023884001105332352,0.02611262612311023,0.029054422145428117,0.03801623173375666,0.029376071963930925,0.031187435765388606,0.02940981133472366,0.01020408163265306,0.01020408163265306,0.01020408163265306,0.03708029866816698,0.01020408163265306,0.010721030120785053,0.01020408163265306,0.03543340447624486,0.03608317817760714,0.03574504232888643,0.03834523392415857,0.03620235629721651,0.036165920886264975,0.03570575669897207,0.018386167860980275,0.01580963209944387,0.0181086407204281,0.03764461966372732,0.016219781472360157,0.016016616379297032,0.016299765857290198,0.01020408163265306,0.01020408163265306,0.01020408163265306,0.03730187478742716,0.011123343026890964,0.010398345449585752,0.011793757462956545,0.011817304322960694,0.01020408163265306,0.01020408163265306,0.036838808132058594,0.01020408163265306,0.01020408163265306,0.012026500959317416,0.02635174163283919,0.02477722510560839,0.022596593956589604,0.001245806860835932,0.024636797738128543,0.02312770265176882,0.019582081593318656,0.010556668366427328,0.008965896315489108,0.00678794435737186,0.0003520245551246773,0.006636478673707275,0.005304481343282938,0.0065342708209863475,0.02742838423012302,0.026761973736935632,0.023810930290220834,0.0010200849737291037,0.022488860729167906,0.020069463553900366,0.02210416098295965,0.0022346854087624156,0.0017708829138086402,0.0020122411742940645,0.00011718581598557429,0.0016467521675825405,0.0017118219289853334,0.002001220395791735,0.014598158697127196,0.016281016238772608,0.014679067518870631,0.0006172778346482948,0.016105442886704447,0.016250460262527196,0.01604835076800201,0.024013346213705697,0.0225488016384741,0.020452085675728638,0.0008619259766512115,0.019782296299804325,0.02022166790590677,0.019264698138160355,0.01940414060594513,0.022849677414529174,0.023671570066794493,0.0012315211984889243,0.02398240839624888,0.023509198830980977,0.019059505469964686
vanilla_deficit,2,128000,117.59978437039535,118.55192979099229,0.4446883201599121,1.5311510562896729,30,0.6936,0.3504612244897959,0.0274,0.0248,0.0229,0.0014,0.0226,0.0196,0.0211,0.0089,0.0088,0.0089,0.0003,0.0077,0.005,0.0062,0.0254,0.0252,0.0224,0.0008,0.0215,0.0188,0.0213,0.0021,0.002,0.0022,0.0,0.0026,0.0012,0.0014,0.0166,0.0185,0.0188,0.0016,0.0176,0.0167,0.0187,0.0244,0.0207,0.0207,0.0014,0.0198,0.0199,0.017,0.0178,0.0206,0.0258,0.0006,0.0232,0.021,0.0197,0.0,0.0,0.01020408163265306,0.01020408163265306,0.01020408163265306,0.03785380518014524,0.01020408163265306,0.01020408163265306,0.01083249417927807,0.023861401815568457,0.026973806167920854,0.030748015948605927,0.03894084856352689,0.029649629456829064,0.031524268499724485,0.03044260354267824,0.01020408163265306,0.01020408163265306,0.01020408163265306,0.037555420888709536,0.01020408163265306,0.010515258455996154,0.01020408163265306,0.03659088494913402,0.036506017792920675,0.03666877647056186,0.03927208518691847,0.03660791380578494,0.03691565637308961,0.03652382612368451,0.01566472722998971,0.014631642907366953,0.014510951514291815,0.038119694737369696,0.0147691777407714,0.014607255938759667,0.013957466822009712,0.01020408163265306,0.01020408163265306,0.01020408163265306,0.03799213681479517,0.011843467122546454,0.01020408163265306,0.01260445793006015,0.01020408163265306,0.01020408163265306,0.01020408163265306,0.03814715864383687,0.01020408163265306,0.01020408163265306,0.011291598176717127,0.026296745885108594,0.024512967484200208,0.02387134479614838,0.0011289836067310557,0.02365413134720654,0.022075346167000534,0.01992591216107815,0.01088000980570994,0.008650290186318604,0.006119316708982743,0.00033845168632584357,0.006839565081920261,0.005504570941500159,0.006369509773940579,0.025189951669679876,0.0251754328227336,0.0228717326203867,0.0012961931598718152,0.022225233841148613,0.020028028645400174,0.022624861742639637,0.0019629735980342643,0.0020997669765608715,0.001948189952280842,0.00010946892703365382,0.001951201606931369,0.0017384602092816858,0.0020093311376357015,0.01646821826970971,0.01726051097361125,0.017383007026115775,0.0009061125536283438,0.01716543360768088,0.017277369602664072,0.017843754124985914,0.024752748977688047,0.021652840690117255,0.020830909981110306,0.0009942929147901754,0.019422342479062684,0.02110510533647252,0.018818147103401114,0.02042474063211599,0.022187851441040657,0.023186151033845855,0.0008871268478226122,0.022821085664040758,0.023455610916002494,0.019608535117865776
vanilla_deficit,2,129000,118.52237907308154,119.48546674998943,0.42121392488479614,1.9237942695617676,32,0.6965,0.34106938775510204,0.0248,0.0224,0.0209,0.0011,0.0217,0.0192,0.0209,0.0104,0.0106,0.0091,0.0004,0.0088,0.0051,0.0075,0.026,0.0238,0.0237,0.0007,0.0215,0.019,0.0212,0.0029,0.0014,0.0019,0.0,0.003,0.001,0.0015,0.017,0.0176,0.0196,0.0011,0.0178,0.0176,0.0194,0.0249,0.0194,0.0216,0.0017,0.0194,0.0206,0.0184,0.0184,0.0204,0.0264,0.0007,0.0229,0.0208,0.0203,0.0,0.0,0.01020408163265306,0.01020408163265306,0.01020408163265306,0.03889411227077424,0.01020408163265306,0.01020408163265306,0.013377288926793764,0.022003652376501787,0.026407435781939624,0.028089024215071652,0.03970341079685217,0.028741025587891898,0.030335813248815784,0.028495895107566616,0.01020408163265306,0.01020408163265306,0.01020408163265306,0.038969882794879285,0.01020408163265306,0.01020408163265306,0.01020408163265306,0.03696074770879497,0.03680430302202951,0.037422570905160144,0.04009897192435097,0.037754507360031414,0.03751193698321552,0.037940025372218286,0.015687843665539884,0.013183249732784938,0.012974106459181584,0.03871591905807952,0.014892148074483066,0.013944443274290133,0.012808318557402339,0.01020408163265306,0.01020408163265306,0.01020408163265306,0.03864169637251646,0.010603452594872194,0.01020408163265306,0.013052247973190954,0.011207558311379776,0.01020408163265306,0.01020408163265306,0.038829613411792384,0.01020408163265306,0.01020408163265306,0.012071247111190913,0.024335008242823385,0.02241956836439423,0.022033155039449876,0.0009064242275126298,0.022132198018974515,0.02077420558315477,0.018304075250834148,0.012345509854087949,0.009461536119635454,0.00825233120242161,0.0004011315857657451,0.0077356531984506685,0.006780145227935485,0.007978659306057062,0.026432844377504094,0.025523620170524838,0.022590579854057602,0.0008554590112662513,0.02164475754217042,0.021404491990428407,0.02316905579846782,0.0022068552875876037,0.002312084034330136,0.0018962210488998172,9.600443015257377e-05,0.0017120144953676308,0.001875173611071371,0.0015872302772250407,0.01686712381224059,0.018395528536487456,0.018497141217127536,0.0010653440958744097,0.017285141767706104,0.01780540505282412,0.018686779452188426,0.02483629822459404,0.020828802783838106,0.021091299457541148,0.0011152681958432056,0.020247954383568644,0.02112819381368238,0.0184445812116855,0.019607242238073926,0.0219546081205279,0.022721580994137378,0.000949807829968617,0.021349068842784223,0.02444605560750197,0.01898724029002516
vanilla_deficit,2,130000,119.42457800009288,120.39913625002373,0.44766783714294434,1.514916181564331,34,0.7054,0.3298775510204081,0.0215,0.0214,0.02,0.001,0.0202,0.0167,0.0178,0.0131,0.0124,0.0108,0.0001,0.0105,0.0073,0.0062,0.0261,0.026,0.0232,0.001,0.0224,0.0201,0.0219,0.003,0.0018,0.0021,0.0,0.0027,0.0012,0.0014,0.0178,0.0199,0.0197,0.0012,0.0184,0.0177,0.0205,0.0241,0.0211,0.0209,0.0017,0.0191,0.0204,0.0185,0.019,0.0219,0.0267,0.0008,0.0227,0.021,0.0204,0.0,0.0,0.01020408163265306,0.01020408163265306,0.01020408163265306,0.038857097666021904,0.01020408163265306,0.012508859782815058,0.014333814620121968,0.021203462489271997,0.02484701140911688,0.027804381326654193,0.039716336417555634,0.028467166326315324,0.028967057247439837,0.03016250077933022,0.01020408163265306,0.01020408163265306,0.01020408163265306,0.0384392381555933,0.01020408163265306,0.01020408163265306,0.01020408163265306,0.03772721967550298,0.03738210468896125,0.03737158541397538,0.04022908387737076,0.03765935467485565,0.03743394616343668,0.037734242250489096,0.014316804120358028,0.012161395503828684,0.013408378943672371,0.03889123961020181,0.013455769928191398,0.014493635470646275,0.012608333968658297,0.01020408163265306,0.01020408163265306,0.01020408163265306,0.03922540795092281,0.01228779803929276,0.01041591297125547,0.013584395675894036,0.01020408163265306,0.01020408163265306,0.01020408163265306,0.03818427103305856,0.01020408163265306,0.01020408163265306,0.012448724431436312,0.02430628052967313,0.023148795428378787,0.020849571880612292,0.0010006728880635858,0.02132516550005872,0.018815656655623916,0.017826936898673824,0.012988486159873643,0.010507497158761005,0.008525451594367947,0.0004248063567470616,0.008159374446731801,0.007707157305353603,0.006945026983375216,0.02440418930826187,0.02581359955820656,0.023439405494552062,0.0012807246273719222,0.021620463492884497,0.020689444028287346,0.02391148243633588,0.00183604832404498,0.0019892212838383302,0.0020353338597191733,8.11601925138527e-05,0.0018424693202802375,0.0019544768428651884,0.0017532167557123151,0.017603962429059046,0.01900946662411899,0.018329981472707178,0.0010168532695229758,0.018102907274550606,0.017602636586711833,0.01867086350983227,0.02366969556998908,0.022278206077221138,0.02077056100725628,0.0007538293118916624,0.018924750950486506,0.020257423605872973,0.01813388909186311,0.02080087858693081,0.0224102524630704,0.022567177354777517,0.0014516049935003686,0.022956968847582145,0.02354601598828716,0.01897314719845825
vanilla_deficit,2,131000,120.34368857881054,121.3292655000696,0.45247024297714233,1.3925244808197021,34,0.7096,0.32227755102040817,0.0217,0.0216,0.0201,0.0015,0.0194,0.0176,0.0182,0.0126,0.0132,0.0113,0.0001,0.0115,0.0076,0.009,0.0249,0.0248,0.0223,0.0011,0.0225,0.0198,0.0208,0.0025,0.0019,0.002,0.0,0.0024,0.0011,0.0011,0.0179,0.0201,0.02,0.0017,0.0188,0.019,0.0209,0.0245,0.0206,0.0211,0.0015,0.0201,0.0219,0.0196,0.0191,0.0205,0.027,0.0005,0.0229,0.02,0.0193,0.0,0.0,0.01020408163265306,0.01020408163265306,0.010207295995450283,0.039771964421257265,0.010264155195557123,0.013124774320254834,0.014948556346703102,0.01910087405616824,0.022600179419505997,0.024600037793360494,0.040964170809097034,0.027473458340082434,0.0283048087161177,0.029680650468064576,0.01020408163265306,0.01020408163265306,0.01020408163265306,0.03989295112748013,0.01020408163265306,0.01020408163265306,0.01020408163265306,0.03849713382323564,0.03851617847188912,0.038713196843291206,0.041395973019136806,0.03865102987063932,0.03853895695654875,0.039159457739469945,0.013896457525906162,0.010381976254265683,0.012356959999472417,0.039925855356897924,0.01273562220091361,0.01358708698955671,0.011963960825413386,0.01020408163265306,0.01020408163265306,0.010289169143982707,0.039867431167765185,0.011340740194220881,0.01020408163265306,0.011800811381474294,0.011577856519587978,0.01020408163265306,0.01020408163265306,0.039996950784966886,0.01020408163265306,0.01020408163265306,0.012812093432470202,0.021208712999282772,0.021162569201801894,0.020475445774873046,0.0011319346207281518,0.020477832431994095,0.018749837140875008,0.017260944526807504,0.01446539096450491,0.012325424416433636,0.01107451992143857,0.00036292671914787825,0.00918201733964523,0.008606709593290475,0.007836439024483853,0.02531864882451361,0.023929377882663194,0.023562931950149156,0.0011320196655487974,0.021388201009922267,0.020598544014459024,0.022535208842336417,0.001993300048354045,0.001941953194364057,0.0018148705969966647,8.440169627655256e-05,0.0018549701080161,0.0019663229072191977,0.001527019299748064,0.01801770396014764,0.020167459411816052,0.019088849777991097,0.0010326704776264823,0.01884460161097222,0.01817819448166763,0.01922515821061525,0.02275991192768065,0.022760316445355554,0.020305447705502775,0.0010703557840841236,0.019783403699570216,0.022336881984683928,0.019330394361677085,0.019669519252077865,0.021915044210007242,0.022185822255291157,0.0010258743523843155,0.021932368186138834,0.023572895327150307,0.018678087935646865
vanilla_deficit,2,132000,121.2461115848273,122.24278333305847,0.4714031219482422,1.4966572523117065,35,0.7187000000000001,0.31009387755102036,0.0199,0.0209,0.0194,0.0013,0.0192,0.0171,0.0181,0.0174,0.0155,0.0147,0.0002,0.0127,0.009,0.01,0.0265,0.024,0.0218,0.0014,0.0209,0.019,0.0198,0.0022,0.0024,0.0017,0.0,0.0024,0.0007,0.0013,0.0185,0.0209,0.0204,0.0013,0.0191,0.0193,0.0209,0.0246,0.0203,0.0211,0.0017,0.0201,0.0216,0.0195,0.0194,0.0208,0.0268,0.0008,0.0233,0.0204,0.0184,0.0,0.0,0.011490029378234208,0.010260821851705003,0.01217590811869854,0.04053641544449147,0.01020408163265306,0.01412096964106712,0.011907126812842714,0.014716076247766257,0.019297128155209682,0.023892574092105053,0.041127141186429045,0.02570185840203088,0.027972764546265683,0.02751992918152784,0.01020408163265306,0.01020408163265306,0.01020408163265306,0.04043260384100928,0.01020408163265306,0.01221763491897782,0.01020408163265306,0.038892899019544576,0.03944400817772834,0.03925304753678675,0.04201754508790793,0.039386553244520645,0.03887805272196952,0.0389382570657848,0.013108333532922555,0.0130423098444806,0.013493954366421857,0.0404672766731675,0.012612292714852345,0.012380033795618561,0.011650747075322317,0.01020408163265306,0.01020408163265306,0.01020408163265306,0.040409376759281315,0.010889204100165419,0.01020408163265306,0.011727607291273636,0.010961400295497484,0.01020408163265306,0.01020408163265306,0.040542822021859964,0.01020408163265306,0.01020408163265306,0.01567815399939044,0.019428600805257875,0.020363453817828822,0.019072277396784673,0.000991014697658216,0.0205826388492556,0.01795742658895868,0.019320653497551202,0.017736724945906883,0.014522501080002286,0.011611659766919375,0.0006168379761940224,0.010465625282178424,0.008988128403111768,0.009353087783453621,0.02391919232663813,0.023984371301987988,0.022349656685307785,0.001095833406814596,0.02208781372988984,0.019202096861906538,0.02224456448112864,0.002071111207014393,0.0016829658698559575,0.0018429864075433927,5.283950959342536e-05,0.0017584213979794426,0.0020805151292716084,0.002042380573102083,0.018598849218923963,0.018640669856702763,0.018237402278436763,0.0010348084871335335,0.01899117574061343,0.01898204287934631,0.019443986713235738,0.024341039209963847,0.021976026812821303,0.020525729231756315,0.0010714833743323425,0.020004487261597072,0.022272006129547967,0.01947342701647381,0.019958756842633214,0.023262882279738672,0.023238287244193155,0.0010260191518590154,0.022319305240308104,0.023144862398968423,0.01685388942354269
vanilla_deficit,2,133000,122.17153763468377,123.17963920801412,0.442626029253006,1.5346190929412842,35,0.713,0.31558571428571425,0.0188,0.0196,0.0181,0.0009,0.0169,0.0149,0.0136,0.0189,0.0176,0.0154,0.0003,0.0137,0.0099,0.0119,0.0254,0.0239,0.0219,0.001,0.0208,0.0192,0.0203,0.0028,0.0021,0.0021,0.0002,0.0028,0.001,0.0016,0.0188,0.0214,0.0207,0.001,0.0189,0.0189,0.0214,0.0253,0.0212,0.0219,0.0013,0.0196,0.0217,0.0189,0.0186,0.0206,0.026,0.0009,0.0221,0.0199,0.0183,0.0,0.0,0.012126270129203181,0.01020408163265306,0.012614210006417919,0.04138077390632234,0.011896838830483834,0.014229982079456553,0.014940003207217212,0.01020408163265306,0.016440672613520925,0.02210815977099645,0.04238077891096452,0.024467595069607405,0.026428257993466625,0.027218074376802917,0.01020408163265306,0.01020408163265306,0.01020408163265306,0.041528019490967204,0.011385877834432399,0.01020408163265306,0.01020408163265306,0.039908703401532006,0.040479466420200956,0.04017687117351225,0.04321851085426936,0.04062069541971464,0.0402918378970396,0.04073789379405124,0.013108913439774786,0.011038719209727571,0.01020408163265306,0.04202870887259283,0.012293230245529797,0.011608138604871795,0.012377532292604923,0.01020408163265306,0.01020408163265306,0.01020408163265306,0.04170641983205474,0.01020408163265306,0.01020408163265306,0.01020408163265306,0.013100214469227652,0.01020408163265306,0.01020408163265306,0.041647199871733806,0.01020408163265306,0.01020408163265306,0.012837960593947425,0.019228080068720402,0.02125551606600153,0.01889168416902471,0.0012061018858227225,0.019289762432763327,0.01802427699651652,0.017474427593624053,0.020535049503704654,0.016599034937913898,0.013145467597029697,0.0006357965074680897,0.011551460710458868,0.010434826683719603,0.010070727858582082,0.0252485377677811,0.02381273796234254,0.02140543067778327,0.0012335631053585214,0.019679249092595462,0.020467703953027584,0.02061375403904941,0.0021421923768111203,0.001755326967710645,0.0019397178683750595,8.624962533818825e-05,0.0016692669826142733,0.0019477861905864184,0.0015978504153125327,0.018590229296099058,0.019812670348471045,0.020584992976582023,0.0008112731060914563,0.018970090446035016,0.019465686196289553,0.01903590724355988,0.021689576263298507,0.02245071352894173,0.020730781734403222,0.0010076647120713855,0.02053909133162453,0.021955528409013055,0.020490998283627188,0.018595530142796392,0.021693713931535255,0.021913470388292364,0.0010437512730480767,0.021321736419638016,0.023006162897068198,0.01887252593058289
vanilla_deficit,2,134000,123.06595801387448,124.08676737500355,0.42433029413223267,1.5731849670410156,36,0.7224999999999999,0.30209387755102046,0.0195,0.0198,0.0198,0.001,0.0186,0.016,0.0195,0.0205,0.0188,0.0174,0.0005,0.0148,0.0113,0.0114,0.0242,0.0223,0.0207,0.0009,0.0194,0.0174,0.019,0.0024,0.0023,0.0019,0.0001,0.0026,0.0008,0.0013,0.0185,0.0223,0.0212,0.0013,0.0192,0.0189,0.0214,0.0248,0.0207,0.0209,0.0015,0.0199,0.0209,0.0195,0.0188,0.0192,0.0268,0.0011,0.0232,0.0194,0.0188,0.0,0.0,0.013249064349066012,0.012619389939744688,0.01020408163265306,0.041658099656000945,0.01103736211833683,0.014520417950471692,0.016077291879825092,0.01020408163265306,0.012281481943185634,0.02066044590870185,0.0429016911247724,0.02139634265084045,0.025173718645609137,0.02508371547053108,0.01020408163265306,0.01020408163265306,0.01020408163265306,0.04232607387135086,0.011031010302528486,0.013078395829934383,0.011831832094990547,0.040547171157642135,0.04042495402848499,0.040926187724527684,0.04353003697799977,0.0408470267526717,0.04117884325943018,0.04058002964772427,0.014445591345738444,0.01020408163265306,0.010640463396658388,0.04251893924430655,0.012362635547264194,0.013317279096314992,0.01020408163265306,0.01020408163265306,0.01020408163265306,0.01020408163265306,0.041959723563384704,0.01020408163265306,0.01020408163265306,0.01020408163265306,0.012791730890298716,0.01020408163265306,0.01020408163265306,0.04193378981256194,0.01020408163265306,0.01020408163265306,0.013599876063999157,0.01868041609028006,0.019060118230156867,0.0205475863344108,0.0012368856113610523,0.01985785228960221,0.017640335265019114,0.016740581840879766,0.022548865387579886,0.019107631297983055,0.014015940803959525,0.0004869832255645517,0.013806560168377061,0.01121625162621502,0.011622087251606409,0.023602892346944845,0.022079634041028327,0.02124615133322932,0.000834088173198904,0.020096057519986082,0.018705206503332544,0.019495963705617108,0.0019458529412740482,0.0019804890143518125,0.001678238352504364,0.00010808222288555843,0.0017259734834918893,0.001525883665964706,0.00192603882970684,0.01776358171432107,0.02065185281825547,0.020097187558281944,0.0007177877586746008,0.01901963208295829,0.01856115667999092,0.020714095826583595,0.02306591002143914,0.023356623637027125,0.02151844313342182,0.0011331273374400777,0.0210810365143092,0.021650215550430903,0.02051046851863949,0.018878069318457327,0.02206714090111856,0.022705430996255264,0.0010706407380748572,0.022123749707277245,0.022789747616638975,0.01850793440667962
vanilla_deficit,2,135000,123.98419115971774,125.01808237505611,0.4806123971939087,1.4222159385681152,36,0.7273000000000001,0.2973020408163265,0.0193,0.0204,0.0198,0.001,0.0181,0.0166,0.0178,0.0212,0.0202,0.0173,0.0007,0.0166,0.0121,0.0107,0.0241,0.0214,0.0207,0.001,0.0198,0.0166,0.0179,0.002,0.0022,0.0021,0.0,0.0027,0.0009,0.0015,0.0194,0.0226,0.0217,0.0011,0.0196,0.0197,0.0212,0.0245,0.0207,0.0202,0.0009,0.0198,0.0215,0.0192,0.0188,0.0202,0.0266,0.0012,0.0233,0.0203,0.0201,0.0,0.0,0.014055558403307071,0.01224766451494089,0.011736631553358452,0.042671538097325226,0.011254555340284383,0.0137744203949093,0.01577025927961579,0.01020408163265306,0.010857585881357292,0.017998458215005713,0.04347484114882205,0.018986960061531034,0.021140898550792223,0.02409543478817429,0.01020408163265306,0.01020408163265306,0.01020408163265306,0.04305600939007667,0.010638570038012907,0.013115480977855776,0.01020408163265306,0.04152566766404784,0.04205825636981159,0.042148638422119716,0.04448453680447503,0.04127230105451094,0.04091762019310443,0.04124364684486433,0.011444509185893438,0.01020408163265306,0.012699106467934427,0.04286539517081402,0.013516060835006876,0.010630899455441397,0.010297808901339819,0.01020408163265306,0.01020408163265306,0.01020408163265306,0.04341923874628456,0.01186141259834823,0.01020408163265306,0.012035656128290922,0.014519392114326284,0.01020408163265306,0.01020408163265306,0.042712425431901214,0.01020408163265306,0.01020408163265306,0.012615418118972935,0.01817492314151086,0.01912024454612857,0.01961589385003535,0.0011227838717665383,0.019782025118018173,0.01826202445223149,0.017128121768362575,0.022829426354453165,0.01989813869154107,0.01585765984032713,0.0006506783733109308,0.015198587019814629,0.01401083085302389,0.01211818410903627,0.02301886539108621,0.02064753519033688,0.021066710648071293,0.0009358905373301157,0.02014404297370579,0.01888366167084305,0.020564213929931404,0.0017962180521296598,0.0015222753221135346,0.0014691573067183992,5.727483785530809e-05,0.0019451229632519841,0.002153570801903876,0.0020010256954692733,0.019826638227310834,0.021270690561311464,0.018972117196589963,0.001047915533164542,0.018413863746979876,0.020226676016096047,0.020227122615706042,0.02398607635064832,0.0210551094529822,0.020591830513455908,0.0006833562025764625,0.019425371862717093,0.02131566859460327,0.0192839055085266,0.01786326308952446,0.02184490715478444,0.023191001937536992,0.0011378166666203289,0.02225952890194878,0.023296867183271005,0.01894317628673847
vanilla_deficit,2,136000,124.93933279358316,125.98504379100632,0.47801345586776733,1.5162131786346436,36,0.7337,0.2945938775510204,0.018,0.0186,0.018,0.0008,0.0165,0.015,0.0153,0.0229,0.022,0.0203,0.0009,0.0198,0.0155,0.0137,0.0237,0.0209,0.02,0.0013,0.0189,0.0169,0.0177,0.0022,0.0016,0.0018,0.0002,0.0023,0.0011,0.0017,0.0205,0.0226,0.0226,0.0016,0.0197,0.0195,0.022,0.0237,0.0199,0.0211,0.0017,0.0197,0.0213,0.0195,0.0197,0.0197,0.027,0.001,0.0233,0.0202,0.0198,0.0,0.0,0.011974365970847268,0.012038678185177955,0.012539623932415542,0.043273937394640784,0.012640287606859646,0.0156424346434774,0.016993854853761554,0.01020408163265306,0.01020408163265306,0.014434544472901073,0.043431769571368926,0.01656563760694981,0.018994682258670792,0.020619431645825317,0.01020408163265306,0.01020408163265306,0.01020408163265306,0.04371863205669395,0.01377497368224012,0.013191849691561168,0.014808269357968092,0.04127464957683493,0.04176623484630495,0.042262871153068156,0.04498896940955175,0.042373807519401584,0.042291054551065604,0.042176786098317987,0.010883015966938091,0.01020408163265306,0.012246055861561337,0.04365758861327956,0.01120752640251534,0.01174159100448996,0.01168934739135485,0.01020408163265306,0.010749647948637985,0.01020408163265306,0.04366556647976735,0.012011254425955494,0.01020408163265306,0.013351637587264199,0.010546793247815345,0.01020408163265306,0.01020408163265306,0.04310802571737351,0.01020408163265306,0.01020408163265306,0.010711542042652733,0.01925614481952613,0.019531369278067257,0.01916289470506412,0.0010366996302773569,0.018987362254432347,0.017208246834567606,0.016464022355553266,0.02530552506423918,0.02072732395345982,0.017947405896312014,0.0009452196539088999,0.016712218283854857,0.015265274628416604,0.014284502784842352,0.022997407777500548,0.02155319396346309,0.020605430228918243,0.0007789533454632583,0.01832969499346433,0.018589550308967872,0.017691731395115828,0.0021954925083711653,0.001910568294776522,0.0016227164856700118,4.2662220114587194e-05,0.0015974799537428017,0.0016454438084188624,0.0017116741270630567,0.0200449443708086,0.02122855866422227,0.019176797589862335,0.0008143342980469349,0.01973966970383595,0.019586374348885816,0.0195775923949321,0.023490594317948893,0.020122244851707473,0.021036333989310835,0.0008487728040496276,0.0193128891665343,0.020762736874465972,0.018535999292346,0.02016169501047531,0.022496827179903752,0.024354824338490462,0.0011719250080269473,0.022225167325874214,0.024334439488640388,0.020183393642673565
vanilla_deficit,2,137000,125.83932529168669,126.89750591607299,0.4340023100376129,1.470948576927185,36,0.7274,0.2946857142857142,0.0176,0.0183,0.0175,0.0011,0.0161,0.0148,0.0155,0.023,0.0216,0.0205,0.0009,0.0196,0.0162,0.0143,0.02,0.0218,0.0207,0.001,0.0188,0.0169,0.0177,0.0028,0.0017,0.0014,0.0001,0.0022,0.0013,0.0016,0.019,0.0221,0.022,0.0012,0.02,0.0199,0.0217,0.0206,0.0204,0.0207,0.0015,0.0199,0.0221,0.0197,0.02,0.0207,0.0264,0.0005,0.0239,0.0203,0.0198,0.0,0.0,0.014117469331540948,0.011885946133979905,0.012697319747998455,0.043768840843207556,0.014376527772534741,0.01619633614897739,0.016895460557953716,0.01020408163265306,0.010423369311698415,0.01491162468874848,0.04418275646843872,0.01667542465382204,0.01717791671829884,0.01888864425014868,0.01020408163265306,0.01020408163265306,0.010587993507731541,0.044049754491850085,0.011656226355463145,0.013129462282397846,0.012740919957371694,0.042342759108687476,0.042452427264183065,0.042816712216995075,0.04543984223113578,0.042200142913718174,0.04316430394520112,0.04245344271973953,0.010343344768683043,0.01020408163265306,0.012395807395158913,0.044076545037730806,0.012093539532349281,0.01036506713045645,0.010517772232828584,0.01020408163265306,0.01020408163265306,0.01020408163265306,0.043453089527029344,0.010440420465010775,0.01020408163265306,0.011502076512520727,0.010525821634828516,0.01020408163265306,0.01020408163265306,0.0435579473343523,0.01020408163265306,0.01020408163265306,0.01304796521539212,0.018206711055357185,0.019401189847770926,0.019094725796940985,0.0010626091579367055,0.017980848960432148,0.016864914878340423,0.016544339844567664,0.025191612619429402,0.0202352751993219,0.01791006631491595,0.0008265593624498396,0.016669822979303257,0.01638325938560641,0.015446719952721209,0.02451881778187833,0.020749371350323544,0.020375767520251484,0.0009414708699753797,0.019571258049012295,0.018652968971943146,0.018913611259633437,0.001914944415139391,0.0018133398314437153,0.001605593654762913,0.00010966244166224532,0.0019572137654091603,0.001407367370577238,0.0018908857325602257,0.02039809948097797,0.021694259592593457,0.019110423713100927,0.0008871301284917552,0.01920467748512389,0.02026852404792702,0.020259563646972144,0.02252088966442577,0.0213413074389239,0.02085450584718466,0.001242677338660619,0.0203818011855209,0.022233614659708353,0.01981541736357506,0.020254973195247078,0.02237280140606678,0.02172948998789921,0.001182878523479475,0.020653280828726302,0.02349673811974907,0.01873850801166966
vanilla_deficit,2,138000,126.74893150397111,127.8201115410775,0.3996615707874298,1.57936692237854,36,0.736,0.29180204081632655,0.0217,0.0195,0.0198,0.0012,0.018,0.0163,0.0161,0.0231,0.0214,0.0192,0.001,0.0204,0.0163,0.0133,0.0251,0.0187,0.0189,0.0005,0.0187,0.0168,0.0171,0.0019,0.0014,0.0017,0.0001,0.0027,0.0011,0.0016,0.0198,0.0226,0.0225,0.0015,0.0198,0.0207,0.0219,0.0238,0.0199,0.0201,0.0014,0.0195,0.022,0.0196,0.0202,0.0202,0.025,0.0007,0.0229,0.0198,0.0185,0.0,0.0,0.01020408163265306,0.012410984355438089,0.012572992714735543,0.04505665299979913,0.011623535837298518,0.016179378769503167,0.018570847409270744,0.01020408163265306,0.010548602698776008,0.016299168224767707,0.0448406287574713,0.014999708966683203,0.015088624934067036,0.015982462261689367,0.01020408163265306,0.01020408163265306,0.011738751473580389,0.04457618036966471,0.010610385796069903,0.012864951383582228,0.014908395455136413,0.04260579350610336,0.04382819808421542,0.043107610118490576,0.046418722499168265,0.04411167422381741,0.04359550134668236,0.04432739021357522,0.011122307562186842,0.01020408163265306,0.010960058214683717,0.044956645906367984,0.01020408163265306,0.010472204782361296,0.01027917848702942,0.01020408163265306,0.01020408163265306,0.01020408163265306,0.04432868830449217,0.01020408163265306,0.01020408163265306,0.0112049861850101,0.01020408163265306,0.01020408163265306,0.01020408163265306,0.044417039058440216,0.01020408163265306,0.01020408163265306,0.012126442977393171,0.021682220722327263,0.01917166441665846,0.01904247448381085,0.000815126648597851,0.0196097326357759,0.016958068336448272,0.01566672461437129,0.02579423724531249,0.0202467949221942,0.01708674034868564,0.000935303844875173,0.0178096470402236,0.017564869389695453,0.01706761564259677,0.02364189158815196,0.020431090669603292,0.019428449125131635,0.0010824200456505733,0.02021242415283008,0.01911442894307539,0.01778232097686922,0.0021785728028264084,0.0015375951678348273,0.0018994054609011404,5.7389036350469397e-05,0.0013408310723944975,0.0016279849978060354,0.0012598878611746454,0.019810447677748724,0.02087473834928949,0.02029133417558173,0.0008707619419653427,0.0204989334604284,0.020250233612325523,0.020396679240861533,0.023062172199987838,0.020516212742275653,0.020559433802277746,0.0012201032157097137,0.020620837017107988,0.022637271436842916,0.019920702446028893,0.020286661514749463,0.021218553184150443,0.02176253740352292,0.0011709525010304288,0.022074279845753674,0.02382813369443647,0.019290896118595437
vanilla_deficit,2,139000,127.67334539676085,128.75721554108895,0.4498631954193115,1.5451620817184448,36,0.7535000000000001,0.2796367346938775,0.0194,0.0185,0.0183,0.001,0.0164,0.0147,0.0164,0.0232,0.0224,0.0208,0.0007,0.0209,0.0177,0.0181,0.025,0.0205,0.0208,0.001,0.0194,0.0175,0.0183,0.0027,0.0015,0.0012,0.0,0.0025,0.001,0.0017,0.0208,0.0238,0.0224,0.0022,0.0202,0.0203,0.022,0.0232,0.0211,0.0211,0.0017,0.021,0.0223,0.0206,0.02,0.0205,0.0252,0.001,0.0237,0.0196,0.0192,0.0,0.0,0.01020408163265306,0.013077920683074291,0.013140001883390142,0.044385844116220166,0.014714200217829772,0.017041879442522098,0.01778856239243091,0.01020408163265306,0.010307951756400742,0.013196695247593874,0.04478165061395347,0.014422276336975445,0.014788643219025241,0.013904828379072927,0.01020408163265306,0.01020408163265306,0.011878722976571917,0.04443614792113707,0.01109933616927918,0.014378368864633007,0.013221221639058211,0.042538853686624405,0.04352714521719451,0.04326355055469134,0.04618735903207871,0.04357443947012762,0.043357491777303046,0.04356877359468961,0.01020408163265306,0.01020408163265306,0.012482904338375912,0.04461474398246789,0.012425915579274461,0.010665549626404513,0.011080353416320436,0.01020408163265306,0.01020408163265306,0.010568539865386613,0.04482546998810195,0.01020408163265306,0.01020408163265306,0.011337319941092334,0.01075394700453989,0.01020408163265306,0.01020408163265306,0.044294405511464977,0.01020408163265306,0.01020408163265306,0.011511842697550432,0.020362173904696752,0.01890530067577035,0.018792368487860964,0.0010393260579152361,0.01783163463115854,0.016682820171153887,0.016186050982349813,0.026779636755140668,0.020419282067373028,0.018604332108554264,0.0008564709552872712,0.018034370663958132,0.017868021528190704,0.01844167672178898,0.023598894407100415,0.022503073751355473,0.019460469697525275,0.001011122125301308,0.01993651252196353,0.018019925852286872,0.018903080848718834,0.0021139442917396697,0.0015207744478288583,0.0016685645824103443,2.9267169252849924e-05,0.0014942578866074,0.0016549568735347517,0.0014974345840623226,0.021321215389674734,0.020662140473381076,0.01908265965262169,0.0009109883225560146,0.019153674151562997,0.02021878697072715,0.019986218119163828,0.023506295949569857,0.0220774455937549,0.020155990123027937,0.0008319026611451145,0.021397697459543147,0.022207404410390427,0.01976401919551782,0.020012975039968708,0.021656058796471058,0.020714453917890972,0.001090593119146227,0.022388317436342405,0.02270648255388217,0.019627106680576174
vanilla_deficit,2,140000,128.5874375232961,129.68338716600556,0.4021470546722412,1.4337210655212402,36,0.7475999999999999,0.28685306122448984,0.0194,0.0178,0.0174,0.0009,0.0163,0.014,0.0136,0.0241,0.0223,0.0213,0.0009,0.0208,0.0168,0.0208,0.0251,0.0212,0.0208,0.0013,0.0195,0.0179,0.0177,0.0026,0.0013,0.0013,0.0001,0.0025,0.0012,0.0013,0.021,0.0238,0.0223,0.0018,0.0203,0.0195,0.0209,0.0252,0.0212,0.0214,0.0015,0.0204,0.0212,0.0182,0.0191,0.0203,0.0251,0.0009,0.0233,0.0197,0.0203,0.0,0.0,0.012330483509828403,0.01272999949160301,0.013163494322989421,0.04551406398918707,0.013453215700534175,0.015740206881345437,0.014916932578507139,0.01020408163265306,0.01020408163265306,0.013491646364769313,0.04555183067629754,0.014220926752057399,0.014784737143861557,0.012822320203139982,0.01020408163265306,0.01020408163265306,0.011699473427781937,0.04533781358771338,0.011278762967435471,0.014709392896604691,0.013292019550875356,0.043677078971383565,0.04342371835503917,0.04344005908108523,0.047030018689240595,0.043876048131584834,0.04401711457810419,0.044069591120880415,0.01020408163265306,0.01020408163265306,0.012293249842193108,0.044915970777214737,0.010538344580074667,0.01072783001925709,0.010326471845888608,0.01020408163265306,0.01020408163265306,0.01020408163265306,0.04465189921647095,0.010494012070934273,0.01020408163265306,0.01020408163265306,0.011110867278002794,0.01020408163265306,0.01020408163265306,0.045523036107119115,0.01020408163265306,0.01020408163265306,0.01178614480119939,0.019353624794019038,0.018978874308228668,0.018663665347720217,0.0009316556062573555,0.018583337958766485,0.017176302741649767,0.017860937163838242,0.026437046187777792,0.021549368055571953,0.018679507228738925,0.0008719380139537243,0.018319716801273978,0.01785511156613255,0.018850257910538543,0.023267014651157776,0.021480744472418937,0.0195815449136275,0.001028049242806481,0.01988976193536458,0.017779130814743728,0.01867149822923061,0.0018972641008864048,0.0020358303166995934,0.0020268933611280694,6.349776712581433e-05,0.0017884452797514707,0.0017112942057035984,0.0016825941020474865,0.02105805179475115,0.02081816554577365,0.019295863371040244,0.0012196980615670143,0.0200603313799093,0.020191074329127114,0.020371519833456274,0.02189600420621327,0.022308955916864426,0.02062082881406395,0.0013641222321587449,0.0202798899056639,0.020818432274122903,0.020768696622020185,0.019825336271252714,0.02295993068973964,0.021410872090524023,0.0008876861382857287,0.021601366074746803,0.02277521374934105,0.019612268212419674
vanilla_deficit,2,141000,129.52141968812793,130.63119220803492,0.4588811993598938,1.6515514850616455,36,0.7607,0.27655306122448975,0.0199,0.0186,0.0187,0.0008,0.0177,0.0149,0.0163,0.0237,0.0228,0.0216,0.0011,0.0215,0.0172,0.0208,0.025,0.021,0.0211,0.0008,0.0199,0.0181,0.0186,0.0028,0.0013,0.0016,0.0002,0.0022,0.0011,0.001,0.0217,0.0231,0.0224,0.0018,0.0201,0.0197,0.0228,0.0246,0.0203,0.0211,0.0011,0.0201,0.0213,0.0193,0.0196,0.0202,0.0253,0.0009,0.0236,0.0202,0.0212,0.0,0.0,0.010434135323971793,0.012387591921160016,0.01020408163265306,0.04644860218265814,0.011691411163967423,0.015041315373857854,0.016502481550584473,0.01020408163265306,0.01020408163265306,0.011597148604561378,0.046505121746868806,0.015104018262741208,0.014828928912645527,0.010909588243152031,0.01020408163265306,0.01056098196974065,0.010823961461963487,0.04616424624230793,0.011716475210543675,0.013603519228623163,0.01020408163265306,0.044017301624203316,0.04450906178693748,0.0449505275866265,0.04777356085874191,0.04423618609571731,0.044230528568443624,0.04548771455979335,0.010835849183318631,0.01020408163265306,0.012722937566563515,0.04614167676054634,0.010707482535493447,0.010518215529057807,0.01125400147047213,0.01020408163265306,0.01020408163265306,0.011129844571552402,0.04610634612446906,0.01020408163265306,0.01020408163265306,0.011753424838698196,0.01020408163265306,0.01020408163265306,0.01020408163265306,0.0457369792857672,0.01020408163265306,0.01020408163265306,0.010507609164454253,0.020197874057125885,0.01922821354685066,0.020584191079983105,0.0008024851930939796,0.01964069008173057,0.017882947320233912,0.016982026641681552,0.027999628361650236,0.02233458655445217,0.01969125017303195,0.0007331070052449368,0.017693065050891996,0.017918741133151086,0.020060040442117663,0.023941393935674966,0.020286086672699263,0.020145031016869878,0.0009159441437822055,0.01943193385082339,0.01853695789541762,0.02048810594760621,0.0021456368138555214,0.001803743899183086,0.0016060151293580884,5.2747828593646775e-05,0.001950107629904501,0.0019531421867561333,0.0013569439039387507,0.020138654738940776,0.021088919052766567,0.01908740498716424,0.0009280498521958197,0.02024656991464774,0.02026996302731114,0.01979718075712258,0.023698171823668297,0.02145124165794888,0.019785650428269123,0.000986062826244677,0.02110721843056957,0.021289843418333673,0.019529302489710174,0.02031001087411714,0.021929739591382814,0.020771192051625822,0.0011841820074566067,0.02082920942142818,0.024245862712986815,0.020158464517363087
vanilla_deficit,2,142000,130.44918153865729,131.5719405830605,0.4575183689594269,1.3360791206359863,36,0.7685,0.2723285714285715,0.0213,0.0193,0.0197,0.0009,0.018,0.0157,0.0172,0.0237,0.0232,0.0219,0.001,0.0225,0.0185,0.0191,0.0255,0.0209,0.0208,0.001,0.0198,0.0178,0.0184,0.0022,0.0013,0.0017,0.0,0.0024,0.0008,0.0014,0.0213,0.0235,0.0232,0.0022,0.0203,0.0214,0.0228,0.0246,0.0207,0.0205,0.001,0.0193,0.0215,0.0187,0.0203,0.0208,0.0258,0.0008,0.0228,0.0207,0.0203,0.0,0.0,0.01020408163265306,0.011756853645086031,0.011502126620355579,0.04537050849024357,0.013382253456610836,0.01422776219265157,0.015708096724795485,0.01020408163265306,0.01020408163265306,0.012474344692630993,0.04581966138995088,0.013822592241262168,0.014771946908440917,0.012526098199445283,0.01020408163265306,0.01020408163265306,0.010317726283655976,0.045704567832234956,0.011764657443697226,0.011800983109557276,0.013734562122509668,0.04414988656126775,0.04403325679611467,0.04460748947149617,0.04723644834222977,0.04429430251195155,0.044166019078281965,0.044669444006772176,0.010757104693369138,0.01020408163265306,0.011558282816304616,0.04528433129632563,0.01020408163265306,0.011410466068310497,0.010823814013679276,0.01020408163265306,0.01020408163265306,0.011986392802131783,0.04553605463617018,0.010209844942594115,0.01020408163265306,0.012401055889747093,0.012072425898148,0.01020408163265306,0.01020408163265306,0.045933157870205917,0.01020408163265306,0.01020408163265306,0.011328338094628406,0.02212376258480437,0.019514310377884894,0.01980934731850482,0.0010828653940149929,0.01882403067437039,0.018050858820385964,0.01740055481997046,0.02584318024261267,0.02201266585900227,0.019123388419304627,0.0007990838388346107,0.018427863952449254,0.017949674582686273,0.019134253240300176,0.024117975735268533,0.021517882395069143,0.02049372532585506,0.0008617920763188727,0.019549121011261758,0.01945120412606217,0.01843676428983173,0.0017869785825134386,0.0018114613161137859,0.0014595305748876027,2.7153468175707674e-05,0.0016692316634050568,0.0017000638489417022,0.0014648374087285647,0.020176206860151664,0.021170875657854617,0.019739688352971307,0.001090756173148755,0.020743077797524583,0.019859288182091366,0.01994454806950395,0.022696332836896916,0.02312611773676109,0.019428309440298844,0.0009536057775178874,0.020279066517640096,0.02113958423659173,0.019163319513167625,0.019303309672296563,0.021431022187511927,0.021672913388031425,0.0007372457622410707,0.022664809189475096,0.024039156268173545,0.019904035260728637
vanilla_deficit,2,143000,131.35842802166007,132.49411808303557,0.45644083619117737,1.4025522470474243,36,0.7642,0.27273673469387755,0.0208,0.0195,0.0208,0.0013,0.0182,0.0167,0.0182,0.0228,0.0227,0.0219,0.0014,0.021,0.0169,0.0173,0.0246,0.0218,0.0214,0.0009,0.0195,0.0177,0.0183,0.0021,0.0016,0.002,0.0,0.0023,0.001,0.0014,0.0202,0.0239,0.0227,0.0012,0.0207,0.0208,0.0237,0.024,0.0206,0.0201,0.0013,0.0191,0.0204,0.0194,0.0197,0.0211,0.0253,0.001,0.023,0.0204,0.0215,0.0,0.0,0.01020408163265306,0.01020408163265306,0.011146463593389836,0.04617478041695762,0.011842831538705516,0.015118950340372504,0.017315162012900266,0.01020408163265306,0.01020408163265306,0.013905369833417665,0.04638441063949843,0.014789959786359363,0.014850008888668983,0.010713580872365475,0.01020408163265306,0.01020408163265306,0.01020408163265306,0.0467510516117055,0.01123307653591987,0.011320932435700329,0.012550793419332358,0.044788291867650674,0.04455569677151249,0.04449651546927852,0.047968506831629176,0.04474902707616575,0.04549096680932645,0.04495885398981462,0.01020408163265306,0.01020408163265306,0.01020408163265306,0.046257181446272534,0.01020408163265306,0.01020408163265306,0.01020408163265306,0.01020408163265306,0.01020408163265306,0.011223510310206852,0.0467827123350035,0.011732372345431435,0.010914994040375122,0.011796547804538107,0.01020408163265306,0.01020408163265306,0.01020408163265306,0.045901736691786744,0.01020408163265306,0.01020408163265306,0.01020408163265306,0.02076409287720733,0.02121541772144867,0.019858712052845846,0.001057273266915939,0.019488043034683232,0.01774420093545005,0.01661424405451902,0.02603135184738505,0.020766177555680672,0.01831205152637177,0.0009847518990927487,0.01788025649833783,0.0179264180199147,0.020089130776540724,0.022237642269117005,0.02217056390289559,0.020882326125117725,0.0007505304316239417,0.019851671433677675,0.019843969202000294,0.019267452691939496,0.001795285911987279,0.0019190937301025947,0.0019505952880651833,0.00010249237349435558,0.0018161861297614878,0.0014212597488496815,0.0017044975654191676,0.021409132188694276,0.021918594076647112,0.020827688464308755,0.0010134121029476567,0.02139205246864035,0.021446383373572832,0.022317357231575095,0.022895797452206136,0.02129173899171903,0.019778638430683598,0.0007336777759292994,0.019507776751530027,0.020020983256703703,0.0195517418586498,0.020937215801688336,0.022162002871252244,0.02168841886645034,0.0012026114465454902,0.023090363029122988,0.02235067596953557,0.020928106911867368
vanilla_deficit,2,144000,132.29813759273384,133.44695845805109,0.4087393283843994,1.4970247745513916,36,0.7714,0.2696122448979592,0.0198,0.0199,0.0198,0.0009,0.0182,0.016,0.0179,0.0233,0.0239,0.0225,0.001,0.0223,0.018,0.0193,0.0249,0.0215,0.0213,0.0013,0.0205,0.0179,0.0185,0.0023,0.0015,0.0018,0.0002,0.0023,0.001,0.0012,0.0209,0.0243,0.0226,0.0017,0.021,0.0213,0.0233,0.0241,0.0209,0.0206,0.0016,0.0202,0.0207,0.0189,0.019,0.021,0.0251,0.0008,0.0229,0.0206,0.0209,0.0,0.0,0.01020408163265306,0.01020408163265306,0.01020408163265306,0.046597265025711605,0.0106654329240453,0.013724493686844065,0.017702542135952733,0.01020408163265306,0.01020408163265306,0.010866409244600927,0.046860127227334195,0.013764521965188823,0.01229498952134927,0.011629846217705502,0.01020408163265306,0.01020408163265306,0.01020408163265306,0.04689521673337431,0.010615560223610427,0.013607925069790612,0.011342821626592267,0.04461723108218753,0.04482879765962399,0.045669333092025075,0.04805087314350787,0.04471897740718101,0.04558809460214663,0.045790385738149836,0.01020408163265306,0.01020408163265306,0.010459483859276742,0.04643814568532141,0.01020408163265306,0.01020408163265306,0.010346351655206793,0.01020408163265306,0.01020408163265306,0.011214286409563803,0.04715955672750441,0.012536388520624258,0.01020408163265306,0.0126508270488466,0.011070037825726159,0.01020408163265306,0.01020408163265306,0.04585657167652756,0.01020408163265306,0.01020408163265306,0.012559955244072031,0.020890786260395453,0.02149593251236022,0.020558448914343684,0.0009354663941103607,0.020155128594581514,0.018418300839617312,0.016233971385384915,0.02515936529879563,0.023607284292208406,0.0199705953325996,0.0007962922369854281,0.018475232598955834,0.019175161415657685,0.01948826350258001,0.024157568068212776,0.022656248771456118,0.021649164024216294,0.0007777138624724051,0.020220596530599787,0.018675331376389014,0.019835543099012025,0.002061933656587374,0.0018717933120122657,0.0014658286851908248,0.00016584381872497122,0.0019690008818422098,0.0015088409489744498,0.0013626740491280464,0.020465642990005996,0.02282902777929103,0.020186044709366763,0.0010197131969765826,0.020920360081864882,0.021086408573707305,0.02028500581421725,0.021936383915959836,0.022424812333062573,0.019864534432466906,0.0006377572781846156,0.019320788595088526,0.021779129647986308,0.018986760848146787,0.020175282813455677,0.02202889767292809,0.022026936597630775,0.0013276314597774953,0.02203654266823723,0.022456648080851616,0.01911299853516628
vanilla_deficit,2,145000,133.195426489925,134.3562180410372,0.43087562918663025,1.518841028213501,36,0.7781,0.2670204081632653,0.0209,0.0203,0.0202,0.0008,0.0187,0.0171,0.0174,0.0239,0.0237,0.0226,0.0012,0.0214,0.0188,0.0191,0.0256,0.0219,0.0215,0.0013,0.0208,0.0186,0.0182,0.0022,0.0015,0.0018,0.0001,0.0025,0.0011,0.0009,0.0218,0.0242,0.0229,0.0015,0.0209,0.0222,0.023,0.0248,0.0206,0.0214,0.0009,0.0209,0.0223,0.0203,0.0189,0.0201,0.0245,0.0008,0.0223,0.0198,0.0199,0.0,0.0,0.010412075551869775,0.01185849265212636,0.010607795833234604,0.04668329843687119,0.01020408163265306,0.012205159000217363,0.015438800155837323,0.01020408163265306,0.01020408163265306,0.01241898379128226,0.04648600894963408,0.012748968297238117,0.01450826511449403,0.012562757240168995,0.01020408163265306,0.01020408163265306,0.01020408163265306,0.04665775857955662,0.010562628928287568,0.011618558913343255,0.013689242407139448,0.04503997233884035,0.04494520411822873,0.04523025738086276,0.047967842680891534,0.044954699713741136,0.04529160704699957,0.044977432937184425,0.01020408163265306,0.01020408163265306,0.010684267285628537,0.04641535314722624,0.01028381840890711,0.01020408163265306,0.010983658128462545,0.01020408163265306,0.01020408163265306,0.01020408163265306,0.046607422141833985,0.01020408163265306,0.01020408163265306,0.013141939204279841,0.013354361347309805,0.01020408163265306,0.01020408163265306,0.04606276813063011,0.01020408163265306,0.01020408163265306,0.011927132749917194,0.020405842044648837,0.019479494368871187,0.02018444965537114,0.0007819107594423051,0.020409927353605677,0.01937304816262103,0.017573276247771823,0.026334524177571525,0.022325311924783233,0.01914201661681052,0.0008869511212782588,0.019278827114083984,0.018029646823363235,0.01918265662659724,0.02467864515917348,0.021709578091328594,0.02079518397404015,0.0007955086246460215,0.020364747302841303,0.019607239273535776,0.018661021288636597,0.0016568462178338102,0.0017073024703336212,0.0016336601447203085,9.799701383037276e-05,0.0017022468497709664,0.001522871513121021,0.0016901432853610161,0.021174126141921216,0.022048605577407083,0.020221859921190067,0.0009636320020377456,0.02035694088313302,0.022508505247873376,0.0200233965179688,0.023723712796321458,0.02279260727018665,0.02105971180897696,0.0008223086214728387,0.021266819072217467,0.023519153090184174,0.018757102553542362,0.018644005301994337,0.020839893144177928,0.021654932502901927,0.0011122919105646726,0.022069062676144627,0.02254449566660291,0.019482011684384293
vanilla_deficit,2,146000,134.10059414827265,135.27327900007367,0.4319024682044983,1.459555983543396,36,0.7536,0.28943673469387754,0.0208,0.0189,0.0196,0.0015,0.0182,0.0176,0.0157,0.0247,0.0242,0.0227,0.0008,0.0217,0.0171,0.0124,0.0255,0.0221,0.0211,0.001,0.0197,0.0179,0.0143,0.0021,0.0011,0.0019,0.0,0.0026,0.0009,0.0014,0.0222,0.0241,0.0236,0.0015,0.0216,0.0215,0.0179,0.024,0.0207,0.0206,0.0012,0.0209,0.0222,0.019,0.0198,0.0203,0.0245,0.0006,0.0225,0.0191,0.0183,0.0,0.0,0.01020408163265306,0.01020408163265306,0.01147848675431176,0.04701318471925385,0.010745846035231892,0.011469717894758057,0.015989111648009806,0.01020408163265306,0.01020408163265306,0.012275220770492895,0.047758600387258106,0.010391917657269574,0.013562837291215688,0.01020408163265306,0.01020408163265306,0.01020408163265306,0.01097404707682088,0.047554085699359774,0.011509557295461275,0.011408487494073884,0.012201624905834811,0.045606359481917554,0.04573162754335772,0.046261241318490624,0.04918599728826897,0.04642083915766549,0.046739766140255726,0.04643746749777539,0.01020408163265306,0.01020408163265306,0.01020408163265306,0.047116897868543686,0.01020408163265306,0.01020408163265306,0.01020408163265306,0.01020408163265306,0.01020408163265306,0.01127743953211704,0.047065778046072274,0.01020408163265306,0.01020408163265306,0.01020408163265306,0.010541322466532211,0.01020408163265306,0.01020408163265306,0.04734974307433218,0.01020408163265306,0.01020408163265306,0.01144299903695151,0.020894855891728424,0.021312294152579875,0.01966201969068459,0.0011627420642608623,0.020080077046408445,0.019979055819478512,0.017367737092205064,0.025925403155542193,0.022343952882580544,0.019484244388839382,0.0008162012307410165,0.02030222660538446,0.018544723193529802,0.021067091744774766,0.023451456200982802,0.0224603466937595,0.020040153706232,0.0008829341262396225,0.019606884407731694,0.01993260529001894,0.01924887801071614,0.0018904923980432604,0.001825691262048596,0.0015517221922595878,3.874668062576969e-05,0.001469162271063993,0.0013432439249201522,0.0014605604349978883,0.0204833887825482,0.02204939193103315,0.02185080342710336,0.0011090912787829067,0.021734323890258953,0.02198265129535229,0.020929889028863388,0.02328830913375233,0.023123962575604777,0.0198050838670657,0.0011355355498118443,0.02115950913607003,0.022501151842266212,0.02047967404161315,0.020068689535943308,0.020381612454587757,0.02217116662520041,0.0010277030136594098,0.02252863982524175,0.02253506020773577,0.019875689977756277
vanilla_deficit,2,147000,135.01211451692507,136.19690974999685,0.40135595202445984,1.6653592586517334,36,0.7742,0.2667285714285714,0.0207,0.0204,0.0197,0.0014,0.0187,0.0171,0.0168,0.0227,0.0251,0.0228,0.0013,0.0229,0.0193,0.0201,0.0227,0.0222,0.0209,0.0009,0.0206,0.0188,0.0177,0.0022,0.0016,0.0022,0.0,0.0023,0.0009,0.0008,0.0203,0.0246,0.0243,0.0014,0.0214,0.0213,0.0217,0.0233,0.0203,0.021,0.0012,0.0217,0.022,0.0189,0.0198,0.0205,0.024,0.0011,0.0231,0.0194,0.0201,0.0,0.0,0.011438542385932974,0.011186934916311559,0.01020408163265306,0.047119721393521156,0.010385318462001396,0.010620611722256448,0.016950002027227136,0.01020408163265306,0.01020408163265306,0.01020408163265306,0.047913951622562165,0.012553330150389787,0.01245692025775646,0.01130880456385354,0.01020408163265306,0.01020408163265306,0.01020408163265306,0.047212222728749136,0.01020408163265306,0.011580561191200288,0.010765688814069974,0.0454898060546294,0.04627098734630905,0.04626780468989792,0.04931655048244771,0.046424385760334544,0.04647975465536684,0.04634516737295077,0.01020408163265306,0.01020408163265306,0.01020408163265306,0.04796077069167752,0.01020408163265306,0.01020408163265306,0.012295157115034608,0.01020408163265306,0.01020408163265306,0.01020408163265306,0.04774340302687109,0.01020408163265306,0.01020408163265306,0.01020408163265306,0.010333755658630067,0.01020408163265306,0.01020408163265306,0.04746755832404559,0.01020408163265306,0.01020408163265306,0.01141841103495239,0.019801708433206368,0.0198924277855845,0.02088179972753,0.0011625956342516842,0.02050122271714229,0.020106418410290577,0.016880712978562265,0.02773571149817657,0.02286667989170027,0.020681162405513574,0.000752923097523152,0.019343876354902995,0.01927641811958801,0.01979050360413098,0.02322864147744745,0.023163676766975914,0.021199186966561,0.0011148824457227382,0.021504407840513672,0.019689391098412095,0.020187836078239693,0.0020423860833034125,0.0016003818295078026,0.0016410859780850145,2.9447445336426266e-05,0.0015212572695173844,0.0014926973949944448,0.0015621189699770149,0.021666891117146425,0.022583837915232406,0.021593702676542974,0.0007287733156205993,0.02211597964294648,0.020886863701802632,0.01928173229705178,0.02315305396581544,0.023122289001014405,0.02142921791465086,0.0008408939065876929,0.0216652880654773,0.023150746188121255,0.0209487512909697,0.020488756868447634,0.021495891744036877,0.021519984548047016,0.0009831775858252585,0.02202871586870044,0.02191406295324022,0.019773029901635705
vanilla_deficit,2,148000,135.91271942993626,137.11052937502973,0.4413313567638397,1.6439127922058105,36,0.7843,0.2665204081632653,0.0197,0.0189,0.0192,0.0013,0.0183,0.0167,0.0178,0.0232,0.0249,0.0231,0.0011,0.0225,0.0195,0.0191,0.0249,0.0227,0.0215,0.0009,0.0199,0.0188,0.0183,0.0022,0.0018,0.0019,0.0001,0.0026,0.0011,0.0014,0.0217,0.0249,0.0238,0.0022,0.0217,0.0218,0.0236,0.0235,0.0215,0.0209,0.0012,0.0205,0.0221,0.0204,0.0193,0.021,0.0247,0.0008,0.0238,0.02,0.0215,0.0,0.0,0.01056396031174161,0.01020408163265306,0.01020408163265306,0.048036616332468925,0.01020408163265306,0.01020408163265306,0.016406184606211006,0.01020408163265306,0.01020408163265306,0.010658551789268727,0.047399471847999954,0.012553292178983658,0.012267658940302302,0.010513786118592446,0.01020408163265306,0.01020408163265306,0.01020408163265306,0.04770213601575968,0.010741584381737689,0.011559925416740863,0.013447897685315712,0.04641960299759914,0.04625241530694193,0.04523218766086068,0.04933662431161469,0.04626481519845716,0.0460430421033024,0.04673031330799726,0.01020408163265306,0.01020408163265306,0.01020408163265306,0.0475562896797392,0.01020408163265306,0.01020408163265306,0.010672170599191823,0.01020408163265306,0.01020408163265306,0.01020408163265306,0.04748323072609312,0.01020408163265306,0.01020408163265306,0.011045329114815695,0.012887764045713524,0.01020408163265306,0.01020408163265306,0.04732719013887734,0.01020408163265306,0.01020408163265306,0.01020408163265306,0.020292096458596375,0.021807263625432113,0.02077405578385725,0.0007113743454393389,0.02033679529605155,0.020556584970305426,0.017242906062542536,0.024924239009583224,0.023237034574447025,0.02028242196547838,0.0010396545157731736,0.019228057332183225,0.019414288536508548,0.0203179480402625,0.02351312815107074,0.022336124865428617,0.022255734687589904,0.0009227733531219575,0.020083390533223357,0.019778938764720685,0.018649936315282358,0.0015445188298423718,0.0016697225504046357,0.0021953811939287643,4.156262889437148e-05,0.0016633336722177133,0.0017775992920693014,0.0013844294998578443,0.020998182315734727,0.023615186669575766,0.021983002986314497,0.0009588562262648725,0.021650667325743212,0.021365874465954914,0.0201582175558915,0.02155994829618712,0.02216744245382226,0.020544595882981985,0.0010746238745683197,0.020853042850820402,0.0210054866537001,0.020083140123750363,0.019094787678239418,0.0210417939784711,0.021240466075177166,0.001076896699235801,0.021967610951763056,0.02229653329937864,0.02073563929051931
vanilla_deficit,2,149000,136.82835886557586,138.0390772910323,0.43619459867477417,1.7572957277297974,36,0.7875999999999999,0.2642122448979593,0.0202,0.0204,0.0205,0.0008,0.0181,0.017,0.018,0.0237,0.0251,0.024,0.0013,0.0226,0.0187,0.0192,0.0254,0.023,0.0224,0.0012,0.0203,0.0184,0.0183,0.0027,0.0021,0.0019,0.0001,0.0024,0.001,0.0012,0.0215,0.0249,0.0244,0.0017,0.0213,0.0216,0.0232,0.0228,0.0216,0.0205,0.0014,0.0201,0.0217,0.0208,0.0187,0.0209,0.0247,0.0009,0.0232,0.0203,0.0214,0.0,0.0,0.01020408163265306,0.01020408163265306,0.01020408163265306,0.047483131446205404,0.010980600763978561,0.013282089199387948,0.01525491756015655,0.01020408163265306,0.01020408163265306,0.01020408163265306,0.04735067894524881,0.012692131837192555,0.012352026764451497,0.010918104750672682,0.01020408163265306,0.01020408163265306,0.01020408163265306,0.047170197824487184,0.010904830941249001,0.012513275943112983,0.0112368755178066,0.04515114999667206,0.04604352450599139,0.046613066014769826,0.04928237920824445,0.046434755909624106,0.04655002376534384,0.04649699447550936,0.01020408163265306,0.01020408163265306,0.01020408163265306,0.04770745263138086,0.01020408163265306,0.01020408163265306,0.010417626783497195,0.01020408163265306,0.01020408163265306,0.01020408163265306,0.04675948105837692,0.01068265472401881,0.01020408163265306,0.01020408163265306,0.01369126676507552,0.01020408163265306,0.01020408163265306,0.047132803483872374,0.01020408163265306,0.01020408163265306,0.01020408163265306,0.021014106220096515,0.020709728604260524,0.021561298653224446,0.0009727496516057678,0.01992068228081956,0.01888965180094508,0.017950043856105546,0.026661347469644946,0.02364513152008681,0.020897931237418045,0.0010410785932058373,0.019154933589326538,0.019525697813419136,0.01995292241530229,0.023241324081257165,0.023645865537158632,0.021227613083416193,0.0011341843018287156,0.019920707542507292,0.01920813838404071,0.02010097652735005,0.002175760716907013,0.0017935319652428424,0.0014215947064249476,4.4562608186275245e-05,0.0015526429422412645,0.0014541166304977641,0.0015986606184615572,0.021064660997529093,0.02317605172110517,0.021592202947077362,0.0008570279472150389,0.021469582496226616,0.020564475846519326,0.02025016901559694,0.02149652086498934,0.02299410002531356,0.02069113366512842,0.0013460628373266124,0.020035322711435065,0.02115895991513497,0.021406730755816762,0.01852231730055436,0.02244577001181946,0.02142612452831557,0.0011534751094585348,0.02300970457801678,0.022912806589349057,0.020347367145423623
vanilla_deficit,2,150000,137.7402281158138,138.96297370805405,0.4037158787250519,1.5678718090057373,36,0.7929999999999999,0.265995918367347,0.0196,0.0196,0.0192,0.0007,0.0185,0.016,0.0168,0.0249,0.0257,0.0246,0.0015,0.024,0.0191,0.0208,0.0263,0.0235,0.0221,0.0012,0.021,0.0189,0.0186,0.0021,0.0018,0.002,0.0001,0.0023,0.0009,0.0013,0.0222,0.025,0.0242,0.0013,0.0213,0.0217,0.0239,0.0241,0.0211,0.0208,0.0013,0.0207,0.0212,0.0207,0.0197,0.0208,0.024,0.0009,0.0229,0.0204,0.0217,0.0,0.0,0.01020408163265306,0.01020408163265306,0.01020408163265306,0.04720603422028806,0.011636455293769216,0.012297783142377443,0.016856397084708024,0.01020408163265306,0.01020408163265306,0.01020408163265306,0.04722827331816562,0.010696502070955075,0.013108401813172485,0.010371055162351395,0.01020408163265306,0.01020408163265306,0.01020408163265306,0.04704482141861166,0.010891006427909734,0.013745274089760444,0.010588484348426902,0.04609764430381865,0.04599019382982198,0.04618065297598798,0.04892805506469226,0.04631962535925452,0.045896414747154904,0.046526243704454316,0.01020408163265306,0.01020408163265306,0.01020408163265306,0.0467518637783279,0.01020408163265306,0.01020408163265306,0.01020408163265306,0.01020408163265306,0.01020408163265306,0.010397735661940095,0.0471365035307771,0.011453942067732875,0.01020408163265306,0.01020408163265306,0.011126864663402194,0.01020408163265306,0.01020408163265306,0.047074238138025096,0.01020408163265306,0.01020408163265306,0.013755656233093574,0.021236646006884144,0.021287087044968067,0.0210237029161647,0.0010413465969097,0.01977326548004886,0.019273825930155555,0.016947240786103927,0.02754669216923404,0.023617613950528457,0.021832617121760583,0.0009907433368968061,0.020261044913709825,0.018892225883809247,0.02031274486992828,0.024615547853968887,0.024307286935949357,0.02168446636664165,0.0011250063867715653,0.020081983800319114,0.018483602311275632,0.02019991214307433,0.0015774720877677108,0.0016332324491139714,0.0015343955578756374,0.0001086584016638552,0.0014622772133038569,0.0016818981770697094,0.0013550546654585638,0.020788896359196674,0.022526058165326553,0.021130170827514103,0.0012770338583476927,0.021082861654354402,0.022681836665960305,0.02109274252270273,0.022707734479234347,0.021547384869022197,0.020337961788400076,0.0010383663609293636,0.019789853914580317,0.023085602684667687,0.021343341136865604,0.019920525000439053,0.022225919825368392,0.02156856002530945,0.0010706783710125044,0.02242311857294204,0.022142651975500884,0.018595402100619073
