modes,method,seed,step,mode_tv,valid_fraction,coverage_1pct,coverage_relative
9,vanilla,0,0,0.8888888888888888,0.9789,1,1
9,vanilla,0,1000,0.8464,0.15359999999999996,9,9
9,vanilla,0,2000,0.4648777777777777,0.5513,8,8
9,vanilla,0,3000,0.4666555555555555,0.6646000000000001,8,8
9,vanilla,0,4000,0.48465555555555556,0.7208,8,8
9,vanilla,0,5000,0.4891555555555556,0.7666,8,8
9,vanilla,0,6000,0.49745555555555554,0.8014,8,8
9,vanilla,0,7000,0.5048555555555556,0.819,8,8
9,vanilla,0,8000,0.5111555555555556,0.8367,7,8
9,vanilla,0,9000,0.5176555555555556,0.8473999999999999,5,8
9,vanilla,0,10000,0.5179555555555555,0.847,4,7
9,vanilla,0,11000,0.5219555555555556,0.8704,4,4
9,vanilla,0,12000,0.5238555555555555,0.8727,4,5
9,vanilla,0,13000,0.5240555555555555,0.8894000000000001,4,4
9,vanilla,0,14000,0.5261555555555555,0.8951,4,4
9,vanilla,0,15000,0.5293555555555556,0.8956999999999999,4,4
9,vanilla,0,16000,0.5289555555555554,0.8734000000000001,4,4
9,vanilla,0,17000,0.5268555555555556,0.9044999999999999,4,4
9,vanilla,0,18000,0.5300555555555556,0.8951999999999999,4,4
9,vanilla,0,19000,0.5324555555555555,0.906,4,4
9,vanilla,0,20000,0.5299555555555555,0.8986,4,4
9,vanilla,0,21000,0.5317555555555555,0.9139999999999999,4,4
9,vanilla,0,22000,0.5330555555555556,0.9140999999999999,4,4
9,vanilla,0,23000,0.5340555555555556,0.9190999999999999,4,4
9,vanilla,0,24000,0.5323555555555555,0.9179,4,4
9,vanilla,0,25000,0.5344555555555555,0.9242,4,4
9,vanilla,0,26000,0.5347555555555555,0.9231,4,4
9,vanilla,0,27000,0.5337555555555555,0.9056,4,4
9,vanilla,0,28000,0.5347555555555555,0.9278000000000001,4,4
9,vanilla,0,29000,0.5358555555555555,0.9265,4,4
9,vanilla,0,30000,0.5364555555555556,0.9319,4,4
9,vanilla,0,31000,0.5367555555555557,0.9305,4,4
9,vanilla,0,32000,0.5357555555555557,0.9317,4,4
9,vanilla,0,33000,0.5357555555555555,0.9333,4,4
9,vanilla,0,34000,0.5365555555555556,0.9315,4,4
9,vanilla,0,35000,0.5391555555555556,0.9356,4,4
9,vanilla,0,36000,0.5377555555555555,0.9419999999999998,4,4
9,vanilla,0,37000,0.5395555555555556,0.9232,4,4
9,vanilla,0,38000,0.5394555555555556,0.9119,4,4
9,vanilla,0,39000,0.5398555555555556,0.9239999999999999,4,4
9,vanilla,0,40000,0.5395555555555555,0.9294,4,4
9,vanilla,0,41000,0.5398555555555555,0.9359999999999998,4,4
9,vanilla,0,42000,0.5409555555555556,0.9427,4,4
9,vanilla,0,43000,0.5396555555555556,0.9426,4,4
9,vanilla,0,44000,0.5400555555555555,0.9172999999999999,4,4
9,vanilla,0,45000,0.5408555555555554,0.9419000000000001,4,4
9,vanilla,0,46000,0.5400555555555557,0.9396999999999999,4,4
9,vanilla,0,47000,0.5400555555555555,0.9380999999999999,4,4
9,vanilla,0,48000,0.5407555555555554,0.9492000000000002,4,4
9,vanilla,0,49000,0.5399555555555555,0.9305,4,4
9,vanilla,0,50000,0.5414555555555556,0.9256,4,4
9,vanilla,1,0,0.8888888888888888,0.8592,1,1
9,vanilla,1,1000,0.8627999999999999,0.1372,9,9
9,vanilla,1,2000,0.45546666666666663,0.5671,8,8
9,vanilla,1,3000,0.46565555555555554,0.6702,8,8
9,vanilla,1,4000,0.48135555555555554,0.7197,8,8
9,vanilla,1,5000,0.4973555555555556,0.7629,8,8
9,vanilla,1,6000,0.5012555555555556,0.8016000000000001,8,8
9,vanilla,1,7000,0.5075555555555555,0.8261999999999999,8,8
9,vanilla,1,8000,0.5132555555555556,0.8368,6,8
9,vanilla,1,9000,0.5164555555555556,0.8509,6,7
9,vanilla,1,10000,0.5170555555555555,0.8665,5,7
9,vanilla,1,11000,0.5218555555555555,0.8734000000000001,5,5
9,vanilla,1,12000,0.5232555555555556,0.8594,5,6
9,vanilla,1,13000,0.5250555555555555,0.8904000000000001,4,5
9,vanilla,1,14000,0.5276555555555555,0.8966000000000001,4,4
9,vanilla,1,15000,0.5276555555555555,0.9037,4,4
9,vanilla,1,16000,0.5284555555555556,0.9035,4,4
9,vanilla,1,17000,0.5304555555555556,0.9049999999999999,4,4
9,vanilla,1,18000,0.5312555555555556,0.9112,4,4
9,vanilla,1,19000,0.5348555555555556,0.9145999999999999,4,4
9,vanilla,1,20000,0.5335555555555556,0.8839,4,4
9,vanilla,1,21000,0.5343555555555555,0.9197000000000001,4,4
9,vanilla,1,22000,0.5325555555555554,0.9198000000000001,4,4
9,vanilla,1,23000,0.5346555555555556,0.9304,4,4
9,vanilla,1,24000,0.5328555555555555,0.9086,4,4
9,vanilla,1,25000,0.5363555555555555,0.9289000000000001,4,4
9,vanilla,1,26000,0.5375555555555556,0.9188,4,4
9,vanilla,1,27000,0.5354555555555556,0.9348000000000001,4,4
9,vanilla,1,28000,0.5393555555555556,0.9263,4,4
9,vanilla,1,29000,0.5386555555555557,0.9309,4,4
9,vanilla,1,30000,0.5385555555555557,0.9301,4,4
9,vanilla,1,31000,0.5383555555555555,0.9097000000000001,4,4
9,vanilla,1,32000,0.5362555555555555,0.9424,4,4
9,vanilla,1,33000,0.5370555555555556,0.9168999999999998,4,4
9,vanilla,1,34000,0.5386555555555557,0.9130999999999999,4,4
9,vanilla,1,35000,0.5409555555555556,0.9398,4,4
9,vanilla,1,36000,0.5424555555555555,0.9396,4,4
9,vanilla,1,37000,0.5387555555555557,0.9441,4,4
9,vanilla,1,38000,0.5413555555555556,0.9383,4,4
9,vanilla,1,39000,0.5423555555555557,0.945,4,4
9,vanilla,1,40000,0.5424555555555555,0.9426,4,4
9,vanilla,1,41000,0.5394555555555556,0.9455,4,4
9,vanilla,1,42000,0.5405555555555556,0.9478,4,4
9,vanilla,1,43000,0.5412555555555556,0.9213999999999999,4,4
9,vanilla,1,44000,0.5420555555555557,0.9491999999999999,4,4
9,vanilla,1,45000,0.5426555555555557,0.9385,4,4
9,vanilla,1,46000,0.5401555555555557,0.941,4,4
9,vanilla,1,47000,0.5426555555555556,0.9395,4,4
9,vanilla,1,48000,0.5406555555555554,0.9434,4,4
9,vanilla,1,49000,0.5406555555555554,0.9430000000000001,4,4
9,vanilla,1,50000,0.5420555555555556,0.9494,4,4
9,vanilla,2,0,0.8888888888888888,0.9612,1,1
9,vanilla,2,1000,0.8782999999999999,0.12170000000000003,6,8
9,vanilla,2,2000,0.5080888888888889,0.49239999999999995,8,8
9,vanilla,2,3000,0.4601555555555555,0.6645000000000001,8,8
9,vanilla,2,4000,0.47935555555555553,0.7338,8,8
9,vanilla,2,5000,0.49685555555555555,0.7674,8,8
9,vanilla,2,6000,0.5018555555555556,0.8048,8,8
9,vanilla,2,7000,0.5122555555555556,0.819,6,8
9,vanilla,2,8000,0.5142555555555555,0.8500000000000001,5,8
9,vanilla,2,9000,0.5209555555555556,0.8533,5,6
9,vanilla,2,10000,0.5219555555555555,0.8759,5,6
9,vanilla,2,11000,0.5257555555555555,0.8775000000000001,5,5
9,vanilla,2,12000,0.5271555555555556,0.8743,4,5
9,vanilla,2,13000,0.5276555555555555,0.8957,4,5
9,vanilla,2,14000,0.5283555555555556,0.9035,4,5
9,vanilla,2,15000,0.5306555555555555,0.9034,4,4
9,vanilla,2,16000,0.5319555555555555,0.9142,4,4
9,vanilla,2,17000,0.5328555555555556,0.9044,4,4
9,vanilla,2,18000,0.5327555555555555,0.9262999999999999,4,4
9,vanilla,2,19000,0.5353555555555556,0.9255,4,4
9,vanilla,2,20000,0.5355555555555555,0.9243000000000001,4,4
9,vanilla,2,21000,0.5332555555555556,0.9344,4,4
9,vanilla,2,22000,0.5375555555555556,0.9335000000000001,4,4
9,vanilla,2,23000,0.5370555555555556,0.9359999999999999,4,4
9,vanilla,2,24000,0.5372555555555555,0.931,4,4
9,vanilla,2,25000,0.5387555555555557,0.9297,4,4
9,vanilla,2,26000,0.5407555555555557,0.9372999999999999,4,4
9,vanilla,2,27000,0.5394555555555556,0.9363,4,4
9,vanilla,2,28000,0.5374555555555556,0.9363999999999999,4,4
9,vanilla,2,29000,0.5401555555555555,0.9466,4,4
9,vanilla,2,30000,0.5406555555555557,0.9468,4,4
9,vanilla,2,31000,0.5398555555555556,0.9484999999999999,4,4
9,vanilla,2,32000,0.5386555555555554,0.9299000000000001,4,4
9,vanilla,2,33000,0.5419555555555556,0.9418,4,4
9,vanilla,2,34000,0.5410555555555556,0.9468,4,4
9,vanilla,2,35000,0.5427555555555554,0.9420000000000001,4,4
9,vanilla,2,36000,0.5413555555555557,0.9446999999999999,4,4
9,vanilla,2,37000,0.5411555555555556,0.9381,4,4
9,vanilla,2,38000,0.5413555555555556,0.9541999999999999,4,4
9,vanilla,2,39000,0.5428555555555556,0.9465999999999999,4,4
9,vanilla,2,40000,0.5429555555555555,0.9460999999999999,4,4
9,vanilla,2,41000,0.5435555555555556,0.9455,4,4
9,vanilla,2,42000,0.5421555555555556,0.9504999999999999,4,4
9,vanilla,2,43000,0.5424555555555556,0.9553,4,4
9,vanilla,2,44000,0.5424555555555556,0.9353,4,4
9,vanilla,2,45000,0.5412555555555555,0.9548000000000001,4,4
9,vanilla,2,46000,0.5423555555555556,0.9496,4,4
9,vanilla,2,47000,0.5445555555555557,0.9511999999999999,4,4
9,vanilla,2,48000,0.5436555555555556,0.9554,4,4
9,vanilla,2,49000,0.5428555555555554,0.9538000000000001,4,4
9,vanilla,2,50000,0.5421555555555557,0.9618999999999999,4,4
9,vanilla,3,0,0.888888888888889,0.9659,1,1
9,vanilla,3,1000,0.873,0.127,6,8
9,vanilla,3,2000,0.4769,0.5231,8,8
9,vanilla,3,3000,0.4589555555555555,0.6444000000000001,8,8
9,vanilla,3,4000,0.47615555555555555,0.7134,8,8
9,vanilla,3,5000,0.4910555555555555,0.7563000000000001,8,8
9,vanilla,3,6000,0.4982555555555555,0.7839,8,8
9,vanilla,3,7000,0.5042555555555556,0.8109999999999999,8,8
9,vanilla,3,8000,0.5077555555555555,0.8232999999999999,7,8
9,vanilla,3,9000,0.5133555555555556,0.8475999999999999,6,7
9,vanilla,3,10000,0.5155555555555555,0.8623999999999999,6,8
9,vanilla,3,11000,0.5175555555555555,0.8747999999999999,5,7
9,vanilla,3,12000,0.5183555555555555,0.8783000000000001,4,7
9,vanilla,3,13000,0.5239555555555556,0.8573999999999999,4,4
9,vanilla,3,14000,0.5269555555555555,0.8793,4,4
9,vanilla,3,15000,0.5284555555555556,0.8871999999999999,4,4
9,vanilla,3,16000,0.5281555555555555,0.8902,4,4
9,vanilla,3,17000,0.5291555555555555,0.9045000000000001,4,4
9,vanilla,3,18000,0.5307555555555556,0.8976999999999999,4,4
9,vanilla,3,19000,0.5305555555555554,0.9125000000000001,4,4
9,vanilla,3,20000,0.5328555555555556,0.9118999999999999,4,4
9,vanilla,3,21000,0.5317555555555556,0.9140999999999999,4,4
9,vanilla,3,22000,0.5345555555555555,0.9074000000000001,4,4
9,vanilla,3,23000,0.5344555555555555,0.9099,4,4
9,vanilla,3,24000,0.5340555555555556,0.9222999999999999,4,4
9,vanilla,3,25000,0.5382555555555555,0.9187000000000001,4,4
9,vanilla,3,26000,0.5350555555555555,0.9251,4,4
9,vanilla,3,27000,0.5340555555555556,0.9332,4,4
9,vanilla,3,28000,0.5390555555555556,0.9265,4,4
9,vanilla,3,29000,0.5366555555555554,0.9198000000000001,4,4
9,vanilla,3,30000,0.5367555555555555,0.9389000000000001,4,4
9,vanilla,3,31000,0.5388555555555555,0.9339999999999999,4,4
9,vanilla,3,32000,0.5387555555555557,0.9327,4,4
9,vanilla,3,33000,0.5380555555555555,0.9257,4,4
9,vanilla,3,34000,0.5393555555555556,0.9375,4,4
9,vanilla,3,35000,0.5396555555555556,0.9334,4,4
9,vanilla,3,36000,0.5397555555555554,0.9383000000000001,4,4
9,vanilla,3,37000,0.5398555555555555,0.9389,4,4
9,vanilla,3,38000,0.5408555555555556,0.9323,4,4
9,vanilla,3,39000,0.5423555555555555,0.9382,4,4
9,vanilla,3,40000,0.5407555555555555,0.9229,4,4
9,vanilla,3,41000,0.5408555555555556,0.9420000000000001,4,4
9,vanilla,3,42000,0.5405555555555557,0.945,4,4
9,vanilla,3,43000,0.5379555555555556,0.9462999999999999,4,4
9,vanilla,3,44000,0.5397555555555555,0.921,4,4
9,vanilla,3,45000,0.5418555555555555,0.9418000000000001,4,4
9,vanilla,3,46000,0.5415555555555556,0.9498,4,4
9,vanilla,3,47000,0.5394555555555556,0.9464,4,4
9,vanilla,3,48000,0.5423555555555555,0.9506,4,4
9,vanilla,3,49000,0.5426555555555557,0.9186,4,4
9,vanilla,3,50000,0.5421555555555556,0.9517,4,4
9,vanilla,4,0,0.888888888888889,0.9436,1,1
9,vanilla,4,1000,0.8816999999999999,0.11830000000000007,8,8
9,vanilla,4,2000,0.48900000000000005,0.5109999999999999,8,8
9,vanilla,4,3000,0.46575555555555553,0.6382000000000001,8,8
9,vanilla,4,4000,0.47975555555555555,0.7159,8,8
9,vanilla,4,5000,0.49085555555555554,0.7692,8,8
9,vanilla,4,6000,0.4988555555555556,0.8062999999999999,8,8
9,vanilla,4,7000,0.5107555555555556,0.8274999999999999,7,8
9,vanilla,4,8000,0.5134555555555556,0.8475,6,7
9,vanilla,4,9000,0.5172555555555556,0.8634,5,7
9,vanilla,4,10000,0.5227555555555556,0.8704999999999999,4,6
9,vanilla,4,11000,0.5230555555555556,0.8888999999999999,4,5
9,vanilla,4,12000,0.5280555555555555,0.8851000000000001,4,4
9,vanilla,4,13000,0.5283555555555556,0.8996999999999999,4,4
9,vanilla,4,14000,0.5316555555555555,0.8923,4,4
9,vanilla,4,15000,0.5282555555555556,0.8947999999999999,4,4
9,vanilla,4,16000,0.5309555555555556,0.9097,4,4
9,vanilla,4,17000,0.5304555555555555,0.9181,4,4
9,vanilla,4,18000,0.5344555555555556,0.9115,4,4
9,vanilla,4,19000,0.5345555555555556,0.919,4,4
9,vanilla,4,20000,0.5315555555555556,0.9297000000000001,4,4
9,vanilla,4,21000,0.5337555555555555,0.9129,4,4
9,vanilla,4,22000,0.5348555555555556,0.9309,4,4
9,vanilla,4,23000,0.5375555555555556,0.9233,4,4
9,vanilla,4,24000,0.5384555555555555,0.9319000000000001,4,4
9,vanilla,4,25000,0.5382555555555556,0.9376,4,4
9,vanilla,4,26000,0.5380555555555556,0.8891999999999999,4,4
9,vanilla,4,27000,0.5396555555555556,0.9414000000000001,4,4
9,vanilla,4,28000,0.5385555555555557,0.949,4,4
9,vanilla,4,29000,0.5396555555555556,0.9437,4,4
9,vanilla,4,30000,0.5385555555555557,0.9183,4,4
9,vanilla,4,31000,0.5385555555555555,0.9489000000000001,4,4
9,vanilla,4,32000,0.5407555555555554,0.9426000000000001,4,4
9,vanilla,4,33000,0.5409555555555556,0.9469,4,4
9,vanilla,4,34000,0.5414555555555556,0.9354,4,4
9,vanilla,4,35000,0.5417555555555555,0.9477000000000001,4,4
9,vanilla,4,36000,0.5421555555555556,0.9418,4,4
9,vanilla,4,37000,0.5421555555555555,0.9517,4,4
9,vanilla,4,38000,0.5387555555555555,0.9352,4,4
9,vanilla,4,39000,0.5400555555555555,0.9471999999999999,4,4
9,vanilla,4,40000,0.5414555555555556,0.9508,4,4
9,vanilla,4,41000,0.5410555555555555,0.9437,4,4
9,vanilla,4,42000,0.5429555555555555,0.9482999999999999,4,4
9,vanilla,4,43000,0.5436555555555556,0.9503,4,4
9,vanilla,4,44000,0.5433555555555556,0.9587,4,4
9,vanilla,4,45000,0.5430555555555556,0.9364999999999999,4,4
9,vanilla,4,46000,0.5423555555555556,0.9441999999999999,4,4
9,vanilla,4,47000,0.5413555555555556,0.9475,4,4
9,vanilla,4,48000,0.5413555555555556,0.9583999999999999,4,4
9,vanilla,4,49000,0.5427555555555557,0.9517999999999999,4,4
9,vanilla,4,50000,0.5443555555555555,0.9540000000000001,4,4
9,rsgan,0,0,0.8888888888888888,0.9789,1,1
9,rsgan,0,1000,0.8657999999999999,0.13419999999999999,9,9
9,rsgan,0,2000,0.4526555555555556,0.5725,8,8
9,rsgan,0,3000,0.4703555555555555,0.6812,8,8
9,rsgan,0,4000,0.48355555555555557,0.7303,8,8
9,rsgan,0,5000,0.49165555555555557,0.7707,8,8
9,rsgan,0,6000,0.5000555555555555,0.7983,8,8
9,rsgan,0,7000,0.5043555555555556,0.8192999999999999,7,8
9,rsgan,0,8000,0.5073555555555556,0.838,7,8
9,rsgan,0,9000,0.5129555555555556,0.821,7,7
9,rsgan,0,10000,0.5119555555555555,0.857,7,8
9,rsgan,0,11000,0.5185555555555555,0.8529,5,6
9,rsgan,0,12000,0.5195555555555555,0.8507,5,6
9,rsgan,0,13000,0.5251555555555556,0.879,4,4
9,rsgan,0,14000,0.5236555555555555,0.8877999999999999,4,5
9,rsgan,0,15000,0.5242555555555555,0.8866,4,4
9,rsgan,0,16000,0.5248555555555555,0.8934,4,4
9,rsgan,0,17000,0.5258555555555555,0.8907,4,4
9,rsgan,0,18000,0.5284555555555555,0.891,4,4
9,rsgan,0,19000,0.5275555555555556,0.9027999999999999,4,4
9,rsgan,0,20000,0.5271555555555555,0.8949,4,4
9,rsgan,0,21000,0.5294555555555556,0.8969,4,4
9,rsgan,0,22000,0.5336555555555555,0.9031,4,4
9,rsgan,0,23000,0.5314555555555556,0.9041,4,4
9,rsgan,0,24000,0.5311555555555556,0.906,4,4
9,rsgan,0,25000,0.5292555555555556,0.9114,4,4
9,rsgan,0,26000,0.5308555555555555,0.9172,4,4
9,rsgan,0,27000,0.5309555555555556,0.9223999999999999,4,4
9,rsgan,0,28000,0.5323555555555556,0.9227,4,4
9,rsgan,0,29000,0.5333555555555556,0.9165,4,4
9,rsgan,0,30000,0.5319555555555555,0.9132999999999999,4,4
9,rsgan,0,31000,0.5334555555555556,0.9287,4,4
9,rsgan,0,32000,0.5359555555555556,0.9037999999999999,4,4
9,rsgan,0,33000,0.5375555555555556,0.9229,4,4
9,rsgan,0,34000,0.5366555555555557,0.9303,4,4
9,rsgan,0,35000,0.5361555555555556,0.9209999999999999,4,4
9,rsgan,0,36000,0.5354555555555556,0.9220999999999999,4,4
9,rsgan,0,37000,0.5340555555555556,0.9302999999999999,4,4
9,rsgan,0,38000,0.5352555555555556,0.9352,4,4
9,rsgan,0,39000,0.5377555555555555,0.9224999999999999,4,4
9,rsgan,0,40000,0.5386555555555554,0.9396000000000001,4,4
9,rsgan,0,41000,0.5380555555555555,0.9373,4,4
9,rsgan,0,42000,0.5387555555555555,0.9393,4,4
9,rsgan,0,43000,0.5401555555555555,0.9247,4,4
9,rsgan,0,44000,0.5367555555555554,0.9338000000000001,4,4
9,rsgan,0,45000,0.5390555555555555,0.9128000000000001,4,4
9,rsgan,0,46000,0.5398555555555555,0.9258,4,4
9,rsgan,0,47000,0.5397555555555555,0.9267000000000001,4,4
9,rsgan,0,48000,0.5408555555555556,0.9383999999999999,4,4
9,rsgan,0,49000,0.5384555555555555,0.922,4,4
9,rsgan,0,50000,0.5378555555555555,0.9411,4,4
9,rsgan,1,0,0.8888888888888888,0.8592,1,1
9,rsgan,1,1000,0.8825000000000001,0.11749999999999994,6,8
9,rsgan,1,2000,0.48398888888888886,0.5218,8,8
9,rsgan,1,3000,0.4636555555555556,0.6549999999999999,8,8
9,rsgan,1,4000,0.48075555555555555,0.7204,8,8
9,rsgan,1,5000,0.4967555555555556,0.7425999999999999,8,8
9,rsgan,1,6000,0.4959555555555555,0.7918000000000001,8,8
9,rsgan,1,7000,0.5036555555555555,0.8220999999999999,8,8
9,rsgan,1,8000,0.5081555555555555,0.8326,6,8
9,rsgan,1,9000,0.5083555555555556,0.833,8,8
9,rsgan,1,10000,0.5144555555555556,0.8593999999999999,6,6
9,rsgan,1,11000,0.5166555555555555,0.8585,6,6
9,rsgan,1,12000,0.5200555555555555,0.8693000000000001,4,6
9,rsgan,1,13000,0.5229555555555555,0.8728,5,5
9,rsgan,1,14000,0.5223555555555557,0.8884,4,6
9,rsgan,1,15000,0.5228555555555556,0.8859999999999999,5,5
9,rsgan,1,16000,0.5245555555555556,0.8959999999999999,4,5
9,rsgan,1,17000,0.5279555555555555,0.9042,4,4
9,rsgan,1,18000,0.5310555555555556,0.8952,4,4
9,rsgan,1,19000,0.5289555555555556,0.9043,4,4
9,rsgan,1,20000,0.5324555555555556,0.9042,4,4
9,rsgan,1,21000,0.5269555555555555,0.9136,4,4
9,rsgan,1,22000,0.5326555555555557,0.9003,4,4
9,rsgan,1,23000,0.5340555555555555,0.8155,4,4
9,rsgan,1,24000,0.5320555555555555,0.9089999999999999,4,4
9,rsgan,1,25000,0.5334555555555556,0.9188,4,4
9,rsgan,1,26000,0.5349555555555555,0.9172,4,4
9,rsgan,1,27000,0.5341555555555556,0.9287,4,4
9,rsgan,1,28000,0.5363555555555556,0.9259999999999999,4,4
9,rsgan,1,29000,0.5350555555555556,0.9290999999999999,4,4
9,rsgan,1,30000,0.5363555555555556,0.9165,4,4
9,rsgan,1,31000,0.5369555555555556,0.9037999999999999,4,4
9,rsgan,1,32000,0.5346555555555556,0.9297,4,4
9,rsgan,1,33000,0.5369555555555555,0.8987,4,4
9,rsgan,1,34000,0.5373555555555556,0.9336,4,4
9,rsgan,1,35000,0.5351555555555556,0.9303,4,4
9,rsgan,1,36000,0.5362555555555555,0.8939,4,4
9,rsgan,1,37000,0.5411555555555556,0.9299999999999999,4,4
9,rsgan,1,38000,0.5385555555555556,0.9356,4,4
9,rsgan,1,39000,0.5384555555555555,0.9356000000000001,4,4
9,rsgan,1,40000,0.5389555555555556,0.9368,4,4
9,rsgan,1,41000,0.5381555555555555,0.9372999999999999,4,4
9,rsgan,1,42000,0.5382555555555555,0.9392,4,4
9,rsgan,1,43000,0.5384555555555555,0.9097000000000001,4,4
9,rsgan,1,44000,0.5378555555555555,0.936,4,4
9,rsgan,1,45000,0.5416555555555554,0.9144000000000001,4,4
9,rsgan,1,46000,0.5394555555555557,0.9362999999999999,4,4
9,rsgan,1,47000,0.5381555555555556,0.9440999999999999,4,4
9,rsgan,1,48000,0.5409555555555554,0.9384000000000001,4,4
9,rsgan,1,49000,0.5386555555555554,0.9449,4,4
9,rsgan,1,50000,0.5409555555555556,0.944,4,4
9,rsgan,2,0,0.8888888888888888,0.9612,1,1
9,rsgan,2,1000,0.8691,0.13090000000000002,7,9
9,rsgan,2,2000,0.4972888888888889,0.505,8,8
9,rsgan,2,3000,0.46225555555555553,0.6612,8,8
9,rsgan,2,4000,0.4784555555555556,0.7333999999999999,8,8
9,rsgan,2,5000,0.4904555555555556,0.7735,8,8
9,rsgan,2,6000,0.4997555555555556,0.7964,8,8
9,rsgan,2,7000,0.5055555555555555,0.822,8,8
9,rsgan,2,8000,0.5078555555555555,0.8383,7,8
9,rsgan,2,9000,0.5145555555555557,0.8417999999999999,6,8
9,rsgan,2,10000,0.5170555555555556,0.8656,5,7
9,rsgan,2,11000,0.5186555555555556,0.8509,5,6
9,rsgan,2,12000,0.5190555555555556,0.8745,5,6
9,rsgan,2,13000,0.5206555555555555,0.875,4,5
9,rsgan,2,14000,0.5229555555555556,0.8956999999999999,4,5
9,rsgan,2,15000,0.5246555555555557,0.9034,4,5
9,rsgan,2,16000,0.5262555555555556,0.8919,4,4
9,rsgan,2,17000,0.5282555555555555,0.9106000000000001,4,4
9,rsgan,2,18000,0.5300555555555555,0.9099999999999999,4,4
9,rsgan,2,19000,0.5301555555555555,0.9165,4,4
9,rsgan,2,20000,0.5310555555555556,0.9139999999999999,4,4
9,rsgan,2,21000,0.5350555555555556,0.9159999999999999,4,4
9,rsgan,2,22000,0.5336555555555555,0.9191,4,4
9,rsgan,2,23000,0.5341555555555555,0.9287,4,4
9,rsgan,2,24000,0.5349555555555556,0.9247,4,4
9,rsgan,2,25000,0.5365555555555555,0.919,4,4
9,rsgan,2,26000,0.5331555555555556,0.9108999999999999,4,4
9,rsgan,2,27000,0.5342555555555555,0.9395000000000001,4,4
9,rsgan,2,28000,0.5349555555555556,0.9141999999999999,4,4
9,rsgan,2,29000,0.5380555555555557,0.9312999999999999,4,4
9,rsgan,2,30000,0.5403555555555555,0.9361,4,4
9,rsgan,2,31000,0.5394555555555556,0.9278000000000001,4,4
9,rsgan,2,32000,0.5396555555555554,0.933,4,4
9,rsgan,2,33000,0.5389555555555556,0.9433999999999999,4,4
9,rsgan,2,34000,0.5397555555555555,0.9474,4,4
9,rsgan,2,35000,0.5397555555555555,0.9454,4,4
9,rsgan,2,36000,0.5404555555555555,0.9443,4,4
9,rsgan,2,37000,0.5384555555555557,0.9486,4,4
9,rsgan,2,38000,0.5407555555555554,0.9369,4,4
9,rsgan,2,39000,0.5376555555555556,0.9465,4,4
9,rsgan,2,40000,0.5392555555555556,0.9504999999999999,4,4
9,rsgan,2,41000,0.5392555555555556,0.9482,4,4
9,rsgan,2,42000,0.5410555555555556,0.9441999999999999,4,4
9,rsgan,2,43000,0.5400555555555557,0.9470999999999999,4,4
9,rsgan,2,44000,0.5394555555555556,0.9509,4,4
9,rsgan,2,45000,0.5420555555555555,0.951,4,4
9,rsgan,2,46000,0.5415555555555556,0.8723000000000001,4,4
9,rsgan,2,47000,0.5391555555555556,0.9441999999999999,4,4
9,rsgan,2,48000,0.5398555555555555,0.9276000000000001,4,4
9,rsgan,2,49000,0.5398555555555555,0.9490999999999999,4,4
9,rsgan,2,50000,0.5422555555555555,0.9504,4,4
9,rsgan,3,0,0.888888888888889,0.9659,1,1
9,rsgan,3,1000,0.8786,0.12139999999999995,6,8
9,rsgan,3,2000,0.47417777777777775,0.5272,8,8
9,rsgan,3,3000,0.4714555555555556,0.6589999999999999,8,8
9,rsgan,3,4000,0.4820555555555555,0.7241000000000001,8,8
9,rsgan,3,5000,0.49215555555555557,0.7625,8,8
9,rsgan,3,6000,0.4986555555555555,0.7924,8,8
9,rsgan,3,7000,0.5030555555555556,0.8117,8,8
9,rsgan,3,8000,0.5079555555555555,0.8217,8,8
9,rsgan,3,9000,0.5122555555555557,0.8382,7,8
9,rsgan,3,10000,0.5135555555555555,0.8361999999999999,7,8
9,rsgan,3,11000,0.5148555555555556,0.8576999999999999,6,8
9,rsgan,3,12000,0.5202555555555556,0.8662999999999998,5,6
9,rsgan,3,13000,0.5227555555555556,0.865,4,5
9,rsgan,3,14000,0.5199555555555556,0.882,5,6
9,rsgan,3,15000,0.5226555555555555,0.8852,4,5
9,rsgan,3,16000,0.5243555555555555,0.8657,4,4
9,rsgan,3,17000,0.5281555555555555,0.8702,4,4
9,rsgan,3,18000,0.5276555555555555,0.8891,4,4
9,rsgan,3,19000,0.5268555555555556,0.8943999999999999,4,4
9,rsgan,3,20000,0.5272555555555555,0.9025000000000001,4,4
9,rsgan,3,21000,0.5302555555555555,0.8878,4,4
9,rsgan,3,22000,0.5306555555555557,0.9079999999999999,4,4
9,rsgan,3,23000,0.5312555555555556,0.9105,4,4
9,rsgan,3,24000,0.5296555555555555,0.9135,4,4
9,rsgan,3,25000,0.5300555555555555,0.912,4,4
9,rsgan,3,26000,0.5332555555555556,0.9178,4,4
9,rsgan,3,27000,0.5338555555555555,0.9186,4,4
9,rsgan,3,28000,0.5314555555555556,0.9169,4,4
9,rsgan,3,29000,0.5313555555555556,0.9187000000000001,4,4
9,rsgan,3,30000,0.5324555555555557,0.9238,4,4
9,rsgan,3,31000,0.5354555555555556,0.9264999999999999,4,4
9,rsgan,3,32000,0.5345555555555556,0.9247,4,4
9,rsgan,3,33000,0.5329555555555556,0.9263999999999999,4,4
9,rsgan,3,34000,0.5350555555555556,0.9116,4,4
9,rsgan,3,35000,0.5344555555555557,0.9310999999999999,4,4
9,rsgan,3,36000,0.5377555555555555,0.9191,4,4
9,rsgan,3,37000,0.5351555555555556,0.9007,4,4
9,rsgan,3,38000,0.5351555555555556,0.9279,4,4
9,rsgan,3,39000,0.5381555555555555,0.9225,4,4
9,rsgan,3,40000,0.5367555555555555,0.9332,4,4
9,rsgan,3,41000,0.5369555555555555,0.938,4,4
9,rsgan,3,42000,0.5369555555555556,0.9317,4,4
9,rsgan,3,43000,0.5383555555555555,0.9359999999999999,4,4
9,rsgan,3,44000,0.5390555555555556,0.9302999999999999,4,4
9,rsgan,3,45000,0.5339555555555555,0.9302999999999999,4,4
9,rsgan,3,46000,0.5367555555555557,0.9164,4,4
9,rsgan,3,47000,0.5354555555555556,0.9393,4,4
9,rsgan,3,48000,0.5366555555555554,0.9353000000000001,4,4
9,rsgan,3,49000,0.5389555555555556,0.9381999999999999,4,4
9,rsgan,3,50000,0.5382555555555555,0.9369,4,4
9,rsgan,4,0,0.888888888888889,0.9436,1,1
9,rsgan,4,1000,0.8754,0.12460000000000004,7,9
9,rsgan,4,2000,0.4831,0.5169,8,8
9,rsgan,4,3000,0.46165555555555554,0.6517,8,8
9,rsgan,4,4000,0.47805555555555557,0.7135,8,8
9,rsgan,4,5000,0.4884555555555556,0.7515,8,8
9,rsgan,4,6000,0.4988555555555556,0.7762,8,8
9,rsgan,4,7000,0.49945555555555554,0.8122,8,8
9,rsgan,4,8000,0.5072555555555556,0.8325,8,8
9,rsgan,4,9000,0.5083555555555556,0.8471,8,8
9,rsgan,4,10000,0.5128555555555555,0.8476000000000001,7,8
9,rsgan,4,11000,0.5170555555555556,0.8651,5,6
9,rsgan,4,12000,0.5159555555555555,0.8757,6,7
9,rsgan,4,13000,0.5194555555555554,0.8781000000000001,5,6
9,rsgan,4,14000,0.5250555555555556,0.8674999999999999,4,5
9,rsgan,4,15000,0.5254555555555556,0.8948,4,4
9,rsgan,4,16000,0.5283555555555555,0.8869000000000001,4,4
9,rsgan,4,17000,0.5268555555555556,0.8964999999999999,4,4
9,rsgan,4,18000,0.5288555555555556,0.9058999999999999,4,4
9,rsgan,4,19000,0.5268555555555556,0.9033,4,4
9,rsgan,4,20000,0.5308555555555556,0.9102999999999999,4,4
9,rsgan,4,21000,0.5297555555555555,0.9123999999999999,4,4
9,rsgan,4,22000,0.5339555555555555,0.9077,4,4
9,rsgan,4,23000,0.5314555555555556,0.9227,4,4
9,rsgan,4,24000,0.5339555555555555,0.8987999999999999,4,4
9,rsgan,4,25000,0.5319555555555555,0.9180999999999999,4,4
9,rsgan,4,26000,0.5318555555555555,0.9203,4,4
9,rsgan,4,27000,0.5345555555555555,0.9226000000000001,4,4
9,rsgan,4,28000,0.5344555555555556,0.9261,4,4
9,rsgan,4,29000,0.5344555555555555,0.9229,4,4
9,rsgan,4,30000,0.5377555555555555,0.9253,4,4
9,rsgan,4,31000,0.5347555555555555,0.9244,4,4
9,rsgan,4,32000,0.5334555555555556,0.9364999999999999,4,4
9,rsgan,4,33000,0.5370555555555556,0.9147,4,4
9,rsgan,4,34000,0.5354555555555556,0.9333999999999999,4,4
9,rsgan,4,35000,0.5354555555555556,0.9347000000000001,4,4
9,rsgan,4,36000,0.5371555555555556,0.9394,4,4
9,rsgan,4,37000,0.5373555555555556,0.9220999999999999,4,4
9,rsgan,4,38000,0.5366555555555556,0.9317,4,4
9,rsgan,4,39000,0.5379555555555555,0.9420999999999999,4,4
9,rsgan,4,40000,0.5393555555555555,0.9128000000000001,4,4
9,rsgan,4,41000,0.5397555555555555,0.9351999999999999,4,4
9,rsgan,4,42000,0.5374555555555556,0.9367000000000001,4,4
9,rsgan,4,43000,0.5400555555555555,0.9213999999999999,4,4
9,rsgan,4,44000,0.5384555555555557,0.9350999999999999,4,4
9,rsgan,4,45000,0.5377555555555555,0.9378,4,4
9,rsgan,4,46000,0.5358555555555555,0.9501000000000001,4,4
9,rsgan,4,47000,0.5388555555555554,0.9436000000000001,4,4
9,rsgan,4,48000,0.5377555555555555,0.9179,4,4
9,rsgan,4,49000,0.5394555555555556,0.9445999999999999,4,4
9,rsgan,4,50000,0.5402555555555555,0.9445,4,4
9,paired,0,0,0.8888888888888888,0.9789,1,1
9,paired,0,1000,0.8962,0.1038,5,7
9,paired,0,2000,0.8815999999999999,0.11840000000000006,8,8
9,paired,0,3000,0.7242999999999999,0.27570000000000006,8,9
9,paired,0,4000,0.5503,0.4497,8,8
9,paired,0,5000,0.5318,0.46819999999999995,8,8
9,paired,0,6000,0.5041,0.4959,8,8
9,paired,0,7000,0.48019999999999996,0.5198,9,9
9,paired,0,8000,0.35339999999999994,0.6466000000000001,9,9
9,paired,0,9000,0.2397,0.7603,9,9
9,paired,0,10000,0.19989999999999997,0.8001,9,9
9,paired,0,11000,0.16589999999999994,0.8341000000000001,9,9
9,paired,0,12000,0.14839999999999998,0.8516,9,9
9,paired,0,13000,0.1407,0.8593,9,9
9,paired,0,14000,0.1225,0.8775,9,9
9,paired,0,15000,0.15769999999999995,0.8423,9,9
9,paired,0,16000,0.12179999999999994,0.8782000000000001,9,9
9,paired,0,17000,0.10930000000000001,0.8906999999999999,9,9
9,paired,0,18000,0.10249999999999998,0.8975,9,9
9,paired,0,19000,0.10039999999999999,0.8996,9,9
9,paired,0,20000,0.11529999999999994,0.8847,9,9
9,paired,0,21000,0.1222,0.8777999999999999,9,9
9,paired,0,22000,0.09189999999999995,0.9081,9,9
9,paired,0,23000,0.0895,0.9105,9,9
9,paired,0,24000,0.08629999999999999,0.9137,9,9
9,paired,0,25000,0.09089999999999995,0.9091,9,9
9,paired,0,26000,0.07989999999999994,0.9201,9,9
9,paired,0,27000,0.08399999999999995,0.916,9,9
9,paired,0,28000,0.07869999999999996,0.9213,9,9
9,paired,0,29000,0.08410000000000001,0.9158999999999999,9,9
9,paired,0,30000,0.10190000000000002,0.8980999999999999,9,9
9,paired,0,31000,0.10529999999999995,0.8947,9,9
9,paired,0,32000,0.08590000000000002,0.9140999999999999,9,9
9,paired,0,33000,0.0719,0.9280999999999999,9,9
9,paired,0,34000,0.07919999999999999,0.9208,9,9
9,paired,0,35000,0.0683,0.9317,9,9
9,paired,0,36000,0.07229999999999998,0.9277,9,9
9,paired,0,37000,0.06819999999999998,0.9318,9,9
9,paired,0,38000,0.10649999999999998,0.8935,9,9
9,paired,0,39000,0.06770000000000001,0.9322999999999999,9,9
9,paired,0,40000,0.06338888888888887,0.9377,9,9
9,paired,0,41000,0.07379999999999995,0.9262,9,9
9,paired,0,42000,0.06109999999999994,0.9389000000000001,9,9
9,paired,0,43000,0.060699999999999955,0.9393,9,9
9,paired,0,44000,0.05829999999999998,0.9417,9,9
9,paired,0,45000,0.0593888888888889,0.9422999999999999,9,9
9,paired,0,46000,0.06499999999999995,0.935,9,9
9,paired,0,47000,0.06880000000000003,0.9311999999999999,9,9
9,paired,0,48000,0.06519999999999998,0.9348,9,9
9,paired,0,49000,0.09179999999999991,0.9082000000000001,9,9
9,paired,0,50000,0.05829999999999999,0.9417,9,9
9,paired,1,0,0.8888888888888888,0.8592,1,1
9,paired,1,1000,0.8935,0.10650000000000004,5,7
9,paired,1,2000,0.8772,0.12280000000000002,8,9
9,paired,1,3000,0.5871999999999999,0.41280000000000006,8,8
9,paired,1,4000,0.5341,0.4659,8,8
9,paired,1,5000,0.5265,0.47350000000000003,8,8
9,paired,1,6000,0.47909999999999997,0.5208999999999999,8,8
9,paired,1,7000,0.40049999999999997,0.5995,9,9
9,paired,1,8000,0.27409999999999995,0.7259,9,9
9,paired,1,9000,0.20539999999999997,0.7946,9,9
9,paired,1,10000,0.16799999999999993,0.8320000000000001,9,9
9,paired,1,11000,0.14419999999999997,0.8558,9,9
9,paired,1,12000,0.13119999999999996,0.8688,9,9
9,paired,1,13000,0.12519999999999998,0.8748,9,9
9,paired,1,14000,0.13499999999999998,0.865,9,9
9,paired,1,15000,0.10699999999999997,0.893,9,9
9,paired,1,16000,0.09939999999999993,0.9006000000000001,9,9
9,paired,1,17000,0.09719999999999995,0.9028,9,9
9,paired,1,18000,0.09499999999999997,0.905,9,9
9,paired,1,19000,0.09079999999999996,0.9092,9,9
9,paired,1,20000,0.09239999999999993,0.9076000000000001,9,9
9,paired,1,21000,0.08570000000000003,0.9142999999999999,9,9
9,paired,1,22000,0.09130000000000006,0.9086999999999998,9,9
9,paired,1,23000,0.08049999999999999,0.9195,9,9
9,paired,1,24000,0.07749999999999999,0.9225,9,9
9,paired,1,25000,0.11199999999999996,0.888,9,9
9,paired,1,26000,0.08089999999999996,0.9191,9,9
9,paired,1,27000,0.07719999999999994,0.9228000000000001,9,9
9,paired,1,28000,0.07580000000000002,0.9241999999999999,9,9
9,paired,1,29000,0.08319999999999994,0.9168000000000001,9,9
9,paired,1,30000,0.08179999999999997,0.9182,9,9
9,paired,1,31000,0.07189999999999996,0.9281,9,9
9,paired,1,32000,0.06819999999999998,0.9318,9,9
9,paired,1,33000,0.06929999999999994,0.9307000000000001,9,9
9,paired,1,34000,0.06259999999999996,0.9374,9,9
9,paired,1,35000,0.06489999999999994,0.9351,9,9
9,paired,1,36000,0.07789999999999996,0.9221,9,9
9,paired,1,37000,0.08729999999999999,0.9127,9,9
9,paired,1,38000,0.0761,0.9238999999999999,9,9
9,paired,1,39000,0.07209999999999994,0.9279000000000001,9,9
9,paired,1,40000,0.06109999999999993,0.9389000000000001,9,9
9,paired,1,41000,0.08439999999999995,0.9156000000000001,9,9
9,paired,1,42000,0.059000000000000004,0.941,9,9
9,paired,1,43000,0.05670000000000002,0.9432999999999999,9,9
9,paired,1,44000,0.061399999999999975,0.9386,9,9
9,paired,1,45000,0.053499999999999916,0.9465000000000001,9,9
9,paired,1,46000,0.059800000000000006,0.9401999999999999,9,9
9,paired,1,47000,0.054099999999999995,0.9459,9,9
9,paired,1,48000,0.052599999999999966,0.9474,9,9
9,paired,1,49000,0.05069999999999995,0.9493,9,9
9,paired,1,50000,0.05209999999999994,0.9479000000000001,9,9
9,paired,2,0,0.8888888888888888,0.9612,1,1
9,paired,2,1000,0.8856999999999999,0.11430000000000007,5,5
9,paired,2,2000,0.8877999999999999,0.11219999999999997,6,7
9,paired,2,3000,0.8288,0.17120000000000002,9,9
9,paired,2,4000,0.5357000000000001,0.46429999999999993,8,8
9,paired,2,5000,0.5367,0.46330000000000005,8,9
9,paired,2,6000,0.5116,0.48839999999999995,8,9
9,paired,2,7000,0.48269999999999996,0.5173,9,9
9,paired,2,8000,0.4167,0.5832999999999999,9,9
9,paired,2,9000,0.2779,0.7221,9,9
9,paired,2,10000,0.23189999999999997,0.7681,9,9
9,paired,2,11000,0.18380000000000002,0.8161999999999999,9,9
9,paired,2,12000,0.1651,0.8349,9,9
9,paired,2,13000,0.14909999999999998,0.8509,9,9
9,paired,2,14000,0.13909999999999997,0.8609,9,9
9,paired,2,15000,0.13329999999999997,0.8667,9,9
9,paired,2,16000,0.12189999999999991,0.8781000000000001,9,9
9,paired,2,17000,0.11879999999999999,0.8812,9,9
9,paired,2,18000,0.11139999999999994,0.8886000000000001,9,9
9,paired,2,19000,0.1661999999999999,0.8338000000000001,9,9
9,paired,2,20000,0.10279999999999997,0.8972,9,9
9,paired,2,21000,0.09678888888888887,0.9033,9,9
9,paired,2,22000,0.10350000000000004,0.8964999999999999,9,9
9,paired,2,23000,0.09159999999999993,0.9084000000000001,9,9
9,paired,2,24000,0.08969999999999992,0.9103000000000001,9,9
9,paired,2,25000,0.08889999999999997,0.9111,9,9
9,paired,2,26000,0.08449999999999998,0.9155,9,9
9,paired,2,27000,0.08659999999999991,0.9134000000000001,9,9
9,paired,2,28000,0.08689999999999995,0.9131,9,9
9,paired,2,29000,0.07969999999999991,0.9203000000000001,9,9
9,paired,2,30000,0.07739999999999998,0.9226,9,9
9,paired,2,31000,0.07559999999999997,0.9244,9,9
9,paired,2,32000,0.08669999999999997,0.9133,9,9
9,paired,2,33000,0.07029999999999997,0.9297,9,9
9,paired,2,34000,0.07328888888888885,0.927,9,9
9,paired,2,35000,0.0761,0.9238999999999999,9,9
9,paired,2,36000,0.06829999999999999,0.9317,9,9
9,paired,2,37000,0.10190000000000003,0.8980999999999999,9,9
9,paired,2,38000,0.07128888888888893,0.9304999999999999,9,9
9,paired,2,39000,0.06948888888888885,0.9311,9,9
9,paired,2,40000,0.06708888888888886,0.9355,9,9
9,paired,2,41000,0.06978888888888884,0.9333,9,9
9,paired,2,42000,0.07308888888888879,0.9281000000000001,9,9
9,paired,2,43000,0.10039999999999999,0.8996,9,9
9,paired,2,44000,0.05919999999999994,0.9408000000000001,9,9
9,paired,2,45000,0.05998888888888887,0.9416,9,9
9,paired,2,46000,0.06259999999999996,0.9374,9,9
9,paired,2,47000,0.0813,0.9187,9,9
9,paired,2,48000,0.06469999999999995,0.9353,9,9
9,paired,2,49000,0.06099999999999994,0.9390000000000001,9,9
9,paired,2,50000,0.06698888888888896,0.9348999999999998,9,9
9,paired,3,0,0.888888888888889,0.9659,1,1
9,paired,3,1000,0.8912,0.10880000000000001,7,7
9,paired,3,2000,0.8802999999999999,0.11970000000000003,9,9
9,paired,3,3000,0.5733999999999999,0.4266,8,8
9,paired,3,4000,0.5664,0.4336,8,8
9,paired,3,5000,0.5205,0.47950000000000004,8,8
9,paired,3,6000,0.48769999999999997,0.5123,9,9
9,paired,3,7000,0.33,0.6699999999999999,9,9
9,paired,3,8000,0.2117,0.7883,9,9
9,paired,3,9000,0.16989999999999994,0.8301000000000001,9,9
9,paired,3,10000,0.14879999999999993,0.8512000000000001,9,9
9,paired,3,11000,0.13240000000000002,0.8675999999999999,9,9
9,paired,3,12000,0.13040000000000002,0.8695999999999999,9,9
9,paired,3,13000,0.11159999999999999,0.8884,9,9
9,paired,3,14000,0.10610000000000001,0.8938999999999999,9,9
9,paired,3,15000,0.10390000000000003,0.8960999999999999,9,9
9,paired,3,16000,0.10939999999999994,0.8906000000000001,9,9
9,paired,3,17000,0.09360000000000004,0.9063999999999999,9,9
9,paired,3,18000,0.0880999999999999,0.9119000000000002,9,9
9,paired,3,19000,0.08180000000000001,0.9181999999999999,9,9
9,paired,3,20000,0.09009999999999996,0.9099,9,9
9,paired,3,21000,0.08059999999999998,0.9194,9,9
9,paired,3,22000,0.08039999999999999,0.9196,9,9
9,paired,3,23000,0.08049999999999999,0.9195,9,9
9,paired,3,24000,0.07329999999999999,0.9267,9,9
9,paired,3,25000,0.0842,0.9158,9,9
9,paired,3,26000,0.08390000000000003,0.9160999999999999,9,9
9,paired,3,27000,0.06929999999999993,0.9307000000000001,9,9
9,paired,3,28000,0.17969999999999997,0.8203,9,9
9,paired,3,29000,0.06868888888888888,0.9319,9,9
9,paired,3,30000,0.07489999999999997,0.9251,9,9
9,paired,3,31000,0.09410000000000002,0.9058999999999999,9,9
9,paired,3,32000,0.07268888888888887,0.9283,9,9
9,paired,3,33000,0.0642888888888889,0.9360999999999999,9,9
9,paired,3,34000,0.06418888888888884,0.937,9,9
9,paired,3,35000,0.0682,0.9318,9,9
9,paired,3,36000,0.06280000000000001,0.9371999999999999,9,9
9,paired,3,37000,0.05869999999999995,0.9413,9,9
9,paired,3,38000,0.06019999999999999,0.9398,9,9
9,paired,3,39000,0.06948888888888888,0.9318,9,9
9,paired,3,40000,0.07079999999999995,0.9292,9,9
9,paired,3,41000,0.058388888888888844,0.9421,9,9
9,paired,3,42000,0.054199999999999984,0.9458,9,9
9,paired,3,43000,0.051399999999999973,0.9486,9,9
9,paired,3,44000,0.05528888888888887,0.9456,9,9
9,paired,3,45000,0.059800000000000006,0.9401999999999999,9,9
9,paired,3,46000,0.061188888888888925,0.9394999999999999,9,9
9,paired,3,47000,0.05218888888888889,0.948,9,9
9,paired,3,48000,0.20669999999999997,0.7933,9,9
9,paired,3,49000,0.06169999999999995,0.9383,9,9
9,paired,3,50000,0.059688888888888826,0.9430000000000001,9,9
9,paired,4,0,0.888888888888889,0.9436,1,1
9,paired,4,1000,0.8875,0.11250000000000004,6,6
9,paired,4,2000,0.8741,0.1259,9,9
9,paired,4,3000,0.5880999999999998,0.41190000000000004,8,8
9,paired,4,4000,0.519,0.481,8,8
9,paired,4,5000,0.5032,0.4967999999999999,9,9
9,paired,4,6000,0.43860000000000005,0.5613999999999999,9,9
9,paired,4,7000,0.31239999999999996,0.6876,9,9
9,paired,4,8000,0.21989999999999996,0.7801,9,9
9,paired,4,9000,0.17909999999999998,0.8209,9,9
9,paired,4,10000,0.15879999999999994,0.8412000000000001,9,9
9,paired,4,11000,0.14189999999999997,0.8581,9,9
9,paired,4,12000,0.13679999999999998,0.8632,9,9
9,paired,4,13000,0.13190000000000004,0.8680999999999999,9,9
9,paired,4,14000,0.11088888888888887,0.8893,9,9
9,paired,4,15000,0.11229999999999996,0.8877,9,9
9,paired,4,16000,0.11030000000000001,0.8896999999999999,9,9
9,paired,4,17000,0.10610000000000003,0.8938999999999999,9,9
9,paired,4,18000,0.10719999999999995,0.8928,9,9
9,paired,4,19000,0.08939999999999998,0.9106,9,9
9,paired,4,20000,0.09469999999999998,0.9053,9,9
9,paired,4,21000,0.07909999999999995,0.9209,9,9
9,paired,4,22000,0.09728888888888892,0.9030999999999999,9,9
9,paired,4,23000,0.08239999999999997,0.9176,9,9
9,paired,4,24000,0.07519999999999999,0.9248,9,9
9,paired,4,25000,0.08829999999999993,0.9117000000000001,9,9
9,paired,4,26000,0.06919999999999993,0.9308000000000001,9,9
9,paired,4,27000,0.07,0.9299999999999999,9,9
9,paired,4,28000,0.069,0.9309999999999999,9,9
9,paired,4,29000,0.06469999999999997,0.9353,9,9
9,paired,4,30000,0.0685888888888889,0.9319,9,9
9,paired,4,31000,0.067,0.9329999999999999,9,9
9,paired,4,32000,0.13428888888888885,0.8662000000000001,9,9
9,paired,4,33000,0.07289999999999996,0.9271,9,9
9,paired,4,34000,0.07178888888888885,0.9291,9,9
9,paired,4,35000,0.06518888888888887,0.9366,9,9
9,paired,4,36000,0.22369999999999995,0.7763,9,9
9,paired,4,37000,0.07259999999999998,0.9274,9,9
9,paired,4,38000,0.061099999999999995,0.9389,9,9
9,paired,4,39000,0.07939999999999993,0.9206000000000001,9,9
9,paired,4,40000,0.12628888888888887,0.8753,9,9
9,paired,4,41000,0.09699999999999995,0.903,9,9
9,paired,4,42000,0.05438888888888884,0.9472,9,9
9,paired,4,43000,0.05668888888888888,0.9457,9,9
9,paired,4,44000,0.0673999999999999,0.9326000000000001,9,9
9,paired,4,45000,0.06089999999999995,0.9391,9,9
9,paired,4,46000,0.04899999999999993,0.9510000000000001,9,9
9,paired,4,47000,0.04849999999999997,0.9515,9,9
9,paired,4,48000,0.07079999999999995,0.9292,9,9
9,paired,4,49000,0.057599999999999915,0.9424000000000001,9,9
9,paired,4,50000,0.05408888888888889,0.9479,9,9
25,vanilla,0,0,0.96,0.9789,1,1
25,vanilla,0,1000,0.8842,0.11580000000000001,0,16
25,vanilla,0,2000,0.873,0.127,2,19
25,vanilla,0,3000,0.8109,0.18910000000000005,5,23
25,vanilla,0,4000,0.742,0.258,12,24
25,vanilla,0,5000,0.716,0.28400000000000003,15,23
25,vanilla,0,6000,0.7027000000000001,0.2973,14,23
25,vanilla,0,7000,0.6789000000000001,0.32109999999999994,15,23
25,vanilla,0,8000,0.6628000000000001,0.344,14,22
25,vanilla,0,9000,0.6537,0.3599,15,19
25,vanilla,0,10000,0.6557999999999999,0.36719999999999997,14,23
25,vanilla,0,11000,0.6492,0.39469999999999994,13,19
25,vanilla,0,12000,0.6517999999999999,0.4133,15,18
25,vanilla,0,13000,0.6523000000000001,0.42279999999999995,12,17
25,vanilla,0,14000,0.6551,0.43379999999999996,11,16
25,vanilla,0,15000,0.6663999999999999,0.4466,12,16
25,vanilla,0,16000,0.6621999999999999,0.4607,12,16
25,vanilla,0,17000,0.6604,0.46740000000000004,11,16
25,vanilla,0,18000,0.6703,0.4786,10,16
25,vanilla,0,19000,0.6635,0.5076,11,16
25,vanilla,0,20000,0.671,0.5115000000000001,10,16
25,vanilla,0,21000,0.68,0.5102,10,16
25,vanilla,0,22000,0.6798,0.5291,10,16
25,vanilla,0,23000,0.6844,0.5137,10,16
25,vanilla,0,24000,0.6866,0.545,10,16
25,vanilla,0,25000,0.6927,0.5485,10,16
25,vanilla,0,26000,0.6956,0.5522,10,16
25,vanilla,0,27000,0.6913,0.5593,10,16
25,vanilla,0,28000,0.7037,0.5661999999999999,10,16
25,vanilla,0,29000,0.6995,0.5823,10,16
25,vanilla,0,30000,0.7075,0.5884,10,16
25,vanilla,0,31000,0.7083999999999999,0.6056,10,16
25,vanilla,0,32000,0.7054,0.6023999999999999,10,18
25,vanilla,0,33000,0.7105999999999999,0.6134000000000001,9,18
25,vanilla,0,34000,0.7039000000000001,0.6234,10,17
25,vanilla,0,35000,0.7111000000000001,0.6276999999999999,10,18
25,vanilla,0,36000,0.7092,0.6356,10,16
25,vanilla,0,37000,0.7116,0.6400999999999999,10,16
25,vanilla,0,38000,0.7169,0.6453,9,16
25,vanilla,0,39000,0.7162,0.6534000000000001,9,15
25,vanilla,0,40000,0.7199,0.6596000000000001,9,13
25,vanilla,0,41000,0.7201000000000001,0.6537999999999999,9,15
25,vanilla,0,42000,0.7118,0.6719,9,17
25,vanilla,0,43000,0.7151000000000001,0.6718,9,16
25,vanilla,0,44000,0.7141,0.6677000000000001,9,13
25,vanilla,0,45000,0.7096999999999999,0.6844000000000001,9,14
25,vanilla,0,46000,0.7063999999999999,0.6864,9,13
25,vanilla,0,47000,0.7092,0.6824,9,14
25,vanilla,0,48000,0.7107999999999999,0.6916000000000001,9,14
25,vanilla,0,49000,0.7142000000000001,0.6980999999999999,9,13
25,vanilla,0,50000,0.7112,0.7121000000000001,9,13
25,vanilla,1,0,0.96,0.8592,1,1
25,vanilla,1,1000,0.8829,0.11709999999999998,0,19
25,vanilla,1,2000,0.8781000000000001,0.12190000000000001,1,21
25,vanilla,1,3000,0.7979,0.20209999999999995,10,23
25,vanilla,1,4000,0.7331000000000001,0.2669,15,24
25,vanilla,1,5000,0.7005000000000001,0.2995,14,24
25,vanilla,1,6000,0.679,0.32099999999999995,14,22
25,vanilla,1,7000,0.6604000000000001,0.3439,16,22
25,vanilla,1,8000,0.654,0.3619,16,18
25,vanilla,1,9000,0.6520000000000001,0.38639999999999997,16,18
25,vanilla,1,10000,0.6566000000000001,0.3899,16,16
25,vanilla,1,11000,0.6553,0.4012,15,17
25,vanilla,1,12000,0.6574,0.42369999999999997,16,18
25,vanilla,1,13000,0.6613,0.4437,15,16
25,vanilla,1,14000,0.6615,0.45419999999999994,16,16
25,vanilla,1,15000,0.6665,0.45930000000000004,15,16
25,vanilla,1,16000,0.6722,0.47839999999999994,15,16
25,vanilla,1,17000,0.6765000000000001,0.4905999999999999,14,16
25,vanilla,1,18000,0.6808000000000001,0.49960000000000004,14,16
25,vanilla,1,19000,0.6833,0.5119,14,16
25,vanilla,1,20000,0.6893,0.5149,12,16
25,vanilla,1,21000,0.6842,0.5355,14,16
25,vanilla,1,22000,0.6938,0.5494,13,16
25,vanilla,1,23000,0.7001999999999999,0.5278,11,16
25,vanilla,1,24000,0.7046000000000001,0.5577,11,16
25,vanilla,1,25000,0.7065,0.5784,13,16
25,vanilla,1,26000,0.7061000000000001,0.5646,13,16
25,vanilla,1,27000,0.7147,0.5381,9,16
25,vanilla,1,28000,0.7075,0.5818,11,16
25,vanilla,1,29000,0.7166,0.585,10,17
25,vanilla,1,30000,0.7191,0.5927,11,17
25,vanilla,1,31000,0.717,0.6167,12,16
25,vanilla,1,32000,0.7237000000000001,0.6148,8,17
25,vanilla,1,33000,0.7210000000000001,0.6296999999999999,7,17
25,vanilla,1,34000,0.7263,0.6358,8,17
25,vanilla,1,35000,0.7256,0.6373,8,18
25,vanilla,1,36000,0.7301,0.6372,7,18
25,vanilla,1,37000,0.7293000000000001,0.6630999999999999,6,17
25,vanilla,1,38000,0.7352999999999998,0.6562,6,16
25,vanilla,1,39000,0.7313000000000001,0.664,5,18
25,vanilla,1,40000,0.732,0.6641,8,18
25,vanilla,1,41000,0.7383000000000001,0.6678,6,18
25,vanilla,1,42000,0.7394000000000001,0.6857,4,17
25,vanilla,1,43000,0.7395,0.6902,6,16
25,vanilla,1,44000,0.7436,0.6966,4,16
25,vanilla,1,45000,0.7443,0.6951999999999999,5,17
25,vanilla,1,46000,0.7416000000000001,0.7055,6,16
25,vanilla,1,47000,0.7410999999999999,0.6989000000000001,6,17
25,vanilla,1,48000,0.7436999999999999,0.7094,5,16
25,vanilla,1,49000,0.7477,0.7184,5,17
25,vanilla,1,50000,0.7473000000000001,0.7244999999999999,5,15
25,vanilla,2,0,0.9600000000000001,0.9612,1,1
25,vanilla,2,1000,0.88,0.12,0,19
25,vanilla,2,2000,0.8854,0.11460000000000004,0,19
25,vanilla,2,3000,0.8456,0.15439999999999998,4,24
25,vanilla,2,4000,0.7797000000000001,0.22029999999999994,10,22
25,vanilla,2,5000,0.7568,0.24319999999999997,12,21
25,vanilla,2,6000,0.7283999999999999,0.27159999999999995,13,19
25,vanilla,2,7000,0.7337,0.2663,13,20
25,vanilla,2,8000,0.6823,0.3207,15,19
25,vanilla,2,9000,0.6644,0.34650000000000003,15,17
25,vanilla,2,10000,0.6525,0.3803000000000001,16,16
25,vanilla,2,11000,0.6624,0.3869,15,16
25,vanilla,2,12000,0.6613,0.41870000000000007,16,16
25,vanilla,2,13000,0.6652,0.43810000000000004,16,16
25,vanilla,2,14000,0.6699000000000002,0.4576999999999999,16,16
25,vanilla,2,15000,0.6762000000000001,0.4724999999999999,14,16
25,vanilla,2,16000,0.6779,0.4828,14,16
25,vanilla,2,17000,0.6783000000000001,0.5094,16,16
25,vanilla,2,18000,0.6867000000000001,0.519,15,16
25,vanilla,2,19000,0.6883,0.5378999999999999,13,16
25,vanilla,2,20000,0.6923,0.5505,13,16
25,vanilla,2,21000,0.6974,0.566,12,16
25,vanilla,2,22000,0.6911,0.5785,14,16
25,vanilla,2,23000,0.7001999999999999,0.5899,10,16
25,vanilla,2,24000,0.7005,0.5884,11,16
25,vanilla,2,25000,0.7061000000000001,0.6024,11,16
25,vanilla,2,26000,0.7065000000000001,0.6164,11,16
25,vanilla,2,27000,0.7034,0.6224,11,16
25,vanilla,2,28000,0.7055,0.6382,11,16
25,vanilla,2,29000,0.7136,0.6482,11,16
25,vanilla,2,30000,0.7106,0.6593,10,16
25,vanilla,2,31000,0.7121999999999999,0.6744,9,16
25,vanilla,2,32000,0.7176999999999999,0.6624000000000001,9,16
25,vanilla,2,33000,0.7229999999999999,0.6426999999999999,8,16
25,vanilla,2,34000,0.7173999999999999,0.6899,10,16
25,vanilla,2,35000,0.7226,0.6860999999999999,9,16
25,vanilla,2,36000,0.7207999999999999,0.7082,8,16
25,vanilla,2,37000,0.7242999999999999,0.7093,8,16
25,vanilla,2,38000,0.7305,0.7038,7,16
25,vanilla,2,39000,0.7273999999999999,0.7116,7,16
25,vanilla,2,40000,0.7285999999999999,0.7239,6,16
25,vanilla,2,41000,0.7297,0.7333000000000002,6,16
25,vanilla,2,42000,0.7317,0.7325999999999999,6,16
25,vanilla,2,43000,0.7316,0.7378,7,16
25,vanilla,2,44000,0.7368,0.7323,6,16
25,vanilla,2,45000,0.7389999999999999,0.7364,6,16
25,vanilla,2,46000,0.7372000000000001,0.7434,7,16
25,vanilla,2,47000,0.7374999999999999,0.7438,6,16
25,vanilla,2,48000,0.7363999999999999,0.7414,6,16
25,vanilla,2,49000,0.7345999999999999,0.7523000000000001,7,16
25,vanilla,2,50000,0.7335999999999999,0.7489000000000001,6,16
25,vanilla,3,0,0.96,0.9659,1,1
25,vanilla,3,1000,0.8831,0.1169,0,15
25,vanilla,3,2000,0.8941,0.1059,0,18
25,vanilla,3,3000,0.8140000000000001,0.18599999999999994,6,22
25,vanilla,3,4000,0.7642,0.2358,9,24
25,vanilla,3,5000,0.7526,0.24739999999999995,11,24
25,vanilla,3,6000,0.6883,0.3117,14,23
25,vanilla,3,7000,0.6665000000000001,0.33509999999999995,14,23
25,vanilla,3,8000,0.6602,0.345,14,23
25,vanilla,3,9000,0.657,0.3601,15,21
25,vanilla,3,10000,0.6520999999999999,0.378,16,22
25,vanilla,3,11000,0.6588999999999999,0.38470000000000004,15,20
25,vanilla,3,12000,0.6627,0.389,15,19
25,vanilla,3,13000,0.6703,0.4001,12,17
25,vanilla,3,14000,0.6818,0.38539999999999996,12,16
25,vanilla,3,15000,0.6691,0.4306,13,16
25,vanilla,3,16000,0.6686,0.4448000000000001,14,16
25,vanilla,3,17000,0.6651,0.4660000000000001,16,16
25,vanilla,3,18000,0.664,0.478,15,16
25,vanilla,3,19000,0.6693,0.4826999999999999,15,16
25,vanilla,3,20000,0.6687000000000001,0.494,13,16
25,vanilla,3,21000,0.6691,0.5061,13,16
25,vanilla,3,22000,0.6752,0.5179,14,16
25,vanilla,3,23000,0.6801,0.5139,12,16
25,vanilla,3,24000,0.6685000000000001,0.5332,14,16
25,vanilla,3,25000,0.6797000000000001,0.5347999999999999,10,16
25,vanilla,3,26000,0.6756,0.5429,14,16
25,vanilla,3,27000,0.6783000000000001,0.5799,13,16
25,vanilla,3,28000,0.6923999999999999,0.5385000000000001,11,16
25,vanilla,3,29000,0.6886,0.5803,11,16
25,vanilla,3,30000,0.6953,0.5762,9,16
25,vanilla,3,31000,0.6927,0.5929,10,16
25,vanilla,3,32000,0.6874,0.6099,11,16
25,vanilla,3,33000,0.6957000000000001,0.6008999999999999,10,16
25,vanilla,3,34000,0.6950000000000001,0.6197,10,16
25,vanilla,3,35000,0.6901999999999999,0.6232000000000001,11,16
25,vanilla,3,36000,0.6906,0.6284000000000001,11,16
25,vanilla,3,37000,0.6890999999999999,0.6339000000000001,10,16
25,vanilla,3,38000,0.6994,0.608,10,16
25,vanilla,3,39000,0.6966000000000001,0.6419999999999999,11,16
25,vanilla,3,40000,0.7001999999999999,0.6463,11,16
25,vanilla,3,41000,0.6982,0.6521999999999999,10,16
25,vanilla,3,42000,0.7061999999999999,0.6465000000000001,10,16
25,vanilla,3,43000,0.6981,0.6683999999999999,11,16
25,vanilla,3,44000,0.7048000000000001,0.6638000000000001,10,16
25,vanilla,3,45000,0.7067999999999999,0.6664,10,16
25,vanilla,3,46000,0.7071,0.6788000000000001,11,16
25,vanilla,3,47000,0.7044,0.6812,10,16
25,vanilla,3,48000,0.7153999999999999,0.6487,9,16
25,vanilla,3,49000,0.7132,0.6758,10,16
25,vanilla,3,50000,0.7090000000000001,0.6957,10,16
25,vanilla,4,0,0.96,0.9436,1,1
25,vanilla,4,1000,0.887,0.11299999999999999,0,17
25,vanilla,4,2000,0.8773,0.12270000000000003,1,22
25,vanilla,4,3000,0.8387,0.1613,8,19
25,vanilla,4,4000,0.7712,0.2288,10,22
25,vanilla,4,5000,0.736,0.264,12,21
25,vanilla,4,6000,0.6966000000000001,0.3034,16,23
25,vanilla,4,7000,0.7107000000000001,0.2915,13,22
25,vanilla,4,8000,0.655,0.3459,16,22
25,vanilla,4,9000,0.7011000000000001,0.31389999999999996,12,21
25,vanilla,4,10000,0.6657000000000001,0.35739999999999994,14,21
25,vanilla,4,11000,0.6767,0.36240000000000006,13,19
25,vanilla,4,12000,0.6542,0.3931,14,18
25,vanilla,4,13000,0.6599,0.40159999999999996,14,17
25,vanilla,4,14000,0.6564,0.41910000000000003,14,18
25,vanilla,4,15000,0.6573,0.4467,16,16
25,vanilla,4,16000,0.6563,0.4669,15,16
25,vanilla,4,17000,0.6651,0.4691000000000001,13,17
25,vanilla,4,18000,0.6694,0.47920000000000007,15,16
25,vanilla,4,19000,0.6702,0.5098,14,16
25,vanilla,4,20000,0.6702,0.5141,14,16
25,vanilla,4,21000,0.6718999999999999,0.5229,13,16
25,vanilla,4,22000,0.6654,0.5479999999999999,13,16
25,vanilla,4,23000,0.6716,0.5566,13,16
25,vanilla,4,24000,0.6799,0.5584,12,16
25,vanilla,4,25000,0.6743,0.5752,12,16
25,vanilla,4,26000,0.6706,0.5877,13,16
25,vanilla,4,27000,0.6759,0.5984,12,16
25,vanilla,4,28000,0.6779,0.5984,11,16
25,vanilla,4,29000,0.6705,0.6119,10,16
25,vanilla,4,30000,0.661,0.6294000000000001,10,16
25,vanilla,4,31000,0.6461999999999999,0.6489,10,17
25,vanilla,4,32000,0.6483,0.6755,9,19
25,vanilla,4,33000,0.6579,0.6917,8,19
25,vanilla,4,34000,0.6599,0.7108999999999999,8,19
25,vanilla,4,35000,0.6674,0.709,7,19
25,vanilla,4,36000,0.6684,0.7281,6,19
25,vanilla,4,37000,0.6735,0.7192999999999999,7,19
25,vanilla,4,38000,0.6729999999999998,0.7440000000000001,6,19
25,vanilla,4,39000,0.6725,0.7562,7,19
25,vanilla,4,40000,0.6784,0.7515000000000001,6,19
25,vanilla,4,41000,0.6785999999999999,0.7599000000000001,6,19
25,vanilla,4,42000,0.6747,0.764,6,19
25,vanilla,4,43000,0.679,0.7618999999999999,6,19
25,vanilla,4,44000,0.6789,0.78,6,19
25,vanilla,4,45000,0.6874,0.7736000000000001,6,19
25,vanilla,4,46000,0.6825,0.7625,6,19
25,vanilla,4,47000,0.6821999999999999,0.7844,6,19
25,vanilla,4,48000,0.6861999999999999,0.773,6,19
25,vanilla,4,49000,0.69,0.7699999999999999,6,18
25,vanilla,4,50000,0.6867000000000001,0.8019,6,19
25,rsgan,0,0,0.96,0.9789,1,1
25,rsgan,0,1000,0.8885000000000001,0.11150000000000004,0,14
25,rsgan,0,2000,0.8891,0.1109,0,20
25,rsgan,0,3000,0.8195,0.1805,5,24
25,rsgan,0,4000,0.7453000000000001,0.2546999999999999,13,23
25,rsgan,0,5000,0.6894,0.3106,16,24
25,rsgan,0,6000,0.6715,0.3285,16,22
25,rsgan,0,7000,0.661,0.34919999999999995,15,20
25,rsgan,0,8000,0.6560999999999999,0.3659,15,18
25,rsgan,0,9000,0.6548,0.38050000000000006,15,19
25,rsgan,0,10000,0.6527000000000001,0.41159999999999997,14,18
25,rsgan,0,11000,0.6588,0.42480000000000007,15,16
25,rsgan,0,12000,0.6596000000000001,0.4403999999999999,14,17
25,rsgan,0,13000,0.6512,0.4665,14,17
25,rsgan,0,14000,0.6588,0.47809999999999997,11,16
25,rsgan,0,15000,0.6618,0.5034,14,16
25,rsgan,0,16000,0.6662999999999999,0.5051,13,16
25,rsgan,0,17000,0.6702,0.4898,13,16
25,rsgan,0,18000,0.6660999999999999,0.5272,13,16
25,rsgan,0,19000,0.6723,0.5373,13,16
25,rsgan,0,20000,0.6732,0.5488,11,16
25,rsgan,0,21000,0.6759000000000001,0.5511999999999999,11,16
25,rsgan,0,22000,0.678,0.5639,11,16
25,rsgan,0,23000,0.6849000000000001,0.5771999999999999,11,16
25,rsgan,0,24000,0.6743,0.5880000000000001,13,16
25,rsgan,0,25000,0.6854,0.5828,10,16
25,rsgan,0,26000,0.6891,0.5972,10,16
25,rsgan,0,27000,0.694,0.6002,10,16
25,rsgan,0,28000,0.6931,0.6088,10,16
25,rsgan,0,29000,0.6940000000000001,0.6174999999999999,10,16
25,rsgan,0,30000,0.6900999999999999,0.6172000000000001,10,16
25,rsgan,0,31000,0.6996,0.6279,9,16
25,rsgan,0,32000,0.7007,0.6456999999999999,10,16
25,rsgan,0,33000,0.7,0.6417,10,16
25,rsgan,0,34000,0.7031999999999998,0.6515000000000002,9,16
25,rsgan,0,35000,0.6972,0.6686,11,16
25,rsgan,0,36000,0.7006,0.669,9,16
25,rsgan,0,37000,0.6978,0.6641,11,16
25,rsgan,0,38000,0.7044999999999999,0.6728999999999999,10,16
25,rsgan,0,39000,0.704,0.6815,10,16
25,rsgan,0,40000,0.711,0.6743000000000001,10,16
25,rsgan,0,41000,0.7113999999999999,0.6854,9,16
25,rsgan,0,42000,0.7145999999999999,0.693,9,16
25,rsgan,0,43000,0.7179,0.6843,9,16
25,rsgan,0,44000,0.7084999999999999,0.7047,10,16
25,rsgan,0,45000,0.7168000000000001,0.6932999999999999,8,16
25,rsgan,0,46000,0.7124999999999999,0.7046,10,16
25,rsgan,0,47000,0.7172000000000001,0.6991999999999999,10,16
25,rsgan,0,48000,0.7190999999999999,0.6907,9,16
25,rsgan,0,49000,0.716,0.7147,9,16
25,rsgan,0,50000,0.7222999999999999,0.7043,9,16
25,rsgan,1,0,0.96,0.8592,1,1
25,rsgan,1,1000,0.883,0.11699999999999999,0,15
25,rsgan,1,2000,0.8865000000000001,0.11349999999999993,0,18
25,rsgan,1,3000,0.8336,0.1664,5,21
25,rsgan,1,4000,0.7457,0.25429999999999997,13,22
25,rsgan,1,5000,0.7051,0.29489999999999994,15,24
25,rsgan,1,6000,0.6966,0.3034,16,21
25,rsgan,1,7000,0.6755,0.3245,16,20
25,rsgan,1,8000,0.6631,0.34640000000000004,16,20
25,rsgan,1,9000,0.6597,0.35660000000000003,16,18
25,rsgan,1,10000,0.6517000000000001,0.37670000000000003,16,19
25,rsgan,1,11000,0.6547999999999999,0.3884000000000001,15,19
25,rsgan,1,12000,0.661,0.3944,16,18
25,rsgan,1,13000,0.6572,0.42500000000000004,16,16
25,rsgan,1,14000,0.6661000000000001,0.4179999999999999,15,16
25,rsgan,1,15000,0.6635,0.4487,16,16
25,rsgan,1,16000,0.6689,0.45819999999999994,16,16
25,rsgan,1,17000,0.6726000000000001,0.4804999999999999,16,16
25,rsgan,1,18000,0.6762,0.492,16,16
25,rsgan,1,19000,0.6764999999999999,0.5037,16,16
25,rsgan,1,20000,0.6755,0.5141,16,16
25,rsgan,1,21000,0.6798,0.5286,16,16
25,rsgan,1,22000,0.6849999999999999,0.54,15,16
25,rsgan,1,23000,0.6876,0.5469999999999999,14,16
25,rsgan,1,24000,0.6882,0.5554,13,16
25,rsgan,1,25000,0.6932,0.5654,14,16
25,rsgan,1,26000,0.6946,0.5603,15,16
25,rsgan,1,27000,0.6951,0.5800000000000001,14,16
25,rsgan,1,28000,0.6994,0.5875000000000001,13,16
25,rsgan,1,29000,0.6998,0.5927,14,16
25,rsgan,1,30000,0.6984,0.6191,15,16
25,rsgan,1,31000,0.7061999999999999,0.6147,13,16
25,rsgan,1,32000,0.6990999999999998,0.6355000000000001,14,16
25,rsgan,1,33000,0.7036,0.6342,12,16
25,rsgan,1,34000,0.7101000000000001,0.635,10,16
25,rsgan,1,35000,0.7060000000000001,0.6479999999999999,11,16
25,rsgan,1,36000,0.7093,0.6448,10,16
25,rsgan,1,37000,0.7118,0.6507000000000001,10,16
25,rsgan,1,38000,0.7145,0.6599999999999999,9,16
25,rsgan,1,39000,0.7167999999999999,0.6527999999999999,8,16
25,rsgan,1,40000,0.7185,0.6717,10,16
25,rsgan,1,41000,0.7194,0.6818,9,16
25,rsgan,1,42000,0.7227,0.6817,7,16
25,rsgan,1,43000,0.7223999999999999,0.6767,8,16
25,rsgan,1,44000,0.7277,0.6889,7,16
25,rsgan,1,45000,0.7218,0.7001000000000001,8,16
25,rsgan,1,46000,0.7253000000000001,0.7046999999999999,8,16
25,rsgan,1,47000,0.7322000000000001,0.7061,6,16
25,rsgan,1,48000,0.7238,0.7201,6,16
25,rsgan,1,49000,0.7316999999999999,0.7075,5,16
25,rsgan,1,50000,0.7312000000000001,0.7193,7,16
25,rsgan,2,0,0.9600000000000001,0.9612,1,1
25,rsgan,2,1000,0.8916999999999999,0.10830000000000006,0,15
25,rsgan,2,2000,0.8934,0.10660000000000003,0,19
25,rsgan,2,3000,0.8145,0.1855,7,22
25,rsgan,2,4000,0.754,0.246,13,20
25,rsgan,2,5000,0.7349,0.2651,13,21
25,rsgan,2,6000,0.7061999999999999,0.29379999999999995,13,20
25,rsgan,2,7000,0.6873,0.31820000000000004,15,20
25,rsgan,2,8000,0.6555,0.3629,16,18
25,rsgan,2,9000,0.6594,0.3792,16,17
25,rsgan,2,10000,0.6584,0.396,16,18
25,rsgan,2,11000,0.6618999999999999,0.4064,15,16
25,rsgan,2,12000,0.6600999999999999,0.42880000000000007,15,16
25,rsgan,2,13000,0.6613,0.4423999999999999,15,16
25,rsgan,2,14000,0.6591,0.4516,15,16
25,rsgan,2,15000,0.6593,0.47219999999999995,15,16
25,rsgan,2,16000,0.6664,0.47530000000000006,15,16
25,rsgan,2,17000,0.6671,0.48839999999999995,15,16
25,rsgan,2,18000,0.6663000000000001,0.5069,15,16
25,rsgan,2,19000,0.6717,0.5196000000000001,13,16
25,rsgan,2,20000,0.6646,0.536,14,16
25,rsgan,2,21000,0.6691,0.5368,14,16
25,rsgan,2,22000,0.6722999999999999,0.5507000000000001,14,16
25,rsgan,2,23000,0.677,0.5562,14,16
25,rsgan,2,24000,0.6833,0.5718,14,16
25,rsgan,2,25000,0.6781,0.5811999999999999,14,16
25,rsgan,2,26000,0.6835,0.5767,12,16
25,rsgan,2,27000,0.6827,0.5837,12,16
25,rsgan,2,28000,0.6889,0.5966,13,16
25,rsgan,2,29000,0.6900999999999999,0.5913999999999999,12,16
25,rsgan,2,30000,0.6819000000000001,0.6145999999999999,13,16
25,rsgan,2,31000,0.6819999999999999,0.6173000000000001,12,16
25,rsgan,2,32000,0.684,0.6234,12,16
25,rsgan,2,33000,0.6775,0.6381,12,16
25,rsgan,2,34000,0.684,0.6315,12,16
25,rsgan,2,35000,0.6868000000000001,0.6332000000000001,10,16
25,rsgan,2,36000,0.6784000000000001,0.6316999999999999,11,16
25,rsgan,2,37000,0.6794,0.5978,7,16
25,rsgan,2,38000,0.6579999999999999,0.6531,9,17
25,rsgan,2,39000,0.652,0.6655,10,18
25,rsgan,2,40000,0.6547,0.6754,9,18
25,rsgan,2,41000,0.6587000000000001,0.6797,9,18
25,rsgan,2,42000,0.6657,0.677,9,18
25,rsgan,2,43000,0.6644,0.6991,8,18
25,rsgan,2,44000,0.6627000000000001,0.7098,9,18
25,rsgan,2,45000,0.6661,0.7101999999999999,7,18
25,rsgan,2,46000,0.6696,0.7188,8,18
25,rsgan,2,47000,0.6752,0.7217,6,17
25,rsgan,2,48000,0.6681999999999999,0.7206,7,19
25,rsgan,2,49000,0.6641999999999999,0.7433,7,19
25,rsgan,2,50000,0.6618,0.7415,7,19
25,rsgan,3,0,0.96,0.9659,1,1
25,rsgan,3,1000,0.8823000000000001,0.11770000000000003,0,18
25,rsgan,3,2000,0.8842000000000001,0.11580000000000001,0,17
25,rsgan,3,3000,0.8568,0.1432,1,22
25,rsgan,3,4000,0.8088,0.19120000000000004,6,22
25,rsgan,3,5000,0.8055000000000001,0.1945,7,22
25,rsgan,3,6000,0.7429,0.2571,11,21
25,rsgan,3,7000,0.7618,0.23819999999999997,10,19
25,rsgan,3,8000,0.6964999999999999,0.30410000000000004,14,18
25,rsgan,3,9000,0.6886,0.31790000000000007,15,16
25,rsgan,3,10000,0.6607000000000001,0.3649,15,16
25,rsgan,3,11000,0.6608,0.38,15,17
25,rsgan,3,12000,0.6612,0.39759999999999995,15,16
25,rsgan,3,13000,0.6721,0.3873,16,16
25,rsgan,3,14000,0.6571,0.43320000000000003,16,16
25,rsgan,3,15000,0.6616,0.4434,16,16
25,rsgan,3,16000,0.6623,0.4575,16,16
25,rsgan,3,17000,0.6721999999999999,0.46320000000000006,16,16
25,rsgan,3,18000,0.6698,0.483,15,16
25,rsgan,3,19000,0.6736,0.49040000000000006,16,16
25,rsgan,3,20000,0.6724,0.5148,15,16
25,rsgan,3,21000,0.6719999999999999,0.526,16,16
25,rsgan,3,22000,0.6842,0.5188999999999999,14,16
25,rsgan,3,23000,0.6779999999999999,0.5511,16,16
25,rsgan,3,24000,0.678,0.5567,15,16
25,rsgan,3,25000,0.6817,0.5662,15,16
25,rsgan,3,26000,0.6838,0.5733999999999999,13,16
25,rsgan,3,27000,0.6832,0.5854,14,16
25,rsgan,3,28000,0.6873,0.5823999999999999,12,16
25,rsgan,3,29000,0.694,0.5829,13,16
25,rsgan,3,30000,0.6932,0.5861000000000001,13,16
25,rsgan,3,31000,0.6879000000000001,0.6093,13,16
25,rsgan,3,32000,0.6906,0.6192,11,16
25,rsgan,3,33000,0.6894,0.616,12,16
25,rsgan,3,34000,0.6913,0.6348,13,16
25,rsgan,3,35000,0.6974,0.631,11,16
25,rsgan,3,36000,0.6925999999999999,0.6464000000000001,12,16
25,rsgan,3,37000,0.6939,0.6285,12,16
25,rsgan,3,38000,0.6909000000000001,0.6474,12,16
25,rsgan,3,39000,0.6946999999999999,0.6497,12,16
25,rsgan,3,40000,0.6832,0.6678000000000001,12,16
25,rsgan,3,41000,0.6913999999999999,0.6543000000000001,11,16
25,rsgan,3,42000,0.6722,0.6357,11,16
25,rsgan,3,43000,0.6652,0.6648,11,17
25,rsgan,3,44000,0.6547,0.6859,10,19
25,rsgan,3,45000,0.6609999999999999,0.6950000000000001,9,18
25,rsgan,3,46000,0.6545,0.7068000000000001,8,19
25,rsgan,3,47000,0.6568000000000002,0.6845999999999999,9,19
25,rsgan,3,48000,0.6559,0.7221,10,18
25,rsgan,3,49000,0.6476000000000001,0.7303,9,19
25,rsgan,3,50000,0.642,0.74,10,19
25,rsgan,4,0,0.96,0.9436,1,1
25,rsgan,4,1000,0.8874,0.11260000000000003,0,14
25,rsgan,4,2000,0.8847,0.11529999999999996,0,19
25,rsgan,4,3000,0.8556,0.14439999999999997,5,18
25,rsgan,4,4000,0.7684,0.23160000000000003,12,23
25,rsgan,4,5000,0.7202,0.27980000000000005,13,23
25,rsgan,4,6000,0.7002,0.29979999999999996,13,22
25,rsgan,4,7000,0.6769000000000001,0.32309999999999994,14,20
25,rsgan,4,8000,0.6708000000000001,0.3328,14,19
25,rsgan,4,9000,0.6726000000000001,0.33909999999999996,13,20
25,rsgan,4,10000,0.6736,0.36,12,17
25,rsgan,4,11000,0.6737,0.3712,13,19
25,rsgan,4,12000,0.67,0.4022,14,16
25,rsgan,4,13000,0.6774,0.41069999999999995,13,16
25,rsgan,4,14000,0.6848000000000001,0.4145,13,15
25,rsgan,4,15000,0.6798,0.43999999999999995,14,16
25,rsgan,4,16000,0.6782,0.46409999999999996,14,16
25,rsgan,4,17000,0.6817000000000001,0.4726999999999999,13,16
25,rsgan,4,18000,0.6818,0.4688,15,16
25,rsgan,4,19000,0.6869000000000001,0.49429999999999996,15,16
25,rsgan,4,20000,0.6859999999999999,0.5057,14,16
25,rsgan,4,21000,0.6847000000000001,0.5244,14,16
25,rsgan,4,22000,0.6757,0.5429,14,16
25,rsgan,4,23000,0.6878000000000001,0.5507,14,16
25,rsgan,4,24000,0.7033,0.5362,10,15
25,rsgan,4,25000,0.6954,0.5447,11,16
25,rsgan,4,26000,0.6951,0.5620999999999999,12,16
25,rsgan,4,27000,0.6885,0.5647,12,16
25,rsgan,4,28000,0.6879,0.5913,12,16
25,rsgan,4,29000,0.6785999999999999,0.6154000000000001,12,16
25,rsgan,4,30000,0.6846,0.6172,9,16
25,rsgan,4,31000,0.6816,0.6253,11,16
25,rsgan,4,32000,0.6837,0.6155999999999999,9,16
25,rsgan,4,33000,0.6779999999999999,0.6243000000000001,9,16
25,rsgan,4,34000,0.6639,0.6459999999999999,11,16
25,rsgan,4,35000,0.6496,0.6541,10,16
25,rsgan,4,36000,0.6595,0.6357,8,19
25,rsgan,4,37000,0.6562999999999999,0.6939000000000001,8,19
25,rsgan,4,38000,0.6590999999999999,0.7095,6,19
25,rsgan,4,39000,0.6656,0.7143,6,19
25,rsgan,4,40000,0.6632,0.7234,6,19
25,rsgan,4,41000,0.6611,0.7438,6,19
25,rsgan,4,42000,0.6706000000000001,0.7364999999999999,6,19
25,rsgan,4,43000,0.6696,0.7453000000000001,6,19
25,rsgan,4,44000,0.6680999999999999,0.7437,6,19
25,rsgan,4,45000,0.6681999999999999,0.7573000000000001,6,19
25,rsgan,4,46000,0.6678,0.7482,7,19
25,rsgan,4,47000,0.6726,0.7505,6,19
25,rsgan,4,48000,0.6714,0.7634,6,19
25,rsgan,4,49000,0.6687,0.7750000000000001,6,19
25,rsgan,4,50000,0.674,0.77,6,19
25,paired,0,0,0.96,0.9789,1,1
25,paired,0,1000,0.8913,0.10870000000000002,0,17
25,paired,0,2000,0.8829,0.11709999999999998,0,18
25,paired,0,3000,0.8812,0.11880000000000002,0,19
25,paired,0,4000,0.8778,0.12219999999999998,0,23
25,paired,0,5000,0.8716999999999999,0.12829999999999997,0,21
25,paired,0,6000,0.8386,0.1614,1,22
25,paired,0,7000,0.8045,0.1955,7,25
25,paired,0,8000,0.7806,0.21940000000000004,10,24
25,paired,0,9000,0.7555000000000001,0.24450000000000005,12,25
25,paired,0,10000,0.7458,0.2542,10,25
25,paired,0,11000,0.757,0.243,10,25
25,paired,0,12000,0.6941999999999999,0.30580000000000007,14,24
25,paired,0,13000,0.6752,0.3248,14,22
25,paired,0,14000,0.6753,0.3247,13,21
25,paired,0,15000,0.642,0.3580000000000001,15,21
25,paired,0,16000,0.6462000000000001,0.3537999999999999,16,23
25,paired,0,17000,0.6622,0.3378,17,23
25,paired,0,18000,0.6842999999999999,0.3157000000000001,15,24
25,paired,0,19000,0.6782000000000001,0.3218,15,25
25,paired,0,20000,0.6844,0.3156,15,24
25,paired,0,21000,0.6922999999999999,0.3077,14,25
25,paired,0,22000,0.6699999999999999,0.33000000000000007,15,25
25,paired,0,23000,0.6842999999999999,0.3157,14,24
25,paired,0,24000,0.6605000000000001,0.3394999999999999,15,24
25,paired,0,25000,0.6578999999999999,0.34209999999999996,14,24
25,paired,0,26000,0.6626000000000001,0.3373999999999999,15,24
25,paired,0,27000,0.6869000000000001,0.31310000000000004,12,25
25,paired,0,28000,0.6374,0.36260000000000003,16,25
25,paired,0,29000,0.6388,0.36119999999999997,13,25
25,paired,0,30000,0.6018000000000001,0.3982,17,24
25,paired,0,31000,0.5547,0.44530000000000003,21,25
25,paired,0,32000,0.5489999999999999,0.45100000000000007,19,25
25,paired,0,33000,0.49750000000000005,0.5025,21,25
25,paired,0,34000,0.5045999999999999,0.49539999999999995,20,25
25,paired,0,35000,0.4737,0.5263,21,25
25,paired,0,36000,0.449,0.551,21,25
25,paired,0,37000,0.41070000000000007,0.5892999999999999,23,25
25,paired,0,38000,0.4053,0.5947,23,25
25,paired,0,39000,0.4052,0.5948,23,25
25,paired,0,40000,0.3631,0.6369,24,25
25,paired,0,41000,0.3674,0.6326,24,25
25,paired,0,42000,0.3293,0.6707000000000001,25,25
25,paired,0,43000,0.3333,0.6667000000000001,25,25
25,paired,0,44000,0.2974,0.7026,25,25
25,paired,0,45000,0.2936,0.7063999999999999,25,25
25,paired,0,46000,0.2751,0.7249,25,25
25,paired,0,47000,0.2589,0.7411,25,25
25,paired,0,48000,0.26049999999999995,0.7395,25,25
25,paired,0,49000,0.2594000000000001,0.7405999999999999,25,25
25,paired,0,50000,0.2292,0.7708,25,25
25,paired,1,0,0.96,0.8592,1,1
25,paired,1,1000,0.895,0.10499999999999998,0,14
25,paired,1,2000,0.8896,0.11040000000000005,0,16
25,paired,1,3000,0.8794,0.12060000000000004,0,19
25,paired,1,4000,0.8708,0.12919999999999998,0,23
25,paired,1,5000,0.8596999999999999,0.14029999999999998,4,20
25,paired,1,6000,0.8026,0.19740000000000002,8,25
25,paired,1,7000,0.7755000000000001,0.22450000000000003,10,24
25,paired,1,8000,0.7848999999999999,0.21510000000000007,6,25
25,paired,1,9000,0.7182,0.28180000000000005,13,22
25,paired,1,10000,0.7087,0.2912999999999999,13,24
25,paired,1,11000,0.6714,0.3286,15,23
25,paired,1,12000,0.661,0.33899999999999997,15,22
25,paired,1,13000,0.6419,0.3581,16,21
25,paired,1,14000,0.6698999999999999,0.33010000000000006,16,22
25,paired,1,15000,0.6515,0.34850000000000003,17,24
25,paired,1,16000,0.6755,0.3245,14,22
25,paired,1,17000,0.6689,0.33109999999999995,16,23
25,paired,1,18000,0.671,0.32899999999999996,16,23
25,paired,1,19000,0.6699999999999999,0.33000000000000007,16,24
25,paired,1,20000,0.6644,0.3356,16,24
25,paired,1,21000,0.6878,0.31220000000000003,13,24
25,paired,1,22000,0.653,0.347,15,25
25,paired,1,23000,0.6514,0.3486,16,25
25,paired,1,24000,0.6386000000000001,0.36140000000000005,16,25
25,paired,1,25000,0.6424000000000001,0.3575999999999999,16,24
25,paired,1,26000,0.6136999999999999,0.3863000000000001,18,25
25,paired,1,27000,0.5978,0.4022,18,25
25,paired,1,28000,0.5975,0.40249999999999997,20,25
25,paired,1,29000,0.5466,0.4534,23,25
25,paired,1,30000,0.5190000000000001,0.481,23,25
25,paired,1,31000,0.5025999999999999,0.49740000000000006,23,25
25,paired,1,32000,0.4811000000000001,0.5188999999999999,23,25
25,paired,1,33000,0.45999999999999996,0.54,23,25
25,paired,1,34000,0.4547,0.5453,22,25
25,paired,1,35000,0.4273,0.5727,21,25
25,paired,1,36000,0.39980000000000004,0.6003,21,24
25,paired,1,37000,0.39230000000000004,0.6076999999999999,20,24
25,paired,1,38000,0.37720000000000004,0.6234,20,25
25,paired,1,39000,0.3582000000000001,0.6418999999999999,21,25
25,paired,1,40000,0.34240000000000004,0.6576,21,25
25,paired,1,41000,0.3355,0.6653,22,25
25,paired,1,42000,0.32820000000000005,0.6718,23,25
25,paired,1,43000,0.3062,0.6942999999999999,24,25
25,paired,1,44000,0.2962,0.7038,25,25
25,paired,1,45000,0.27669999999999995,0.7233,25,25
25,paired,1,46000,0.2627,0.7373000000000001,25,25
25,paired,1,47000,0.24679999999999996,0.7532000000000001,25,25
25,paired,1,48000,0.23730000000000004,0.7626999999999999,25,25
25,paired,1,49000,0.2227,0.7773,25,25
25,paired,1,50000,0.21240000000000003,0.7876,25,25
25,paired,2,0,0.9600000000000001,0.9612,1,1
25,paired,2,1000,0.8926000000000001,0.10739999999999994,0,15
25,paired,2,2000,0.891,0.10899999999999999,0,17
25,paired,2,3000,0.8875,0.11250000000000004,0,18
25,paired,2,4000,0.8792,0.12080000000000002,0,20
25,paired,2,5000,0.878,0.122,1,22
25,paired,2,6000,0.8462000000000001,0.15379999999999994,3,21
25,paired,2,7000,0.823,0.17700000000000005,6,24
25,paired,2,8000,0.8225,0.1775,4,25
25,paired,2,9000,0.7679,0.23209999999999997,10,25
25,paired,2,10000,0.7409000000000001,0.2591,12,24
25,paired,2,11000,0.7168000000000001,0.2832,13,25
25,paired,2,12000,0.6989000000000001,0.3010999999999999,14,25
25,paired,2,13000,0.6868000000000001,0.3131999999999999,14,24
25,paired,2,14000,0.6949000000000001,0.30510000000000004,14,24
25,paired,2,15000,0.7065000000000001,0.2935,9,25
25,paired,2,16000,0.6416,0.35839999999999994,16,24
25,paired,2,17000,0.6596,0.34040000000000004,15,24
25,paired,2,18000,0.6536,0.34640000000000004,16,25
25,paired,2,19000,0.6727000000000001,0.3272999999999999,13,25
25,paired,2,20000,0.7077,0.2923,13,25
25,paired,2,21000,0.661,0.33899999999999997,14,24
25,paired,2,22000,0.6709,0.32910000000000006,14,25
25,paired,2,23000,0.6541,0.3459,17,25
25,paired,2,24000,0.6824,0.3176,16,25
25,paired,2,25000,0.6446000000000001,0.35539999999999994,17,25
25,paired,2,26000,0.6382,0.3618,17,25
25,paired,2,27000,0.6249,0.3751,18,25
25,paired,2,28000,0.6204000000000001,0.37960000000000005,18,25
25,paired,2,29000,0.5829,0.4171,18,25
25,paired,2,30000,0.5631,0.43689999999999996,23,25
25,paired,2,31000,0.5592999999999999,0.4407000000000001,23,25
25,paired,2,32000,0.5328999999999999,0.46709999999999996,23,25
25,paired,2,33000,0.5012000000000001,0.4987999999999999,23,25
25,paired,2,34000,0.4724,0.5276000000000001,24,25
25,paired,2,35000,0.47450000000000003,0.5255,25,25
25,paired,2,36000,0.43679999999999997,0.5632,25,25
25,paired,2,37000,0.4094,0.5906,25,25
25,paired,2,38000,0.3853,0.6147,25,25
25,paired,2,39000,0.37240000000000006,0.6275999999999999,25,25
25,paired,2,40000,0.36840000000000006,0.6315999999999999,25,25
25,paired,2,41000,0.34230000000000005,0.6577,25,25
25,paired,2,42000,0.31020000000000003,0.6898,25,25
25,paired,2,43000,0.3056000000000001,0.6943999999999999,25,25
25,paired,2,44000,0.29410000000000003,0.7059,25,25
25,paired,2,45000,0.26849999999999996,0.7315,25,25
25,paired,2,46000,0.2652000000000001,0.7347999999999999,25,25
25,paired,2,47000,0.25500000000000006,0.7449999999999999,25,25
25,paired,2,48000,0.2521,0.7479,25,25
25,paired,2,49000,0.248,0.752,25,25
25,paired,2,50000,0.23060000000000003,0.7694,25,25
25,paired,3,0,0.96,0.9659,1,1
25,paired,3,1000,0.8892,0.11080000000000001,0,18
25,paired,3,2000,0.8834,0.11660000000000004,0,19
25,paired,3,3000,0.8798999999999999,0.12009999999999998,1,20
25,paired,3,4000,0.8824000000000001,0.11760000000000004,0,21
25,paired,3,5000,0.8765000000000001,0.12349999999999994,5,15
25,paired,3,6000,0.8185,0.1815,2,25
25,paired,3,7000,0.7967,0.20330000000000004,6,25
25,paired,3,8000,0.7745,0.22550000000000003,8,25
25,paired,3,9000,0.753,0.247,12,22
25,paired,3,10000,0.7315,0.26849999999999996,13,23
25,paired,3,11000,0.7698,0.23019999999999996,9,23
25,paired,3,12000,0.7061,0.29390000000000005,13,22
25,paired,3,13000,0.6739000000000002,0.32609999999999995,12,22
25,paired,3,14000,0.7510999999999999,0.2489,10,19
25,paired,3,15000,0.7073,0.29269999999999996,12,22
25,paired,3,16000,0.7186,0.2814,10,23
25,paired,3,17000,0.6735,0.3265,13,25
25,paired,3,18000,0.6893,0.3107,14,25
25,paired,3,19000,0.6812,0.3188,16,25
25,paired,3,20000,0.6804999999999999,0.3195,14,25
25,paired,3,21000,0.7227000000000001,0.2773,9,25
25,paired,3,22000,0.6679999999999999,0.3320000000000001,18,25
25,paired,3,23000,0.6684000000000001,0.3316,17,25
25,paired,3,24000,0.6752,0.3248,15,25
25,paired,3,25000,0.6284000000000001,0.37160000000000004,21,25
25,paired,3,26000,0.5953999999999999,0.40460000000000007,21,25
25,paired,3,27000,0.5707,0.4293,21,25
25,paired,3,28000,0.5568,0.44320000000000004,22,25
25,paired,3,29000,0.5191000000000001,0.4809,23,25
25,paired,3,30000,0.49970000000000003,0.5003,23,25
25,paired,3,31000,0.4699,0.5301,25,25
25,paired,3,32000,0.4555,0.5445,25,25
25,paired,3,33000,0.4267,0.5732999999999999,25,25
25,paired,3,34000,0.4114,0.5886,25,25
25,paired,3,35000,0.39949999999999997,0.6005,25,25
25,paired,3,36000,0.393,0.607,25,25
25,paired,3,37000,0.366,0.634,25,25
25,paired,3,38000,0.34630000000000005,0.6537,25,25
25,paired,3,39000,0.3268,0.6732,25,25
25,paired,3,40000,0.3208,0.6792,25,25
25,paired,3,41000,0.3172,0.6828000000000001,25,25
25,paired,3,42000,0.29600000000000004,0.704,25,25
25,paired,3,43000,0.2902,0.7098,25,25
25,paired,3,44000,0.2743,0.7257,25,25
25,paired,3,45000,0.27560000000000007,0.7243999999999999,25,25
25,paired,3,46000,0.2536,0.7464000000000001,25,25
25,paired,3,47000,0.23500000000000001,0.765,25,25
25,paired,3,48000,0.22710000000000005,0.7728999999999999,25,25
25,paired,3,49000,0.22150000000000003,0.7785,25,25
25,paired,3,50000,0.20940000000000003,0.7906,25,25
25,paired,4,0,0.96,0.9436,1,1
25,paired,4,1000,0.8941000000000001,0.1059,0,18
25,paired,4,2000,0.8906000000000001,0.10939999999999994,0,19
25,paired,4,3000,0.8877,0.11229999999999996,0,21
25,paired,4,4000,0.8818,0.11819999999999997,0,25
25,paired,4,5000,0.8672,0.13280000000000003,1,21
25,paired,4,6000,0.8263,0.17369999999999997,5,23
25,paired,4,7000,0.8073000000000001,0.19269999999999998,6,25
25,paired,4,8000,0.7619,0.23809999999999998,10,25
25,paired,4,9000,0.7399,0.2601,14,25
25,paired,4,10000,0.7115,0.2885,14,25
25,paired,4,11000,0.6855,0.3145,16,23
25,paired,4,12000,0.6695,0.3305,15,23
25,paired,4,13000,0.6608,0.33919999999999995,14,22
25,paired,4,14000,0.6315000000000001,0.3728,15,22
25,paired,4,15000,0.6316999999999999,0.3703000000000001,16,23
25,paired,4,16000,0.6335,0.36650000000000005,17,24
25,paired,4,17000,0.7157,0.2843,13,24
25,paired,4,18000,0.6467,0.35329999999999995,16,24
25,paired,4,19000,0.6569,0.34309999999999996,14,25
25,paired,4,20000,0.6572,0.3428,15,25
25,paired,4,21000,0.6496999999999999,0.35030000000000006,16,25
25,paired,4,22000,0.6442000000000001,0.3558,15,24
25,paired,4,23000,0.6567000000000001,0.34329999999999994,15,25
25,paired,4,24000,0.6168,0.3832,15,25
25,paired,4,25000,0.5915999999999999,0.4084000000000001,18,25
25,paired,4,26000,0.5855,0.4145000000000001,17,25
25,paired,4,27000,0.5627,0.4373,18,25
25,paired,4,28000,0.5399,0.46009999999999995,18,25
25,paired,4,29000,0.5332000000000001,0.4668,19,25
25,paired,4,30000,0.5001,0.4999,21,25
25,paired,4,31000,0.4864,0.5136000000000001,19,25
25,paired,4,32000,0.4829,0.5171,19,25
25,paired,4,33000,0.4611,0.5388999999999999,19,25
25,paired,4,34000,0.4467,0.5533000000000001,18,25
25,paired,4,35000,0.4323,0.5682,17,25
25,paired,4,36000,0.4147,0.5853,19,25
25,paired,4,37000,0.3969,0.6040000000000001,17,25
25,paired,4,38000,0.38280000000000003,0.6172,17,25
25,paired,4,39000,0.37640000000000007,0.6238999999999999,19,25
25,paired,4,40000,0.36660000000000004,0.635,18,25
25,paired,4,41000,0.3784,0.624,19,25
25,paired,4,42000,0.3679,0.6386000000000001,19,25
25,paired,4,43000,0.3557,0.645,21,25
25,paired,4,44000,0.35529999999999995,0.6447,20,25
25,paired,4,45000,0.41850000000000004,0.5814999999999999,18,25
25,paired,4,46000,0.35330000000000006,0.6466999999999999,21,25
25,paired,4,47000,0.34709999999999996,0.6529,21,25
25,paired,4,48000,0.33430000000000004,0.6664,21,25
25,paired,4,49000,0.3318,0.6682,21,25
25,paired,4,50000,0.32989999999999997,0.6701,22,25
49,vanilla,0,0,0.9795918367346936,0.9789,1,1
49,vanilla,0,1000,0.8899999999999999,0.10999999999999999,0,28
49,vanilla,0,2000,0.8845000000000001,0.11549999999999994,0,31
49,vanilla,0,3000,0.8853,0.11470000000000002,0,40
49,vanilla,0,4000,0.8672,0.13280000000000003,0,34
49,vanilla,0,5000,0.8167,0.18330000000000002,0,46
49,vanilla,0,6000,0.7908,0.20920000000000005,1,46
49,vanilla,0,7000,0.7870999999999999,0.21289999999999998,2,48
49,vanilla,0,8000,0.7899,0.21009999999999995,2,48
49,vanilla,0,9000,0.7695999999999998,0.23040000000000005,4,46
49,vanilla,0,10000,0.7597,0.24029999999999996,4,49
49,vanilla,0,11000,0.7495,0.25049999999999994,4,47
49,vanilla,0,12000,0.7502,0.24980000000000002,4,48
49,vanilla,0,13000,0.7483,0.25170000000000003,4,46
49,vanilla,0,14000,0.7447918367346938,0.2558,4,44
49,vanilla,0,15000,0.7460918367346938,0.2569,4,45
49,vanilla,0,16000,0.7424918367346939,0.259,4,44
49,vanilla,0,17000,0.7449836734693878,0.25859999999999994,4,42
49,vanilla,0,18000,0.7356,0.26439999999999997,5,45
49,vanilla,0,19000,0.7320836734693876,0.27359999999999995,4,44
49,vanilla,0,20000,0.7373918367346939,0.26849999999999996,4,43
49,vanilla,0,21000,0.7402836734693877,0.2639,4,40
49,vanilla,0,22000,0.7375755102040815,0.26960000000000006,4,43
49,vanilla,0,23000,0.7203918367346939,0.28459999999999996,5,42
49,vanilla,0,24000,0.7306755102040816,0.2771,5,39
49,vanilla,0,25000,0.7202755102040816,0.2894,6,40
49,vanilla,0,26000,0.7235755102040816,0.28659999999999997,6,38
49,vanilla,0,27000,0.7173755102040815,0.2931,6,39
49,vanilla,0,28000,0.7062755102040815,0.3042,6,41
49,vanilla,0,29000,0.7111755102040815,0.3036,6,39
49,vanilla,0,30000,0.6983591836734693,0.31989999999999996,7,38
49,vanilla,0,31000,0.7018755102040817,0.3096,6,40
49,vanilla,0,32000,0.7086673469387755,0.30679999999999996,7,41
49,vanilla,0,33000,0.6943673469387754,0.32210000000000005,6,43
49,vanilla,0,34000,0.6955591836734694,0.32630000000000003,6,40
49,vanilla,0,35000,0.6990591836734694,0.32889999999999997,6,40
49,vanilla,0,36000,0.6868591836734694,0.33440000000000003,8,40
49,vanilla,0,37000,0.6832591836734694,0.3388,7,39
49,vanilla,0,38000,0.6711591836734694,0.3556,10,40
49,vanilla,0,39000,0.6670591836734694,0.36940000000000006,10,41
49,vanilla,0,40000,0.6749510204081632,0.365,10,39
49,vanilla,0,41000,0.6718591836734693,0.3628,9,40
49,vanilla,0,42000,0.6733510204081632,0.3658,10,40
49,vanilla,0,43000,0.6569510204081632,0.39159999999999995,12,38
49,vanilla,0,44000,0.6601510204081633,0.38559999999999994,12,39
49,vanilla,0,45000,0.6549510204081632,0.3942,13,38
49,vanilla,0,46000,0.6477510204081632,0.4033,14,39
49,vanilla,0,47000,0.6460510204081632,0.40480000000000005,13,39
49,vanilla,0,48000,0.6451510204081632,0.4083000000000001,14,37
49,vanilla,0,49000,0.6383510204081633,0.41800000000000004,14,37
49,vanilla,0,50000,0.6416510204081632,0.4165,14,39
49,vanilla,1,0,0.9795918367346937,0.8592,1,1
49,vanilla,1,1000,0.8882999999999999,0.11170000000000002,0,29
49,vanilla,1,2000,0.8751,0.12490000000000001,0,29
49,vanilla,1,3000,0.8889,0.11109999999999998,0,40
49,vanilla,1,4000,0.8527,0.1473,0,46
49,vanilla,1,5000,0.8292999999999999,0.17070000000000007,0,45
49,vanilla,1,6000,0.7823,0.2177,2,47
49,vanilla,1,7000,0.7567999999999999,0.24319999999999997,4,45
49,vanilla,1,8000,0.756,0.244,4,46
49,vanilla,1,9000,0.7456918367346939,0.2551,4,46
49,vanilla,1,10000,0.7541918367346938,0.2509,4,46
49,vanilla,1,11000,0.7365918367346939,0.2641,4,43
49,vanilla,1,12000,0.7353918367346939,0.26570000000000005,4,45
49,vanilla,1,13000,0.7378836734693877,0.26459999999999995,4,44
49,vanilla,1,14000,0.7347918367346937,0.27170000000000005,4,47
49,vanilla,1,15000,0.7494999999999999,0.25050000000000006,4,44
49,vanilla,1,16000,0.7452918367346939,0.2572,4,46
49,vanilla,1,17000,0.7307836734693878,0.28069999999999995,4,45
49,vanilla,1,18000,0.7298836734693877,0.28170000000000006,4,40
49,vanilla,1,19000,0.7240755102040816,0.2882,4,47
49,vanilla,1,20000,0.7148755102040816,0.2982,5,45
49,vanilla,1,21000,0.7250755102040816,0.2914000000000001,4,43
49,vanilla,1,22000,0.7285836734693878,0.2844,4,44
49,vanilla,1,23000,0.7252755102040815,0.2875,5,45
49,vanilla,1,24000,0.7083673469387755,0.3077000000000001,7,45
49,vanilla,1,25000,0.7266836734693877,0.28400000000000003,4,43
49,vanilla,1,26000,0.7398755102040816,0.27449999999999997,5,39
49,vanilla,1,27000,0.7728836734693877,0.23520000000000008,3,43
49,vanilla,1,28000,0.7113673469387755,0.3064,8,41
49,vanilla,1,29000,0.7115673469387755,0.3095,6,41
49,vanilla,1,30000,0.7099755102040816,0.3073,8,44
49,vanilla,1,31000,0.7184673469387755,0.30190000000000006,7,40
49,vanilla,1,32000,0.7106673469387754,0.30790000000000006,7,38
49,vanilla,1,33000,0.7201673469387755,0.30310000000000004,8,40
49,vanilla,1,34000,0.7095673469387755,0.3145,8,38
49,vanilla,1,35000,0.7058673469387755,0.31679999999999997,9,39
49,vanilla,1,36000,0.7002673469387755,0.3318,9,38
49,vanilla,1,37000,0.6988673469387754,0.3276,10,39
49,vanilla,1,38000,0.7240755102040816,0.29370000000000007,9,36
49,vanilla,1,39000,0.6958755102040817,0.3294,11,39
49,vanilla,1,40000,0.7186673469387754,0.30689999999999995,9,37
49,vanilla,1,41000,0.6928673469387755,0.34029999999999994,12,40
49,vanilla,1,42000,0.6934673469387755,0.3335,12,38
49,vanilla,1,43000,0.6868673469387755,0.3447,12,38
49,vanilla,1,44000,0.6892673469387756,0.3456999999999999,12,39
49,vanilla,1,45000,0.6846673469387754,0.3481000000000001,12,39
49,vanilla,1,46000,0.6837673469387755,0.3528,11,38
49,vanilla,1,47000,0.6758673469387755,0.35839999999999994,11,39
49,vanilla,1,48000,0.6708673469387755,0.3708,12,40
49,vanilla,1,49000,0.6787673469387754,0.36250000000000004,12,38
49,vanilla,1,50000,0.6640673469387754,0.3824000000000001,13,38
49,vanilla,2,0,0.9795918367346937,0.9612,1,1
49,vanilla,2,1000,0.8885000000000001,0.11149999999999993,0,33
49,vanilla,2,2000,0.8847,0.11529999999999996,0,30
49,vanilla,2,3000,0.8802999999999999,0.11970000000000003,0,34
49,vanilla,2,4000,0.8862999999999999,0.11370000000000002,0,44
49,vanilla,2,5000,0.8538999999999999,0.1461,0,44
49,vanilla,2,6000,0.8347,0.1653,0,46
49,vanilla,2,7000,0.8163,0.18369999999999997,2,47
49,vanilla,2,8000,0.8044,0.1956,2,46
49,vanilla,2,9000,0.7873999999999999,0.2126,3,47
49,vanilla,2,10000,0.8058,0.19419999999999993,2,45
49,vanilla,2,11000,0.7828999999999999,0.21710000000000007,3,47
49,vanilla,2,12000,0.7733000000000001,0.2266999999999999,4,45
49,vanilla,2,13000,0.7728999999999999,0.22709999999999997,4,45
49,vanilla,2,14000,0.7837,0.21629999999999994,3,43
49,vanilla,2,15000,0.7611999999999999,0.2388,4,44
49,vanilla,2,16000,0.7772999999999999,0.2227,3,45
49,vanilla,2,17000,0.7560918367346938,0.24480000000000002,4,46
49,vanilla,2,18000,0.7695,0.23050000000000004,4,45
49,vanilla,2,19000,0.7525999999999999,0.24739999999999995,4,45
49,vanilla,2,20000,0.7481918367346938,0.254,3,44
49,vanilla,2,21000,0.7662,0.2338,3,47
49,vanilla,2,22000,0.7518918367346938,0.2508,4,42
49,vanilla,2,23000,0.7407836734693878,0.2621,3,43
49,vanilla,2,24000,0.7382918367346939,0.26459999999999995,4,44
49,vanilla,2,25000,0.7247836734693877,0.28190000000000004,4,42
49,vanilla,2,26000,0.7249918367346938,0.27990000000000004,4,43
49,vanilla,2,27000,0.7287918367346938,0.2742,5,42
49,vanilla,2,28000,0.7285755102040816,0.27759999999999996,5,42
49,vanilla,2,29000,0.7277755102040816,0.2845,3,39
49,vanilla,2,30000,0.7183673469387755,0.29370000000000007,5,41
49,vanilla,2,31000,0.7168755102040816,0.3026,7,42
49,vanilla,2,32000,0.7116673469387755,0.3055,8,41
49,vanilla,2,33000,0.7246836734693877,0.29200000000000004,7,39
49,vanilla,2,34000,0.7129673469387755,0.2985,5,42
49,vanilla,2,35000,0.7214836734693877,0.29170000000000007,5,41
49,vanilla,2,36000,0.7065673469387754,0.30879999999999996,8,41
49,vanilla,2,37000,0.7252755102040815,0.2921,8,39
49,vanilla,2,38000,0.7146673469387754,0.2952,9,42
49,vanilla,2,39000,0.7101673469387755,0.3136,8,41
49,vanilla,2,40000,0.7245755102040816,0.29669999999999996,8,39
49,vanilla,2,41000,0.7223755102040815,0.3023,8,41
49,vanilla,2,42000,0.6996673469387755,0.32630000000000003,8,43
49,vanilla,2,43000,0.7235755102040816,0.2986,7,41
49,vanilla,2,44000,0.7017673469387755,0.3227,9,40
49,vanilla,2,45000,0.6883591836734694,0.33810000000000007,9,42
49,vanilla,2,46000,0.7140591836734693,0.31220000000000003,7,39
49,vanilla,2,47000,0.6661591836734693,0.36860000000000004,9,40
49,vanilla,2,48000,0.6914673469387755,0.3434999999999999,7,40
49,vanilla,2,49000,0.6824591836734694,0.35119999999999996,8,40
49,vanilla,2,50000,0.6745591836734693,0.36060000000000003,10,39
49,vanilla,3,0,0.9795918367346937,0.9659,1,1
49,vanilla,3,1000,0.891,0.10899999999999999,0,32
49,vanilla,3,2000,0.8823,0.11770000000000003,0,32
49,vanilla,3,3000,0.8904,0.10960000000000003,0,36
49,vanilla,3,4000,0.8645,0.13549999999999995,0,47
49,vanilla,3,5000,0.7990999999999999,0.20090000000000008,0,47
49,vanilla,3,6000,0.7825,0.21750000000000003,3,48
49,vanilla,3,7000,0.7575,0.24249999999999994,4,46
49,vanilla,3,8000,0.7634999999999998,0.23650000000000004,4,46
49,vanilla,3,9000,0.7443918367346938,0.25680000000000003,4,45
49,vanilla,3,10000,0.7476,0.25239999999999996,4,46
49,vanilla,3,11000,0.7509918367346939,0.2511,4,46
49,vanilla,3,12000,0.7329918367346938,0.2695000000000001,4,47
49,vanilla,3,13000,0.7308999999999999,0.2691,4,47
49,vanilla,3,14000,0.7332918367346939,0.2668999999999999,4,46
49,vanilla,3,15000,0.7269918367346939,0.27449999999999997,4,49
49,vanilla,3,16000,0.7299836734693878,0.27290000000000003,4,46
49,vanilla,3,17000,0.7247836734693877,0.2831,4,47
49,vanilla,3,18000,0.7262836734693878,0.2813,4,46
49,vanilla,3,19000,0.7175836734693878,0.2863,5,47
49,vanilla,3,20000,0.7144755102040816,0.2922,5,47
49,vanilla,3,21000,0.7147836734693878,0.2915,4,47
49,vanilla,3,22000,0.7210836734693877,0.28489999999999993,4,47
49,vanilla,3,23000,0.7161673469387755,0.29280000000000006,6,46
49,vanilla,3,24000,0.7093836734693877,0.2977000000000001,5,48
49,vanilla,3,25000,0.7129755102040816,0.2974,5,42
49,vanilla,3,26000,0.7088673469387755,0.3036,7,45
49,vanilla,3,27000,0.7111755102040815,0.30180000000000007,6,43
49,vanilla,3,28000,0.7131755102040815,0.2986,6,45
49,vanilla,3,29000,0.7033673469387756,0.31109999999999993,7,44
49,vanilla,3,30000,0.7040673469387755,0.3137,7,42
49,vanilla,3,31000,0.7047673469387755,0.3115,7,42
49,vanilla,3,32000,0.7029673469387754,0.31620000000000004,6,43
49,vanilla,3,33000,0.7048673469387755,0.3184,6,41
49,vanilla,3,34000,0.6957673469387755,0.3247,9,44
49,vanilla,3,35000,0.6984673469387754,0.3225,10,43
49,vanilla,3,36000,0.6931673469387755,0.3318000000000001,10,41
49,vanilla,3,37000,0.6897755102040817,0.3333999999999999,11,41
49,vanilla,3,38000,0.6910673469387755,0.3367,10,43
49,vanilla,3,39000,0.6905673469387755,0.3389,10,42
49,vanilla,3,40000,0.6904673469387754,0.34220000000000006,11,41
49,vanilla,3,41000,0.6841673469387755,0.34950000000000003,13,42
49,vanilla,3,42000,0.6864673469387754,0.34919999999999995,12,38
49,vanilla,3,43000,0.6817673469387755,0.3516999999999999,12,40
49,vanilla,3,44000,0.6804673469387754,0.35020000000000007,13,41
49,vanilla,3,45000,0.6847673469387755,0.34830000000000005,12,40
49,vanilla,3,46000,0.6819673469387755,0.3538,14,36
49,vanilla,3,47000,0.6779673469387755,0.3598,12,35
49,vanilla,3,48000,0.6776673469387755,0.36129999999999995,12,41
49,vanilla,3,49000,0.6743673469387755,0.36749999999999994,11,38
49,vanilla,3,50000,0.6892673469387756,0.34130000000000005,12,38
49,vanilla,4,0,0.9795918367346936,0.9436,1,1
49,vanilla,4,1000,0.8920999999999999,0.1079,0,28
49,vanilla,4,2000,0.8784000000000001,0.12159999999999993,0,36
49,vanilla,4,3000,0.8847,0.11529999999999996,0,38
49,vanilla,4,4000,0.8751,0.12490000000000001,0,44
49,vanilla,4,5000,0.8647,0.13529999999999998,0,38
49,vanilla,4,6000,0.79,0.20999999999999996,3,48
49,vanilla,4,7000,0.7665,0.23350000000000004,4,44
49,vanilla,4,8000,0.7468999999999999,0.2531,4,47
49,vanilla,4,9000,0.7569999999999999,0.243,4,46
49,vanilla,4,10000,0.7473000000000001,0.25270000000000004,4,48
49,vanilla,4,11000,0.7648999999999999,0.23509999999999998,3,47
49,vanilla,4,12000,0.7486918367346937,0.2519,4,46
49,vanilla,4,13000,0.7439,0.2561,4,45
49,vanilla,4,14000,0.7471999999999999,0.2528,4,45
49,vanilla,4,15000,0.7521,0.2479,4,48
49,vanilla,4,16000,0.7323918367346938,0.2734000000000001,4,45
49,vanilla,4,17000,0.7342918367346939,0.27059999999999995,5,45
49,vanilla,4,18000,0.735,0.265,4,47
49,vanilla,4,19000,0.7376918367346939,0.2633,4,45
49,vanilla,4,20000,0.7219836734693877,0.2791,5,45
49,vanilla,4,21000,0.7237755102040816,0.28279999999999994,6,45
49,vanilla,4,22000,0.7231836734693877,0.28200000000000003,5,43
49,vanilla,4,23000,0.7286755102040816,0.2741,5,46
49,vanilla,4,24000,0.7285755102040816,0.2784,4,45
49,vanilla,4,25000,0.7108673469387754,0.2931,6,45
49,vanilla,4,26000,0.7208836734693878,0.28390000000000004,5,44
49,vanilla,4,27000,0.7139836734693878,0.2933,5,41
49,vanilla,4,28000,0.7121755102040817,0.2964,7,41
49,vanilla,4,29000,0.7155755102040816,0.2953,6,44
49,vanilla,4,30000,0.6954755102040816,0.3144,10,43
49,vanilla,4,31000,0.7025755102040816,0.30679999999999996,10,45
49,vanilla,4,32000,0.7050755102040815,0.2995,9,44
49,vanilla,4,33000,0.6994755102040816,0.3188,9,40
49,vanilla,4,34000,0.7029673469387754,0.3097,9,38
49,vanilla,4,35000,0.7031755102040816,0.3091999999999999,9,39
49,vanilla,4,36000,0.7169836734693877,0.2933,8,38
49,vanilla,4,37000,0.6961673469387755,0.3238,10,38
49,vanilla,4,38000,0.6913755102040816,0.32789999999999997,11,39
49,vanilla,4,39000,0.6919755102040817,0.3257,10,39
49,vanilla,4,40000,0.6878755102040817,0.32789999999999997,10,38
49,vanilla,4,41000,0.6896755102040816,0.3268,10,39
49,vanilla,4,42000,0.6760673469387755,0.3458000000000001,10,40
49,vanilla,4,43000,0.6765673469387755,0.3489,10,40
49,vanilla,4,44000,0.6693591836734694,0.35430000000000006,10,36
49,vanilla,4,45000,0.6837673469387755,0.33430000000000004,10,37
49,vanilla,4,46000,0.6619591836734693,0.3647,10,38
49,vanilla,4,47000,0.6908673469387754,0.3295,9,37
49,vanilla,4,48000,0.6566510204081633,0.37349999999999994,10,38
49,vanilla,4,49000,0.6517510204081634,0.37839999999999996,11,37
49,vanilla,4,50000,0.6648673469387755,0.3607,10,35
49,rsgan,0,0,0.9795918367346936,0.9789,1,1
49,rsgan,0,1000,0.8906,0.10939999999999994,0,30
49,rsgan,0,2000,0.8792,0.12080000000000002,0,31
49,rsgan,0,3000,0.8813,0.11870000000000003,0,40
49,rsgan,0,4000,0.8762999999999999,0.12370000000000003,0,43
49,rsgan,0,5000,0.8562,0.14379999999999993,0,44
49,rsgan,0,6000,0.7909999999999999,0.20899999999999996,2,46
49,rsgan,0,7000,0.7807,0.21930000000000005,2,45
49,rsgan,0,8000,0.7605999999999999,0.23940000000000006,4,48
49,rsgan,0,9000,0.7591999999999999,0.24080000000000001,4,43
49,rsgan,0,10000,0.7474000000000001,0.25259999999999994,4,47
49,rsgan,0,11000,0.7391999999999999,0.26080000000000003,4,46
49,rsgan,0,12000,0.7478918367346938,0.25249999999999995,4,47
49,rsgan,0,13000,0.7424918367346939,0.25770000000000004,4,46
49,rsgan,0,14000,0.7373918367346939,0.2643,4,45
49,rsgan,0,15000,0.7294836734693877,0.2722,4,45
49,rsgan,0,16000,0.7316836734693877,0.2713,4,43
49,rsgan,0,17000,0.7227755102040816,0.2833,4,44
49,rsgan,0,18000,0.7438836734693877,0.2641,4,43
49,rsgan,0,19000,0.7273755102040816,0.2762,4,44
49,rsgan,0,20000,0.7283836734693877,0.2762,4,42
49,rsgan,0,21000,0.7154755102040816,0.2945,5,42
49,rsgan,0,22000,0.7200673469387755,0.29489999999999994,5,41
49,rsgan,0,23000,0.7154673469387756,0.30179999999999996,5,43
49,rsgan,0,24000,0.7194673469387755,0.30390000000000006,5,40
49,rsgan,0,25000,0.7160673469387755,0.3125,5,40
49,rsgan,0,26000,0.7341755102040817,0.28169999999999995,5,40
49,rsgan,0,27000,0.7274673469387755,0.2975000000000001,5,42
49,rsgan,0,28000,0.7163673469387755,0.3075,6,39
49,rsgan,0,29000,0.7116673469387755,0.32119999999999993,5,41
49,rsgan,0,30000,0.7084673469387754,0.32719999999999994,7,40
49,rsgan,0,31000,0.7145673469387754,0.32030000000000003,8,39
49,rsgan,0,32000,0.7103673469387755,0.3287,7,39
49,rsgan,0,33000,0.7041673469387755,0.3358,6,38
49,rsgan,0,34000,0.7087673469387754,0.3316,6,41
49,rsgan,0,35000,0.7255673469387756,0.31109999999999993,7,38
49,rsgan,0,36000,0.7113673469387755,0.33820000000000006,6,38
49,rsgan,0,37000,0.7110673469387754,0.33199999999999996,7,38
49,rsgan,0,38000,0.7083673469387755,0.3378,7,39
49,rsgan,0,39000,0.7104673469387754,0.3428,8,41
49,rsgan,0,40000,0.7044673469387754,0.3507,10,38
49,rsgan,0,41000,0.7086673469387755,0.3507,9,40
49,rsgan,0,42000,0.7118673469387755,0.3528,8,38
49,rsgan,0,43000,0.7004673469387754,0.3675999999999999,9,39
49,rsgan,0,44000,0.6991673469387756,0.36819999999999997,9,39
49,rsgan,0,45000,0.7055673469387755,0.3555999999999999,11,37
49,rsgan,0,46000,0.6954673469387755,0.36560000000000004,11,39
49,rsgan,0,47000,0.6998673469387755,0.36849999999999994,10,36
49,rsgan,0,48000,0.6931673469387756,0.368,11,38
49,rsgan,0,49000,0.6876673469387755,0.3829,13,39
49,rsgan,0,50000,0.6881673469387755,0.3801,15,39
49,rsgan,1,0,0.9795918367346937,0.8592,1,1
49,rsgan,1,1000,0.8907,0.10929999999999995,0,29
49,rsgan,1,2000,0.883,0.11699999999999999,0,30
49,rsgan,1,3000,0.8737999999999999,0.12619999999999998,0,34
49,rsgan,1,4000,0.8748,0.12519999999999998,0,40
49,rsgan,1,5000,0.8326,0.1674,0,47
49,rsgan,1,6000,0.7870999999999999,0.21289999999999998,1,45
49,rsgan,1,7000,0.7867,0.21330000000000005,2,44
49,rsgan,1,8000,0.7792999999999999,0.2207,2,45
49,rsgan,1,9000,0.7582,0.24180000000000001,4,44
49,rsgan,1,10000,0.7635000000000001,0.23650000000000004,4,46
49,rsgan,1,11000,0.7447999999999999,0.2552000000000001,4,47
49,rsgan,1,12000,0.7394918367346939,0.2607999999999999,4,45
49,rsgan,1,13000,0.7536,0.24639999999999995,4,44
49,rsgan,1,14000,0.7379,0.2621,5,44
49,rsgan,1,15000,0.7301,0.26990000000000003,4,46
49,rsgan,1,16000,0.7305918367346939,0.2703,4,45
49,rsgan,1,17000,0.7251918367346939,0.2772,5,41
49,rsgan,1,18000,0.7188755102040816,0.28869999999999996,5,46
49,rsgan,1,19000,0.7177755102040816,0.28859999999999997,5,45
49,rsgan,1,20000,0.7195755102040817,0.2935,5,42
49,rsgan,1,21000,0.7159673469387755,0.29669999999999996,5,46
49,rsgan,1,22000,0.7166673469387754,0.29679999999999995,6,43
49,rsgan,1,23000,0.7157755102040816,0.2943,6,44
49,rsgan,1,24000,0.7147755102040816,0.29790000000000005,7,41
49,rsgan,1,25000,0.7096673469387755,0.3093,7,43
49,rsgan,1,26000,0.7020673469387755,0.31220000000000003,7,44
49,rsgan,1,27000,0.7064673469387754,0.30879999999999996,7,41
49,rsgan,1,28000,0.7012673469387756,0.3153,7,42
49,rsgan,1,29000,0.6990673469387755,0.32389999999999997,9,42
49,rsgan,1,30000,0.7123755102040816,0.30410000000000004,8,39
49,rsgan,1,31000,0.7001673469387755,0.32210000000000005,8,42
49,rsgan,1,32000,0.6947673469387755,0.32919999999999994,9,41
49,rsgan,1,33000,0.6907673469387755,0.3369,8,42
49,rsgan,1,34000,0.6869673469387755,0.34099999999999997,10,41
49,rsgan,1,35000,0.6893673469387755,0.33999999999999997,10,40
49,rsgan,1,36000,0.6819673469387755,0.34850000000000003,10,40
49,rsgan,1,37000,0.6828591836734694,0.353,11,39
49,rsgan,1,38000,0.6767673469387754,0.3541000000000001,10,39
49,rsgan,1,39000,0.6666673469387754,0.3709,12,39
49,rsgan,1,40000,0.6695591836734693,0.3619,11,39
49,rsgan,1,41000,0.6702591836734694,0.37050000000000005,11,38
49,rsgan,1,42000,0.6662673469387754,0.3749,13,37
49,rsgan,1,43000,0.6592591836734694,0.3871,12,37
49,rsgan,1,44000,0.6625591836734694,0.37759999999999994,11,38
49,rsgan,1,45000,0.6663591836734694,0.3817999999999999,12,38
49,rsgan,1,46000,0.6625510204081633,0.38770000000000004,12,38
49,rsgan,1,47000,0.6414428571428571,0.40989999999999993,13,37
49,rsgan,1,48000,0.6433510204081633,0.40969999999999995,14,37
49,rsgan,1,49000,0.634742857142857,0.4242,13,37
49,rsgan,1,50000,0.6313510204081633,0.4235,13,37
49,rsgan,2,0,0.9795918367346937,0.9612,1,1
49,rsgan,2,1000,0.8919999999999999,0.10799999999999998,0,30
49,rsgan,2,2000,0.8808999999999999,0.11909999999999998,0,31
49,rsgan,2,3000,0.8819999999999999,0.118,0,36
49,rsgan,2,4000,0.8569,0.1431,0,45
49,rsgan,2,5000,0.8267,0.1733,1,47
49,rsgan,2,6000,0.7808999999999999,0.21910000000000007,2,44
49,rsgan,2,7000,0.7664,0.23360000000000003,4,47
49,rsgan,2,8000,0.7588999999999999,0.24109999999999998,4,48
49,rsgan,2,9000,0.7488918367346938,0.25170000000000003,4,46
49,rsgan,2,10000,0.7519,0.2481,4,44
49,rsgan,2,11000,0.7480918367346938,0.25350000000000006,4,45
49,rsgan,2,12000,0.7317836734693877,0.269,4,44
49,rsgan,2,13000,0.7374836734693877,0.2653000000000001,4,41
49,rsgan,2,14000,0.7346918367346937,0.26680000000000004,4,43
49,rsgan,2,15000,0.7372918367346939,0.26570000000000005,4,41
49,rsgan,2,16000,0.7218755102040816,0.28600000000000003,6,42
49,rsgan,2,17000,0.7151673469387754,0.29169999999999996,6,43
49,rsgan,2,18000,0.7180755102040816,0.2882,6,44
49,rsgan,2,19000,0.7132755102040815,0.29589999999999994,6,44
49,rsgan,2,20000,0.7084673469387754,0.3024,7,42
49,rsgan,2,21000,0.7126673469387755,0.3067,7,43
49,rsgan,2,22000,0.7085836734693878,0.3062,9,40
49,rsgan,2,23000,0.7136673469387755,0.30920000000000003,7,38
49,rsgan,2,24000,0.7055673469387755,0.3197,9,41
49,rsgan,2,25000,0.6955673469387755,0.3293999999999999,10,41
49,rsgan,2,26000,0.7035673469387755,0.3258,8,39
49,rsgan,2,27000,0.6947673469387754,0.33030000000000004,7,40
49,rsgan,2,28000,0.6928673469387754,0.3417,9,41
49,rsgan,2,29000,0.6850673469387756,0.3479,9,38
49,rsgan,2,30000,0.6814673469387754,0.3541000000000001,8,39
49,rsgan,2,31000,0.6803673469387754,0.3536,10,39
49,rsgan,2,32000,0.6742591836734694,0.36160000000000003,11,37
49,rsgan,2,33000,0.6668591836734694,0.3756999999999999,10,39
49,rsgan,2,34000,0.6713510204081632,0.37250000000000005,9,37
49,rsgan,2,35000,0.6697591836734693,0.37629999999999997,10,37
49,rsgan,2,36000,0.6641510204081633,0.38939999999999997,10,37
49,rsgan,2,37000,0.6609510204081632,0.3982,11,37
49,rsgan,2,38000,0.6633510204081632,0.39649999999999996,14,38
49,rsgan,2,39000,0.6702510204081633,0.3923,11,36
49,rsgan,2,40000,0.6598510204081632,0.40360000000000007,12,38
49,rsgan,2,41000,0.6725510204081633,0.392,10,38
49,rsgan,2,42000,0.6603510204081633,0.4043000000000001,12,38
49,rsgan,2,43000,0.6701510204081632,0.39139999999999997,12,37
49,rsgan,2,44000,0.6593510204081632,0.4184,12,38
49,rsgan,2,45000,0.6592510204081632,0.41980000000000006,13,36
49,rsgan,2,46000,0.6605510204081632,0.42090000000000005,11,39
49,rsgan,2,47000,0.6610510204081632,0.41769999999999996,13,38
49,rsgan,2,48000,0.6616510204081633,0.41300000000000003,12,38
49,rsgan,2,49000,0.6521510204081633,0.42989999999999995,14,39
49,rsgan,2,50000,0.6561510204081632,0.42369999999999997,14,39
49,rsgan,3,0,0.9795918367346937,0.9659,1,1
49,rsgan,3,1000,0.8882999999999999,0.11170000000000002,0,29
49,rsgan,3,2000,0.8821999999999999,0.11780000000000002,0,30
49,rsgan,3,3000,0.8825,0.11749999999999994,0,31
49,rsgan,3,4000,0.8832,0.11680000000000001,0,42
49,rsgan,3,5000,0.8364999999999999,0.16349999999999998,0,47
49,rsgan,3,6000,0.7884,0.2116,3,48
49,rsgan,3,7000,0.7648999999999999,0.23509999999999998,4,48
49,rsgan,3,8000,0.7654,0.23460000000000003,4,48
49,rsgan,3,9000,0.7475,0.25249999999999995,4,46
49,rsgan,3,10000,0.7466999999999999,0.2533000000000001,4,45
49,rsgan,3,11000,0.7483918367346938,0.252,4,46
49,rsgan,3,12000,0.7510918367346938,0.24970000000000003,4,45
49,rsgan,3,13000,0.7385999999999999,0.26139999999999997,4,47
49,rsgan,3,14000,0.735,0.2649999999999999,4,44
49,rsgan,3,15000,0.7551999999999999,0.24480000000000002,4,46
49,rsgan,3,16000,0.7293836734693877,0.27459999999999996,4,46
49,rsgan,3,17000,0.7308918367346938,0.27249999999999996,4,46
49,rsgan,3,18000,0.730791836734694,0.27349999999999997,4,46
49,rsgan,3,19000,0.7291836734693877,0.27370000000000005,4,47
49,rsgan,3,20000,0.7444999999999999,0.25550000000000006,4,44
49,rsgan,3,21000,0.7276755102040816,0.2762,4,45
49,rsgan,3,22000,0.7224836734693877,0.28590000000000004,5,45
49,rsgan,3,23000,0.7205755102040816,0.2863,5,43
49,rsgan,3,24000,0.7228755102040816,0.2812,4,44
49,rsgan,3,25000,0.7164755102040816,0.28680000000000005,5,45
49,rsgan,3,26000,0.7233755102040815,0.28059999999999996,4,44
49,rsgan,3,27000,0.7200755102040814,0.29000000000000004,5,40
49,rsgan,3,28000,0.7249755102040816,0.2802,4,40
49,rsgan,3,29000,0.7176673469387755,0.29069999999999996,5,42
49,rsgan,3,30000,0.7208918367346938,0.28269999999999995,4,42
49,rsgan,3,31000,0.7147755102040816,0.29569999999999996,6,42
49,rsgan,3,32000,0.7071673469387755,0.30479999999999996,6,42
49,rsgan,3,33000,0.7088673469387755,0.2995,7,42
49,rsgan,3,34000,0.7197673469387755,0.2932,5,44
49,rsgan,3,35000,0.7154673469387755,0.29800000000000004,8,42
49,rsgan,3,36000,0.7062673469387755,0.3096000000000001,8,41
49,rsgan,3,37000,0.7037673469387754,0.31000000000000005,8,42
49,rsgan,3,38000,0.7038673469387754,0.31410000000000005,10,40
49,rsgan,3,39000,0.6992673469387755,0.31079999999999997,7,43
49,rsgan,3,40000,0.6970673469387755,0.32610000000000006,10,41
49,rsgan,3,41000,0.7095673469387755,0.30569999999999997,6,41
49,rsgan,3,42000,0.7068673469387755,0.31210000000000004,8,41
49,rsgan,3,43000,0.6977673469387755,0.3218,8,42
49,rsgan,3,44000,0.6918673469387755,0.3258,8,42
49,rsgan,3,45000,0.6887673469387756,0.33009999999999995,10,41
49,rsgan,3,46000,0.6860673469387755,0.3353999999999999,11,41
49,rsgan,3,47000,0.6865673469387754,0.3347,10,41
49,rsgan,3,48000,0.6880673469387755,0.3316,10,39
49,rsgan,3,49000,0.6890673469387756,0.33299999999999996,9,39
49,rsgan,3,50000,0.6786591836734693,0.3508,11,39
49,rsgan,4,0,0.9795918367346936,0.9436,1,1
49,rsgan,4,1000,0.8924999999999998,0.10750000000000004,0,32
49,rsgan,4,2000,0.8774,0.12260000000000004,0,30
49,rsgan,4,3000,0.8879999999999999,0.11199999999999999,0,38
49,rsgan,4,4000,0.8595999999999999,0.14040000000000008,0,47
49,rsgan,4,5000,0.8488,0.1512,0,42
49,rsgan,4,6000,0.8113999999999999,0.1886,1,47
49,rsgan,4,7000,0.7847999999999999,0.21520000000000006,3,45
49,rsgan,4,8000,0.7717999999999999,0.22819999999999996,4,46
49,rsgan,4,9000,0.7806,0.21940000000000004,3,46
49,rsgan,4,10000,0.7757,0.22429999999999994,3,46
49,rsgan,4,11000,0.7738,0.22619999999999996,4,46
49,rsgan,4,12000,0.7549918367346939,0.24519999999999997,4,46
49,rsgan,4,13000,0.7652,0.2348,4,44
49,rsgan,4,14000,0.7637999999999999,0.23619999999999997,4,44
49,rsgan,4,15000,0.7637,0.23629999999999995,3,45
49,rsgan,4,16000,0.7556918367346939,0.24550000000000005,5,44
49,rsgan,4,17000,0.7443,0.25570000000000004,4,45
49,rsgan,4,18000,0.7391999999999999,0.26080000000000003,4,46
49,rsgan,4,19000,0.7429918367346939,0.25859999999999994,4,42
49,rsgan,4,20000,0.7329918367346939,0.2683,5,43
49,rsgan,4,21000,0.7379918367346938,0.26239999999999997,4,46
49,rsgan,4,22000,0.7636918367346939,0.24070000000000003,4,43
49,rsgan,4,23000,0.766,0.23399999999999999,3,40
49,rsgan,4,24000,0.7211755102040815,0.2884,4,42
49,rsgan,4,25000,0.7266755102040816,0.28059999999999996,4,44
49,rsgan,4,26000,0.7307755102040816,0.27490000000000003,4,47
49,rsgan,4,27000,0.7264673469387755,0.2814000000000001,4,44
49,rsgan,4,28000,0.7261755102040817,0.2884,5,41
49,rsgan,4,29000,0.7368755102040816,0.2714,4,36
49,rsgan,4,30000,0.7172673469387755,0.29489999999999994,5,39
49,rsgan,4,31000,0.7162673469387755,0.2935,4,41
49,rsgan,4,32000,0.7154755102040816,0.3004,5,39
49,rsgan,4,33000,0.7158673469387755,0.2975,5,39
49,rsgan,4,34000,0.7146673469387754,0.30600000000000005,6,37
49,rsgan,4,35000,0.7191673469387755,0.29879999999999995,5,39
49,rsgan,4,36000,0.7248755102040816,0.2934,6,35
49,rsgan,4,37000,0.7204673469387755,0.3086,8,38
49,rsgan,4,38000,0.7147673469387754,0.31189999999999996,6,40
49,rsgan,4,39000,0.7128673469387754,0.30600000000000005,8,38
49,rsgan,4,40000,0.7064673469387754,0.3216,8,41
49,rsgan,4,41000,0.7028673469387754,0.3218,9,37
49,rsgan,4,42000,0.7037673469387754,0.32200000000000006,10,38
49,rsgan,4,43000,0.7074673469387756,0.3217,8,39
49,rsgan,4,44000,0.7090673469387754,0.31810000000000005,10,39
49,rsgan,4,45000,0.6945673469387754,0.34729999999999994,11,39
49,rsgan,4,46000,0.7009673469387755,0.3326,10,37
49,rsgan,4,47000,0.6924673469387755,0.34309999999999996,12,37
49,rsgan,4,48000,0.6943673469387754,0.3427,11,37
49,rsgan,4,49000,0.7030673469387754,0.33140000000000003,11,38
49,rsgan,4,50000,0.6873673469387754,0.36040000000000005,11,37
49,paired,0,0,0.9795918367346936,0.9789,1,1
49,paired,0,1000,0.8937999999999999,0.10619999999999996,0,33
49,paired,0,2000,0.8904999999999998,0.10950000000000004,0,32
49,paired,0,3000,0.8855999999999999,0.11440000000000006,0,36
49,paired,0,4000,0.881,0.119,0,32
49,paired,0,5000,0.8835,0.11650000000000005,0,39
49,paired,0,6000,0.8835,0.11650000000000005,0,37
49,paired,0,7000,0.8856999999999999,0.11429999999999996,0,33
49,paired,0,8000,0.8734999999999999,0.12650000000000006,0,44
49,paired,0,9000,0.8681999999999999,0.13180000000000003,0,45
49,paired,0,10000,0.8725,0.12749999999999995,0,37
49,paired,0,11000,0.8599999999999999,0.14,0,45
49,paired,0,12000,0.8556999999999999,0.14429999999999998,0,41
49,paired,0,13000,0.8572,0.14280000000000004,0,43
49,paired,0,14000,0.8452999999999999,0.15470000000000006,0,44
49,paired,0,15000,0.8354,0.16459999999999997,1,41
49,paired,0,16000,0.8181,0.18189999999999995,1,43
49,paired,0,17000,0.8196999999999999,0.18030000000000002,0,48
49,paired,0,18000,0.8283,0.17169999999999996,1,46
49,paired,0,19000,0.8069,0.19310000000000005,2,46
49,paired,0,20000,0.8301,0.16989999999999994,0,47
49,paired,0,21000,0.7774999999999999,0.22250000000000003,3,44
49,paired,0,22000,0.7766,0.22340000000000004,3,46
49,paired,0,23000,0.7862,0.2138,3,45
49,paired,0,24000,0.7605,0.23950000000000005,4,45
49,paired,0,25000,0.7856000000000001,0.21439999999999992,3,46
49,paired,0,26000,0.7659,0.23409999999999997,4,48
49,paired,0,27000,0.7893,0.2107,3,47
49,paired,0,28000,0.7711999999999999,0.2288,3,48
49,paired,0,29000,0.7693999999999999,0.23060000000000003,3,48
49,paired,0,30000,0.7728999999999999,0.22710000000000008,3,48
49,paired,0,31000,0.7847,0.21530000000000005,2,48
49,paired,0,32000,0.7717999999999999,0.22819999999999996,4,49
49,paired,0,33000,0.768,0.23199999999999998,4,46
49,paired,0,34000,0.7708999999999999,0.22909999999999997,3,47
49,paired,0,35000,0.7902,0.2098,4,47
49,paired,0,36000,0.7722,0.2278,4,49
49,paired,0,37000,0.7648999999999999,0.23509999999999998,4,49
49,paired,0,38000,0.7556,0.24439999999999995,4,47
49,paired,0,39000,0.7613999999999999,0.23860000000000003,4,47
49,paired,0,40000,0.7702,0.2298,2,46
49,paired,0,41000,0.7647999999999999,0.23520000000000008,4,49
49,paired,0,42000,0.7401,0.2599,4,48
49,paired,0,43000,0.7798999999999999,0.22009999999999996,3,48
49,paired,0,44000,0.7445999999999999,0.25540000000000007,5,49
49,paired,0,45000,0.734,0.266,4,48
49,paired,0,46000,0.7323999999999999,0.26760000000000006,4,49
49,paired,0,47000,0.7303999999999999,0.26959999999999995,4,48
49,paired,0,48000,0.7321,0.2679,4,48
49,paired,0,49000,0.7303999999999999,0.26959999999999995,4,47
49,paired,0,50000,0.7413000000000001,0.25869999999999993,4,49
49,paired,1,0,0.9795918367346937,0.8592,1,1
49,paired,1,1000,0.8966,0.10339999999999994,0,29
49,paired,1,2000,0.8873,0.11270000000000002,0,33
49,paired,1,3000,0.8853,0.11470000000000002,0,34
49,paired,1,4000,0.8836999999999999,0.11629999999999996,0,34
49,paired,1,5000,0.8717999999999999,0.12819999999999998,0,43
49,paired,1,6000,0.8875,0.11250000000000004,0,34
49,paired,1,7000,0.8879999999999999,0.11199999999999999,0,39
49,paired,1,8000,0.8682,0.13179999999999992,0,47
49,paired,1,9000,0.8624999999999999,0.13749999999999996,0,46
49,paired,1,10000,0.8427,0.1573,0,47
49,paired,1,11000,0.8208,0.17920000000000003,0,47
49,paired,1,12000,0.8499999999999999,0.15000000000000002,0,39
49,paired,1,13000,0.8312999999999999,0.16870000000000007,0,42
49,paired,1,14000,0.8071999999999999,0.19279999999999997,1,45
49,paired,1,15000,0.7978999999999999,0.20209999999999995,1,42
49,paired,1,16000,0.8335999999999999,0.1664,2,38
49,paired,1,17000,0.8377,0.1623,1,42
49,paired,1,18000,0.798,0.20199999999999996,1,46
49,paired,1,19000,0.8181999999999999,0.18179999999999996,0,47
49,paired,1,20000,0.8056999999999999,0.19430000000000003,1,46
49,paired,1,21000,0.7983,0.2017,2,45
49,paired,1,22000,0.7972999999999999,0.2027,3,47
49,paired,1,23000,0.7829999999999999,0.21699999999999997,2,48
49,paired,1,24000,0.7778999999999999,0.22209999999999996,4,48
49,paired,1,25000,0.7738,0.22619999999999996,4,48
49,paired,1,26000,0.7904,0.2096,3,48
49,paired,1,27000,0.7735999999999998,0.22640000000000005,3,47
49,paired,1,28000,0.7646,0.23540000000000005,4,48
49,paired,1,29000,0.7564,0.24360000000000004,4,47
49,paired,1,30000,0.7695,0.23049999999999993,4,48
49,paired,1,31000,0.7568999999999999,0.24309999999999998,4,45
49,paired,1,32000,0.7809999999999999,0.21899999999999997,3,48
49,paired,1,33000,0.7458,0.2542,4,47
49,paired,1,34000,0.7777999999999999,0.22219999999999995,3,49
49,paired,1,35000,0.7605999999999999,0.23940000000000006,3,48
49,paired,1,36000,0.7471999999999999,0.2528,4,48
49,paired,1,37000,0.7544,0.24560000000000004,4,47
49,paired,1,38000,0.7647999999999999,0.23519999999999996,3,47
49,paired,1,39000,0.7787999999999999,0.22120000000000006,2,48
49,paired,1,40000,0.7598999999999999,0.24009999999999998,3,47
49,paired,1,41000,0.7428999999999999,0.2571,5,49
49,paired,1,42000,0.7807,0.21930000000000005,4,48
49,paired,1,43000,0.7606999999999999,0.23930000000000007,4,48
49,paired,1,44000,0.7505999999999999,0.24939999999999996,3,48
49,paired,1,45000,0.7357,0.2643,5,49
49,paired,1,46000,0.734,0.266,4,49
49,paired,1,47000,0.7244999999999999,0.27549999999999997,4,47
49,paired,1,48000,0.7244999999999999,0.27549999999999997,5,49
49,paired,1,49000,0.7063999999999999,0.29359999999999997,5,48
49,paired,1,50000,0.7164999999999999,0.2835,5,47
49,paired,2,0,0.9795918367346937,0.9612,1,1
49,paired,2,1000,0.8969,0.10309999999999997,0,34
49,paired,2,2000,0.8871,0.1129,0,32
49,paired,2,3000,0.889,0.11099999999999999,0,29
49,paired,2,4000,0.8883999999999999,0.11160000000000003,0,31
49,paired,2,5000,0.8789,0.12109999999999999,0,33
49,paired,2,6000,0.8795999999999999,0.12040000000000006,0,39
49,paired,2,7000,0.8879999999999999,0.11199999999999999,0,33
49,paired,2,8000,0.8914,0.10860000000000003,0,31
49,paired,2,9000,0.8708,0.12919999999999998,0,37
49,paired,2,10000,0.8654999999999999,0.13450000000000006,0,46
49,paired,2,11000,0.8873,0.11270000000000002,0,38
49,paired,2,12000,0.843,0.15700000000000003,0,45
49,paired,2,13000,0.8511,0.14890000000000003,0,45
49,paired,2,14000,0.8346,0.1654,0,43
49,paired,2,15000,0.8467999999999999,0.1532,1,41
49,paired,2,16000,0.8186,0.1814,1,43
49,paired,2,17000,0.8089,0.19110000000000005,1,45
49,paired,2,18000,0.7856999999999998,0.21430000000000005,1,45
49,paired,2,19000,0.7884,0.2116,1,46
49,paired,2,20000,0.7747999999999999,0.22519999999999996,3,45
49,paired,2,21000,0.8286,0.1714,1,37
49,paired,2,22000,0.7726,0.22740000000000005,3,47
49,paired,2,23000,0.7764,0.22360000000000002,3,46
49,paired,2,24000,0.7658,0.23419999999999996,4,47
49,paired,2,25000,0.8702,0.12979999999999992,0,42
49,paired,2,26000,0.7563,0.24370000000000003,4,47
49,paired,2,27000,0.7890999999999999,0.21089999999999998,1,46
49,paired,2,28000,0.772,0.22799999999999998,3,47
49,paired,2,29000,0.7885,0.21150000000000002,3,48
49,paired,2,30000,0.7757,0.22429999999999994,4,47
49,paired,2,31000,0.7839,0.21609999999999996,3,47
49,paired,2,32000,0.7684,0.23160000000000003,3,48
49,paired,2,33000,0.778,0.22199999999999998,3,49
49,paired,2,34000,0.7766,0.22340000000000004,4,48
49,paired,2,35000,0.7727999999999999,0.22719999999999996,3,47
49,paired,2,36000,0.7844,0.2156,4,47
49,paired,2,37000,0.7621999999999999,0.2378,4,47
49,paired,2,38000,0.7722,0.2278,3,48
49,paired,2,39000,0.7681,0.2319,3,48
49,paired,2,40000,0.7677,0.23229999999999995,4,46
49,paired,2,41000,0.7809999999999999,0.21900000000000008,2,45
49,paired,2,42000,0.7557,0.24429999999999996,4,47
49,paired,2,43000,0.7508999999999999,0.2491,4,47
49,paired,2,44000,0.7741,0.2259,4,45
49,paired,2,45000,0.7822,0.2178,2,45
49,paired,2,46000,0.7382,0.26180000000000003,4,47
49,paired,2,47000,0.7292,0.27079999999999993,5,48
49,paired,2,48000,0.7504,0.24960000000000004,3,48
49,paired,2,49000,0.7222,0.27780000000000005,7,49
49,paired,2,50000,0.7313999999999999,0.26859999999999995,6,48
49,paired,3,0,0.9795918367346937,0.9659,1,1
49,paired,3,1000,0.8896999999999999,0.11029999999999995,0,32
49,paired,3,2000,0.8855,0.11450000000000005,0,29
49,paired,3,3000,0.8865999999999999,0.11339999999999995,0,28
49,paired,3,4000,0.8825,0.11749999999999994,0,33
49,paired,3,5000,0.8796999999999999,0.12029999999999996,0,35
49,paired,3,6000,0.8852,0.11480000000000001,0,37
49,paired,3,7000,0.8771,0.12290000000000001,0,40
49,paired,3,8000,0.8763999999999998,0.12360000000000004,0,35
49,paired,3,9000,0.8672,0.13280000000000003,0,43
49,paired,3,10000,0.8453999999999999,0.15459999999999996,0,49
49,paired,3,11000,0.8553,0.14470000000000005,0,45
49,paired,3,12000,0.8162,0.18379999999999996,1,48
49,paired,3,13000,0.8236999999999999,0.1763,0,43
49,paired,3,14000,0.8190999999999999,0.18090000000000006,0,48
49,paired,3,15000,0.7762,0.2238,2,47
49,paired,3,16000,0.8083999999999999,0.1916,2,46
49,paired,3,17000,0.7772999999999999,0.2227,3,48
49,paired,3,18000,0.8236,0.1764,0,47
49,paired,3,19000,0.7693999999999999,0.23060000000000003,4,46
49,paired,3,20000,0.7797000000000001,0.22029999999999994,3,48
49,paired,3,21000,0.7676999999999999,0.23229999999999995,4,48
49,paired,3,22000,0.7868999999999999,0.21310000000000007,2,49
49,paired,3,23000,0.7759,0.22409999999999997,3,48
49,paired,3,24000,0.7670999999999999,0.2329,3,48
49,paired,3,25000,0.8143,0.18569999999999998,1,48
49,paired,3,26000,0.7919,0.20809999999999995,2,48
49,paired,3,27000,0.7827999999999999,0.21720000000000006,3,46
49,paired,3,28000,0.792,0.20799999999999996,1,46
49,paired,3,29000,0.7619,0.23809999999999998,3,47
49,paired,3,30000,0.8127,0.18730000000000002,2,46
49,paired,3,31000,0.7749999999999999,0.22499999999999998,3,47
49,paired,3,32000,0.7945,0.20550000000000002,1,48
49,paired,3,33000,0.7658,0.23419999999999996,3,47
49,paired,3,34000,0.7872999999999999,0.2127,3,45
49,paired,3,35000,0.8012999999999999,0.1987,2,47
49,paired,3,36000,0.7888,0.21120000000000005,2,47
49,paired,3,37000,0.7839,0.21609999999999996,2,49
49,paired,3,38000,0.8029,0.19710000000000005,2,46
49,paired,3,39000,0.7932999999999999,0.2067,2,44
49,paired,3,40000,0.7492999999999999,0.25070000000000003,4,48
49,paired,3,41000,0.746,0.254,4,48
49,paired,3,42000,0.7502,0.24980000000000002,4,49
49,paired,3,43000,0.7479,0.2521,4,48
49,paired,3,44000,0.7277,0.2723,4,47
49,paired,3,45000,0.7278,0.2722,4,47
49,paired,3,46000,0.7143999999999999,0.2856000000000001,6,48
49,paired,3,47000,0.7098,0.2902,6,48
49,paired,3,48000,0.7023999999999999,0.2976,8,48
49,paired,3,49000,0.6953,0.30469999999999997,9,49
49,paired,3,50000,0.6804,0.3195999999999999,10,49
49,paired,4,0,0.9795918367346936,0.9436,1,1
49,paired,4,1000,0.8892,0.11080000000000001,0,31
49,paired,4,2000,0.8904999999999998,0.10950000000000004,0,29
49,paired,4,3000,0.8846,0.11539999999999995,0,34
49,paired,4,4000,0.8821999999999999,0.11780000000000002,0,36
49,paired,4,5000,0.8796999999999999,0.12029999999999996,0,36
49,paired,4,6000,0.8746999999999999,0.12529999999999997,0,40
49,paired,4,7000,0.8856999999999999,0.11429999999999996,0,39
49,paired,4,8000,0.8707,0.12929999999999997,0,38
49,paired,4,9000,0.8619999999999999,0.138,0,47
49,paired,4,10000,0.8533999999999999,0.14660000000000006,0,46
49,paired,4,11000,0.8607,0.13929999999999998,0,38
49,paired,4,12000,0.8215999999999999,0.1784,0,46
49,paired,4,13000,0.8311999999999999,0.16880000000000006,1,45
49,paired,4,14000,0.7985999999999999,0.20140000000000002,2,46
49,paired,4,15000,0.8688,0.13119999999999998,1,38
49,paired,4,16000,0.8113999999999999,0.1886,2,40
49,paired,4,17000,0.7990999999999999,0.20090000000000008,2,44
49,paired,4,18000,0.7839,0.21609999999999996,3,47
49,paired,4,19000,0.8019,0.19809999999999994,3,48
49,paired,4,20000,0.8180000000000001,0.18200000000000005,0,47
49,paired,4,21000,0.7977000000000001,0.20229999999999992,2,42
49,paired,4,22000,0.8594999999999999,0.14050000000000007,0,41
49,paired,4,23000,0.7767999999999999,0.22319999999999995,3,47
49,paired,4,24000,0.7873999999999999,0.2126,2,46
49,paired,4,25000,0.7782,0.2218,3,47
49,paired,4,26000,0.7754999999999999,0.22450000000000003,2,49
49,paired,4,27000,0.7842,0.2158,3,49
49,paired,4,28000,0.7703,0.22970000000000002,3,48
49,paired,4,29000,0.7707999999999999,0.22919999999999996,3,49
49,paired,4,30000,0.7704,0.22960000000000003,4,48
49,paired,4,31000,0.7544,0.24560000000000004,4,47
49,paired,4,32000,0.7523,0.24770000000000003,4,49
49,paired,4,33000,0.7586999999999999,0.24130000000000007,4,49
49,paired,4,34000,0.7591,0.2409,4,49
49,paired,4,35000,0.7450999999999999,0.2549,4,49
49,paired,4,36000,0.7459,0.2541,4,49
49,paired,4,37000,0.7343918367346938,0.26580000000000004,5,45
49,paired,4,38000,0.7456,0.25439999999999996,4,48
49,paired,4,39000,0.7249999999999999,0.275,4,48
49,paired,4,40000,0.7343999999999999,0.26560000000000006,4,49
49,paired,4,41000,0.7224999999999999,0.2775000000000001,4,48
49,paired,4,42000,0.7470999999999999,0.2529,4,48
49,paired,4,43000,0.7216836734693877,0.2794,5,46
49,paired,4,44000,0.7099836734693877,0.29179999999999995,4,47
49,paired,4,45000,0.7021836734693877,0.30069999999999997,5,48
49,paired,4,46000,0.7060918367346939,0.29479999999999995,4,49
49,paired,4,47000,0.6904836734693878,0.31279999999999997,7,47
49,paired,4,48000,0.6910836734693877,0.31190000000000007,6,49
49,paired,4,49000,0.6942836734693878,0.3083,7,47
49,paired,4,50000,0.6805836734693878,0.32399999999999995,9,49
