method,seed,step,mode_tv,covered_digits,observed_digits,confidence_covered_digits,confidence_accepted_fraction,confidence_augmented_tv,mean_confidence,digit_0_mass,digit_0_accepted_mass,digit_1_mass,digit_1_accepted_mass,digit_2_mass,digit_2_accepted_mass,digit_3_mass,digit_3_accepted_mass,digit_4_mass,digit_4_accepted_mass,digit_5_mass,digit_5_accepted_mass,digit_6_mass,digit_6_accepted_mass,digit_7_mass,digit_7_accepted_mass,digit_8_mass,digit_8_accepted_mass,digit_9_mass,digit_9_accepted_mass
vanilla,0,1000,0.29135,10,10,9,0.5043,0.5695166666666667,0.8259966969490051,0.0406,0.0152,0.0355,0.0096,0.1893,0.1008,0.2821,0.1745,0.0384,0.0149,0.1084,0.0564,0.042,0.0179,0.0721,0.0306,0.1009,0.0472,0.0907,0.0372
vanilla,0,2000,0.15405,10,10,10,0.6258,0.37845,0.8718957304954529,0.0668,0.0411,0.073,0.0419,0.1097,0.0678,0.1348,0.0843,0.0932,0.0624,0.0881,0.0534,0.0403,0.0237,0.0864,0.0558,0.1488,0.092,0.1589,0.1034
vanilla,0,3000,0.15550000000000003,10,10,10,0.6777,0.33175000000000004,0.8909381031990051,0.0716,0.0492,0.0721,0.048,0.1272,0.0894,0.1333,0.0905,0.0798,0.0524,0.0968,0.0679,0.0542,0.0344,0.0783,0.0522,0.1308,0.0851,0.1559,0.1086
vanilla,0,4000,0.13949999999999999,10,10,10,0.7111,0.29935,0.9028210639953613,0.0677,0.0497,0.0801,0.0571,0.1154,0.0821,0.1334,0.0954,0.0752,0.0522,0.0948,0.0695,0.0558,0.0372,0.0932,0.0667,0.1309,0.0916,0.1535,0.1096
vanilla,0,5000,0.12700000000000003,10,10,10,0.7268,0.27895000000000003,0.9063820242881775,0.0728,0.0554,0.08,0.0577,0.1157,0.0836,0.13,0.0977,0.0769,0.0554,0.0927,0.0673,0.0569,0.0396,0.0979,0.0718,0.1332,0.0934,0.1439,0.1049
vanilla,0,6000,0.13638333333333333,10,10,10,0.7411,0.27275000000000005,0.9123897552490234,0.0724,0.0569,0.0701,0.0521,0.109,0.0807,0.1284,0.0956,0.079,0.0585,0.1005,0.0758,0.0492,0.0331,0.1083,0.0837,0.1305,0.0917,0.1526,0.113
vanilla,0,7000,0.13573333333333334,10,10,10,0.7451,0.2744666666666667,0.9155750870704651,0.0806,0.0639,0.0668,0.0499,0.1078,0.077,0.1405,0.1058,0.0819,0.0628,0.0845,0.0654,0.0479,0.033,0.1161,0.0887,0.1209,0.0835,0.153,0.1151
vanilla,0,8000,0.11928333333333332,10,10,10,0.7605,0.25475000000000003,0.9186921715736389,0.0843,0.0674,0.0649,0.0501,0.1068,0.0805,0.1258,0.0908,0.0884,0.0702,0.0928,0.0715,0.0502,0.0341,0.1179,0.0952,0.121,0.0863,0.1479,0.1144
vanilla,0,9000,0.12446666666666667,10,10,10,0.7599,0.25815,0.9192193150520325,0.0789,0.0627,0.0619,0.0459,0.0988,0.0753,0.1321,0.096,0.0991,0.0782,0.0896,0.0698,0.0457,0.0326,0.125,0.0983,0.1188,0.0839,0.1501,0.1172
vanilla,0,10000,0.14228333333333334,10,10,10,0.7643,0.26005,0.9215047955513,0.08,0.0641,0.0628,0.0491,0.09,0.0667,0.1341,0.1009,0.0899,0.0729,0.0931,0.0723,0.0414,0.0278,0.1283,0.1032,0.1189,0.0838,0.1615,0.1235
vanilla,0,11000,0.13828333333333334,10,10,10,0.7737,0.2573333333333333,0.9229005575180054,0.082,0.0684,0.0593,0.0467,0.0878,0.0634,0.1301,0.0984,0.0965,0.0778,0.0907,0.0728,0.0425,0.0305,0.133,0.1067,0.1144,0.0811,0.1637,0.1279
vanilla,0,12000,0.14281666666666665,10,10,10,0.771,0.2674333333333333,0.923460066318512,0.0819,0.0681,0.0627,0.0474,0.0833,0.0595,0.1316,0.1004,0.0983,0.0794,0.092,0.0716,0.0383,0.0263,0.1345,0.1081,0.108,0.0763,0.1694,0.1339
vanilla,0,13000,0.14806666666666668,10,10,10,0.7821,0.2662333333333333,0.9262285232543945,0.0837,0.07,0.0602,0.0453,0.0859,0.0645,0.1259,0.0954,0.1013,0.0834,0.0853,0.067,0.0362,0.0258,0.138,0.1124,0.1086,0.0788,0.1749,0.1395
vanilla,0,14000,0.15006666666666665,10,10,10,0.7909,0.26493333333333324,0.9291845560073853,0.0828,0.0699,0.0634,0.0493,0.0813,0.0611,0.1249,0.094,0.1037,0.0844,0.0876,0.0712,0.0342,0.0245,0.1399,0.1173,0.1057,0.0771,0.1765,0.1421
vanilla,0,15000,0.17156666666666665,10,10,10,0.7982,0.27013333333333334,0.9309518337249756,0.081,0.0664,0.0586,0.0462,0.0757,0.0586,0.1275,0.0987,0.1043,0.0874,0.0822,0.0667,0.0303,0.0206,0.1473,0.1238,0.1108,0.0817,0.1823,0.1481
vanilla,0,16000,0.16976666666666662,10,10,10,0.7921,0.27293333333333336,0.9299653172492981,0.0782,0.0638,0.0564,0.0434,0.0764,0.0552,0.1249,0.096,0.1094,0.0943,0.0875,0.0703,0.0311,0.0202,0.1503,0.1253,0.1088,0.0803,0.177,0.1433
vanilla,0,17000,0.17736666666666667,10,10,10,0.7923,0.28293333333333326,0.9306706190109253,0.0771,0.0637,0.0567,0.0442,0.0741,0.0547,0.1261,0.097,0.1055,0.0891,0.0857,0.0691,0.0284,0.0185,0.1519,0.1256,0.1064,0.0772,0.1881,0.1532
vanilla,0,18000,0.18131666666666665,10,10,10,0.8018,0.28393333333333337,0.9335501790046692,0.0781,0.065,0.0552,0.0438,0.0691,0.0493,0.1214,0.0932,0.1092,0.0934,0.0917,0.0743,0.0253,0.0172,0.1551,0.1311,0.1034,0.0763,0.1915,0.1582
vanilla,0,19000,0.18916666666666665,10,10,10,0.7985,0.29583333333333334,0.9316291213035583,0.0746,0.0617,0.0583,0.0451,0.0691,0.0494,0.1161,0.0912,0.1132,0.0971,0.0852,0.069,0.023,0.0144,0.1622,0.1363,0.0993,0.0727,0.199,0.1616
vanilla,0,20000,0.19051666666666664,10,10,10,0.7973,0.3010333333333333,0.9329554438591003,0.0744,0.0619,0.0563,0.043,0.0622,0.0447,0.1129,0.0857,0.1112,0.0946,0.093,0.074,0.0256,0.0173,0.1626,0.1351,0.1001,0.0742,0.2017,0.1668
vanilla,0,21000,0.1965666666666667,10,10,10,0.801,0.3093333333333333,0.9336084127426147,0.0736,0.0613,0.0566,0.0428,0.0574,0.0415,0.1126,0.0866,0.1081,0.0909,0.0899,0.0723,0.0253,0.0176,0.1715,0.1463,0.1001,0.0741,0.2049,0.1676
vanilla,0,22000,0.20076666666666665,10,10,10,0.8097,0.31133333333333335,0.9356236457824707,0.0706,0.0592,0.0619,0.0494,0.0625,0.0442,0.1063,0.083,0.1062,0.0914,0.0822,0.0669,0.0214,0.0141,0.1712,0.147,0.1028,0.0769,0.2149,0.1776
vanilla,0,23000,0.20406666666666665,10,10,10,0.8003,0.3188333333333333,0.9334378838539124,0.0668,0.0568,0.0588,0.0453,0.0573,0.0389,0.1114,0.0869,0.1094,0.0922,0.0881,0.0719,0.0243,0.0153,0.1765,0.1514,0.0996,0.0703,0.2078,0.1713
vanilla,0,24000,0.20908333333333334,10,10,10,0.8095,0.3152333333333333,0.9366626739501953,0.0617,0.0508,0.0645,0.053,0.0569,0.0386,0.1113,0.0882,0.1108,0.0959,0.0876,0.0712,0.022,0.0144,0.1766,0.1525,0.0951,0.0691,0.2135,0.1758
vanilla,0,25000,0.20946666666666666,10,10,10,0.8094,0.3211333333333333,0.9365849494934082,0.0615,0.0513,0.061,0.0485,0.0558,0.0381,0.1068,0.082,0.1119,0.0945,0.0895,0.072,0.0221,0.0151,0.1731,0.1501,0.1001,0.0738,0.2182,0.184
vanilla,0,26000,0.22118333333333334,10,10,10,0.8104,0.32516666666666666,0.9367611408233643,0.0589,0.0493,0.0657,0.0531,0.0503,0.0341,0.1098,0.0848,0.1155,0.0988,0.0873,0.0706,0.022,0.0146,0.1785,0.1543,0.0915,0.0674,0.2205,0.1834
vanilla,0,27000,0.22318333333333332,10,10,10,0.8195,0.32553333333333334,0.938927412033081,0.0549,0.0461,0.0672,0.0548,0.0514,0.0358,0.109,0.0872,0.114,0.0943,0.0869,0.0725,0.0191,0.012,0.1818,0.1598,0.0942,0.0682,0.2215,0.1888
vanilla,0,28000,0.22758333333333333,10,10,10,0.8162,0.3319333333333333,0.938927948474884,0.0537,0.0432,0.0724,0.0593,0.0477,0.0329,0.1035,0.082,0.1128,0.0969,0.081,0.0665,0.0179,0.0123,0.1825,0.1587,0.0966,0.0714,0.2319,0.193
vanilla,0,29000,0.24858333333333332,10,10,9,0.8163,0.3427666666666666,0.9377191662788391,0.0498,0.0409,0.0716,0.059,0.0446,0.0292,0.1117,0.0868,0.1153,0.1004,0.0755,0.0623,0.0148,0.0094,0.1869,0.1599,0.092,0.0687,0.2378,0.1997
vanilla,0,30000,0.24628333333333333,10,10,9,0.8204,0.3446666666666667,0.9388099312782288,0.0471,0.0374,0.0745,0.0609,0.0479,0.0311,0.1086,0.0858,0.1199,0.1033,0.0781,0.0642,0.0149,0.0089,0.1861,0.1632,0.0881,0.0661,0.2348,0.1995
vanilla,0,31000,0.2485833333333333,10,10,9,0.8209,0.3494666666666667,0.9390191435813904,0.0446,0.0358,0.0792,0.0653,0.043,0.0282,0.108,0.0849,0.1196,0.1035,0.0745,0.0584,0.013,0.008,0.1947,0.1689,0.094,0.069,0.2294,0.1989
vanilla,0,32000,0.2518666666666667,10,10,9,0.8261,0.3503666666666667,0.9413366913795471,0.0443,0.0365,0.0806,0.0675,0.0435,0.0291,0.1019,0.0822,0.1186,0.1026,0.0727,0.0587,0.0137,0.0078,0.1939,0.17,0.0905,0.0669,0.2403,0.2048
vanilla,0,33000,0.25006666666666666,10,10,9,0.8209,0.3525666666666667,0.939625084400177,0.0427,0.0335,0.0857,0.0702,0.0429,0.0281,0.1,0.0816,0.1161,0.0991,0.0711,0.056,0.0128,0.0077,0.1929,0.167,0.0938,0.0694,0.242,0.2083
vanilla,0,34000,0.25716666666666665,10,10,9,0.8228,0.3561666666666667,0.9412865042686462,0.0374,0.0293,0.0909,0.0758,0.0405,0.027,0.1029,0.0801,0.1173,0.1017,0.0625,0.0506,0.0109,0.0069,0.1892,0.1626,0.0982,0.0732,0.2502,0.2156
vanilla,0,35000,0.25906666666666667,10,10,9,0.8222,0.35956666666666665,0.9403666853904724,0.0334,0.025,0.0971,0.081,0.0368,0.0246,0.1002,0.0803,0.1184,0.1006,0.0698,0.0557,0.0111,0.0061,0.1959,0.1724,0.0916,0.0668,0.2457,0.2097
vanilla,0,36000,0.2648666666666667,10,10,9,0.8288,0.35836666666666667,0.9428296685218811,0.0317,0.0254,0.097,0.0822,0.038,0.0241,0.0992,0.0803,0.1173,0.1006,0.0676,0.0552,0.0104,0.0069,0.1986,0.1735,0.0903,0.0666,0.2499,0.214
vanilla,0,37000,0.2678666666666667,10,10,9,0.8292,0.36316666666666664,0.9434025287628174,0.0315,0.025,0.1018,0.0866,0.0335,0.0213,0.0982,0.0782,0.1129,0.0976,0.0687,0.0548,0.01,0.0061,0.2006,0.1756,0.0875,0.0639,0.2553,0.2201
vanilla,0,38000,0.27266666666666667,9,10,9,0.8336,0.3631666666666667,0.9448654055595398,0.0292,0.0229,0.1024,0.0879,0.0336,0.022,0.099,0.0796,0.1171,0.1009,0.0586,0.0472,0.0088,0.0054,0.2011,0.1755,0.0948,0.0709,0.2554,0.2213
vanilla,0,39000,0.2748666666666667,10,10,9,0.8335,0.36356666666666665,0.9436755776405334,0.0264,0.0204,0.1096,0.0946,0.0336,0.0221,0.0926,0.0745,0.1171,0.1015,0.061,0.0499,0.0101,0.0066,0.1953,0.1701,0.0909,0.0674,0.2634,0.2264
vanilla,0,40000,0.2782,9,10,9,0.8352,0.36576666666666663,0.9450089931488037,0.0254,0.0185,0.1159,0.0999,0.0313,0.0197,0.0929,0.0735,0.1157,0.0998,0.0628,0.0508,0.0078,0.004,0.2023,0.1772,0.0883,0.0669,0.2576,0.2249
vanilla,0,41000,0.286,9,10,9,0.8401,0.3660666666666667,0.9465408325195312,0.0234,0.0183,0.1166,0.1021,0.0316,0.0208,0.0899,0.0709,0.1185,0.1061,0.0647,0.0537,0.0073,0.0042,0.2077,0.183,0.0838,0.063,0.2565,0.218
vanilla,0,42000,0.29479999999999995,9,10,9,0.8374,0.3728666666666666,0.9458084106445312,0.022,0.0171,0.1178,0.1044,0.0333,0.0202,0.09,0.0692,0.1211,0.1068,0.0615,0.0512,0.0069,0.004,0.2119,0.186,0.0782,0.0601,0.2573,0.2184
vanilla,0,43000,0.3071,9,10,9,0.8416,0.37609999999999993,0.9457796812057495,0.0205,0.0156,0.1274,0.1124,0.0295,0.0182,0.0859,0.0658,0.1226,0.1067,0.0559,0.046,0.0065,0.0031,0.2069,0.1835,0.0813,0.0619,0.2635,0.2284
vanilla,0,44000,0.31199999999999994,9,10,9,0.8388,0.3839,0.9461156129837036,0.0189,0.0143,0.1341,0.1166,0.0283,0.0177,0.0854,0.0651,0.1219,0.1068,0.0566,0.0441,0.0063,0.0035,0.2045,0.181,0.0792,0.0581,0.2648,0.2316
vanilla,0,45000,0.315,9,10,9,0.8454,0.38300000000000006,0.9476441144943237,0.0185,0.0139,0.134,0.119,0.0267,0.0172,0.0854,0.0666,0.1252,0.1101,0.0547,0.0429,0.0067,0.0037,0.2037,0.1811,0.0797,0.0594,0.2654,0.2315
vanilla,0,46000,0.3282,9,10,9,0.8461,0.39499999999999996,0.9479371309280396,0.0161,0.0114,0.1483,0.1303,0.0277,0.0165,0.0809,0.0622,0.1181,0.1027,0.0469,0.0391,0.0062,0.0035,0.2114,0.1886,0.0807,0.059,0.2637,0.2328
vanilla,0,47000,0.33899999999999997,9,10,8,0.8469,0.399,0.9484496116638184,0.0146,0.0099,0.1482,0.1312,0.0262,0.0161,0.0796,0.0632,0.1208,0.1051,0.0485,0.0411,0.0059,0.0027,0.2117,0.1859,0.0729,0.0547,0.2716,0.237
vanilla,0,48000,0.34099999999999997,9,10,8,0.8536,0.40169999999999995,0.9503415822982788,0.0134,0.0096,0.1496,0.1344,0.0251,0.0159,0.0781,0.0616,0.123,0.1091,0.0494,0.0398,0.0053,0.0032,0.214,0.1907,0.0744,0.0549,0.2677,0.2344
vanilla,0,49000,0.3449,9,10,8,0.8537,0.4073,0.9512909054756165,0.0133,0.0091,0.1513,0.137,0.0252,0.0145,0.0741,0.0578,0.1259,0.1112,0.0445,0.036,0.0048,0.0027,0.2068,0.186,0.0799,0.0593,0.2742,0.2401
vanilla,0,50000,0.35400000000000004,9,10,8,0.8546,0.41259999999999997,0.9510548710823059,0.0134,0.0092,0.1545,0.1388,0.0244,0.0144,0.0723,0.0571,0.1232,0.1092,0.0458,0.0363,0.0041,0.002,0.2151,0.192,0.0727,0.0551,0.2745,0.2405
vanilla,1,1000,0.29106666666666664,10,10,9,0.4942,0.5991166666666667,0.8188158273696899,0.0584,0.0221,0.0329,0.0078,0.1572,0.0831,0.3048,0.1955,0.0549,0.0237,0.0728,0.0289,0.0274,0.0103,0.0666,0.026,0.0953,0.0361,0.1297,0.0607
vanilla,1,2000,0.17325000000000002,10,10,10,0.6247,0.37529999999999997,0.8713504076004028,0.0944,0.0641,0.0532,0.0296,0.133,0.0865,0.1416,0.093,0.0731,0.0436,0.0819,0.0474,0.0402,0.0228,0.0858,0.055,0.1391,0.0848,0.1577,0.0979
vanilla,1,3000,0.1605,10,10,10,0.6814,0.33038333333333336,0.8918246030807495,0.0936,0.0675,0.0551,0.0334,0.13,0.0919,0.1206,0.0813,0.0644,0.0396,0.0948,0.0678,0.056,0.0354,0.0819,0.0572,0.1601,0.1093,0.1435,0.098
vanilla,1,4000,0.1437,10,10,10,0.7123,0.2915833333333333,0.9026879668235779,0.0931,0.0697,0.0574,0.039,0.1208,0.0852,0.1288,0.0927,0.0604,0.0409,0.0994,0.0712,0.0657,0.0455,0.0912,0.0683,0.1427,0.1014,0.1405,0.0984
vanilla,1,5000,0.11980000000000002,10,10,10,0.7198,0.28408333333333335,0.9060892462730408,0.092,0.0712,0.0608,0.0414,0.1149,0.0831,0.1222,0.09,0.0738,0.0533,0.0918,0.0677,0.0668,0.0476,0.0983,0.0719,0.1441,0.1014,0.1353,0.0922
vanilla,1,6000,0.1189,10,10,10,0.7379,0.26795,0.9120408296585083,0.0937,0.073,0.0568,0.0391,0.1117,0.082,0.1236,0.0918,0.0781,0.0577,0.0935,0.0707,0.0615,0.0435,0.1025,0.0776,0.1337,0.0975,0.1449,0.105
vanilla,1,7000,0.12336666666666668,10,10,10,0.7483,0.26025,0.9143640398979187,0.0995,0.0794,0.0543,0.039,0.1129,0.0826,0.1267,0.0961,0.0788,0.0584,0.0948,0.0735,0.0519,0.0349,0.1157,0.0908,0.1234,0.0859,0.142,0.1077
vanilla,1,8000,0.11966666666666667,10,10,10,0.754,0.25645,0.9176002740859985,0.1013,0.0822,0.0556,0.0398,0.0995,0.0701,0.1318,0.0993,0.0788,0.0589,0.0982,0.0785,0.0543,0.0394,0.1148,0.0924,0.119,0.0838,0.1467,0.1096
vanilla,1,9000,0.11921666666666667,10,10,10,0.7679,0.24475,0.9204332232475281,0.1015,0.0848,0.0519,0.0376,0.1005,0.0732,0.1279,0.0975,0.0862,0.068,0.0892,0.0728,0.0522,0.0371,0.116,0.0942,0.1271,0.0909,0.1475,0.1118
vanilla,1,10000,0.12446666666666667,10,10,10,0.7604,0.25325,0.9202632904052734,0.109,0.0906,0.0504,0.0367,0.0952,0.0692,0.1238,0.0932,0.0878,0.0687,0.0945,0.0729,0.0498,0.035,0.1176,0.0939,0.125,0.0874,0.1469,0.1128
vanilla,1,11000,0.13581666666666667,10,10,10,0.7709,0.2503333333333333,0.9221630096435547,0.1073,0.0917,0.0505,0.037,0.0958,0.0691,0.1239,0.0953,0.0799,0.0607,0.0903,0.0727,0.0457,0.0322,0.1306,0.1076,0.1243,0.0874,0.1517,0.1172
vanilla,1,12000,0.13366666666666666,10,10,10,0.7786,0.24703333333333338,0.9254027605056763,0.1024,0.0867,0.0483,0.0356,0.0969,0.0702,0.1306,0.1016,0.0861,0.0683,0.0963,0.0776,0.0427,0.0289,0.1329,0.109,0.1118,0.0805,0.152,0.1202
vanilla,1,13000,0.13826666666666665,10,10,10,0.7722,0.2633333333333333,0.9226799607276917,0.1008,0.0823,0.051,0.035,0.0935,0.0673,0.1323,0.1007,0.0848,0.0697,0.0973,0.075,0.0401,0.0285,0.1389,0.1135,0.104,0.0746,0.1573,0.1256
vanilla,1,14000,0.13913333333333333,10,10,10,0.7741,0.26444999999999996,0.9231743216514587,0.0983,0.081,0.0498,0.0358,0.0872,0.0643,0.132,0.1025,0.0951,0.0745,0.0874,0.0684,0.0398,0.0285,0.1393,0.1135,0.106,0.0773,0.1651,0.1283
vanilla,1,15000,0.14823333333333333,10,10,10,0.7754,0.27255,0.9239712953567505,0.0981,0.0822,0.0479,0.0343,0.0827,0.0583,0.1354,0.1039,0.0919,0.0738,0.0873,0.068,0.0406,0.0274,0.1406,0.1167,0.1076,0.0777,0.1679,0.1331
vanilla,1,16000,0.15368333333333334,10,10,10,0.7828,0.27135,0.9272890686988831,0.0942,0.0803,0.0464,0.0332,0.0812,0.0585,0.1341,0.1049,0.0923,0.0729,0.0906,0.0713,0.0386,0.0272,0.1454,0.1218,0.1095,0.0795,0.1677,0.1332
vanilla,1,17000,0.15758333333333333,10,10,10,0.7881,0.27845,0.929985761642456,0.0964,0.0804,0.0455,0.0329,0.0756,0.0535,0.1343,0.1079,0.0941,0.0747,0.0926,0.0761,0.0372,0.0253,0.1534,0.1276,0.1015,0.0729,0.1694,0.1368
vanilla,1,18000,0.16411666666666666,10,10,10,0.788,0.27993333333333337,0.9284247159957886,0.103,0.0849,0.0451,0.0322,0.0734,0.0518,0.1297,0.1001,0.0919,0.0733,0.0902,0.0751,0.0333,0.0235,0.1486,0.1274,0.1056,0.0756,0.1792,0.1441
vanilla,1,19000,0.16056666666666666,10,10,10,0.7921,0.27705,0.9300236105918884,0.0995,0.0846,0.0464,0.0324,0.0737,0.0523,0.1311,0.1056,0.0964,0.079,0.0949,0.0787,0.0306,0.0201,0.1537,0.1294,0.0977,0.0701,0.176,0.1399
vanilla,1,20000,0.17283333333333334,10,10,10,0.7943,0.28635,0.931221067905426,0.097,0.0823,0.0476,0.0345,0.0677,0.0491,0.1325,0.1033,0.0943,0.0767,0.087,0.0697,0.0303,0.0205,0.1607,0.1361,0.1012,0.0751,0.1817,0.147
vanilla,1,21000,0.1687833333333333,10,10,10,0.8018,0.28243333333333337,0.9338387846946716,0.0956,0.0833,0.0467,0.0343,0.0712,0.0511,0.1239,0.0962,0.0948,0.077,0.0925,0.0763,0.0293,0.0203,0.1561,0.1342,0.1025,0.0755,0.1874,0.1536
vanilla,1,22000,0.17526666666666665,10,10,10,0.7974,0.28755,0.9319918155670166,0.0932,0.0792,0.047,0.0345,0.0686,0.049,0.1324,0.1039,0.0994,0.0811,0.0879,0.0709,0.0274,0.0184,0.1633,0.139,0.0992,0.0736,0.1816,0.1478
vanilla,1,23000,0.17846666666666663,10,10,10,0.7954,0.2887333333333333,0.9320947527885437,0.094,0.0795,0.0467,0.0333,0.0665,0.0453,0.1251,0.0997,0.0994,0.0815,0.0888,0.0716,0.0249,0.0175,0.1623,0.1357,0.1047,0.0793,0.1876,0.152
vanilla,1,24000,0.18646666666666667,10,10,10,0.8016,0.29323333333333335,0.9323779344558716,0.0886,0.0751,0.0471,0.0348,0.0667,0.0457,0.1269,0.1003,0.0976,0.0811,0.0858,0.0709,0.0247,0.0162,0.1684,0.1434,0.1054,0.0791,0.1888,0.155
vanilla,1,25000,0.1895666666666667,10,10,10,0.8003,0.29403333333333337,0.9340561628341675,0.0897,0.0765,0.0511,0.039,0.0629,0.0435,0.1212,0.0964,0.1031,0.085,0.0829,0.0665,0.0232,0.0158,0.16,0.1339,0.1071,0.0797,0.1988,0.164
vanilla,1,26000,0.19826666666666667,10,10,10,0.8066,0.29915,0.9344967007637024,0.0861,0.072,0.0499,0.037,0.0571,0.0389,0.1274,0.1022,0.1013,0.0852,0.0857,0.0708,0.0223,0.0143,0.1706,0.1462,0.1041,0.0769,0.1955,0.1631
vanilla,1,27000,0.19905,10,10,10,0.8078,0.3088333333333334,0.9351853728294373,0.0872,0.0739,0.0506,0.0385,0.0589,0.0394,0.1278,0.1015,0.0961,0.0787,0.0838,0.0693,0.0211,0.0132,0.1764,0.154,0.0975,0.0731,0.2006,0.1662
vanilla,1,28000,0.20033333333333334,10,10,10,0.8051,0.31123333333333336,0.9355419874191284,0.088,0.0733,0.0535,0.0401,0.0552,0.037,0.1242,0.1006,0.0929,0.0768,0.0866,0.0699,0.0202,0.0132,0.1748,0.1517,0.0994,0.0743,0.2052,0.1682
vanilla,1,29000,0.20556666666666668,10,10,10,0.804,0.30643333333333334,0.934744119644165,0.0838,0.0704,0.0573,0.045,0.0553,0.0373,0.1262,0.1009,0.1012,0.0837,0.08,0.0638,0.0174,0.011,0.1746,0.1498,0.1039,0.0779,0.2003,0.1642
vanilla,1,30000,0.2144333333333333,10,10,10,0.8114,0.31095,0.9368361234664917,0.0829,0.0699,0.0581,0.0448,0.0495,0.0332,0.1266,0.103,0.0971,0.0814,0.0779,0.0635,0.0168,0.0109,0.183,0.1575,0.1046,0.0796,0.2035,0.1676
vanilla,1,31000,0.21793333333333334,10,10,10,0.8141,0.3197333333333333,0.9378815293312073,0.0768,0.0666,0.0574,0.0435,0.0495,0.0341,0.1222,0.098,0.096,0.0809,0.0805,0.0641,0.0186,0.0118,0.1825,0.16,0.1029,0.0777,0.2136,0.1774
vanilla,1,32000,0.22323333333333334,10,10,10,0.8169,0.3216333333333333,0.9375168085098267,0.077,0.0648,0.0588,0.0467,0.0492,0.0326,0.1212,0.0975,0.0958,0.0817,0.0769,0.0605,0.0158,0.0107,0.1839,0.1606,0.106,0.0803,0.2154,0.1815
vanilla,1,33000,0.22713333333333333,10,10,9,0.8145,0.3207333333333333,0.9381178021430969,0.0746,0.0648,0.058,0.0447,0.0503,0.0332,0.1232,0.0966,0.0969,0.0806,0.0755,0.0616,0.0143,0.0088,0.1839,0.1611,0.1106,0.0854,0.2127,0.1777
vanilla,1,34000,0.22846666666666662,10,10,9,0.8159,0.32193333333333335,0.93839430809021,0.0762,0.0652,0.0613,0.047,0.0438,0.0308,0.1178,0.0941,0.1025,0.0869,0.0741,0.0597,0.0155,0.0089,0.1848,0.1602,0.1084,0.0819,0.2156,0.1812
vanilla,1,35000,0.23513333333333333,10,10,9,0.8197,0.32643333333333335,0.9394540786743164,0.0698,0.0585,0.0614,0.0484,0.0416,0.0286,0.1267,0.1008,0.0972,0.0822,0.0777,0.0629,0.0139,0.0091,0.1877,0.1654,0.1047,0.0795,0.2193,0.1843
vanilla,1,36000,0.23606666666666667,10,10,9,0.8234,0.32933333333333337,0.9406492114067078,0.0685,0.0561,0.0659,0.0523,0.0397,0.0264,0.1231,0.0993,0.0997,0.0846,0.0736,0.059,0.0156,0.0095,0.1887,0.1665,0.103,0.0799,0.2222,0.1898
vanilla,1,37000,0.24396666666666664,10,10,9,0.8289,0.3298333333333333,0.9416167140007019,0.0667,0.0558,0.0679,0.0569,0.0377,0.0252,0.1215,0.0981,0.1014,0.0859,0.0704,0.0569,0.0127,0.0085,0.1892,0.1655,0.1032,0.0793,0.2293,0.1968
vanilla,1,38000,0.23933333333333331,10,10,9,0.827,0.33433333333333337,0.9421489238739014,0.0647,0.0543,0.0705,0.0563,0.0382,0.0251,0.122,0.0978,0.0962,0.083,0.0752,0.0598,0.0126,0.008,0.1932,0.1686,0.1005,0.0778,0.2269,0.1963
vanilla,1,39000,0.2447666666666667,10,10,9,0.8254,0.33563333333333334,0.9403015375137329,0.0603,0.0489,0.0712,0.0573,0.0364,0.023,0.1249,0.1014,0.102,0.0865,0.075,0.0595,0.0117,0.0073,0.1907,0.167,0.0982,0.0769,0.2296,0.1976
vanilla,1,40000,0.2495666666666667,10,10,9,0.8243,0.3428333333333333,0.940527617931366,0.0571,0.0481,0.0705,0.0584,0.0377,0.0223,0.1242,0.1012,0.0975,0.0836,0.0728,0.057,0.0117,0.0072,0.1942,0.1713,0.1026,0.0758,0.2317,0.1994
vanilla,1,41000,0.2513666666666666,10,10,9,0.8279,0.3387333333333334,0.9418816566467285,0.0567,0.0468,0.0781,0.0641,0.0345,0.0233,0.1231,0.1019,0.1014,0.0857,0.068,0.0547,0.0107,0.0057,0.196,0.1732,0.1001,0.0755,0.2314,0.197
vanilla,1,42000,0.25416666666666665,9,10,9,0.8267,0.3460333333333333,0.9422093629837036,0.0534,0.045,0.0767,0.0632,0.0355,0.0216,0.1213,0.1003,0.1009,0.0847,0.0697,0.0545,0.0099,0.0059,0.1973,0.1739,0.0989,0.0752,0.2364,0.2024
vanilla,1,43000,0.24828333333333333,10,10,9,0.8264,0.3433333333333333,0.9421120882034302,0.055,0.0454,0.0835,0.0673,0.0349,0.021,0.1189,0.098,0.103,0.0848,0.0676,0.0543,0.0104,0.0071,0.1938,0.1702,0.0972,0.0752,0.2357,0.2031
vanilla,1,44000,0.2577833333333333,10,10,9,0.8303,0.3493333333333333,0.9429346919059753,0.0516,0.0425,0.0821,0.0687,0.0345,0.0214,0.1206,0.0973,0.1013,0.0847,0.0663,0.053,0.0104,0.0068,0.1985,0.1744,0.0942,0.0727,0.2405,0.2088
vanilla,1,45000,0.25898333333333334,9,10,9,0.8331,0.3480333333333333,0.9431874752044678,0.0524,0.0437,0.0869,0.0719,0.034,0.0193,0.1145,0.0933,0.1055,0.091,0.0629,0.0501,0.0095,0.0064,0.1961,0.1727,0.0922,0.0727,0.246,0.212
vanilla,1,46000,0.2621833333333333,9,10,9,0.8368,0.3484333333333333,0.9451203942298889,0.0466,0.0382,0.089,0.0776,0.0314,0.0192,0.1163,0.0959,0.1013,0.0877,0.0628,0.05,0.0096,0.0061,0.1928,0.1705,0.0953,0.0733,0.2549,0.2183
vanilla,1,47000,0.2657833333333333,9,10,9,0.8363,0.3492333333333333,0.9446816444396973,0.0439,0.0371,0.0932,0.0802,0.0316,0.019,0.1162,0.0967,0.1018,0.0886,0.0597,0.0479,0.0093,0.0058,0.2021,0.1771,0.0934,0.0719,0.2488,0.212
vanilla,1,48000,0.26918333333333333,9,10,9,0.8348,0.36043333333333333,0.9443547129631042,0.0429,0.0348,0.0948,0.082,0.0304,0.019,0.1115,0.0919,0.1033,0.0884,0.0573,0.0446,0.0088,0.0055,0.2026,0.1803,0.0935,0.0698,0.2549,0.2185
vanilla,1,49000,0.2735833333333333,9,10,9,0.8362,0.3642333333333333,0.9448826909065247,0.0411,0.0326,0.0975,0.0829,0.0294,0.0169,0.1134,0.0926,0.1041,0.0892,0.0556,0.043,0.0074,0.0048,0.2033,0.1819,0.0923,0.0702,0.2559,0.2221
vanilla,1,50000,0.2772833333333333,9,10,9,0.8384,0.3627333333333333,0.9449647665023804,0.0389,0.0326,0.1056,0.0931,0.0282,0.0156,0.1118,0.089,0.1049,0.0907,0.0522,0.0424,0.0066,0.0032,0.2011,0.1795,0.0881,0.0671,0.2626,0.2252
vanilla,2,1000,0.27001666666666674,10,10,10,0.5196,0.5658166666666666,0.8301700353622437,0.0647,0.0304,0.0449,0.0117,0.1864,0.107,0.2851,0.1799,0.0547,0.0279,0.0902,0.0426,0.028,0.0115,0.0781,0.0337,0.0809,0.0381,0.087,0.0368
vanilla,2,2000,0.1724,10,10,10,0.627,0.38075000000000003,0.8706265687942505,0.0766,0.0503,0.0569,0.0316,0.1189,0.0768,0.1534,0.0998,0.0758,0.0488,0.1074,0.0659,0.0483,0.0274,0.0815,0.0524,0.1123,0.0671,0.1689,0.1069
vanilla,2,3000,0.14770000000000003,10,10,10,0.6833,0.32265,0.8931002020835876,0.0846,0.0646,0.0659,0.0448,0.1132,0.0778,0.1197,0.0802,0.0696,0.0451,0.1161,0.0811,0.0562,0.0359,0.0875,0.0582,0.1366,0.0905,0.1506,0.1051
vanilla,2,4000,0.1468,10,10,10,0.7151,0.2907333333333334,0.9021811485290527,0.0783,0.058,0.0609,0.0427,0.1204,0.0868,0.129,0.0912,0.0718,0.0499,0.0995,0.0721,0.0643,0.0453,0.0894,0.0666,0.1395,0.0988,0.1469,0.1037
vanilla,2,5000,0.11900000000000002,10,10,10,0.7262,0.27995000000000003,0.9082470536231995,0.0862,0.0674,0.0759,0.0566,0.1163,0.0852,0.1237,0.0907,0.0774,0.0576,0.1024,0.0748,0.0584,0.0408,0.0946,0.0658,0.1218,0.082,0.1433,0.1053
vanilla,2,6000,0.11080000000000001,10,10,10,0.73,0.2784500000000001,0.9093136787414551,0.0872,0.0694,0.0761,0.058,0.1067,0.079,0.1217,0.0882,0.0787,0.0565,0.1043,0.075,0.0602,0.0421,0.0985,0.0715,0.1196,0.0827,0.147,0.1076
vanilla,2,7000,0.10199999999999998,10,10,10,0.7487,0.26444999999999996,0.9152770638465881,0.0933,0.0758,0.0782,0.0588,0.1022,0.0737,0.1291,0.0947,0.0821,0.0606,0.0925,0.0683,0.0535,0.0381,0.1024,0.0789,0.1207,0.0875,0.146,0.1123
vanilla,2,8000,0.10668333333333332,10,10,10,0.7549,0.25595,0.917123019695282,0.0979,0.078,0.0765,0.0589,0.097,0.0716,0.1296,0.0959,0.08,0.0606,0.1002,0.0749,0.0483,0.033,0.1109,0.0875,0.115,0.0845,0.1446,0.11
vanilla,2,9000,0.1197833333333333,10,10,10,0.7666,0.25805,0.9214093685150146,0.0971,0.0795,0.0713,0.0546,0.0897,0.0665,0.1326,0.1008,0.0832,0.0649,0.0924,0.07,0.0453,0.0313,0.1113,0.0878,0.12,0.0874,0.1571,0.1238
vanilla,2,10000,0.11928333333333332,10,10,10,0.7639,0.25725,0.9200798869132996,0.0932,0.075,0.077,0.0597,0.0869,0.0632,0.1273,0.0961,0.0836,0.0661,0.0965,0.0748,0.0464,0.0313,0.1197,0.097,0.1113,0.0804,0.1581,0.1203
vanilla,2,11000,0.1220833333333333,10,10,10,0.7713,0.25745000000000007,0.9227588176727295,0.0978,0.0793,0.0732,0.0566,0.0888,0.0653,0.1362,0.1021,0.0834,0.0676,0.0929,0.072,0.0411,0.0277,0.12,0.0967,0.1057,0.0761,0.1609,0.1279
vanilla,2,12000,0.13808333333333334,10,10,10,0.7763,0.26166666666666666,0.9238734245300293,0.0852,0.0695,0.0714,0.0557,0.0856,0.064,0.135,0.1073,0.0877,0.0701,0.0977,0.0758,0.0384,0.028,0.1226,0.0982,0.1067,0.0757,0.1697,0.132
vanilla,2,13000,0.13863333333333333,10,10,10,0.7839,0.26034999999999997,0.9259783029556274,0.088,0.0709,0.0741,0.0597,0.0787,0.0579,0.1326,0.101,0.0914,0.0759,0.0892,0.0703,0.0367,0.0256,0.1283,0.1037,0.1041,0.0755,0.1769,0.1434
vanilla,2,14000,0.14128333333333332,10,10,10,0.7748,0.26316666666666666,0.9248877167701721,0.0835,0.0688,0.0723,0.0588,0.081,0.0593,0.1326,0.1027,0.0915,0.0736,0.0969,0.076,0.0368,0.0241,0.1273,0.102,0.1061,0.0729,0.172,0.1366
vanilla,2,15000,0.14076666666666665,10,10,10,0.7791,0.26393333333333335,0.925715446472168,0.0882,0.0716,0.0748,0.0606,0.0735,0.0536,0.1291,0.0998,0.0982,0.0788,0.0866,0.0662,0.0355,0.0251,0.1307,0.1064,0.1065,0.0768,0.1769,0.1402
vanilla,2,16000,0.15376666666666666,10,10,10,0.7878,0.26935000000000003,0.929756224155426,0.0798,0.0661,0.0764,0.0597,0.0709,0.0523,0.1348,0.1065,0.1004,0.0827,0.089,0.0685,0.0295,0.0212,0.1311,0.1088,0.1057,0.0744,0.1824,0.1476
vanilla,2,17000,0.15333333333333335,10,10,10,0.7826,0.27705,0.9276627898216248,0.0769,0.0612,0.0778,0.0621,0.0723,0.0516,0.133,0.1054,0.0963,0.0802,0.0896,0.0681,0.0305,0.0198,0.1346,0.1124,0.1018,0.0742,0.1872,0.1476
vanilla,2,18000,0.15503333333333333,10,10,10,0.79,0.27464999999999995,0.929482638835907,0.0757,0.061,0.0806,0.0631,0.0681,0.0488,0.1306,0.1045,0.1022,0.0844,0.0911,0.0719,0.0305,0.0204,0.1406,0.1161,0.0966,0.07,0.184,0.1498
vanilla,2,19000,0.16123333333333334,10,10,10,0.7936,0.27183333333333337,0.9297112226486206,0.0766,0.0627,0.0828,0.0656,0.0681,0.0487,0.1247,0.0997,0.1031,0.0865,0.0959,0.0765,0.0246,0.0172,0.1446,0.1195,0.0932,0.0677,0.1864,0.1495
vanilla,2,20000,0.1662833333333333,10,10,10,0.7952,0.2820333333333333,0.9315192103385925,0.0743,0.0614,0.0852,0.0698,0.0667,0.0466,0.1283,0.1013,0.0992,0.0826,0.0881,0.0701,0.0268,0.017,0.15,0.126,0.0895,0.0656,0.1919,0.1548
vanilla,2,21000,0.17089999999999997,10,10,10,0.7918,0.2874333333333333,0.9302088022232056,0.0719,0.0597,0.0852,0.0678,0.0613,0.0422,0.1298,0.102,0.0966,0.0805,0.0909,0.0741,0.0235,0.0154,0.1517,0.1257,0.0945,0.0673,0.1946,0.1571
vanilla,2,22000,0.18134999999999998,10,10,10,0.7962,0.29864999999999997,0.9313663840293884,0.0642,0.0517,0.0928,0.0747,0.0606,0.0406,0.1318,0.1061,0.097,0.0823,0.0888,0.0691,0.0242,0.0147,0.1642,0.1384,0.0853,0.0625,0.1911,0.1561
vanilla,2,23000,0.1950833333333333,10,10,10,0.8013,0.29874999999999996,0.9325582981109619,0.0615,0.0499,0.084,0.0689,0.0579,0.041,0.1274,0.1032,0.105,0.0879,0.0841,0.0666,0.0221,0.0138,0.1651,0.1388,0.0922,0.0674,0.2007,0.1638
vanilla,2,24000,0.1918833333333333,10,10,10,0.8015,0.30743333333333334,0.9333904981613159,0.0571,0.045,0.0955,0.0804,0.0573,0.0396,0.1214,0.0945,0.1005,0.0834,0.0883,0.0698,0.02,0.012,0.1697,0.1448,0.0868,0.0643,0.2034,0.1677
vanilla,2,25000,0.1924833333333333,10,10,10,0.8,0.30553333333333327,0.9321252107620239,0.0539,0.0437,0.1014,0.0852,0.0555,0.0367,0.1173,0.0935,0.1052,0.0888,0.081,0.0635,0.0189,0.0115,0.1677,0.1412,0.0937,0.068,0.2054,0.1679
vanilla,2,26000,0.18888333333333335,10,10,10,0.8018,0.30513333333333337,0.9333617091178894,0.0551,0.0432,0.1084,0.0912,0.0546,0.0379,0.1142,0.0899,0.1035,0.088,0.0801,0.0628,0.0192,0.0125,0.171,0.1446,0.0906,0.0658,0.2033,0.1659
vanilla,2,27000,0.19901666666666665,10,10,10,0.8109,0.3010333333333333,0.9360095858573914,0.0512,0.0412,0.1162,0.0989,0.05,0.0337,0.1209,0.0964,0.1026,0.0869,0.0756,0.0602,0.0174,0.0107,0.1663,0.1416,0.0913,0.0674,0.2085,0.1739
vanilla,2,28000,0.20521666666666663,10,10,9,0.8064,0.3137333333333333,0.9346629977226257,0.0486,0.038,0.1181,0.1021,0.049,0.0323,0.1116,0.0883,0.1045,0.0863,0.0728,0.0581,0.0161,0.0089,0.1718,0.1447,0.0928,0.0687,0.2147,0.179
vanilla,2,29000,0.2125166666666667,10,10,9,0.8172,0.31033333333333335,0.937881350517273,0.0451,0.0362,0.1233,0.1078,0.0451,0.0306,0.109,0.0884,0.1019,0.0864,0.08,0.0637,0.0134,0.0081,0.1769,0.1502,0.0884,0.0649,0.2169,0.1809
vanilla,2,30000,0.2197166666666667,10,10,9,0.8159,0.31383333333333335,0.9379453063011169,0.0445,0.0354,0.1282,0.1109,0.0444,0.0297,0.1078,0.0857,0.1039,0.0878,0.0741,0.0599,0.0131,0.0078,0.1739,0.1452,0.0887,0.0654,0.2214,0.1881
vanilla,2,31000,0.22991666666666666,10,10,9,0.8181,0.3209666666666666,0.93841952085495,0.0429,0.0334,0.1388,0.1207,0.0427,0.0287,0.1097,0.0884,0.1021,0.0872,0.0679,0.0539,0.0136,0.0079,0.1739,0.1481,0.0875,0.0636,0.2209,0.1862
vanilla,2,32000,0.23461666666666667,10,10,9,0.8241,0.32796666666666663,0.9411517381668091,0.0354,0.0275,0.1406,0.1253,0.0402,0.0265,0.1033,0.0835,0.1041,0.0886,0.0686,0.0547,0.0133,0.0082,0.1754,0.1489,0.0924,0.0671,0.2267,0.1938
vanilla,2,33000,0.24621666666666667,10,10,9,0.818,0.3343666666666667,0.9391072392463684,0.0322,0.0249,0.1411,0.1246,0.0409,0.0275,0.1102,0.0863,0.1063,0.0891,0.066,0.0521,0.0123,0.0071,0.175,0.1503,0.0869,0.0627,0.2291,0.1934
vanilla,2,34000,0.25201666666666667,10,10,9,0.8246,0.3401666666666666,0.9398189187049866,0.0291,0.0224,0.1538,0.1354,0.0397,0.0252,0.1041,0.0838,0.1058,0.0907,0.0626,0.0492,0.0123,0.0069,0.1753,0.1505,0.0888,0.0657,0.2285,0.1948
vanilla,2,35000,0.2592,9,10,9,0.8289,0.3433666666666667,0.9414195418357849,0.0295,0.0226,0.16,0.1413,0.0357,0.025,0.1013,0.0793,0.1074,0.0932,0.0662,0.0508,0.0098,0.0057,0.1772,0.151,0.085,0.0641,0.2279,0.1959
vanilla,2,36000,0.268,10,10,9,0.8259,0.35906666666666665,0.9411966800689697,0.0271,0.0199,0.1659,0.1488,0.0351,0.0221,0.0975,0.078,0.1055,0.0903,0.0613,0.0469,0.0106,0.0054,0.1782,0.1555,0.0871,0.0624,0.2317,0.1966
vanilla,2,37000,0.2772,9,10,9,0.8345,0.35756666666666664,0.9432559609413147,0.0243,0.0177,0.173,0.1548,0.0335,0.0203,0.0961,0.0787,0.1078,0.0947,0.0593,0.0459,0.0093,0.0056,0.1736,0.1511,0.087,0.0636,0.2361,0.2021
vanilla,2,38000,0.2789,9,10,9,0.8272,0.3588666666666666,0.942686915397644,0.0249,0.0188,0.1708,0.152,0.0332,0.0204,0.0942,0.0748,0.1119,0.0957,0.0586,0.046,0.009,0.0045,0.169,0.1459,0.0879,0.065,0.2405,0.2041
vanilla,2,39000,0.2878,9,10,9,0.8324,0.36816666666666664,0.9436640739440918,0.0268,0.0203,0.175,0.1561,0.0331,0.021,0.0923,0.0747,0.1097,0.0948,0.0547,0.0418,0.0088,0.0043,0.186,0.1629,0.0832,0.059,0.2304,0.1975
vanilla,2,40000,0.2933,9,10,9,0.8343,0.3688666666666666,0.9450458884239197,0.0243,0.0181,0.1807,0.1614,0.0316,0.019,0.0938,0.0746,0.1105,0.0959,0.0545,0.0426,0.0066,0.0039,0.1784,0.1543,0.0826,0.0611,0.237,0.2034
vanilla,2,41000,0.29929999999999995,9,10,9,0.837,0.3750666666666667,0.9449316263198853,0.0226,0.0168,0.1849,0.1669,0.034,0.0183,0.0917,0.0726,0.1104,0.0963,0.0513,0.0406,0.0067,0.004,0.1798,0.1583,0.0811,0.0604,0.2375,0.2028
vanilla,2,42000,0.31000000000000005,9,10,9,0.8383,0.3841666666666666,0.9453722834587097,0.0207,0.0163,0.1906,0.1716,0.03,0.0185,0.0899,0.0714,0.1075,0.0927,0.0522,0.0407,0.0066,0.0033,0.1836,0.1609,0.0773,0.057,0.2416,0.2059
vanilla,2,43000,0.31720000000000004,9,10,9,0.8355,0.3920666666666666,0.9443896412849426,0.0195,0.0154,0.1914,0.1735,0.0302,0.017,0.0846,0.0672,0.1096,0.0937,0.0496,0.0381,0.0059,0.0032,0.1807,0.1567,0.0797,0.0574,0.2488,0.2133
vanilla,2,44000,0.32730000000000004,9,10,9,0.8409,0.4003666666666667,0.9463294148445129,0.0179,0.0129,0.1995,0.1802,0.0299,0.0167,0.0786,0.0619,0.1067,0.0916,0.0454,0.0368,0.0065,0.0033,0.1874,0.1631,0.0811,0.0605,0.247,0.2139
vanilla,2,45000,0.3345,9,10,9,0.8462,0.4018666666666667,0.9470486044883728,0.0167,0.0121,0.2028,0.1854,0.0266,0.0163,0.0774,0.0588,0.1106,0.0964,0.0433,0.034,0.0062,0.0034,0.1834,0.161,0.082,0.0612,0.251,0.2176
vanilla,2,46000,0.34059999999999996,9,10,9,0.8442,0.4087666666666668,0.9473599791526794,0.0166,0.0122,0.2097,0.1918,0.0285,0.017,0.0777,0.0592,0.1108,0.0938,0.0395,0.031,0.0046,0.0026,0.1797,0.1574,0.0792,0.0595,0.2537,0.2197
vanilla,2,47000,0.3501,9,10,8,0.8494,0.4167666666666667,0.9491687417030334,0.0138,0.0096,0.2128,0.1949,0.0274,0.0153,0.0731,0.0566,0.1093,0.0936,0.0368,0.0283,0.0046,0.0024,0.1788,0.1583,0.0809,0.0615,0.2625,0.2289
vanilla,2,48000,0.3603,9,10,8,0.8505,0.4200666666666666,0.9499412178993225,0.0121,0.008,0.2217,0.2036,0.0261,0.015,0.0676,0.0533,0.1116,0.0968,0.0369,0.0287,0.0041,0.0025,0.1805,0.1556,0.0796,0.0597,0.2598,0.2273
vanilla,2,49000,0.3728,9,10,8,0.8553,0.4286000000000001,0.9516502022743225,0.0121,0.0083,0.2258,0.2076,0.0252,0.0153,0.0609,0.0476,0.1132,0.0983,0.0359,0.027,0.0043,0.0023,0.1807,0.1575,0.0755,0.0576,0.2664,0.2338
vanilla,2,50000,0.38170000000000004,9,10,8,0.8577,0.4382,0.9527298808097839,0.0108,0.0069,0.2364,0.2184,0.0222,0.012,0.062,0.0495,0.1194,0.1053,0.0367,0.0272,0.0036,0.0018,0.183,0.1604,0.0697,0.0511,0.2562,0.2251
vanilla,3,1000,0.3013166666666667,10,10,9,0.5037,0.5902166666666666,0.8247525095939636,0.0587,0.0271,0.0555,0.0164,0.1941,0.1008,0.3035,0.1946,0.0463,0.0194,0.0926,0.0466,0.0224,0.0078,0.0582,0.0176,0.0666,0.0271,0.1021,0.0463
vanilla,3,2000,0.16245000000000004,10,10,10,0.6332,0.3668,0.8739822506904602,0.0876,0.06,0.0607,0.0342,0.1277,0.0809,0.1434,0.0952,0.0788,0.0512,0.0835,0.051,0.0385,0.0205,0.0903,0.0592,0.1502,0.091,0.1393,0.09
vanilla,3,3000,0.1658,10,10,10,0.6806,0.32375,0.8900988101959229,0.0907,0.0653,0.0575,0.0396,0.125,0.086,0.1328,0.0889,0.0582,0.039,0.1014,0.0703,0.0552,0.0353,0.0841,0.0575,0.1458,0.0952,0.1493,0.1035
vanilla,3,4000,0.13970000000000002,10,10,10,0.7084,0.2946833333333333,0.8998718857765198,0.0921,0.0689,0.0656,0.0451,0.1246,0.0901,0.1266,0.0927,0.0626,0.0414,0.0969,0.0702,0.06,0.0391,0.0915,0.0618,0.1428,0.1006,0.1373,0.0985
vanilla,3,5000,0.1430833333333333,10,10,10,0.7197,0.2843833333333333,0.904217004776001,0.0839,0.0626,0.0598,0.0433,0.1203,0.087,0.1321,0.0963,0.0641,0.0448,0.0974,0.0712,0.0562,0.0386,0.1048,0.0776,0.144,0.1016,0.1374,0.0967
vanilla,3,6000,0.14528333333333335,10,10,10,0.7378,0.27593333333333336,0.909930944442749,0.0922,0.0736,0.0547,0.0389,0.1144,0.0827,0.1376,0.1003,0.067,0.0483,0.0913,0.0679,0.0479,0.0342,0.1063,0.0815,0.139,0.1031,0.1496,0.1073
vanilla,3,7000,0.13183333333333333,10,10,10,0.7452,0.26163333333333333,0.9153507947921753,0.0964,0.0764,0.0615,0.0454,0.1038,0.0747,0.1339,0.0992,0.0741,0.0539,0.0868,0.0657,0.0468,0.0328,0.1223,0.0936,0.1398,0.1036,0.1346,0.0999
vanilla,3,8000,0.13883333333333334,10,10,10,0.7526,0.25993333333333335,0.917066216468811,0.0975,0.0808,0.0564,0.0418,0.1039,0.0737,0.1326,0.1005,0.0708,0.0535,0.0894,0.0677,0.0445,0.0309,0.1219,0.0945,0.1358,0.0994,0.1472,0.1098
vanilla,3,9000,0.14368333333333333,10,10,10,0.761,0.25216666666666665,0.9205076098442078,0.0982,0.0818,0.0542,0.0404,0.0983,0.0704,0.1365,0.1031,0.0686,0.0517,0.0936,0.0742,0.0434,0.0295,0.1283,0.1029,0.1324,0.0956,0.1465,0.1114
vanilla,3,10000,0.14936666666666668,10,10,10,0.7651,0.2544666666666667,0.9209480285644531,0.0997,0.084,0.0518,0.0366,0.0959,0.0685,0.1368,0.1049,0.0734,0.0587,0.0954,0.0736,0.0372,0.0248,0.1261,0.1012,0.1342,0.0968,0.1495,0.116
vanilla,3,11000,0.14956666666666668,10,10,10,0.7766,0.24845000000000003,0.9245474338531494,0.1054,0.0915,0.0577,0.042,0.0867,0.0626,0.136,0.1038,0.077,0.0623,0.0929,0.0723,0.0367,0.0256,0.1333,0.1103,0.1218,0.0895,0.1525,0.1167
vanilla,3,12000,0.16431666666666667,10,10,10,0.7733,0.25695,0.9252091646194458,0.1127,0.0958,0.0522,0.0394,0.0814,0.0583,0.1411,0.1072,0.0785,0.0627,0.0882,0.0713,0.0334,0.0218,0.1351,0.108,0.1213,0.088,0.1561,0.1208
vanilla,3,13000,0.1558166666666667,10,10,10,0.781,0.26144999999999996,0.9266984462738037,0.0995,0.0835,0.0501,0.0369,0.0801,0.0572,0.1435,0.1123,0.0905,0.0743,0.0881,0.0709,0.0334,0.0221,0.1348,0.1108,0.1199,0.0879,0.1601,0.1251
vanilla,3,14000,0.16148333333333334,10,10,10,0.7865,0.26545,0.9289838075637817,0.0986,0.0834,0.0494,0.0377,0.079,0.0565,0.14,0.1089,0.0859,0.0693,0.091,0.072,0.032,0.0215,0.1423,0.1184,0.1158,0.0884,0.166,0.1304
vanilla,3,15000,0.16668333333333335,10,10,10,0.7855,0.27185000000000004,0.926827073097229,0.0934,0.0779,0.0525,0.0387,0.0787,0.0571,0.1421,0.1105,0.0866,0.0704,0.0907,0.0715,0.0285,0.0174,0.1463,0.1238,0.1172,0.0894,0.164,0.1288
vanilla,3,16000,0.16218333333333332,10,10,10,0.7888,0.26615,0.9294129014015198,0.0962,0.0812,0.0541,0.0406,0.0783,0.0568,0.1372,0.1076,0.0901,0.0727,0.092,0.074,0.0255,0.0168,0.149,0.1231,0.1116,0.086,0.166,0.13
vanilla,3,17000,0.16643333333333332,10,10,10,0.7856,0.27423333333333333,0.9277679920196533,0.0985,0.0855,0.0525,0.038,0.0745,0.0553,0.1327,0.1021,0.0913,0.073,0.0892,0.0685,0.0243,0.0143,0.1499,0.1249,0.1143,0.0855,0.1728,0.1385
vanilla,3,18000,0.17271666666666666,10,10,10,0.7887,0.28195000000000003,0.9295380711555481,0.0996,0.085,0.0531,0.0387,0.0748,0.0547,0.1374,0.1093,0.0901,0.0735,0.0848,0.066,0.0225,0.0127,0.1496,0.1248,0.1122,0.0817,0.1759,0.1423
vanilla,3,19000,0.1784166666666667,10,10,10,0.7972,0.27945,0.9306985139846802,0.1016,0.0863,0.0522,0.0405,0.0678,0.0474,0.1375,0.1085,0.0946,0.078,0.0848,0.067,0.0202,0.0119,0.1534,0.1308,0.1112,0.0837,0.1767,0.1431
vanilla,3,20000,0.18913333333333335,10,10,10,0.801,0.28515,0.9331749081611633,0.0967,0.0833,0.0507,0.0414,0.0679,0.0489,0.1421,0.1157,0.0942,0.0796,0.0806,0.0611,0.0175,0.0122,0.1513,0.1253,0.1127,0.0826,0.1863,0.1509
vanilla,3,21000,0.17776666666666666,10,10,10,0.7967,0.28345,0.9319921731948853,0.0975,0.084,0.0544,0.041,0.0624,0.0436,0.1333,0.1061,0.1008,0.0829,0.0878,0.0686,0.0195,0.012,0.1485,0.1265,0.1064,0.0787,0.1894,0.1533
vanilla,3,22000,0.18723333333333336,10,10,10,0.7975,0.29155,0.9321743845939636,0.0907,0.0769,0.0564,0.0456,0.0622,0.0437,0.1338,0.105,0.0962,0.0773,0.0868,0.0691,0.0172,0.0108,0.1571,0.1336,0.1068,0.0793,0.1928,0.1562
vanilla,3,23000,0.19983333333333336,10,10,9,0.8013,0.29715,0.9334525465965271,0.0885,0.0748,0.0566,0.0449,0.0599,0.0426,0.1338,0.1057,0.096,0.0796,0.0816,0.0634,0.0143,0.0095,0.1524,0.1305,0.1115,0.0823,0.2054,0.168
vanilla,3,24000,0.19006666666666666,10,10,9,0.8038,0.29265,0.9333716630935669,0.094,0.0789,0.0579,0.0456,0.0597,0.0416,0.1333,0.1087,0.0982,0.0819,0.0823,0.0641,0.0154,0.0086,0.1566,0.1324,0.1083,0.0809,0.1943,0.1611
vanilla,3,25000,0.20126666666666668,10,10,9,0.8013,0.30225,0.9331445097923279,0.0919,0.0779,0.0592,0.047,0.0534,0.0369,0.1388,0.1099,0.0987,0.0815,0.0816,0.0636,0.012,0.0077,0.1625,0.1366,0.1026,0.0774,0.1993,0.1628
vanilla,3,26000,0.20653333333333335,10,10,9,0.8031,0.30275,0.9346425533294678,0.0902,0.0758,0.0604,0.0483,0.0579,0.0408,0.1317,0.1048,0.0904,0.0745,0.078,0.0609,0.0133,0.0077,0.1671,0.1433,0.1089,0.0835,0.2021,0.1635
vanilla,3,27000,0.20116666666666666,10,10,9,0.8042,0.3035333333333333,0.9345239400863647,0.0874,0.0736,0.062,0.0485,0.0567,0.0393,0.1257,0.1016,0.0998,0.0839,0.0786,0.0615,0.0135,0.0082,0.1682,0.142,0.1023,0.0763,0.2058,0.1693
vanilla,3,28000,0.21363333333333331,10,10,9,0.8106,0.31085,0.9368642568588257,0.078,0.0663,0.062,0.0493,0.0552,0.0381,0.1334,0.1076,0.097,0.0803,0.0787,0.0613,0.0122,0.0078,0.1689,0.1458,0.1049,0.0803,0.2097,0.1738
vanilla,3,29000,0.21326666666666663,10,10,9,0.8129,0.31475000000000003,0.9367761611938477,0.08,0.0679,0.0679,0.0565,0.0546,0.0365,0.1366,0.1106,0.0981,0.0831,0.0722,0.0552,0.0114,0.0071,0.1751,0.1511,0.0985,0.0732,0.2056,0.1717
vanilla,3,30000,0.21338333333333334,10,10,9,0.8167,0.31065,0.9383929967880249,0.0796,0.0683,0.0667,0.0538,0.0519,0.0361,0.1318,0.1066,0.1001,0.0822,0.0775,0.0614,0.0115,0.007,0.179,0.1557,0.0963,0.0748,0.2056,0.1708
vanilla,3,31000,0.2202666666666667,10,10,9,0.8157,0.31784999999999997,0.9380761981010437,0.0765,0.0646,0.0663,0.0534,0.0508,0.0349,0.1305,0.1074,0.1,0.0832,0.0753,0.0598,0.0102,0.0063,0.1806,0.1564,0.1004,0.0742,0.2094,0.1755
vanilla,3,32000,0.22265000000000001,10,10,9,0.818,0.31965,0.9385710954666138,0.0752,0.0638,0.0699,0.0579,0.0498,0.0337,0.1299,0.1056,0.0972,0.0817,0.0726,0.059,0.012,0.007,0.1804,0.1564,0.0949,0.0715,0.2181,0.1814
vanilla,3,33000,0.22396666666666668,10,10,9,0.8169,0.32433333333333336,0.9382662177085876,0.0714,0.0601,0.0748,0.0616,0.0485,0.0334,0.1245,0.1005,0.0976,0.0831,0.0699,0.053,0.0108,0.0064,0.1848,0.1615,0.0983,0.074,0.2194,0.1833
vanilla,3,34000,0.22743333333333335,10,10,9,0.8165,0.3277333333333333,0.9375767707824707,0.0712,0.0589,0.078,0.065,0.0453,0.0306,0.1232,0.0979,0.0947,0.0802,0.0691,0.0553,0.011,0.0066,0.1824,0.1587,0.0996,0.0742,0.2255,0.1891
vanilla,3,35000,0.22926666666666667,10,10,9,0.8114,0.3273333333333333,0.9368495941162109,0.0671,0.0567,0.0807,0.0684,0.0416,0.0267,0.1241,0.0947,0.1011,0.0847,0.0695,0.0537,0.0112,0.006,0.1777,0.1543,0.1039,0.0782,0.2231,0.188
vanilla,3,36000,0.22756666666666667,9,10,9,0.8232,0.31653333333333333,0.9393085837364197,0.0687,0.0591,0.0896,0.0756,0.0417,0.0263,0.1232,0.1011,0.1018,0.085,0.0624,0.0479,0.0094,0.0052,0.1791,0.1559,0.103,0.0797,0.2211,0.1874
vanilla,3,37000,0.22635,9,10,9,0.8196,0.3268333333333333,0.9395999908447266,0.0705,0.0604,0.0919,0.078,0.0411,0.0246,0.1217,0.0988,0.0964,0.079,0.0657,0.0519,0.009,0.0056,0.1863,0.1629,0.0933,0.0713,0.2241,0.1871
vanilla,3,38000,0.23143333333333332,9,10,9,0.8228,0.32653333333333334,0.9390026330947876,0.0645,0.0551,0.0947,0.082,0.0397,0.0238,0.1246,0.0992,0.0961,0.0793,0.0615,0.0493,0.0088,0.0045,0.1854,0.1627,0.098,0.0767,0.2267,0.1902
vanilla,3,39000,0.22346666666666667,9,10,9,0.8196,0.32963333333333333,0.9393734335899353,0.0655,0.0558,0.0998,0.0846,0.0394,0.0246,0.1143,0.0915,0.0978,0.0828,0.063,0.048,0.0082,0.0053,0.1867,0.1631,0.0991,0.0742,0.2262,0.1897
vanilla,3,40000,0.22623333333333334,9,10,9,0.8221,0.32733333333333325,0.9399709105491638,0.0647,0.0549,0.1021,0.0896,0.0379,0.0246,0.1165,0.0931,0.0971,0.0821,0.0619,0.0467,0.0068,0.0034,0.1872,0.1639,0.099,0.0747,0.2268,0.1891
vanilla,3,41000,0.22174999999999997,9,10,9,0.8242,0.3293333333333333,0.9403929710388184,0.0647,0.0546,0.1104,0.0977,0.0386,0.0239,0.1106,0.0882,0.0947,0.0799,0.0606,0.0482,0.0069,0.004,0.1902,0.1683,0.0966,0.0706,0.2267,0.1888
vanilla,3,42000,0.23128333333333334,9,10,9,0.8258,0.32833333333333337,0.9424474835395813,0.0599,0.0508,0.1151,0.1012,0.0346,0.0219,0.1158,0.092,0.0936,0.078,0.0616,0.0484,0.0073,0.0041,0.19,0.1672,0.0936,0.0717,0.2285,0.1905
vanilla,3,43000,0.23328333333333331,9,10,9,0.8223,0.33293333333333336,0.9412273168563843,0.0607,0.0507,0.1216,0.1058,0.0338,0.0205,0.112,0.0891,0.0931,0.0777,0.0583,0.0441,0.0072,0.0037,0.1909,0.1675,0.0955,0.0719,0.2269,0.1913
vanilla,3,44000,0.23568333333333333,9,10,9,0.8283,0.32846666666666663,0.9432169795036316,0.0563,0.0473,0.1286,0.1135,0.0373,0.021,0.1108,0.0876,0.0938,0.0809,0.0576,0.0452,0.0067,0.0041,0.1852,0.1642,0.0945,0.0695,0.2292,0.195
vanilla,3,45000,0.2396833333333333,9,10,9,0.8353,0.33276666666666666,0.9445600509643555,0.0556,0.0457,0.1374,0.1227,0.0338,0.02,0.1061,0.0842,0.0952,0.0802,0.0542,0.0436,0.007,0.0036,0.188,0.1672,0.0964,0.074,0.2263,0.1941
vanilla,3,46000,0.24578333333333333,9,10,9,0.831,0.34036666666666665,0.9437500238418579,0.0525,0.0435,0.1426,0.1275,0.0341,0.0204,0.1027,0.0824,0.0927,0.0796,0.055,0.0417,0.0058,0.0036,0.1917,0.1669,0.096,0.0725,0.2269,0.1929
vanilla,3,47000,0.26258333333333334,9,10,9,0.8395,0.3502666666666666,0.945655107498169,0.0505,0.042,0.1518,0.1374,0.0294,0.0173,0.1046,0.0853,0.0906,0.0759,0.0553,0.042,0.0053,0.0026,0.1912,0.1664,0.0882,0.0687,0.2331,0.2019
vanilla,3,48000,0.2612833333333333,9,10,9,0.8401,0.3519666666666667,0.9462858438491821,0.052,0.0445,0.1491,0.1342,0.0301,0.0163,0.1028,0.0809,0.0952,0.0806,0.0473,0.0358,0.0053,0.0025,0.1933,0.1691,0.0907,0.0715,0.2342,0.2047
vanilla,3,49000,0.2645666666666666,9,10,9,0.8391,0.3559666666666667,0.9457528591156006,0.0507,0.0425,0.1588,0.1433,0.0289,0.0164,0.0979,0.077,0.0965,0.0821,0.0469,0.0367,0.0057,0.0036,0.1924,0.169,0.0929,0.0698,0.2293,0.1987
vanilla,3,50000,0.27336666666666665,9,10,9,0.8428,0.35936666666666667,0.9476124048233032,0.0502,0.0421,0.162,0.1458,0.0289,0.0172,0.0955,0.0764,0.0937,0.0811,0.0471,0.0367,0.0056,0.0028,0.1931,0.1686,0.0897,0.0684,0.2342,0.2037
vanilla,4,1000,0.29689999999999994,10,10,8,0.4622,0.5931166666666666,0.8059353232383728,0.0433,0.0142,0.0408,0.008,0.1306,0.0608,0.2707,0.1575,0.0414,0.0188,0.1446,0.0734,0.0218,0.0069,0.0673,0.023,0.1108,0.0442,0.1287,0.0554
vanilla,4,2000,0.15333333333333335,10,10,10,0.6287,0.37455,0.8722019791603088,0.0834,0.0566,0.0752,0.0442,0.1072,0.0652,0.1563,0.0997,0.0741,0.0476,0.0666,0.037,0.0448,0.0247,0.1158,0.0786,0.1184,0.0727,0.1582,0.1024
vanilla,4,3000,0.1455,10,10,10,0.6795,0.33045,0.8886686563491821,0.0835,0.0596,0.0629,0.0404,0.1299,0.094,0.1165,0.0746,0.0711,0.0476,0.1064,0.0744,0.0558,0.0353,0.0927,0.065,0.1229,0.0795,0.1583,0.1091
vanilla,4,4000,0.12658333333333333,10,10,10,0.6971,0.30855,0.898106038570404,0.081,0.0604,0.0663,0.0464,0.1251,0.0894,0.1144,0.0799,0.0723,0.0488,0.094,0.064,0.0609,0.0395,0.1072,0.0782,0.1265,0.0857,0.1523,0.1048
vanilla,4,5000,0.12158333333333335,10,10,10,0.7186,0.28454999999999997,0.9047582149505615,0.0783,0.0571,0.0669,0.0466,0.1243,0.09,0.1217,0.0895,0.082,0.0585,0.0941,0.0682,0.0583,0.0417,0.122,0.0909,0.1119,0.0738,0.1405,0.1023
vanilla,4,6000,0.1408333333333333,10,10,10,0.7337,0.2825666666666667,0.9097769260406494,0.074,0.0553,0.0597,0.0407,0.1091,0.0802,0.1407,0.1046,0.0827,0.0622,0.0901,0.0684,0.0501,0.0337,0.1243,0.0951,0.1126,0.0805,0.1567,0.113
vanilla,4,7000,0.14508333333333334,10,10,10,0.7412,0.2718666666666667,0.9129796624183655,0.0694,0.0533,0.059,0.0407,0.1091,0.0801,0.1381,0.1038,0.0883,0.0665,0.0965,0.0755,0.0453,0.0317,0.1262,0.0994,0.1166,0.0796,0.1515,0.1106
vanilla,4,8000,0.15488333333333335,10,10,10,0.7504,0.27505,0.9147314429283142,0.069,0.0528,0.0531,0.0375,0.1125,0.0828,0.1374,0.1053,0.0858,0.0668,0.0917,0.0732,0.0443,0.0302,0.1367,0.1086,0.1115,0.0759,0.158,0.1173
vanilla,4,9000,0.1593833333333333,10,10,10,0.7573,0.28135,0.9195440411567688,0.07,0.0536,0.0478,0.0348,0.1021,0.0765,0.1383,0.1033,0.0874,0.0708,0.0933,0.0729,0.0425,0.0293,0.1452,0.1181,0.1091,0.075,0.1643,0.123
vanilla,4,10000,0.16518333333333332,10,10,10,0.7615,0.28535000000000005,0.9200127124786377,0.0657,0.0529,0.0521,0.0381,0.0974,0.071,0.1427,0.1099,0.0852,0.0676,0.0966,0.0775,0.0408,0.0289,0.1498,0.1217,0.1091,0.0729,0.1606,0.121
vanilla,4,11000,0.16838333333333333,10,10,10,0.7616,0.29184999999999994,0.9195407032966614,0.0709,0.0546,0.0482,0.0337,0.097,0.0713,0.1346,0.1028,0.0867,0.0658,0.0983,0.0795,0.0352,0.0257,0.1524,0.1262,0.1045,0.0718,0.1722,0.1302
vanilla,4,12000,0.18768333333333337,10,10,10,0.7735,0.29785,0.9239767789840698,0.0622,0.0501,0.0462,0.0309,0.0886,0.0662,0.1402,0.1075,0.087,0.0702,0.1039,0.0834,0.0347,0.0247,0.1589,0.1305,0.098,0.0709,0.1803,0.1391
vanilla,4,13000,0.18978333333333336,10,10,10,0.7771,0.30574999999999997,0.9254744052886963,0.067,0.0514,0.0425,0.0283,0.0887,0.0654,0.1378,0.1067,0.0862,0.0696,0.0978,0.0787,0.0322,0.0223,0.1642,0.1385,0.1014,0.0728,0.1822,0.1434
vanilla,4,14000,0.20178333333333337,10,10,10,0.7727,0.31694999999999995,0.9238066673278809,0.0653,0.0517,0.0415,0.0291,0.0841,0.0615,0.1401,0.1085,0.0833,0.0669,0.0956,0.0765,0.0304,0.0211,0.1686,0.1389,0.1019,0.0705,0.1892,0.148
vanilla,4,15000,0.2108833333333333,10,10,10,0.78,0.32204999999999995,0.9263136982917786,0.0583,0.0457,0.0374,0.0254,0.0847,0.0629,0.1387,0.106,0.0882,0.0708,0.0962,0.0756,0.0269,0.0182,0.1708,0.144,0.1017,0.0736,0.1971,0.1578
vanilla,4,16000,0.21520000000000003,10,10,10,0.7831,0.32565,0.9265456795692444,0.0574,0.045,0.0344,0.0231,0.0807,0.0589,0.1411,0.1092,0.0936,0.076,0.099,0.0783,0.0263,0.0164,0.1727,0.1439,0.0963,0.0709,0.1985,0.1614
vanilla,4,17000,0.2252833333333333,10,10,10,0.7913,0.32715,0.930489182472229,0.0503,0.039,0.0343,0.0233,0.0733,0.0557,0.1394,0.1115,0.0971,0.0795,0.1005,0.0815,0.0261,0.0168,0.1787,0.1512,0.0998,0.0713,0.2005,0.1615
vanilla,4,18000,0.23359999999999997,10,10,10,0.7961,0.34055,0.93115234375,0.0508,0.0392,0.0318,0.0213,0.0739,0.0524,0.1459,0.1178,0.0955,0.0796,0.0968,0.0781,0.0239,0.0158,0.1813,0.1543,0.0944,0.0673,0.2057,0.1703
vanilla,4,19000,0.23890000000000003,10,10,10,0.7919,0.33965,0.9300615191459656,0.0486,0.0373,0.0357,0.0252,0.0702,0.0502,0.1471,0.1129,0.097,0.0797,0.1,0.0807,0.0208,0.0139,0.1816,0.1559,0.0927,0.0676,0.2063,0.1685
vanilla,4,20000,0.24233333333333332,10,10,10,0.8027,0.34215,0.9336290955543518,0.0468,0.0355,0.0306,0.0204,0.0697,0.0504,0.1382,0.109,0.0992,0.0825,0.0972,0.078,0.0235,0.0159,0.1811,0.1578,0.0936,0.0694,0.2201,0.1838
vanilla,4,21000,0.256,10,10,10,0.7924,0.36455000000000004,0.9295367002487183,0.0422,0.0316,0.0328,0.0215,0.0681,0.0472,0.1457,0.1142,0.094,0.0777,0.0935,0.0729,0.0216,0.0134,0.1835,0.1589,0.0892,0.0654,0.2294,0.1896
vanilla,4,22000,0.26903333333333335,10,10,10,0.7999,0.36145,0.9330794811248779,0.0384,0.029,0.027,0.0169,0.0668,0.0484,0.1459,0.1136,0.0995,0.0827,0.1008,0.0819,0.0203,0.0127,0.1861,0.161,0.085,0.0612,0.2302,0.1925
vanilla,4,23000,0.2755,10,10,10,0.8062,0.36724999999999997,0.9349693655967712,0.0365,0.0267,0.0314,0.0208,0.0619,0.0418,0.1431,0.114,0.0956,0.0813,0.101,0.0837,0.02,0.0121,0.1949,0.1678,0.083,0.0606,0.2326,0.1974
vanilla,4,24000,0.274,10,10,10,0.8093,0.36795,0.9368154406547546,0.0351,0.0262,0.0305,0.0196,0.0594,0.042,0.1441,0.1168,0.0963,0.083,0.0961,0.0783,0.0176,0.0111,0.1936,0.1662,0.091,0.0661,0.2363,0.2
vanilla,4,25000,0.28013333333333335,10,10,10,0.812,0.37365,0.937494158744812,0.0346,0.0261,0.0283,0.0178,0.0552,0.0384,0.1409,0.112,0.0981,0.0821,0.0946,0.0765,0.0167,0.0113,0.197,0.172,0.0916,0.0684,0.243,0.2074
vanilla,4,26000,0.28933333333333333,10,10,9,0.8146,0.37465000000000004,0.9373072981834412,0.0313,0.0233,0.0276,0.0178,0.0518,0.0355,0.1407,0.1125,0.1003,0.0852,0.0974,0.0782,0.013,0.0086,0.1939,0.1693,0.0935,0.071,0.2505,0.2132
vanilla,4,27000,0.2904333333333333,10,10,9,0.8159,0.37415,0.9373921751976013,0.0306,0.0232,0.0296,0.021,0.0524,0.0351,0.1371,0.1097,0.1028,0.0887,0.0941,0.0764,0.0137,0.0086,0.2038,0.1786,0.0898,0.0671,0.2461,0.2075
vanilla,4,28000,0.29913333333333336,10,10,9,0.8146,0.38355,0.9377139806747437,0.0269,0.0195,0.0275,0.0184,0.0493,0.0328,0.1404,0.1116,0.1032,0.0887,0.0936,0.0758,0.0144,0.0088,0.1954,0.1736,0.0893,0.0667,0.26,0.2187
vanilla,4,29000,0.30093333333333333,10,10,9,0.8215,0.38515,0.939499020576477,0.0267,0.0211,0.0268,0.0165,0.0468,0.0313,0.1406,0.1156,0.1032,0.0875,0.0931,0.0741,0.0146,0.0094,0.2011,0.1759,0.0907,0.0692,0.2564,0.2209
vanilla,4,30000,0.3066333333333333,10,10,9,0.8161,0.38685,0.9386316537857056,0.0254,0.0192,0.0265,0.0171,0.0461,0.0289,0.1357,0.1097,0.1088,0.0923,0.0942,0.077,0.0151,0.0089,0.2075,0.1823,0.0868,0.064,0.2539,0.2167
vanilla,4,31000,0.3120833333333333,10,10,9,0.8196,0.39165,0.9399357438087463,0.0257,0.0198,0.0275,0.0178,0.0443,0.0288,0.1418,0.1133,0.1078,0.0912,0.0887,0.0721,0.0132,0.0074,0.2094,0.1844,0.0854,0.0655,0.2562,0.2193
vanilla,4,32000,0.3238833333333333,10,10,9,0.8202,0.40275,0.9407035112380981,0.0243,0.0176,0.0249,0.0158,0.0394,0.0261,0.145,0.1144,0.1062,0.0926,0.0891,0.0741,0.0111,0.0062,0.2117,0.1888,0.0842,0.0591,0.2641,0.2255
vanilla,4,33000,0.3263333333333333,10,10,9,0.8228,0.40205,0.9405111074447632,0.022,0.0157,0.0251,0.0168,0.0387,0.0246,0.138,0.1123,0.1085,0.0922,0.0914,0.0742,0.0101,0.0062,0.2152,0.1912,0.0843,0.0625,0.2667,0.2271
vanilla,4,34000,0.32528333333333337,10,10,9,0.8234,0.39665,0.9399077296257019,0.0208,0.0153,0.0265,0.0179,0.0402,0.0264,0.1325,0.1062,0.1098,0.0959,0.0868,0.0701,0.0102,0.0055,0.2165,0.1919,0.0871,0.0665,0.2696,0.2277
vanilla,4,35000,0.3257833333333333,10,10,9,0.8272,0.40135,0.9429076313972473,0.0213,0.0149,0.0242,0.0173,0.0398,0.0257,0.1327,0.108,0.1083,0.0933,0.0872,0.0709,0.0118,0.0066,0.2158,0.1932,0.0868,0.0642,0.2721,0.2331
vanilla,4,36000,0.3339833333333333,10,10,9,0.8282,0.40705,0.9429869055747986,0.0195,0.0147,0.0242,0.0173,0.0367,0.0234,0.1307,0.1082,0.1106,0.0934,0.0859,0.07,0.0114,0.0059,0.2136,0.1922,0.0852,0.0625,0.2822,0.2406
vanilla,4,37000,0.34418333333333334,9,10,9,0.8284,0.41685,0.9425925612449646,0.0174,0.012,0.0254,0.0169,0.0363,0.0225,0.1342,0.1103,0.111,0.0961,0.0814,0.065,0.0092,0.0047,0.2173,0.1963,0.083,0.0602,0.2848,0.2444
vanilla,4,38000,0.3489833333333333,9,10,9,0.8297,0.41668333333333335,0.9430575370788574,0.0163,0.0114,0.0238,0.0161,0.037,0.023,0.1349,0.1083,0.1124,0.0989,0.0803,0.0643,0.0086,0.0053,0.217,0.1947,0.0819,0.0601,0.2878,0.2476
vanilla,4,39000,0.35538333333333333,9,10,9,0.8359,0.42068333333333335,0.9441945552825928,0.0146,0.0103,0.0227,0.0151,0.0341,0.0214,0.1344,0.1111,0.1145,0.0998,0.0825,0.0656,0.0083,0.0049,0.2157,0.1938,0.0793,0.0589,0.2939,0.255
vanilla,4,40000,0.35778333333333334,9,10,9,0.8325,0.42438333333333333,0.944326639175415,0.0152,0.0113,0.0265,0.0162,0.0329,0.0209,0.1336,0.11,0.1195,0.106,0.0806,0.0652,0.0088,0.0049,0.2166,0.1922,0.0751,0.054,0.2912,0.2518
vanilla,4,41000,0.36698333333333333,9,10,8,0.8398,0.42458333333333326,0.9471396207809448,0.0132,0.0099,0.0224,0.0165,0.0317,0.0204,0.1357,0.1117,0.1147,0.1011,0.0763,0.0623,0.0068,0.0044,0.2227,0.1995,0.0795,0.0588,0.297,0.2552
vanilla,4,42000,0.36828333333333324,9,10,8,0.8449,0.42688333333333334,0.9482563734054565,0.014,0.009,0.0241,0.017,0.0287,0.018,0.1361,0.1111,0.1175,0.105,0.079,0.0653,0.0067,0.0041,0.2188,0.197,0.0761,0.0566,0.299,0.2618
vanilla,4,43000,0.37058333333333326,9,10,8,0.8441,0.4312833333333333,0.9479093551635742,0.0152,0.0098,0.0222,0.0152,0.0268,0.0172,0.1303,0.1086,0.118,0.1037,0.074,0.0578,0.0057,0.0036,0.221,0.1984,0.0824,0.062,0.3044,0.2678
vanilla,4,44000,0.3778833333333333,9,10,8,0.8433,0.4354833333333333,0.9467121958732605,0.0125,0.0081,0.026,0.0162,0.0259,0.0165,0.1323,0.1093,0.1252,0.1118,0.075,0.0616,0.0055,0.0034,0.2265,0.2038,0.0741,0.0556,0.297,0.257
vanilla,4,45000,0.3898833333333333,9,10,8,0.8509,0.4419833333333333,0.9502988457679749,0.0109,0.0066,0.0219,0.0153,0.0252,0.0165,0.1312,0.1095,0.1185,0.1066,0.0716,0.0593,0.0059,0.0035,0.2281,0.2061,0.0715,0.0537,0.3152,0.2738
vanilla,4,46000,0.3851833333333333,9,10,8,0.8494,0.4393833333333333,0.9506173133850098,0.0103,0.0069,0.0229,0.0161,0.0255,0.0157,0.1311,0.1099,0.1224,0.109,0.0769,0.0624,0.0048,0.0032,0.2255,0.2042,0.0713,0.0532,0.3093,0.2688
vanilla,4,47000,0.39398333333333335,8,10,8,0.8466,0.4488833333333333,0.9498592615127563,0.0094,0.0053,0.0233,0.0166,0.0232,0.0136,0.1308,0.1089,0.1234,0.1083,0.0712,0.058,0.0051,0.0027,0.2295,0.2082,0.0707,0.0518,0.3134,0.2732
vanilla,4,48000,0.3983833333333333,8,10,8,0.8525,0.4532833333333333,0.9507302641868591,0.008,0.0047,0.0239,0.0158,0.0234,0.0145,0.1342,0.1145,0.1206,0.1068,0.0676,0.0532,0.005,0.003,0.2322,0.2108,0.0706,0.0524,0.3145,0.2768
vanilla,4,49000,0.4108833333333333,8,10,8,0.8585,0.4557833333333334,0.9515784978866577,0.0071,0.0042,0.0216,0.016,0.0233,0.0151,0.1352,0.1126,0.1257,0.1118,0.0652,0.0539,0.0043,0.0026,0.2412,0.2174,0.0645,0.0493,0.3119,0.2756
vanilla,4,50000,0.4171833333333333,8,10,8,0.8578,0.46418333333333334,0.9517710208892822,0.0075,0.0045,0.02,0.0147,0.0221,0.0135,0.1331,0.112,0.1226,0.1081,0.0609,0.0506,0.0041,0.0023,0.2386,0.2166,0.0651,0.0471,0.326,0.2884
paired,0,1000,0.31010000000000004,10,10,8,0.4383,0.6020166666666666,0.7972542643547058,0.0632,0.0224,0.0491,0.0115,0.1778,0.0826,0.261,0.1425,0.0276,0.008,0.1181,0.0555,0.0139,0.0038,0.0476,0.0102,0.1265,0.0519,0.1152,0.0499
paired,0,2000,0.2472,10,10,9,0.5409,0.5022166666666666,0.8398551940917969,0.0686,0.0379,0.0276,0.0094,0.1175,0.0656,0.241,0.1453,0.0713,0.0375,0.1236,0.0661,0.0399,0.0188,0.0569,0.0256,0.1448,0.0793,0.1088,0.0554
paired,0,3000,0.1402,10,10,10,0.6428,0.35719999999999996,0.8786269426345825,0.0814,0.0587,0.0595,0.0361,0.135,0.0907,0.1437,0.0918,0.063,0.0387,0.0958,0.0608,0.0639,0.0399,0.1035,0.0681,0.1287,0.0815,0.1255,0.0765
paired,0,4000,0.1104,10,10,10,0.7028,0.2972,0.8997767567634583,0.0858,0.0637,0.0774,0.0551,0.1339,0.0959,0.1078,0.0752,0.0634,0.0432,0.0913,0.0633,0.0727,0.0509,0.1018,0.072,0.1308,0.088,0.1351,0.0955
paired,0,5000,0.08748333333333333,10,10,10,0.7209,0.2791,0.9057697057723999,0.0859,0.0653,0.084,0.0639,0.1206,0.0856,0.1054,0.0743,0.0767,0.0536,0.0933,0.0658,0.073,0.0522,0.1087,0.0802,0.1196,0.0828,0.1328,0.0972
paired,0,6000,0.08070000000000001,10,10,10,0.7395,0.26505,0.9112065434455872,0.0912,0.0713,0.0848,0.0664,0.1158,0.0854,0.1052,0.0757,0.0827,0.0603,0.0904,0.0678,0.0678,0.0484,0.1043,0.0778,0.1188,0.0827,0.139,0.1037
paired,0,7000,0.07378333333333334,10,10,10,0.7556,0.24575,0.9174408316612244,0.0966,0.0767,0.0817,0.0656,0.1162,0.0881,0.1024,0.0759,0.0854,0.0637,0.0911,0.0674,0.0696,0.0514,0.1071,0.0808,0.1182,0.0855,0.1317,0.1005
paired,0,8000,0.0691,10,10,10,0.7558,0.24735000000000001,0.9184719920158386,0.0977,0.0794,0.0782,0.0625,0.1026,0.076,0.1008,0.0749,0.1018,0.0804,0.0995,0.0744,0.0661,0.0479,0.1046,0.0779,0.1104,0.0801,0.1383,0.1023
paired,0,9000,0.0739,10,10,10,0.7726,0.23785000000000003,0.9239996075630188,0.0948,0.0784,0.0754,0.0598,0.101,0.0766,0.1001,0.0738,0.0993,0.0792,0.0935,0.0709,0.0677,0.0518,0.1089,0.0856,0.1166,0.0869,0.1427,0.1096
paired,0,10000,0.07131666666666667,10,10,10,0.7731,0.24155,0.923450767993927,0.0992,0.0808,0.0809,0.0635,0.0889,0.067,0.1025,0.0777,0.0975,0.0775,0.0937,0.0715,0.0693,0.0532,0.1043,0.0816,0.1166,0.0865,0.1471,0.1138
paired,0,11000,0.0755,10,10,10,0.777,0.23754999999999998,0.9258062243461609,0.1003,0.0833,0.0775,0.061,0.0957,0.0686,0.1026,0.0776,0.099,0.0793,0.0953,0.077,0.0616,0.0475,0.1108,0.0868,0.1123,0.0822,0.1449,0.1137
paired,0,12000,0.07726666666666668,10,10,10,0.7728,0.23834999999999998,0.9228997826576233,0.1021,0.0843,0.0794,0.0625,0.0924,0.0711,0.1086,0.0816,0.0971,0.0787,0.0954,0.0742,0.0615,0.045,0.1103,0.0871,0.1096,0.078,0.1436,0.1103
paired,0,13000,0.06719999999999998,10,10,10,0.7798,0.23545,0.9258918166160583,0.1004,0.0827,0.0864,0.0697,0.0999,0.0731,0.1069,0.0834,0.0975,0.0786,0.0939,0.0707,0.0574,0.043,0.1088,0.0877,0.1041,0.0765,0.1447,0.1144
paired,0,14000,0.07905000000000001,10,10,10,0.7791,0.23714999999999997,0.9257318377494812,0.1005,0.0849,0.0829,0.0669,0.0898,0.0655,0.1078,0.084,0.0974,0.0786,0.0849,0.0658,0.064,0.0465,0.1127,0.0897,0.1144,0.0818,0.1456,0.1154
paired,0,15000,0.08276666666666666,10,10,10,0.7784,0.23885,0.9254592061042786,0.0956,0.0786,0.0837,0.0665,0.0894,0.0667,0.1095,0.0843,0.1079,0.0863,0.0889,0.0678,0.059,0.0435,0.1096,0.0874,0.1087,0.0809,0.1477,0.1164
paired,0,16000,0.08004999999999998,10,10,10,0.7855,0.23365000000000002,0.9288605451583862,0.1002,0.0849,0.0823,0.0651,0.097,0.0745,0.1095,0.0842,0.1006,0.0822,0.0856,0.0644,0.0557,0.0417,0.1083,0.0883,0.1123,0.0819,0.1485,0.1183
paired,0,17000,0.08245000000000002,10,10,10,0.7914,0.22845,0.9297881722450256,0.0995,0.0825,0.0875,0.0727,0.0896,0.0703,0.1078,0.0833,0.0995,0.0813,0.0851,0.0644,0.056,0.0424,0.1168,0.0927,0.1106,0.0828,0.1476,0.119
paired,0,18000,0.09566666666666665,10,10,10,0.7961,0.22744999999999999,0.9315483570098877,0.0986,0.0828,0.0819,0.0684,0.0869,0.0664,0.1156,0.0886,0.1007,0.0836,0.0843,0.0659,0.052,0.0399,0.1151,0.0918,0.1126,0.086,0.1523,0.1227
paired,0,19000,0.09234999999999999,10,10,10,0.7924,0.23035,0.9300295114517212,0.1021,0.0838,0.0886,0.0728,0.0883,0.0675,0.1101,0.0858,0.1026,0.0839,0.0787,0.0617,0.0527,0.0399,0.1208,0.0964,0.1058,0.0787,0.1503,0.1219
paired,0,20000,0.09495,10,10,10,0.7923,0.23065000000000002,0.9301792979240417,0.099,0.0811,0.0873,0.074,0.0894,0.0673,0.1139,0.0894,0.1014,0.0833,0.0806,0.0629,0.0484,0.0368,0.1173,0.0946,0.1083,0.0808,0.1544,0.1221
paired,0,21000,0.09533333333333333,10,10,10,0.7961,0.22424999999999998,0.930873453617096,0.0918,0.0771,0.0907,0.0755,0.0886,0.0685,0.1155,0.0916,0.0973,0.0795,0.0873,0.0692,0.0457,0.033,0.1192,0.0969,0.1119,0.0853,0.152,0.1195
paired,0,22000,0.09096666666666667,10,10,10,0.7982,0.22385,0.93243807554245,0.0893,0.0744,0.0929,0.0804,0.0899,0.0676,0.1071,0.0849,0.1015,0.081,0.0877,0.0701,0.0486,0.0367,0.1192,0.0975,0.1131,0.0844,0.1507,0.1212
paired,0,23000,0.08766666666666666,10,10,10,0.8006,0.22055000000000002,0.9325156211853027,0.0904,0.0734,0.0978,0.0834,0.0857,0.0653,0.1054,0.0857,0.0988,0.082,0.0869,0.0689,0.0509,0.0392,0.1198,0.0974,0.1138,0.085,0.1505,0.1203
paired,0,24000,0.09406666666666666,10,10,10,0.797,0.22184999999999996,0.9310777187347412,0.0908,0.0762,0.1007,0.0858,0.0858,0.065,0.106,0.0843,0.1021,0.0835,0.0802,0.063,0.0478,0.0362,0.1248,0.1005,0.1122,0.0845,0.1496,0.118
paired,0,25000,0.09336666666666665,10,10,10,0.7964,0.22925,0.9319068193435669,0.0896,0.0744,0.1039,0.0884,0.0801,0.059,0.1058,0.0841,0.098,0.0802,0.0822,0.0635,0.0502,0.0374,0.1202,0.0977,0.1154,0.0869,0.1546,0.1248
paired,0,26000,0.09555,10,10,10,0.8061,0.21964999999999998,0.9346280097961426,0.0918,0.0781,0.1056,0.0895,0.0786,0.0598,0.1006,0.0783,0.1024,0.0849,0.0819,0.0658,0.0475,0.0356,0.1235,0.1027,0.1134,0.0865,0.1547,0.1249
paired,0,27000,0.10096666666666665,10,10,10,0.8067,0.22305000000000003,0.9347019791603088,0.0876,0.0752,0.1036,0.0876,0.0805,0.0593,0.1091,0.0858,0.1016,0.0854,0.0776,0.062,0.0491,0.0371,0.1211,0.0988,0.1122,0.0866,0.1576,0.1289
paired,0,28000,0.09406666666666666,10,10,10,0.8063,0.21575,0.9349125027656555,0.087,0.0735,0.1057,0.0914,0.0801,0.0596,0.1133,0.0911,0.0981,0.083,0.0819,0.0647,0.0506,0.0397,0.1229,0.1,0.1075,0.0821,0.1529,0.1212
paired,0,29000,0.0945,10,10,10,0.8091,0.21734999999999996,0.9364177584648132,0.0903,0.0767,0.1177,0.1009,0.0768,0.0601,0.1092,0.0858,0.0995,0.0844,0.0784,0.0603,0.047,0.0361,0.1205,0.098,0.1065,0.0812,0.1541,0.1256
paired,0,30000,0.09029999999999999,10,10,10,0.8092,0.21415,0.9356064200401306,0.0919,0.0767,0.1134,0.0968,0.0776,0.0599,0.107,0.0859,0.1029,0.087,0.0796,0.0634,0.0476,0.0367,0.1214,0.0996,0.1076,0.0807,0.151,0.1225
paired,0,31000,0.09646666666666667,10,10,10,0.8045,0.22344999999999998,0.9346420168876648,0.0928,0.0787,0.1089,0.0931,0.0771,0.0573,0.1099,0.0861,0.1019,0.0852,0.0789,0.0632,0.0452,0.0339,0.1225,0.1019,0.1059,0.078,0.1569,0.1271
paired,0,32000,0.10016666666666668,10,10,10,0.8138,0.21895000000000003,0.9382679462432861,0.0903,0.0781,0.1071,0.09,0.0778,0.0592,0.1074,0.0865,0.1056,0.0896,0.0786,0.0629,0.0454,0.0349,0.1184,0.0964,0.1115,0.0843,0.1579,0.1319
paired,0,33000,0.08916666666666667,10,10,10,0.8073,0.21985,0.9350356459617615,0.092,0.0778,0.1112,0.0966,0.0732,0.0547,0.1039,0.0813,0.1039,0.0874,0.0842,0.0674,0.0496,0.0372,0.1189,0.0987,0.108,0.0799,0.1551,0.1263
paired,0,34000,0.09319999999999999,10,10,10,0.8088,0.22425000000000003,0.9363781213760376,0.0926,0.0797,0.1135,0.0987,0.0721,0.0513,0.1084,0.0863,0.1019,0.0845,0.0811,0.065,0.048,0.035,0.1172,0.0969,0.1039,0.0792,0.1613,0.1322
paired,0,35000,0.0983,10,10,10,0.8149,0.21305000000000002,0.9374317526817322,0.0896,0.0782,0.117,0.1028,0.0745,0.054,0.1093,0.0861,0.1067,0.0901,0.08,0.0623,0.0446,0.0346,0.1199,0.1014,0.1029,0.0783,0.1555,0.1271
paired,0,36000,0.09259999999999999,10,10,10,0.8115,0.21675,0.9377667903900146,0.0923,0.0803,0.1171,0.1024,0.0762,0.0549,0.1095,0.086,0.1006,0.0844,0.0826,0.0659,0.0433,0.033,0.1172,0.0989,0.1036,0.0783,0.1576,0.1274
paired,0,37000,0.10339999999999999,10,10,10,0.8127,0.21935000000000004,0.9363650679588318,0.0897,0.0775,0.1237,0.1082,0.0691,0.0521,0.1109,0.0904,0.1025,0.0848,0.081,0.0647,0.0438,0.0325,0.1188,0.0979,0.0997,0.0734,0.1608,0.1312
paired,0,38000,0.10599999999999998,10,10,10,0.8165,0.21575,0.9375847578048706,0.0887,0.0766,0.1208,0.1047,0.0695,0.0521,0.114,0.0913,0.1028,0.087,0.0806,0.0633,0.0422,0.0305,0.1183,0.0988,0.1041,0.0808,0.159,0.1314
paired,0,39000,0.10498333333333335,10,10,10,0.8148,0.21378333333333335,0.9376493096351624,0.0882,0.0761,0.1307,0.1154,0.0731,0.0539,0.1015,0.0795,0.1087,0.0918,0.0791,0.0641,0.0423,0.0307,0.1183,0.0963,0.106,0.0823,0.1521,0.1247
paired,0,40000,0.11109999999999998,10,10,10,0.8147,0.21498333333333336,0.9375985264778137,0.0875,0.0744,0.1296,0.1141,0.0685,0.0491,0.1079,0.089,0.1034,0.0891,0.079,0.0624,0.0409,0.0314,0.1213,0.0984,0.1051,0.0797,0.1568,0.1271
paired,0,41000,0.1154,10,10,10,0.8176,0.21585000000000001,0.938164234161377,0.0859,0.0749,0.1296,0.1122,0.0685,0.0497,0.1058,0.087,0.104,0.0892,0.0769,0.0601,0.0403,0.0312,0.1163,0.0977,0.1102,0.083,0.1625,0.1326
paired,0,42000,0.1159,10,10,10,0.8238,0.21085,0.9398886561393738,0.089,0.0774,0.1281,0.1119,0.0644,0.046,0.1072,0.0862,0.1048,0.0917,0.0784,0.062,0.0393,0.0314,0.1156,0.097,0.1085,0.0864,0.1647,0.1338
paired,0,43000,0.1147,10,10,10,0.8157,0.21718333333333334,0.9375532269477844,0.0866,0.0749,0.128,0.1138,0.0662,0.0471,0.1101,0.0882,0.104,0.0882,0.0798,0.062,0.0397,0.0293,0.1214,0.1013,0.1044,0.0803,0.1598,0.1306
paired,0,44000,0.12089999999999998,10,10,10,0.8175,0.22228333333333333,0.9391043782234192,0.0874,0.0762,0.1343,0.1195,0.0669,0.0471,0.1057,0.0864,0.1017,0.0866,0.0735,0.0582,0.0383,0.0279,0.1243,0.1036,0.106,0.0802,0.1619,0.1318
paired,0,45000,0.12390000000000001,10,10,10,0.8234,0.21528333333333333,0.9403610229492188,0.0867,0.0754,0.1366,0.1217,0.0615,0.0461,0.1059,0.0866,0.1062,0.0895,0.0748,0.0595,0.0401,0.0296,0.1247,0.1034,0.1068,0.0831,0.1567,0.1285
paired,0,46000,0.12110000000000001,10,10,10,0.8271,0.21658333333333338,0.9414981603622437,0.0913,0.0802,0.14,0.125,0.0634,0.048,0.1047,0.0862,0.1017,0.0884,0.0727,0.0593,0.0385,0.0286,0.1211,0.0992,0.1054,0.082,0.1612,0.1302
paired,0,47000,0.11709999999999998,10,10,10,0.8283,0.21556666666666663,0.9423962831497192,0.0903,0.079,0.1368,0.122,0.067,0.0492,0.1064,0.0878,0.0989,0.083,0.0747,0.0603,0.0379,0.0277,0.1262,0.1047,0.1001,0.0815,0.1617,0.1331
paired,0,48000,0.12456666666666666,10,10,10,0.8279,0.22418333333333335,0.9425469636917114,0.0869,0.0769,0.1429,0.1267,0.0678,0.049,0.1069,0.0882,0.0973,0.0836,0.0715,0.0573,0.0363,0.0271,0.1216,0.1015,0.1051,0.0807,0.1637,0.1369
paired,0,49000,0.1329,10,10,10,0.8271,0.22878333333333337,0.941917896270752,0.0796,0.0702,0.1469,0.1314,0.0628,0.0459,0.1034,0.083,0.1019,0.0889,0.0755,0.0595,0.0362,0.0269,0.123,0.1022,0.1067,0.0831,0.164,0.136
paired,0,50000,0.12769999999999998,10,10,10,0.8239,0.22818333333333335,0.9412496089935303,0.0846,0.0731,0.1457,0.1286,0.0635,0.0473,0.1054,0.0861,0.1053,0.0878,0.0732,0.0609,0.038,0.0274,0.1205,0.1007,0.1008,0.077,0.163,0.135
paired,1,1000,0.3195666666666667,10,10,7,0.4569,0.6217166666666667,0.8010303974151611,0.0416,0.013,0.0777,0.0205,0.1829,0.0872,0.2948,0.1808,0.0304,0.0097,0.1337,0.0644,0.0196,0.0053,0.0391,0.0076,0.0889,0.0328,0.0913,0.0356
paired,1,2000,0.21370000000000003,10,10,10,0.5684,0.44881666666666664,0.8487153053283691,0.0779,0.0475,0.0334,0.0147,0.1265,0.0737,0.1833,0.1194,0.0697,0.0368,0.133,0.0774,0.0371,0.0168,0.0797,0.0444,0.1518,0.0876,0.1076,0.0501
paired,1,3000,0.15139999999999998,10,10,10,0.6528,0.34829999999999994,0.8826954960823059,0.0835,0.0603,0.0542,0.0333,0.1463,0.1004,0.1357,0.0893,0.0637,0.0395,0.0927,0.0594,0.055,0.0331,0.1037,0.0661,0.1347,0.0885,0.1305,0.0829
paired,1,4000,0.10848333333333335,10,10,10,0.6979,0.3057,0.8980233669281006,0.0823,0.0605,0.0748,0.052,0.1424,0.1029,0.114,0.0761,0.0678,0.0431,0.093,0.0627,0.0737,0.0511,0.1046,0.0779,0.1162,0.0808,0.1312,0.0908
paired,1,5000,0.09938333333333332,10,10,10,0.719,0.281,0.9062917232513428,0.0803,0.0611,0.081,0.0599,0.1263,0.0925,0.1132,0.0805,0.0764,0.0511,0.0917,0.0673,0.07,0.0501,0.1117,0.0849,0.1232,0.085,0.1262,0.0866
paired,1,6000,0.09104999999999999,10,10,10,0.7484,0.25160000000000005,0.9142717719078064,0.0876,0.0693,0.0785,0.0572,0.127,0.0956,0.1031,0.0773,0.0916,0.0724,0.0856,0.0636,0.0665,0.0495,0.101,0.0756,0.1289,0.0906,0.1302,0.0973
paired,1,7000,0.08140000000000001,10,10,10,0.7557,0.2443,0.9180845618247986,0.0902,0.0716,0.0851,0.0657,0.1197,0.0891,0.1092,0.0803,0.0894,0.0705,0.0968,0.075,0.0611,0.0439,0.1043,0.0823,0.1201,0.0858,0.1241,0.0915
paired,1,8000,0.07516666666666666,10,10,10,0.7691,0.23175,0.9215056896209717,0.1011,0.0829,0.0864,0.0666,0.1124,0.0853,0.1035,0.0759,0.0883,0.0706,0.0949,0.0745,0.0585,0.044,0.1045,0.0823,0.1192,0.087,0.1312,0.1
paired,1,9000,0.07858333333333334,10,10,10,0.7722,0.2278,0.9234477281570435,0.1033,0.0869,0.0818,0.0651,0.1143,0.0858,0.107,0.0828,0.094,0.0745,0.0957,0.0742,0.055,0.0418,0.1034,0.0804,0.1162,0.085,0.1293,0.0957
paired,1,10000,0.07220000000000001,10,10,10,0.7803,0.22455,0.9262821078300476,0.0978,0.0815,0.0886,0.0704,0.1038,0.0796,0.1029,0.0773,0.0929,0.0762,0.1009,0.0791,0.0589,0.0441,0.1011,0.0822,0.1162,0.0859,0.1369,0.104
paired,1,11000,0.07155,10,10,10,0.7758,0.22804999999999997,0.9250519275665283,0.103,0.0876,0.0879,0.0695,0.0995,0.0776,0.1015,0.0745,0.0935,0.0748,0.0939,0.0741,0.0561,0.044,0.1073,0.0838,0.1205,0.0869,0.1368,0.103
paired,1,12000,0.07488333333333334,10,10,10,0.7792,0.22735000000000002,0.92477947473526,0.1044,0.0866,0.09,0.0704,0.1029,0.0768,0.1038,0.0802,0.0893,0.0708,0.0986,0.0784,0.0547,0.0425,0.1039,0.0807,0.1178,0.0871,0.1346,0.1057
paired,1,13000,0.07841666666666668,10,10,10,0.7799,0.22095,0.9264318346977234,0.1079,0.0905,0.092,0.0749,0.1024,0.0755,0.1157,0.0895,0.0882,0.0708,0.0882,0.0709,0.0519,0.0402,0.1082,0.0852,0.1138,0.0824,0.1317,0.1
paired,1,14000,0.07236666666666668,10,10,10,0.7911,0.21015,0.9295759797096252,0.1062,0.0901,0.0919,0.0753,0.103,0.0783,0.1126,0.0889,0.0886,0.0732,0.0904,0.072,0.0555,0.0432,0.1088,0.087,0.1123,0.0827,0.1307,0.1004
paired,1,15000,0.07826666666666668,10,10,10,0.79,0.21205,0.9305145740509033,0.1086,0.0897,0.0951,0.0789,0.0865,0.0663,0.1139,0.0888,0.0942,0.0775,0.0944,0.0755,0.0536,0.0409,0.1095,0.0859,0.1134,0.0853,0.1308,0.1012
paired,1,16000,0.07316666666666666,10,10,10,0.791,0.21394999999999997,0.9292689561843872,0.1079,0.0925,0.096,0.0792,0.0966,0.0726,0.113,0.0874,0.0933,0.0782,0.0911,0.0729,0.0486,0.0372,0.1052,0.0831,0.1127,0.0838,0.1356,0.1041
paired,1,17000,0.07556666666666667,10,10,10,0.7932,0.20905,0.931336522102356,0.1043,0.0901,0.0952,0.0797,0.0963,0.0707,0.1169,0.0899,0.09,0.0752,0.0928,0.076,0.0506,0.0383,0.1082,0.0855,0.1129,0.0864,0.1328,0.1014
paired,1,18000,0.07466666666666667,10,10,10,0.7964,0.20885000000000004,0.9311358332633972,0.1062,0.0921,0.0992,0.082,0.093,0.0674,0.1117,0.0865,0.0942,0.0774,0.0918,0.0744,0.0466,0.0357,0.1072,0.0874,0.1135,0.0891,0.1366,0.1044
paired,1,19000,0.08511666666666667,10,10,10,0.7948,0.21655000000000002,0.9309794902801514,0.1105,0.094,0.1045,0.0859,0.0917,0.0683,0.1094,0.0843,0.0879,0.0738,0.0833,0.0674,0.0455,0.0349,0.1051,0.0865,0.1185,0.0892,0.1436,0.1105
paired,1,20000,0.07946666666666666,10,10,10,0.7973,0.21325,0.9325653314590454,0.1028,0.0901,0.1022,0.0849,0.0903,0.0683,0.1117,0.0877,0.092,0.0757,0.0937,0.0757,0.0437,0.0337,0.114,0.0904,0.1109,0.0811,0.1387,0.1097
paired,1,21000,0.07121666666666668,10,10,10,0.8046,0.20935,0.933339536190033,0.1089,0.0936,0.1045,0.0874,0.0913,0.0688,0.1028,0.0808,0.0966,0.0798,0.0883,0.0714,0.0461,0.0341,0.1072,0.0872,0.1143,0.0884,0.14,0.1131
paired,1,22000,0.07441666666666666,10,10,10,0.8005,0.20825,0.9334502220153809,0.1062,0.0921,0.1082,0.092,0.0899,0.0672,0.1088,0.0845,0.0882,0.0725,0.0903,0.0716,0.047,0.0336,0.1085,0.0888,0.1172,0.0903,0.1357,0.1079
paired,1,23000,0.07455,10,10,10,0.8055,0.21055000000000001,0.9349796772003174,0.1065,0.0935,0.1129,0.0968,0.0858,0.0646,0.1065,0.0832,0.0925,0.0748,0.085,0.067,0.0478,0.0359,0.1114,0.0899,0.1133,0.0846,0.1383,0.1152
paired,1,24000,0.07825000000000001,10,10,10,0.8083,0.20575,0.9346082806587219,0.1071,0.0946,0.1144,0.0982,0.0858,0.0631,0.1092,0.084,0.0925,0.077,0.0831,0.0663,0.046,0.035,0.1094,0.0907,0.1106,0.0862,0.1419,0.1132
paired,1,25000,0.07855000000000001,10,10,10,0.8084,0.20325,0.9363628625869751,0.1126,0.0974,0.1155,0.1,0.0825,0.0623,0.1042,0.0823,0.0952,0.0786,0.0814,0.0659,0.048,0.0367,0.1082,0.0889,0.1139,0.0855,0.1385,0.1108
paired,1,26000,0.07655,10,10,10,0.808,0.20195,0.9353882074356079,0.1073,0.0941,0.1197,0.1018,0.0866,0.0652,0.108,0.0847,0.0922,0.0785,0.087,0.0701,0.0433,0.0316,0.1165,0.0959,0.1046,0.077,0.1348,0.1091
paired,1,27000,0.08925,10,10,10,0.8095,0.20185000000000003,0.9360990524291992,0.1097,0.094,0.1254,0.1081,0.0834,0.0613,0.1129,0.0889,0.0907,0.0751,0.0785,0.0634,0.0438,0.0331,0.1122,0.0934,0.1066,0.0817,0.1368,0.1105
paired,1,28000,0.09564999999999999,10,10,10,0.8097,0.20545000000000002,0.9365150332450867,0.1102,0.0966,0.1284,0.1111,0.0772,0.0577,0.1108,0.0892,0.0874,0.0734,0.0841,0.0656,0.0413,0.0311,0.1088,0.091,0.1056,0.0797,0.1462,0.1143
paired,1,29000,0.08615,10,10,10,0.8103,0.20495,0.9364685416221619,0.1081,0.0944,0.127,0.1111,0.082,0.061,0.1116,0.0907,0.0913,0.0753,0.082,0.0636,0.0442,0.0327,0.1118,0.0919,0.1015,0.0752,0.1405,0.1144
paired,1,30000,0.08685000000000001,10,10,10,0.8143,0.20465,0.9385623931884766,0.1111,0.0967,0.1254,0.109,0.0876,0.0631,0.1077,0.086,0.0904,0.0772,0.0806,0.0647,0.0402,0.0303,0.1096,0.0902,0.1048,0.079,0.1426,0.1181
paired,1,31000,0.09175,10,10,10,0.817,0.19818333333333338,0.9383235573768616,0.1078,0.0935,0.1313,0.1158,0.0822,0.0608,0.1074,0.0852,0.0916,0.0782,0.0794,0.0647,0.0407,0.0304,0.1169,0.0968,0.1035,0.0807,0.1392,0.1109
paired,1,32000,0.08914999999999998,10,10,10,0.8215,0.19388333333333332,0.9397681355476379,0.107,0.0938,0.1294,0.1125,0.0822,0.0616,0.1088,0.0867,0.0937,0.0793,0.0818,0.064,0.0388,0.0293,0.1141,0.0961,0.1064,0.0838,0.1378,0.1144
paired,1,33000,0.09505,10,10,10,0.8178,0.19968333333333335,0.9380376935005188,0.1093,0.0976,0.1312,0.1144,0.0761,0.0552,0.1084,0.0866,0.0939,0.0797,0.0805,0.0649,0.0401,0.0291,0.1143,0.0946,0.1049,0.0811,0.1413,0.1146
paired,1,34000,0.09645000000000001,10,10,10,0.8162,0.20728333333333332,0.9387364387512207,0.1104,0.0979,0.1326,0.1139,0.0757,0.0552,0.1094,0.0874,0.0938,0.0788,0.08,0.0645,0.0397,0.0281,0.1119,0.0919,0.1012,0.0774,0.1453,0.1211
paired,1,35000,0.09625,10,10,10,0.8149,0.20065000000000002,0.9377604722976685,0.1083,0.0945,0.1301,0.1122,0.0746,0.0562,0.1143,0.0908,0.0932,0.078,0.0845,0.0689,0.0371,0.0262,0.1161,0.0969,0.1009,0.0765,0.1409,0.1147
paired,1,36000,0.10035,10,10,10,0.8174,0.20716666666666667,0.9381095767021179,0.1137,0.0995,0.1355,0.1167,0.075,0.0538,0.1044,0.0841,0.0911,0.0772,0.0828,0.0655,0.0364,0.0259,0.1158,0.0974,0.1001,0.0787,0.1452,0.1186
paired,1,37000,0.09925,10,10,10,0.8163,0.2038833333333333,0.9386168718338013,0.1121,0.0979,0.1316,0.1151,0.0736,0.0533,0.1094,0.0855,0.0934,0.0793,0.0821,0.0659,0.0373,0.0276,0.1154,0.0958,0.1029,0.0793,0.1422,0.1166
paired,1,38000,0.10355,10,10,10,0.8187,0.20458333333333334,0.9388675689697266,0.1108,0.0963,0.1307,0.114,0.0723,0.0541,0.1099,0.0871,0.0906,0.0767,0.0806,0.0646,0.0386,0.0296,0.1169,0.0986,0.1006,0.0769,0.149,0.1208
paired,1,39000,0.10744999999999999,10,10,10,0.8189,0.20838333333333334,0.9390627145767212,0.108,0.0943,0.1321,0.1163,0.0722,0.0535,0.1123,0.0884,0.0893,0.0768,0.0789,0.0632,0.0378,0.0288,0.1157,0.0959,0.103,0.0792,0.1507,0.1225
paired,1,40000,0.10635,10,10,10,0.8202,0.2076833333333333,0.9400312304496765,0.1127,0.0978,0.1322,0.1161,0.0696,0.051,0.1107,0.0878,0.0915,0.0774,0.0812,0.0651,0.037,0.0273,0.1118,0.0949,0.1032,0.0795,0.1501,0.1233
paired,1,41000,0.10505,10,10,10,0.8276,0.20508333333333334,0.942177951335907,0.1086,0.0951,0.139,0.124,0.0708,0.0528,0.1132,0.0903,0.0924,0.0777,0.0819,0.0672,0.0355,0.0277,0.1109,0.0938,0.102,0.0788,0.1457,0.1202
paired,1,42000,0.11124999999999999,10,10,10,0.8244,0.20058333333333334,0.9396112561225891,0.1091,0.0967,0.1377,0.1233,0.0685,0.0509,0.1112,0.089,0.0929,0.0786,0.0756,0.0609,0.0374,0.0276,0.1136,0.0952,0.1132,0.089,0.1408,0.1132
paired,1,43000,0.10805000000000001,10,10,10,0.824,0.20598333333333332,0.9409932494163513,0.1047,0.0927,0.1419,0.1261,0.0699,0.0502,0.1167,0.0951,0.0922,0.0776,0.0807,0.0646,0.0348,0.0267,0.1154,0.0966,0.1012,0.079,0.1425,0.1154
paired,1,44000,0.11384999999999998,10,10,10,0.8215,0.21308333333333335,0.9399531483650208,0.1056,0.0929,0.1439,0.128,0.0673,0.0489,0.1138,0.0918,0.0916,0.0773,0.0775,0.0614,0.0354,0.027,0.1196,0.0992,0.0997,0.0769,0.1456,0.1181
paired,1,45000,0.12255000000000002,10,10,10,0.8239,0.21748333333333336,0.9411769509315491,0.1062,0.0934,0.1459,0.1296,0.0658,0.0472,0.1118,0.0902,0.0901,0.0776,0.0735,0.0576,0.0337,0.0263,0.1215,0.102,0.0994,0.0767,0.1521,0.1233
paired,1,46000,0.11814999999999998,10,10,10,0.8293,0.2115833333333333,0.942817211151123,0.1106,0.0969,0.1493,0.1356,0.0669,0.0478,0.1094,0.0883,0.0923,0.0774,0.0749,0.0596,0.0334,0.0253,0.1214,0.1029,0.0977,0.0787,0.1441,0.1168
paired,1,47000,0.11674999999999999,10,10,10,0.8308,0.20998333333333336,0.9433706998825073,0.1105,0.0973,0.1517,0.1372,0.0654,0.0471,0.1066,0.0838,0.0941,0.0799,0.0784,0.0639,0.031,0.0242,0.1203,0.1016,0.101,0.0807,0.141,0.1151
paired,1,48000,0.11954999999999999,10,10,10,0.8235,0.22168333333333332,0.9423373341560364,0.1125,0.0976,0.1506,0.1355,0.0633,0.0461,0.1067,0.0852,0.0956,0.0802,0.0757,0.0613,0.0315,0.0223,0.1179,0.0985,0.0989,0.0756,0.1473,0.1212
paired,1,49000,0.12585,10,10,10,0.8295,0.21838333333333332,0.9427083134651184,0.1069,0.0938,0.1523,0.1383,0.0634,0.0467,0.1122,0.0882,0.0928,0.0799,0.0738,0.0602,0.0298,0.021,0.1184,0.0982,0.1028,0.0821,0.1476,0.1211
paired,1,50000,0.12194999999999998,10,10,10,0.831,0.21398333333333336,0.9433465003967285,0.1098,0.0968,0.1535,0.1385,0.0639,0.0471,0.1075,0.0857,0.0946,0.0809,0.0737,0.0591,0.0315,0.0222,0.1202,0.1017,0.1023,0.081,0.143,0.118
paired,2,1000,0.30515,9,10,8,0.4388,0.6217166666666666,0.7958982586860657,0.0549,0.0219,0.0444,0.0102,0.1779,0.0786,0.2817,0.1627,0.0158,0.0037,0.1209,0.0564,0.0099,0.0017,0.086,0.0214,0.114,0.046,0.0945,0.0362
paired,2,2000,0.2092,10,10,10,0.5417,0.46711666666666674,0.8385452032089233,0.0754,0.0432,0.0325,0.0141,0.1322,0.0779,0.1858,0.111,0.0759,0.0415,0.1144,0.056,0.0348,0.0165,0.0837,0.0444,0.15,0.0817,0.1153,0.0554
paired,2,3000,0.14670000000000002,10,10,10,0.6567,0.34330000000000005,0.8812339901924133,0.0793,0.0542,0.054,0.0329,0.1342,0.0937,0.1441,0.0953,0.0852,0.0551,0.0966,0.0623,0.0622,0.0364,0.0841,0.0564,0.124,0.081,0.1363,0.0894
paired,2,4000,0.14660000000000004,10,10,10,0.6849,0.31510000000000005,0.891806960105896,0.076,0.0543,0.0562,0.0357,0.1308,0.0921,0.1342,0.0945,0.0684,0.0442,0.1039,0.0718,0.0668,0.045,0.0975,0.0679,0.1375,0.0927,0.1287,0.0867
paired,2,5000,0.09790000000000001,10,10,10,0.7249,0.2751,0.9067938327789307,0.088,0.0699,0.0686,0.0486,0.1179,0.0862,0.1235,0.0909,0.0782,0.056,0.098,0.0695,0.0829,0.0623,0.0959,0.071,0.1305,0.0903,0.1165,0.0802
paired,2,6000,0.09080000000000002,10,10,10,0.7381,0.26208333333333333,0.912211537361145,0.0924,0.0741,0.0752,0.0589,0.1093,0.0772,0.108,0.079,0.0797,0.056,0.1028,0.0761,0.0764,0.0564,0.097,0.0749,0.1398,0.0977,0.1194,0.0878
paired,2,7000,0.0849,10,10,10,0.7529,0.24710000000000001,0.9168820381164551,0.0977,0.0792,0.0696,0.0541,0.1183,0.0865,0.1144,0.0871,0.0841,0.0627,0.0963,0.0739,0.0747,0.0543,0.1005,0.078,0.1317,0.0954,0.1127,0.0817
paired,2,8000,0.07938333333333333,10,10,10,0.7564,0.24360000000000004,0.917550802230835,0.1042,0.0863,0.0772,0.0602,0.1045,0.0767,0.1176,0.0903,0.0835,0.0633,0.0989,0.0749,0.0715,0.0523,0.1012,0.0778,0.1214,0.0877,0.12,0.0869
paired,2,9000,0.09538333333333332,10,10,10,0.7687,0.23129999999999998,0.9229410886764526,0.1076,0.0897,0.0697,0.0552,0.0967,0.0697,0.1271,0.0982,0.0873,0.0671,0.0904,0.0716,0.0684,0.0511,0.0946,0.0755,0.1268,0.0922,0.1314,0.0984
paired,2,10000,0.09798333333333337,10,10,10,0.7713,0.23325,0.9232060313224792,0.1071,0.0892,0.0721,0.0568,0.0998,0.0739,0.1202,0.0924,0.0797,0.0631,0.0986,0.0765,0.0634,0.0484,0.0996,0.0785,0.1226,0.0888,0.1369,0.1037
paired,2,11000,0.08368333333333336,10,10,10,0.7762,0.22380000000000003,0.9248998165130615,0.1071,0.0905,0.0748,0.0582,0.0985,0.0755,0.1231,0.0961,0.0919,0.0715,0.0961,0.0746,0.0638,0.0491,0.0994,0.08,0.1161,0.0844,0.1292,0.0963
paired,2,12000,0.08618333333333336,10,10,10,0.769,0.23099999999999998,0.9223528504371643,0.1104,0.0914,0.0735,0.0564,0.1027,0.0768,0.1178,0.0922,0.0926,0.0714,0.097,0.0746,0.0615,0.0455,0.099,0.0766,0.1168,0.0862,0.1287,0.0979
paired,2,13000,0.08921666666666667,10,10,10,0.7811,0.22305,0.9255609512329102,0.1099,0.0926,0.0744,0.0578,0.0898,0.067,0.1231,0.0972,0.098,0.0789,0.0906,0.0719,0.0634,0.0474,0.0979,0.0768,0.1182,0.0882,0.1347,0.1033
paired,2,14000,0.09561666666666666,10,10,10,0.7783,0.22336666666666666,0.9251970648765564,0.1168,0.0975,0.0701,0.0524,0.0888,0.0671,0.1261,0.1023,0.0932,0.0751,0.088,0.0679,0.0623,0.0473,0.1087,0.0852,0.1116,0.0828,0.1344,0.1007
paired,2,15000,0.09181666666666666,10,10,10,0.7899,0.2133833333333333,0.9276219010353088,0.1191,0.102,0.0785,0.0622,0.0886,0.0665,0.1213,0.0973,0.0946,0.0755,0.0854,0.0679,0.0591,0.0444,0.1108,0.0909,0.1129,0.0845,0.1297,0.0987
paired,2,16000,0.08376666666666666,10,10,10,0.7807,0.21930000000000002,0.9264317154884338,0.1144,0.096,0.0787,0.063,0.0922,0.0674,0.1224,0.0957,0.0946,0.0767,0.0931,0.0727,0.0584,0.0434,0.1131,0.0913,0.1082,0.0795,0.1249,0.095
paired,2,17000,0.08411666666666667,10,10,10,0.7843,0.22165,0.9270908236503601,0.1097,0.0942,0.0757,0.0592,0.0959,0.0713,0.1195,0.0936,0.0951,0.0765,0.0903,0.0704,0.0569,0.0421,0.1095,0.0876,0.1132,0.0843,0.1342,0.1051
paired,2,18000,0.09031666666666666,10,10,10,0.7897,0.21465,0.9300176501274109,0.1115,0.0951,0.081,0.0647,0.0911,0.0694,0.1196,0.0931,0.0902,0.0728,0.0902,0.0717,0.0552,0.042,0.1115,0.092,0.1172,0.0854,0.1325,0.1035
paired,2,19000,0.08811666666666668,10,10,10,0.7904,0.21665,0.9293913841247559,0.1052,0.0905,0.0824,0.0659,0.0902,0.0699,0.122,0.0947,0.0931,0.0746,0.0881,0.0692,0.0561,0.0434,0.1114,0.091,0.1156,0.085,0.1359,0.1062
paired,2,20000,0.08146666666666669,10,10,10,0.7935,0.21125,0.9311633706092834,0.1064,0.0902,0.0848,0.0695,0.0933,0.0698,0.1186,0.0934,0.0949,0.0769,0.092,0.0732,0.0532,0.0405,0.1177,0.0963,0.1079,0.0798,0.1312,0.1039
paired,2,21000,0.08311666666666667,10,10,10,0.7976,0.21085,0.9325430393218994,0.1038,0.0884,0.0882,0.0728,0.0931,0.0722,0.1172,0.0928,0.0972,0.079,0.0852,0.0677,0.0512,0.0384,0.1161,0.0971,0.1077,0.0816,0.1403,0.1076
paired,2,22000,0.08125,10,10,10,0.7976,0.20805,0.9321959018707275,0.105,0.0895,0.0906,0.0761,0.0923,0.0689,0.1186,0.0937,0.1015,0.0824,0.0834,0.0681,0.0531,0.0415,0.1153,0.0977,0.1031,0.0749,0.1371,0.1048
paired,2,23000,0.08415,10,10,10,0.8067,0.19985000000000003,0.9337164759635925,0.1058,0.0897,0.0923,0.0765,0.0834,0.062,0.1213,0.0973,0.0987,0.0815,0.0887,0.0738,0.0521,0.0412,0.1163,0.0997,0.1059,0.0793,0.1355,0.1057
paired,2,24000,0.09071666666666667,10,10,10,0.7973,0.21494999999999997,0.9318603277206421,0.1059,0.0912,0.1015,0.0823,0.0793,0.0581,0.1173,0.0947,0.0923,0.0755,0.0819,0.0671,0.0523,0.0404,0.1192,0.0976,0.1082,0.079,0.1421,0.1114
paired,2,25000,0.08221666666666666,10,10,10,0.8001,0.20694999999999997,0.932168185710907,0.1023,0.0874,0.1023,0.0849,0.0791,0.0588,0.1232,0.0977,0.0964,0.0781,0.0882,0.0695,0.0498,0.0395,0.1188,0.1001,0.1032,0.0779,0.1367,0.1062
paired,2,26000,0.07941666666666666,10,10,10,0.8088,0.20343333333333335,0.9352372884750366,0.1045,0.091,0.1031,0.0888,0.082,0.0606,0.1162,0.0942,0.0917,0.0762,0.0873,0.0682,0.0545,0.042,0.1252,0.1051,0.0978,0.072,0.1377,0.1107
paired,2,27000,0.07405,10,10,10,0.8031,0.20285,0.9342831969261169,0.1053,0.0916,0.1101,0.0943,0.0822,0.0616,0.115,0.0911,0.0996,0.0816,0.0827,0.0642,0.0516,0.0385,0.1197,0.0989,0.1026,0.0762,0.1312,0.1051
paired,2,28000,0.08961666666666665,10,10,10,0.8053,0.20575,0.9343978762626648,0.1059,0.0919,0.1111,0.0955,0.0751,0.0567,0.1148,0.0908,0.0921,0.077,0.0811,0.0644,0.049,0.0384,0.1256,0.1029,0.1057,0.0775,0.1396,0.1102
paired,2,29000,0.08334999999999998,10,10,10,0.8111,0.19895,0.9361135959625244,0.1044,0.0923,0.1197,0.1032,0.075,0.0561,0.1149,0.0927,0.0954,0.0781,0.0859,0.0685,0.046,0.034,0.12,0.0998,0.1035,0.0772,0.1352,0.1092
paired,2,30000,0.08615,10,10,10,0.8097,0.20145000000000002,0.9345666766166687,0.0998,0.0887,0.1209,0.1031,0.0738,0.0571,0.1131,0.0918,0.0971,0.0814,0.0843,0.0663,0.0443,0.0337,0.1212,0.1007,0.1039,0.0766,0.1416,0.1103
paired,2,31000,0.08568333333333333,10,10,10,0.8132,0.19585,0.9374487996101379,0.1009,0.0887,0.1227,0.1057,0.0755,0.0572,0.1101,0.0886,0.099,0.0842,0.0827,0.0656,0.0444,0.0335,0.1202,0.1011,0.1063,0.0804,0.1382,0.1082
paired,2,32000,0.08479999999999999,10,10,10,0.8131,0.20064999999999997,0.9369705319404602,0.0984,0.0862,0.1194,0.1035,0.0776,0.058,0.1136,0.089,0.1046,0.0884,0.083,0.0654,0.0432,0.0335,0.1152,0.0974,0.1033,0.0788,0.1417,0.1129
paired,2,33000,0.09359999999999999,10,10,10,0.8134,0.20305,0.9374679923057556,0.0987,0.087,0.1209,0.1061,0.0747,0.0552,0.1175,0.0933,0.0988,0.083,0.0786,0.0619,0.0414,0.0316,0.1167,0.0979,0.1071,0.0818,0.1456,0.1156
paired,2,34000,0.0972833333333333,10,10,10,0.8155,0.20265,0.9374683499336243,0.1019,0.0879,0.1283,0.1102,0.0752,0.0545,0.1135,0.0894,0.1007,0.0848,0.0742,0.0599,0.0416,0.0321,0.1167,0.0999,0.1037,0.0795,0.1442,0.1173
paired,2,35000,0.0927,10,10,10,0.8213,0.19405,0.9390066266059875,0.0961,0.0849,0.1266,0.1095,0.0759,0.0586,0.117,0.0939,0.0984,0.0834,0.0803,0.0647,0.042,0.033,0.1188,0.0999,0.1024,0.0789,0.1425,0.1145
paired,2,36000,0.0947,10,10,10,0.8196,0.19835000000000003,0.9388613104820251,0.0951,0.083,0.1257,0.1101,0.0742,0.0543,0.1154,0.0923,0.1007,0.0846,0.08,0.0641,0.043,0.0346,0.1205,0.1025,0.102,0.077,0.1434,0.1171
paired,2,37000,0.10168333333333335,10,10,10,0.8139,0.19825,0.9383478760719299,0.0988,0.0852,0.1274,0.1101,0.0661,0.0482,0.1194,0.0958,0.1063,0.0888,0.078,0.0616,0.0425,0.0326,0.1208,0.1021,0.1031,0.0782,0.1376,0.1113
paired,2,38000,0.09885,10,10,10,0.8144,0.20858333333333332,0.9380057454109192,0.1007,0.0858,0.1345,0.1183,0.0711,0.0528,0.1141,0.0893,0.0916,0.0764,0.0804,0.0621,0.0437,0.0341,0.1191,0.1012,0.1023,0.0782,0.1425,0.1162
paired,2,39000,0.09946666666666665,10,10,10,0.8195,0.20348333333333332,0.9391240477561951,0.0956,0.0834,0.1356,0.1201,0.0716,0.0535,0.116,0.0935,0.0967,0.0817,0.0801,0.0645,0.0409,0.0315,0.1217,0.1013,0.1003,0.0756,0.1415,0.1144
paired,2,40000,0.1018,10,10,10,0.8168,0.20508333333333337,0.9383492469787598,0.0939,0.0802,0.1371,0.119,0.0671,0.0493,0.116,0.0929,0.1012,0.0838,0.0837,0.0658,0.0405,0.031,0.1194,0.1028,0.099,0.0776,0.1421,0.1144
paired,2,41000,0.11276666666666668,10,10,10,0.8217,0.20138333333333336,0.9413982629776001,0.0943,0.0819,0.1381,0.1213,0.0685,0.0494,0.1254,0.1014,0.0958,0.083,0.0752,0.0605,0.0378,0.0294,0.1231,0.1044,0.1,0.0771,0.1418,0.1133
paired,2,42000,0.11065,10,10,10,0.8232,0.21138333333333334,0.9397728443145752,0.1011,0.0882,0.1403,0.1229,0.0658,0.0469,0.1141,0.0915,0.0914,0.0764,0.0788,0.063,0.039,0.03,0.1142,0.0986,0.1069,0.0825,0.1484,0.1232
paired,2,43000,0.10865,10,10,10,0.8181,0.21438333333333331,0.9393454790115356,0.1041,0.0902,0.1426,0.1248,0.0671,0.0495,0.1099,0.0889,0.0921,0.0772,0.0779,0.0618,0.0399,0.0292,0.1165,0.0979,0.1038,0.0794,0.1461,0.1192
paired,2,44000,0.11075000000000002,10,10,10,0.8301,0.20378333333333334,0.9428638815879822,0.0993,0.0888,0.1404,0.1249,0.069,0.0506,0.1158,0.0932,0.091,0.0783,0.0768,0.0618,0.0381,0.029,0.1197,0.1032,0.1019,0.0798,0.148,0.1205
paired,2,45000,0.11474999999999999,10,10,10,0.8213,0.21418333333333334,0.9397058486938477,0.1036,0.0904,0.1418,0.1267,0.066,0.0485,0.1103,0.0874,0.0916,0.0756,0.075,0.0586,0.0383,0.0292,0.1192,0.1007,0.108,0.0839,0.1462,0.1203
paired,2,46000,0.11726666666666666,10,10,10,0.8211,0.2144833333333333,0.9402785897254944,0.0982,0.0858,0.1389,0.1246,0.0639,0.0467,0.1152,0.0933,0.0908,0.0766,0.0768,0.061,0.0374,0.0281,0.1158,0.0997,0.1108,0.0828,0.1522,0.1225
paired,2,47000,0.11216666666666666,10,10,10,0.8253,0.2093833333333333,0.941443920135498,0.0976,0.087,0.1461,0.1286,0.0674,0.0496,0.1124,0.0918,0.0937,0.0795,0.0771,0.061,0.0364,0.0276,0.1153,0.1002,0.1078,0.0824,0.1462,0.1176
paired,2,48000,0.10745000000000002,10,10,10,0.8273,0.20428333333333332,0.9411894679069519,0.099,0.087,0.1446,0.1284,0.0663,0.0477,0.1129,0.0928,0.0958,0.0808,0.0812,0.0655,0.0349,0.0271,0.1157,0.1012,0.108,0.0821,0.1416,0.1147
paired,2,49000,0.11255000000000001,10,10,10,0.8292,0.20828333333333332,0.9430011510848999,0.1024,0.0893,0.1464,0.1305,0.0628,0.045,0.1108,0.09,0.0934,0.0803,0.0812,0.0654,0.0357,0.0262,0.1182,0.1025,0.1037,0.0815,0.1454,0.1185
paired,2,50000,0.11855000000000002,10,10,10,0.8285,0.20868333333333333,0.9412349462509155,0.1043,0.0906,0.1492,0.1335,0.0633,0.0449,0.1091,0.0866,0.0935,0.0806,0.0755,0.0617,0.0348,0.0262,0.1209,0.1035,0.1073,0.0857,0.1421,0.1152
paired,3,1000,0.28775,9,10,7,0.446,0.6037166666666667,0.7990508675575256,0.0487,0.019,0.0452,0.0086,0.1904,0.0831,0.2676,0.1519,0.0235,0.0059,0.0846,0.0351,0.0091,0.0016,0.103,0.0393,0.1175,0.0518,0.1104,0.0497
paired,3,2000,0.1929,10,10,10,0.5703,0.44151666666666667,0.8505035042762756,0.0822,0.0515,0.0517,0.0237,0.1361,0.0792,0.1842,0.114,0.0748,0.0466,0.0913,0.05,0.0293,0.0135,0.0806,0.046,0.1451,0.0759,0.1247,0.0699
paired,3,3000,0.14659999999999998,10,10,10,0.6492,0.3508,0.8786395788192749,0.0667,0.0444,0.0551,0.033,0.1435,0.0974,0.1287,0.0872,0.095,0.0635,0.093,0.0581,0.0561,0.0331,0.092,0.0634,0.118,0.0725,0.1519,0.0966
paired,3,4000,0.1372,10,10,10,0.6978,0.30258333333333337,0.8970808386802673,0.0811,0.0602,0.0605,0.0402,0.1323,0.0963,0.123,0.0838,0.0777,0.0544,0.0966,0.0679,0.0589,0.0396,0.0961,0.0682,0.1427,0.0979,0.1311,0.0893
paired,3,5000,0.11615,10,10,10,0.734,0.26755,0.9089720845222473,0.0865,0.0663,0.075,0.0549,0.1291,0.0968,0.1087,0.081,0.0757,0.0561,0.0873,0.0646,0.068,0.0465,0.0932,0.0702,0.1352,0.0969,0.1413,0.1007
paired,3,6000,0.09894999999999998,10,10,10,0.7416,0.25839999999999996,0.9113963842391968,0.0804,0.0597,0.0774,0.0597,0.1204,0.0901,0.1207,0.0896,0.0872,0.066,0.0898,0.067,0.0671,0.0501,0.101,0.0781,0.1234,0.0849,0.1326,0.0964
paired,3,7000,0.07998333333333332,10,10,10,0.757,0.243,0.9179892539978027,0.0919,0.0745,0.0803,0.0621,0.1085,0.0795,0.1046,0.0766,0.0908,0.071,0.1024,0.0791,0.0641,0.0462,0.1074,0.0826,0.1214,0.0889,0.1286,0.0965
paired,3,8000,0.08138333333333334,10,10,10,0.7697,0.23029999999999998,0.921707808971405,0.0871,0.0693,0.0829,0.0649,0.1077,0.0811,0.1099,0.0831,0.0957,0.0763,0.0994,0.0767,0.06,0.0448,0.1065,0.0849,0.1251,0.0918,0.1257,0.0968
paired,3,9000,0.08348333333333333,10,10,10,0.7793,0.22505000000000003,0.9250558614730835,0.0906,0.0738,0.0824,0.0664,0.1065,0.0798,0.1177,0.0912,0.0927,0.0756,0.1032,0.0804,0.0579,0.0435,0.1057,0.0848,0.1111,0.0803,0.1322,0.1035
paired,3,10000,0.0777,10,10,10,0.7765,0.22595000000000004,0.9240195155143738,0.085,0.0696,0.09,0.0738,0.1044,0.0786,0.1202,0.0915,0.0961,0.0795,0.0981,0.0781,0.0589,0.044,0.1038,0.0818,0.1108,0.078,0.1327,0.1016
paired,3,11000,0.0872,10,10,10,0.7842,0.22425,0.9277046918869019,0.0864,0.0695,0.0774,0.0614,0.1077,0.0824,0.1127,0.0888,0.0969,0.0797,0.0988,0.0778,0.06,0.0465,0.1036,0.0842,0.1179,0.0863,0.1386,0.1076
paired,3,12000,0.08838333333333331,10,10,10,0.7808,0.22315,0.9268742203712463,0.0881,0.0727,0.0803,0.0633,0.1009,0.0762,0.1243,0.0998,0.093,0.0758,0.0923,0.0709,0.0573,0.0433,0.1127,0.0902,0.1152,0.0855,0.1359,0.1031
paired,3,13000,0.08748333333333333,10,10,10,0.7931,0.20865,0.9305989146232605,0.0959,0.079,0.075,0.0624,0.0966,0.0738,0.12,0.0942,0.095,0.0794,0.0978,0.0786,0.0564,0.0437,0.1159,0.0941,0.1169,0.087,0.1305,0.1009
paired,3,14000,0.08498333333333333,10,10,10,0.7881,0.22344999999999998,0.9295487999916077,0.0977,0.08,0.078,0.0625,0.0956,0.0716,0.1199,0.0941,0.0962,0.0791,0.0956,0.0765,0.0539,0.0417,0.1075,0.0875,0.1139,0.0844,0.1417,0.1107
paired,3,15000,0.07919999999999999,10,10,10,0.8001,0.21135,0.932920515537262,0.0998,0.0848,0.0811,0.0658,0.099,0.0765,0.1177,0.0928,0.0984,0.0839,0.0924,0.0744,0.051,0.0391,0.106,0.0847,0.1168,0.0875,0.1378,0.1106
paired,3,16000,0.08161666666666667,10,10,10,0.7892,0.21865,0.9303454160690308,0.1017,0.082,0.0824,0.0672,0.0975,0.0753,0.1225,0.0937,0.0963,0.08,0.0894,0.0723,0.0508,0.0383,0.1107,0.0903,0.1118,0.0831,0.1369,0.107
paired,3,17000,0.09218333333333334,10,10,10,0.7895,0.22405000000000003,0.9302703142166138,0.0924,0.0752,0.0809,0.0663,0.0948,0.0731,0.122,0.097,0.0941,0.0766,0.0953,0.0737,0.052,0.0386,0.1084,0.0887,0.1164,0.0876,0.1437,0.1127
paired,3,18000,0.07848333333333334,10,10,10,0.7899,0.21994999999999998,0.929818332195282,0.0944,0.078,0.0891,0.0732,0.0992,0.0751,0.1209,0.0951,0.0963,0.0809,0.0934,0.0741,0.0489,0.0349,0.1121,0.0909,0.1081,0.0787,0.1376,0.109
paired,3,19000,0.08888333333333331,10,10,10,0.79,0.22724999999999998,0.9299955368041992,0.0921,0.0777,0.0882,0.0708,0.0966,0.0711,0.116,0.0923,0.0945,0.0777,0.095,0.0745,0.0461,0.0334,0.1094,0.0881,0.1171,0.088,0.145,0.1164
paired,3,20000,0.08543333333333333,10,10,10,0.7972,0.21825,0.9326894283294678,0.0913,0.0769,0.0926,0.075,0.0946,0.0717,0.1189,0.0954,0.0967,0.0813,0.0883,0.0691,0.0478,0.0366,0.1107,0.0924,0.1132,0.0842,0.1459,0.1146
paired,3,21000,0.09578333333333333,10,10,10,0.8006,0.21625000000000005,0.9325341582298279,0.0911,0.0774,0.0895,0.0761,0.093,0.0705,0.1175,0.0954,0.0939,0.077,0.0943,0.0765,0.0431,0.033,0.1101,0.0896,0.1204,0.0891,0.1471,0.116
paired,3,22000,0.09766666666666668,10,10,10,0.7963,0.22205,0.9323664307594299,0.0888,0.0747,0.0924,0.0761,0.0891,0.0662,0.1217,0.0984,0.098,0.0828,0.0849,0.0673,0.0465,0.0335,0.1102,0.0898,0.1208,0.09,0.1476,0.1175
paired,3,23000,0.09466666666666668,10,10,10,0.8037,0.21805000000000002,0.9333068132400513,0.0922,0.0784,0.0954,0.0792,0.0879,0.0665,0.1154,0.0941,0.1006,0.0841,0.0866,0.0687,0.0426,0.0322,0.115,0.0925,0.1139,0.0871,0.1504,0.1209
paired,3,24000,0.09553333333333333,10,10,10,0.8001,0.21895,0.9337223768234253,0.0971,0.0831,0.0996,0.0842,0.0833,0.0633,0.1173,0.0933,0.0951,0.0805,0.0825,0.0632,0.0436,0.0324,0.1165,0.0936,0.1163,0.0883,0.1487,0.1182
paired,3,25000,0.09473333333333331,10,10,10,0.8055,0.21914999999999998,0.9348618388175964,0.0947,0.0809,0.1007,0.0855,0.0874,0.0671,0.1156,0.0937,0.0947,0.0799,0.0807,0.0641,0.0438,0.0333,0.1142,0.0908,0.1135,0.0864,0.1547,0.1238
paired,3,26000,0.09543333333333334,10,10,10,0.8149,0.20995000000000003,0.9369212985038757,0.0939,0.0805,0.1057,0.0902,0.0846,0.0627,0.114,0.0965,0.093,0.0793,0.0828,0.0659,0.0413,0.0311,0.1172,0.0981,0.1139,0.0866,0.1536,0.124
paired,3,27000,0.10373333333333332,10,10,10,0.8091,0.22504999999999997,0.9353433847427368,0.0966,0.0811,0.1049,0.0886,0.0781,0.0585,0.119,0.0975,0.0916,0.0768,0.082,0.0671,0.0398,0.0298,0.1166,0.0965,0.1082,0.0799,0.1632,0.1333
paired,3,28000,0.09753333333333336,10,10,10,0.8038,0.22155000000000002,0.9353660345077515,0.0927,0.0793,0.109,0.093,0.078,0.059,0.1177,0.0947,0.0938,0.0793,0.0833,0.0653,0.0424,0.0307,0.1172,0.0946,0.1105,0.0834,0.1554,0.1245
paired,3,29000,0.10403333333333334,10,10,10,0.8089,0.21725000000000003,0.9353622794151306,0.0924,0.0795,0.104,0.0897,0.0805,0.0602,0.1178,0.0956,0.0941,0.0804,0.0816,0.064,0.0401,0.031,0.1191,0.0965,0.1136,0.0867,0.1568,0.1253
paired,3,30000,0.10276666666666665,10,10,10,0.8111,0.21315,0.9361822009086609,0.0945,0.0803,0.1063,0.0912,0.0808,0.0603,0.1196,0.0964,0.1008,0.0851,0.0781,0.0627,0.0369,0.0293,0.1182,0.0977,0.1108,0.0847,0.154,0.1234
paired,3,31000,0.10893333333333335,10,10,10,0.8185,0.21245,0.938276469707489,0.0934,0.0814,0.1106,0.0959,0.0715,0.0527,0.1222,0.1016,0.0963,0.0823,0.0796,0.0645,0.0364,0.0271,0.123,0.1001,0.1065,0.0828,0.1605,0.1301
paired,3,32000,0.10459999999999997,10,10,10,0.8129,0.21145000000000003,0.9373515844345093,0.0918,0.0794,0.1172,0.1,0.0751,0.0565,0.1219,0.0998,0.1041,0.0867,0.08,0.0617,0.0355,0.026,0.1175,0.0973,0.1052,0.082,0.1517,0.1235
paired,3,33000,0.1142,10,10,10,0.8101,0.21545,0.9359117150306702,0.0911,0.0765,0.1166,0.1002,0.073,0.0546,0.12,0.0976,0.1009,0.0861,0.0741,0.0597,0.0346,0.026,0.1155,0.0946,0.1196,0.0901,0.1546,0.1247
paired,3,34000,0.11379999999999998,10,10,10,0.8145,0.21215,0.9380566477775574,0.0889,0.0748,0.1183,0.1038,0.0738,0.0543,0.1179,0.096,0.1002,0.0844,0.0764,0.061,0.0341,0.0262,0.1213,0.1014,0.1126,0.0868,0.1565,0.1258
paired,3,35000,0.11049999999999999,10,10,10,0.8128,0.21425000000000002,0.9376211166381836,0.0898,0.0772,0.1187,0.1011,0.0736,0.0562,0.1157,0.0934,0.102,0.0866,0.0755,0.0604,0.0376,0.0284,0.1189,0.0993,0.1121,0.084,0.1561,0.1262
paired,3,36000,0.1071,10,10,10,0.8167,0.21195000000000003,0.9377231597900391,0.0908,0.0802,0.1187,0.1025,0.0757,0.0567,0.1152,0.0932,0.1029,0.087,0.0761,0.0608,0.0373,0.0272,0.1203,0.1013,0.1071,0.08,0.1559,0.1278
paired,3,37000,0.11396666666666666,10,10,10,0.8143,0.21275,0.9384297728538513,0.0878,0.0753,0.1205,0.1051,0.0746,0.0554,0.1215,0.0976,0.0942,0.0806,0.0779,0.0633,0.0359,0.0265,0.1224,0.1022,0.1087,0.0821,0.1565,0.1262
paired,3,38000,0.11529999999999999,10,10,10,0.8205,0.21215000000000003,0.9401664137840271,0.0906,0.0788,0.1203,0.1042,0.0724,0.0546,0.1157,0.0954,0.0983,0.0847,0.076,0.0607,0.0327,0.0249,0.1214,0.1001,0.1135,0.0853,0.1591,0.1318
paired,3,39000,0.11909999999999998,10,10,10,0.8203,0.20945,0.9404273629188538,0.0861,0.0748,0.1195,0.1036,0.0695,0.0498,0.1229,0.1003,0.1023,0.0879,0.0777,0.0633,0.0346,0.0254,0.1231,0.1023,0.1091,0.084,0.1552,0.1289
paired,3,40000,0.118,10,10,10,0.8148,0.21145000000000003,0.9391478300094604,0.0876,0.075,0.1235,0.1077,0.0705,0.051,0.1161,0.095,0.0998,0.0857,0.0756,0.0596,0.0353,0.027,0.1227,0.1013,0.1153,0.0871,0.1536,0.1254
paired,3,41000,0.12279999999999999,10,10,10,0.8166,0.21303333333333332,0.9382911920547485,0.0889,0.0775,0.1235,0.1087,0.0683,0.0464,0.1225,0.1,0.0981,0.0829,0.0742,0.0588,0.0328,0.024,0.1259,0.1064,0.1093,0.0851,0.1565,0.1268
paired,3,42000,0.12426666666666669,10,10,10,0.8154,0.2131333333333333,0.9389804601669312,0.0876,0.0758,0.1269,0.1115,0.0715,0.0521,0.1212,0.098,0.0944,0.0801,0.0734,0.0577,0.0332,0.0242,0.1241,0.1046,0.1088,0.0839,0.1589,0.1275
paired,3,43000,0.12406666666666669,10,10,10,0.8164,0.21786666666666665,0.9382776618003845,0.0886,0.0755,0.1305,0.1174,0.0675,0.0504,0.1166,0.0936,0.0948,0.0795,0.0741,0.0572,0.0353,0.0252,0.1241,0.1051,0.1136,0.0848,0.1549,0.1277
paired,3,44000,0.12406666666666666,10,10,10,0.8182,0.2181833333333333,0.9384361505508423,0.0911,0.0792,0.1292,0.1149,0.0694,0.0504,0.1146,0.0925,0.0958,0.0825,0.0704,0.054,0.0336,0.025,0.1213,0.101,0.1148,0.0857,0.1598,0.133
paired,3,45000,0.12786666666666666,10,10,10,0.8264,0.20898333333333333,0.9411202073097229,0.09,0.0781,0.1331,0.1176,0.0657,0.0483,0.117,0.0951,0.0962,0.0839,0.0716,0.0555,0.033,0.0246,0.1231,0.1037,0.1156,0.0903,0.1547,0.1293
paired,3,46000,0.12326666666666666,10,10,10,0.8178,0.21888333333333332,0.9386356472969055,0.0944,0.082,0.132,0.1173,0.0692,0.0491,0.1106,0.0883,0.0948,0.0806,0.071,0.055,0.0317,0.0234,0.1233,0.1034,0.1148,0.0878,0.1582,0.1309
paired,3,47000,0.12866666666666668,10,10,10,0.8139,0.22488333333333335,0.9385406374931335,0.0886,0.0765,0.1374,0.1197,0.066,0.0477,0.1082,0.0882,0.0967,0.0807,0.0721,0.0574,0.0323,0.0228,0.1221,0.1019,0.1174,0.0884,0.1592,0.1306
paired,3,48000,0.1311,10,10,10,0.8202,0.21916666666666665,0.9386792778968811,0.0899,0.0779,0.1389,0.1225,0.0645,0.0472,0.1129,0.0944,0.0975,0.0823,0.0718,0.0567,0.0297,0.021,0.1281,0.1064,0.1145,0.0854,0.1522,0.1264
paired,3,49000,0.12999999999999998,10,10,10,0.8212,0.22626666666666664,0.9388853311538696,0.0931,0.0777,0.1418,0.1262,0.0642,0.0472,0.1118,0.0922,0.0974,0.0825,0.068,0.0548,0.0317,0.0222,0.1286,0.1073,0.1072,0.0812,0.1562,0.1299
paired,3,50000,0.14036666666666667,10,10,10,0.8191,0.2295833333333333,0.9390011429786682,0.0906,0.0779,0.1428,0.1272,0.0607,0.0444,0.1153,0.0949,0.0921,0.078,0.0717,0.0546,0.0289,0.0212,0.1214,0.1016,0.1142,0.0863,0.1623,0.133
paired,4,1000,0.3322,9,10,8,0.444,0.5854166666666667,0.797156035900116,0.0444,0.0144,0.0531,0.0113,0.207,0.098,0.242,0.1316,0.0183,0.0028,0.1538,0.0804,0.0081,0.0013,0.0554,0.0134,0.1006,0.0409,0.1173,0.0499
paired,4,2000,0.17535,10,10,10,0.5572,0.44279999999999997,0.8448660373687744,0.0841,0.0533,0.0461,0.0204,0.1342,0.0793,0.1634,0.0977,0.0845,0.0468,0.1278,0.0736,0.0452,0.0231,0.0766,0.0407,0.1393,0.0744,0.0988,0.0479
paired,4,3000,0.15080000000000002,10,10,10,0.6493,0.3507,0.879633903503418,0.0848,0.0587,0.0566,0.0339,0.1322,0.0899,0.1394,0.0929,0.0755,0.0489,0.1026,0.0658,0.0558,0.0338,0.088,0.0589,0.1334,0.0857,0.1317,0.0808
paired,4,4000,0.1339,10,10,10,0.6837,0.3163,0.8912076950073242,0.0778,0.0548,0.0688,0.0484,0.1289,0.0898,0.1251,0.0861,0.0654,0.0386,0.0997,0.0686,0.0713,0.0483,0.0943,0.0662,0.1395,0.095,0.1292,0.0879
paired,4,5000,0.09928333333333333,10,10,10,0.714,0.28600000000000003,0.9027246236801147,0.0868,0.0675,0.0736,0.054,0.122,0.0884,0.1157,0.0821,0.0777,0.0533,0.0926,0.0665,0.0697,0.0491,0.1073,0.0774,0.1319,0.0909,0.1227,0.0848
paired,4,6000,0.10400000000000001,10,10,10,0.7308,0.2692,0.9091960191726685,0.0906,0.0712,0.0687,0.051,0.1216,0.0893,0.1172,0.0863,0.0842,0.0616,0.0927,0.0657,0.0702,0.0511,0.0938,0.0698,0.1283,0.0892,0.1327,0.0956
paired,4,7000,0.07741666666666666,10,10,10,0.7526,0.24739999999999998,0.9164641499519348,0.1035,0.0857,0.0795,0.0591,0.116,0.0869,0.1117,0.082,0.0886,0.0665,0.0876,0.0635,0.0656,0.0472,0.1099,0.0851,0.1174,0.0869,0.1202,0.0897
paired,4,8000,0.06726666666666667,10,10,10,0.7512,0.24880000000000002,0.9173555374145508,0.0988,0.0797,0.0847,0.0638,0.1135,0.083,0.1113,0.0844,0.0888,0.0697,0.0925,0.0654,0.0676,0.0517,0.105,0.0813,0.1204,0.0875,0.1174,0.0847
paired,4,9000,0.07848333333333332,10,10,10,0.7616,0.23839999999999997,0.9190822243690491,0.0997,0.0828,0.0806,0.0635,0.0984,0.0729,0.1266,0.0939,0.0858,0.0656,0.0917,0.0698,0.066,0.0502,0.1028,0.0802,0.1173,0.0846,0.1311,0.0981
paired,4,10000,0.08846666666666667,10,10,10,0.7638,0.2362,0.919722855091095,0.1056,0.0871,0.0713,0.0561,0.105,0.0791,0.1185,0.09,0.0847,0.0647,0.092,0.0696,0.0639,0.0489,0.1066,0.0825,0.1227,0.0883,0.1297,0.0975
paired,4,11000,0.08506666666666668,10,10,10,0.7664,0.23360000000000003,0.9216515421867371,0.1072,0.0893,0.0738,0.057,0.103,0.0788,0.1151,0.0852,0.0853,0.0661,0.0952,0.0735,0.0642,0.0477,0.1047,0.0816,0.1213,0.0888,0.1302,0.0984
paired,4,12000,0.08931666666666668,10,10,10,0.7782,0.22335,0.9250341653823853,0.1049,0.0876,0.0789,0.063,0.0988,0.0751,0.1111,0.085,0.0846,0.0695,0.0874,0.0671,0.059,0.0438,0.1148,0.092,0.1273,0.0944,0.1332,0.1007
paired,4,13000,0.09001666666666666,10,10,10,0.7787,0.22645000000000004,0.9250636696815491,0.109,0.0939,0.0781,0.0611,0.0948,0.0711,0.1176,0.0902,0.0851,0.0657,0.0862,0.066,0.0638,0.0471,0.111,0.0904,0.1187,0.0889,0.1357,0.1043
paired,4,14000,0.09521666666666664,10,10,10,0.7765,0.22555000000000003,0.9246320128440857,0.1145,0.0977,0.0764,0.0598,0.0905,0.0679,0.1142,0.0864,0.0889,0.0698,0.0833,0.0653,0.0637,0.0471,0.1105,0.09,0.1244,0.0913,0.1336,0.1012
paired,4,15000,0.09541666666666668,10,10,10,0.788,0.21785,0.9288436770439148,0.1112,0.0958,0.0818,0.066,0.0869,0.0652,0.1144,0.086,0.0875,0.0715,0.0856,0.0666,0.0608,0.0459,0.1155,0.0942,0.1239,0.0918,0.1324,0.105
paired,4,16000,0.09541666666666665,10,10,10,0.7844,0.22405,0.9280144572257996,0.1054,0.0908,0.0785,0.0625,0.0884,0.0677,0.12,0.0897,0.0844,0.0674,0.087,0.0671,0.0643,0.0497,0.1192,0.0956,0.1149,0.0863,0.1379,0.1076
paired,4,17000,0.08781666666666665,10,10,10,0.7835,0.22565000000000002,0.9279400110244751,0.106,0.0878,0.0828,0.0667,0.0897,0.0653,0.1166,0.0909,0.092,0.0722,0.0839,0.0657,0.0618,0.0473,0.118,0.0948,0.1136,0.0845,0.1356,0.1083
paired,4,18000,0.08761666666666668,10,10,10,0.7926,0.21215,0.9304021596908569,0.1077,0.0937,0.0855,0.0688,0.0887,0.0686,0.1185,0.0911,0.0915,0.0733,0.0835,0.0637,0.0612,0.0471,0.1116,0.0921,0.1181,0.0903,0.1337,0.1039
paired,4,19000,0.09001666666666666,10,10,10,0.7964,0.21305000000000002,0.9310919642448425,0.1062,0.091,0.0906,0.0752,0.0824,0.0611,0.1144,0.09,0.0942,0.0761,0.0808,0.0625,0.06,0.0475,0.1161,0.0958,0.1191,0.0886,0.1362,0.1086
paired,4,20000,0.08111666666666667,10,10,10,0.7931,0.21305,0.9309589862823486,0.1054,0.0892,0.0932,0.076,0.0849,0.0639,0.1164,0.0902,0.0926,0.0742,0.0871,0.0716,0.0591,0.0477,0.1186,0.0968,0.1063,0.0782,0.1364,0.1053
paired,4,21000,0.09021666666666667,10,10,10,0.798,0.21455,0.9325369000434875,0.1044,0.0895,0.0955,0.0775,0.085,0.0647,0.1145,0.0897,0.0904,0.0753,0.0821,0.065,0.0548,0.043,0.1184,0.0972,0.1128,0.0844,0.1421,0.1117
paired,4,22000,0.08331666666666668,10,10,10,0.7972,0.21405,0.9334181547164917,0.1053,0.0906,0.0926,0.0759,0.0852,0.0644,0.1102,0.0878,0.0924,0.076,0.0894,0.0696,0.0551,0.0429,0.1168,0.095,0.1111,0.0846,0.1419,0.1104
paired,4,23000,0.08471666666666666,10,10,10,0.7997,0.20895000000000002,0.9322425723075867,0.1114,0.0959,0.099,0.0826,0.0805,0.0613,0.1103,0.0875,0.0966,0.0809,0.0816,0.0636,0.0556,0.0425,0.1177,0.0945,0.1108,0.0831,0.1365,0.1078
paired,4,24000,0.0975166666666667,10,10,10,0.802,0.20854999999999999,0.9325538873672485,0.1082,0.0931,0.0996,0.0845,0.083,0.0624,0.1171,0.0911,0.089,0.0741,0.0755,0.0594,0.0534,0.0428,0.1168,0.0962,0.1196,0.0887,0.1378,0.1097
paired,4,25000,0.08371666666666666,10,10,10,0.8044,0.20355,0.9344533085823059,0.1084,0.0936,0.1026,0.0865,0.0829,0.0638,0.1118,0.0892,0.0932,0.0754,0.0812,0.0654,0.0544,0.0419,0.122,0.1017,0.1094,0.0798,0.1341,0.1071
paired,4,26000,0.08351666666666666,10,10,10,0.8005,0.21135,0.9331275224685669,0.1021,0.0866,0.1028,0.0867,0.0839,0.0658,0.1118,0.0864,0.0927,0.0741,0.0809,0.0654,0.0542,0.0426,0.1187,0.0962,0.1144,0.0857,0.1385,0.111
paired,4,27000,0.08871666666666667,10,10,10,0.8099,0.20225,0.9361317157745361,0.1025,0.0883,0.1026,0.0881,0.0824,0.0627,0.1136,0.0886,0.0909,0.0764,0.0808,0.0638,0.0526,0.04,0.1208,0.1014,0.1167,0.0893,0.1371,0.1113
paired,4,28000,0.09271666666666667,10,10,10,0.8133,0.20233333333333334,0.9368798732757568,0.0998,0.0886,0.1047,0.0906,0.0788,0.0588,0.1142,0.0905,0.0906,0.0762,0.0783,0.0643,0.0529,0.0396,0.1235,0.1045,0.1145,0.0855,0.1427,0.1147
paired,4,29000,0.09083333333333335,10,10,10,0.8092,0.20405,0.9347890615463257,0.0955,0.0821,0.109,0.0938,0.0796,0.0598,0.1173,0.0923,0.089,0.0745,0.084,0.0659,0.0488,0.0387,0.1231,0.1032,0.1154,0.0865,0.1383,0.1124
paired,4,30000,0.08801666666666666,10,10,10,0.813,0.20145000000000005,0.936878502368927,0.0998,0.0868,0.1106,0.0951,0.0766,0.0573,0.1163,0.0922,0.0905,0.0756,0.0808,0.0661,0.0515,0.0382,0.123,0.1027,0.1122,0.0854,0.1387,0.1136
paired,4,31000,0.08486666666666667,10,10,10,0.8082,0.20375,0.9358610510826111,0.0965,0.0844,0.1158,0.1006,0.0802,0.06,0.1092,0.0854,0.0922,0.0762,0.0793,0.0622,0.0513,0.0402,0.1223,0.1023,0.1156,0.0858,0.1376,0.1111
paired,4,32000,0.09226666666666664,10,10,10,0.81,0.20544999999999997,0.9360646605491638,0.0961,0.0835,0.1171,0.1002,0.0757,0.056,0.1103,0.0858,0.0923,0.0777,0.0756,0.0603,0.0524,0.0397,0.1239,0.103,0.1159,0.0892,0.1407,0.1146
paired,4,33000,0.09606666666666663,10,10,10,0.8143,0.20545,0.937602162361145,0.0946,0.0814,0.1183,0.103,0.0731,0.0553,0.1124,0.088,0.0916,0.077,0.0786,0.0629,0.0504,0.0381,0.1175,0.0989,0.1178,0.0908,0.1457,0.1189
paired,4,34000,0.09636666666666666,10,10,10,0.8128,0.20305,0.937510073184967,0.094,0.0811,0.1209,0.1057,0.0765,0.0576,0.1133,0.0899,0.0926,0.0753,0.0776,0.0618,0.0473,0.0354,0.12,0.1015,0.116,0.0895,0.1418,0.115
paired,4,35000,0.10246666666666665,10,10,10,0.8136,0.20633333333333334,0.9373636841773987,0.094,0.0819,0.1265,0.1112,0.0757,0.0556,0.1056,0.0839,0.0879,0.073,0.0766,0.0608,0.0477,0.037,0.1253,0.1063,0.1165,0.0867,0.1442,0.1172
paired,4,36000,0.10506666666666664,10,10,10,0.8142,0.20554999999999998,0.9371311664581299,0.0908,0.0783,0.1248,0.1094,0.0762,0.0582,0.1092,0.0871,0.0892,0.0754,0.0747,0.0583,0.0484,0.0368,0.1205,0.1015,0.1171,0.0903,0.1491,0.1189
paired,4,37000,0.10226666666666667,10,10,10,0.8121,0.20768333333333333,0.9370712637901306,0.0906,0.0788,0.129,0.1148,0.0791,0.0567,0.1068,0.0856,0.0908,0.0749,0.0751,0.0579,0.0465,0.0363,0.1258,0.103,0.114,0.0876,0.1423,0.1165
paired,4,38000,0.09636666666666668,10,10,10,0.8159,0.20698333333333335,0.9380097389221191,0.0951,0.0807,0.1325,0.1186,0.0756,0.0554,0.1067,0.085,0.0897,0.0745,0.0802,0.0637,0.0474,0.0361,0.1228,0.1011,0.1095,0.085,0.1405,0.1158
paired,4,39000,0.10616666666666666,10,10,10,0.8131,0.2098833333333333,0.9391661882400513,0.0948,0.082,0.1325,0.1171,0.0713,0.0518,0.1111,0.089,0.0899,0.074,0.0755,0.0589,0.0467,0.0367,0.1198,0.0982,0.1143,0.088,0.1441,0.1174
paired,4,40000,0.10026666666666664,10,10,10,0.8183,0.20838333333333334,0.9384640455245972,0.0924,0.0795,0.1349,0.121,0.0772,0.0561,0.1064,0.0845,0.0924,0.0778,0.0753,0.0583,0.0468,0.036,0.1173,0.099,0.1123,0.0889,0.145,0.1172
paired,4,41000,0.10646666666666668,10,10,10,0.8172,0.21368333333333334,0.9396925568580627,0.0904,0.0766,0.1395,0.1238,0.0703,0.0505,0.1057,0.0832,0.0923,0.0783,0.0768,0.0629,0.0481,0.0367,0.1187,0.098,0.1133,0.0886,0.1449,0.1186
paired,4,42000,0.11596666666666666,10,10,10,0.8176,0.21718333333333334,0.9384340047836304,0.0937,0.0803,0.1408,0.1231,0.0674,0.0482,0.1065,0.0864,0.0906,0.0771,0.0723,0.0579,0.0444,0.0354,0.1178,0.097,0.1161,0.089,0.1504,0.1232
paired,4,43000,0.11446666666666666,10,10,10,0.8196,0.21648333333333333,0.9396772384643555,0.0945,0.0826,0.1466,0.1294,0.0657,0.0475,0.1048,0.0868,0.0897,0.0757,0.0771,0.06,0.0429,0.0339,0.1217,0.101,0.1118,0.0845,0.1452,0.1182
paired,4,44000,0.11046666666666666,10,10,10,0.8171,0.2213833333333333,0.9389404058456421,0.0949,0.0808,0.1469,0.1315,0.0709,0.0519,0.1076,0.0862,0.0912,0.0755,0.0728,0.0574,0.0441,0.0343,0.1165,0.0967,0.1093,0.0843,0.1458,0.1185
paired,4,45000,0.11806666666666665,10,10,10,0.819,0.21628333333333336,0.9397523403167725,0.0922,0.0791,0.142,0.1268,0.0684,0.05,0.1064,0.086,0.0899,0.0757,0.0737,0.0592,0.0421,0.0323,0.1225,0.1019,0.1157,0.088,0.1471,0.12
paired,4,46000,0.12536666666666665,10,10,10,0.8218,0.21588333333333334,0.9395216703414917,0.0898,0.0779,0.1431,0.1265,0.0662,0.0504,0.1093,0.0883,0.0898,0.0757,0.0733,0.0594,0.0399,0.0298,0.1256,0.1034,0.1122,0.0877,0.1508,0.1227
paired,4,47000,0.12026666666666666,10,10,10,0.825,0.21368333333333336,0.9410720467567444,0.0914,0.0808,0.1436,0.1259,0.0662,0.0478,0.1084,0.0889,0.0894,0.0768,0.0782,0.0631,0.0389,0.0303,0.1181,0.0983,0.1151,0.0888,0.1507,0.1243
paired,4,48000,0.11876666666666666,10,10,10,0.8194,0.21908333333333335,0.9396371245384216,0.0891,0.0764,0.1471,0.1293,0.0682,0.0516,0.11,0.0867,0.0928,0.0787,0.0769,0.0628,0.0386,0.0291,0.1205,0.0985,0.1118,0.0856,0.145,0.1207
paired,4,49000,0.11656666666666665,10,10,10,0.8254,0.21918333333333334,0.9410120844841003,0.09,0.0783,0.1449,0.1297,0.0698,0.0503,0.1056,0.086,0.0917,0.0761,0.0791,0.0633,0.0372,0.0296,0.121,0.1014,0.1089,0.0843,0.1518,0.1264
paired,4,50000,0.12386666666666665,10,10,10,0.8204,0.22176666666666664,0.938652515411377,0.0913,0.0795,0.1492,0.1324,0.0671,0.0488,0.1047,0.0845,0.0916,0.0759,0.0709,0.0558,0.0396,0.0314,0.1288,0.1073,0.1114,0.0864,0.1454,0.1184
