method,seed,step,training_seconds,wall_seconds,d_loss,g_loss,coverage,valid_fraction,mode_tv,mode_0_mass,mode_1_mass,mode_2_mass,mode_3_mass,mode_4_mass,mode_5_mass,mode_6_mass,mode_7_mass,mode_8_mass,mode_9_mass,mode_10_mass,mode_11_mass,mode_12_mass,mode_13_mass,mode_14_mass,mode_15_mass,mode_16_mass,mode_17_mass,mode_18_mass,mode_19_mass,mode_20_mass,mode_21_mass,mode_22_mass,mode_23_mass,mode_24_mass,mode_25_mass,mode_26_mass,mode_27_mass,mode_28_mass,mode_29_mass,mode_30_mass,mode_31_mass,mode_32_mass,mode_33_mass,mode_34_mass,mode_35_mass,mode_36_mass,mode_37_mass,mode_38_mass,mode_39_mass,mode_40_mass,mode_41_mass,mode_42_mass,mode_43_mass,mode_44_mass,mode_45_mass,mode_46_mass,mode_47_mass,mode_48_mass,d_pair_rms_before_mean,d_pair_rms_after_mean,reference_weight_0,reference_weight_1,reference_weight_2,reference_weight_3,reference_weight_4,reference_weight_5,reference_weight_6,reference_weight_7,reference_weight_8,reference_weight_9,reference_weight_10,reference_weight_11,reference_weight_12,reference_weight_13,reference_weight_14,reference_weight_15,reference_weight_16,reference_weight_17,reference_weight_18,reference_weight_19,reference_weight_20,reference_weight_21,reference_weight_22,reference_weight_23,reference_weight_24,reference_weight_25,reference_weight_26,reference_weight_27,reference_weight_28,reference_weight_29,reference_weight_30,reference_weight_31,reference_weight_32,reference_weight_33,reference_weight_34,reference_weight_35,reference_weight_36,reference_weight_37,reference_weight_38,reference_weight_39,reference_weight_40,reference_weight_41,reference_weight_42,reference_weight_43,reference_weight_44,reference_weight_45,reference_weight_46,reference_weight_47,reference_weight_48,ema_mass_0,ema_mass_1,ema_mass_2,ema_mass_3,ema_mass_4,ema_mass_5,ema_mass_6,ema_mass_7,ema_mass_8,ema_mass_9,ema_mass_10,ema_mass_11,ema_mass_12,ema_mass_13,ema_mass_14,ema_mass_15,ema_mass_16,ema_mass_17,ema_mass_18,ema_mass_19,ema_mass_20,ema_mass_21,ema_mass_22,ema_mass_23,ema_mass_24,ema_mass_25,ema_mass_26,ema_mass_27,ema_mass_28,ema_mass_29,ema_mass_30,ema_mass_31,ema_mass_32,ema_mass_33,ema_mass_34,ema_mass_35,ema_mass_36,ema_mass_37,ema_mass_38,ema_mass_39,ema_mass_40,ema_mass_41,ema_mass_42,ema_mass_43,ema_mass_44,ema_mass_45,ema_mass_46,ema_mass_47,ema_mass_48
paired_deficit,2,0,0.0,0.0018187500536441803,nan,nan,1,0.9612,0.9795918367346937,0.0,0.0,0.0,0.0,0.0,0.0,0.0,0.0,0.0,0.0,0.0,0.0,0.0,0.0,0.0,0.0,0.0,0.0,0.0,0.0,0.0,0.0,0.0,0.0,0.9612,0.0,0.0,0.0,0.0,0.0,0.0,0.0,0.0,0.0,0.0,0.0,0.0,0.0,0.0,0.0,0.0,0.0,0.0,0.0,0.0,0.0,0.0,0.0,0.0,0.0,0.0,0.02040816326530612,0.02040816326530612,0.02040816326530612,0.02040816326530612,0.02040816326530612,0.02040816326530612,0.02040816326530612,0.02040816326530612,0.02040816326530612,0.02040816326530612,0.02040816326530612,0.02040816326530612,0.02040816326530612,0.02040816326530612,0.02040816326530612,0.02040816326530612,0.02040816326530612,0.02040816326530612,0.02040816326530612,0.02040816326530612,0.02040816326530612,0.02040816326530612,0.02040816326530612,0.02040816326530612,0.02040816326530612,0.02040816326530612,0.02040816326530612,0.02040816326530612,0.02040816326530612,0.02040816326530612,0.02040816326530612,0.02040816326530612,0.02040816326530612,0.02040816326530612,0.02040816326530612,0.02040816326530612,0.02040816326530612,0.02040816326530612,0.02040816326530612,0.02040816326530612,0.02040816326530612,0.02040816326530612,0.02040816326530612,0.02040816326530612,0.02040816326530612,0.02040816326530612,0.02040816326530612,0.02040816326530612,0.02040816326530612,0.02040816326530612,0.02040816326530612,0.02040816326530612,0.02040816326530612,0.02040816326530612,0.02040816326530612,0.02040816326530612,0.02040816326530612,0.02040816326530612,0.02040816326530612,0.02040816326530612,0.02040816326530612,0.02040816326530612,0.02040816326530612,0.02040816326530612,0.02040816326530612,0.02040816326530612,0.02040816326530612,0.02040816326530612,0.02040816326530612,0.02040816326530612,0.02040816326530612,0.02040816326530612,0.02040816326530612,0.02040816326530612,0.02040816326530612,0.02040816326530612,0.02040816326530612,0.02040816326530612,0.02040816326530612,0.02040816326530612,0.02040816326530612,0.02040816326530612,0.02040816326530612,0.02040816326530612,0.02040816326530612,0.02040816326530612,0.02040816326530612,0.02040816326530612,0.02040816326530612,0.02040816326530612,0.02040816326530612,0.02040816326530612,0.02040816326530612,0.02040816326530612,0.02040816326530612,0.02040816326530612,0.02040816326530612,0.02040816326530612
paired_deficit,2,1000,0.8815824310295284,0.8863325000274926,0.6836570501327515,0.7037981748580933,0,0.11199999999999999,0.888,0.0006,0.0015,0.002,0.0029,0.0023,0.001,0.0008,0.0007,0.0022,0.0029,0.0031,0.0041,0.0017,0.0011,0.0018,0.0028,0.0035,0.0037,0.0031,0.0023,0.0017,0.0022,0.004,0.003,0.0033,0.0039,0.0024,0.0017,0.002,0.003,0.003,0.0031,0.0029,0.0033,0.002,0.0015,0.0027,0.0027,0.0039,0.0028,0.0023,0.0014,0.0009,0.0012,0.0019,0.0024,0.0014,0.0009,0.0004,0.0,0.0,0.021292631623157754,0.020827980512446446,0.020527101131912924,0.020370166029536958,0.020351207119864614,0.021000980775099376,0.021379716155851984,0.02109435735269473,0.020370023698109946,0.019669505741569254,0.019862550722240774,0.019853728051162742,0.020403097545557324,0.02107405769437817,0.02075737541126319,0.020052888758985442,0.019349946017518393,0.01946543215021826,0.019876428683761625,0.02003560134580452,0.02077501671164076,0.02062809697099985,0.01987437588316676,0.019381367310774944,0.01953540353929679,0.01990014362631113,0.02011787541874151,0.020704999677330235,0.020762162551097085,0.019993411084239084,0.019506093135135145,0.019726271392137257,0.019879420555518692,0.020252475379920455,0.020867720499917378,0.021077896820639354,0.02052438048844207,0.020205954789420527,0.02048471740399956,0.020261863622852892,0.02052505201323728,0.020973261758415292,0.021265914235531945,0.02090819773986282,0.020718010754360583,0.020580028175384544,0.02073139393923279,0.021047658064379755,0.021176059936878974,0.0006018923206980437,0.0014623587954262721,0.001955186811529127,0.0022326145716148865,0.0022661298767597286,0.0011565312613984115,0.00044794545681798144,0.0009523989052951329,0.0023109911831943773,0.0035102948908854762,0.0031299700743439795,0.0032236916734355446,0.0021743986811771283,0.0009882843678335168,0.0016262360422569248,0.0027934930568142076,0.004153333266636604,0.0038319909368322693,0.00310543680090167,0.0028631160129763368,0.001516924989075375,0.0017766477275914685,0.0031090657141423267,0.0040196621276582176,0.0038645464577243263,0.0031025763448997096,0.00267861051505889,0.0016797626592095995,0.0015396484009406897,0.0029376993890746364,0.0037601109953941296,0.003370882838436948,0.0031782728103096356,0.0024797290167299113,0.0013530444808673783,0.000981497612141501,0.0019990588284102017,0.0025229049899896583,0.0020301121948313227,0.0024240701073323045,0.001958809215922574,0.0011664700657211544,0.0006491229586633665,0.0013205518613147427,0.0016567618524927883,0.0019397480970000667,0.0015940407385453773,0.0010349532781452912,0.0008470286774969151
paired_deficit,2,2000,1.7300141612067819,1.737782333046198,0.6935185194015503,0.7072464227676392,0,0.10929999999999995,0.8907,0.0006,0.0015,0.0021,0.002,0.0011,0.0013,0.0012,0.001,0.0032,0.0028,0.0026,0.003,0.0032,0.0012,0.0012,0.0026,0.0045,0.0038,0.0035,0.0027,0.0007,0.0011,0.0021,0.0026,0.0032,0.0037,0.002,0.0012,0.0013,0.0038,0.0037,0.0036,0.0026,0.0035,0.0011,0.0019,0.0037,0.0026,0.0032,0.003,0.0025,0.0018,0.001,0.0015,0.0014,0.0013,0.0019,0.0015,0.0007,0.0,0.0,0.021044885956951895,0.020943458875279507,0.02098070497820715,0.02062190296644692,0.02074485279529186,0.020759554665493833,0.021117883170246238,0.02083481985384732,0.020010297130201752,0.019931336834429794,0.02002536705000502,0.019935218493102848,0.019920379908576778,0.02094604899047575,0.02088309299246454,0.020186613639405465,0.019902351294662016,0.019933472547934962,0.019913908807527837,0.01993656538094288,0.02063428769822281,0.02074140434161431,0.020116544290170985,0.019442406881076516,0.02014180662862173,0.020012025851001834,0.020031094529654646,0.02082780915736132,0.020942700968996246,0.020062598980649125,0.01975896090561363,0.019735488748849103,0.019706772976977156,0.020100312703768067,0.020880279708118742,0.020856420510255526,0.01985552585290342,0.0199036782382557,0.02001785868029756,0.01995081238730039,0.020181479853576326,0.02088465806184642,0.02111930296136918,0.020908130956884964,0.02079997922968039,0.020921541543616702,0.020870391091482497,0.020867929291773987,0.021155080638566276,0.001043264661745413,0.0012225341780729001,0.0011567027379207572,0.001790875209858249,0.0016516898427831822,0.001547579700385713,0.0009142441387770125,0.0014145505952399232,0.0029499963367199413,0.003050493940379788,0.002884298176995928,0.0030436332177661307,0.003069859998889199,0.001257018722256694,0.0013292291794126342,0.0026383618619393785,0.0030626625673035096,0.0030076566267819497,0.0030812974881279905,0.003002190131362096,0.0017689855445075157,0.001618722387742163,0.002723144967467302,0.003953726391939399,0.0026394319942337923,0.002907878371290139,0.00283511251768153,0.001426941804248807,0.0012629362561282045,0.0027794292859566394,0.0033161010500722707,0.003357587427487041,0.00340834174723649,0.002712771340258475,0.001373264080428678,0.0013763720421078995,0.0032235502196195586,0.003099379731794371,0.0028585065094370267,0.0029770089480261257,0.002569310684111366,0.001326462963265203,0.0009117346978693179,0.0013240377809718522,0.0014761304192865978,0.0012612724458175124,0.0014298044324214416,0.0013950930942192895,0.0008875611589269698
paired_deficit,2,3000,2.5957266218028963,2.6065779170021415,0.6869310736656189,0.698642373085022,0,0.10650000000000004,0.8935,0.0011,0.0009,0.0013,0.0012,0.0012,0.0014,0.0005,0.0013,0.0026,0.0032,0.0022,0.0031,0.0038,0.0017,0.0011,0.0032,0.0039,0.0031,0.0037,0.002,0.0009,0.0006,0.0024,0.003,0.0024,0.0024,0.0022,0.0007,0.0015,0.0033,0.0018,0.003,0.0031,0.0034,0.0012,0.0019,0.0044,0.0024,0.0039,0.0044,0.0033,0.0027,0.0017,0.0009,0.0011,0.0012,0.0016,0.0015,0.0011,0.0,0.0,0.02083529352523373,0.02078659944212004,0.020960398714663597,0.020904577417600816,0.02109915318055243,0.02084891746959245,0.020929664246816068,0.02066115595906121,0.01994050985192776,0.019963580841065517,0.019714110839058344,0.020003629480052992,0.019968161040571114,0.020794183969137556,0.020943458984415533,0.019725294162351224,0.019895190601800165,0.02008955273991967,0.020230349575757083,0.020086491957620974,0.02098146913821064,0.021006614793418123,0.020070555999177356,0.019999696299075276,0.020165757160875673,0.019828152035412897,0.019928143916989646,0.0210723795252485,0.020878814167576375,0.019934919372586554,0.019758038794384557,0.019830699157630978,0.019746032208428556,0.0202261243762509,0.0210748488915787,0.02081731589059252,0.01995222207019063,0.019918728069714096,0.01983947874651412,0.019954147568282413,0.019668101953145826,0.02057427451258466,0.021032654548615543,0.02081961549721328,0.02080323976474966,0.020926955453317006,0.021028982977869017,0.02094084436889701,0.020840918742151132,0.0014748099958513644,0.0015605955788080643,0.0012544090575876063,0.0013918133314485036,0.0010099618479270727,0.001450808352648555,0.0013866797375670186,0.0017815924974110171,0.00305117275137299,0.003088653013326486,0.003489088049452784,0.0029399733253135402,0.003002458961410503,0.0015472337280441984,0.0012842522036443248,0.003430323609366288,0.003209137806730012,0.0027886001714132144,0.0025796173675808817,0.0027939924280696235,0.0012563512659310755,0.0011729890368291633,0.002822067204256856,0.003064090008521682,0.002654348938869712,0.0033663038242495056,0.00311202062794521,0.0010571296654782734,0.001398138592771498,0.003061021638519566,0.0033726365729121036,0.0032836914953921223,0.0034328513754033653,0.0025870610071273958,0.0010918418211114782,0.0015455441440119409,0.0031086640438021786,0.0031676712613674662,0.0033072867742781724,0.003027146845700818,0.0035701430534042723,0.0019737162126044743,0.001127114149433811,0.0015024303695671092,0.0015703424066341595,0.0013133268867598408,0.0011335824473607287,0.0013669834371355786,0.0014648999106488016
paired_deficit,2,4000,3.446901613031514,3.460835332982242,0.6904350519180298,0.6949019432067871,0,0.10609999999999997,0.8938999999999999,0.0016,0.0022,0.0027,0.002,0.0014,0.0022,0.0014,0.002,0.0035,0.0029,0.0034,0.0021,0.0041,0.0014,0.0009,0.0029,0.0021,0.0027,0.0026,0.0023,0.0008,0.0013,0.0021,0.0033,0.0026,0.0022,0.003,0.0003,0.0012,0.0028,0.002,0.0023,0.0023,0.0029,0.001,0.0016,0.0046,0.003,0.0037,0.0034,0.0028,0.0027,0.001,0.0014,0.001,0.0005,0.0011,0.0018,0.001,0.0,0.0,0.020959242610354832,0.020704337620343252,0.021055127614368764,0.0209192477004718,0.020966833612852558,0.020978854811315943,0.0208389247641825,0.020802046020093046,0.019837764978611054,0.019639017927335085,0.019895365979953564,0.01969009213795872,0.019465727113122017,0.020740537067316156,0.02084666220787327,0.020119664911002824,0.020119186064586028,0.020203449867138797,0.0200509499252957,0.019875994987087198,0.02090123051539447,0.02121100125604375,0.019944555722682618,0.020183643755821275,0.02028075218923343,0.020192714722336264,0.01988562890985772,0.020843125273683982,0.021091231595689937,0.01981718682179144,0.020246430877812943,0.020229005327946203,0.020421321214141065,0.019972840976124857,0.021004216602119898,0.02063238176280216,0.01952559281828896,0.020012549107858255,0.019773860774756465,0.01966899500039504,0.01952708679462877,0.02091668830307393,0.02093042622987436,0.020693695408547874,0.020881588965436165,0.020745784482513997,0.02098494990683323,0.020951611625998155,0.020820875137049624,0.001382566995032276,0.0018286503229017924,0.0012147683902212366,0.0014525580238373766,0.001408345252711646,0.0013873081744838658,0.0015931230348344328,0.0016576607784475493,0.0033451510702861976,0.0037320205945167093,0.003283411909375924,0.0036035783070034713,0.004074341744297832,0.0017653013481642847,0.0015795825206584475,0.002851826636104662,0.002852664616573911,0.002744265595871734,0.002972077752010038,0.003278248616141442,0.0015231505691211949,0.0009419897647327395,0.0031582674376866883,0.0028179887592360525,0.002608986654920255,0.0028021145822345874,0.0032613892665864733,0.0015857721498749706,0.0011515864802227069,0.003381162812053572,0.002669048895422492,0.0027386060800269774,0.0023239285844791993,0.0031087682890643983,0.0013429250808376972,0.00195457295937186,0.0038914518552899302,0.003039279121565904,0.0034960458255865346,0.0036795607642491086,0.0038888373990668794,0.0014570369652207153,0.0014329956151283361,0.0018472741766496496,0.001557523250368112,0.001756118379898104,0.0013375792670043188,0.001434983705542604,0.0016247098536639603
paired_deficit,2,5000,4.33934494771529,4.356876124977134,0.698272705078125,0.6992793083190918,0,0.11670000000000003,0.8833,0.001,0.002,0.002,0.0022,0.0013,0.0017,0.0014,0.0035,0.0047,0.0027,0.0033,0.0024,0.0035,0.002,0.0015,0.0035,0.0016,0.0022,0.0028,0.0024,0.0016,0.0013,0.0041,0.0026,0.0019,0.0019,0.0027,0.0009,0.0017,0.0043,0.0021,0.0027,0.0016,0.0029,0.0021,0.0017,0.0064,0.0033,0.0032,0.0023,0.0032,0.0013,0.002,0.0019,0.0021,0.0019,0.003,0.0015,0.0008,0.0,0.0,0.021057677373093026,0.020768491390735593,0.021090566986847435,0.020824968703910242,0.020867736485902448,0.02094585460146938,0.020708166941847947,0.02075164045027492,0.018753285689568244,0.019638228439837813,0.020017809503975498,0.020074807924912286,0.019982049759463834,0.020693087009154437,0.020905563570162138,0.019986695644534515,0.020437675974153316,0.02058310096437077,0.020214781333794358,0.020197575816844143,0.02045394409558616,0.021215109173343304,0.019932371577743052,0.020404916146479088,0.020637797733373077,0.020545374660382785,0.020092893637952716,0.020048191417632165,0.021029909892272537,0.019931377644725058,0.020601451536633723,0.020746861192760264,0.020640063788481315,0.02014787603064935,0.02051877636103337,0.02027620967927489,0.018691179092236762,0.019454492944681337,0.019801923268921988,0.020035797702418368,0.01995637292831754,0.020598861299538446,0.020942928662522068,0.020867797464953885,0.021020449092145524,0.02080794175238046,0.020349264738497734,0.020850585451434603,0.02089951646877605,0.0013201286878014688,0.0019024433537381577,0.00122372383933616,0.0017258513484206827,0.001690349121805236,0.0014760268335749361,0.0019294927590967324,0.001853697613314733,0.0053768495252916985,0.0038339704894744175,0.003094053903439221,0.0030337408577202837,0.003195462764394689,0.0019167218039534623,0.0015462733975661882,0.0031483002616813104,0.002362025560947434,0.002147542655188601,0.0027506376691330938,0.0027806351253468415,0.0023336624340635622,0.0010065871617818373,0.003360200627307192,0.0024972666301170624,0.0020131174911124294,0.0021742551711477678,0.0030022087981724952,0.003080146177247078,0.0013685407054402866,0.003283808528577934,0.002076486319167975,0.001862030148073492,0.002009166671786046,0.0028672856552044933,0.0022206287455310857,0.002721663643328332,0.0054070060689051114,0.004076184453239112,0.0035095095046699153,0.0030626918585372597,0.0032011672783848807,0.0020810023429569586,0.001481128146468362,0.0016121178061141237,0.0013850354110848926,0.0017555374795869998,0.0025552311871351436,0.0016421265889591337,0.0015568163913962608
paired_deficit,2,6000,5.231329615227878,5.252209875034168,0.6948930025100708,0.6950917840003967,0,0.12919999999999998,0.8707999999999999,0.0005,0.0016,0.0011,0.0015,0.0016,0.001,0.001,0.0019,0.0048,0.0027,0.0046,0.0027,0.0034,0.0035,0.0021,0.0049,0.0013,0.0023,0.0028,0.0019,0.0031,0.0024,0.0047,0.0016,0.0016,0.0019,0.0022,0.0042,0.0034,0.0045,0.0013,0.002,0.001,0.002,0.0029,0.0024,0.0058,0.0029,0.0023,0.0028,0.0021,0.0031,0.0015,0.0035,0.0023,0.003,0.0056,0.0035,0.0024,0.0,0.0,0.021224069170990928,0.020710153350556426,0.02062243971722539,0.020679907793752204,0.020727002880355463,0.02071445212613994,0.020928143062882494,0.020355449679881496,0.018204755881964147,0.019859689414875172,0.019895820020503864,0.01955442456065693,0.019729617272990888,0.020714942954781337,0.020934399926802207,0.019708636137897858,0.020917457972274706,0.020699035469597622,0.020926331904524004,0.020425378364654335,0.02031598217934842,0.020798882365664975,0.019719518450979218,0.020744023322407885,0.020654819584070408,0.020750618858574224,0.020559881208842924,0.02039727340568858,0.02088939732934849,0.019313729039579088,0.020741708304602022,0.020874658072607834,0.02067736283921953,0.020526668082715575,0.02027962525856726,0.02084977432617035,0.018413152083103096,0.020168555342001005,0.0203884525726436,0.020557116421636854,0.019989748307372643,0.020413092378381525,0.02111606788900334,0.020721792123625342,0.020536832201356853,0.020598733801475005,0.020302733439213093,0.020490375183083206,0.020677317965410162,0.0009697522435197569,0.0019448679283218151,0.0020979636473085622,0.0019585961415695655,0.0018373336930500672,0.0018592398285900238,0.0014862628310680632,0.002524906603668996,0.0063568609778306825,0.0033902085109535417,0.0033271460104494863,0.003923018982520104,0.0036172369365891073,0.0018974456343578891,0.0014753420762889766,0.003653857491914898,0.0015049126300435952,0.001886148121270252,0.0014894240339570718,0.0024028528035181,0.0025547308336020358,0.0017118749580057103,0.0036348634600619316,0.0018466886468621949,0.0020023852009604655,0.0018351767722180616,0.0022462160127358225,0.002412844808918835,0.0015538897860554398,0.0044212548872551724,0.001811666788003101,0.001579615742470036,0.0019630381151735797,0.0022260613330972365,0.002696313345459163,0.001623047930913922,0.005915000432558444,0.002812050212637025,0.0024673032254462816,0.002172916683148553,0.003202265710849589,0.0024242968120543654,0.001158258103891285,0.0018464285682452625,0.002169258340631487,0.0021393400454603403,0.0026559802364988136,0.0023284696021906403,0.0019631164380961167
paired_deficit,2,7000,6.108770857565105,6.133124124957249,0.697746992111206,0.7033154368400574,0,0.13929999999999998,0.8606999999999999,0.0002,0.0008,0.0007,0.0009,0.0005,0.0008,0.0011,0.0011,0.0053,0.0038,0.0055,0.0039,0.0053,0.0042,0.0011,0.0043,0.0015,0.0023,0.0025,0.0021,0.0055,0.0015,0.0045,0.0019,0.0018,0.0019,0.0027,0.0044,0.0007,0.0048,0.0021,0.0017,0.0023,0.0018,0.0041,0.0004,0.0056,0.0019,0.0016,0.0025,0.0019,0.0054,0.0007,0.0048,0.0026,0.0039,0.0063,0.0057,0.0064,0.0,0.0,0.02129843288244895,0.0204704122867526,0.020377036881041557,0.020569843846072855,0.020430941761514654,0.02069871718858867,0.020698992818909134,0.020712562425178504,0.018823581913880737,0.02022150128335471,0.02011246951518709,0.019823489322389982,0.01963000984550882,0.020238720887625898,0.02073518179430043,0.01990010096609237,0.020677915097068265,0.02058477054328677,0.020825143298849633,0.02026363065181584,0.020258801225097614,0.02031965466781246,0.020072786069260252,0.0205932672743012,0.02059953978100702,0.020798367728805812,0.02048481036219354,0.019963378583817908,0.02062642101548119,0.019916072454993418,0.020906032288640474,0.02059089928730236,0.02073628113590461,0.020577158011432638,0.020112787809022772,0.02079705073013608,0.019406504359235327,0.02046156559178483,0.020533580523133334,0.02071033317530264,0.02002691394770178,0.020229018170172013,0.021194238386530374,0.02037659619746556,0.020360181526282384,0.020268843841538847,0.020046432405445028,0.020791908231693093,0.021147120008637915,0.0008932056627605324,0.00237352440785219,0.00249699154457678,0.0022004534038525822,0.002442226975508002,0.0019761359041525284,0.0019365936408196188,0.0019129743252122384,0.005200942007314108,0.002806779981425859,0.0030356236506403943,0.003499561329309094,0.0038363325470799855,0.0027768074634440033,0.0018736029530791662,0.0033662107695443997,0.0019732816149996718,0.0021744719298530677,0.0017170155675439787,0.0026943869197080038,0.002780918040828703,0.002596871274143242,0.0031046968289720465,0.0021206199829467156,0.0021097020305320953,0.0017636212410527328,0.002309400555206598,0.0032951319733067613,0.002062912437056957,0.0033384107265965616,0.0015762198406005432,0.002124741711401438,0.0018716894343083206,0.0021486598358607827,0.0029569446270076077,0.001765913614657196,0.004225367167206817,0.0023498605035356637,0.002263573501258377,0.001916854567228146,0.0031845420429864983,0.002793696055584653,0.0010745670548893476,0.0024977586003231095,0.0025653925482760315,0.0027243753190344376,0.003072443130666898,0.001852989669781736,0.001234706508091429
paired_deficit,2,8000,6.979467045865022,7.007509625051171,0.6956363916397095,0.6969594955444336,0,0.13339999999999996,0.8665999999999999,0.0009,0.0028,0.0023,0.0016,0.0013,0.0014,0.0019,0.0008,0.0038,0.0024,0.0032,0.0026,0.0033,0.0038,0.0011,0.004,0.0021,0.0023,0.002,0.0025,0.0049,0.0018,0.0025,0.0016,0.0023,0.0031,0.0033,0.0045,0.0015,0.0028,0.0021,0.0016,0.002,0.0024,0.0041,0.0006,0.0035,0.0017,0.0012,0.0013,0.0018,0.0048,0.0007,0.0054,0.003,0.0046,0.0063,0.0057,0.0062,0.0,0.0,0.020787824716853816,0.020388318755703815,0.0203563639189277,0.020234015238380434,0.020555334175917872,0.020350689584750913,0.0204319027338958,0.02062793060145344,0.020064028135959845,0.02040230806416382,0.020354150671456583,0.020162928836577457,0.020452522547734508,0.020469980800847512,0.0202885914603,0.020260982625031516,0.020761350599625195,0.020580564001750914,0.020525724527189277,0.02036726523660457,0.020391721967271084,0.020177842421011977,0.020397583132754662,0.02061935491474489,0.020682059243363443,0.0205022882675721,0.020287639168624742,0.020296889437986815,0.020245037437793753,0.02023820410779819,0.02058934197685875,0.02052863892609543,0.020711231535777974,0.02033850850110281,0.020505754928313323,0.02067586091160705,0.020546738004313392,0.02083517983775573,0.020690925719466936,0.020453401903650442,0.0202555309176243,0.02035101415384806,0.020145825243034127,0.019738537231656795,0.020350687349696202,0.019755141718175447,0.020158197206159037,0.02043700353208415,0.020671083070733336,0.0017531947394240385,0.002488725326726072,0.0025444329411642755,0.0027577262579383125,0.0021585009378481336,0.002515262640668497,0.0024127443580291117,0.002031941891038979,0.003054068749920377,0.002464337438050335,0.0025092288472528803,0.0028816528450520255,0.0023377348542261444,0.002346361973191403,0.00262351975362089,0.0026716508819693316,0.001799347687270303,0.0021535796922982,0.0022491826311045442,0.0024863659190549497,0.0024827924283930473,0.0028556536444492905,0.0024725745215013507,0.0020859545862801517,0.0019375781634220018,0.0022900396107153206,0.002625179905974337,0.0026090536950134657,0.0026994484998701745,0.0028285487038964495,0.0021382768429586267,0.002244101891317931,0.001886721423658519,0.0025364982087317015,0.00228399609995314,0.0019483838601640757,0.0021734868448875645,0.0016706394494264217,0.0019221210282264881,0.002375264352488034,0.0027202174710184756,0.0025537593117691305,0.002872407439762759,0.003582442157263543,0.0025543290370916576,0.0036316201675040227,0.002889901607042585,0.002403852017229675,0.001995775681922307
paired_deficit,2,9000,7.849947515758686,7.8816217499552295,0.6942373514175415,0.6991740465164185,0,0.1381,0.8618999999999999,0.0016,0.0018,0.0024,0.0024,0.0017,0.0017,0.0029,0.0014,0.002,0.0026,0.0031,0.0025,0.0021,0.0043,0.0019,0.0029,0.0015,0.0034,0.0025,0.0019,0.0045,0.0028,0.0033,0.0023,0.0028,0.0035,0.0013,0.0038,0.0024,0.002,0.0022,0.0022,0.0025,0.0024,0.0036,0.0014,0.0021,0.0023,0.0017,0.0022,0.0018,0.0037,0.002,0.0058,0.004,0.007,0.0063,0.0047,0.0049,0.0,0.0,0.020444582140457024,0.02038430810289161,0.020316098908829884,0.02018812224250524,0.020363406061105965,0.02064732797995441,0.019955073448849264,0.02025483465231162,0.020644151557888537,0.02063524031820252,0.02064243884019883,0.020536418685678196,0.020807402946285088,0.020201705865456943,0.020335692162887976,0.020751987883659027,0.02067889236880103,0.020475418159887168,0.020583980689264078,0.02060489339080373,0.020005232014021164,0.02018615037255196,0.020607529993065823,0.020612358326281548,0.0203054213437229,0.0206503965126216,0.020609493631203065,0.01995773215523191,0.020249884275327625,0.020900462712957917,0.020625588594804123,0.02070455663083024,0.020730074025350435,0.02067428094446753,0.020033543403771777,0.020441458250103732,0.020952971017756193,0.020700533524395347,0.020784534193460706,0.020784702298402756,0.020436711089632784,0.02004599208201079,0.01953395272134449,0.020262150061563882,0.020052122847228397,0.01956393959930955,0.019828473444864568,0.020229874838936686,0.020077902688862358,0.0025850951738993727,0.002688797864101888,0.002806153150166298,0.0030263395706729935,0.0027247602461066456,0.0022362668917318388,0.003427304693083208,0.0029115595319323343,0.002280794489587475,0.002257063956148976,0.0022446787547147915,0.0025833385564066613,0.002038979702452969,0.003042031175015643,0.0028115050636896522,0.0021343224288436803,0.00226008472781503,0.0025320411841683564,0.0023452571755584063,0.0023483389532331415,0.00334100587596184,0.003068794712466109,0.0023047401261739697,0.002296432882062086,0.002824524115031634,0.002230987419749949,0.0023404241473854,0.003422730335441418,0.0029200767547946558,0.001878868507925525,0.0022736699397852655,0.002137803850392637,0.002093900661464384,0.0021898937758457445,0.003331358062216493,0.0026295323898901973,0.0017104019166617045,0.0022228506856822768,0.0020002008502349325,0.002038974122311418,0.0027158249746670735,0.0033880648616944203,0.004151851348762072,0.0029380357236305473,0.0032993917572078793,0.004178383323948095,0.003645122538430189,0.002993565891319958,0.003333162022757992
paired_deficit,2,10000,8.734485757653601,8.769885207992047,0.6945466995239258,0.6948421001434326,0,0.14660000000000006,0.8533999999999999,0.002,0.0026,0.0035,0.003,0.0026,0.0027,0.0045,0.0012,0.0016,0.0016,0.0025,0.0018,0.0015,0.0055,0.0017,0.0025,0.0019,0.0027,0.0025,0.0021,0.0058,0.002,0.0035,0.0027,0.0028,0.0038,0.0024,0.0047,0.0025,0.002,0.0029,0.0028,0.0026,0.0026,0.0032,0.0013,0.0011,0.0025,0.0017,0.0029,0.0021,0.0041,0.0029,0.0051,0.0045,0.0053,0.0059,0.0044,0.0065,0.0,0.0,0.020114418811756615,0.020440642074309415,0.01998411160053444,0.020175959482976145,0.02005673931648475,0.020457559083270786,0.02035780548270422,0.02033167673936318,0.020855512658995337,0.020947836823038246,0.020603756150829988,0.020626216223860454,0.020834833691963442,0.020826959050236425,0.020332990287749406,0.020580446986938117,0.020606421899919857,0.020541039994771363,0.020625887559576263,0.020789175563346533,0.020153872318576672,0.019881918764302616,0.020880314632911706,0.02049664616499674,0.019980452820036056,0.02056287221686244,0.02074826802133235,0.02018589711978619,0.020487619497281978,0.02077164748618508,0.02054687514916016,0.020334145820318426,0.02060712292300819,0.0208872384170651,0.02031293230271352,0.02071383072889825,0.02101067487305476,0.020779422372624735,0.020736746405857293,0.02076316886290853,0.021113701391330085,0.020040305129874283,0.01951044213961189,0.020055732503788566,0.0196615275856121,0.019302529167470793,0.019598287128569133,0.01999293707043105,0.01979288150280633,0.0033615685379297833,0.0027668072188064084,0.0035835378813566777,0.0032567382506684148,0.0034207590783763434,0.0027770527612744123,0.002946976137076506,0.002952422148536336,0.0020601038028853005,0.0019418984595876668,0.002528016143939984,0.002528819459224625,0.002095328996424202,0.0021478054052744794,0.0029501846094921393,0.002528659196352486,0.0025234752242957914,0.0026348487885190786,0.0024512543161556892,0.0022121669682199758,0.0033724872112606903,0.003757616326813034,0.0020569178515964376,0.0026714081144706575,0.0035897703614884546,0.002558596604558736,0.0023209126435172686,0.00323981017203599,0.0026867844201039753,0.0022029623382685505,0.0026639715056296477,0.0029482162394898342,0.002483218579833757,0.0020060611630159,0.0030234145030471338,0.0023014491950868452,0.0017957956770617027,0.0022287808556674137,0.002301476420514749,0.0022564675880151486,0.0016202971117663346,0.003565941081347178,0.004429463625963167,0.0034615366143365867,0.004211162493241062,0.00478362902850107,0.004279825748371453,0.003529441802324399,0.003948347658411018
paired_deficit,2,11000,9.595024423324503,9.635659749968909,0.6942946910858154,0.6994014978408813,0,0.11929999999999996,0.8807,0.0013,0.0029,0.0038,0.0048,0.0048,0.0038,0.0035,0.0006,0.0023,0.0017,0.002,0.0023,0.0013,0.0035,0.0011,0.0022,0.0019,0.0029,0.0027,0.0025,0.0032,0.0016,0.0014,0.0027,0.0021,0.0029,0.0023,0.0043,0.0016,0.0012,0.0023,0.0023,0.003,0.0028,0.0028,0.0017,0.0011,0.0033,0.0016,0.0016,0.0014,0.0027,0.0024,0.003,0.0021,0.0031,0.0034,0.0021,0.0014,0.0,0.0,0.019636862186784062,0.020634058115356485,0.02020607729893703,0.020282990410656017,0.020200300627828505,0.020531209465110375,0.019877129488212693,0.0202767283605568,0.0209437002328718,0.020654535208325456,0.02060564960571152,0.020703025966076746,0.02085851891929476,0.020397497916015563,0.019728663449504746,0.021030498490332263,0.02064640223872885,0.020443496829196883,0.02072158298347923,0.020850311378118207,0.02018816529305234,0.019844229241191037,0.02075000290299707,0.020491329083382533,0.020557087970950728,0.02060362504406016,0.020813602634292973,0.020123130633903162,0.019872891473795343,0.020787249800056862,0.020667676843067924,0.020496760422227638,0.020508485985275493,0.020589498830784928,0.02003930157140099,0.02023945600507413,0.021031004250636445,0.020885541469475327,0.020653835532385582,0.020774766478673476,0.02101870233970283,0.020326574609103726,0.01964214766030789,0.020324701336424958,0.020101653566621976,0.019783240299778453,0.019770221491572048,0.020016724311628965,0.019869153747076963,0.004160332152693057,0.0023778669000905366,0.0031484054439303915,0.0030169507232485275,0.003158278541898611,0.00255364889991401,0.0037887459311371752,0.002988590898361919,0.0018486474060459407,0.002381931329196623,0.002426420815241074,0.002259991685451127,0.0019942335815799094,0.002821242191938373,0.004003431605055855,0.0017393601587125296,0.002395831654157362,0.0027035614414375655,0.0022673377786537425,0.002086386359272622,0.003179019440397302,0.003727789321890855,0.0021797018625154337,0.0026608722677238282,0.0025484815972070677,0.0025080060599306227,0.002071001476767276,0.0033292348083807295,0.0037178642605127147,0.0021160419696853163,0.0023204080304359866,0.0026125268884480486,0.0026315488442437626,0.0024540246341390477,0.003394384807271792,0.0030522943030171687,0.0016994332471963129,0.0019480484551858972,0.0023440646682829427,0.0021373776235024474,0.0017204588464665633,0.0029424595408605366,0.004151298576619777,0.0029456612126073246,0.0032878169681538156,0.0038320275210598884,0.0038542783929611172,0.00343297234209859,0.003685190031781013
paired_deficit,2,12000,10.454499330953695,10.498810125049204,0.7012953162193298,0.6969125866889954,0,0.15000000000000002,0.8499999999999999,0.0017,0.0038,0.005,0.0053,0.0039,0.0045,0.007,0.0003,0.0024,0.0019,0.0027,0.0022,0.0014,0.0054,0.0004,0.0025,0.0018,0.0037,0.0026,0.0031,0.0063,0.0002,0.002,0.0037,0.0025,0.0035,0.0026,0.0064,0.0001,0.0025,0.0028,0.0025,0.0033,0.0032,0.0045,0.0001,0.0013,0.0028,0.0012,0.0017,0.0018,0.0061,0.0002,0.002,0.0023,0.0048,0.0054,0.004,0.0086,0.0,0.0,0.01982444292598392,0.020235110489737234,0.020136550910679417,0.0200495898679202,0.020168961061020462,0.02057651976823681,0.019947528318520983,0.020494541735364687,0.021101441667237854,0.020748292103180542,0.020818670172209376,0.020767923271239115,0.02095702923647132,0.020684217106311378,0.020039231351834896,0.020913737159718955,0.02042905606101836,0.020604815741811708,0.020493111145856346,0.020670626911558028,0.020163183260515007,0.019613027165356324,0.02065654928632926,0.020412957026004284,0.02018002477835063,0.02047883601576057,0.02076086888106949,0.020440868310282377,0.02016716443094186,0.020970092995713584,0.020703540202412433,0.02052550936063737,0.020403570956559484,0.0207327273188325,0.020097240587361613,0.020506728274145847,0.021028568012847745,0.02096996972240066,0.02070378791201128,0.020889449028975673,0.021112921126340875,0.020560349994116135,0.01946693984670942,0.019853232970769928,0.019975722961735297,0.019630450585278902,0.01940336911996618,0.019716219510549637,0.020214733352113982,0.0038272725398764344,0.0031281902406652805,0.0033740939093950305,0.003444003307725134,0.003279859381170744,0.0025860693104373385,0.003656805905343164,0.0026865585957823227,0.0016534285479954391,0.002254597549389724,0.002173854964563799,0.002221179273114967,0.001938325350593497,0.002363672869884597,0.003539761682942669,0.001972959259136362,0.0028370978225269777,0.002576963374429473,0.002767118898423658,0.0023868075545625538,0.0032506324718485718,0.004187167084939147,0.0024888969955873474,0.0029426283237305815,0.0032219630368848615,0.00271329455338088,0.0022331880114098597,0.00277792724703431,0.0032438552972645367,0.00187702432081054,0.002330779026682705,0.0026338421881876343,0.002841418796152014,0.0022810935919047566,0.0034019496508957245,0.0027048758645965556,0.0017774818854378847,0.0018772341698432727,0.002369419848880069,0.002053367615936867,0.0017120119835482856,0.002613595231322569,0.00443585256102564,0.003778263042950385,0.003608809964725021,0.004313757073935907,0.004622194458917489,0.004050564525640562,0.003241003386207652
paired_deficit,2,13000,11.32562345196493,11.37359574995935,0.6890997886657715,0.6956148147583008,0,0.14129999999999998,0.8587,0.006,0.0028,0.0043,0.0054,0.0031,0.0039,0.0083,0.0032,0.0018,0.0022,0.0021,0.0021,0.0016,0.0036,0.0052,0.0032,0.0023,0.0024,0.0035,0.0014,0.0037,0.0055,0.003,0.0035,0.003,0.0029,0.0014,0.0053,0.0064,0.0017,0.0026,0.0033,0.0023,0.002,0.0035,0.0043,0.0019,0.0021,0.002,0.0024,0.002,0.0041,0.0025,0.0005,0.0002,0.0001,0.0003,0.0004,0.0,0.0,0.0,0.019576469901777072,0.020073867280854606,0.019761569870913695,0.019513299158791804,0.020081523917758255,0.02034561182060175,0.019424155793334955,0.020698192531137444,0.021240461054835978,0.020914800849189577,0.02093573432535264,0.020847190494855623,0.021286284796631534,0.020690127761627167,0.019889624293449884,0.021070338566740794,0.020921262392374858,0.020758713522482618,0.020459621664489794,0.021164126412574792,0.019991623338132303,0.019853484423580745,0.021077966647993142,0.020574083084228575,0.020316038997402204,0.020562164644623147,0.02086768258965048,0.019790600391334463,0.020066232532078832,0.02110567036298621,0.020720304762883952,0.020645195525457696,0.020592581668860282,0.021124896604130736,0.020075567422037144,0.020225352603051514,0.02152563150845976,0.020840074242785778,0.020770880347071766,0.02108923326150756,0.02132252471930276,0.020423863997983224,0.018514394687987587,0.02007813103774083,0.019509779703835557,0.019318367315166007,0.019815297305469992,0.019876162603260836,0.019673237261222012,0.004637275689859514,0.003728866303068754,0.004250171147879188,0.004703661436691682,0.0037160854032413045,0.0032752546476029908,0.0048915271826236745,0.002686706594566815,0.0017815207057509715,0.002325131499697529,0.002368313134190293,0.0024379906017961014,0.00170502907359211,0.002778293772875569,0.004036415321725696,0.0020654989727241294,0.00235340801921797,0.0025856814659660364,0.0031240053419874275,0.001908942892329973,0.00390521513472793,0.0040967420764597955,0.002052765739636451,0.0028938772399224005,0.0033636818093578306,0.002913772186569779,0.0024037840155202352,0.004318899229193726,0.0038197356659710104,0.0020065211010790334,0.002688858082268612,0.002814234752436108,0.0028629983357634815,0.0020525525507097565,0.0037650908293709053,0.0034759982680957527,0.001305497740658195,0.0024498694600985304,0.002643496900781107,0.0020339588586867,0.0016445353049513779,0.003183694100829574,0.0063320278796072495,0.003721748994211459,0.004670473813848458,0.004989990410508852,0.004160486216010138,0.0040588863512363614,0.004397621033537016
paired_deficit,2,14000,12.22098791541066,12.273329791962169,0.6934108734130859,0.6951353549957275,0,0.17100000000000004,0.829,0.0017,0.0045,0.005,0.0054,0.0061,0.0043,0.0098,0.0009,0.0014,0.0017,0.0026,0.0021,0.0014,0.0055,0.0016,0.0023,0.002,0.0027,0.0025,0.0027,0.0063,0.0027,0.0024,0.0029,0.0028,0.0031,0.0019,0.008,0.0029,0.002,0.0031,0.0023,0.0022,0.0027,0.0045,0.0021,0.0012,0.0022,0.0015,0.0023,0.0015,0.0052,0.006,0.0052,0.0056,0.0055,0.0046,0.0051,0.007,0.0,0.0,0.01960427925834291,0.0201305863337314,0.01996840141374317,0.019134683734238364,0.01987827196275989,0.02030023239642636,0.019222137680197447,0.020900478776558682,0.021215941547166557,0.020731487021195136,0.020881490162077965,0.020976797052535315,0.021326872800353565,0.020707082895043707,0.02022952925860297,0.021004439895520935,0.020617719249251914,0.02059714397125238,0.020786911517434475,0.02099361336235178,0.020457724389693958,0.019839353173125067,0.020962446496413094,0.020542753918686537,0.02038805301037413,0.020670440891512737,0.020833326028012557,0.020192568832744,0.01999508266287219,0.02103453419381294,0.020695463984774953,0.020697879112268888,0.020980175467697693,0.02112196912998792,0.02021754846488362,0.020327319097465865,0.0213275130026254,0.021234687822476714,0.02092183512060692,0.02089275728204182,0.021218738306402467,0.020456184615876602,0.01850724967003562,0.01983165515163121,0.01941820951622039,0.019475399938804948,0.019398272391725258,0.019788819059467996,0.019363938978973566,0.00442309760645021,0.0035785995814156353,0.003850874456215134,0.005250513687912951,0.004002183128957344,0.003254736494012995,0.005259946633722836,0.002247047197059608,0.0017174505713227906,0.002530749338029902,0.002317987646197721,0.0021189246253805723,0.0016093449829608418,0.002571718809130876,0.0033734324122290118,0.0021115805197999874,0.0027217418536368224,0.0028344084820551424,0.002476765593191076,0.0020906935256568755,0.00310752757076988,0.0040284572125061585,0.0021820787355732083,0.002886655610310206,0.0031463663802460667,0.0026332331405774898,0.0023988452473448353,0.003513606308784977,0.003806082167470747,0.0020610584287188436,0.0026302870519518537,0.0025871700533210127,0.0021132529663544166,0.0018752107880172708,0.0033935456823787403,0.0032483260355234012,0.0015301452160008666,0.0016859794594376643,0.0022111943205879152,0.002260009986405228,0.001712755392073965,0.0031101125319572083,0.00626478297294044,0.004119505595509924,0.004735470148509359,0.004678521779249319,0.0048861279494237025,0.004152356018311167,0.004826579135308217
paired_deficit,2,15000,13.095493849134073,13.151832208037376,0.69134521484375,0.6962486505508423,0,0.15410000000000001,0.8458999999999999,0.0003,0.0003,0.0005,0.0005,0.0006,0.0003,0.0009,0.0017,0.0017,0.002,0.0028,0.0019,0.0016,0.0058,0.004,0.0021,0.0028,0.0026,0.0026,0.002,0.0054,0.0049,0.0021,0.0029,0.0033,0.0024,0.0012,0.0062,0.0046,0.0023,0.0024,0.0027,0.0033,0.002,0.0043,0.0045,0.0017,0.0022,0.0015,0.0028,0.0013,0.0046,0.009,0.0048,0.0064,0.007,0.0068,0.0054,0.0091,0.0,0.0,0.01924655869976152,0.02041481598678712,0.02002073450123941,0.019957294330199535,0.020382168845887456,0.02073762881519902,0.019692997276767578,0.020206912343694625,0.02133857804608498,0.020916691064834937,0.021026427696654432,0.020873188508069032,0.0211927017901524,0.020156273581387357,0.019887111408991603,0.02107504399963056,0.020392727015638774,0.02068234033186442,0.020729764055776832,0.02124813329379853,0.01960811072637965,0.019427671205571616,0.02110384447153572,0.020655833360307952,0.020387822329655303,0.020279629864017087,0.02095074479302207,0.01951010071945119,0.020041505870446827,0.021050687275588446,0.020821908655148973,0.020476095836714094,0.02058786590063179,0.02121106564204786,0.019823552300283657,0.020171802181981995,0.021351853939667494,0.02093153253727308,0.020853356998963218,0.020755430788216494,0.021100330735923916,0.019974346785051257,0.019045998810537063,0.020323364149065864,0.019752961268468285,0.020041883264409442,0.019719287350432782,0.020304725399305952,0.019558595247480777,0.005060003531351707,0.0031034401399459947,0.0038024988722969327,0.003869684129173475,0.0031581166238230855,0.002562802585734851,0.004312321162080792,0.003451631126240042,0.0015563502585779832,0.0023410393279758406,0.0020791306025082744,0.0023357711472278913,0.001839722077426485,0.003575501955378528,0.0040262869482986866,0.001997709429548374,0.003179496607612739,0.0026553981326749034,0.002575974256511968,0.001707824504220375,0.004454486692530507,0.004756681564068294,0.001988537735239759,0.0026997912391766876,0.003187710833321562,0.003329845934093742,0.002205882132540997,0.00461863100703838,0.0038458365861126762,0.002077563863931847,0.002499778156314693,0.00300081042615819,0.0028526836676402976,0.0018089668313493684,0.004171796398529113,0.003549495105876575,0.0015341161773869566,0.002316183260764003,0.0024080468829968337,0.0025329883580920225,0.001994422437643487,0.003841125172797159,0.005474020411846658,0.0032956635230402863,0.0042900202094527835,0.003845204537659314,0.004385478809871044,0.003365941660080877,0.004654601279223981
paired_deficit,2,16000,13.962666423409246,14.023781417054124,0.6945094466209412,0.6958224177360535,3,0.20889999999999997,0.7910999999999999,0.0118,0.005,0.0075,0.0073,0.0048,0.0048,0.0107,0.0039,0.0014,0.002,0.0031,0.0024,0.0011,0.0031,0.0075,0.0017,0.0028,0.0027,0.0025,0.0017,0.0054,0.0079,0.0027,0.0032,0.0031,0.002,0.0017,0.0058,0.0083,0.0028,0.0031,0.0034,0.002,0.0027,0.0048,0.0055,0.0011,0.0024,0.0013,0.0021,0.0018,0.0055,0.0123,0.0045,0.0058,0.0066,0.0049,0.0045,0.0039,0.0,0.0,0.019231778257260697,0.020259962167147413,0.019388772105233404,0.019917440381620403,0.019746094585190707,0.02049540771607371,0.018536361051790483,0.02060686525589938,0.021343107147459597,0.021351988901783317,0.021230818758143994,0.02110046739383057,0.021593411716597233,0.02048621100382554,0.019651494351698832,0.02131801291564389,0.020955507948798146,0.02079467246962391,0.02080783090919503,0.021356949939599985,0.019873419145093198,0.019589179756138025,0.021222675670558362,0.020890215018792912,0.02028395905915943,0.02074373850819122,0.02120264535432823,0.020008444497196583,0.01963560352903549,0.021413962812040076,0.020850907150353842,0.02046585741777676,0.021020075571838517,0.02112587124049175,0.01993293687500615,0.020113782499781883,0.021714339870799942,0.021332750935477093,0.02118739806890521,0.021373749436085117,0.0214911678564301,0.020482548937690623,0.018287140579194106,0.019800189350804003,0.019181736882023175,0.019058604848839464,0.019025004682916853,0.019639856388718242,0.01887908307991739,0.005403905558817935,0.0037138325566970025,0.0051458475777443145,0.004315913809267483,0.004675687745598961,0.003365882420257557,0.0068204321821490705,0.0031436120552726494,0.0018943550249055478,0.0019188181783784798,0.0020789285952650107,0.002332255605239713,0.001482917936132546,0.0033028744775558164,0.0047139989837931525,0.0020137285635112166,0.0025705320868068308,0.002834904733102681,0.0027742131030848325,0.0018716009932138646,0.0043882735327169615,0.004855490839653244,0.002131376261430368,0.00263879456745487,0.003752512765804694,0.00287956471920727,0.0021643010099690087,0.004088201174858638,0.004740119457092299,0.0017778863225622133,0.0027034067118202817,0.0033363305995069716,0.0024643993264491307,0.0022514356385265723,0.004290441513069348,0.003954114773621329,0.0012841427883704777,0.0019113780050432135,0.002189363671620574,0.001883049391120128,0.0016509808537093615,0.003308893983450717,0.006995712291765953,0.0044305197008406415,0.005447098360096915,0.005727621124717622,0.005743788756940606,0.004733128836773776,0.005983646781642409
paired_deficit,2,17000,14.84946487902198,14.914842708036304,0.7020684480667114,0.6929338574409485,0,0.11830000000000007,0.8816999999999999,0.0,0.0015,0.001,0.0022,0.003,0.0015,0.0038,0.0,0.0027,0.0018,0.0023,0.0021,0.0015,0.0059,0.0,0.002,0.0031,0.0026,0.0028,0.0016,0.0062,0.0,0.0018,0.0024,0.0028,0.0038,0.0025,0.0037,0.0,0.0028,0.0023,0.003,0.0031,0.003,0.0031,0.0,0.0015,0.0024,0.0016,0.0018,0.0019,0.0032,0.0,0.0049,0.0039,0.0048,0.0034,0.0033,0.0037,0.0,0.0,0.01977612612033394,0.01954226382299693,0.01959647210013956,0.01945233151076617,0.019542386613336276,0.018684561916296704,0.019389686566903683,0.021178250225526413,0.021162518610106325,0.02108751294585618,0.02096806493350397,0.02118123144967857,0.020842064762163694,0.020980930165554496,0.020785450576787323,0.021052834599794956,0.020837286793460384,0.020268515848051553,0.020821664673523338,0.02048937847755252,0.02101583756243168,0.020574436084296044,0.020799856680441958,0.020789086194603297,0.020464649274635913,0.020323900705597062,0.020489510700535618,0.02082035571879947,0.020732513735447083,0.021237154012403676,0.020729448283065242,0.020549631986694634,0.02081776828320398,0.02056138073868377,0.020751314732078446,0.021048894827712952,0.021563147173769066,0.021249102479687844,0.0212741488631829,0.021044055183231047,0.020791579853217675,0.021174224350619823,0.018308373035833214,0.019013579617133063,0.01896854972953777,0.019086196770211557,0.01915020081199472,0.018988930926319248,0.02004263897229823,0.0042833461580180105,0.004672318417620937,0.004582156316720314,0.00486096114110307,0.004750239186172359,0.006098894024351408,0.00500421805655335,0.0019512584822755934,0.001977424145004617,0.002102177570582892,0.0023399123824466746,0.0020244249510884245,0.0025494825949805705,0.002396639241583471,0.0026045838309148475,0.0021989189473421013,0.0025574295676392736,0.0034643772725820197,0.0025443506116345892,0.003097026754618735,0.0022213918952773905,0.002955554401579426,0.002580622830127529,0.002637599377245811,0.003138157685282562,0.0034113207203338588,0.003096806834293427,0.0025465277350206887,0.002692631211902824,0.0018923490588757213,0.00269772983597882,0.002996809901081888,0.0025508312960547458,0.0029772687494693034,0.0027004228904589124,0.002166409286626192,0.0013892023270529992,0.001872475730120998,0.0017917547477837872,0.0021744588417329297,0.0026725142910937953,0.0020360795323748474,0.006724591456291507,0.005629779216990528,0.005626550330331816,0.005548060990723353,0.005402543551044726,0.005631713735626185,0.003918192752639223
paired_deficit,2,18000,15.714278251864016,15.786552916979417,0.6919599771499634,0.6955640316009521,2,0.18679999999999997,0.8131999999999999,0.001,0.0047,0.0057,0.0063,0.0046,0.0052,0.0145,0.0004,0.0012,0.0021,0.0023,0.0022,0.0012,0.0043,0.0013,0.0026,0.0022,0.0032,0.0034,0.0016,0.005,0.0026,0.0029,0.0032,0.0033,0.0033,0.0019,0.0058,0.0033,0.0014,0.002,0.0036,0.0029,0.0026,0.0032,0.0044,0.0017,0.002,0.0014,0.0024,0.0019,0.0045,0.0088,0.0055,0.0064,0.0063,0.0069,0.0062,0.0114,0.0,0.0,0.018922991791818555,0.02003550491208245,0.019512382128409788,0.019174785616124214,0.019508493293401274,0.01989423634283431,0.018598164551000884,0.020573544363573407,0.021375393198797478,0.0213003872115466,0.021104894698444558,0.021281859701519322,0.021472902759230184,0.020509061217525423,0.019923701084590604,0.02122815455509058,0.020944167969314607,0.02074195795433049,0.020924683551227174,0.021269682236449507,0.020138803655744775,0.01961593894487728,0.02129233564647277,0.020706890806852493,0.020368395579742703,0.020581121862259875,0.02126185950294577,0.020081412202305752,0.019669158279083235,0.021428411207653184,0.02097164700924884,0.020895133985716904,0.020577885576651786,0.021367192367842514,0.020265556051627692,0.020300124289462596,0.02163180927005255,0.021283518047924513,0.021504561215585423,0.021482535734151837,0.021586459598470654,0.020488107226868488,0.01771473023312132,0.020112347436453595,0.019370484549494527,0.018900265738532186,0.01932407591815096,0.02006401045255704,0.018718278472837278,0.005938803762613331,0.004157649228039781,0.005052609051559565,0.005565898619397699,0.005058971694478749,0.0044278455920020365,0.0065483886314997245,0.003238283784157073,0.0019263541696266798,0.002088136279132651,0.002368925110320121,0.0020793872098199967,0.0017668157698536623,0.0033828491485651717,0.00430151241909402,0.002245380856574184,0.002631895069905159,0.0029627371131416055,0.0027028366273881698,0.002099311136067936,0.004105826467001593,0.00480505154964388,0.0021013096931224917,0.003020111554872422,0.003652059037757784,0.003225886004807469,0.002112110151667012,0.004082538894369516,0.004717977755253604,0.0018396097698523803,0.002586935765002624,0.0027511835830566884,0.0032702434915229447,0.001978834302129154,0.003781255462073251,0.003685634801799722,0.0015849489255912715,0.002115736438110239,0.001715018392819183,0.0017901174624288902,0.0015810219222010577,0.003417132619062132,0.007993802770930107,0.003992862303498331,0.00524570955764172,0.005975986559442421,0.005321640150984088,0.004111010433937947,0.006312804038740787
paired_deficit,2,19000,16.582520561409183,16.65925312496256,0.6927869915962219,0.6921142339706421,1,0.16379999999999995,0.8361999999999999,0.0048,0.0031,0.0055,0.006,0.0028,0.002,0.0003,0.003,0.0013,0.0019,0.0022,0.0019,0.0009,0.0004,0.0048,0.0017,0.0028,0.0027,0.0021,0.0014,0.0013,0.0055,0.0029,0.0029,0.0034,0.002,0.0014,0.0011,0.004,0.0014,0.0024,0.0038,0.0023,0.002,0.0017,0.0048,0.002,0.0019,0.0017,0.0027,0.0013,0.0021,0.0178,0.0073,0.0088,0.0076,0.0073,0.0056,0.0032,0.0,0.0,0.018456618729587874,0.020337117745394893,0.020093537075057552,0.019741575881637503,0.019844183513690737,0.020391341089420423,0.019178410875389455,0.019829069578718394,0.021369209488102295,0.021104887261053935,0.021191550978576862,0.021257760527390795,0.021423983412275104,0.019948930707366315,0.019361892659885284,0.021294599651161664,0.02077437633241857,0.0204763472171013,0.02099448225883395,0.021187283782773396,0.019551441330462563,0.019457513622282666,0.02104513595106735,0.020882219720961846,0.020099296283958637,0.020503333696779577,0.021150187453459517,0.01973871446773161,0.019392802667832644,0.02127581475500752,0.021088296762295074,0.02081322433337845,0.02089956468165326,0.02131133610030448,0.01978179423720306,0.019854579788293213,0.021516941345826567,0.021307004130559203,0.021212417605582727,0.021537631318065336,0.021409334119240776,0.019981081024132645,0.018338300132055334,0.020336408698993103,0.020065727309778302,0.020125505307370242,0.02001232580803879,0.020445879706706055,0.018609028875143145,0.006676971895044238,0.003585659097363223,0.003947013740447131,0.004564657846904155,0.0043959833177288285,0.0034574599820764366,0.005451370461055749,0.004420828797684201,0.0018499626795607923,0.002323538931664763,0.0021420117683911876,0.0020331712830430186,0.001759920977144927,0.004184729108183314,0.005227873612926309,0.0019726122219581783,0.0028277963987988434,0.0033567826958961,0.0025050313937303066,0.0021490265218617236,0.004838153538313887,0.004992559323114985,0.0024217628539785264,0.002650514919602725,0.0040547337980125445,0.003273357689299406,0.002249070897731392,0.004530299165067521,0.005137998800693808,0.0020425548178243736,0.0023898742037864575,0.0028811224867363286,0.0026220019033714264,0.0019841620250686644,0.004537606237714819,0.004378893100474428,0.001607109384467601,0.0020303457590603695,0.0021077095589428145,0.0015730975740769824,0.0018230651419867258,0.004131877878358763,0.006910535850073742,0.0036258871838365913,0.004031792128935037,0.004050711835427894,0.0041977027349657265,0.003524055095705461,0.0065045530609389845
paired_deficit,2,20000,17.458042487385683,17.53884791699238,0.6900577545166016,0.6976820230484009,1,0.16610000000000003,0.8338999999999999,0.0022,0.0051,0.0079,0.0073,0.005,0.0055,0.0018,0.0012,0.0016,0.002,0.003,0.0025,0.0013,0.0009,0.0037,0.0021,0.0025,0.0027,0.0026,0.0019,0.0015,0.0056,0.0032,0.0035,0.0037,0.0024,0.002,0.0014,0.0067,0.0019,0.0027,0.003,0.0022,0.0023,0.0013,0.0082,0.0014,0.0021,0.0012,0.0017,0.0014,0.0006,0.0133,0.0056,0.0071,0.0063,0.0054,0.005,0.0006,0.0,0.0,0.01960607025826616,0.019745177263070554,0.019689881197138073,0.019869463844822757,0.019620881225237665,0.019952641079166042,0.01972246859790297,0.020718438253768005,0.021267395909526983,0.021389846827471276,0.02125382955166561,0.021250264112261108,0.021110562698991545,0.02033441745252789,0.02044500119738344,0.021089738480240407,0.02101667200759555,0.020721843164765365,0.02101807852211813,0.02102302860310653,0.020048726596279477,0.020073205927065015,0.020929663401961812,0.02041524602743838,0.020611608539298776,0.02074963292267085,0.020927849016041115,0.019179123720279707,0.02007209454993569,0.02118784250444021,0.02056546083863827,0.02067559178240528,0.020973963073195698,0.02087757066325669,0.01985040563815732,0.020500952348767632,0.02136910978017767,0.021213825064202815,0.021110839178775695,0.021220872323408014,0.02126876184316015,0.020240090042865443,0.019118458110153107,0.01954301418188842,0.01938116583643762,0.019353303758641333,0.019326397838938265,0.019588974668538782,0.018780549575954614,0.004542734114731964,0.00438914184393207,0.0044031261773323765,0.004182111669131274,0.004596187770184146,0.004121684324036851,0.004387906266620398,0.0026898089050684994,0.0017753835678538455,0.0015714111471055647,0.0017979817067667692,0.0018039208317531454,0.002036628237503358,0.0033294909406272034,0.0032624737444741066,0.0020713161465870013,0.002193026506550897,0.002723199680019616,0.0022688086072341386,0.002182438017743632,0.0038053800275603474,0.0038427286214504667,0.002337960952245447,0.0032339133712271013,0.0029068228311088374,0.0026378464352285547,0.0023409832626913748,0.005253919627631169,0.003961767396126383,0.001907899525159273,0.002944630789686961,0.0027611803462230062,0.00226416884572944,0.002502859348439375,0.004174795346407289,0.003091148203530196,0.0016450163504732394,0.0019427441177847348,0.002114292691745043,0.0018528801570332992,0.0017731082660887205,0.0034866166724287074,0.005511223270686116,0.0047258946731220395,0.0049954932957368605,0.005120029507270373,0.005047660499989144,0.00468839856598193,0.0059178438711606895
paired_deficit,2,21000,18.31984029978048,18.404912166995928,0.6914538741111755,0.6973219513893127,3,0.23099999999999998,0.7689999999999999,0.0101,0.0056,0.0071,0.0094,0.0055,0.0058,0.0117,0.0029,0.0015,0.0017,0.0026,0.0026,0.0015,0.005,0.0057,0.0031,0.0023,0.0021,0.0033,0.0018,0.0073,0.0081,0.0031,0.0034,0.0029,0.0024,0.002,0.0064,0.0067,0.0022,0.0022,0.003,0.003,0.0025,0.0053,0.0067,0.0016,0.0021,0.002,0.0018,0.0017,0.0064,0.0137,0.0058,0.0064,0.0082,0.0077,0.0059,0.0092,0.0,0.0,0.018740607618147442,0.020281201578257392,0.019819136183309806,0.019451711037548294,0.020039102663523593,0.02042206951074852,0.018943644274054663,0.02047961947197905,0.021652954822712178,0.021408555850226323,0.021216198786343204,0.02105778423470539,0.021830782879998418,0.019997780452428032,0.019976332245767302,0.02159019292512212,0.02057283571764556,0.020851190152939052,0.02099647316408663,0.021318561275189846,0.019469298347816168,0.019221866619759637,0.021358368046825588,0.020782759924794045,0.020613994679917293,0.02088755785451986,0.021134506008933032,0.019457371059246505,0.019574751723604178,0.021425039489310033,0.021056823050681663,0.02091352459911499,0.020938174190361116,0.021171645066931012,0.019954037832758436,0.019871282130005323,0.021729559283654026,0.021495706817190624,0.021195211637429545,0.021418612984032442,0.021680158593492867,0.02009225875096675,0.017277148111726516,0.019600791295845084,0.019416569362315422,0.019224733868700387,0.019601777421239162,0.0199831276246139,0.018806608779481565,0.006366112805655583,0.0038226508950573307,0.00469097486107463,0.005249201031749697,0.0042552709417340235,0.0035936550815999007,0.006231367617160177,0.003539163995958552,0.0015927200334215695,0.0019900165687141793,0.002302713444001754,0.002638358153947664,0.001303641604330687,0.004322444592801011,0.004435435934945886,0.0017338086761966287,0.0033485685698598886,0.0028960738167085227,0.0026599008231041753,0.0021363123263986408,0.005181548487513946,0.005622837589690069,0.002110664683425436,0.003046376933945026,0.003359785297126685,0.0028760167480472955,0.0024355137462835873,0.0053571875642189895,0.00501012280429873,0.0020413456594255202,0.0025617956608539765,0.0028338050416905135,0.002832797008255551,0.0024142027556892987,0.004432615375551089,0.004567143576079504,0.0015072538309863935,0.0018874058985279881,0.002336830287719455,0.0020127301275729586,0.0015484974093731535,0.004286047565468583,0.008823246954213729,0.0049677927088544295,0.005345390064125788,0.005579114071444395,0.004927127157096698,0.004307201823561667,0.006258820894987454
paired_deficit,2,22000,19.190553793683648,19.27987862494774,0.6907246112823486,0.6977138519287109,1,0.17179999999999995,0.8282,0.0027,0.0048,0.0063,0.0064,0.0039,0.0053,0.0105,0.0002,0.0012,0.0018,0.0028,0.0023,0.0026,0.0048,0.0017,0.0026,0.0023,0.0028,0.0034,0.0025,0.0049,0.0025,0.0029,0.003,0.0023,0.0026,0.0021,0.0043,0.0019,0.0016,0.0028,0.0025,0.0034,0.0034,0.0027,0.0023,0.0019,0.0018,0.0021,0.0025,0.0026,0.0028,0.005,0.0055,0.0057,0.0073,0.0063,0.0057,0.0065,0.0,0.0,0.018316751440792214,0.019887758175039856,0.01931965690086184,0.01900289582283081,0.019098928747418246,0.019863631177153705,0.017580771768220496,0.02067161893475048,0.02153073970276684,0.02120608016787889,0.021215724932691957,0.021300928503803426,0.02149784433269062,0.020938749221374994,0.019993902419581676,0.02162347791865365,0.020995114578761576,0.021047274846308285,0.021198562577003317,0.021157602455873375,0.02006191359167589,0.01939227382257273,0.021051275265738342,0.021028232906822986,0.0209169575289783,0.0209129759781244,0.021324893472063518,0.020144122944200777,0.019556801118329085,0.021486954655578983,0.02089093535152719,0.02086598271125288,0.02104685918612835,0.02144048589319916,0.020146630249469513,0.020487397118061385,0.021643057630897675,0.021403372086370748,0.02135450440221547,0.021316780214623465,0.02170560512602369,0.020541630156379567,0.017899365675540735,0.019826119086683268,0.019390926479786116,0.01907622300596016,0.019209762417878112,0.020134017006441428,0.018295930293019763,0.007177155290362261,0.004725070514013463,0.005561910018331649,0.006072074589195009,0.0059564697415983945,0.004763928632565531,0.008440624007954117,0.0033454236532228583,0.002000815594140061,0.0025237011497845716,0.002469105121067844,0.00237094166021968,0.002014733253390189,0.002993317739477038,0.004436930719928304,0.0018514545918205383,0.002824412620462959,0.002779467575487756,0.0025358087248275704,0.002562715196611161,0.0043273942495985806,0.005405893185014143,0.0027339621366188334,0.002810135872698735,0.003067477194788122,0.003073889744572891,0.0023714070010479745,0.004273115674915376,0.005219036143165471,0.0020322717953254253,0.00299220012480306,0.003071450494779321,0.0027801370235734923,0.0021071127965160245,0.004230014994705866,0.003642125017667817,0.0017808576761761266,0.0021668870258860417,0.0022455916485345454,0.002345411436310153,0.0016801208173174266,0.003554779138899521,0.007888445044851958,0.004824344323962956,0.0054471256692774014,0.005914913833101379,0.005738902318333083,0.0042503294530244675,0.007327876619657968
paired_deficit,2,23000,20.058007831918076,20.151609541964717,0.6808655261993408,0.7164379358291626,3,0.1996,0.8004,0.0123,0.0051,0.0056,0.0055,0.006,0.0152,0.0,0.0037,0.0016,0.0014,0.0019,0.0026,0.0067,0.0,0.0062,0.0028,0.0024,0.0026,0.0024,0.0069,0.0,0.0075,0.0028,0.0025,0.0026,0.0024,0.0073,0.0,0.0058,0.0026,0.0014,0.002,0.0029,0.0067,0.0,0.006,0.0015,0.0019,0.0017,0.0024,0.0064,0.0,0.0123,0.0046,0.0079,0.0052,0.0045,0.0078,0.0,0.0,0.0,0.019836513643188933,0.019648953958421617,0.01916656691716353,0.019466750344222725,0.01920163399811032,0.018133508687186654,0.01971601650335354,0.020673060847259877,0.021159648572836087,0.020883533504611567,0.02118392003034757,0.021068867041075925,0.020634082183556154,0.02105868671007688,0.020590341886472935,0.020800172656612707,0.02074550452676069,0.020891097237553308,0.020652020481458866,0.020654033675430835,0.020592944198755903,0.020532032856016798,0.02063978825606188,0.020705316189151085,0.020919737241015847,0.020628828683951255,0.02031568112387023,0.020738439116733308,0.02072242987496295,0.02051909732178074,0.020643722890826506,0.02074866380138965,0.02088500596034716,0.020495774221855813,0.020707561942180406,0.021098493359724316,0.021067662203623036,0.02117819041595612,0.020999486992899906,0.021260657627246302,0.020931291257460176,0.020946343468202584,0.019301802400416013,0.019687483483368778,0.01923657250175191,0.019332390135725318,0.01976131871786759,0.019303133341817484,0.019935237009340204,0.0041590228726433726,0.0045495722074125,0.005314037665210423,0.004853074759302792,0.005216562775305376,0.007112961730738257,0.004359738920984781,0.0028046211851818163,0.001994096009376764,0.0024149674584916622,0.0019146037444392223,0.00210625129215709,0.0028304867271164826,0.002123209004279784,0.002981471378356471,0.002631949364303506,0.0026448868659454676,0.0024023682997991874,0.0029568563144036033,0.002953502871001123,0.0028990116212103544,0.0031567236478647893,0.002820981934500963,0.002711829901484971,0.0023937242042124515,0.002917362654168348,0.0034389828427726418,0.0026566559517722686,0.002683323072248969,0.00302202079262352,0.0028144278839840648,0.0026786868583040645,0.002412514740551559,0.003138995847142647,0.002708089076813018,0.0020569017589305706,0.0021082582295231427,0.0019241477515479642,0.0022218199199490044,0.0017867794057887828,0.0023744782990702614,0.0023103428366485373,0.005088771473572521,0.004407267310674452,0.0052364895608458285,0.005194070476997969,0.004362402532516998,0.005164679480712421,0.003994576115152592
paired_deficit,2,24000,20.922253104276024,21.020460958010517,0.6943812370300293,0.6960453987121582,1,0.1884,0.8115999999999999,0.0067,0.0035,0.0044,0.0047,0.0028,0.0034,0.0109,0.0028,0.0017,0.0027,0.0024,0.0022,0.0026,0.0054,0.0056,0.0025,0.0027,0.0036,0.0025,0.0026,0.0059,0.0066,0.0018,0.0033,0.0035,0.0037,0.0028,0.0053,0.0063,0.003,0.0037,0.002,0.0029,0.0028,0.0054,0.0048,0.0021,0.0019,0.0024,0.0026,0.0026,0.0036,0.0064,0.0035,0.0041,0.0067,0.004,0.0039,0.0051,0.0,0.0,0.01857107211275376,0.020178830699374168,0.019264289448264152,0.0190849243252438,0.019562435101111504,0.019663224356168442,0.017234348788792545,0.020358140814480404,0.021872695207591695,0.021512108067767793,0.02133479607913895,0.021872396449517266,0.021514340095480516,0.02005202642452317,0.019742068469892116,0.021710907508009136,0.021273410946283745,0.021400652789623616,0.02143712266135754,0.021410361571722582,0.019913417379065042,0.019025709932668132,0.021388333062065126,0.021430819048988324,0.021108616839473973,0.021053160568893545,0.021339186712743756,0.019487948663507445,0.019273940299138863,0.021580415767201114,0.021000071836538146,0.021270999561917713,0.021304215541492134,0.021570742524281115,0.020207682110340918,0.01974599251983871,0.02185139768560762,0.021473790935587267,0.02132893819431255,0.021483002539559766,0.021615150177120415,0.02012197959473955,0.016812333734572825,0.019769805670337058,0.019220350337486466,0.018698480845055356,0.019458526146331298,0.0202770676280141,0.018137772226024754,0.007056033791679027,0.004483002843425624,0.0059244000122694335,0.006207095167022768,0.005493558831713015,0.005295643631834674,0.009319076910465747,0.004200394385966232,0.0018133239157814493,0.002459765852642212,0.0027001625876427997,0.0018137947846920983,0.0024171854813357084,0.004721919994646305,0.005171378398130487,0.002107378010582678,0.002796910937265302,0.0025573041397544422,0.0024998244254150746,0.0025420022482176914,0.004940379999000396,0.006300422239705136,0.002615783610177795,0.0025097594710037246,0.0030175783933601673,0.003104982336388701,0.0026932425642543297,0.005610955985914033,0.00594825192541962,0.0022739819313481588,0.0031886548316662,0.002761648990377562,0.0027483601952765072,0.002289227810023948,0.004476592990993028,0.005165193751482174,0.0018859531770991902,0.0024420320113528733,0.002709395127557142,0.0024665762161197625,0.002219237456937215,0.004572605167177034,0.009827959624406711,0.005166724639137832,0.005993651902000592,0.00681616396253712,0.005657328451788569,0.004367235333685065,0.007778014890740008
paired_deficit,2,25000,21.804044947726652,21.906672124983743,0.6878728866577148,0.7002508044242859,2,0.2066,0.7934,0.0107,0.0048,0.0059,0.0055,0.004,0.004,0.0091,0.0032,0.0017,0.0033,0.0026,0.0019,0.0019,0.0061,0.0057,0.0031,0.0026,0.0029,0.0027,0.0028,0.0059,0.0064,0.0034,0.003,0.0028,0.0024,0.0016,0.0051,0.0054,0.0016,0.0023,0.0029,0.0021,0.0029,0.0038,0.0051,0.0028,0.0025,0.0022,0.0027,0.0016,0.0062,0.0095,0.0053,0.0057,0.0068,0.0053,0.0048,0.01,0.0,0.0,0.018246061800601336,0.02008845443199424,0.019936961661672893,0.02002926792266907,0.019844155752226703,0.019848006428563818,0.01798342339594433,0.020047357812210113,0.021378929934729597,0.02099750766749609,0.021388316194759678,0.021294337542890625,0.021144716060122897,0.019783566207149376,0.020116324158498053,0.021041666244387743,0.020568162315666223,0.02108160580291431,0.02102819832684008,0.021141565495966883,0.019601105966706216,0.019787132986216163,0.021180213096916513,0.02082281644214087,0.021117269204831236,0.021133022133353704,0.021094720486039914,0.019758132699914867,0.02022451359114129,0.021116821635820397,0.02103680310779253,0.021020934010928808,0.021086573938562565,0.021068517475686204,0.020253208768843477,0.020569013997677476,0.02130310544215682,0.021301737697400243,0.021298264583205426,0.021467631636098286,0.02139994279154935,0.019799408093264505,0.01824650860736573,0.019824690838873837,0.019157997906859913,0.019453089102735528,0.020029894740090086,0.02027495195071554,0.0185833919098084,0.007196632628248028,0.0041686549408047,0.004492546795429502,0.004303735766974421,0.0045649809040047935,0.004597796448394017,0.0076617736432775365,0.00431345102325063,0.002075115396938222,0.002693897076770164,0.00209895055903035,0.0022123497086704146,0.0024550807718500076,0.004702337876310072,0.004162504358968748,0.0026222585786138002,0.0033904244189210536,0.00255746459766437,0.002683170093104814,0.002460191934853198,0.004959280784968712,0.004696551487490822,0.00243655639781792,0.002977298805413939,0.0025386703293463118,0.002552176839539783,0.0026143136356871544,0.004704536177481272,0.004026051047171462,0.0025003339209465126,0.00266921054939238,0.0026558924992011734,0.002588467286829634,0.0026568228024458833,0.003940436335129889,0.003467167734444618,0.0022371880379740217,0.0022394069314963993,0.002323166367711428,0.001970277048739277,0.002119151220825618,0.004676637570522668,0.007352157773240905,0.004596558850068694,0.005756260380447565,0.005238471173661605,0.004263656380520624,0.003905162352042132,0.006727506695188963
paired_deficit,2,26000,22.66650370543357,22.77436087501701,0.690984845161438,0.6928160190582275,2,0.21839999999999993,0.7816000000000001,0.0104,0.0061,0.0072,0.0074,0.0052,0.0048,0.0087,0.0033,0.0024,0.0024,0.0027,0.0025,0.0022,0.0048,0.0066,0.0029,0.003,0.0031,0.003,0.0026,0.0049,0.0082,0.0023,0.0036,0.0034,0.002,0.0027,0.0037,0.0062,0.0016,0.0024,0.0035,0.0017,0.0032,0.0033,0.0066,0.0031,0.0029,0.0018,0.0026,0.002,0.0051,0.0108,0.0064,0.0066,0.0069,0.0057,0.0057,0.0082,0.0,0.0,0.01894465935061416,0.020099801190167403,0.019402389930280158,0.019731816454028224,0.020141222791190624,0.020135239519863957,0.017803136472405584,0.01998276090171913,0.02141504090525657,0.020757157754046195,0.021263895627314608,0.021245919602689116,0.021214158225754648,0.019897546431441267,0.019608155371887176,0.021217218277988295,0.02102539266706796,0.02145628814381018,0.02106119571501998,0.02092652165440445,0.01925758395376853,0.019514898502045,0.021158357251428943,0.02101842006871172,0.021741983136057928,0.021169780191984726,0.021228825565296462,0.019601733549840863,0.01977075470881437,0.020934494368002567,0.02140607061583722,0.02129102971881207,0.021250217945070964,0.02121087567927914,0.019473958774412277,0.020168915315903375,0.021622334218045665,0.02089080883010319,0.02120416172354882,0.02107954644522682,0.021094330562634368,0.020035191602257595,0.017700371201213882,0.02009968209740231,0.019822984173457413,0.019697838095213267,0.02018545828475655,0.01995748914877419,0.01908238728515008,0.006302902255543266,0.004411193097110008,0.00552971949442546,0.004923251629918726,0.004266635051318584,0.004315293678175304,0.008133706467999258,0.004598905369206065,0.002262714783601718,0.003278782467615168,0.002505125528783835,0.0024948934466719258,0.002623958172712532,0.004657449562723891,0.005199707503896468,0.002540925381001436,0.0029657678069202483,0.0021965613848939935,0.0028302209433197674,0.0030071522198706143,0.005722900602369908,0.005388337807929849,0.0026353282330436587,0.002859763142311507,0.0016992937930209297,0.002656070322574994,0.002600434310395531,0.005131881989853754,0.005056113939695615,0.003033427873528084,0.002277101568106353,0.002461607164007237,0.0024879996528728754,0.002551097806501008,0.005336810512589444,0.004378471056763165,0.0019693148533578226,0.0031034918804230664,0.002561865824092214,0.0027617270628317566,0.0027770784091230728,0.0044757531420176935,0.00829852409450816,0.004411384101197765,0.004816096959893275,0.00497774700941422,0.004234751511158914,0.0045613118667616375,0.006160135596221525
paired_deficit,2,27000,23.52815568225924,23.641387791954912,0.6911426782608032,0.6984041333198547,1,0.2168,0.7831999999999999,0.007,0.0043,0.0063,0.0069,0.0043,0.0048,0.0112,0.0031,0.0019,0.0032,0.0026,0.0031,0.0022,0.0069,0.0074,0.0031,0.0036,0.0034,0.0024,0.0022,0.0053,0.0076,0.0029,0.004,0.0026,0.0024,0.0023,0.0041,0.0062,0.0021,0.003,0.0043,0.002,0.0027,0.0064,0.005,0.0027,0.0034,0.0029,0.0023,0.0028,0.0057,0.0098,0.0054,0.0059,0.0058,0.0047,0.0051,0.0075,0.0,0.0,0.018341062674125774,0.01969541668385264,0.019429061796158192,0.01941317656723448,0.01976991766392195,0.02035323828292387,0.017521453327627123,0.020473784241107733,0.02163072777284028,0.021006350499070292,0.021628539385081004,0.02111082145396611,0.02141951991274456,0.019658287978961415,0.01974558579476008,0.021414131058434524,0.02113310223870104,0.021443892423004866,0.021243807511070134,0.02140300386803262,0.0197475140066107,0.01994306290823959,0.021587269629048077,0.021425231710295867,0.021685688538521847,0.021405791831382123,0.021292549257641954,0.019874708588158443,0.01954990576700114,0.021102691151639076,0.021327772900086903,0.02163539490482314,0.021569011691964613,0.021238178127740814,0.019616455574194162,0.01997660440601822,0.021405655981492765,0.02145324970081847,0.021325945919753377,0.0212201899282538,0.021219257899996305,0.020135132224707898,0.016561001523494892,0.01979610066671436,0.019583335099955072,0.019435305439965786,0.019854957614337383,0.019525930529131985,0.01767122534439248,0.007355930272377701,0.005217428876875218,0.005716123606017428,0.005741206105849277,0.0051388556267683155,0.004217802527798607,0.008728204157134737,0.003988400059114671,0.002161606370493642,0.003147487212347119,0.0022041242966551267,0.00298252939391143,0.002534162403434038,0.005354179455308072,0.005216337724439335,0.0025817338105435512,0.002947348422831242,0.0024956786341763376,0.0028897342256748652,0.0025211784504099383,0.005135168111506707,0.004865462301287216,0.0022692885227249817,0.002564206074570552,0.002074824278615305,0.0025167763048329996,0.0027346468566676026,0.004973392582315903,0.005486250580534639,0.003073491999697911,0.0026399668386610695,0.0022323620503700617,0.002259054987420751,0.002820497923917062,0.005420232093930996,0.004890625860414521,0.0025951158094424977,0.0024418411554641395,0.002720976608791142,0.002848900977645472,0.002811310134032932,0.004562188195439865,0.010205678329746552,0.005175638121331859,0.0055115912459668135,0.005667202501177286,0.0050045790260193415,0.005524107063605141,0.008452654250917714
paired_deficit,2,28000,24.393437148886733,24.511506875045598,0.6894105076789856,0.7009903788566589,0,0.19379999999999997,0.8061999999999999,0.0053,0.0043,0.0047,0.0059,0.0033,0.0034,0.0099,0.0041,0.0024,0.0034,0.0032,0.0027,0.003,0.0071,0.0049,0.0033,0.003,0.0038,0.0019,0.0017,0.0052,0.0074,0.0026,0.0028,0.0023,0.0019,0.0019,0.0047,0.0074,0.0024,0.0038,0.0035,0.0017,0.0026,0.005,0.0061,0.0024,0.0028,0.0024,0.0025,0.0022,0.0057,0.0087,0.0037,0.004,0.0024,0.0031,0.0041,0.0072,0.0,0.0,0.01852495007173685,0.020450255395378092,0.019576756738848254,0.01935447962265812,0.020066695759743326,0.0199199479252619,0.01728297729450986,0.02013878566136833,0.02148230456315192,0.021175050792185977,0.021183977826935516,0.02134437299911065,0.02136210759482738,0.019683612760425993,0.019326476380663496,0.021087744209909366,0.02116690171467861,0.0217719936055112,0.021260600706833985,0.021306037686003358,0.019461472510718503,0.01922094347037599,0.021485677457622854,0.02134934264074853,0.02159298445482577,0.02137183643280681,0.021438369160088233,0.02014717827215455,0.019858300347592815,0.02142069059451656,0.021189731188004393,0.02124908873070215,0.021281689951529868,0.021178010974747686,0.020134473516212305,0.02024556831611195,0.02157639866761614,0.021111196420112128,0.021410612659999557,0.021358708380645554,0.02124442117131877,0.020262344539890502,0.01651839390228818,0.01987580182054982,0.019294106534633967,0.01978741175948284,0.020064602079246204,0.019818719579599603,0.01758589515611556,0.006996236068461744,0.00394016859608997,0.005404811775104113,0.005679510743489841,0.00458806134851003,0.0048600589981160755,0.009006701524371254,0.004551756911922798,0.0023019806926997,0.00278968944397284,0.0028145819210742386,0.0025209216373404666,0.0024927712341602268,0.005196135028594276,0.005723960730684015,0.002928272557489034,0.0028807496030846483,0.0018812152118668358,0.002692957216658891,0.0026208343837880255,0.0055878042466558425,0.005891474781797951,0.0022966268441678463,0.0025520957468746037,0.002165359256943287,0.0025554534963628363,0.002449845050161484,0.00446031018860074,0.00491885066937484,0.0024388440158097445,0.0027663870204084817,0.002750292857737981,0.0026985444263033453,0.0027849906995565466,0.0045586016478645006,0.0043041341217446155,0.002230748638281345,0.002891046494757155,0.002415778380041055,0.0024981668603838367,0.0026795767482821198,0.004277504957440488,0.010298461788447288,0.004969195305623833,0.0058144043972562995,0.004992310742093608,0.004591384680547927,0.004942615345984305,0.008564937730335564
paired_deficit,2,29000,25.26899958483409,25.392289167037234,0.6838366985321045,0.7031435966491699,1,0.20799999999999996,0.7919999999999999,0.0063,0.0045,0.0064,0.0066,0.0041,0.0033,0.0087,0.004,0.0024,0.0037,0.0031,0.0034,0.0025,0.0061,0.0068,0.0032,0.0023,0.0032,0.0028,0.0015,0.0058,0.0068,0.0015,0.0031,0.0023,0.0023,0.002,0.0052,0.0059,0.0016,0.0025,0.003,0.0023,0.0025,0.005,0.0052,0.0023,0.0033,0.0018,0.0025,0.0028,0.0053,0.0101,0.0061,0.0061,0.0062,0.0052,0.0061,0.0083,0.0,0.0,0.01876528707625253,0.020155906294924246,0.01965929221344131,0.019886521732593143,0.019891150437197795,0.020199474691267462,0.0176287098350856,0.01989664065613445,0.021558710260412707,0.02070428405034479,0.021215032177260652,0.021367265868503356,0.02118421224111082,0.01971243741769688,0.01947281822048008,0.021206723581904355,0.02116100275389393,0.021281120940325866,0.02150450344439804,0.02123695520393968,0.02018330040104046,0.01943040835453247,0.021515907227367355,0.02132194942395193,0.021603620451608505,0.021394038565520655,0.02135218501380531,0.019476445589527852,0.019791789410758168,0.02129252368029401,0.02088933102519154,0.021401082365414346,0.02126471687484463,0.021288493512997622,0.019783660251210842,0.01973159324485545,0.02148798563122493,0.021315467393749853,0.02135726450919031,0.020966579592889813,0.021178347082592607,0.02049933743586746,0.017566917812922165,0.01995188333925492,0.019336182540889334,0.019588187470407796,0.019812674855998823,0.019503329172791274,0.018026748672131797,0.006619516192181169,0.004445656812562333,0.0052749918414362685,0.0049133966844912514,0.004788843428606105,0.004298200498689148,0.00850630068076319,0.004819169226678152,0.0021352200867035217,0.003494886650628273,0.002721184815251094,0.0024789321111011405,0.0027702292338228182,0.005112295749857156,0.005454544364487257,0.0026953439593977984,0.002846225483470002,0.002576953863801346,0.0022214805436083966,0.0026472357375639053,0.004363001490038943,0.0055610945843512305,0.0022033334617153934,0.0025510451311916943,0.0021028160462008175,0.002436328150066728,0.0025029305952847082,0.005487834555127888,0.005025083738992559,0.002558808441658247,0.003200417471792399,0.0024251192017859134,0.0026030580013903537,0.002565221732420338,0.004959894843127786,0.005120875175502778,0.0023258906903138705,0.0025613601234382604,0.0024557849864624203,0.003077490186354757,0.0027405000850652807,0.0038210225483932235,0.008643694137214353,0.004692197872460741,0.005711038121615838,0.005349079828277549,0.004952785786671701,0.005484116638456382,0.007951018030695683
paired_deficit,2,30000,26.14157392794732,26.26985045801848,0.6874977350234985,0.6938567757606506,3,0.21130000000000004,0.7887,0.0105,0.0052,0.0063,0.0069,0.004,0.0036,0.01,0.0039,0.0014,0.0031,0.0036,0.003,0.0031,0.0056,0.0061,0.003,0.0027,0.0029,0.0028,0.0025,0.0057,0.0082,0.0019,0.0036,0.0028,0.0024,0.0028,0.0052,0.0056,0.0022,0.0031,0.0033,0.0024,0.003,0.0057,0.0055,0.0028,0.0026,0.0031,0.0028,0.0031,0.0047,0.01,0.005,0.0047,0.0053,0.0027,0.0041,0.0068,0.0,0.0,0.017904454098138657,0.020252211323719002,0.019376338875154976,0.01988653938710214,0.01994554480420689,0.020146213037003174,0.0180680763001054,0.019793949835062497,0.021480415621194543,0.021381037722050834,0.021104836303330928,0.021563113739091054,0.02134122770929668,0.01992563837367342,0.019396049902549076,0.021348477492448097,0.02121049267138784,0.02156366439229931,0.02158747842148017,0.021292198378159377,0.01960313063777537,0.019310994914000495,0.021590283929514013,0.021180140798436074,0.021298635796507308,0.02173414506098223,0.02106119949853965,0.01977551205048134,0.019490015658732894,0.021259860478123633,0.02118269454435629,0.021532270721592795,0.02174512419495491,0.021445054679170183,0.019705746637505975,0.020163823938490907,0.021371276260048765,0.021434164666473784,0.021551564661977912,0.021404231858718405,0.021162902832187372,0.02008314481364741,0.01660654423490473,0.02013492581657565,0.018950066473877723,0.018996517001461717,0.020177490816202685,0.019731741171722487,0.017748837465583155,0.008211485330667914,0.004402160528380478,0.0058186402945927885,0.00505534967167113,0.004923493888295916,0.004607918385165218,0.007915106772269035,0.005122833142241652,0.002470658049278002,0.0026660045314775404,0.0031394277694147448,0.002379667576769658,0.0027676731780981005,0.0049547992012674725,0.005865767277116691,0.0026781470014708084,0.0029342076218195133,0.0023788016068010944,0.002341351113837676,0.0028447778379947397,0.005579169824382388,0.005921401718912561,0.0022978766070293243,0.0029428771790776078,0.00275652920504246,0.002110699765049753,0.003129927017683302,0.0052299538286277565,0.00567893205608581,0.002817508167369817,0.002938861099190868,0.0024672345192987503,0.0020934337250837483,0.002565329984388945,0.005339668530322334,0.004580223074252604,0.002642293132345219,0.002543393370175039,0.0023978299224976644,0.0026295288958148684,0.0030090485034095925,0.004707100931598762,0.010252608394347641,0.004586606429014273,0.006489006129928393,0.0064940819561317325,0.0045196677263313395,0.005259726424718032,0.008417149145490563
paired_deficit,2,31000,27.008029620628804,27.14103120798245,0.6823762655258179,0.7057738304138184,0,0.19599999999999995,0.804,0.0088,0.0055,0.0057,0.0066,0.0037,0.0048,0.0092,0.0037,0.0016,0.003,0.0025,0.0024,0.0023,0.0047,0.0053,0.0028,0.0031,0.0026,0.0031,0.0027,0.0042,0.0064,0.0014,0.0033,0.0031,0.0022,0.0015,0.0033,0.0062,0.0026,0.003,0.0037,0.0015,0.0023,0.0031,0.0053,0.0025,0.0029,0.0034,0.003,0.003,0.0032,0.0086,0.0047,0.005,0.0067,0.0059,0.006,0.0039,0.0,0.0,0.017819727132171052,0.019948782750701326,0.019493423027374703,0.019362162965387557,0.01992737724222955,0.019926360521467533,0.016868764795935833,0.019751838993880874,0.02155497601639374,0.021425116363431806,0.021354503020300914,0.021529746703961024,0.02135031594612158,0.02037248691611144,0.019442172328251784,0.021621293242519303,0.021073802006041337,0.02138963588937519,0.021769732743518268,0.02139777682689862,0.01982841901073177,0.019256874908906076,0.021374717566984447,0.021299494183179953,0.021285131137338334,0.021571401844501865,0.02133431292704199,0.019342436863659905,0.019367686733483477,0.021770261086812747,0.021253406835408453,0.021621306059643464,0.021402656086074577,0.02123333350923543,0.019767216302808144,0.019654352630820382,0.02181962698789955,0.02135805987494619,0.021242407658803118,0.021165661382567723,0.0215561707883047,0.02046683871929536,0.01674372248582522,0.01993957182216758,0.019464739444716366,0.019717814094409765,0.020098109220388866,0.01990968570722612,0.017774588694744936,0.008438339239165284,0.0048882333258892805,0.00560575229871062,0.00585164377374917,0.004882899892525182,0.004923564458758618,0.009780538670973829,0.005198561347579563,0.0023182615620378623,0.002561946385952416,0.0026732131731434655,0.002358015869268774,0.0026798108255276874,0.004181532117476061,0.005686508999637977,0.0022137642480849476,0.0031155190976772753,0.0026959786434374157,0.0019798653043997323,0.002565963313415596,0.005038830259176365,0.005978485665962525,0.0026022982276385034,0.002720829143559741,0.0027434612679460963,0.0022923790724189317,0.0027050270869223955,0.005843664067251402,0.005842939867348895,0.002057157783826366,0.002793449853602964,0.002252806551898741,0.002558274971973173,0.0028250797752647897,0.005213393529567145,0.005313109963152651,0.0019403084949961285,0.0026285460696600675,0.0028107814652836897,0.0030488995317597798,0.0023945039372241335,0.004071922687491148,0.010016632716175776,0.004902747161087489,0.005690012065204659,0.005252175028518468,0.0046529367687794514,0.0049107767805612055,0.0082750897331377
paired_deficit,2,32000,27.900479006464593,28.03838716703467,0.6877912282943726,0.7063921093940735,1,0.20920000000000005,0.7908,0.0091,0.0053,0.0052,0.0066,0.004,0.0043,0.0065,0.0045,0.0017,0.0035,0.0026,0.0026,0.0022,0.0044,0.0062,0.0034,0.0033,0.0031,0.0029,0.0025,0.0053,0.0072,0.0022,0.0035,0.0029,0.0021,0.002,0.0055,0.006,0.0017,0.0025,0.0035,0.002,0.0029,0.0047,0.006,0.0029,0.0032,0.0023,0.0025,0.0027,0.0057,0.0107,0.0046,0.0053,0.007,0.0059,0.0061,0.0064,0.0,0.0,0.017738592843591555,0.02058360136983648,0.01977935059473316,0.019548432211608735,0.020027807055415354,0.020054535075845335,0.017395269993080185,0.020034981657164302,0.021484608698121646,0.02123690501123475,0.021215635376926098,0.02136495746578749,0.021174480265600534,0.019762178775764153,0.019171103327635178,0.021645520602915514,0.020964732066016435,0.021868879556708194,0.02193453916187018,0.021514362564826098,0.019667277460153232,0.019319236423097387,0.021388215906635963,0.021342210571866537,0.021531028787831037,0.021577522101369845,0.02122328199901027,0.01940302382451344,0.019280662837660292,0.021445858867884006,0.021326925598291552,0.02149513316424835,0.021686683231646936,0.021027578706264247,0.019862655325904352,0.019634053953972053,0.021336387497421554,0.021484269280702212,0.02153637490902874,0.0215763184154495,0.021463993308670555,0.020211488099446975,0.016278767129360286,0.020191171792233495,0.019197245560771996,0.019399084859022662,0.019365170936602272,0.019902314614563717,0.01834559116169509,0.008436178999646167,0.00392409248063489,0.005149501774360502,0.005551622403929667,0.004797932152854412,0.004794971904500211,0.008897838447547168,0.004825714487732285,0.0025074965781810782,0.0028969451618396807,0.0029694485405788906,0.002656554019192777,0.0029950915765258497,0.005176499921462677,0.00618393485222003,0.0022545051342370338,0.0033248651874058055,0.001942394709460395,0.0017610373330864716,0.0024607164862411957,0.005403832159419079,0.005911972208722919,0.002619986267778241,0.002731379998257152,0.0023954507551719128,0.002361414807042831,0.0028793012482267706,0.005741176163614983,0.006167931477464679,0.0026074829452931254,0.002755411579639126,0.002490949636638464,0.0022288502791560903,0.003265117954939497,0.005096652100650882,0.005456067342468012,0.0027405352438800083,0.0024689677223707495,0.0023870453924795744,0.002402369785038376,0.0025008463297878287,0.00458726725496439,0.01077043162758064,0.004541084278794967,0.006103770599570477,0.00582549414584606,0.005839752325965609,0.004956173350525441,0.007403709564003935
paired_deficit,2,33000,28.7596915201284,28.903097082977183,0.677388072013855,0.7097791433334351,1,0.21399999999999997,0.786,0.0098,0.0047,0.0055,0.007,0.0045,0.005,0.0099,0.0044,0.002,0.0027,0.0026,0.0031,0.0023,0.0058,0.0069,0.0036,0.0027,0.0024,0.0021,0.0018,0.0046,0.0085,0.0022,0.0027,0.0022,0.0018,0.002,0.0047,0.0057,0.0018,0.0023,0.0036,0.0014,0.0026,0.0056,0.0059,0.0028,0.0035,0.0019,0.0025,0.0022,0.0057,0.0133,0.0049,0.0059,0.0065,0.0053,0.0061,0.007,0.0,0.0,0.018037608110346277,0.020438566011111298,0.019871798458834987,0.019470445331279167,0.020118227708049337,0.019882574366205948,0.018141577537792462,0.019857899877464134,0.02170829423166053,0.021016592376473943,0.021364843979885077,0.02158829567340928,0.02106151224479572,0.0196668114655887,0.019101086887670225,0.021459568809132627,0.021225928808014854,0.02145944150085911,0.021673687754656123,0.021387199298552456,0.019868491923157643,0.019525688512944055,0.0214689630765217,0.021256442114568973,0.02140564209081482,0.02157398873336324,0.0211289431271156,0.019921796180234062,0.019664242056365737,0.02201426261645937,0.021251013484403287,0.021302791374336376,0.021439320202461136,0.021353631646819145,0.01996628577913224,0.0196916962121048,0.02171377985252197,0.02125211600785879,0.021082315407766065,0.02118964251989538,0.021308525848883257,0.020486679849236505,0.01591471098821518,0.019728292177241105,0.019192012756229393,0.019394183576791,0.01958355415659433,0.019572572153539622,0.01821645514264298,0.007892206977852308,0.0040556379976763686,0.004952073312863264,0.00558687873875035,0.004562305266327253,0.004974091957967696,0.00776682487249656,0.00493499368595081,0.002047355743305484,0.0031413950334503987,0.0025515158280579177,0.002237153033139549,0.0030703469359447118,0.005315356172977252,0.006249204354123794,0.002401693062408209,0.002849357827345506,0.0024018944212048357,0.002102091530483773,0.0025161572457692676,0.005035428138283212,0.005499502637615419,0.002464959496468698,0.002722971056768881,0.0024869869620643584,0.0022597817920690646,0.0029636939985932783,0.004912056262594377,0.005319420112695361,0.0015634168439052328,0.00273155732070383,0.0026887246435796943,0.002433719536102322,0.0026083124613645453,0.0047635637063525825,0.005315059388034221,0.0020386793392908774,0.0027688760000539607,0.0029983808410241736,0.002828625509754196,0.0026405921368772693,0.004018600616038136,0.011249914989088559,0.005139989400919749,0.0061053902643561,0.0057465616406183395,0.005486103685166498,0.005425348513997023,0.007570268729014493
paired_deficit,2,34000,29.619632603484206,29.76784491701983,0.682410717010498,0.7099517583847046,1,0.20639999999999992,0.7936000000000001,0.009,0.0049,0.006,0.0069,0.0034,0.004,0.0098,0.0041,0.0025,0.0031,0.0024,0.0019,0.0028,0.0067,0.0055,0.0031,0.0026,0.0031,0.0024,0.002,0.0052,0.0068,0.0022,0.0034,0.0021,0.0015,0.002,0.0043,0.0062,0.0028,0.0024,0.0024,0.0016,0.0022,0.0049,0.0049,0.0023,0.0037,0.0024,0.0028,0.0031,0.0053,0.0106,0.004,0.0046,0.006,0.0056,0.0059,0.009,0.0,0.0,0.01829288150445995,0.02020390026945733,0.019596559174680714,0.019522584639366215,0.019754586818752418,0.020000269588275353,0.017777770413797484,0.019819039180536426,0.021339472806097264,0.02105878557321007,0.02104436340117434,0.021603859579807164,0.02117982090753515,0.019993693036195952,0.01971307827855149,0.02151249226315207,0.021347734224115816,0.021458658697845162,0.021756416094126367,0.02149256343769297,0.01973939304186397,0.01870839557756877,0.021786059469108963,0.021281278390890987,0.02143058783422238,0.021698084912471945,0.021391751760740884,0.019520947287022628,0.01932387938235689,0.021352689562763913,0.02136895695094665,0.020996368224200264,0.021536263478423225,0.02130506403276168,0.0200958644720253,0.020099437895991855,0.021426396338216545,0.02128572034207854,0.0213727068719305,0.021389742973269843,0.02141550675601707,0.020106832376509898,0.01585442227485436,0.020389773080755798,0.019404247682630285,0.019432516063559606,0.01975433054007974,0.019824745048744485,0.018239507489163302,0.00748145575186618,0.004466444086942279,0.0053855827929579925,0.005502292315106949,0.005175325297265916,0.0049439619312697525,0.008333208307832815,0.005151763895138434,0.0026748528649998206,0.0031176927244772096,0.0031013840653696745,0.002257730217442745,0.002926735444757049,0.0047980877483980566,0.005279875763785135,0.0023628178066797192,0.002622756337207433,0.0024477509482781425,0.0019779795156012795,0.002394259487069235,0.00519929649806832,0.00682589977287251,0.0019312112038519346,0.0027666661134587295,0.0024920383110279805,0.0021090710402964508,0.002553309930496725,0.005504875563636964,0.005854851824523097,0.0026930633062695265,0.0025892732704116176,0.0032552309897627765,0.0023643764931930685,0.002729139539145924,0.004636892015268809,0.00467031672921447,0.002498651228484649,0.0027596580532079362,0.0025833570252569724,0.0027127291917140783,0.002515831707273727,0.004580525467518717,0.011367672008994403,0.004212255309392502,0.005688992368233282,0.005683455882701845,0.00517572962777368,0.005064636754750846,0.007682851362048419
paired_deficit,2,35000,30.490274030715227,30.64370387501549,0.6834237575531006,0.7045318484306335,1,0.20099999999999996,0.7989999999999999,0.0083,0.0043,0.0055,0.0064,0.004,0.0035,0.0072,0.0044,0.0016,0.0031,0.0024,0.0013,0.0023,0.0037,0.0061,0.0029,0.0026,0.0033,0.0021,0.0018,0.0045,0.0068,0.0027,0.0045,0.0025,0.0017,0.002,0.0042,0.0067,0.0027,0.0035,0.0021,0.002,0.0021,0.0046,0.006,0.0022,0.0036,0.0022,0.0025,0.0025,0.0051,0.0113,0.0049,0.0058,0.0066,0.0056,0.0052,0.0081,0.0,0.0,0.017291086063661764,0.02041945543670174,0.019601450976111157,0.019484164487565597,0.020431049616917205,0.019667924320959897,0.017702238843535258,0.01964310416284247,0.021498781649701953,0.02126079069415271,0.021213455482497784,0.021710860031817367,0.021415035286137567,0.02004693804131348,0.019716405040896598,0.02150004239557607,0.021011684495310212,0.021597624503829703,0.021827158896878588,0.02149510755813835,0.02022651058006418,0.019318379733281103,0.021613262958710987,0.021001581304255404,0.021461370610764342,0.021562228960942863,0.021156588189385844,0.019892416918092563,0.018798134845319663,0.02160291329277321,0.02106202685085433,0.02146274654420402,0.02158571742685046,0.021595630534490186,0.0200881381474933,0.020146116687992065,0.0216563151377602,0.021281945575394624,0.021104310284749482,0.021478489606190525,0.02127989919969508,0.02050213794107148,0.015966028787129105,0.020004420387085664,0.01924424852732467,0.019280194955123037,0.01982868838668354,0.01940607574860724,0.017859123893165373,0.009297502189810142,0.004167068943867602,0.005418439350711731,0.005798775712608667,0.004148778687030718,0.005352637640608424,0.008453580663269945,0.005313667376714238,0.0024253286107059524,0.002878893324506903,0.0028363789072524993,0.0020517044593985696,0.002518379159691035,0.004715666693340825,0.005237094975318559,0.0023842772365108814,0.0031546802540755765,0.0022303377781382424,0.0019463636108196089,0.0024311246288022496,0.004471446736663092,0.005864994918960638,0.0022056675253911656,0.0033268684192438213,0.002484345936466585,0.0023252380828169775,0.0029260892082229985,0.00499849209661745,0.0067247633629822405,0.0022219945139888876,0.003075263288359671,0.0024821753495398212,0.00224912164142824,0.002311608340020741,0.004689734471011897,0.004520146135351867,0.0021768135882163074,0.002845520700994262,0.0030085595756766414,0.0024573400751365486,0.002770623935887445,0.003997571672910528,0.011192517549216305,0.0047827398974377615,0.006060064693957532,0.005925232847541292,0.005020901259934457,0.005726651145267458,0.008127963576871776
paired_deficit,2,36000,31.390463981661014,31.54933487495873,0.6787741780281067,0.7118254899978638,1,0.21540000000000004,0.7846,0.0099,0.0043,0.007,0.0074,0.0048,0.0056,0.0083,0.0043,0.0018,0.003,0.0022,0.0017,0.0031,0.0053,0.0063,0.0034,0.0026,0.0031,0.0026,0.0027,0.006,0.0067,0.0022,0.003,0.0025,0.0012,0.0024,0.0044,0.0065,0.0022,0.0032,0.0027,0.0018,0.0025,0.0054,0.0051,0.0019,0.0032,0.0019,0.0032,0.0029,0.0051,0.0121,0.0044,0.0061,0.0071,0.0063,0.0054,0.0086,0.0,0.0,0.017621544992137306,0.020556886424209428,0.020216780956334265,0.019788733780015992,0.02022810027061277,0.020187683112635302,0.017250776738899833,0.019657354716123655,0.021374628126027112,0.02133565511248839,0.021569815697640337,0.021774562194034452,0.021233468697680752,0.020232649541127662,0.01955559020329946,0.021613259255512073,0.021292281157200013,0.021572673376195978,0.02185405165006364,0.02138593312775315,0.01967530299588477,0.018994534828809854,0.02187132407922755,0.021226242996493394,0.021302879439886492,0.021681616710996096,0.021495898293938186,0.019234588318091852,0.01934684929957607,0.021908094223145585,0.021463741576849146,0.021442549296718683,0.021395607846333944,0.02150170432494012,0.019896713684162487,0.01979536607906169,0.021595202331922716,0.02119525466645468,0.021191342680621346,0.0214826692048965,0.021416457684315715,0.020679957560401252,0.015505195558039987,0.02031472919467058,0.01903305676214511,0.019076802059004676,0.0195307209303403,0.019575748868735792,0.01686741937434381,0.0089551221664171,0.0040673611449963554,0.004636539587673188,0.005342791103485816,0.004579833887178078,0.00476001884480616,0.009259594111118454,0.005547569158770855,0.00279276266284445,0.002931634159924059,0.002527589996703198,0.0021693930157909856,0.0030127851867193744,0.004650868025503437,0.005667125074945955,0.0024598753469555973,0.0029211153214449923,0.002523135787334394,0.0020454943081958097,0.0028532667710534343,0.005597718515496334,0.006658818946747759,0.002057634600429651,0.0030240477501246826,0.0029827209792180048,0.002392390377491791,0.002603741152010185,0.00628465212561832,0.006031548062808373,0.0019612591744503824,0.00269292571708473,0.0027259577222125005,0.0027991244706825867,0.0026728164015988507,0.0051744848747315424,0.005293390964744839,0.002605207831304774,0.0031114111724623566,0.0031565712105899556,0.0026243610822097884,0.0027275637236375745,0.003875532499058247,0.01194133589277771,0.004483869526166713,0.006481588039826558,0.006491528075241107,0.005744950839061641,0.005752891645439434,0.00989618846487953
paired_deficit,2,37000,32.316033305600286,32.480463374988176,0.6804705858230591,0.7084847688674927,2,0.22439999999999993,0.7756000000000001,0.0119,0.0053,0.0066,0.0072,0.0045,0.0054,0.0084,0.0061,0.0019,0.003,0.0024,0.0018,0.0028,0.005,0.0056,0.003,0.0032,0.0027,0.0017,0.0016,0.0058,0.007,0.0023,0.0031,0.0032,0.0013,0.0022,0.005,0.0065,0.0025,0.0027,0.0031,0.0021,0.0022,0.0046,0.0057,0.0031,0.0043,0.0021,0.0033,0.0025,0.0057,0.0134,0.0055,0.007,0.0069,0.0066,0.0051,0.0095,0.0,0.0,0.01803114506774442,0.020235227332922368,0.01979754830221525,0.01952088726152547,0.020378864550449058,0.019433517835416483,0.017605935564916863,0.019427008471582956,0.021762218274820555,0.021286035995240274,0.021214337074477476,0.021610718319519898,0.021387640269990515,0.020464222040555813,0.019759493179237406,0.021589900180667605,0.02126951138129294,0.02139499947028694,0.021981088290106338,0.021483262239196096,0.019884891447227056,0.01967946905778564,0.02174448458164062,0.021233968634826274,0.021394562767896693,0.021662541177499182,0.021171516694685963,0.019963899012785072,0.01939496105410372,0.0215691413358303,0.021470592681399593,0.02136872920113647,0.021402153763350303,0.0213095148395671,0.019856333157325486,0.019627563039675007,0.02143789616407994,0.021011873516754417,0.020861792416196654,0.021620351275134363,0.021524011954614276,0.0206574591686813,0.015886725849488543,0.02004908864945201,0.01932049491171526,0.019102769482374975,0.01932271425257406,0.019500371904847637,0.017336566905187378,0.007979785884668713,0.004515453748580307,0.005125263838538607,0.005599176593090198,0.004289687661498316,0.005736502098296118,0.008648121621718326,0.005785795885335736,0.0020762976245309777,0.0028638138459952315,0.0029374462663462964,0.002275359704568672,0.0026259892922434165,0.0041555244768003066,0.005263203114783105,0.002308081236146225,0.002811661901556105,0.0026925472493586683,0.001693219640372321,0.0025147551059224974,0.005027042141432197,0.0054280459179902605,0.0020651085864908138,0.00290658977497463,0.002615108649384812,0.0023110930795943074,0.00300475047732558,0.004902859640315506,0.005836167371013018,0.0023407095705846124,0.002495606361828024,0.0026947758295871576,0.0026031772755380576,0.0027878477711129794,0.005110991986619269,0.005392443252385055,0.00262512308956805,0.0032166119107709065,0.0034915688634853575,0.0022602188188458705,0.0024116430235226033,0.0038127357486885272,0.011389403344625997,0.004729897784275303,0.0058750867546109465,0.006295428201621056,0.005949723439324558,0.0057095472177409595,0.009032447358672618
paired_deficit,2,38000,33.22086901078001,33.391192749957554,0.6740176677703857,0.7195441722869873,1,0.19189999999999996,0.8080999999999999,0.004,0.0018,0.0025,0.003,0.0016,0.0026,0.0089,0.0051,0.0022,0.0037,0.0028,0.0025,0.003,0.0055,0.0058,0.0029,0.0028,0.0036,0.0019,0.0026,0.0064,0.0059,0.0021,0.0035,0.0028,0.0015,0.0028,0.0054,0.0067,0.002,0.003,0.0024,0.0021,0.0028,0.0056,0.0053,0.0023,0.0023,0.0027,0.0028,0.003,0.0044,0.0104,0.0042,0.0055,0.0064,0.0048,0.0049,0.0091,0.0,0.0,0.01725431917688095,0.020279302717670894,0.019428866237506507,0.019503360080722537,0.020346424334173295,0.019754489498108492,0.01727866805003944,0.019832733330525612,0.021773390112976118,0.021114674089596247,0.021140822615743043,0.021932311528111384,0.021465052235823935,0.019881942755767747,0.01960983784972487,0.021529071241713278,0.02137839366042077,0.021649544910054733,0.02209297708259951,0.021385180005241047,0.02021795993016141,0.01883166619601164,0.021746279112133463,0.021488942482062318,0.021472338506202008,0.021927883438119716,0.02128046400792131,0.019232315039649308,0.019212131123329784,0.021895299329187667,0.02137038637686872,0.021462664699333944,0.02180303216774753,0.02123264538593856,0.01933167426446215,0.019524013572489902,0.02157826096319184,0.021228901686623863,0.021190139658543106,0.021598757538014053,0.02173859546384241,0.020081383010708706,0.015643258254617227,0.020263211951021515,0.019816902673775706,0.019388284557468605,0.019890863543397773,0.019984239837478747,0.016936143716296596,0.009271055645631555,0.004602420444225139,0.005847806071266947,0.0057318733761801315,0.004419835940408958,0.005341047652654158,0.009194099671946697,0.005219278953733198,0.0022381513102935277,0.003302355225884567,0.003183536002337059,0.0019517638345876486,0.002718008967683229,0.005181758194691918,0.005605227487481839,0.0025793154704207145,0.002813810796937096,0.0023918256530767973,0.0017407870033450696,0.002881374397352412,0.004697886517300313,0.006816274376196056,0.002241280906425216,0.0027198917423108715,0.002706669547865519,0.0019586551478111094,0.003005278489809933,0.006192755730613069,0.00630229239787721,0.002048427389749648,0.002826272309492191,0.0027217246242791726,0.0021920202053699257,0.003079697280443694,0.0059990632341328926,0.005699730921714463,0.002502762875798344,0.0031245859955026825,0.003145847761085291,0.0025099271268075245,0.00225323875443016,0.004910437376206723,0.01173924242427922,0.004549337056567055,0.00532204076427724,0.005910962210550846,0.005206937521162432,0.00498349359327959,0.00984434826034385
paired_deficit,2,39000,34.14713277190458,34.32294833299238,0.673620343208313,0.7187352180480957,2,0.2076,0.7924,0.0109,0.0049,0.006,0.006,0.0034,0.0057,0.0089,0.0053,0.0021,0.0034,0.003,0.002,0.0026,0.0044,0.0059,0.0032,0.0026,0.0028,0.0022,0.0014,0.0055,0.007,0.0019,0.004,0.003,0.001,0.0029,0.0054,0.0067,0.0024,0.0027,0.004,0.0018,0.0029,0.0043,0.0049,0.0024,0.0037,0.003,0.0033,0.0028,0.006,0.0113,0.0046,0.0056,0.0067,0.0054,0.0032,0.0025,0.0,0.0,0.017543653135321677,0.020138197930455258,0.01974248450651834,0.01920127811735784,0.02045469085594938,0.020313554674217894,0.017173035939426064,0.019757940450357274,0.021365743995240112,0.02114277334533806,0.021136354169346137,0.021568948991328656,0.021053079543465008,0.019700360861774673,0.02021767531478024,0.02160592402119658,0.02124806410274497,0.02157017376201833,0.022185509053266345,0.021386396796357662,0.019698393994989002,0.019403889120352874,0.02166065857511925,0.021212305328152364,0.021239474203285817,0.02194255127728829,0.02118732874641218,0.019823645160935877,0.019227006089184505,0.02175679116783548,0.021249526864833668,0.021331837221621335,0.022046932936647994,0.020954595016119897,0.020074095720799413,0.019594166369514908,0.021576050323045298,0.02099774511071982,0.021194815017856146,0.021652893931565484,0.02140724472899622,0.02004096346082901,0.016754281881427514,0.02020294322934864,0.019437884770047376,0.01927295275963846,0.019637586447437967,0.01988511533940577,0.017030485640128906,0.008756067149614674,0.004709184251780448,0.005482654617671759,0.00624868497185961,0.004254591830165673,0.00443566875546527,0.00941226827091595,0.005302296961134475,0.0028335620698280647,0.00318134412065257,0.0031913565334614064,0.002516609814863108,0.0033212454680961023,0.005509295148826711,0.004624280625625037,0.0024589374184180437,0.003017115171416757,0.002553761959117041,0.0015549203598098586,0.002801348531718514,0.005395175500872349,0.0059326592071583945,0.002334501819211695,0.003033827994170003,0.0029914509050030756,0.00189481515141091,0.003072785618521025,0.00531700048396575,0.006169492854758155,0.0021845574643801816,0.0029757711047652784,0.0028473862043297844,0.001771066682449171,0.0035139207907237016,0.004887293702407849,0.005596808713008101,0.002466470898711091,0.0034075542379265046,0.003100171286449379,0.0023466128466506746,0.002807893134086362,0.00486084727681224,0.010065426635686357,0.004647259232390444,0.0058405714467707195,0.006097826797875533,0.005490021049388248,0.005103933886236082,0.00955648838879129
paired_deficit,2,40000,35.09274976083543,35.274944707984105,0.6692371368408203,0.7289648056030273,2,0.2187,0.7812999999999999,0.0067,0.0048,0.0046,0.0046,0.0035,0.0045,0.009,0.0046,0.0022,0.0043,0.0026,0.0022,0.0035,0.0061,0.0057,0.0034,0.0031,0.003,0.0028,0.002,0.0059,0.0077,0.0029,0.0039,0.0035,0.0012,0.0029,0.0053,0.0064,0.002,0.002,0.0032,0.002,0.0024,0.0048,0.0037,0.0044,0.0037,0.0029,0.0036,0.0027,0.0054,0.0132,0.0045,0.0068,0.0061,0.0065,0.0059,0.01,0.0,0.0,0.018266379380241154,0.02055490404345231,0.01943961527120919,0.019794080880370393,0.02029923745429202,0.019442132653033538,0.016684448076801944,0.019177029076339155,0.021661481420333695,0.021189716493303805,0.02112580599278753,0.021678451982024012,0.02139623416970245,0.019607663842377134,0.019959286699248645,0.021385353291942806,0.021344160944763595,0.02140828286766102,0.022007244859104224,0.02156616750734648,0.019991270579199596,0.019595296495903733,0.021609540124629914,0.02152937996515396,0.02110028703027439,0.021748391245589603,0.02137982709435258,0.019359931477874515,0.019246628867901232,0.02193271862712467,0.021363760205367538,0.021429318587068598,0.022155123689571357,0.021148736904900316,0.02018560696703338,0.01973818093351401,0.02143868430102159,0.021071217218263907,0.020775896538643666,0.02151604682566158,0.021830743269248224,0.019962837800975478,0.01589290792124819,0.020550031408653757,0.019475792586325306,0.019446219551251618,0.019736541671613622,0.019811674831950087,0.016989730373348513,0.007665746923723733,0.00405652556668464,0.005796405478135103,0.005243429775314003,0.004455372191504857,0.005831540796068331,0.010094538996143421,0.0062451093704354275,0.0023302356618475424,0.003066201395471252,0.003204965962546999,0.00234282363784455,0.0027440283713469652,0.005729557773173118,0.00510289183892959,0.002761002827742574,0.0028252639761969407,0.0027252320846282473,0.0018298980744415325,0.002557052880952961,0.004974871142315535,0.005553538659982473,0.0024112654536098603,0.002575379917407872,0.003244776217382053,0.002194654041343734,0.0027696238417913464,0.006037901798183865,0.00621465685921702,0.0019461609626947093,0.002911876112530812,0.0027705408073276606,0.0015992031971488296,0.0031691931346218808,0.004671701249754171,0.005369697667322887,0.0027168675464478383,0.003329188391121661,0.0037508339433274863,0.0025961799668091606,0.0021443077115887005,0.005136414526540363,0.011485612523492752,0.004103189505534232,0.005779030412020145,0.005825165127015837,0.0054113174591392055,0.005255045246635518,0.009813603058696541
paired_deficit,2,41000,35.982635670225136,36.1709076249972,0.6744282245635986,0.721268892288208,2,0.20230000000000004,0.7976999999999999,0.0113,0.0046,0.0065,0.0076,0.0032,0.0047,0.0079,0.0037,0.0017,0.0029,0.0021,0.0017,0.0039,0.0019,0.005,0.0031,0.0022,0.0032,0.0019,0.0023,0.0031,0.0056,0.0018,0.0034,0.003,0.0014,0.0042,0.0023,0.0067,0.0022,0.0032,0.0031,0.0016,0.0021,0.003,0.0062,0.0028,0.004,0.0032,0.0016,0.0039,0.0026,0.0137,0.0044,0.0071,0.0071,0.0057,0.0059,0.006,0.0,0.0,0.017962396560885847,0.02032806627999427,0.01968357769711123,0.019627246001597605,0.020400316128857073,0.02002240299409479,0.017008602443283727,0.019354368210173396,0.021623199964098082,0.020970508790091866,0.021066814839747774,0.02166543609248455,0.021379609383427985,0.020159166398413333,0.02014210745872083,0.02158531354736969,0.021538370635709972,0.021448659614916786,0.022276291046318786,0.02158156926546025,0.020061646961663043,0.019722484599321376,0.021750254947142285,0.02127505413040779,0.021293540006253053,0.02182484021525899,0.021031065362587892,0.019756942139979437,0.019409261219678918,0.02170481983584814,0.021413107893882198,0.021310875386364427,0.022067352644819647,0.021268975357841235,0.01985897888411732,0.019292148989018085,0.021440656491925576,0.020776779214812635,0.02078327300302575,0.021543604078811868,0.021656691049183968,0.019981770553304655,0.01557503011162054,0.020509636613707194,0.01949939609526242,0.019228345073935248,0.01943412978713795,0.019961459266797977,0.016743856733532504,0.008364479101931999,0.004616661092098901,0.005499222301066806,0.005664730602120477,0.004426460106515732,0.005012689527199162,0.00980496870420245,0.006088026261543941,0.002529488510788022,0.0035028988084417362,0.003509756171603092,0.002463970647558729,0.0029073530300511518,0.004839600810664217,0.00482700061486462,0.002549196479680109,0.0026220156367194117,0.0027611778803963583,0.0014773328643310037,0.002555004714464082,0.004912750687488643,0.005477931326563767,0.002371459768770734,0.0031086045617872227,0.0030018037543310693,0.002177636015545138,0.0034870867600900017,0.005385417326099626,0.005963812190450134,0.0023638149837265005,0.0028163267040526617,0.0029749126280239355,0.001840506454426904,0.003039909123748334,0.005227135075756566,0.006223604956981803,0.0028907800485389384,0.00380341754208307,0.003793344196247636,0.002652959873458375,0.00247753620322849,0.005114782205391664,0.01195064118620143,0.00421781661393438,0.005823992451371927,0.006283516873946368,0.00588617287330959,0.0051462896409023,0.01009846215117062
paired_deficit,2,42000,36.8489791584434,37.04249529202934,0.6734320521354675,0.7224593162536621,2,0.2249,0.7750999999999999,0.0086,0.0066,0.0058,0.0065,0.0042,0.0065,0.0091,0.0034,0.0026,0.0036,0.0035,0.0015,0.0025,0.0051,0.0036,0.0035,0.0019,0.0023,0.0031,0.0024,0.0062,0.0065,0.0026,0.003,0.0033,0.0016,0.0033,0.0053,0.0055,0.0026,0.0039,0.003,0.0022,0.0024,0.0044,0.0055,0.0038,0.0038,0.0038,0.0035,0.0022,0.0058,0.012,0.0053,0.0064,0.008,0.0072,0.0051,0.0104,0.0,0.0,0.018098484576068927,0.020059100150351145,0.01939358490626007,0.01950297738217502,0.020487509310713577,0.01993498641413511,0.017252842172351276,0.019733960892115876,0.021763660326849045,0.0210480342772207,0.021261002291734617,0.021614195909470467,0.021579166864255594,0.02001988351149515,0.019856183409553006,0.021731920826742843,0.021737268888423318,0.021448356958228908,0.022014332755932245,0.02178071587820711,0.019768438187713514,0.019765495811808087,0.02149468867648511,0.021020901830497825,0.020838027723049574,0.021973050773631625,0.020934474035736998,0.019874649632211687,0.02023964892197848,0.02202341642664249,0.021419741240648493,0.021312254704577815,0.022143933160857224,0.02131741034449358,0.02001967004040297,0.01909414874019425,0.02114597353645354,0.02068532258514938,0.020863963039188554,0.021538749004038134,0.021718577959131468,0.01976222976592308,0.01601274971908066,0.020298653146466047,0.019396053681053186,0.018815489597280563,0.018989473663287716,0.01971272102982901,0.01750192531990495,0.008091147758017534,0.004936546711440085,0.00600663489764381,0.005876225017338271,0.00435097414408851,0.00520695047768264,0.009518416503063579,0.005557444576920329,0.0023348803306921864,0.003404475889894142,0.00311360531134605,0.0025273702329234116,0.0025816377282218118,0.005153551686395358,0.005250908213721458,0.0023449891158991167,0.0023367038226426093,0.002784290296019274,0.001946535036572238,0.0022693951278335268,0.0054649693599801595,0.00543046523060187,0.002712512538812018,0.0035246348624428034,0.003886071031938608,0.0020104896709810713,0.0036194675319246934,0.005261362578810501,0.004656837985286796,0.0018933999846503548,0.0029067471728868783,0.0030342043440647866,0.0017066937450923383,0.002987154653344258,0.005036694898848985,0.00647052566698879,0.0032918094958479483,0.003966394004516276,0.00376776667112528,0.0026833161524032452,0.0023656600762671743,0.005396462535361647,0.011244272877768465,0.004643552801100411,0.005963747736604479,0.006941290876416449,0.006632689785623494,0.005590349673811232,0.009171595846504111
paired_deficit,2,43000,37.72110356565099,37.92053429200314,0.6646804809570312,0.7280113697052002,2,0.22109999999999996,0.7788999999999999,0.0104,0.0062,0.0056,0.006,0.0038,0.0059,0.0082,0.004,0.0028,0.0027,0.0035,0.0015,0.0023,0.0047,0.0047,0.0033,0.0024,0.0027,0.0024,0.0016,0.0066,0.0056,0.0025,0.0036,0.0033,0.0013,0.0029,0.0056,0.0059,0.0021,0.0034,0.003,0.0019,0.0024,0.0042,0.0066,0.0041,0.0042,0.0048,0.0032,0.0038,0.0078,0.0111,0.0049,0.0057,0.0072,0.0053,0.0069,0.0065,0.0,0.0,0.01720025240752523,0.02071867488558514,0.01974271738114727,0.019620004343362016,0.020514887334715,0.019389228419771806,0.0166202037606528,0.01972035414584484,0.021476891489628773,0.02123470662627327,0.021088356555224796,0.02197118157417067,0.021475128704324865,0.019853490908107004,0.019561815335145047,0.021638474363255077,0.021732016119892575,0.021455079665807286,0.022109626187778703,0.02173281469844974,0.019955231308860937,0.019255670087005995,0.02182805907113422,0.021231459712440056,0.02107325924920895,0.021993808113491064,0.020946887825871993,0.01993217467400423,0.019272066150959694,0.02189795577914358,0.021573065537192203,0.021591399513044514,0.022113401625385012,0.021340129634223187,0.020160501165079843,0.018869987914649188,0.021140232488654993,0.02055425824001645,0.02080409184358837,0.02162872045437083,0.021302921512860992,0.019979919001635114,0.015863841197826196,0.02025441478299602,0.01905938970873971,0.018962047481002775,0.020162714005413813,0.02012515742593239,0.01827132958860578,0.009536673114230163,0.003995837983400593,0.0055393388047626,0.0057675634309160475,0.004388101457208562,0.006084241976523145,0.010313630501318958,0.005573811728046276,0.0028270472216827326,0.003239437645930522,0.003504098754700059,0.002065099143336429,0.002829764554918528,0.005368581432445822,0.0057791367768436006,0.00261702975041982,0.0024337726490226766,0.0028606701442655553,0.0018516867958202883,0.0024325416403173307,0.005211748622585822,0.00636824712298079,0.002285722456583347,0.0032835052630330913,0.00344924624926697,0.00203022033695539,0.0037221727761046386,0.005325415421160399,0.006264847593281203,0.002177976693485911,0.0027178574442864394,0.0026505331237361438,0.0018458669594144774,0.003037865597725897,0.004895325175343557,0.0070018386238043726,0.0034241320124454738,0.0042492862136140645,0.0038641677576685372,0.002632065399248596,0.0031342844102585977,0.005251817548518459,0.011635813258827003,0.004711494849850761,0.006553625791540872,0.006703678818469074,0.004891914082358114,0.004949807543020289,0.008041857828060679
paired_deficit,2,44000,38.593814230989665,38.79871208302211,0.6598160266876221,0.7379936575889587,1,0.2148,0.7851999999999999,0.0119,0.0056,0.0061,0.0065,0.0031,0.0068,0.0099,0.0056,0.0031,0.0035,0.0033,0.0019,0.0034,0.0047,0.0049,0.0025,0.0022,0.003,0.0022,0.0027,0.0061,0.0068,0.0022,0.003,0.0034,0.0025,0.0043,0.0037,0.0049,0.002,0.0028,0.002,0.0018,0.0025,0.0028,0.007,0.003,0.0039,0.0044,0.003,0.0022,0.0051,0.0089,0.0049,0.0055,0.0068,0.0055,0.0062,0.0047,0.0,0.0,0.017514410835279288,0.02073031175977756,0.019802185194156188,0.019671800046331157,0.02058560712862941,0.01970330035606956,0.01721325314815944,0.019592950831610712,0.02153175206270972,0.021126984348725113,0.02113308021350948,0.021882632084314575,0.021271520392267276,0.019951745294249444,0.02010207787891913,0.02196571862224366,0.021776444026370523,0.021551998772103537,0.02240007701333758,0.0218166574183373,0.019657191379721214,0.019074885186788317,0.021595535018788622,0.021086567980629654,0.020999743942615577,0.021974223852486933,0.02090210430016902,0.019565934329949256,0.019739725076311276,0.022310581768435363,0.02174060507435517,0.02161392801177605,0.022088153942659387,0.02161382793531439,0.019994955140158935,0.0186954216475518,0.02086502813825035,0.020384358304613923,0.02026250874366784,0.021068262540041974,0.021944125111841246,0.01948694127527396,0.016122925432798276,0.02033108772236037,0.019179494122250455,0.019218074227308007,0.01939044512744089,0.020021305013641064,0.01774755222570005,0.009065028434970531,0.0041132740251899275,0.005542377384419561,0.005704078292829978,0.004218898674017339,0.005577449995832131,0.009684992628985287,0.0058254881110632985,0.002801113634364142,0.0034243636534774663,0.003414977411165872,0.0022217758786652075,0.0031627485911363824,0.005233963920144324,0.0050415485056970796,0.0020938415485216473,0.0024634062840043205,0.0027699383168160777,0.0014250286313886092,0.0023624243263845913,0.005726572309593909,0.006662253619188574,0.002663839920322528,0.0034865956480701612,0.0036202848764403527,0.002119807932580236,0.0037706276703899392,0.005828024865636057,0.00556042672910097,0.0015628309095070119,0.002440465101183519,0.002674581403514845,0.0019053190622836495,0.002752860498454942,0.0051283681064472845,0.007129353476877784,0.0037886540088177467,0.004528775991502593,0.004833584041671974,0.0034757193541384204,0.002127090632640893,0.005988718664613793,0.011090411287617721,0.004727988045983158,0.006501179702535529,0.0063636501344739825,0.006098238237500191,0.005126857807323301,0.008627918834629184
paired_deficit,2,45000,39.46386617189273,39.674592667026445,0.6696308851242065,0.7294928431510925,4,0.22950000000000004,0.7705,0.0127,0.0062,0.0062,0.007,0.0029,0.0061,0.0111,0.0044,0.0037,0.0034,0.0038,0.0027,0.0035,0.0062,0.0047,0.0028,0.002,0.0021,0.0018,0.0029,0.0048,0.0074,0.0028,0.0029,0.0028,0.0018,0.005,0.0049,0.0053,0.0021,0.0026,0.0021,0.0016,0.0027,0.0046,0.0068,0.0037,0.0042,0.004,0.003,0.0019,0.0055,0.0115,0.0047,0.0055,0.0071,0.0062,0.0055,0.0103,0.0,0.0,0.017305800991451778,0.020415437665350762,0.019757743720531074,0.01939307901426371,0.020528921969047396,0.019441670906450804,0.016518144237224846,0.019851331129221973,0.021591586692108866,0.021039498964907657,0.02109346045133867,0.021964638846399265,0.021531010133733135,0.01958141847124263,0.020258716701866165,0.021986341585954448,0.021852246906183304,0.021781103706610874,0.02223962379318441,0.02194207903152546,0.019906105564704714,0.01948144779629358,0.02148768549590265,0.021351587797043166,0.021197754185272824,0.02205834912524532,0.020879015584281693,0.019958268118298084,0.020002420914155616,0.022264608701353827,0.021938213514614585,0.0217376988721655,0.022335229634672226,0.021533051400192384,0.02011318185123695,0.017505137293716517,0.020517148263895293,0.020308789066445634,0.02026235973261617,0.021161581977491066,0.021560123565988965,0.01974638368693272,0.0162914997059078,0.020655204303043587,0.019121010693446842,0.019268304282327293,0.01987042040346168,0.019781501572272306,0.017632061978423694,0.009599921724697341,0.004675833873002811,0.00567597866204742,0.006269581018457049,0.00450326008564392,0.006234750595854478,0.010680511404342551,0.005572724268514136,0.0029654076334524656,0.0037658962161481627,0.00364477533642889,0.0023590506173721965,0.0030184629485470764,0.006178488682358698,0.0049532194656779945,0.0022869851042761004,0.0025299632648474995,0.002599087104236459,0.0019018228540926747,0.0023542944713618695,0.005606617150018079,0.006174262508022739,0.003084346040682407,0.003252245160729846,0.003486177503278935,0.0021774843771355493,0.004009940757116718,0.005527294379038376,0.005342964420077819,0.002020078699049555,0.0023992352018455563,0.0027041546500967874,0.00179549906170028,0.0029762963268984742,0.005174532013296325,0.009140544159744381,0.004521164173021295,0.004877075212102684,0.004947679566383431,0.0035411840080614683,0.0029351281121644582,0.005771378685629828,0.011064228661692262,0.0043502870358422445,0.006722373514714967,0.00661557398162946,0.005621820510825451,0.005639850472324763,0.008986594297366897
paired_deficit,2,46000,40.34237171581481,40.55912416696083,0.6605846881866455,0.7339972257614136,5,0.24280000000000002,0.7571999999999999,0.011,0.0054,0.0065,0.007,0.003,0.0069,0.0117,0.0038,0.0024,0.0032,0.0034,0.0028,0.0037,0.0055,0.0061,0.0032,0.0018,0.0035,0.0023,0.0023,0.0057,0.0074,0.0033,0.0033,0.0035,0.0018,0.0044,0.0057,0.0054,0.0023,0.003,0.002,0.0018,0.0026,0.0042,0.0107,0.0053,0.0057,0.0053,0.0044,0.0026,0.0072,0.0111,0.0041,0.0055,0.0072,0.0064,0.005,0.0104,0.0,0.0,0.01755185075999362,0.020538659631596155,0.020137729712935336,0.02023370893185893,0.02109176597366224,0.020045169000412685,0.017244457265966975,0.020157591029251867,0.02191594353290331,0.021517250620520068,0.021032132394238692,0.02191933969778725,0.02099262894415117,0.01985366978661507,0.020057268748927666,0.022233554478666193,0.02194896594733113,0.021614762007267696,0.02215484384009335,0.02172496579229643,0.019926319988161863,0.018915523998663065,0.02162149950054152,0.021472844109079087,0.0210605161288767,0.02194103316510429,0.020602113957957385,0.019551212963269924,0.01993004342896703,0.02213128976245966,0.022047359968139665,0.021609234395218314,0.022334288697080127,0.02155814688613742,0.020699521355391645,0.01737618332619269,0.020597577300355448,0.020209685661831144,0.019631153243025085,0.021012049955963178,0.021398056425774227,0.019258820365306992,0.016655557276091474,0.020377321280983917,0.019443709453651863,0.019029061299190367,0.020028602023605083,0.019870011464693728,0.01574500452181122,0.009085601926930094,0.004550151034586278,0.005158960648969775,0.005052279295637801,0.0037102624576721846,0.005377638521367529,0.009591439556078482,0.005167863862358773,0.0024587539055015623,0.00310322913961787,0.003839878181074476,0.0024145343500234337,0.0038217389269498024,0.00559030389913801,0.005359265127702753,0.0020155261387642892,0.0024086095723947517,0.002877033698873221,0.002056922759095028,0.002709689929440775,0.005479985015138724,0.007132060005308181,0.0029058653567957536,0.003131597653987661,0.0037967776546846094,0.002381592953392218,0.004453796030469893,0.0060495827242341114,0.005474330993188096,0.0021317519810429013,0.0022982613572598625,0.0028854273437563128,0.001784436847965895,0.0030020659119311165,0.004384008496857698,0.009313289344195704,0.004460684917122332,0.00501063348334896,0.005928193901334563,0.0038703732400195293,0.003284224790883683,0.006532641585017045,0.010524743066936685,0.004756079827203184,0.006212826142071464,0.006998716813103788,0.00540279537370578,0.005565489161533301,0.011946474321268706
paired_deficit,2,47000,41.28321913955733,41.506395083037205,0.6565648317337036,0.7267714738845825,3,0.24249999999999994,0.7575000000000001,0.0122,0.0067,0.0061,0.0078,0.0034,0.0069,0.0098,0.0043,0.003,0.0034,0.0038,0.0023,0.0029,0.0054,0.0051,0.0035,0.0018,0.0037,0.0017,0.0024,0.0066,0.008,0.0032,0.0031,0.0032,0.002,0.0054,0.0049,0.0053,0.0026,0.0023,0.0021,0.0013,0.0031,0.0026,0.0089,0.0054,0.0052,0.0058,0.0041,0.0024,0.0077,0.0113,0.0047,0.0056,0.0075,0.0053,0.0053,0.0114,0.0,0.0,0.017449040043476034,0.020078070015600077,0.020415506303219214,0.019868369798206942,0.020973296754184127,0.019515658109541787,0.016728595367055434,0.020195420710084705,0.02141758636853511,0.021936603470607892,0.021133649975080323,0.021872409474101937,0.021455832145656814,0.01988689135483702,0.02020178676595876,0.022184822255622468,0.0217889033072027,0.02191185937476945,0.022465745546414673,0.021802504147066814,0.019397882616933253,0.019346875011177656,0.021229382338167693,0.02149779447773155,0.020971766048096974,0.021504629641695142,0.020222309448361335,0.019536848750503745,0.020110792308745983,0.022415318091830436,0.022210635627435058,0.022079798174805876,0.022484103710424592,0.021355143247265472,0.02060350573166203,0.017920192201851357,0.02034177996743216,0.019942935483371386,0.019498262867166417,0.02090578937943766,0.021589712772285375,0.019010101514635808,0.01636292165066775,0.01969226354245971,0.01963933952501606,0.019411151813342985,0.02013362188943104,0.020349640363040895,0.016952950517802327,0.009307841841073524,0.005300607841862175,0.00483035509116987,0.005695247463171558,0.00394938200303649,0.006227618902538983,0.010473382375336557,0.005123482557554234,0.0032787858501752915,0.002651648481493246,0.0037073501176210014,0.002592290791606245,0.0032601214302281135,0.005628229133865766,0.005113873841887368,0.002198870199215176,0.0027573947574744376,0.002532746407123981,0.0016967288099742155,0.0026978035964525544,0.006444447863184231,0.006404249568156603,0.003562854832750386,0.003196784864291258,0.003990754900534089,0.0031474055922801523,0.005082897579060106,0.0061175094449988044,0.005368405387229775,0.0018119048538214428,0.0021208458435454484,0.002279265097674363,0.0016690196001232667,0.0033730354467075797,0.004546594928020377,0.008596700246462353,0.00501976020113952,0.005621762966816978,0.006253874710098318,0.0042075254174501345,0.0030189839092062743,0.007029751923763754,0.011064380773658762,0.005882931462041359,0.005962813235878262,0.0063853572739007896,0.00525582216789643,0.004929770978153157,0.010134748078909794
paired_deficit,2,48000,42.15828746219631,42.38732058298774,0.6589158773422241,0.7383983135223389,4,0.24350000000000005,0.7565,0.008,0.0053,0.0054,0.007,0.003,0.0082,0.0107,0.0044,0.0031,0.003,0.0037,0.0023,0.0036,0.0041,0.0049,0.0034,0.0019,0.0044,0.0025,0.0027,0.0052,0.0093,0.0035,0.0036,0.004,0.003,0.0059,0.0047,0.0051,0.002,0.0024,0.0019,0.0014,0.004,0.0029,0.0103,0.0062,0.0051,0.0064,0.0047,0.0033,0.0067,0.0107,0.0046,0.0048,0.0076,0.0059,0.0045,0.0122,0.0,0.0,0.01896631375329022,0.020581608170026522,0.020172594934018136,0.01935363227251349,0.020831265711957557,0.019574125590949582,0.016217462863425264,0.02056643576311551,0.02138888760530862,0.021229500279885113,0.020856536029022658,0.022187846183878854,0.021348078604464256,0.019223269526612553,0.021004358456235765,0.021845231680623,0.021999071205812744,0.02181656452838856,0.022535363968613657,0.022073546856707184,0.019662298469275898,0.018907997457905217,0.021614760812905916,0.02148117356288457,0.020722534543951992,0.02197413062419914,0.019966461524474507,0.019371024820715798,0.02064408632605432,0.02240792870878189,0.022312663820353896,0.021993089777629135,0.02265823845754325,0.0214840868906405,0.020733507027242755,0.017074254111326605,0.019959212586891692,0.02005003430015194,0.019150694804875204,0.020815481973515335,0.02139439051269498,0.019270786979924535,0.017005170714712366,0.020207511152371918,0.019517846209356267,0.01948584127807543,0.020129690951950878,0.020544776133927287,0.015688631480817554,0.007252538074462597,0.004804289419441141,0.005336201212240133,0.006596733609698842,0.004392866631876845,0.0062288088016594955,0.011391468336936392,0.004826918825133154,0.003522119869689765,0.003798906052578533,0.004316113852398718,0.0023304857465333405,0.0036220483510339876,0.006752105089845752,0.004095639032852791,0.0029196148763076073,0.002612040649998101,0.002923308981884594,0.001812168449740821,0.002540023890909452,0.006214487843813557,0.007261390909585415,0.003185233541788512,0.003384476818991859,0.004711287454647096,0.002649239134249089,0.005682708442571885,0.006570792898274725,0.004672041734787573,0.0020412986305717714,0.0021833847096681827,0.0026209618558277613,0.0016289030868030614,0.003419194136576877,0.004499609668816586,0.010035452699291444,0.005771645118686273,0.005558060965299234,0.006899411643067593,0.004416407828909095,0.0035139123700846046,0.006720296057414893,0.010216614496138155,0.005440374223072049,0.006390873611977009,0.006399545962376601,0.005439254325047778,0.004781098820570824,0.012180212006275363
paired_deficit,2,49000,43.02825866360217,43.26341912499629,0.6560952067375183,0.7396994829177856,4,0.25060000000000004,0.7493999999999998,0.0113,0.0053,0.0058,0.0079,0.0028,0.0097,0.011,0.0028,0.0025,0.0032,0.0034,0.0025,0.0048,0.0041,0.0052,0.0027,0.0019,0.0038,0.0028,0.0045,0.0055,0.0066,0.0041,0.0032,0.0042,0.003,0.0056,0.0044,0.0051,0.0022,0.0021,0.0016,0.0012,0.0044,0.0038,0.0124,0.006,0.0049,0.0071,0.0053,0.0084,0.0068,0.0103,0.0054,0.005,0.0081,0.0054,0.0062,0.0043,0.0,0.0,0.016939413244461753,0.020443012472232507,0.020072704841160492,0.01962090532224342,0.020941939362970896,0.018995914203735448,0.016328943222965506,0.02048586454991118,0.02178291107709967,0.02150112025281975,0.020939310641304987,0.022291490832234757,0.02114582657863307,0.020015790792357647,0.020375484640690833,0.022215593041639125,0.02218440768172042,0.022030270147688387,0.022732824909119192,0.022188935797110794,0.0198079702479175,0.0180931146715358,0.02118426574250283,0.021463336132108428,0.020812918287244752,0.021797317905920703,0.019105257962482164,0.019844357029990163,0.021102665714508934,0.022835046963734323,0.022593712624698933,0.022363767043622106,0.02291434180994606,0.02151547458530914,0.021005415771772597,0.016888754246562162,0.020108077862459647,0.020053484395951282,0.019316525951043356,0.020511614361115517,0.02078640124074344,0.018383543503176218,0.017101101418167102,0.019764309282795843,0.019768307888728617,0.019145107758139185,0.02090046791514468,0.020066349848135094,0.017534328222443527,0.01049347466672695,0.0051843422562560006,0.005689905883436724,0.00643251036374769,0.0044505506801479616,0.007468897101986314,0.011313192151379329,0.005121318005202301,0.0032527627096119796,0.003589078656611505,0.004415354345412216,0.002426649282800766,0.004111623161632703,0.005812674133415286,0.0053227206176736696,0.002577337675127123,0.0026232032214246522,0.0028498994090512203,0.0017775617433660096,0.0025774810424400553,0.006118324054642571,0.008601367697946439,0.004055089158026443,0.00364464926225191,0.004640307095898829,0.0032706365147880533,0.007190893397131956,0.00606480857038579,0.004175101557164691,0.001666282211374052,0.0020212222001721788,0.0023594122907237797,0.0015105976345546554,0.003646092170225627,0.004357193406918327,0.010450793365135661,0.005716006377376536,0.005835361654891665,0.0069582981830379415,0.005161571736086797,0.004679306768410233,0.008213284990757384,0.01025567345371619,0.006260662968556104,0.006215719560142244,0.007093222221380942,0.0044724818840929294,0.0056992524238514124,0.009462259601810408
paired_deficit,2,50000,43.89013954892289,44.13092599995434,0.668965220451355,0.7412851452827454,6,0.2662,0.7338,0.0122,0.0064,0.0066,0.0087,0.0033,0.0098,0.0111,0.0037,0.0033,0.0039,0.0047,0.0015,0.0045,0.004,0.0051,0.0031,0.0014,0.0044,0.0016,0.0033,0.0059,0.01,0.0044,0.0043,0.0049,0.0028,0.007,0.0046,0.0046,0.0024,0.0023,0.0016,0.0016,0.0041,0.0034,0.0106,0.0077,0.0057,0.0068,0.005,0.0038,0.0084,0.0114,0.0066,0.0051,0.0081,0.0054,0.0038,0.0113,0.0,0.0,0.018229366539882677,0.01891910382353664,0.020508081088365458,0.019761233859536608,0.020723094942348454,0.019093790574762425,0.01655355816767471,0.020866397455864424,0.021517694135454492,0.021739531503694794,0.02055779375015805,0.02215413273931973,0.02130946415940748,0.01994735488469799,0.02125662185346953,0.022159663133794943,0.022406059148289116,0.02203667084058694,0.022745019032230328,0.02203957407512659,0.01909588021194398,0.017715983490337824,0.021030155535180277,0.021544821079762116,0.021188941919315633,0.02216251693525516,0.01926038066683354,0.0196743931051359,0.02141156402132672,0.022540926280922087,0.02270629638734422,0.022339430218116137,0.02286221131936082,0.021125077269234675,0.020530479674733374,0.017378309064328544,0.020350357762278816,0.02036368446855878,0.01910234560904879,0.021135161598984865,0.020664203154319764,0.01905170939470437,0.016634644627087282,0.01986078815529928,0.02014130364978715,0.019268847194955224,0.020280087815962203,0.020902697714258067,0.015152595967422992,0.008654748418138163,0.007573938229968309,0.005264009499797153,0.006349716582652319,0.00491237696516318,0.007515305028938928,0.011169030304021332,0.004821242672017858,0.0037572518757402066,0.003473824858950906,0.005269866187172584,0.0028320480678577123,0.004138085048349373,0.006079148643874727,0.00425396548864112,0.0028630709203622887,0.002465817497510364,0.003041867331084634,0.0019730645855449225,0.0030767093396893153,0.007316954780653824,0.009362001351326118,0.00450505920473697,0.003756879382298258,0.004313290692366397,0.002819859790845003,0.007116879606826526,0.006515021262436773,0.0039115353920537626,0.002269758389982315,0.0020684189859455663,0.0025626773352650065,0.0018808247622153977,0.0044451945396466064,0.0052705107169445375,0.009931010566819862,0.005493295122952338,0.005512984317621908,0.007346618400723355,0.004352409743354941,0.005037051661227712,0.0073421043005708645,0.010933965760484696,0.006244054967912433,0.005758138859557271,0.007104571641831711,0.005595447980300998,0.004729409744377317,0.013088450191600204
paired_deficit,2,51000,44.758833334664814,45.00776620802935,0.6516834497451782,0.7498216032981873,4,0.26780000000000004,0.7322,0.0093,0.0067,0.0059,0.0077,0.0041,0.0066,0.0104,0.0039,0.0036,0.0033,0.0049,0.0019,0.0035,0.0059,0.0033,0.0033,0.0019,0.0048,0.0014,0.0027,0.0069,0.0095,0.0057,0.0045,0.0053,0.0032,0.0079,0.0052,0.0042,0.0026,0.0026,0.0016,0.0015,0.0047,0.0037,0.0103,0.0083,0.0063,0.0066,0.0043,0.004,0.0084,0.0104,0.0073,0.005,0.009,0.0059,0.0046,0.0132,0.0,0.0,0.01813581080792137,0.0199991316371953,0.020494073762300398,0.019612054089248623,0.02109192170419746,0.01849488549623733,0.016340503724977452,0.020988903968218148,0.021627079056036336,0.021762627389960605,0.020980970378827398,0.022571223216631887,0.02050273671994001,0.019796597488641522,0.02109169294020561,0.02223447829621313,0.022762238513314936,0.022081687045808505,0.022841081226292827,0.021811283015822924,0.020079609785927738,0.017774724544725368,0.021011392516310897,0.021187073379734973,0.020934436582525882,0.021764134042639566,0.018862139514708925,0.01994072126851073,0.020972632086451896,0.022531616559741015,0.023045330379251182,0.02245366738875311,0.02313748599728118,0.02057836820834902,0.020706505645410208,0.017707866562281117,0.019467653794832826,0.020416539341186105,0.018915996434589917,0.020809791018264974,0.020456165116686444,0.01914801495064135,0.016621209566682008,0.019648653692621525,0.020401285478283408,0.0191531249646617,0.020820972088998184,0.02055196648214227,0.015679942129814682,0.008747739951093623,0.006134542591135884,0.005380601157109584,0.006693625301670732,0.004673338278058445,0.00830722869566349,0.011340825381904937,0.004704946375658981,0.0037831862276321137,0.003509279451239077,0.004638280404177634,0.00234136891522208,0.005368088651891708,0.00634895158425943,0.004556481197617304,0.0028668152519113004,0.002143597391670967,0.0030484396578694703,0.0019906569416027493,0.0034390027861775745,0.005940177468786149,0.009347406662400349,0.004711527119766958,0.0044187166722735914,0.004744554864948121,0.0035071032892062762,0.00773771597143556,0.006140783701804765,0.004689386473036789,0.0023985755323643974,0.0016956458497268292,0.002550225378313655,0.001562539155751585,0.0052588488942105945,0.005190958685588175,0.009639286742318402,0.00690219257309288,0.005570714451306128,0.007698989219881576,0.004885526521650835,0.005552542719841925,0.007402931428001007,0.011013507638775939,0.006640761978631803,0.005475559154059825,0.007278363183484757,0.004869376932594673,0.005296982722247825,0.012412107401356887
paired_deficit,2,52000,45.62451145518571,45.879577332991175,0.6574873328208923,0.740846574306488,2,0.24870000000000003,0.7512999999999999,0.0073,0.0079,0.0059,0.0076,0.0046,0.0058,0.011,0.0036,0.0051,0.004,0.0043,0.0017,0.0037,0.0053,0.0035,0.0027,0.002,0.0043,0.0022,0.0019,0.0062,0.0111,0.0054,0.0054,0.0052,0.0027,0.0064,0.0054,0.0046,0.0031,0.0025,0.0022,0.0012,0.0036,0.0037,0.0094,0.0094,0.0062,0.0065,0.0041,0.0027,0.0097,0.0095,0.0057,0.0049,0.0062,0.005,0.0015,0.0048,0.0,0.0,0.01827823913527938,0.02011146902802139,0.020504836500717626,0.01920924573278924,0.021087305475128527,0.018033869647182732,0.016149173772573563,0.02122198004804165,0.021857232244721213,0.02169742213917975,0.020854645989332024,0.02219021638076759,0.020666029197325766,0.020112537854664197,0.021563258472615116,0.022191366166150705,0.02292314429683939,0.0226997963249706,0.022995304805723395,0.02196014665589847,0.019620267327077005,0.01798370660269148,0.020511972316246165,0.02180986457791482,0.020907905499335813,0.021762483038951945,0.018273971448000245,0.01927522751382705,0.0213153902008062,0.0230870126978288,0.022942976955379314,0.0226575818706028,0.02299464649656821,0.020934546315598664,0.02045012516911049,0.01739098628484274,0.01951283540946041,0.0209364618930508,0.0188242939357538,0.021053072364240297,0.019237659932244695,0.01908909050544664,0.01622986986474979,0.020083346847915004,0.020276575010055246,0.018913910037566414,0.020457621875006913,0.020399934248359362,0.01675944389344649,0.008764034703605818,0.006070719563556776,0.0057048745458422295,0.007396846754763907,0.004795829689693983,0.009151701968523385,0.011840310793735587,0.0045646474688711275,0.003619367321112816,0.0038473440816636255,0.005088667076147297,0.0031052870217473847,0.005279612952994419,0.006147319831220284,0.004038734970139621,0.0031036467978949366,0.0020597302876649323,0.0023783468540561513,0.0020349148697274347,0.0034725549903487974,0.006888629788061166,0.009301386951189903,0.005577507463627625,0.0036478770637866065,0.005051752337298422,0.0037545315957552283,0.008770122763667126,0.007302720587676994,0.004353268417397555,0.0018650266745168895,0.002031438051503002,0.0024385677926669065,0.002035853979229499,0.004935622938456084,0.005587610377660519,0.009951618339156,0.006963761557869374,0.005050077775583218,0.008024123908559225,0.0047665398600196226,0.007434437539962209,0.00756825393455395,0.0116470689579065,0.006149899698787404,0.005913312981845429,0.007818157252268403,0.005655040968071852,0.005659210127145301,0.010891606272207997
paired_deficit,2,53000,46.50957153982017,46.77095008303877,0.6509438157081604,0.7497695684432983,4,0.28069999999999995,0.7192999999999999,0.0091,0.0091,0.0069,0.0078,0.004,0.0083,0.0121,0.0032,0.0051,0.0037,0.0056,0.0016,0.0055,0.0059,0.0028,0.0037,0.0023,0.0034,0.002,0.004,0.0063,0.0104,0.0055,0.0039,0.006,0.0036,0.009,0.0063,0.0042,0.0025,0.0021,0.0016,0.0013,0.0049,0.0048,0.0087,0.0079,0.0058,0.0059,0.0049,0.0058,0.0074,0.0115,0.0073,0.0053,0.0086,0.0065,0.0051,0.0115,0.0,0.0,0.01770659631755335,0.019756826221169043,0.02045869424386744,0.019219115360500028,0.02123272272706954,0.018155503800522083,0.016438544407982793,0.020748157596620243,0.021720851415853178,0.021705789936441743,0.020245760671239524,0.022270912590785858,0.020829909108985613,0.02016134735052639,0.020912898521462338,0.022348516862513726,0.02303399730201778,0.022545106649040046,0.022805902268413787,0.021264076468256093,0.020553348455601392,0.01737085913879089,0.020641551375833914,0.021527939210277743,0.020652906928760605,0.022048624404345775,0.01837070130852705,0.019382564477508704,0.02138842900213009,0.022691184112069114,0.0232466051910831,0.022810057033469402,0.023296012580076967,0.02091702515461511,0.02114628899232772,0.0167944407162415,0.01881285447516734,0.021333984683728408,0.019377277989236254,0.020650060689368102,0.019787310666790653,0.01968477303729302,0.0170281669679123,0.019746206934740572,0.020240239233500424,0.01918205116676829,0.020439768015902297,0.020797187485181973,0.01652035075193065,0.00960585792750522,0.006698981608421733,0.005821039961829027,0.007500426397664622,0.004606412089825726,0.008969383681665822,0.011481864258178754,0.005254380298075847,0.003914328863652865,0.0038966209725941592,0.0059666934501736,0.0031344359352358142,0.005216595596961326,0.00616450214153108,0.005098930764623349,0.002985343813997907,0.002013449465332325,0.0027066130267729064,0.0023759118194241462,0.004561957832471889,0.005569648933675574,0.01012093848414334,0.005561779736548212,0.0041487829683323875,0.00542849199928483,0.00341054017045665,0.008664270319090131,0.007307745927391038,0.004424709648826674,0.0024995000989582582,0.0017901327407313936,0.00233095857120599,0.0016419564899908179,0.005054017402645293,0.004807085383676993,0.010860076494226897,0.00811549754179805,0.00442377740637615,0.00727617876610559,0.005432527481292927,0.006694822363913189,0.006801140733871227,0.010724005033368747,0.006792162945367192,0.0060135844071592184,0.007670164602761017,0.005769749125053567,0.00526298927856211,0.011444001815232262
paired_deficit,2,54000,47.417317354818806,47.68502145796083,0.6382414102554321,0.757129430770874,9,0.3002,0.6998,0.0123,0.0067,0.0063,0.0105,0.0032,0.0105,0.0118,0.0037,0.0039,0.0045,0.005,0.0022,0.0087,0.004,0.0044,0.0035,0.0015,0.0034,0.0024,0.0045,0.0055,0.012,0.0065,0.0043,0.0056,0.004,0.0083,0.0061,0.0049,0.0031,0.0024,0.002,0.0012,0.0051,0.0039,0.011,0.0086,0.0053,0.0065,0.0044,0.0107,0.0062,0.0114,0.0082,0.0055,0.0087,0.0064,0.0066,0.0128,0.0,0.0,0.017743054814524945,0.019666292709245643,0.02092350097204121,0.019245657959440964,0.02132004752560366,0.018182210492932713,0.01565395365599207,0.021398814705327514,0.021997907860362473,0.02198118440503134,0.020702612932316553,0.02258608685566328,0.02048062085745886,0.01949187951976358,0.021544597005968124,0.022439520715048015,0.023179833702217795,0.02305182904559251,0.023068575539957413,0.021676056415456942,0.019692927673102847,0.017202559434435372,0.01969097832326136,0.022032432109550366,0.02112090316544636,0.0219477628898099,0.018765913703980716,0.01969216437136212,0.02164335455111603,0.02289125660105933,0.023283975096634466,0.022762729107138543,0.02330337465188784,0.02117669289537953,0.021162536233580394,0.01642678929611346,0.018888042917827655,0.02123190997567355,0.01976006753599791,0.021122740732687925,0.01857778166611311,0.019283551015525237,0.016086131530991164,0.01989871254456719,0.020553981916217497,0.01942336753845935,0.02097198031479512,0.019714690039673657,0.01535645447766639,0.009797080420872442,0.00716132347597573,0.0052956236796855415,0.007629150451337975,0.004822235819426694,0.009147244728868291,0.012624455783848337,0.004712687237567224,0.0038404121512351803,0.0038246084605735218,0.005602832489070216,0.0030223788657903284,0.005989701779140768,0.0073257705425691004,0.0045489972161315406,0.0032262215437852495,0.0021575393701988594,0.002413691927537716,0.0023122760757486246,0.00424897732411152,0.0071242798427180185,0.010626920825664,0.0070098034783893926,0.0038705211812391006,0.005099203743338994,0.003910153259532803,0.008296373818039016,0.007086278934913151,0.004372583740042202,0.0025588894286858745,0.002012700592027418,0.0027376441427474363,0.002024782390494595,0.004943486961864427,0.005080363401209421,0.011666791439684722,0.008282767765969505,0.004866691615606804,0.006991839913283846,0.005057585573755666,0.008636150917593451,0.007654574179426162,0.012218699748918295,0.006720888864110748,0.0058095469746093234,0.00753824380014698,0.005306324109365909,0.0070940129675538185,0.01319446457531698
paired_deficit,2,55000,48.31277281185612,48.58734500000719,0.6381511688232422,0.762316882610321,8,0.3086,0.6914,0.0113,0.0104,0.0067,0.0089,0.0042,0.0084,0.0115,0.0034,0.0063,0.0044,0.0059,0.0019,0.006,0.0051,0.0045,0.0045,0.0013,0.0034,0.0026,0.0036,0.0073,0.0113,0.008,0.005,0.0053,0.0038,0.009,0.007,0.0054,0.0031,0.0025,0.0024,0.0018,0.0054,0.0046,0.0103,0.0109,0.0057,0.0064,0.0039,0.0091,0.0056,0.0109,0.0086,0.0056,0.009,0.0065,0.0078,0.0121,0.0,0.0,0.016892263473752663,0.01960444131601164,0.021013134941927136,0.01920774711776317,0.021136727966389875,0.016691893046106222,0.015886793124934528,0.02107383149735225,0.021152209856304567,0.021937834400350714,0.021079158119287365,0.022336990094134264,0.019997954311232007,0.01992383877224217,0.021966511214087443,0.02206399737052652,0.02354118756995041,0.022740158848227245,0.02338511108218567,0.021662862604978392,0.020090812950176118,0.017258130015037534,0.019675437121247388,0.022032494350464702,0.020936604147662845,0.02205353888195729,0.018678592178122486,0.018690773032843784,0.02157179075635818,0.022650519597099128,0.023698979766261893,0.02294331424006916,0.02317425377409681,0.02089231508985311,0.02129246086849816,0.017903068608648563,0.018865006264200145,0.021817998717490475,0.0196485979325899,0.02158946663371011,0.01851118101933566,0.019523068653331088,0.017105641759457106,0.019485185655083604,0.020759722758913246,0.01891275123546982,0.02118656726122755,0.019829759769083063,0.015927320233966785,0.011154944491183129,0.007359710241136206,0.005389997019865164,0.0079033898077096,0.00525967211196234,0.011390494798070494,0.012728279875968177,0.005423998334910287,0.0052384537850099396,0.004200797710646264,0.005416698063018817,0.0035756196013501736,0.00682039059485188,0.007078217840731112,0.004083370402389854,0.003949763126272078,0.002003361095336726,0.0030230664900391907,0.002139142922295366,0.0045385911041481335,0.006810312950071242,0.01061445251863794,0.007340533670330464,0.004071063822736972,0.005573009435004692,0.00404222175292313,0.008706735215530705,0.008650978541921392,0.004624344906991716,0.003184981881300212,0.0017089778458385656,0.0027446368183390753,0.002428128267623716,0.005633708723928643,0.005085298677952488,0.00973054764533985,0.008490312432485561,0.0043259730855765045,0.007416379966314654,0.004639182164021354,0.00885805149964992,0.007510296061044645,0.010823441581416151,0.007601278181141515,0.005776367412024237,0.008268626725584453,0.0052304285809306045,0.0071290305259481815,0.012633673934268203
paired_deficit,2,56000,49.19277635088656,49.47426216700114,0.6556388735771179,0.7485971450805664,8,0.31010000000000004,0.6899,0.0107,0.0069,0.0059,0.0095,0.0036,0.01,0.0125,0.006,0.0073,0.004,0.0048,0.0026,0.0107,0.0068,0.0051,0.0037,0.0016,0.0035,0.0026,0.0039,0.0065,0.0123,0.0075,0.0036,0.0058,0.0035,0.009,0.0079,0.0053,0.0027,0.002,0.0018,0.0017,0.0047,0.0054,0.0092,0.0083,0.0048,0.0063,0.0044,0.0092,0.0054,0.011,0.0072,0.0053,0.0093,0.0064,0.0111,0.0108,0.0,0.0,0.017212500039112368,0.01897696521825208,0.020861917530927438,0.01886904215243106,0.021107705658602857,0.017884172441793574,0.015597937087962928,0.02123182146300824,0.02129322805998541,0.022444895396934506,0.02072587903282493,0.022517628643283542,0.019592140431052334,0.020655083129316097,0.021336995668423897,0.0221250105833833,0.023643978308517707,0.02276870229470609,0.023505710856596626,0.021862381493896667,0.01992978665495833,0.01736699134432723,0.019134453925090736,0.02199954426939051,0.021695632108449332,0.02223982490072085,0.01889384723753488,0.01864700785039851,0.02159625824003367,0.023052391113790288,0.02384763981518108,0.023115925988015477,0.023808538872697967,0.021439500278588028,0.020912776064621323,0.017687437791531854,0.01763370165274696,0.021802158804715418,0.01991727211749801,0.020851379038257616,0.01775610466308505,0.02008105843310927,0.016575336678152662,0.019285310409585782,0.0210369230992705,0.019096623913476586,0.020982073021597616,0.01962046213762446,0.015780344084538347,0.010905322282192667,0.008456603892540698,0.005924133688500721,0.008718788136852212,0.005593912544093455,0.009924792306094443,0.012996394104222316,0.005388098039603238,0.005344659578634387,0.0037973720445269054,0.006224091564562901,0.0037387160091648082,0.007669166493204034,0.006202019742025184,0.005403044442871557,0.004305268531898656,0.0022254432609076433,0.0034013936604924033,0.0023330832799078735,0.004540928337035545,0.007176469704528104,0.010580572699794635,0.008323139742587297,0.004395709972365519,0.004882146889358556,0.004072888256739014,0.008724524521113542,0.008899908053114733,0.004937532620176815,0.00294212719780451,0.0018736950536431384,0.002934891854834162,0.0019262279326568337,0.005187202499439205,0.005894866756326321,0.010228171646653076,0.01026130469740404,0.004621838694784708,0.007271408229741698,0.005938292358989277,0.010135916365156698,0.006973233119547513,0.011761363687529981,0.008120461112735022,0.005689010293394323,0.008413027601185012,0.005762702442772206,0.007631115727919861,0.012790389245897463
paired_deficit,2,57000,50.04278443567455,50.330519667011686,0.6384261846542358,0.7797222137451172,12,0.3418000000000001,0.6581999999999999,0.0125,0.0103,0.0063,0.0108,0.0034,0.01,0.0108,0.0043,0.0075,0.004,0.0055,0.0029,0.0092,0.0056,0.0063,0.0058,0.0014,0.0046,0.0021,0.005,0.0083,0.0114,0.0097,0.005,0.0056,0.0036,0.0085,0.0087,0.0056,0.005,0.0021,0.0026,0.002,0.0056,0.0052,0.0121,0.0125,0.005,0.0069,0.0054,0.0126,0.0079,0.0109,0.0079,0.0054,0.0097,0.0063,0.011,0.011,0.0,0.0,0.01688115241024953,0.018478210483566966,0.02153191726268825,0.018739975250925085,0.020934473615584932,0.01839664388946869,0.016743431172250814,0.020660816316397875,0.020792730201677788,0.0226603472307272,0.021201079593691944,0.022813401357419667,0.019176552545928677,0.019927618703593032,0.021659571469060876,0.021773870148455263,0.023911341790366324,0.023156223899031103,0.023553233517406166,0.02166661395720436,0.01952439700493226,0.01831885859946811,0.01892321624034332,0.02230929275822671,0.02155420266662647,0.022404675199186225,0.018565495160554335,0.01842285133246558,0.021757733388204362,0.022620283501486902,0.024133496830167776,0.023271939006489092,0.023586426697422367,0.02177046486217518,0.020884854902735787,0.01671119980803151,0.01806650242406145,0.022099272976624406,0.019953469210926018,0.02147817298026171,0.017391847927672552,0.019973911656944485,0.01646352279779716,0.019398022573660856,0.02072759218203754,0.01902493090976831,0.021019455712953203,0.01868241990268013,0.016302285970401557,0.011424935547797404,0.00926734281728189,0.005216538256831375,0.008920106494322073,0.006009059486061747,0.009570855074250302,0.01160762558954287,0.006333008995966142,0.00623614752649497,0.0037977778021000175,0.005694463697930353,0.0034775608695950273,0.008380040274537592,0.007344673139964172,0.0050862648386382995,0.004973707800406966,0.002021120407369927,0.003022799749608108,0.002535220862932733,0.004998797833936478,0.008074867478317257,0.009517788853919216,0.00867703357040158,0.004224396246941987,0.005186976212262573,0.004019744486262987,0.009190620406295898,0.009497027864575031,0.004916988543244547,0.0037727981591542197,0.001726427198936291,0.002947426290552152,0.0024521269300837125,0.004939162482373258,0.006074879724490411,0.01180663115404624,0.009852544487035146,0.004463929286931662,0.007388506912754546,0.00528783114776644,0.010786549988565562,0.007322327089596821,0.01201799227876546,0.008047193248637972,0.006283491943105786,0.008581169479024648,0.0058963289940807476,0.00903551734208848,0.012192813731275995
paired_deficit,2,58000,50.91305900795851,51.207289749989286,0.6448891758918762,0.7877388000488281,14,0.3388,0.6612,0.0101,0.0069,0.0052,0.0086,0.0033,0.0105,0.0116,0.0065,0.0102,0.0043,0.0059,0.0031,0.0112,0.0061,0.0041,0.0065,0.0018,0.0045,0.003,0.0049,0.007,0.0114,0.011,0.004,0.0053,0.0038,0.0102,0.009,0.0058,0.0052,0.0021,0.0023,0.0015,0.0054,0.0049,0.0103,0.0126,0.0041,0.0069,0.0046,0.0114,0.0077,0.0116,0.0111,0.0055,0.0099,0.0055,0.0081,0.0123,0.0,0.0,0.016417556549148865,0.019130839965749852,0.021683374133507127,0.018741736876063647,0.021760322144951827,0.016913004318506446,0.015898813196435768,0.021047079384536656,0.020221169407961273,0.02271486568818812,0.02141806311594982,0.022908189877659354,0.018806258231675615,0.02029971991544375,0.022241484543527593,0.021214884408541156,0.024139973232270448,0.023184608266059965,0.02384623429531449,0.02262613241430991,0.01982639663071358,0.01824695158636118,0.017654475993984883,0.02305609148277544,0.02122020821793457,0.022622086794701145,0.018226983953625327,0.01899570838060518,0.022366162284953528,0.02251667324208409,0.024557354814927837,0.023234629156078417,0.023993229379977714,0.021403128015097805,0.021472756783740013,0.01708624353052661,0.01721087381126407,0.02200440477941532,0.019881990441930487,0.021973772098052877,0.01692933942179358,0.019164760997924926,0.016191289636931797,0.018961918444033797,0.0213362878249403,0.018777881491559904,0.02150312620307455,0.018686663526687998,0.015684301108501407,0.012216658226977801,0.008655553869721364,0.005342176385484727,0.009121575858970703,0.005281354695177622,0.0115735305053822,0.013085337832769446,0.006207196367742117,0.007279288391017824,0.004042286821441195,0.005647507141018172,0.003752275274551413,0.009115947383840946,0.007138261542741749,0.004773957937759822,0.005989373078517817,0.002153329691694882,0.003393463832994775,0.0025346244818870984,0.004118406651019561,0.007752670052606206,0.009802906133145921,0.010689170620453874,0.0035212255900254324,0.0060605873815338844,0.004240845663454061,0.009867888092151094,0.009026277127110348,0.004416804540018137,0.004260492724255114,0.0015724751343030932,0.0032894705309619698,0.0023438140277240046,0.0057840815027154465,0.0056155732290306465,0.01127052823958683,0.01110874894931687,0.00492545494553756,0.007719567688105743,0.004926155923727274,0.011513263837336987,0.008611521869809013,0.012471306856034502,0.009031076455266705,0.005792719995994974,0.009074657484018289,0.005576151484356875,0.009310252625640583,0.013168477833518063
paired_deficit,2,59000,51.76555105566513,52.06728420802392,0.6298707127571106,0.7635608315467834,14,0.34830000000000005,0.6517,0.0128,0.0117,0.006,0.0101,0.004,0.0078,0.0128,0.0057,0.0107,0.0042,0.0065,0.0034,0.0108,0.0058,0.0059,0.0062,0.0014,0.0049,0.003,0.0042,0.0083,0.0112,0.0111,0.0036,0.0056,0.0036,0.0097,0.0091,0.0053,0.0056,0.0023,0.0024,0.0012,0.0054,0.0051,0.0114,0.0124,0.0042,0.0065,0.0049,0.0114,0.008,0.012,0.0058,0.0054,0.0104,0.0051,0.0141,0.0093,0.0,0.0,0.01778169947404836,0.018680424406808345,0.022051704064451352,0.018653117979546874,0.0216322147000099,0.017960245824792092,0.015436320501293297,0.020762948974208426,0.020090346363546518,0.023017231665239262,0.020548284612925342,0.022626797045713718,0.019012119421818505,0.020789656003219414,0.021185053182355425,0.02128084173659795,0.024126384150267924,0.023220680535508118,0.02400519893657754,0.02227025040299505,0.019637767192017326,0.018203834480619095,0.01774270049330933,0.02304003678176112,0.021797490151066613,0.022599039174806428,0.018492988005319705,0.01807188665417979,0.021854630153036583,0.022094189601174014,0.024519949352222757,0.02364206123494063,0.024170268091400736,0.021562958600282015,0.021485367210206597,0.016838966157612253,0.01674854394299112,0.022742359940789096,0.020225269907640134,0.02191760315862542,0.01689852788338605,0.0195611088053343,0.016001771537627024,0.018394673023052054,0.021355496385028545,0.018595135180239156,0.02190137168000219,0.018100468588245197,0.016672016651161324,0.010488848140913588,0.00941008859054639,0.004992280547685941,0.00932805131579663,0.005610393643126119,0.010259014175958894,0.013586064521859002,0.006729356800468524,0.007595165170134857,0.0037884666974390183,0.006927558709882492,0.0042519915440150866,0.00910030135744243,0.006616853151203577,0.006146940244906057,0.005945511334592954,0.0022825840742133506,0.003448451939823319,0.0024385798592872184,0.004710956559239252,0.008177748152173852,0.010101704440049986,0.010617174617085494,0.0036809857888492363,0.005319517656797865,0.004248660390540787,0.009534178782033937,0.010115304408931325,0.005324089133269815,0.00489852849890758,0.001775966882337483,0.002906029221562549,0.0022651569279877144,0.005621418625365767,0.005721298218273133,0.01185863252629224,0.011896903610669161,0.004064170594087766,0.007382422205787065,0.005164902070117541,0.01170383663642464,0.008315489235550099,0.012858187121245805,0.009738859839298062,0.005927537065245639,0.009637064731023569,0.005185796056880724,0.01023476228629783,0.012034475942067132
paired_deficit,2,60000,52.625222286675125,52.93453012499958,0.6388355493545532,0.8114882707595825,15,0.36250000000000004,0.6375,0.0099,0.0096,0.0065,0.0116,0.0038,0.0123,0.0124,0.0081,0.0112,0.0043,0.0055,0.0031,0.0114,0.0056,0.0063,0.0074,0.0017,0.0043,0.0028,0.0052,0.0079,0.0121,0.012,0.0041,0.0054,0.0039,0.0102,0.0095,0.0057,0.0061,0.002,0.0022,0.0015,0.0052,0.0054,0.0096,0.0121,0.0037,0.0076,0.0052,0.0129,0.0083,0.0107,0.0109,0.0054,0.0106,0.0055,0.0119,0.0119,0.0,0.0,0.017087156781295625,0.016895795112159544,0.02177205220525822,0.01896195979877264,0.021515219727592585,0.017264155196243292,0.01542548006956843,0.020492273978460387,0.018384819799956847,0.023328374786982506,0.02113767965711087,0.022765358963095887,0.01782328771283707,0.02032583026991569,0.02094167649958347,0.020973011314966254,0.02429267237252076,0.02337759258855615,0.02403261859222562,0.022153057004867447,0.019149251413596254,0.018190258726900915,0.017875531059766858,0.023422237146170706,0.02131795555922545,0.022974062848798812,0.018973410630952817,0.018202314781516807,0.022482350198790288,0.022508211953511867,0.024966774586438263,0.023548225130883987,0.02443873494913327,0.02211436697050035,0.022051553415653367,0.017967302831460485,0.017135381507423865,0.023004659456741773,0.020327565766672457,0.02225125641183768,0.017060457350464405,0.01896364824154706,0.017005470682072414,0.018305748023852757,0.02203099018264565,0.018793142331152795,0.021690457941382656,0.018835383540999895,0.015463223927936691,0.01161845595350049,0.011977597060017567,0.005655911759906895,0.009326120068436392,0.005941582758117169,0.011394662938746108,0.013836631990457305,0.007391223510775371,0.009938656053861463,0.003610005734311962,0.0064579988580839584,0.004360933414682426,0.01068770772916007,0.00740635888022737,0.006666758563369825,0.0066662019921857225,0.002507955966838233,0.00362590079741108,0.002719574911278593,0.005096052430446105,0.008933062551645995,0.010145592418347952,0.010582589857343701,0.003530390672476756,0.006151936858570626,0.004097052680009064,0.009272579380844675,0.010169411500437509,0.004718763650532778,0.004725127100331162,0.0015384480279811688,0.003332031656007101,0.0022451525652120267,0.00514497128338907,0.005263453900291263,0.010466555589676727,0.011518419139978335,0.004097429482542015,0.007404164555202439,0.004971891198044905,0.011652214143480392,0.00916773523746155,0.011721738112349726,0.01003863271840702,0.005406641112826848,0.009383319268153886,0.00579814030410439,0.009290847884795528,0.013749846962234701
paired_deficit,2,61000,53.48176325589884,53.79851954197511,0.6242161393165588,0.8011303544044495,8,0.3114,0.6885999999999999,0.0051,0.0032,0.0036,0.0084,0.0031,0.0094,0.0122,0.0094,0.0106,0.0033,0.0055,0.0026,0.013,0.0072,0.0049,0.006,0.0017,0.0048,0.0029,0.005,0.0086,0.0076,0.0094,0.0022,0.0052,0.0039,0.0105,0.0081,0.0054,0.006,0.0022,0.0025,0.0013,0.0051,0.0057,0.0058,0.0079,0.0032,0.007,0.0044,0.0084,0.0069,0.0108,0.0112,0.005,0.0108,0.0054,0.0067,0.0123,0.0,0.0,0.016720010413368912,0.017737626268935908,0.02183178211955314,0.019252880522658514,0.02159149612555502,0.01784894049257791,0.015916677099775005,0.020219151317809454,0.01842504672417203,0.023202518741418113,0.02081667217842335,0.02324620230862797,0.017754380959236243,0.020669770398962763,0.021001218304177505,0.020758148120845844,0.024411363395077258,0.02348851116375373,0.024294155942278683,0.02227365604963026,0.019156845980603323,0.018420280521004063,0.01790922566978585,0.023711977660474698,0.021109977481607728,0.022886336296736663,0.018219332866089226,0.01778563412203429,0.02262892076440215,0.021647718236997772,0.0250155889979629,0.023487030503135,0.02473748311559104,0.021750565010664934,0.02132973087507343,0.01640121001360459,0.01655861352349789,0.023145945646150398,0.019714528873127316,0.022664261042095755,0.016355006345725738,0.019734131109358184,0.016638691425065223,0.019576573934488882,0.02129231146669827,0.01852079919228294,0.022142243648895613,0.018988971173147268,0.01700985585686121,0.012204744570871038,0.010898095459026433,0.005798236691440644,0.008971566293632178,0.006097547386473085,0.01079850011596653,0.013244474019592101,0.007846062324361334,0.010119939612969921,0.00409078747989802,0.006984576827166679,0.004036373326806845,0.010877225087368879,0.007284751579066992,0.006754698138667454,0.007252789441144106,0.002506872951958244,0.0038517303678880727,0.002691934157818719,0.005208756787049051,0.009130253600102948,0.010008689103133739,0.010684343774706673,0.0033780582709049016,0.006697347972403493,0.004445575598071802,0.010376185750400018,0.01083829478717369,0.004766223591794614,0.005988452176816887,0.001754223235897337,0.0036582622432156783,0.00217876903038602,0.0058994042580781106,0.00642361357848592,0.012523731227869352,0.012366725063346696,0.004122194890286758,0.00843557951031657,0.004722202203351991,0.01265940952806701,0.008450224611479346,0.012345101542943774,0.008607422187785945,0.006431162322620935,0.009961603670084307,0.005333387294474514,0.009378428268740215,0.011882762967966129
paired_deficit,2,62000,54.344008600572124,54.667692958028056,0.633857011795044,0.7958893179893494,12,0.3394999999999999,0.6605,0.013,0.0036,0.0073,0.0118,0.0048,0.0128,0.0126,0.0052,0.0054,0.004,0.0066,0.0027,0.0113,0.0042,0.0081,0.0079,0.0013,0.0039,0.0024,0.0054,0.0075,0.0112,0.0102,0.004,0.0053,0.0031,0.0088,0.0092,0.0051,0.0071,0.0025,0.0032,0.0015,0.0051,0.0038,0.0132,0.0133,0.0045,0.0078,0.0051,0.0156,0.0076,0.0117,0.0048,0.0045,0.0099,0.0038,0.0122,0.0036,0.0,0.0,0.015839233496043933,0.0172545743500538,0.02193582886285511,0.019156121597149398,0.02196742910698505,0.017430410460433556,0.01593142886882696,0.020048410009954245,0.019744469235859187,0.023266821038508752,0.020478224251474587,0.023023786587373137,0.017886242440316474,0.020454346203196708,0.02113992129885217,0.020463114998482818,0.02484424242294977,0.022655010417230455,0.024213925135040212,0.022059120317727023,0.018893024299181466,0.018615435767777064,0.0178900419170187,0.023807689806644577,0.02137839221343732,0.023176986006880226,0.018773302517656843,0.018395005310398418,0.022694804340750885,0.022189596233149672,0.02519855536680541,0.023651754194734618,0.02482026507533227,0.022555176391540702,0.02218064455411148,0.015806337119185353,0.016963327074470156,0.02307705212961799,0.019823958772705035,0.022961568908838315,0.01693421963836455,0.01960553207471303,0.016887335225585935,0.01860513742569657,0.02129071851859702,0.017316453867278928,0.021951159730251687,0.01821329400044646,0.016550570419515957,0.013385303361360098,0.011555310317773002,0.00572192614491233,0.00916256753918862,0.005682812275130399,0.0113767279573069,0.013232124090910354,0.008019056205095288,0.008434327819508754,0.004074462459973143,0.007565169547080319,0.004414345986391593,0.010773449793963693,0.00759472510580155,0.006824265047188102,0.00754480884418012,0.0020829133156118735,0.004831743982023477,0.0029021643552705682,0.0056474445418982725,0.009566346778136295,0.00983181284742246,0.01084687191140496,0.0034440532154198945,0.0064509676345476325,0.0041856576682925885,0.009714534942549192,0.010221842803019555,0.00474342571247024,0.005368757721053318,0.0016443549838775755,0.00359800331347237,0.0021516542841885935,0.004916253156488345,0.005418900350902631,0.013426021546809962,0.011876745286231744,0.004348415436150833,0.008375000465923139,0.004452294732454704,0.011912773630216651,0.008567237726006512,0.012087993302648118,0.00988362233790298,0.0065594876025954554,0.01159590513801521,0.0057810750399009915,0.010329572315879953,0.012387643556103296
paired_deficit,2,63000,55.22937461489346,55.560477416962385,0.6070429086685181,0.8043400049209595,18,0.373,0.627,0.0127,0.0152,0.0071,0.0123,0.0044,0.0116,0.0133,0.0059,0.0111,0.0044,0.0063,0.0033,0.0125,0.006,0.0071,0.0083,0.0017,0.005,0.0023,0.0053,0.0089,0.01,0.0106,0.0042,0.0052,0.0037,0.0102,0.0101,0.0049,0.0066,0.0022,0.0027,0.0015,0.0055,0.0055,0.0061,0.0119,0.0041,0.0075,0.0047,0.0131,0.0085,0.0118,0.0123,0.0053,0.0117,0.0046,0.011,0.0128,0.0,0.0,0.017188868893531953,0.019465008903812347,0.022657569038466822,0.018532061680421687,0.022185746725853925,0.017109339352585087,0.01600775435943875,0.01954086225715091,0.018772476988004605,0.023561846594946,0.02080349393727219,0.02324168388027939,0.01750102872813608,0.02014368293224761,0.019951777229239173,0.020625731839039187,0.025012513981652232,0.023486835707738088,0.024756729624318845,0.02171877449576899,0.018968553626521452,0.018054194566011744,0.018097479843143464,0.02380554808012353,0.022174845030411706,0.02299063102627944,0.01848244802330712,0.017665903106358717,0.022545140846191285,0.022140036517033647,0.025143246991604647,0.023808757793290506,0.025115613152092885,0.022413404982580317,0.021975719714068847,0.01628260867868976,0.01795878252632007,0.023378099605154586,0.019836370644683174,0.02232757489634414,0.014805015219133355,0.01966000698261837,0.015747966244860412,0.019057769834682735,0.02206483105479097,0.01814862400846371,0.02232794930285754,0.01697337421168191,0.015785716340796084,0.01192108869790625,0.00904106684109054,0.005126796846654818,0.010095375975299189,0.005699506297616307,0.011978561097832166,0.01327662937725306,0.00894899418750292,0.009998866500950308,0.004029162654621851,0.007494506004619994,0.004456846480136586,0.011424993963743644,0.00829540072350965,0.008372090554603459,0.007632152982670362,0.0023073696368585547,0.0041983377022363245,0.0026569094393025486,0.006422578599904545,0.009799926386429004,0.010792610254373,0.01070100702741259,0.003733351837618312,0.005751801541902362,0.004683455568230865,0.010194660744502444,0.011263927915124174,0.005263264933367673,0.00575499046590801,0.0020705577152126515,0.0037685183093541454,0.002143162844782449,0.005462231643286786,0.005954442216056434,0.012825816989102026,0.010791236219328322,0.004213136740273122,0.00859029888663662,0.00560547679902445,0.014736543531968606,0.008765310908698407,0.013670091538063738,0.009535383573166412,0.005846276693453687,0.010717051989954773,0.0055659598352507085,0.012026411407861395,0.013624269549278735
paired_deficit,2,64000,56.09089159872383,56.429858583025634,0.6022345423698425,0.8185735940933228,17,0.37470000000000003,0.6253,0.0125,0.0047,0.0069,0.012,0.0041,0.0109,0.0138,0.0077,0.0107,0.0039,0.0062,0.0036,0.0133,0.0069,0.0077,0.0077,0.0018,0.0048,0.0036,0.0059,0.008,0.0125,0.0115,0.0036,0.007,0.0041,0.0113,0.01,0.0056,0.0079,0.0027,0.0031,0.0012,0.0053,0.0056,0.0123,0.0113,0.0035,0.0091,0.0052,0.0149,0.0071,0.0117,0.0053,0.0055,0.0117,0.0049,0.0117,0.0124,0.0,0.0,0.01709467370617724,0.017992699206022665,0.021904105338634947,0.018056321638850188,0.022270240311586427,0.016546550825314088,0.015683336102071378,0.019468903338015375,0.01877411091881251,0.023833622445097687,0.020687637511227583,0.023597990916520827,0.016826164538346476,0.020197187427846652,0.02096574827082462,0.020319588249412317,0.024950438660863994,0.022840252815588737,0.024780844510323093,0.021987138199236166,0.01935382693256453,0.01798727998589099,0.018025615041799954,0.02373135230394766,0.021430024187818596,0.02311598280630929,0.01698430498091391,0.017086655426366712,0.022827197412032513,0.022570906974201086,0.0252752533490764,0.02430623383003931,0.025428769040260993,0.02259019222525591,0.02241388699920701,0.016431600058801607,0.017817989673676884,0.02313820492752868,0.019528106016111015,0.022860815205039013,0.015643385532704387,0.019521032649423658,0.015886047442010658,0.018751416432336583,0.021920624236297606,0.018075261951554532,0.02284267197770147,0.018896594211268113,0.01678121325908795,0.012058423401390787,0.010815125390100381,0.006158544907308269,0.010894361275144267,0.005637218356484509,0.012604731412027859,0.013610578937833476,0.009028199778057553,0.009830174328435443,0.0037057024245798643,0.007552938151845359,0.004029993778973066,0.012305325204030479,0.008263809002561148,0.00725535124913858,0.007998456924065138,0.0023928736402737865,0.004908163246037447,0.002559102620419623,0.006018972225800233,0.00916749824754792,0.010860747784521974,0.010853406205466626,0.00390762408021009,0.006693351381267119,0.004652520732623307,0.012035773286167787,0.01191187942323928,0.00500209163967697,0.005273265330971486,0.0019606272485914416,0.0031726750828076377,0.0017747985312189316,0.005210858289185101,0.005463335937629717,0.0127438777972421,0.011065671472384677,0.0046256211482770355,0.00911278571785213,0.004961397745084913,0.013815188574600783,0.008926035434840336,0.01348238703715394,0.0100138957046883,0.006099486499780036,0.010793309276677054,0.004944297382239216,0.009760034920015991,0.012398800634099117
paired_deficit,2,65000,56.9710338904988,57.31733237497974,0.5965136885643005,0.8026916980743408,17,0.391,0.609,0.0133,0.0058,0.0078,0.0134,0.005,0.0134,0.0142,0.0068,0.0101,0.0039,0.0077,0.0031,0.0134,0.0074,0.0098,0.0094,0.0015,0.0046,0.0035,0.0061,0.0091,0.0122,0.0115,0.004,0.0065,0.0043,0.0107,0.01,0.0049,0.0085,0.0025,0.0027,0.0015,0.0047,0.0047,0.013,0.0123,0.0043,0.0081,0.0047,0.0138,0.0083,0.0139,0.0149,0.0051,0.0128,0.0051,0.0043,0.0124,0.0,0.0,0.016645351225210603,0.01777832309599084,0.022450498152056853,0.018196034540383908,0.021839430819339412,0.01807623676517963,0.01480973120160466,0.018482179065743808,0.017746269131651046,0.024062975772996608,0.020604653863792642,0.023956532504560406,0.017335352489220603,0.02025287569555423,0.019992860058980738,0.02069500732094413,0.025371437729423296,0.023510503829648,0.025226820636815916,0.021760464800104348,0.01870849029652054,0.017192472041515597,0.018300419763985387,0.024160162620183126,0.02211196597455574,0.02316447594704814,0.01843692896519559,0.018613551874866394,0.02297783880656279,0.022131863320744204,0.025465546205468714,0.024053824215099488,0.02571838166999655,0.02272313887638009,0.022291678937065594,0.017303524271485654,0.01773894605107036,0.023349347387901447,0.01958495280635083,0.02327391182607201,0.015224566745195645,0.019331984561157423,0.015607756800412015,0.016620434304410295,0.022334334590890226,0.018096397949554845,0.022551213427036206,0.01895170968878268,0.015186641375290647,0.012544437776768998,0.011346542042410694,0.005606035199396549,0.010808224278263681,0.00641451745128064,0.010912345956496431,0.01481652459433546,0.010427157357483802,0.011384853442895963,0.003639714178282444,0.007851279718303409,0.0037669368407522324,0.011836924953258303,0.008271730497573309,0.00858250526101909,0.007704225350418857,0.0021148824435163935,0.004300037302565268,0.002287731058844078,0.006469836374918968,0.010156666628016144,0.011968635403384324,0.01072252392323125,0.003562617435544386,0.006010654162963988,0.004752677750329274,0.010442178486757367,0.010270138517323626,0.004975749385362033,0.005986872542995253,0.0020414650182062396,0.0037678397636919134,0.0017002096089073627,0.005319233233228982,0.0057958584139538895,0.011718716537863863,0.011237356103563405,0.00453171650716639,0.009070042401532747,0.004621878272788961,0.014281644151894325,0.009411456512363872,0.013784586893063791,0.012613281370973787,0.0057839382080610135,0.010888248992992382,0.005446596224467746,0.009826904498979295,0.014287910648319847
paired_deficit,2,66000,57.84734699735418,58.20119958301075,0.6104075908660889,0.8264456987380981,15,0.37450000000000006,0.6255,0.0146,0.0125,0.0072,0.0124,0.004,0.0096,0.014,0.0074,0.0116,0.0048,0.0065,0.0028,0.0122,0.0077,0.0101,0.0088,0.0017,0.0039,0.003,0.0055,0.0087,0.0124,0.0109,0.0038,0.006,0.0039,0.0103,0.01,0.0055,0.0072,0.0025,0.003,0.0013,0.0047,0.0052,0.0135,0.0131,0.0045,0.0063,0.0037,0.0152,0.0092,0.0129,0.0097,0.0044,0.0098,0.0042,0.0035,0.0088,0.0,0.0,0.015561304343805062,0.02013681336222374,0.02253179424156227,0.01835780362940237,0.02158757793173732,0.017190481203643367,0.015205623024997034,0.01919829246228339,0.017933657773209512,0.023789044878839767,0.021089822338644888,0.02395412102492483,0.017048125329531334,0.01997350067354515,0.020591037914397453,0.020355982180946454,0.025418977546325064,0.023034349254359796,0.02501240297396186,0.022096633956871004,0.018869026791520464,0.01794556608078205,0.01774636499785858,0.023737515592188972,0.02210867879171103,0.022838523575179574,0.017598920680633283,0.017719027751702643,0.022739593008634693,0.022831712653018664,0.025364308219545002,0.024345309155718704,0.02569555258299197,0.02244201726853242,0.022595919848019032,0.016135305218297945,0.017125224288323734,0.023477328335365685,0.01923880766150704,0.02352877092502683,0.01453578075930001,0.01957121143520584,0.015802461837538393,0.01809783297989464,0.02282353228512891,0.017122901434346492,0.022877756505649625,0.01852830760558828,0.01648939568557784,0.014194843007243203,0.008561183032131816,0.005695946607998526,0.010621423687766078,0.006810159893202566,0.012116098678040858,0.01445831129275796,0.009668675504221238,0.011200057885623439,0.004173277705197107,0.007397531546114406,0.004056606202399605,0.01220595934457935,0.008949211084145332,0.008064242261237642,0.008263492496392216,0.002288953992522114,0.0051029114464806145,0.0027296658675667637,0.00628757827522192,0.010174409760836455,0.01114694310293826,0.011460133405995257,0.004234084339403676,0.006234302384860836,0.005333993637135801,0.01159506114040534,0.011492392457793975,0.005489798191271153,0.005381093299677068,0.0023534660005839047,0.0035168634482798124,0.0019235218068859924,0.005762824553015632,0.005620275808953407,0.013244061350587751,0.012154041967121165,0.004541115784610386,0.009620865936902869,0.004480411456344358,0.01520968965219319,0.00930674109239868,0.013988392449134067,0.011006324527613982,0.005312621463349179,0.012195845528395052,0.005287697198605398,0.01045928462677877,0.012904345333966775
paired_deficit,2,67000,58.71565079735592,59.07672883302439,0.6020309925079346,0.8199445009231567,18,0.3993,0.6007,0.0133,0.0023,0.0074,0.0124,0.0051,0.0127,0.014,0.0094,0.0108,0.0047,0.0073,0.0036,0.014,0.0065,0.0093,0.0089,0.002,0.005,0.0024,0.0071,0.0103,0.0129,0.0115,0.0038,0.0064,0.0038,0.0101,0.0106,0.0058,0.0077,0.003,0.0034,0.0016,0.0059,0.0059,0.0128,0.0128,0.0046,0.0083,0.0039,0.0176,0.0089,0.0145,0.0135,0.0057,0.012,0.0054,0.0047,0.0137,0.0,0.0,0.016667585033562977,0.020630785353238725,0.021955019208398083,0.01863597951226497,0.022133890804386137,0.01698190688068865,0.015269717002403135,0.01701125753540753,0.01824764230376432,0.02415660919266905,0.020535578798316807,0.0238426952720771,0.01672189531333783,0.02054404838784599,0.02006418981866156,0.02045061714076838,0.025208211422558215,0.02272951976108159,0.02455997119346502,0.021607212921289018,0.019310189711416174,0.017493119064466267,0.018516775148960093,0.024362258603118178,0.022213751934716447,0.02316906279420905,0.017100875274851938,0.0187119658231059,0.022378416614515,0.022198833310707988,0.02559921513547992,0.024188191179603566,0.025339556546958998,0.022168644374273933,0.022791761514635564,0.017264371349562047,0.018206280296961613,0.02359314278616508,0.01911903589085318,0.02370343967092916,0.013668307286231815,0.01913511023610738,0.015440905578961581,0.018012532759728302,0.022156521146337337,0.017284954721413708,0.022928621501328673,0.02013148836000392,0.015858338528212113,0.012666120538595522,0.007933181440516659,0.006286679926148387,0.010334822588931734,0.006152955629936677,0.012254786176594656,0.014360769309642396,0.012220024282112744,0.010755693170309166,0.0037963808314309708,0.008045940772391222,0.004129107059435078,0.012640859832421794,0.00795778468516886,0.008565174982555261,0.008146566404186989,0.0024337122304988455,0.005447513412673315,0.0032405279086987204,0.0067767345941040875,0.009458186481564636,0.011727449248724485,0.010358816590287548,0.0034356293232420377,0.006019308385155405,0.004887871433810541,0.01207482164888192,0.010244827045567489,0.005863347766288733,0.006036977484484351,0.0020096835340398973,0.0037199137246900988,0.002278151634019322,0.006111794710669952,0.005295671444853153,0.011998370085231882,0.01084374339238239,0.004424668343026896,0.0097236449173238,0.004254974049406766,0.01621836077218741,0.009860857021953348,0.014275207014388072,0.011190398735943035,0.0061652155401296736,0.011856804355606595,0.005133579237309952,0.008563593931179697,0.013663626449766394
paired_deficit,2,68000,59.60647069348488,59.9748749169521,0.6295106410980225,0.8430454730987549,18,0.4086000000000001,0.5913999999999999,0.0138,0.0082,0.0073,0.0137,0.0052,0.0124,0.0139,0.009,0.0127,0.004,0.0079,0.0036,0.0124,0.006,0.0094,0.0092,0.002,0.0049,0.0028,0.0066,0.0101,0.0125,0.0113,0.0039,0.0066,0.0047,0.0102,0.0104,0.0065,0.0084,0.0033,0.0034,0.0015,0.0054,0.0063,0.0129,0.0122,0.0046,0.0083,0.0044,0.0152,0.0092,0.0141,0.0131,0.0063,0.0134,0.005,0.0059,0.0145,0.0,0.0,0.01589740407325959,0.02003623644778091,0.022584763864819633,0.018117875816338933,0.021968051319923944,0.01768319681699928,0.014704059182316622,0.018615061075511728,0.017938804142919693,0.02419349307997834,0.020285246288429367,0.023957843969976182,0.017185395557794192,0.020010562424405055,0.019546286789266985,0.020031427459181378,0.025501930670336348,0.02349719228998562,0.024472236773451526,0.02221649284265989,0.0182145925737454,0.017727665144885663,0.01858000149593879,0.024587264370245235,0.022218854946064015,0.023153777024242452,0.017454313992500834,0.018081877406473545,0.0224353012236357,0.021882786094448554,0.025544373769102798,0.02476601512263558,0.026114168596557713,0.022318203732361944,0.022245033708474693,0.01678540084977736,0.017976175436018677,0.023559647549493454,0.019466170263983545,0.024053499694503322,0.01458292982795804,0.019679629565624447,0.015906518122928287,0.017736683504857027,0.02244037201818508,0.018192804322092068,0.02300094172408402,0.018752470472990015,0.014098966560856564,0.013900175379521575,0.009068964566011329,0.005985954452255897,0.011193908421525917,0.0068113821956159665,0.011732161610646566,0.015153439774767019,0.010740122277701082,0.011477681525510553,0.004255657609226742,0.008704873613803002,0.004448154934646995,0.012264780176456552,0.009020323929049254,0.009592566257379084,0.009035424767445309,0.002674906847700598,0.00497717296847979,0.0038574199360948487,0.006447943906662176,0.01116096271221492,0.011681093638015335,0.010702260128480353,0.003725320834462208,0.006445231238169172,0.005449680267650698,0.011916888450884604,0.011235249436516865,0.006196661680811325,0.006831176825337546,0.002587102173006564,0.003559103780119518,0.002049930311255245,0.0063702003746280165,0.006415167226638904,0.012763201500422906,0.011317576374591708,0.00486638608317411,0.009684573056711346,0.004299240228495839,0.015370671209554203,0.009361308779112905,0.013733458693204293,0.011670736842918993,0.006268963318216538,0.011185984607392936,0.00554707319909885,0.010465132141909974,0.015848335555670483
paired_deficit,2,69000,60.494393445318565,60.87149091705214,0.5965020656585693,0.8446160554885864,22,0.4161,0.5838999999999999,0.0132,0.0048,0.0083,0.0133,0.0048,0.0131,0.014,0.0084,0.0116,0.0041,0.0092,0.0032,0.0133,0.0074,0.0101,0.0103,0.0018,0.005,0.0032,0.0062,0.0103,0.0129,0.0116,0.0037,0.0072,0.0048,0.0105,0.0106,0.0074,0.0094,0.0032,0.0035,0.0018,0.0062,0.0059,0.0125,0.0119,0.0038,0.0086,0.0044,0.0171,0.0119,0.0131,0.0115,0.0056,0.0131,0.0048,0.0107,0.0128,0.0,0.0,0.016169446468312993,0.018524223753159635,0.022430576598364435,0.018004151120351787,0.02110420885034786,0.018254482554339885,0.015018929897338613,0.018629344008864058,0.01637759533633879,0.024257476229986825,0.019881983851362153,0.024376770782428815,0.017344736878254757,0.01972712170900586,0.019434842911293174,0.02121270406424853,0.025447482918300107,0.023680783438860806,0.024892765882768158,0.02223417945341323,0.018939275426355366,0.017952949181918518,0.018525317911772664,0.024542217832679597,0.022111786898128608,0.02294632019565962,0.01767335127824591,0.018323571670658022,0.02135794177232505,0.02128541752610818,0.025819590272131744,0.024031720722955847,0.02606419224234957,0.02264500335418073,0.022196720638557065,0.017572277534902633,0.01788715015350608,0.023792624728657483,0.018845485916446997,0.02401473051654339,0.015197953757558853,0.019563372543604074,0.01589057449381786,0.016850001811335193,0.02248084864128788,0.018082225697983893,0.0237378892921228,0.01976780327455222,0.014897878006313627,0.01338984574044306,0.010778108789897722,0.0062768196702769905,0.011489375227006573,0.0077528669688890625,0.01108623414505078,0.014782205750119326,0.010579904928142717,0.013269264801043432,0.004189952331191713,0.009188077011560422,0.0040536821711277485,0.012086374076007603,0.00940403852743965,0.009816033580449652,0.007628932892589916,0.0029087327628594954,0.004848708471734616,0.003425198499111888,0.006501164117116846,0.010382120288623611,0.011430675698192685,0.010776858932580007,0.003942817015598653,0.0067190981256412185,0.005687685790173314,0.01182818536670505,0.011007313651644942,0.0074630278674083575,0.0075849348094904675,0.002366487055006513,0.004486895333265707,0.0021261407391701525,0.006031880000032677,0.0066220783190692,0.011787391897633821,0.011623025424382153,0.004760014673141143,0.01033300604013875,0.004428178245026573,0.01465583180538047,0.009630151689208076,0.01382558868009975,0.012846822413129498,0.006375643918675701,0.011361128141683392,0.004783476458995514,0.009396630477568137,0.014920483317940726
paired_deficit,2,70000,61.358121272409335,61.743940375046805,0.5992525815963745,0.8254664540290833,22,0.4353,0.5647,0.0143,0.0122,0.008,0.0131,0.0056,0.0124,0.0143,0.0091,0.0139,0.0047,0.0078,0.0027,0.0129,0.0087,0.011,0.0106,0.0024,0.0054,0.0032,0.006,0.0098,0.0124,0.0117,0.0042,0.0059,0.0048,0.011,0.0108,0.0082,0.0108,0.0039,0.0039,0.0015,0.0062,0.0068,0.0131,0.0132,0.0048,0.0081,0.0041,0.0168,0.009,0.0127,0.0135,0.0065,0.012,0.006,0.0105,0.0148,0.0,0.0,0.016009037633338323,0.0205094194808237,0.02240868348829512,0.018484060656432644,0.022100858226530927,0.01724776460698796,0.015548505762304668,0.019177924593147593,0.01751265935511227,0.024521214656216588,0.02073205284359117,0.02474988299125223,0.01644189897736824,0.019052911724063336,0.019439162141024,0.020206011763747395,0.025344065144508623,0.02323389514922123,0.02507340926892599,0.022289722090826317,0.01820785759129094,0.01796933504830013,0.018575696034215244,0.025365615656078262,0.022880050164599756,0.022914029687048636,0.016954289575836532,0.01788230844103266,0.02092297506313414,0.021223022669958888,0.025757132586125914,0.02424864220494066,0.026274744777452196,0.022318374690373392,0.022357131599327174,0.016803224332711163,0.018033474215814953,0.02413830062351509,0.019011646016399892,0.024067492079027798,0.01432262027430238,0.01907632317103497,0.016180187319034207,0.016942507444737635,0.022874994999261947,0.01781667449712779,0.02311848844611091,0.019257045577434906,0.014422674660053482,0.013923230400841338,0.008715950580383651,0.006506175541838501,0.01102818637229943,0.006890727520143527,0.012454812955589015,0.014283861032906351,0.010210361635124897,0.012118444289711972,0.004135163861623004,0.008544201726902623,0.003956641621810492,0.013320218446180861,0.010350670558030713,0.009995285149281143,0.009095544501637541,0.003250695315815508,0.005658119420150747,0.0035544675167041577,0.006678755060274169,0.011299121993750409,0.011605891661348015,0.010886276371470705,0.003265570473435839,0.006016196902870465,0.0059780597876232106,0.012784196368850686,0.01166450398170284,0.008251794060013286,0.008149408878102145,0.002787086662999768,0.004441087142421773,0.002206141600464161,0.0066465966480214874,0.006720285105160556,0.012836557825743597,0.011533904692518308,0.004603992160035787,0.010436047865759041,0.004644402043017772,0.015620678261828839,0.010324394583946456,0.013613952052662553,0.012758357612423096,0.005982808097177733,0.011816293621534007,0.005709521806636109,0.010121559736840978,0.015586506638292603
paired_deficit,2,71000,62.25438197283074,62.647840167046525,0.6002484560012817,0.8414095640182495,21,0.41500000000000004,0.585,0.0135,0.0046,0.0073,0.0138,0.005,0.0128,0.0144,0.01,0.0128,0.0038,0.0074,0.0031,0.0123,0.0065,0.0092,0.0088,0.0021,0.0055,0.0035,0.0072,0.0111,0.0138,0.0124,0.0042,0.0066,0.0047,0.0107,0.0107,0.0098,0.0105,0.004,0.0041,0.0024,0.0064,0.0072,0.0135,0.0126,0.0051,0.009,0.0039,0.0128,0.0126,0.0132,0.0132,0.0057,0.0111,0.0057,0.0011,0.0133,0.0,0.0,0.015253156966152611,0.020940565035810155,0.022330239383910287,0.018578352952023064,0.022242412660062424,0.01713542592474062,0.015120966353972629,0.019180327675853093,0.017699815454865504,0.02459362944623717,0.020265148809892115,0.024606422949928753,0.01719068256957977,0.01968074839510326,0.01874079437488603,0.020568293627427008,0.025735904242834094,0.024206599219375513,0.024997660989270462,0.021835247953129848,0.018560075925449213,0.01825501785802628,0.018510757886636354,0.024489002245621946,0.022501046591484136,0.0233739614680314,0.016835201948825786,0.018031134358608432,0.020946584731468015,0.020507119353447692,0.025292274096500207,0.024215722749311767,0.026034635163417627,0.021934669002664338,0.021836575522124445,0.016668914754551654,0.017804349939379578,0.024327807023741526,0.019082162247629,0.024632973450186977,0.013416412815303197,0.01940181418069819,0.015551991214030317,0.01733514043075963,0.023212524303136715,0.018041799395575018,0.022954958031953056,0.020223628719467524,0.015119349606915453,0.014719382877532387,0.008326210891873069,0.006734570688797827,0.010965331212570293,0.006754567823214972,0.012694591593375845,0.014906131918128816,0.01033185303042335,0.011829666996256951,0.004127731714236076,0.009080802191690319,0.004113438503310139,0.01259379503687455,0.009655583431853371,0.010666660236576331,0.008624933989156716,0.002851554757810458,0.004599193719532452,0.003715400428411246,0.007287587055325481,0.010946688247532477,0.011404693978991933,0.01096272505013162,0.004244623746554625,0.006504678256327495,0.005490374200014112,0.012873759061195712,0.011576697025003451,0.008202298042678509,0.008849529363676976,0.0033471890584303395,0.004706188191812161,0.0025568678674218284,0.007176511460575806,0.007403291363221428,0.013059539125776967,0.01186912854860308,0.004424714936750339,0.010324338314757264,0.00408377564397711,0.016810500248345316,0.010084402964568214,0.014502705547398274,0.01243240322978794,0.005787923194781454,0.011486656788445019,0.005997557445897142,0.009049064438249932,0.01482981318693986
paired_deficit,2,72000,63.177836877293885,63.57932466699276,0.5935376286506653,0.8349127769470215,25,0.4435,0.5565,0.015,0.0104,0.0081,0.0136,0.0054,0.0129,0.0139,0.0094,0.0128,0.0043,0.0079,0.0027,0.013,0.0069,0.0115,0.0105,0.0021,0.0056,0.0043,0.0076,0.0115,0.0131,0.011,0.0039,0.0059,0.0048,0.0112,0.0104,0.0106,0.0123,0.0046,0.0047,0.0022,0.0069,0.0068,0.0131,0.0124,0.0045,0.0088,0.0036,0.0174,0.0131,0.0132,0.0118,0.0061,0.0126,0.0064,0.0102,0.0125,0.0,0.0,0.016205175202881388,0.02002489081034555,0.023243715602276043,0.01929871563968015,0.0220251123391529,0.016508643780902083,0.01588338880698993,0.02005017974589459,0.017674326146225765,0.024661524821248157,0.020842198797380706,0.025118052007184886,0.01625340727208033,0.01927044897142931,0.01854197258820709,0.02075039784120413,0.025681332195409294,0.023207963139731294,0.025089608652394204,0.021125062827024484,0.018040364634177422,0.01756891191442448,0.019170414962185127,0.024241039061626758,0.022247526122131503,0.022848899676292334,0.017601259047844726,0.01798050423487264,0.01944555234023225,0.020137110572905327,0.025458762075492428,0.023369917674332885,0.025926923263749645,0.021414679021742156,0.022352707480740357,0.0170877900606195,0.01909113052091317,0.02497260012005035,0.01964591442883866,0.024964295823980867,0.013889329723569318,0.01849717865168369,0.015501948471011287,0.017120791617528015,0.0227574420321561,0.018315960937412345,0.02356224636343495,0.020282088503234156,0.015050593475175268,0.01382945574890711,0.00958374265598387,0.005921665271241979,0.010227228952130202,0.007263712341274604,0.013299933479161495,0.013988526420896735,0.009438704465866025,0.012094293163317879,0.0043602327970582175,0.008488329341791358,0.0038183971707936525,0.013698212798948436,0.010297421517553139,0.011138754637759537,0.008628492181820987,0.0031589945247508956,0.005961039437598352,0.0038497218210008914,0.008176811349275781,0.01165211268789436,0.012210385795932432,0.010524776414172207,0.0047451885213327235,0.006979705670506252,0.006278350822553549,0.012174761916574572,0.011796161911084173,0.010104580278598504,0.00938203009627463,0.0034822358692990847,0.005704554002157277,0.0028885252229966627,0.008014107201263151,0.006941994501004056,0.01266212001571887,0.010573029823564648,0.003978583250108208,0.009922984126109178,0.003948666266574467,0.0163798950380599,0.011227148674187884,0.014447668942659052,0.012664837920151256,0.006379073073231388,0.011348598638276329,0.005492742527903439,0.009261428485316527,0.014905683438952228
paired_deficit,2,73000,64.07072205806617,64.47983275004663,0.6029576659202576,0.8397573828697205,22,0.4482999999999999,0.5517,0.0151,0.0099,0.0083,0.0132,0.0059,0.0123,0.0152,0.0093,0.0123,0.0042,0.0087,0.0032,0.0135,0.0095,0.0115,0.01,0.0023,0.006,0.0041,0.0073,0.0106,0.0125,0.0103,0.0043,0.0059,0.0051,0.0126,0.0112,0.0116,0.0119,0.0048,0.0055,0.0025,0.0083,0.007,0.0139,0.012,0.004,0.0093,0.0039,0.0167,0.0097,0.013,0.0102,0.0063,0.0126,0.0071,0.0095,0.0142,0.0,0.0,0.015622688036835055,0.020376399917040294,0.022753761285676796,0.018639566385512372,0.022050687146228348,0.017533387177164156,0.014582577204581611,0.018973028336503064,0.017163433123094464,0.02489465672851371,0.020138808253978263,0.024872153942813682,0.01635459023191263,0.01986036304828878,0.01854359060219996,0.01953017331892626,0.02579095414813618,0.023178951504300535,0.025596943248537965,0.022401533568165127,0.01888228581860531,0.018093002877119548,0.018661306176770816,0.02503289851777577,0.022669235753473186,0.02320540467493161,0.01661778326540721,0.01783362798007648,0.019536511327629524,0.018973894170108894,0.025057761373236336,0.023409922010382465,0.026361849776577996,0.021844384996957747,0.021995374593600042,0.016590462065811155,0.01875435697717335,0.02469743715747312,0.019312745427807455,0.024908884437934507,0.01458770871331259,0.01921138544084626,0.015486263335911504,0.018473461600896718,0.022850250360052893,0.017987513489746542,0.022936649742884264,0.02250120623790406,0.014668184491183374,0.014428983152871735,0.009259714936225589,0.006557343716204997,0.011109315148309212,0.007360941151132477,0.012273130981646983,0.01552095509552394,0.010863890376434926,0.01279261289525778,0.004346484618786559,0.009518076204926132,0.004370954535734938,0.01359403759347506,0.009781799819886467,0.011291805868981193,0.010218978821573875,0.00329371035928698,0.006173109545403585,0.003582806154793556,0.0069794247059743585,0.010962565354113014,0.011781782725964897,0.011085674924664874,0.004196158114898016,0.006766445736505365,0.006105281411806368,0.013346899453391785,0.011985706458674947,0.010173024261690516,0.010745761354051513,0.004090996817422238,0.005921948236901977,0.0026729086149879303,0.007585277663341179,0.007382026474031396,0.013298483996643792,0.010984489880813724,0.004482819578912849,0.010416351157192121,0.004252888162384065,0.015593500004501396,0.01056563425369482,0.014811708723588092,0.011289940353492973,0.006452419833985102,0.011818368703635092,0.006436592656221071,0.006949163927295764,0.01566223925684974
paired_deficit,2,74000,64.95016360748559,65.36726870795246,0.5894298553466797,0.884437084197998,22,0.43789999999999996,0.5620999999999999,0.0149,0.0052,0.0081,0.0124,0.0057,0.0128,0.0148,0.008,0.0112,0.0043,0.0093,0.003,0.0137,0.0075,0.0119,0.0124,0.0024,0.0058,0.0037,0.0087,0.0125,0.0124,0.0111,0.0037,0.006,0.0052,0.0111,0.0109,0.0106,0.0138,0.0059,0.0057,0.003,0.0077,0.0083,0.0127,0.0128,0.004,0.0087,0.0041,0.0163,0.0127,0.013,0.0126,0.0052,0.0096,0.0058,0.0029,0.0138,0.0,0.0,0.015768932433005353,0.022041558834443115,0.023713495222608065,0.01993766675705528,0.022147311197802364,0.01774245554364272,0.014329435997629154,0.01893950342249765,0.01714364367291207,0.02444933546024065,0.02054588268233598,0.024270924643445203,0.017273874131819272,0.01899066506142654,0.018796341885179618,0.01951445143128807,0.026252445301420617,0.023881153876611105,0.025087169075216784,0.02136457863748252,0.017876947481207654,0.017520656917838134,0.019019649097252938,0.025623744508071526,0.022751217145079168,0.023453575746813705,0.016914091617013002,0.01847301543251012,0.01859601738009961,0.017943693875062658,0.02542851072493159,0.022861231013353883,0.026179100871741204,0.021352833095854066,0.021165282960634683,0.016552323364465833,0.018307765933823213,0.024897504249776936,0.019570259263902545,0.02508099839828898,0.014260146470575849,0.019164476476282444,0.016018314898114342,0.017006677457504234,0.022961148765536565,0.018872971033250547,0.02305978294251366,0.02275800439348836,0.01413923321695041,0.01441282681037669,0.007469534609408236,0.005709957737858609,0.009850051713732724,0.007355768101472407,0.012289745817234712,0.015844223922925678,0.011001983041222907,0.013012061956605484,0.0048792914232966035,0.009156681360062499,0.00514934760062496,0.012637587349692472,0.010829756761792125,0.011155993671851265,0.01034440171926012,0.0030176629885774577,0.005646781045652796,0.00419312138685577,0.008236880341134043,0.012145061787523635,0.012450227826300161,0.01072045125256176,0.0036158830982638925,0.006784221845332564,0.005950511978008267,0.013219947467596133,0.011347572507775534,0.011254311704522017,0.012034194706472361,0.003825912122991017,0.006704933386351072,0.00305750311898796,0.008288578485505835,0.008490341578726914,0.013413818806774495,0.011525344973624743,0.0044752844261310674,0.010284364647460142,0.004277884691129805,0.016114076861351634,0.010603711039106425,0.014105483098546952,0.012964095270326942,0.006636506149142971,0.010956369899930688,0.006452272259267019,0.006698795244446507,0.016087903184860315
paired_deficit,2,75000,65.82541851955466,66.25037562497891,0.5997117757797241,0.842665433883667,25,0.45830000000000004,0.5416999999999998,0.0142,0.0102,0.0084,0.0131,0.0058,0.0121,0.0149,0.0089,0.0144,0.004,0.0081,0.0036,0.0132,0.0099,0.0119,0.0128,0.0025,0.006,0.0041,0.0071,0.011,0.013,0.0113,0.0035,0.0064,0.005,0.0111,0.0107,0.0139,0.0157,0.0068,0.0069,0.0032,0.0086,0.0088,0.0133,0.0128,0.0042,0.01,0.0034,0.0132,0.0121,0.0136,0.0128,0.0061,0.0107,0.0077,0.0028,0.0145,0.0,0.0,0.014420743388948692,0.022846546352407543,0.023327120974494686,0.01918665993073935,0.02259294772483499,0.018293640488962478,0.01543426784182492,0.019720909013981675,0.016969205140212752,0.02549875828536826,0.020536356522970107,0.024539947057887767,0.016391429756223368,0.019080482669751625,0.018057326466242956,0.019935927259739524,0.025845459391346262,0.023039839797469083,0.02525255833824083,0.021817596485205176,0.018373525218897138,0.01762872672666122,0.019647740015979936,0.02511696689522902,0.022608442673547724,0.022963734542736446,0.01611085193857792,0.018334010993180605,0.01883487440775305,0.017260713442693615,0.02476113555001699,0.02264744467249025,0.025264974036211293,0.020822857643311394,0.02079561520689372,0.016614996604354858,0.019157953056586723,0.025179462977867814,0.019497405912837072,0.02540891192298058,0.014309582872112236,0.019624085391188508,0.015318711442658759,0.01799043159813697,0.022973370272730238,0.019054894650960476,0.023438597078236627,0.02278627552162246,0.014685983846694294,0.01594644936102279,0.006736071454298904,0.006263178094013613,0.010713071291705185,0.007006229922056143,0.01158627937413222,0.014710492361641665,0.010182998559740405,0.013153449566747933,0.003949734152909467,0.009314302811370304,0.004932092685680863,0.013768953341119756,0.01082618186495108,0.011916149562576465,0.009953939749880836,0.003580393670047591,0.00656921856175443,0.004212010810770443,0.007832211138425842,0.01161836571864519,0.012372736611311285,0.010339070449976735,0.004317393794705815,0.007067848162369471,0.006650293444547164,0.013950665224083007,0.011738585199898403,0.011165953200994715,0.01292103094476318,0.0047745857160162416,0.006948174355995245,0.004159721875075808,0.008930968337553299,0.009038114688934493,0.013569850210214524,0.010743652707738105,0.004250816754884505,0.01046015878101826,0.0040063849295488415,0.016103931093772967,0.010325207207757406,0.014911719525234178,0.012065537625950756,0.006600966007091616,0.010931565766214586,0.006183485166719934,0.006800277934638377,0.015546701358477171
paired_deficit,2,76000,66.69974766671658,67.13359612505883,0.6060420274734497,0.8357292413711548,23,0.46020000000000005,0.5398,0.0153,0.0045,0.0075,0.0135,0.0056,0.012,0.0151,0.0098,0.0128,0.0041,0.0082,0.0037,0.0138,0.0106,0.0124,0.01,0.0026,0.0068,0.0055,0.0068,0.0115,0.0132,0.0106,0.0039,0.0056,0.0058,0.0113,0.0107,0.0134,0.0148,0.0063,0.0071,0.0039,0.0095,0.0081,0.0138,0.0121,0.0043,0.0099,0.0035,0.0163,0.0099,0.0143,0.0121,0.007,0.0101,0.0079,0.007,0.0157,0.0,0.0,0.015081474263472481,0.022354748471477538,0.02335652795429757,0.0193867839653293,0.02193630649953841,0.017497579301162455,0.015335863339630591,0.01906913985929658,0.01727094370771762,0.024783164859730363,0.020820091539226097,0.024587895441551644,0.01683494260444487,0.019301978516701374,0.018097379511955954,0.019929692561033833,0.02596344169235342,0.02400033998130354,0.025323379100975298,0.02189292659434632,0.01785451794255364,0.018074540815017436,0.01989490365953759,0.025199926364847407,0.023283994393414095,0.02315781657526513,0.018152012247046448,0.017909344660652218,0.017885128393931825,0.01862856435833176,0.024625965993452695,0.022439475158110844,0.02473921679059006,0.020678223313522752,0.021523918805827824,0.015828514611859336,0.01873988928421378,0.024314930744966882,0.019309169487392763,0.026003550175744024,0.014762387731723196,0.019236301083565957,0.015459169645283526,0.0176890869149686,0.02299299769463507,0.019124242739427467,0.02312032096743418,0.022415365150412075,0.014131924530726099,0.015272106069490286,0.00754805734557865,0.006534013734799625,0.010629024364651437,0.007870750882486139,0.012693148290029467,0.015160933253180058,0.01104106811109485,0.012814208161302153,0.004917094937902964,0.00916134312455455,0.005161431573637299,0.013311610479632629,0.010757237359055673,0.012023554542319077,0.009980174599834489,0.0036763460843256233,0.005779090705432494,0.004310140074023214,0.008072603376873632,0.01220073423481587,0.012047563390294763,0.010133933426539895,0.004518042967300386,0.0064930760857028645,0.006625718681819311,0.011887997674169405,0.012221223444850361,0.012246680443022965,0.011582341698466083,0.005238597959674312,0.007458989648575696,0.005002357206377266,0.009310480033400993,0.008421454947463252,0.014564915768691677,0.01130906298931509,0.005448381740745084,0.010788740455706526,0.003673245124525249,0.01572472864498866,0.010787217305383767,0.01475787179280991,0.012413703696427652,0.006759919632848139,0.010905017009809559,0.006704197894190966,0.007523397443497316,0.01638749391516801
paired_deficit,2,77000,67.55135472817346,67.99442929204088,0.5715255737304688,0.8579576015472412,27,0.4811000000000001,0.5188999999999999,0.0151,0.0077,0.0079,0.0133,0.0056,0.0122,0.0151,0.0092,0.0138,0.0043,0.0084,0.0034,0.0139,0.0105,0.0128,0.0112,0.003,0.007,0.005,0.0085,0.0118,0.0137,0.0111,0.0046,0.006,0.0056,0.011,0.0106,0.0139,0.014,0.0068,0.0074,0.0043,0.0094,0.01,0.0142,0.012,0.0056,0.0103,0.0042,0.0184,0.0131,0.0142,0.0114,0.0058,0.0111,0.007,0.011,0.0147,0.0,0.0,0.015125798480748891,0.02351397592695674,0.02358704129180493,0.02026578263181255,0.021539603843435638,0.01811215718343934,0.01464220777726493,0.019002686403594295,0.016766106577456783,0.025315821193906685,0.02018731808029384,0.024927164444001323,0.017601863354561313,0.018313938619760255,0.01842464970446915,0.020038796421682173,0.025834433262601805,0.023884713886210912,0.02568140613035967,0.021312312644675306,0.01722437866686087,0.017968140559330017,0.018236492152553,0.02564488371318542,0.023604984090460093,0.022660969057583344,0.0181846963357793,0.019158781616179087,0.01655656008605426,0.017428603969864606,0.024789720906363742,0.021663824444515256,0.02462487213969564,0.021332851115352235,0.02062925156413113,0.016099602341896432,0.019239480690021384,0.02496321198410375,0.018624131234174952,0.025630822995555143,0.014027990216780136,0.018792357663757815,0.01611422003373745,0.01898402678560894,0.02295752190232018,0.019577051734218615,0.023291288637666142,0.02291492619652248,0.014996579306692074,0.01536663235031813,0.006605436393661217,0.006452017608367965,0.010069883830892993,0.008561899848184104,0.012172005198354482,0.015786847085890343,0.011293378228945423,0.013598171499605311,0.0047876991508107826,0.009916366472642348,0.005227272042306793,0.012736924977899232,0.01200313213033155,0.01184998196842807,0.010225667893081283,0.004136082433466129,0.00622339129798366,0.004332839239968545,0.008874248200850088,0.013086860070483097,0.012242289185251026,0.011926690637217673,0.00433141305428549,0.0065116525723254584,0.007406334118172541,0.012136316174523903,0.011132522268722909,0.013735983949112306,0.012876406100291317,0.005290782470177866,0.008433890643191822,0.005343471459115605,0.008814020827388993,0.009500016960191853,0.014363128446774703,0.010932174453957211,0.00507293758833673,0.011800666451868412,0.004306840109720172,0.016263547666765094,0.0114319967846801,0.014269939929973724,0.011234481946589723,0.007139799208700745,0.010545245331025606,0.00675679042222995,0.007222756540861104,0.015460730079756804
paired_deficit,2,78000,68.44186904933304,68.89272754197009,0.578181266784668,0.889833927154541,25,0.4919,0.5081,0.0157,0.0099,0.0081,0.0124,0.0067,0.0117,0.0148,0.0084,0.0127,0.0044,0.009,0.004,0.013,0.0097,0.013,0.0134,0.0031,0.0067,0.0053,0.0103,0.0125,0.014,0.0113,0.0046,0.0068,0.0056,0.0114,0.0109,0.0143,0.0142,0.0066,0.0077,0.0054,0.0085,0.01,0.0137,0.0118,0.0056,0.0088,0.0041,0.018,0.0134,0.0139,0.0092,0.0069,0.0124,0.0077,0.0143,0.016,0.0,0.0,0.015265232685981183,0.02394154051342483,0.02314067581967883,0.01960871832048327,0.02219098440586404,0.018491424555583363,0.015145018014102916,0.019544441550349838,0.016504776690682163,0.02538089898157353,0.021511901986790725,0.02552727837198448,0.018156269401589847,0.019311653905684886,0.01813453161524862,0.019273591491043955,0.025891113531525317,0.022788464911514962,0.024625989645164978,0.020955341973532795,0.018262080820955505,0.016682700895991154,0.018943651722042255,0.025573894606436057,0.02393596805452592,0.022540113306822013,0.018830049621972288,0.01922238123804962,0.016351924175253885,0.01787119983090445,0.0246324439030848,0.022385321092394828,0.024570904621036727,0.020494681341176775,0.02103717293873823,0.015663633314457186,0.019558467828196337,0.025147987419635344,0.019077259701456392,0.026199857834772196,0.013978566978614968,0.019426466371298363,0.014894206207744114,0.018376752988358412,0.02270039417062098,0.018563162982843537,0.022570303105421866,0.022531805436435594,0.014586799118955683,0.01510462202424602,0.006044560529224616,0.006948155554686133,0.0106276894970627,0.007966087271501571,0.011740247888534327,0.01534571760638664,0.010615816071758103,0.013787932443028094,0.0046391049935495254,0.008783220949851525,0.004449165822280148,0.012163825167378737,0.011012005757536848,0.012108105813656686,0.01097311258112469,0.004035089888980733,0.007272125099425101,0.005339082754243761,0.009200630410560124,0.01197663785545518,0.01360454179110704,0.011274126740322483,0.004401117375969351,0.006089366693323046,0.007489044423883349,0.011508406589591385,0.010986833690107875,0.014062668616090783,0.012379528060666552,0.005410555199210413,0.007765779890203085,0.005395860180723893,0.009675444129893148,0.009116285315241073,0.014654918651324393,0.01075760885817197,0.00491823490376848,0.011214538861942267,0.0037949848935114484,0.016352693549719157,0.01093272835611111,0.01552611021841002,0.011936567562686004,0.0074019641779106875,0.011666305408812768,0.007457927090314386,0.00753667004076559,0.015960149415570387
paired_deficit,2,79000,69.31133452919312,69.77043420798145,0.6079036593437195,0.8635594844818115,24,0.4781000000000001,0.5218999999999999,0.0144,0.0018,0.0069,0.0125,0.0063,0.0125,0.0154,0.0083,0.0111,0.0037,0.0082,0.004,0.0138,0.0094,0.0123,0.0126,0.0031,0.0063,0.0068,0.0089,0.0125,0.0133,0.0106,0.0049,0.0066,0.0062,0.0115,0.0107,0.0148,0.0146,0.0064,0.0081,0.0052,0.0087,0.0089,0.0142,0.0131,0.0057,0.0092,0.0047,0.0184,0.0111,0.0128,0.0111,0.0067,0.0119,0.0072,0.0157,0.015,0.0,0.0,0.015645334626884937,0.024340799226371272,0.023558754594097793,0.02002202954148994,0.02213353368511608,0.0182771407832372,0.014705881422110906,0.019495437372483587,0.01752304666077892,0.026078243098078754,0.021254651027062837,0.025215649822593257,0.017507619686186658,0.01816175364696254,0.018437439537566564,0.019251057853675653,0.02579316509109484,0.023859604675209475,0.02432058340081035,0.020752879506007883,0.016707624353018966,0.01805541612648008,0.0191318415365675,0.025605559706625966,0.02309923602828612,0.022998616890379284,0.01814843811257668,0.018427380098500826,0.017019785013969595,0.018899335633471185,0.024594728475801964,0.022092401578378516,0.024278477142770857,0.019785293761998356,0.020347675434389978,0.01605931325594756,0.01790292270232427,0.02494808456202234,0.019542752834719925,0.025993653727883717,0.013379011038556016,0.0181753335130044,0.01615629998040112,0.018487807097135225,0.023047370872786882,0.02003624872370382,0.023073488945795705,0.021947949727203396,0.015723347867480218,0.014895785087668988,0.00584293476373752,0.0066395557873886405,0.01020313873179315,0.008091341136443973,0.012136800162539407,0.015657436094321776,0.010856733458962518,0.01282682471177375,0.004112169483458127,0.008947542632684482,0.004912715482214541,0.012920664227012865,0.012293400479208606,0.011973513628121763,0.011183792924334652,0.004363498508918441,0.0063330982149045955,0.00590258988849025,0.00949772908424176,0.013735570531492566,0.012284532505899807,0.011227106293260639,0.004554600636917954,0.007107639238354116,0.00721013379854976,0.01226790169948131,0.01202282306329042,0.01330040406327539,0.011463945832701074,0.005623335072005092,0.0083676148972333,0.005867355957615072,0.010483349487545746,0.009871423182776892,0.014474090384267163,0.01259611822797735,0.005224330344283497,0.010847598592206529,0.004237397999940942,0.017204350279927644,0.012084255000448988,0.014336233441435739,0.011883144776531886,0.007199533599299841,0.010305842020760625,0.007094803716154496,0.008280384160875766,0.01477725527210071
paired_deficit,2,80000,70.17378707195166,70.64237579202745,0.5836725234985352,0.8790082335472107,25,0.4941,0.5059,0.0163,0.0061,0.0074,0.012,0.0063,0.0114,0.0146,0.0097,0.0133,0.0042,0.0086,0.0033,0.0146,0.01,0.0126,0.0128,0.0029,0.0066,0.0061,0.0095,0.0119,0.0135,0.0117,0.005,0.0067,0.0068,0.012,0.011,0.0151,0.0146,0.0066,0.0078,0.006,0.0097,0.0096,0.0141,0.0127,0.0052,0.0094,0.004,0.0177,0.0112,0.0139,0.0111,0.007,0.0124,0.0079,0.0159,0.0153,0.0,0.0,0.016069778513119217,0.023571139710988703,0.023291422927661835,0.020049356571654717,0.02189564068026279,0.01750775476076195,0.015719860044254123,0.01934265354342324,0.018075142955171573,0.02620490710814692,0.020856554667613037,0.02431045283550689,0.01755840011294413,0.018251503671940426,0.0182223727373886,0.018084947945128153,0.026422757030846587,0.024239835758887086,0.025052632553305004,0.02087938139707486,0.017487017812191738,0.01825185424216114,0.018678693878603332,0.02584752201786214,0.023395837382617215,0.021849126642670955,0.017326477403113237,0.017786419247490127,0.016454591625575637,0.01801072227257282,0.02556837516095249,0.02254715122088579,0.02316488038697184,0.020846310503289726,0.019684806309180975,0.015243875736241034,0.01884253354689293,0.02447821293254563,0.018614975285488708,0.026945879665280767,0.014944114505699768,0.01838410451835653,0.016976499831818682,0.019406865215761702,0.0229856582747397,0.020205928017181546,0.022383571090107128,0.023059042322940065,0.015022457424726741,0.014517484485525875,0.006967219726565285,0.007206784377400103,0.01047528381303115,0.008558066876198976,0.01304604735257207,0.014826977352296385,0.01121829639032193,0.01244180691027846,0.004343712130404006,0.00974935514502747,0.006230786585123872,0.012995599288592091,0.012383320704010107,0.01237327565944769,0.012392977615511717,0.004087648338778023,0.006340191073991474,0.005491498017173232,0.009570367336744467,0.013144828520673266,0.012500158999430378,0.011918732110325791,0.004660642532483578,0.007180901667372239,0.008643462219062013,0.013304743547020215,0.01280753089913048,0.01421229540671953,0.012545039143084052,0.004938701977040902,0.007987219285017305,0.007332833973539823,0.009720496903363848,0.010838413975479966,0.015301107470648254,0.011833655676982026,0.006102742495001764,0.012099389988626204,0.0035275010206415494,0.015638763485856997,0.012173111402182461,0.013575232785987566,0.011154334853580326,0.0074722954287487825,0.01035838478919849,0.008111099691874582,0.00739919724699649,0.015482600750484285
paired_deficit,2,81000,71.02919702755753,71.50634850002825,0.6054654121398926,0.8425630331039429,26,0.4706,0.5293999999999999,0.0127,0.0116,0.0065,0.0101,0.0066,0.0084,0.0141,0.0086,0.0142,0.0049,0.0077,0.0048,0.0126,0.0106,0.0123,0.01,0.0033,0.0065,0.0055,0.0083,0.0123,0.011,0.0115,0.0045,0.006,0.0064,0.0113,0.0109,0.0146,0.014,0.006,0.0083,0.0062,0.0091,0.011,0.0133,0.0134,0.0065,0.0108,0.0031,0.0141,0.0145,0.014,0.0127,0.0063,0.0108,0.0098,0.0037,0.0152,0.0,0.0,0.01395729506114602,0.023602253700680392,0.023814912263229064,0.020369345117234004,0.022641349074282183,0.019021775685871413,0.015105112253028357,0.020121674271645303,0.017217141711415324,0.02605245252333404,0.021484023782398068,0.025393821762006705,0.017503846194699087,0.017954841644676006,0.018170776955853354,0.019019483410181823,0.02633655794517343,0.02347433156562475,0.02462157764976309,0.020969309441258556,0.017523449215599618,0.01781155355755641,0.018782432000350013,0.02568728805390918,0.023817658229938796,0.0222122855579375,0.016939442637623207,0.017942328628139964,0.017736326009863565,0.018318732616613813,0.025102848600630417,0.02290756734537358,0.023192116271939178,0.018504557169802517,0.020018943646845228,0.016492528898572334,0.019092583839418066,0.025057093919301415,0.01963886425263862,0.02653971586408959,0.013234698479218626,0.01810354766720525,0.01617678883889989,0.019584729224482775,0.02256742134585354,0.020968628738044035,0.02275644732763533,0.022479583139820528,0.013977956909196006,0.016735359850263656,0.006984815310531435,0.0067749963770428155,0.010252679876694738,0.00793288898073225,0.011621317718038662,0.015524744457427818,0.010497043574327418,0.013440916921191802,0.004645458984395857,0.009074760511942986,0.005295295051414631,0.013040853301895004,0.012634942492622692,0.012617203064918658,0.011506391884978793,0.004326084721284835,0.007189154301754191,0.006057227390662592,0.00966072687424162,0.012982449540065666,0.01277631725440392,0.011974652948144008,0.005005747413906535,0.0067722870772171945,0.008473410713407275,0.013714907880199167,0.012764475922891629,0.012967727788909124,0.012393098055591464,0.005582382849159955,0.007670225521306314,0.00742853867558618,0.012131629817027399,0.010598402437445089,0.014077728981617502,0.0114733300655247,0.005588464068385297,0.010973406632797802,0.004086577069366722,0.017331120102498293,0.01248822214110485,0.01462362796535054,0.011026818796107408,0.008044892052455448,0.009739523488028444,0.007858390133963375,0.008131557355223033,0.016675911399800174
paired_deficit,2,82000,71.90273426030762,72.38778812496457,0.583240807056427,0.8748645782470703,28,0.5037,0.49629999999999996,0.0166,0.0044,0.0079,0.0126,0.0071,0.0115,0.0147,0.0092,0.0135,0.0052,0.0084,0.0043,0.0142,0.0118,0.0131,0.0136,0.0033,0.0069,0.0059,0.0105,0.0126,0.0133,0.0127,0.0055,0.0065,0.0065,0.0115,0.0117,0.0151,0.015,0.0067,0.0088,0.0066,0.0116,0.0113,0.015,0.0131,0.0061,0.0113,0.0036,0.0168,0.012,0.014,0.0125,0.0076,0.0113,0.0086,0.0069,0.0148,0.0,0.0,0.015131181563779197,0.02563333759840513,0.023354878809406007,0.02062948135883661,0.02137378403174789,0.017904984958797523,0.016440756905057693,0.01884163374118708,0.017411853932225094,0.02560448511654209,0.022509092433931975,0.02555363263224667,0.016587620579055433,0.018408326007467855,0.017343951009514566,0.01818759877246095,0.026281122902430114,0.02323283916839853,0.024512811181194347,0.020982877771673333,0.018917832282894155,0.017705510663792626,0.019054291411392792,0.02632660456583155,0.024026709058219457,0.022148930822095514,0.017903059686071456,0.017727752230957163,0.016769485188408016,0.01708776077506166,0.025107144571753077,0.02176008395847398,0.022458489749682356,0.01924619954489824,0.01965796700684341,0.017111661846416115,0.019924202951588678,0.025068013652895363,0.01896762515891297,0.026670641957099242,0.014816067896716547,0.019054720892717633,0.0161948740519683,0.018589082358071284,0.023655501012073414,0.0196891688949713,0.0228024897068249,0.021047701554146345,0.01458417607486439,0.01556344340606673,0.005221647243673436,0.007439891706438776,0.010171388289348129,0.009368630791811432,0.012902007634381086,0.01428847707207342,0.01179479978427724,0.013343043863571883,0.0052497372220565155,0.008263325930106164,0.005260183294364611,0.01418455716080498,0.012255718710049286,0.013370089771165411,0.01258780014150839,0.0045909813871514455,0.0075977686257338575,0.006351623273626711,0.009788268815519538,0.011915927491456497,0.012979022791236252,0.01158776215793263,0.004585764197527605,0.0067858163566698465,0.008613969314579153,0.012825757026660872,0.012996431516568846,0.01392937380687857,0.01354138449810256,0.005694871721762422,0.009109727366856307,0.008312591303998265,0.011713425706659755,0.011117227793758323,0.013518115076051936,0.010897090341109751,0.005811093502137888,0.011789325524461443,0.004211756408260809,0.01587022935737659,0.011782656526792716,0.014488799317581187,0.01207973932619049,0.0071472142440808855,0.011047787998412148,0.008055807459560412,0.009764220673703004,0.016252242821814793
paired_deficit,2,83000,72.78964072535746,73.28249220794532,0.6008166074752808,0.8528316617012024,29,0.5166,0.4834,0.0165,0.0036,0.0081,0.0136,0.0075,0.0121,0.0144,0.0092,0.013,0.0055,0.0076,0.004,0.0145,0.0113,0.0137,0.0148,0.0035,0.0069,0.0066,0.0107,0.0126,0.0138,0.0127,0.0055,0.0063,0.0068,0.012,0.0118,0.0158,0.0149,0.0072,0.0079,0.0075,0.0104,0.0116,0.0146,0.0134,0.0065,0.0108,0.0041,0.0173,0.0147,0.0147,0.0119,0.0075,0.011,0.0081,0.0124,0.0157,0.0,0.0,0.013841796466257989,0.026152313390901315,0.023162693298209528,0.020341159838816063,0.021258588603049508,0.017651695883305184,0.015336892307684029,0.01959061826624165,0.01700033603769318,0.025877535627776796,0.02154933449972962,0.02565829176875578,0.01673426470199926,0.01758986083172269,0.01830973866732781,0.01864688383981851,0.026637406241001707,0.023888380642857594,0.0251989332366071,0.020090546011812923,0.017891841045139124,0.01820326234016805,0.019321391783750946,0.025816283522774673,0.024315973972814334,0.021676941544199878,0.017973297520977,0.01771031536773028,0.01752433350720902,0.01808563706283503,0.025539174092721613,0.02269480856882087,0.023179386874583104,0.01917592891057545,0.01878156887743921,0.01563121085938242,0.019596819400559032,0.025187170232219384,0.019739073815250238,0.02731665036573675,0.014853279557158424,0.018564675020001524,0.01587522508785268,0.019163253767234552,0.022735828729958954,0.020650946830704172,0.023124829429051683,0.020653211194647747,0.014500410556935628,0.016918123533153105,0.004809529705702337,0.007780805776811288,0.01039410653188053,0.009545343846869041,0.013113974400070508,0.015393146424550348,0.011276679638924657,0.013744316174805166,0.005153565943603082,0.009263979734934931,0.005326672744682941,0.014079926924160414,0.013134751659026937,0.012438102831893411,0.01211183665536647,0.004301027325268697,0.007078534901795728,0.005810271201795938,0.010871008555230852,0.012959703239140263,0.012619268382337616,0.011420031224841615,0.0050956540664916835,0.006664739147750761,0.009140490312886735,0.012724625199786632,0.013096308948393002,0.013354414548700464,0.012733098128778444,0.005363821733123381,0.008233592807944567,0.007725588368539194,0.011599862803950709,0.011903372632757134,0.014991137439982805,0.011114428602727357,0.005782592137713758,0.011015826951606647,0.003643701040960684,0.015900216465242693,0.012269517762073648,0.01483312205940725,0.01161212894593404,0.008115771284823176,0.010172440742546581,0.007700260355140283,0.010209311945068772,0.01620263659323658
paired_deficit,2,84000,73.66019511409104,74.16177283297293,0.6211280822753906,0.8268035650253296,29,0.5246999999999999,0.47529999999999994,0.0169,0.0102,0.0086,0.0136,0.0079,0.012,0.014,0.0096,0.015,0.0056,0.0082,0.0047,0.0143,0.0124,0.014,0.0153,0.0034,0.0073,0.0065,0.0102,0.0126,0.0137,0.0128,0.0056,0.0069,0.0075,0.0122,0.0117,0.0159,0.0147,0.0063,0.0083,0.0074,0.0116,0.0116,0.0145,0.0135,0.0063,0.0118,0.0034,0.016,0.0145,0.0144,0.0124,0.0073,0.0115,0.0085,0.007,0.0151,0.0,0.0,0.014971831087759003,0.025877780093451402,0.024572278058929926,0.02043150398933845,0.021031389560055156,0.017802248999780022,0.015737061725030414,0.02044940757256313,0.01654699240216561,0.02637430783800556,0.021983138206935596,0.02555721692630598,0.017824735517716267,0.01780923052859216,0.01817896173789143,0.017529176595916178,0.02644516014067226,0.025054652400314792,0.02404022084222277,0.020845991111842013,0.017273411470066863,0.01808934315702922,0.018733985067359446,0.026583279363962577,0.024501551380833347,0.02119602403586132,0.018143459658053487,0.017311141959526835,0.016575310285877838,0.018206447197400846,0.02492801476131668,0.02227915618963025,0.021453665725498717,0.01816608444831392,0.018816253265626436,0.016872320748191415,0.019838233865000172,0.025127322488853965,0.019859678089789612,0.02694153240893398,0.015862631571966747,0.018188877323859293,0.016277284694088432,0.019367212936602055,0.022931200083430026,0.01875057985190977,0.02315071823148087,0.0209817162667623,0.014530278137285416,0.015837134741736897,0.005334335473673081,0.0065728742851679555,0.010540317790487842,0.010010264699595078,0.01307377268802884,0.015189280142361553,0.010562395037227224,0.01430370580593662,0.004941401167480768,0.009107334174189017,0.005716580967970778,0.013130564572903037,0.013145274263347183,0.012833570207318082,0.013293775866664522,0.004835120597791082,0.006232429910474308,0.007272953147381472,0.010342403489984492,0.013653609510917653,0.012840466974955254,0.012189828235050855,0.004821273435159334,0.006718098173958909,0.009854074833471439,0.012711001276060497,0.01373500183455088,0.014354965433758284,0.012807494561739588,0.006235384414659484,0.008787437366181112,0.009531523380170662,0.012767661981024185,0.012228967326231046,0.014073189553470027,0.011103157261636337,0.006085362294752132,0.011121875477229396,0.004364208793032977,0.015109213659892269,0.012746038222315247,0.014598641874402837,0.011706268074887578,0.008168838813352907,0.012174084648146755,0.007960580427690486,0.010135515096577338,0.016177914080474344
paired_deficit,2,85000,74.5203427557135,75.03012820798904,0.5930224657058716,0.8620255589485168,28,0.5307999999999999,0.4692,0.0167,0.008,0.0085,0.0139,0.0085,0.0121,0.0137,0.0096,0.0153,0.0054,0.0077,0.0054,0.0145,0.0125,0.014,0.016,0.0042,0.0075,0.0073,0.0108,0.0126,0.0132,0.0133,0.005,0.0075,0.0083,0.0122,0.0119,0.0152,0.0154,0.0066,0.0086,0.0079,0.0117,0.0119,0.0143,0.0133,0.0066,0.0118,0.0038,0.0156,0.0145,0.0141,0.0123,0.008,0.0117,0.0082,0.0089,0.0148,0.0,0.0,0.01394421380544661,0.026797485270140795,0.024682717164781293,0.019709483248482536,0.02219883688020037,0.018747910726426637,0.015741228352794692,0.01882000682803135,0.01799001748411077,0.026799558135265536,0.02179277620063421,0.024874967630616196,0.01687564820342312,0.017328045753062536,0.01793164027870876,0.01827628736229893,0.026569832511834736,0.024474036961625943,0.023222443162955582,0.019636630966572793,0.01800737169582025,0.018425444690058898,0.01865854069178537,0.026051306572667902,0.02413810428183079,0.020573404320703044,0.018636544776813205,0.017006690910012175,0.017744436815938798,0.01810939770098547,0.025266614770157392,0.023217792025681375,0.0214755118768077,0.0189942615003295,0.020119738324728964,0.0162785362122689,0.01924262516362729,0.025737367877934764,0.018743729118934363,0.026753399337914402,0.016574080086841712,0.01636663863948315,0.01627891176644559,0.019564217488642788,0.02285008584740382,0.01975219862745179,0.023919312786004388,0.020112127842603834,0.014987841322708927,0.016979416030117205,0.004723522348118428,0.006740503415893679,0.01158722506094731,0.009024585908743048,0.01236938540944984,0.015181501252854912,0.012262892245223925,0.013039171843084153,0.0047606461209320616,0.009365307346150601,0.006599756240745561,0.014042366262906461,0.013736431477687529,0.013054708879651232,0.012849551880396218,0.0049755058849534585,0.006896617137580597,0.008145343589072433,0.011460050472016092,0.013140128146158926,0.012553796727396933,0.012374847186870824,0.005460477301134732,0.007210811154033472,0.010583897003351805,0.012356357216089697,0.013919803509157176,0.013268860650208197,0.012927516883382853,0.006155328123466934,0.008149693744889806,0.009779228561492145,0.012217101331190434,0.011008205652007564,0.014639900820127321,0.011828559620362939,0.005754100593391753,0.012373296419399892,0.004803817919350811,0.014402544494049731,0.014518437121522374,0.014678612068575247,0.011527777974711046,0.008571730153264866,0.011351961352595565,0.00741544435280814,0.011054386149421495,0.015847073077418065
paired_deficit,2,86000,75.41070146241691,75.9303608329501,0.5979487299919128,0.8604668378829956,30,0.542,0.45799999999999996,0.0168,0.0067,0.0076,0.0132,0.0089,0.0127,0.0142,0.0103,0.0145,0.0059,0.0079,0.0056,0.0154,0.0108,0.0142,0.0149,0.0036,0.0072,0.0097,0.0124,0.0135,0.0132,0.0127,0.0056,0.0071,0.0092,0.0123,0.012,0.0156,0.0153,0.0073,0.0079,0.009,0.0111,0.0118,0.0138,0.0136,0.0061,0.0112,0.0045,0.0168,0.0158,0.0142,0.0125,0.008,0.0127,0.0079,0.0129,0.0159,0.0,0.0,0.014253358184921038,0.027256102535417256,0.024546675552342148,0.020647516788583137,0.022097474903596915,0.019024313791260034,0.01599150915712691,0.019194650258084107,0.015532214755273879,0.026049830920802472,0.023304735268654692,0.02479363348002246,0.016525442460203238,0.017207665708490607,0.017521390752343637,0.01763145753689764,0.02749370876240289,0.024534071459215098,0.022322082721332417,0.019472433271759827,0.017075527274324227,0.016117135334112208,0.01892331832551615,0.026912066275801644,0.025071533346177136,0.020435230353363417,0.018199966472079644,0.016661872536775594,0.017300150831433957,0.01871818351532137,0.026420056135386276,0.02335407846433208,0.0212239216812585,0.01864264917696716,0.01904603358497809,0.016439071774549396,0.019253547519588653,0.02634517066648591,0.019768720414194935,0.026469183177416422,0.015015388372587996,0.017076812004087248,0.016018974203641935,0.019171573309921967,0.02403941095512306,0.019675899364895562,0.024769253871645466,0.02153013101490894,0.014924871774394615,0.01651355224209737,0.004537356183713133,0.00707194023520358,0.010663265924519539,0.009288717453730031,0.012197381838974817,0.014912625832941728,0.011962368195501664,0.0154919095908038,0.0056874568589533455,0.008254893588497077,0.006844479286933933,0.014459908309634669,0.013831545622740384,0.01358165122777031,0.013636524060319934,0.004279446132583336,0.007005424252989271,0.009120904605808302,0.011862765758216584,0.013953251914255995,0.014914105165105315,0.012290403855416326,0.004854231266794536,0.006627581722507983,0.010819730145663592,0.013073835602202632,0.014568624194816452,0.013902612069561395,0.012518406062225092,0.005307397901890514,0.008287570968390862,0.01009330488359509,0.012627039571304868,0.012216439292278256,0.014539460151707762,0.01190812078956436,0.005376371268842899,0.011550807566989228,0.005223086870406534,0.015967933260911213,0.014030193612092297,0.014848266613037826,0.011983623251216761,0.00761728200929491,0.011597238025613136,0.006827871659680727,0.009850332844127665,0.016051303701587496
paired_deficit,2,87000,76.32092956011184,76.84904570796061,0.5680875778198242,0.8766236305236816,29,0.5471,0.45289999999999997,0.0162,0.0025,0.0082,0.0139,0.0086,0.0134,0.014,0.0097,0.0136,0.0058,0.0085,0.0061,0.0153,0.0129,0.0145,0.0152,0.004,0.0074,0.0095,0.0129,0.0124,0.014,0.0123,0.0053,0.0073,0.0099,0.0125,0.0115,0.0161,0.0151,0.007,0.0093,0.0094,0.0122,0.0106,0.0138,0.0132,0.0061,0.011,0.0052,0.0173,0.0142,0.0143,0.0117,0.0082,0.0127,0.007,0.0194,0.0159,0.0,0.0,0.014630099965844627,0.0268321736765117,0.024887031376458243,0.020503343702493144,0.021450910449135725,0.018409615403733162,0.016505559927250044,0.0184020181558466,0.016291487503760086,0.026124040595753975,0.022488516102866864,0.02521925961483582,0.016105771509179564,0.016971807571232185,0.01794025280864129,0.01812003929432198,0.026895529104694907,0.023992173269847407,0.022656635345064367,0.02020044332306308,0.01869496839281036,0.018016908438897854,0.018418035902691345,0.027328190029189736,0.02543312915972802,0.019602303276278474,0.01890800744175718,0.017890474622078868,0.017426199712490806,0.017786533198391085,0.02617771387662432,0.023225993748365117,0.019607096006384293,0.01842638846573734,0.018787759338331975,0.01751561639140795,0.018880101241080673,0.026445834090286717,0.019487715099190825,0.02689847328472436,0.015579240632941626,0.01781983740400269,0.01562202609099821,0.020015368913827235,0.02321067487522045,0.019689750868453416,0.025060809221292668,0.018573833745589956,0.014844307830691676,0.01627636171386327,0.0051936000484042255,0.006993147438527471,0.010960680257500651,0.010103068482875392,0.013011895491606706,0.014618006537020493,0.01297970901302193,0.014811756509418798,0.0058735707168380375,0.009124902928435662,0.006653395989590464,0.015018904502343524,0.014156958492691133,0.01335857527664766,0.013078668888944427,0.005097196615547665,0.007842116841199512,0.009011806182492811,0.011273888017302242,0.01267550680282255,0.013328259264440177,0.01288708687248202,0.004744671816202538,0.006420767135997768,0.011815245076121524,0.012326442104038405,0.013325502890689562,0.01378476547742391,0.013341451885098716,0.005903117779906133,0.008457435950997735,0.011771844832331005,0.012801402239936949,0.012552462242730308,0.013742899856044667,0.012429824096614417,0.0055823259144144426,0.011879892599981493,0.005133594434174217,0.015339200435139684,0.0134284968342143,0.015339539211726982,0.011402330332245211,0.008471300563732836,0.011657974110966477,0.006835866775790982,0.012902329323404883,0.016277801657907636
paired_deficit,2,88000,77.19157429307234,77.72832800005563,0.6141457557678223,0.8754466772079468,31,0.5427000000000001,0.45729999999999993,0.0162,0.0055,0.0093,0.0136,0.0094,0.0136,0.0138,0.0105,0.0154,0.0064,0.0083,0.0063,0.0153,0.0112,0.0139,0.016,0.0047,0.008,0.0096,0.0138,0.0145,0.0135,0.0124,0.0051,0.007,0.0101,0.012,0.0112,0.0153,0.0155,0.0078,0.0086,0.0108,0.0122,0.0119,0.0143,0.0145,0.0066,0.0111,0.0054,0.0144,0.015,0.0152,0.0125,0.0076,0.0115,0.0069,0.0041,0.0149,0.0,0.0,0.015488677477100109,0.02655839368149531,0.024570419386014508,0.019947134834147943,0.021809976683485156,0.018700621979790985,0.015598569494751822,0.01892487063572676,0.016766161414632948,0.0268571030871134,0.022706732800337713,0.02593364781760355,0.016419130451048522,0.017863912717024033,0.017949786295795602,0.019208809801434048,0.02705662428748208,0.02455592029803689,0.022229824043973535,0.019768472001669292,0.018659819563720287,0.017415316230145625,0.018805331235527935,0.0275045735137317,0.025776246737470157,0.018278954786898907,0.019327143036792425,0.018087822354421072,0.016354723037118223,0.017266393916746125,0.025397449009876928,0.02381919092060841,0.019230382488035276,0.0176863586781165,0.018745780872521243,0.0164470225228628,0.019740236494591855,0.02558230528400235,0.019154486625740354,0.025773446894679076,0.016578601302025195,0.017291015931401477,0.01589511648940746,0.019223053248401414,0.02368198404491847,0.01910512076830785,0.025047010843435094,0.018396538085428966,0.016813785894402602,0.015568665232686501,0.005656082192771486,0.007507360603105475,0.011631052136100863,0.009930446835686392,0.01274286657140453,0.015509710667621534,0.01254285026840743,0.014546413955418308,0.005350588883039885,0.009208719357488022,0.006174255398318575,0.014738757186258259,0.013489160870131585,0.013412566806816715,0.012289593623617916,0.005250752982000118,0.007442167916844489,0.009555968261812457,0.011985721128500998,0.012974572370538274,0.013772094434262307,0.012688534718003897,0.004812146735390016,0.006392772687425755,0.01307990582624222,0.012262172500456997,0.013367571951264652,0.01491339222263784,0.01402211167380141,0.006808762459639151,0.008177411175893507,0.01223128958568456,0.013686590885407393,0.012585400057317883,0.01475294163709475,0.011737468001247003,0.006526694290089121,0.012298984126486421,0.006473394978665734,0.014596518786143651,0.014039212818790597,0.015206146098307423,0.01223782682627237,0.008299791450177708,0.012382077999859555,0.007004144710339693,0.012935966101591551,0.014503935786102477
paired_deficit,2,89000,78.06992867321242,78.6154283330543,0.5644150376319885,0.834118664264679,29,0.5291,0.47089999999999993,0.0162,0.0028,0.0076,0.0128,0.0082,0.0133,0.0146,0.01,0.0123,0.0053,0.0075,0.007,0.0149,0.0101,0.014,0.0138,0.0044,0.0067,0.0117,0.0124,0.0129,0.0132,0.0108,0.005,0.0072,0.0099,0.0117,0.0105,0.0156,0.0138,0.0061,0.0087,0.0099,0.0102,0.0089,0.0152,0.0132,0.0066,0.0092,0.0072,0.0152,0.015,0.0145,0.0117,0.0081,0.0135,0.0072,0.0164,0.0161,0.0,0.0,0.01462094659657976,0.024227349968339938,0.025147659526724007,0.020156681413921608,0.02099223725318832,0.01848449127442455,0.01648359527910248,0.018580497371401182,0.014595557927028952,0.027284227980152606,0.023581665344942618,0.02539658519118975,0.0166516557541666,0.016979147744026157,0.01697694803211243,0.01817856798544424,0.02724863395730058,0.024883773423924588,0.022222442657508668,0.020665704441987634,0.01816920750772407,0.017971869076940223,0.018287487225577076,0.026999779827504775,0.02476464243460054,0.018277990904958637,0.01990086663279207,0.018467523871124394,0.01777919166979259,0.01872689262326019,0.02627648074252765,0.024123852774626683,0.019501009274492866,0.018964176312637006,0.018379793330667735,0.015287923940864704,0.019788577381680925,0.02674950858217167,0.019840592207741814,0.025162253175637236,0.01609992695667519,0.016697046012936353,0.017128041038954996,0.020079909493026096,0.023025327834315233,0.01956154557993156,0.02613540143690924,0.020118288908577323,0.014376524117884515,0.016480511946421153,0.007964023260856991,0.007194676363873403,0.011578802954510255,0.010766717097520199,0.013086734499710987,0.014805279654949682,0.012924276755085468,0.016424688615305064,0.005239767623755443,0.008531199285800943,0.0068978924958096755,0.014696716102318097,0.01433091876464926,0.014332851014255401,0.013355460668329782,0.005310096280113258,0.0073483516350897555,0.009725154496962976,0.011209796882773758,0.0134418080083895,0.013537027118942658,0.013298847385726478,0.005450567311385969,0.007452997523382619,0.013190001551587472,0.01176445079362217,0.012984451341565634,0.01370627693831656,0.012756619157709325,0.006242170678954841,0.008015873762028176,0.012115689616426189,0.012704436720497689,0.013139639752090398,0.01581650717609491,0.011902149328586197,0.005748533151545574,0.01177833396952492,0.007142794652326315,0.015181360361866656,0.014734969831410712,0.014473566860506083,0.011568115200718355,0.009019891886446453,0.012140638902092373,0.00624890869438912,0.011534402326718842,0.016734277669712888
paired_deficit,2,90000,78.95047399657778,79.50487525004428,0.6005241870880127,0.8817064166069031,34,0.569,0.431,0.0162,0.0085,0.0083,0.0134,0.0101,0.0125,0.0146,0.0105,0.0153,0.0062,0.0074,0.0067,0.0146,0.0132,0.0143,0.0154,0.0045,0.0078,0.011,0.0136,0.0144,0.0132,0.0126,0.0056,0.0075,0.0113,0.012,0.0122,0.0157,0.0156,0.0074,0.0089,0.0117,0.0122,0.0121,0.0148,0.0144,0.0061,0.0107,0.0079,0.0162,0.0155,0.0145,0.0119,0.0085,0.012,0.0066,0.0177,0.0157,0.0,0.0,0.015158628849769182,0.026422077935761526,0.025385640183440684,0.019972118420184384,0.02122107710573709,0.01865987627161214,0.01679130070247875,0.01905406938625548,0.01590240138640407,0.02625897461992316,0.023105952469131635,0.024404710513328116,0.01737314208386689,0.01716818780608629,0.01660681675122051,0.018341655569725033,0.027341192092867186,0.024414265432219827,0.021258980373561605,0.019983885611326427,0.017709127482353676,0.018276468707089776,0.01933042363185544,0.027184144331386488,0.0250432341402161,0.018117404537485594,0.01986863913554109,0.019128275436382722,0.017667685630124986,0.01865349208890289,0.025869145526040957,0.023430241123296877,0.01831766832874563,0.019393132654487326,0.01826959077364406,0.015870094764496183,0.018967421312749012,0.026250347011523636,0.020545833399331657,0.02388832117135106,0.015460981973471944,0.017269944003013703,0.016453202591521297,0.018472299572079937,0.02244389749426858,0.020905749572359245,0.026828689565723478,0.020080934941951595,0.01547865553370497,0.016012507334142948,0.006089292867252681,0.006998810739615738,0.011788467074202133,0.01065339061310357,0.012900952445091627,0.014540706373566518,0.012515968849369525,0.015398878041001061,0.006115235410966827,0.008921207927202662,0.007742430427023549,0.013991053503746506,0.014209972032959355,0.014819786327269406,0.013141142042069124,0.005282731401542264,0.007890295582413704,0.010581066395812624,0.01173907836731973,0.013696212135712127,0.013315533765359214,0.012234393834832363,0.005381484940722097,0.0072992864944022825,0.013533244287773503,0.01176208701400416,0.012489912408384343,0.013732579110169993,0.012867492334874796,0.006574514394279757,0.008675693445992368,0.013201254358452784,0.012335614020726877,0.013243444442253262,0.015349103465283759,0.012670131191007735,0.006161869001480986,0.01120688296533776,0.00831277136974043,0.015590929706741615,0.014120676675354004,0.014915526735964704,0.013065558915939864,0.009502189110854514,0.010930103832602862,0.005654349000192936,0.011771100983556274,0.015614482911693043
paired_deficit,2,91000,79.80901688453741,80.37159650004469,0.6001036167144775,0.871677577495575,32,0.5647,0.43529999999999996,0.0162,0.0053,0.0083,0.0124,0.0096,0.0138,0.0148,0.0102,0.0139,0.0061,0.0076,0.0078,0.0156,0.0129,0.0148,0.0152,0.0044,0.0079,0.0118,0.0139,0.0147,0.0137,0.0123,0.0055,0.007,0.0113,0.0115,0.0122,0.0163,0.0152,0.0074,0.0081,0.0116,0.0129,0.0125,0.015,0.0141,0.0064,0.0098,0.0074,0.0164,0.0152,0.0161,0.0129,0.0085,0.0131,0.0068,0.0126,0.0157,0.0,0.0,0.014484637216148623,0.025625411296036408,0.024270732468591318,0.02156835744507041,0.021612399700146535,0.018133584863943057,0.016409273092245033,0.01842817818553174,0.01667116279090703,0.027030262092161632,0.023353205760707017,0.024855228417707285,0.01655231804567235,0.017628233769449466,0.017212559163399185,0.018330284380436476,0.02858888121299441,0.02427072391731691,0.020716472095879013,0.019734604462658165,0.017050457386586754,0.018882076676207095,0.019642646063490803,0.027043869924601366,0.02434245185729575,0.01816146146214268,0.020167633997553155,0.017817060167619882,0.01808192104199125,0.017960073727865525,0.026931266415121113,0.024319990282877582,0.01816160778532634,0.019176560888100228,0.018091452053693828,0.01730781539302895,0.01929074324511639,0.02598114044123853,0.01988872900939238,0.025048974061055062,0.016290941499714183,0.017881340957152672,0.016014653744588683,0.01838177456610228,0.023416262619072044,0.01941783309356194,0.026708112060447535,0.018182494034534556,0.01488214516751937,0.016793896965989093,0.0070895422037064145,0.00833343292270032,0.010463642973479036,0.010464805013152386,0.013458491041612737,0.01502046853238674,0.013283104442852215,0.014873224960388315,0.005724351113578934,0.009005820900402403,0.007635133791060637,0.014819246529907452,0.013932432252404838,0.014290140069322322,0.013328284229488643,0.0044221475487197905,0.00817719028147965,0.011392043432396541,0.012119799843978377,0.0143905738769101,0.012892503150787766,0.012198934430827313,0.005751703424974324,0.008076402469304304,0.01343450189976974,0.011747157283346847,0.013809000633969903,0.013502950223614722,0.0136078056468202,0.0058486041135589785,0.008134794225007454,0.013512500981693846,0.012639085446122364,0.013494748333627894,0.014286292542127498,0.01257988858395723,0.006705295313910768,0.011909043323208923,0.007546531427612261,0.01508323600953829,0.013753683949816423,0.015281932295589846,0.013362099469789342,0.00895155746737301,0.012470521710017543,0.006079701575243068,0.01333827736844175,0.016334634921567757
paired_deficit,2,92000,80.67361250333488,81.24579137505498,0.617707371711731,0.8691374659538269,34,0.5689,0.4311,0.0166,0.0034,0.0085,0.0131,0.0106,0.0132,0.015,0.0109,0.0136,0.0057,0.0081,0.0081,0.015,0.0131,0.0144,0.015,0.0048,0.0086,0.012,0.0137,0.0143,0.0138,0.0124,0.0059,0.0072,0.0125,0.0113,0.0118,0.0168,0.0156,0.0085,0.0093,0.0131,0.0128,0.0127,0.0156,0.0151,0.0068,0.0101,0.008,0.0151,0.015,0.0146,0.0122,0.0091,0.0122,0.0062,0.0126,0.0149,0.0,0.0,0.01379507763424579,0.024729286969983617,0.02409774430054672,0.02152990459590528,0.02129606078700485,0.01795739588325685,0.01631244806811057,0.018322614719732233,0.016012895736699874,0.02720799590174998,0.02443664068362244,0.024382298669149448,0.01792644814533824,0.01747578241105574,0.018029455888173507,0.018823916691441928,0.02809995008617619,0.024209112808862284,0.020758966036547394,0.020501461884333563,0.017477449765148326,0.01879832859967783,0.020440928871589777,0.027699525220857432,0.02547028001226215,0.01728638049150194,0.018945790577703167,0.018375824380428403,0.016359803255653085,0.018442564216688998,0.026143862393447785,0.02450450041754087,0.017900795684921946,0.018357367350636297,0.018465436872111114,0.016007782714025684,0.02006080062498255,0.0265273663518292,0.021923837651368357,0.02405866492559737,0.017395531894065216,0.018205966250183676,0.014143334123393993,0.018750328175202273,0.023261626606010912,0.020576187823088822,0.026557585735797543,0.015996458427241775,0.01596023268510699,0.017371751617527863,0.007957582555316287,0.008529111656575307,0.010850360074382146,0.010930331094584269,0.013784290576329846,0.015171179878932867,0.013476367070943879,0.01550186360461277,0.005906794623539748,0.008360568652512616,0.008328260521510243,0.013771320750069326,0.014190348790721174,0.013645410305527808,0.013092771578066363,0.0052719572231737085,0.008435214578864075,0.011500354214678054,0.011756523756489874,0.014149880510225669,0.013114345424005356,0.011612247883339477,0.005531438654875286,0.007371898595777098,0.014310974940843053,0.01299001720034932,0.013314317412682589,0.015248441247282524,0.013297110185390926,0.006803987449729493,0.008264292216494478,0.013871073866541605,0.013408003913747118,0.01351220077962743,0.015584299499089491,0.011932741818759501,0.00648064738235003,0.010479164520960706,0.008640185280580647,0.014375197150547676,0.01361377829246093,0.017156254415708182,0.013076690568171989,0.009273122165011485,0.01165445828209009,0.0064161062987919135,0.015476659737963389,0.015624389905507598
paired_deficit,2,93000,81.54068246053066,82.12144000001717,0.6209548115730286,0.829957127571106,34,0.569,0.431,0.0171,0.0105,0.0096,0.0138,0.0102,0.0124,0.0152,0.011,0.0142,0.0063,0.0083,0.0085,0.0144,0.0134,0.0151,0.0153,0.0047,0.008,0.0126,0.0133,0.0145,0.0142,0.0119,0.0058,0.0071,0.012,0.0111,0.0122,0.0163,0.0153,0.0082,0.0087,0.0125,0.0118,0.0129,0.0154,0.0155,0.0068,0.0102,0.0089,0.0147,0.0145,0.0148,0.0137,0.0086,0.0113,0.0067,0.0049,0.0146,0.0,0.0,0.01456834326682007,0.02468129313455083,0.024165210643556784,0.022106939735533546,0.021148914992532745,0.01820127071086195,0.01526064264196672,0.017381009871089675,0.016786037650687948,0.02691404550451975,0.024006864454448933,0.023948813638002095,0.018689742691723094,0.017391238827667205,0.01802695529508576,0.01877772480421372,0.027741792003987027,0.02395826675781368,0.019865038749559347,0.019601521743198513,0.017609450184080663,0.01797512915731007,0.020334412334030074,0.027490289704819017,0.025464386176255193,0.017945744912438527,0.0204690715613461,0.017431886142785718,0.016777518863385653,0.019350664854292474,0.026341064236068933,0.024652489333785332,0.01714059593629439,0.01866984958892562,0.018170649381952373,0.01716056825507127,0.01943910269442149,0.026896372091355848,0.020266912450574295,0.022634156904192248,0.017305383830891613,0.01723154033645985,0.016377021981964602,0.018565870400336356,0.023345442785739544,0.020603883805724966,0.02779310106262644,0.018032046994243982,0.0153037269208079,0.016703377879952533,0.00811222775586503,0.008583732203746537,0.01030842291940904,0.011150244848786246,0.013698294826036073,0.016279528195251115,0.014424679995400062,0.014806038658883212,0.006280395968894249,0.00875547801630287,0.008725995643360473,0.01313273860353226,0.014377046327060942,0.013727171761973123,0.013098078090703652,0.005547738326977568,0.008757137073345089,0.012186983122962508,0.012485917411243316,0.014116075085105428,0.013887786032619275,0.011715555054761751,0.00579754260963213,0.007456049167680772,0.013795220526798543,0.01168084480152811,0.014225799147779543,0.01481317682194605,0.012657055884093747,0.006760515213690228,0.008097300877450316,0.014508942984566009,0.013344720167632029,0.013645828412311444,0.014570332542875382,0.012622013502569552,0.0062561425843897026,0.011928365355862391,0.0099057133706573,0.014370861961918533,0.014510862776594864,0.015226890908079545,0.013392785139765544,0.009231579287837091,0.01152881883042646,0.005465682333400106,0.013683842765162178,0.016321551506489576
paired_deficit,2,94000,82.39675774448551,82.98603287502192,0.5792833566665649,0.8395830988883972,37,0.5885,0.4114999999999999,0.0174,0.0105,0.0098,0.0131,0.0108,0.013,0.0151,0.0116,0.0148,0.0071,0.0082,0.0102,0.0154,0.0124,0.0149,0.0151,0.005,0.0086,0.0137,0.0134,0.014,0.0141,0.0115,0.0064,0.0081,0.0117,0.0113,0.0115,0.0164,0.016,0.0085,0.0086,0.0129,0.0122,0.0121,0.0148,0.0153,0.0076,0.0103,0.0113,0.0154,0.0149,0.0148,0.0129,0.0088,0.0121,0.0057,0.0138,0.0154,0.0,0.0,0.014517800434254881,0.022999590775840097,0.02494692106485968,0.023017584233248796,0.02165211621456982,0.01871083289697316,0.016539379127825778,0.019373331546375466,0.016615585134617004,0.02771647348082089,0.024081941968188855,0.021945020724245867,0.015421308892063636,0.017742506348760147,0.017472899068926857,0.019724023606018982,0.02719467574013531,0.025139194360151648,0.020312237020704067,0.019218034693200665,0.018128173768114,0.018341589081002634,0.02016667394992054,0.027254364779208097,0.02595422926925442,0.017683869521533023,0.019458845058867375,0.01768098567107755,0.017538025163990844,0.01907804260232069,0.026423667664572874,0.02419411397836838,0.018243289165412957,0.019132521104861605,0.017985890927522487,0.016907946404332977,0.01853478660590667,0.025474162177053204,0.021582115394478248,0.02003271097404774,0.016759663648331216,0.017588244438946153,0.01731081820988917,0.018988307933810313,0.023725195381456232,0.02022343621150712,0.027072659590127224,0.019170799316691273,0.015023414675613272,0.016684202376899285,0.009725544534301248,0.008040816184249231,0.009749761915774185,0.010837249701346453,0.013381080312763381,0.015016341963183858,0.012756374922402093,0.01503159482151625,0.0058339809929977785,0.008793511252012543,0.010595595078530615,0.016016906980934154,0.014219039992700218,0.014402411232585531,0.012662356413154772,0.00618635409748579,0.007921247700032816,0.012020813472400287,0.012884499281156245,0.013861790808379824,0.013490404553160876,0.012101844681455882,0.00621523392799582,0.007209758019724788,0.014267417057233504,0.012724886321533947,0.014113546316586133,0.014231492835934051,0.01307812177198087,0.00686152037715812,0.008818153625819686,0.013649629803378681,0.012994112944600466,0.013979178233429496,0.01498570088725099,0.013487261053001817,0.007723014642117229,0.01093406488598329,0.012329555479446868,0.014951788414629215,0.014268185493493055,0.014379882590784276,0.013113092947653405,0.009165962419790077,0.012055014187350315,0.006404208421428707,0.012884407321782492,0.016345181123600172
paired_deficit,2,95000,83.2724310758058,83.87053862505127,0.5784541368484497,0.8458378314971924,36,0.5859000000000001,0.4140999999999999,0.0159,0.0125,0.0094,0.0127,0.011,0.014,0.0152,0.0109,0.0151,0.0066,0.0088,0.0101,0.0161,0.0132,0.0149,0.0163,0.0052,0.0083,0.0128,0.0132,0.0143,0.0134,0.0126,0.0062,0.0078,0.0115,0.0116,0.0122,0.0152,0.0162,0.0086,0.0083,0.0128,0.0127,0.0136,0.0128,0.0155,0.0069,0.0093,0.0107,0.0141,0.0145,0.0143,0.0135,0.0078,0.0119,0.0063,0.0132,0.0159,0.0,0.0,0.016169783034300663,0.02110130265241491,0.02405127856498745,0.022812731130319553,0.019423634124207813,0.016452813386793837,0.016062291606602826,0.018804984729446136,0.0170547247519939,0.027729584100736088,0.02413593651537745,0.022221391363726466,0.017437828504194737,0.019219074202684767,0.017641577483127186,0.019163553744343628,0.028024547220765743,0.02469097943632159,0.01980466880146333,0.020143163242849108,0.017909423184492873,0.018619635772040885,0.01937159996896773,0.02747388388887371,0.02572178541051234,0.016826655170697827,0.020023914891663188,0.017896415941839938,0.0184646665080632,0.017861355718427147,0.026782298838231196,0.025735001569122756,0.016763239237775594,0.01877881735402872,0.01879127203205707,0.01709574858226584,0.01770346125443091,0.02723131241745473,0.022450866883135828,0.020732907573372476,0.016878009701562693,0.018353465048909653,0.016923328828245463,0.0193026071557367,0.023778375793680813,0.021040093451789282,0.02750109643209009,0.017033149233548553,0.014809763560325574,0.015510008626687829,0.011493739763916643,0.009114622599623243,0.010113494979581193,0.012846757588381405,0.015359873332506203,0.015674824063569164,0.013423815270334632,0.01510881465346238,0.006069992077215922,0.00908540956489486,0.010668527801992529,0.014487346465389489,0.013089857501684203,0.014323025566727397,0.012978384028450363,0.005871170661382824,0.008559649675908193,0.012578520582312201,0.012266466722590715,0.014067948995973302,0.013651421791206498,0.012888722457088839,0.006354335968821971,0.007806443078995336,0.014980249801272286,0.012518888965188012,0.014273751667816349,0.013620152484877895,0.014106714781508593,0.006912090307608243,0.007717659419152704,0.01503139392548766,0.013444918917905025,0.01347393688223722,0.014841354468485425,0.01431217961090834,0.006589029202198882,0.010327208783399813,0.01175178309859675,0.014977895540774642,0.013748897513823008,0.014941346255167853,0.013178739262661306,0.009412840131440786,0.01146497918726684,0.00629332690702998,0.014813715028171574,0.016606846624760075
paired_deficit,2,96000,84.12350994790904,84.73015595797915,0.5787155032157898,0.8707727193832397,37,0.6066,0.39339999999999997,0.0171,0.0125,0.011,0.0134,0.0106,0.0128,0.0153,0.0118,0.0143,0.0069,0.0092,0.0113,0.016,0.0135,0.0152,0.0147,0.0053,0.0088,0.013,0.0134,0.0145,0.014,0.0118,0.0065,0.0088,0.012,0.0119,0.0125,0.0162,0.016,0.0086,0.0098,0.0136,0.0128,0.0137,0.0151,0.0153,0.0075,0.0097,0.0125,0.0149,0.014,0.0147,0.0135,0.009,0.0127,0.0099,0.0135,0.0155,0.0,0.0,0.015266908400019244,0.0199995897408298,0.024184872613955306,0.023209845144812585,0.02098390626034665,0.018300387698495707,0.015937859684616515,0.018918071107934566,0.0180046563510161,0.027267451512636168,0.02323357200335405,0.022750772086888867,0.01649912973747412,0.01775604063791475,0.016579507422407908,0.018710759528321748,0.028043093261252337,0.02510933963514187,0.02068195635293283,0.019900611406532633,0.018400345661801536,0.017979814183556448,0.02117854598822866,0.02694395878173899,0.025792303517236236,0.017199930708561913,0.02051850565169084,0.017929477960383015,0.016907796305268962,0.019332096722084968,0.02714697227611953,0.024888369549553938,0.01644471087348354,0.019108204197567105,0.019360216026204344,0.014938266847886138,0.019487977231977975,0.027190921620919496,0.02329671254203347,0.020540838956845477,0.01825529134997956,0.017678582833050998,0.016917954926315853,0.019468213336079787,0.022212662319605975,0.021115554074758312,0.024914598290784136,0.01847954433601507,0.01503330234338391,0.016392090546851756,0.012685164535111449,0.00917713764931118,0.009987949066049853,0.011788875695194313,0.013991046025914562,0.01597821000676091,0.013384952810734032,0.014264184338428566,0.006815355055825517,0.00996916890040684,0.010468499800798552,0.015299581312378782,0.014343779917205698,0.015196898665007803,0.01370529304619606,0.0061232979377918275,0.008484470588103383,0.011988811091490349,0.012646319876407602,0.013911927793513888,0.014205722287866578,0.011673877921098322,0.006954216921144667,0.007865769396294768,0.014666761796169983,0.012118184781581963,0.014401814166107165,0.014976115573223472,0.013252557805730533,0.0069497786848334705,0.008737496736615717,0.015381717162273021,0.01342977210864086,0.013034988453302926,0.016613152781672857,0.01305105103602883,0.006758742116952903,0.010036379713728484,0.012217695134418675,0.01398767796449977,0.014366026435554806,0.014929012371769811,0.013027631957094058,0.010738171780568215,0.011645611968686772,0.008755798793169317,0.013692990850873003,0.016576993256629178
paired_deficit,2,97000,84.98944341682363,85.60465912497602,0.6348444819450378,0.8748266696929932,38,0.6162000000000001,0.3837999999999999,0.0175,0.0155,0.0114,0.0128,0.0116,0.014,0.0153,0.0115,0.0143,0.0069,0.0087,0.0112,0.0162,0.0129,0.0145,0.0147,0.0058,0.0095,0.0134,0.0138,0.0143,0.0137,0.0116,0.0074,0.0092,0.012,0.0117,0.012,0.0168,0.0154,0.0092,0.0096,0.0134,0.013,0.0137,0.0154,0.0145,0.0084,0.0099,0.0126,0.0151,0.0156,0.0136,0.0103,0.0089,0.0114,0.0114,0.0184,0.0162,0.0,0.0,0.013908491773130891,0.0205180554450205,0.023851809811881584,0.023044335339545557,0.021015458040012307,0.016297230949540473,0.01626102192035214,0.01734531917855766,0.01814105338874537,0.0275076092339379,0.022415128703919315,0.022332455500829785,0.015939542259463882,0.018544220748672527,0.017135907954833985,0.019621735605059316,0.028485984580767315,0.02473065171605813,0.020596081800319882,0.020222327547279016,0.01865127658381568,0.01795517998948824,0.020524629146549435,0.028429709773441204,0.025892384517737385,0.01915966568645342,0.020457023866711763,0.018644638640752893,0.01671299653180411,0.01979960396007758,0.027141139765319205,0.025293179606988053,0.01667845601839645,0.01863341052241104,0.0178333422077874,0.015991294659332824,0.01879711983823196,0.02664391405758179,0.02292903998002341,0.019931532872410333,0.018458730268108466,0.018762045088020547,0.017035772170072672,0.019697721971785126,0.023803651064692406,0.022618691383601962,0.024166716230813394,0.016456681483081048,0.014986030616582576,0.017513344767548913,0.012433631602874327,0.009793383475570492,0.010492084796623063,0.011973232880227697,0.015638440986075537,0.015783456568439026,0.014832943401216506,0.014299514939637274,0.006944693385384935,0.010975655178717209,0.011000130330965838,0.01591333900325703,0.013950602251719563,0.014915759274591232,0.013083426630667562,0.006153710429512907,0.009039833438166021,0.012295540238393791,0.01262184778114894,0.013790200574751497,0.01440330355660054,0.01246764195119612,0.006314147362274968,0.008264182968903022,0.013399483283014185,0.012480536803759872,0.013873427098609389,0.015279846062078268,0.012985790209313959,0.0073435272809119,0.008763758329444218,0.015306391823550801,0.013842993855151423,0.014340690748763872,0.01606887772090649,0.01371717671985516,0.007569415058652122,0.010502568876535763,0.012845335080988417,0.013899117594014968,0.013939445563608129,0.01499271761698082,0.012985965578727665,0.009908520392579707,0.010858271644583646,0.009668552839230925,0.015554959394733291,0.016646150711481324
paired_deficit,2,98000,85.84122814447619,86.46520891704131,0.5534337162971497,0.908701479434967,38,0.6146,0.38539999999999996,0.0166,0.0078,0.0089,0.0116,0.01,0.0139,0.0152,0.0117,0.0135,0.006,0.0107,0.0123,0.0174,0.0137,0.0152,0.0139,0.0061,0.0098,0.0136,0.0138,0.0149,0.0138,0.0118,0.0076,0.0098,0.0125,0.0118,0.0127,0.0161,0.0158,0.0096,0.0092,0.0139,0.0125,0.0142,0.0139,0.0157,0.0084,0.01,0.0131,0.0148,0.0157,0.0154,0.0125,0.0092,0.0119,0.012,0.0179,0.0162,0.0,0.0,0.014745180295607736,0.02086315475638703,0.024251246256250296,0.02354618238002497,0.021566618902192827,0.017458897295039952,0.015416934326728273,0.017764875830894755,0.018338597606066667,0.027378240178372946,0.02331036537506611,0.021789535936253247,0.01748134490584449,0.018410342969450787,0.01741443693146964,0.020534049970668954,0.028509685233803116,0.024905001139804706,0.019868631110222926,0.01959668509312482,0.017846552657455904,0.01761701042561769,0.02028437212234975,0.02751100283792491,0.025683420179710453,0.018687335426776024,0.01937030386714828,0.01815585147587448,0.017740219064911786,0.02005018525080314,0.027395178562490234,0.024597078536350812,0.0177353897111689,0.019198497327564564,0.01812020928796653,0.015532530490880596,0.01897730640023964,0.026630983756806684,0.023729829531357324,0.018615886186343945,0.01929689145689685,0.0170948908459849,0.018095561787210106,0.018585854890130246,0.0237164677002438,0.022689080977658132,0.02234130012073745,0.01530202282860153,0.016248779799521024,0.0170939632667771,0.012326606284618085,0.009655819963412297,0.010187225411959495,0.011718281550176818,0.015048639363595654,0.01643141339203084,0.014661773859703676,0.014229360730117827,0.007299009944033446,0.010404022788927107,0.01151120685941209,0.014836408137377174,0.014292473871331455,0.014964961564265817,0.012418402003836936,0.006524366723363432,0.009124023515681121,0.01303711457118286,0.01324207982336727,0.014678339173952924,0.014734157265054188,0.012684708774953464,0.007198946952539349,0.008654517904592571,0.013888392625700715,0.01333457796970796,0.014445221178719946,0.014680357622435997,0.012900277523131068,0.007286243512631941,0.009473291760027671,0.014683997498167076,0.013464068267409226,0.014354897135338697,0.01622710125902515,0.013708904494452868,0.007862215842494889,0.01008787336525111,0.014059431297120013,0.013624283778892864,0.015088615407319178,0.014373473914885474,0.01400394083417832,0.010097944154715332,0.010872283786281692,0.011251593128713173,0.016478959493413443,0.015765390369024107
paired_deficit,2,99000,86.70876788976602,87.34299637505319,0.5641571879386902,0.8692463636398315,40,0.619,0.38099999999999995,0.0168,0.0129,0.0111,0.0127,0.0107,0.0124,0.0153,0.012,0.0138,0.0067,0.0097,0.0119,0.0165,0.0133,0.0144,0.0145,0.0063,0.009,0.0138,0.0128,0.0145,0.0133,0.0124,0.0072,0.0089,0.012,0.0119,0.0129,0.0172,0.016,0.0092,0.0092,0.0138,0.0126,0.0136,0.014,0.0156,0.0081,0.0101,0.013,0.0141,0.0149,0.016,0.0132,0.01,0.0125,0.0133,0.0168,0.0161,0.0,0.0,0.016257830620535603,0.019481335950793592,0.025075109026578217,0.024307708590764518,0.020697157372156938,0.018636311735426493,0.018501959519408986,0.017218458634857412,0.01789303782696503,0.028129066124311104,0.021932558650691512,0.02028037874643196,0.017120692540982408,0.017444360335793087,0.01756425303540117,0.020969069373731535,0.029062409406318122,0.02507289398897785,0.020561797446785372,0.02125395134176091,0.018312835711113133,0.018141845225605913,0.019813666067135284,0.027249198004274514,0.025527250356192688,0.018393581901780573,0.020706179247822094,0.016917240824101603,0.016667556984283148,0.020284642343356897,0.027491784009097582,0.0248418422901753,0.017725831045561725,0.01975919772916173,0.017391201776450243,0.015841659611914527,0.01901922056033293,0.025708500193507535,0.022551589255345443,0.01931098109344627,0.019896391954144246,0.018484589846833988,0.015740073644360142,0.01878604878038853,0.02328490478488555,0.02296652741518055,0.020901055348983823,0.016709029916119437,0.01411523380977273,0.015893816317083212,0.013437357501750317,0.009388341920793832,0.009876412481032243,0.012735625044916592,0.014178012147071234,0.014238076028380422,0.015106930556251834,0.014765469419046703,0.007017914952586489,0.01166788387762601,0.01284781589841356,0.015140000838187492,0.014901195568003293,0.014890862559569777,0.01245688070606538,0.0062902226345823075,0.009233726197237472,0.01275736992406035,0.012246691998889076,0.014299488427103617,0.014464709382610023,0.013231223585870432,0.007628027772159771,0.009015685117896986,0.014474288096508983,0.012611781116657962,0.015407297008244019,0.015513391191568549,0.012805607674829255,0.007488107941036704,0.009521385904369895,0.01484977372059396,0.013310473359287197,0.015018541473913613,0.016357121364727722,0.0138954982644615,0.008764769712109722,0.011133032032487961,0.013602109484572706,0.013170187615918715,0.014211829042987643,0.01635394748688969,0.013989409688232125,0.010591984650049041,0.010905011592756718,0.012624249619899563,0.01548279205612386,0.01735745773640562
paired_deficit,2,100000,87.58751776930876,88.23142495797947,0.6187001466751099,0.84598708152771,43,0.6363,0.36369999999999997,0.0166,0.0134,0.0108,0.0133,0.0108,0.0132,0.0155,0.0121,0.0136,0.0066,0.0108,0.0123,0.017,0.0133,0.0152,0.0141,0.0066,0.0102,0.0142,0.0134,0.0148,0.0135,0.0131,0.0083,0.0091,0.0125,0.0116,0.0126,0.0182,0.0163,0.0104,0.0106,0.0136,0.0125,0.0136,0.0149,0.0157,0.0087,0.0105,0.0126,0.0141,0.016,0.0169,0.0137,0.0097,0.0132,0.0138,0.0172,0.0156,0.0,0.0,0.015612524027150205,0.02023170686284688,0.023821060201888695,0.023835778454417707,0.02079244607240354,0.017209523489738126,0.016128981845030102,0.01862967958570982,0.018230331591470434,0.026894701254318656,0.02331773084549938,0.021714509166066508,0.01672934094352309,0.018047130246336876,0.017960130904498002,0.021007042365287235,0.028345207029165008,0.024166315319056695,0.02170500525530142,0.020028019634699572,0.019095087616747882,0.017784019089539176,0.021302764806631184,0.02679395000185928,0.025901225329540513,0.018238760819817717,0.019506591139692785,0.018237033899447534,0.017495187775138032,0.01876487928088323,0.02744852846076762,0.02512222880386706,0.017556310836317403,0.020094302042361352,0.0178572145311656,0.016187260430916645,0.018810083831992352,0.025703512736780107,0.02363833478273448,0.01910911939104889,0.01916411074647633,0.018090457157486514,0.016063648536071853,0.018646976361484508,0.023813924562156308,0.021762197079043887,0.021827432067348065,0.016023963223495086,0.01555372956478054,0.01662167900175371,0.012988363946735571,0.010377558496975298,0.010366852809826663,0.012619558832176452,0.0152647492112972,0.016011645559096156,0.014153638343190115,0.014444114042077245,0.008063744209156884,0.010782730126548023,0.01194887330122766,0.015692146932626064,0.014616432598279779,0.014757838734000765,0.012502529379660943,0.0070868077470583775,0.010204553597988964,0.011955786207168022,0.013136520919611228,0.013815112233046626,0.014768750544052092,0.012248365804746066,0.008293278139197977,0.008825436139478955,0.014516107833130223,0.013515794907941234,0.014673613951625088,0.015096026686342526,0.014055297481306926,0.0077780917120201095,0.00947018364288384,0.014934379807128627,0.013127371261375281,0.014832697518574349,0.016125505179753474,0.014178666826425186,0.00908643481266451,0.010510468376576316,0.013804905872915848,0.013843031542429763,0.014819292691535892,0.016098229866777704,0.014180119603008315,0.010421811282060413,0.01199231131130811,0.011866736019600393,0.016009908466201206,0.016469132116690748
paired_deficit,2,101000,88.50576227752026,89.16078220796771,0.57490074634552,0.8753549456596375,42,0.6377999999999999,0.3622,0.0159,0.0113,0.0091,0.0135,0.0113,0.0137,0.0156,0.0113,0.013,0.0066,0.0109,0.0123,0.0163,0.0138,0.0148,0.0144,0.0072,0.0098,0.0139,0.0135,0.0152,0.0135,0.013,0.0081,0.0102,0.0123,0.012,0.0126,0.0183,0.0168,0.0104,0.0108,0.0149,0.0131,0.0144,0.016,0.0166,0.0094,0.0105,0.013,0.0147,0.0165,0.0161,0.0139,0.0098,0.013,0.0131,0.0157,0.0157,0.0,0.0,0.01640691482916157,0.01948179665069607,0.025029552212176072,0.023192110692915893,0.02123867006094699,0.01654772472939467,0.015274568071484113,0.01853661679228351,0.01850828570835813,0.028512034549105544,0.021679846294520376,0.02056481604543149,0.016371134985017022,0.018640437015180242,0.01798382069759477,0.019824039284901597,0.02826363207957252,0.024937871752949106,0.019661866191771925,0.02143524780731914,0.0186019546200731,0.0194309443301683,0.020931655271110607,0.026030196322988128,0.026164038316137145,0.020923508219899252,0.019614827113004395,0.017737133410106153,0.017772051458150008,0.019028645847524894,0.02684151885078377,0.024717659980204622,0.018011171556535963,0.020417390606503216,0.01647173707386393,0.017005307876509394,0.019037803193391586,0.026728535679531165,0.023868962816581584,0.018291220219162168,0.019301650668825665,0.016434214349924835,0.01582253079921999,0.019371928740356974,0.023174197787429896,0.02258056958991899,0.022489791167114248,0.016038465891126667,0.015069401793072614,0.0158490435004949,0.013963592124972595,0.009873174557221035,0.011163250822127367,0.01257383310536454,0.01590643021246618,0.016956569443041095,0.014549082314149624,0.014529911200377752,0.007428107457813617,0.012225018713068693,0.013046949154129125,0.01599135219603179,0.01443712715118733,0.014976265531797275,0.013567051974456491,0.007602511990817587,0.010015668835461816,0.013680914459907056,0.012435814952326617,0.014425083320366232,0.013921170776512316,0.012789389621961925,0.009170617657616037,0.009232896569666074,0.012873234704634803,0.013713940816612813,0.014915090827484146,0.01516401220301104,0.01416456391846116,0.008600984324896747,0.010092155548701532,0.01483987486610467,0.013267644742746465,0.01595978150000297,0.015585158949611766,0.014197197003196334,0.008719372836657663,0.010727092287640166,0.01452606389325624,0.013894760959476688,0.016025188879576577,0.016415592254885456,0.013884480897509089,0.011175827556657835,0.011592616684235783,0.011695415138495258,0.01618585821921866,0.016983430144501353
paired_deficit,2,102000,89.36661897518206,90.03089970804285,0.6036511063575745,0.8296483755111694,42,0.6393,0.36069999999999997,0.0169,0.0135,0.0105,0.0134,0.0123,0.0141,0.016,0.0123,0.0133,0.0071,0.0111,0.0121,0.0167,0.0133,0.0151,0.0144,0.0069,0.0101,0.0137,0.014,0.0152,0.0135,0.0123,0.0078,0.0098,0.0128,0.0122,0.0128,0.0172,0.0161,0.0092,0.0106,0.0145,0.013,0.0147,0.0154,0.0151,0.0086,0.0106,0.0132,0.0138,0.0159,0.016,0.0129,0.0093,0.0131,0.0131,0.0181,0.0157,0.0,0.0,0.01591508227343861,0.01891231374057796,0.023345932188511633,0.021449410943645802,0.01933059641196909,0.01821984004596977,0.016003592131816763,0.018446547375120137,0.018160033844380197,0.028717065264262112,0.02200888569675339,0.022031793270644792,0.018018016305329017,0.01713444544913366,0.017827311429361156,0.022325299873907474,0.02830572236433538,0.022972752265003102,0.019811257129963997,0.02167100882015132,0.019149666781503802,0.020495412234927873,0.021132518705923906,0.026119143250879023,0.02633923276153894,0.019512802619727827,0.02022805766543579,0.01899892098472649,0.01663577010083109,0.01904694883388148,0.026808274006991463,0.024905620776040825,0.01639822764330405,0.01803940582246848,0.01866994834127813,0.016129900911907562,0.01874769239783944,0.02509579112339496,0.021335654652531198,0.017716238077521925,0.01943652821048289,0.01770198376830105,0.018306228227975195,0.020092952474274083,0.02488251771905991,0.02166838860297165,0.021700208422247125,0.017206139108309867,0.016892918949448683,0.016486719742909592,0.014256530182964928,0.01118868013745404,0.01250098133244876,0.013928036256347295,0.015087251068032756,0.01630828769148002,0.01465694303480594,0.014816134073905515,0.0075893027042298515,0.01203572679774935,0.012098000861898512,0.014992528358634911,0.015525791759153307,0.015007299431364559,0.011973033454026378,0.0077567446438355425,0.011407840138727907,0.013751692231197658,0.012425771293922973,0.014287605830841158,0.0132001649087948,0.012798380471018413,0.009347876888709448,0.009078398066570716,0.01388008335196075,0.01334609887112369,0.01427472714878182,0.015948976039276565,0.014358681694492621,0.008949156655785126,0.010070388389284462,0.016074281458549083,0.014938665344810738,0.014463297845239049,0.016259950610009368,0.014448565209220755,0.010055987184564704,0.012579695197200869,0.015123219331588937,0.013932861562946059,0.015211207625804607,0.014714974614283005,0.013478647644631817,0.010125437090001252,0.012349459357786788,0.012288379078142734,0.015515245706196055,0.015692916443370546
paired_deficit,2,103000,90.23700617300346,90.9102842080174,0.5837389230728149,0.8647024035453796,43,0.6529,0.3470999999999999,0.0161,0.0146,0.0109,0.0142,0.0131,0.0138,0.0158,0.0118,0.0138,0.0068,0.012,0.0131,0.0163,0.0133,0.0142,0.0146,0.0076,0.0108,0.0144,0.0135,0.0151,0.0134,0.0123,0.0089,0.0096,0.0125,0.0121,0.0128,0.0173,0.0158,0.0107,0.0109,0.0148,0.0133,0.0149,0.0164,0.0162,0.0097,0.0113,0.0136,0.0151,0.016,0.0158,0.0132,0.0099,0.0129,0.0149,0.0175,0.0153,0.0,0.0,0.015211184917128705,0.019338283501781715,0.02532677821159128,0.021999810008695928,0.01984721594163185,0.01679793004453307,0.015408189544607138,0.01876749298161555,0.017585341503813662,0.028428743636771718,0.021596967665270438,0.020305316659122094,0.01925092357476162,0.018286226306219927,0.020236218682042142,0.020413015019335956,0.026764792156850514,0.024188317618104496,0.02180080305264452,0.019235114540052507,0.01931568568313556,0.019111147249203982,0.022165984559338422,0.026047310368084553,0.02695577737476925,0.019190748913618653,0.02040637111997399,0.019042017581382888,0.018031693103754316,0.01997654156198802,0.024974422742789368,0.025485335482127218,0.017381693116203363,0.0190417032980301,0.016664154605038922,0.016259359872257528,0.018364951677769824,0.024445149891033954,0.02349981792542129,0.018479863189558444,0.01838194073097118,0.019216759162644533,0.01677440093451658,0.019117359314925503,0.025458632881057035,0.022693738078230684,0.01995454307102553,0.01638988799397023,0.01638434295060416,0.017072176199818927,0.014109076570426933,0.009958161979368961,0.01241615352028673,0.013841075399491521,0.015914902039351524,0.016742880380960834,0.014419147569898937,0.015223131620508281,0.007848507866324189,0.012572940062620469,0.013373270004645093,0.014051302765968856,0.014980833188185633,0.013498388704306113,0.013378149091989526,0.008980165252002011,0.010810556754941678,0.012395248627601699,0.014140179528327844,0.014085382900996644,0.014263552479662552,0.012225012810504627,0.009507188834487897,0.008889338247998412,0.014209415197095048,0.013382667623853824,0.014271505232272502,0.014919566828639545,0.013753120735428625,0.010236862277384884,0.010123764300026225,0.015596008376539947,0.014232656477133253,0.015888695536064854,0.016398372403074367,0.014731979374493664,0.010714009511160381,0.011239744544486634,0.01461476528018086,0.014876675078732653,0.014191725564453323,0.015930904243412095,0.014259327638891109,0.009868487302951055,0.011944211378647268,0.013689956961805638,0.016270537414959613,0.016196183612229985
paired_deficit,2,104000,91.13369280577172,91.81637262494769,0.6079328060150146,0.846248984336853,45,0.6593,0.3407,0.0167,0.0145,0.0118,0.0145,0.0133,0.0135,0.0159,0.0125,0.014,0.0075,0.0126,0.0137,0.0165,0.0141,0.0151,0.0152,0.0078,0.0114,0.0144,0.0137,0.0153,0.0138,0.0127,0.0106,0.0097,0.0125,0.0121,0.0131,0.018,0.0166,0.0119,0.011,0.0145,0.0131,0.0149,0.0165,0.0166,0.0102,0.0107,0.0129,0.0148,0.0146,0.0169,0.014,0.0084,0.0122,0.013,0.0148,0.0152,0.0,0.0,0.016263988630519477,0.01895475685728671,0.024759703441320245,0.021789345141806554,0.01952759761198802,0.018026214786050786,0.017226385163145248,0.018701731321928417,0.017771542151788375,0.02807401865029402,0.02142708539407491,0.021929816764439176,0.016247780897980738,0.01871496915785304,0.017019540638353654,0.02251354385837267,0.02724781591488843,0.024485311631040167,0.02109001556454855,0.019090367874567866,0.018057191921634894,0.020301025085922034,0.022751302631272004,0.024428038160321037,0.026034399170638108,0.01957274221898334,0.019914227041935094,0.018870801752098224,0.017770466605251233,0.0191555095125664,0.024707089995064845,0.02540776359448374,0.01738217206250403,0.020403419499234035,0.018329582000960885,0.01726119209023358,0.018960489519660024,0.025837164368723436,0.02341252059922789,0.01907495113939177,0.020071002402178986,0.01686782814416195,0.01701874112033142,0.01963275302350736,0.024610899917753913,0.020696778072658874,0.02142993881225818,0.015993148349310763,0.015185329735484877,0.016259116410097866,0.014494469466706095,0.010525100000591089,0.012516227761723757,0.014149538180643077,0.015077838912279855,0.015692115718142545,0.014546893211184526,0.015287616760715666,0.008420594237925658,0.012837187250939248,0.012422065065081755,0.01634810598027722,0.014538019459283569,0.015752645329479592,0.012108898811818954,0.008974424798723377,0.010748096253958672,0.01302407361883174,0.014442627491893019,0.015135198930953532,0.013513897093806482,0.01183233387467603,0.010747426023855524,0.009748755001447354,0.014041151282518358,0.013812242900961818,0.014589809803846814,0.015249275234535169,0.014359898433604152,0.010638493504550744,0.010129746705682108,0.015431436693474094,0.013367133788803411,0.015069794502938686,0.0155515960030301,0.014568751676697033,0.009880967903041785,0.011506285468633233,0.014335774330817784,0.013629026278818356,0.01593246814786912,0.015909431272409392,0.014000924088756833,0.010585785341373728,0.013248610997320442,0.012874337011940802,0.016401606958036878,0.017021239044307166
paired_deficit,2,105000,92.01523780880962,92.70790370798204,0.6068105697631836,0.8575431108474731,44,0.6489,0.35109999999999997,0.0167,0.0147,0.0107,0.0132,0.0131,0.0143,0.0156,0.0113,0.0135,0.0073,0.0109,0.0127,0.0158,0.0131,0.0157,0.0157,0.0075,0.0104,0.0133,0.0139,0.0155,0.0145,0.0133,0.0108,0.0082,0.0123,0.0116,0.0128,0.0166,0.0162,0.0108,0.009,0.0139,0.0124,0.015,0.0161,0.0173,0.0112,0.0104,0.0122,0.0151,0.0159,0.0168,0.0144,0.0094,0.0125,0.0137,0.0166,0.015,0.0,0.0,0.014993960382630036,0.017722667696474525,0.02351661909658972,0.02293299195943827,0.01938523729555575,0.018545765790345843,0.015665901413995986,0.018356950783839136,0.0176090891687037,0.02813483201360583,0.0236718409364454,0.021157971433525838,0.017473714216846827,0.017975885478667672,0.01822491184087805,0.022586135854866955,0.028448990745943085,0.025065891522740767,0.02114745973709225,0.020133307712825038,0.017922280265176466,0.019581679536043096,0.02168773876508054,0.02530482684179558,0.02647547305492271,0.018846707504568634,0.02042813143420355,0.017856209932208995,0.017381920753457004,0.02076002576529036,0.0241594567907389,0.02540229826017012,0.018781899174849598,0.019266051418316048,0.017767183964119818,0.01685405132018898,0.02012562199486502,0.02409715935238834,0.02248216068131137,0.01931644100183115,0.019641139751698865,0.017725069744428702,0.0147307003084028,0.020393281477228877,0.024802546869515378,0.0213488643769221,0.02039111251373265,0.01657039439226028,0.0171494476732733,0.017191859893381515,0.015487217035373868,0.011545559097125332,0.01212217731499974,0.014440059834233876,0.014871330869749354,0.016791917862878026,0.015072815866258252,0.015561422190189234,0.008567368149634014,0.011522271788977988,0.013203740466545063,0.015688930274560003,0.015204592765779878,0.015080956909641511,0.012387854047844035,0.008323053848723866,0.010572423231024928,0.013171545656032995,0.013951317091958931,0.015239615082445682,0.014194529176827803,0.01289668590000356,0.010416317735652625,0.00961242771777529,0.01467471424746522,0.013641510086163974,0.015282781333873476,0.015709839921545607,0.013385608446724397,0.011164631379328663,0.01046982346558117,0.01467799348436315,0.014478865982876895,0.015340945371339917,0.016093779519239557,0.013800088462655348,0.011244395155777076,0.012377659967552863,0.01444594455909013,0.014116619065446588,0.015407522686450157,0.017402920172787096,0.013703341383254146,0.010783538769094055,0.013039960375149064,0.013626633449271687,0.016240040835849266,0.015705473391458554
paired_deficit,2,106000,92.88492835720535,93.58739454206079,0.6063172221183777,0.898334264755249,46,0.6688999999999999,0.3311,0.0169,0.0141,0.0117,0.0147,0.0136,0.013,0.016,0.0123,0.0136,0.0091,0.0122,0.0144,0.0165,0.0138,0.0149,0.0144,0.0095,0.0113,0.0144,0.0149,0.0155,0.0137,0.0129,0.0122,0.0097,0.012,0.0125,0.0127,0.0169,0.0159,0.0122,0.0104,0.0142,0.0133,0.0144,0.0162,0.0159,0.0115,0.0113,0.0135,0.0162,0.0158,0.0168,0.0138,0.0107,0.012,0.0138,0.0169,0.0147,0.0,0.0,0.014590903406898895,0.01897813876249753,0.023951654022413168,0.024495528395573736,0.018488330663105935,0.018614031702279897,0.0176661763694036,0.016766384240907768,0.019060628036495116,0.027115146978200395,0.022848451504232356,0.020931720145079304,0.017283367361050024,0.018473435066067315,0.017595658201103818,0.020425537561902074,0.025227533246047026,0.02457286559724186,0.020682808095730823,0.021698468394183476,0.017779903799940783,0.018485670614171713,0.021086281087662223,0.02420687772682316,0.026512580485702902,0.020258996676086483,0.02095934815589571,0.018457217340312658,0.018077950394601208,0.021472640175050753,0.02371272218590897,0.025092857358825757,0.017460972317484374,0.01896345687404661,0.018364045919291354,0.015636162330529613,0.018903953635348032,0.024988186569018384,0.023563517953344746,0.019722505329917976,0.018222003215893075,0.019538534565028264,0.017659534077473768,0.019903406505257973,0.025329752689187753,0.021183739339780676,0.02276766356582744,0.015115103952784637,0.01710764740838891,0.017496029584684422,0.014631461178414863,0.011506499130923668,0.011156228372899986,0.015064099199208904,0.01513939411022399,0.015554527739564512,0.016212144781229308,0.014578335710553506,0.009430056069697927,0.012295118321064056,0.013451423511618548,0.015722942764524864,0.015073692392643653,0.015560880970629881,0.01381648217149926,0.010645733669977276,0.011223608487980735,0.01357266753920848,0.012801365559487368,0.015520346499340362,0.01518299984732279,0.013234694313772472,0.011224940215720205,0.009740001242705434,0.013845614297768274,0.013277380277061252,0.015006012075044282,0.015172145909663905,0.013024930435683564,0.011660378114046133,0.010615281319549365,0.015569497558170251,0.014601854237365066,0.015261329653197951,0.0168228527380102,0.014757363536575233,0.010799879822343462,0.011639282436385377,0.014191130173803326,0.015196559244526958,0.014348675144116545,0.015480680566842448,0.01423087460755373,0.010658026405026836,0.013367240892946275,0.01215183557981113,0.017158429337964177,0.015797048974167893
paired_deficit,2,107000,93.74792618490756,94.46065483300481,0.6144148111343384,0.9027130603790283,47,0.6733,0.32669999999999993,0.0165,0.0149,0.0134,0.0144,0.0132,0.0138,0.0159,0.0127,0.0147,0.01,0.012,0.0133,0.017,0.0143,0.0146,0.0151,0.0092,0.0107,0.0139,0.0145,0.0157,0.0142,0.0133,0.0127,0.0101,0.0127,0.0126,0.0129,0.0167,0.0166,0.0126,0.0108,0.0139,0.013,0.0143,0.0139,0.0159,0.0118,0.0109,0.0134,0.0151,0.0161,0.0166,0.0138,0.0094,0.012,0.0148,0.018,0.0154,0.0,0.0,0.0165776250777036,0.01932380409735472,0.02240386042257564,0.021891534457852427,0.019356072752438933,0.018333709170959486,0.016669491949641665,0.017202580178021197,0.018783372360606114,0.027213092499810562,0.02220519776454421,0.02073198503057918,0.01902130344211468,0.016436362133886228,0.01775347360121463,0.020916617917996042,0.025112647699348775,0.027447898616261318,0.02054162627619182,0.020768865212336438,0.01783437259000263,0.02102896201440013,0.021105020302020765,0.02102843671426766,0.027512992977633877,0.019316232723287904,0.019981956227127274,0.020427677416705155,0.018789494284530025,0.020217701499473443,0.02279449595817562,0.025516861856498173,0.01723986842506226,0.020383865593757725,0.0173062241618884,0.01779451096928521,0.019876233555504108,0.024219428538730565,0.023415195340504638,0.018238093187522095,0.01909698811198414,0.020034797028036823,0.01868351700870227,0.017955587306284854,0.024395507199045357,0.02147980729625485,0.02037014941969844,0.016578094148563476,0.018686807483614315,0.01630502746530402,0.014557711969819958,0.012597959854058063,0.012884875773707272,0.014459055343642785,0.01510955617230492,0.016207512691176814,0.01594644883449913,0.014862510791720296,0.009381732456445012,0.012646238245194766,0.0137398515488182,0.014632997021140428,0.016316784053104202,0.015556868539476276,0.013544249901137586,0.010796310659602206,0.0093104570121284,0.013782846402572067,0.013560135739561194,0.015544457317017996,0.01331651855230041,0.013424374830125515,0.013355915285813473,0.009386226823958396,0.014484404419496177,0.01425613601466709,0.013777223816452966,0.014819553085887798,0.014028013012202595,0.012271284588559613,0.010617245703948513,0.015883660884924267,0.013844162531577199,0.01580237811947875,0.015491695130970127,0.014284341839502883,0.011442765571469985,0.011876351249902517,0.015248518899299617,0.014623903521299495,0.014144389918022495,0.015043233408127514,0.015389206845399055,0.011291669234858998,0.013107783540111287,0.013970077242476795,0.016343791508875622,0.01504113977265795
paired_deficit,2,108000,94.63289069873281,95.35581324994564,0.6325787305831909,0.8353098630905151,47,0.6817,0.31829999999999997,0.0168,0.0153,0.0135,0.0149,0.0134,0.0138,0.0157,0.0131,0.014,0.0107,0.0126,0.0139,0.0168,0.0136,0.0151,0.0152,0.0103,0.0108,0.0144,0.0145,0.0157,0.0137,0.013,0.0135,0.0099,0.0121,0.0121,0.0127,0.0177,0.0167,0.0137,0.0111,0.0143,0.0127,0.0137,0.0168,0.0165,0.0135,0.0118,0.0131,0.0155,0.0161,0.0175,0.0135,0.0093,0.0128,0.0135,0.016,0.0148,0.0,0.0,0.0180635842505786,0.019444032543980028,0.023468694371253464,0.023178313354295987,0.020887450378908427,0.017574278937511498,0.016658343093135117,0.018292989617313904,0.01877700258484202,0.024707813399181676,0.02432544121114354,0.020673072773598464,0.0172369827133491,0.017470695445189546,0.018793900920045896,0.02166102832297693,0.02454197246742616,0.026675778483926417,0.02063709170923101,0.02003085761318084,0.019109882869819732,0.018687701630816976,0.022483735960522805,0.022583355845524133,0.02693890320341248,0.020391070355800657,0.021067802784661537,0.018984735581327038,0.016675308256616363,0.02177169583457686,0.021446550009032832,0.026650521285056634,0.017752336809577222,0.019370838938183775,0.019344340389559067,0.017131556445353975,0.019480653091042303,0.022947394579946857,0.02354187751683036,0.016998779493023683,0.019987308846245527,0.018106695626451227,0.017979666588723506,0.019237063050044537,0.02346905689912772,0.02090781438091443,0.01986879530808994,0.016584506815586594,0.01740072741306265,0.015570660838608759,0.014761601395134745,0.012249860978048699,0.012311078213399638,0.013874792127988554,0.015793155988638494,0.016355890059985646,0.01535159341692666,0.015093287286280531,0.01129325662583986,0.011684429038218121,0.013811189270516916,0.015961322061074326,0.015817733273800934,0.01504384276113472,0.013477645122156734,0.011434208732296225,0.010123237713416864,0.013794232872125691,0.014283879407498461,0.014810646785345806,0.01522627714361987,0.012737813739761527,0.012676609121754574,0.00996157874398404,0.014062571349242936,0.013685861939841561,0.015239097468731071,0.016345466976780104,0.013175278046346132,0.013375041638210468,0.01029500527006462,0.01580094801962377,0.014728445195121327,0.01486191291413877,0.01622140651358616,0.014778164907165402,0.012492012944776778,0.012165836104627759,0.01610766972156248,0.014271572465838184,0.01566136150526215,0.015544093300633628,0.01481063463081475,0.012171513247616315,0.013784155861148067,0.014422509995498989,0.01644031620563081,0.01593884534088064
paired_deficit,2,109000,95.52350075903814,96.25726624997333,0.5989034175872803,0.8587853908538818,49,0.6867,0.31329999999999997,0.0166,0.0147,0.0137,0.0148,0.013,0.0124,0.0158,0.0132,0.0144,0.0114,0.0123,0.014,0.0168,0.0135,0.0151,0.0147,0.0107,0.0108,0.0141,0.0144,0.0155,0.0138,0.0136,0.0146,0.0102,0.0122,0.0125,0.0126,0.018,0.0168,0.0142,0.011,0.0138,0.0129,0.0138,0.0155,0.0167,0.0137,0.0119,0.0132,0.0167,0.0167,0.0162,0.0141,0.0115,0.0131,0.0139,0.0164,0.0152,0.0,0.0,0.017104420925689857,0.016902327425051347,0.023233079694348707,0.022413171773351698,0.019159670555107262,0.01629336387538486,0.016920922578141366,0.01824618791691021,0.020912343703068485,0.025370980991792,0.02555817922506825,0.02231828851782329,0.019340413970660747,0.018395800935894914,0.018579553731520565,0.020445277103213248,0.021648382226854498,0.026966645571906853,0.020156524745029044,0.021180812704098287,0.018986853501241678,0.019376918198567246,0.022845496812061522,0.021709985214597376,0.026235114509492542,0.020501667190809186,0.019857754501505225,0.020010546919527666,0.019121702520222782,0.021773004193992786,0.021133582317596218,0.025038770294756936,0.01911457793883245,0.020113410038839215,0.018988671348893066,0.016624580216703815,0.019386018965169546,0.02232783407479994,0.02144868962676221,0.019856308583812897,0.01944548940779168,0.018207326022164492,0.01847360037756683,0.020162551683217306,0.023122144785134323,0.020692410523288067,0.022637665731045833,0.01482659997409501,0.0168343763565966,0.016263500055918607,0.016191605525790624,0.01248168174795626,0.012826147361133957,0.014891177007068693,0.01664162296561892,0.016336499514654303,0.015409975954188054,0.013977074120473408,0.011137008542596798,0.01098362457336801,0.01304034231599478,0.014741734978064212,0.015318607676578055,0.01520639032707016,0.013988872965863208,0.013293202327819217,0.010123477875870725,0.014243338272356281,0.013578745806903294,0.015074840927815606,0.014758504441990655,0.012523065095857835,0.013255581545056506,0.010570221973707841,0.013954435687524185,0.014425796475105886,0.014254361546856897,0.014875301486217789,0.013295221019911886,0.013607589279849923,0.011222701242446351,0.014996839949354182,0.014347793310149508,0.014995605773031004,0.01651747501619269,0.01490919662773742,0.012878262869428544,0.013532341574035635,0.014387616993241675,0.014716628184677033,0.015472771311205934,0.01534922076195444,0.014200595137039512,0.012354116905549991,0.013955136735526523,0.012649986990991638,0.017576434326452207,0.01646747806476552
paired_deficit,2,110000,96.40066564863082,97.14361262496095,0.6191914677619934,0.8651940822601318,49,0.6976,0.3024,0.0162,0.0151,0.0158,0.0152,0.013,0.0136,0.0161,0.0129,0.0154,0.0123,0.0128,0.0142,0.0169,0.0138,0.0152,0.0155,0.012,0.0113,0.0139,0.0148,0.0149,0.0136,0.0131,0.0146,0.0101,0.0123,0.0124,0.0132,0.0176,0.0163,0.0148,0.011,0.0141,0.0133,0.0141,0.0158,0.0168,0.0137,0.0122,0.0131,0.0165,0.016,0.0165,0.0142,0.0115,0.0131,0.0137,0.0177,0.0154,0.0,0.0,0.017183362659077897,0.01897758538694175,0.02041140481385545,0.023140629812185363,0.02030210609718803,0.017509615070325175,0.017979943445339486,0.01649934928799482,0.02058516753026412,0.023936163231092444,0.021852264135263248,0.020762352648303894,0.017397957651382297,0.017141627846464794,0.01839515814439812,0.02345262896307729,0.021263872629546363,0.025247886715102766,0.02171158154684687,0.02178544492577482,0.019463066759108128,0.019929774372660566,0.023251405905684728,0.019981349249030327,0.027662228616256473,0.02132420902645411,0.020406750909162562,0.01924586300116312,0.01906480053750986,0.021229216494115282,0.022278804807179003,0.024206776241445623,0.020116474239940126,0.021105763793384448,0.019184519853176048,0.018777702349815822,0.01937480707392617,0.022738082864516243,0.023069990383727444,0.01830300769637466,0.02073470361755813,0.017271904906062924,0.017748419917082158,0.018514806889187305,0.022057557523303944,0.02174184534675333,0.01952832371015947,0.017725274888015403,0.018426466486821544,0.016185731160963533,0.015122573481446747,0.01431203347051516,0.012655782384592956,0.014415860376952395,0.01603147443080788,0.015752783710851145,0.016630102353728186,0.01413094624431289,0.012106268046754024,0.013497322005405585,0.013986893591187169,0.01617576147444974,0.01621046091488078,0.015428625323191409,0.012470908852381946,0.013728782941383272,0.011407137874488757,0.013541620267660136,0.013419727892895134,0.014873966429018587,0.014636483673108266,0.012551080065922877,0.014488735738759112,0.00985934418868556,0.013693030911977638,0.014314791118401983,0.015002669426529976,0.015149019581354398,0.013827443260635298,0.013244577469328181,0.012024042664571168,0.01444773060303619,0.013861532039348246,0.014960893001238889,0.015280075672698777,0.014770014262858117,0.012894309559694565,0.01281482692367479,0.015756666109040817,0.014159526885697965,0.016250453396544615,0.015772784316448633,0.01547491555949516,0.013336613937851474,0.013601812604796025,0.014874361249931339,0.015786498787351725,0.015722573721897164
paired_deficit,2,111000,97.29152052034624,98.04396220797207,0.6255332231521606,0.879615068435669,49,0.7041999999999999,0.29579999999999995,0.0171,0.0152,0.0145,0.0155,0.0133,0.0148,0.0158,0.0141,0.0145,0.0125,0.0124,0.0138,0.0173,0.0137,0.0159,0.0147,0.0115,0.0114,0.0135,0.0146,0.0152,0.0137,0.0135,0.0142,0.0102,0.0125,0.013,0.0129,0.0187,0.0174,0.0149,0.0114,0.0144,0.0139,0.0136,0.0165,0.0167,0.0144,0.0118,0.0131,0.0167,0.0168,0.0168,0.014,0.0113,0.0125,0.0143,0.0179,0.0158,0.0,0.0,0.014433924223956215,0.020418145761770957,0.021913622669778497,0.02255787140164182,0.020070865917921073,0.01811250327514504,0.018208818031787317,0.018198660812444867,0.0185275388337382,0.022357320942168996,0.024259852601806527,0.020109995231246108,0.018000072680900918,0.01906952800540549,0.016834130710811863,0.022654981771679135,0.023113624686034607,0.025658919333490196,0.020900915337181122,0.020814261134983195,0.019811974543400772,0.01946352459500278,0.022488228323865135,0.020842753612338435,0.026614168072737907,0.020682336487560057,0.0217916056453906,0.020445339955186933,0.017471548007076752,0.02236189849637345,0.019533015159443178,0.027171063035666118,0.02029833105295513,0.018104986926378935,0.019814865426703063,0.017430369069984228,0.01956603511865755,0.021997548002415213,0.023277581977538014,0.019410555236982922,0.02113357398641847,0.017828695917995574,0.016733894749351018,0.020818564597850562,0.023072876856342548,0.022145746171435256,0.020273700868146026,0.016744315079140534,0.016455349663770675,0.01790364137673212,0.01431082129138515,0.013559436623850894,0.013107132313913396,0.014551583734124842,0.015923374682406087,0.015633060124600556,0.015717084432020925,0.015604197257724153,0.013262674410724012,0.0122748725668126,0.014489794950417707,0.015871486809847263,0.015250347744234019,0.016431477766269346,0.01312885566428462,0.01286247611130529,0.011384170376782578,0.014069491486904655,0.014158882699990091,0.014701947702380706,0.015177764741199848,0.013147580975269755,0.01433764678477729,0.010712174933216145,0.014352691962820366,0.013552179044659067,0.014334089418771848,0.0161003286503787,0.013377203269753977,0.014824904659505513,0.010388730644341156,0.014497597108517576,0.015654302673644874,0.014778393678945094,0.01624143285444527,0.015001039185313366,0.013510692836709155,0.012728187306370969,0.015013216815271076,0.014246863471098038,0.015931959839700426,0.016528757257681752,0.014156383251118232,0.012847079928430243,0.013502744421465422,0.014511902306338998,0.01660083013585811,0.016729598590536396
paired_deficit,2,112000,98.15872510464396,98.92137016705237,0.6086450219154358,0.8677530288696289,49,0.7041999999999999,0.29579999999999995,0.0162,0.0146,0.0148,0.0158,0.013,0.0141,0.0156,0.0136,0.0143,0.0133,0.0127,0.0138,0.0171,0.0134,0.0151,0.0152,0.0122,0.0114,0.0138,0.0144,0.0152,0.0138,0.0137,0.0152,0.0109,0.0122,0.0129,0.0132,0.0172,0.0161,0.0154,0.0119,0.0137,0.014,0.0143,0.0159,0.0163,0.0149,0.0117,0.0134,0.0163,0.0169,0.0172,0.0142,0.0125,0.0135,0.0149,0.0174,0.015,0.0,0.0,0.01763298546398244,0.019113005912791928,0.02253676412447264,0.020642866147720734,0.020996110341899347,0.018665750561620197,0.019724072475109836,0.017618027289162133,0.018416885797519083,0.02227058890239919,0.023779745584643314,0.021150534071014766,0.01873108794674134,0.018011346660356916,0.019258760968844196,0.022987618001310117,0.022001592423500888,0.025660902932158905,0.021948413454430205,0.02061603652686602,0.01982959322081316,0.02009251962923102,0.023103238174920587,0.02075551243902076,0.02816320231522735,0.019357648011939992,0.021119089385013765,0.018526691836446445,0.018665561937795064,0.021816972635718496,0.01969906532448811,0.02624280152167885,0.01901774490555564,0.020591403485102355,0.018342031020169063,0.018277837739649014,0.02073308400218911,0.021937128786303994,0.021560222285299538,0.018111778631493852,0.01889319619397875,0.017392404276745828,0.01911396362320046,0.019294849543374345,0.02059945724180614,0.021127579596862654,0.022117753362612645,0.016876709096995984,0.016877864189822744,0.01603230421256019,0.015185619071657403,0.013383216942083276,0.014388546752854005,0.014186463997469244,0.015441483414836563,0.014875104659505079,0.016275236435107737,0.01562291563549021,0.01334017707155091,0.012515886271819085,0.014098121787772078,0.01544316792240949,0.01585491510669072,0.01521942350740976,0.013047168966394821,0.013533126176172871,0.011400657577546068,0.013641673622671428,0.014482020352484512,0.014892863704753675,0.014664324645719956,0.012902900364755174,0.014285041939845249,0.010008213028141113,0.015162852539025929,0.014194235558412928,0.015794473164545145,0.015519716322122633,0.013873117845968019,0.014967535666469214,0.011184954481571436,0.015240115669592436,0.014417987340506238,0.01566573830578428,0.015624336782683431,0.014297872724861979,0.013570004317814134,0.013746561226428946,0.01587558532104798,0.015467617079325029,0.016248060092307726,0.015146008687894823,0.01535502807657425,0.014413379974347868,0.01422844100645709,0.01354479821521659,0.01642588976337493,0.016503353961739676
paired_deficit,2,113000,99.05435610911809,99.82810754200909,0.6358916759490967,0.8564360737800598,49,0.7149000000000001,0.2850999999999999,0.0157,0.0147,0.0151,0.0156,0.0127,0.0148,0.0157,0.0134,0.0145,0.0129,0.0128,0.0132,0.0175,0.0135,0.0156,0.0158,0.0134,0.0115,0.0144,0.0152,0.0156,0.0139,0.0138,0.0153,0.0116,0.0121,0.0128,0.0126,0.0181,0.0168,0.0153,0.0129,0.014,0.014,0.0141,0.0161,0.0167,0.0156,0.0122,0.0139,0.0162,0.0171,0.0175,0.0154,0.0131,0.0134,0.0149,0.0168,0.0151,0.0,0.0,0.017343090874227314,0.01855219483410509,0.02218448451195336,0.021106485427823726,0.02043733035185248,0.017165803770755945,0.018319917724325403,0.01726585446293046,0.0191848623141425,0.021131714136578144,0.023902513932169855,0.022984772395544383,0.01818525256223503,0.018701487708971593,0.019293646862709464,0.021453608345561148,0.021284785659202297,0.02578865528424551,0.022074360500552184,0.01945396465862488,0.017583884998488356,0.02003130720911962,0.022271440122129716,0.02034235004933438,0.02746269633534086,0.020800548819996982,0.020252522170819336,0.02051205868089449,0.019857366529382137,0.0227038201501406,0.01903797541614522,0.027006257905084763,0.018908916193640157,0.020941257072645804,0.020620171494625264,0.020028430301697375,0.021037183533414626,0.02309515334727764,0.02273023922055065,0.019814236078584166,0.01990138532170267,0.01855363787597491,0.01670331673820385,0.020412936301475136,0.02107834740959181,0.0223762006349229,0.019831722137901596,0.015644398779806126,0.014645452852598119,0.016446556189383156,0.015692339806101636,0.01377846973432438,0.014146876559668075,0.014560108689373845,0.016428501838393807,0.01586128406785805,0.01637255676409484,0.015182322846493828,0.014093706990990619,0.012817803881116908,0.013174724928091845,0.01593658442145768,0.015569797614005707,0.015160556585393972,0.014109026778830757,0.014242489402672214,0.011567822834734667,0.013722859979225868,0.015188099618084431,0.01619472449172941,0.014865268549339337,0.013573597001524662,0.014652281067634814,0.010553628838633193,0.014396071303251538,0.014741572378934562,0.014635510552217026,0.015001592987663095,0.013409949233473571,0.015420707195026563,0.010965104278243768,0.01545381039058636,0.01435645435108757,0.014457869903264406,0.01482781472186314,0.014185627912082648,0.013073941010561453,0.013395176553496289,0.015181960124906201,0.014898854118899171,0.015691532904291476,0.016765234458552058,0.014651874044389413,0.014318860419038727,0.013475955849598993,0.014937807492523571,0.017240159242550478,0.017876862128456808
paired_deficit,2,114000,99.91256522969343,100.69719587499276,0.615556001663208,0.8333497047424316,49,0.7182999999999999,0.2817,0.017,0.0159,0.0163,0.0163,0.0133,0.0151,0.0158,0.0136,0.0146,0.0134,0.0126,0.0143,0.0168,0.013,0.0157,0.0162,0.0127,0.0112,0.0137,0.0146,0.016,0.0134,0.0141,0.015,0.0117,0.0126,0.0129,0.0131,0.0181,0.0173,0.0156,0.0124,0.0147,0.0138,0.0136,0.0156,0.0163,0.0149,0.0122,0.0142,0.0162,0.0166,0.0169,0.0145,0.013,0.0141,0.0146,0.0176,0.0152,0.0,0.0,0.01689084540372274,0.02016229057850738,0.02297389661164123,0.02163399707128704,0.021988584723535647,0.019576159116864923,0.01671305334190324,0.01731941192357798,0.02127171114617571,0.020367385051756077,0.024277455343833278,0.021163347778716545,0.018725778507426183,0.019615453508516005,0.01587643131304824,0.022025679781580258,0.021388831966277846,0.025187121443439816,0.020416238738795382,0.021589883578314456,0.019266062042334303,0.021101323233123935,0.022393889770876224,0.019370513145531676,0.02668250325617752,0.01814534648351846,0.021970770824250856,0.020103025737443866,0.01884864981483107,0.02186279429094114,0.019946281060372106,0.025772422673885798,0.018998065108278374,0.01849670993643568,0.020854213179426047,0.01825165221422058,0.021363549176273332,0.022507000923230762,0.023002179170474348,0.01952114055126255,0.018720680756418376,0.016400021964390016,0.017432130098686882,0.01975991337362524,0.020534926392169972,0.021336052841872292,0.0213065107798973,0.017766215457761577,0.019121898813369675,0.01660539568884446,0.014768323602023457,0.013111348067581062,0.01386376539791001,0.013703710063596865,0.015253714299746394,0.016822421889044738,0.016481922701228644,0.014067206178638963,0.014535965799042226,0.012301212829751102,0.014206182364264063,0.015653118464170366,0.015114461129617729,0.01713597495598143,0.013604754423909547,0.014001437266766741,0.01190757954241374,0.014703844629821678,0.013927599722673187,0.015271598558274067,0.014397262097094124,0.013554236999335844,0.015095756795136622,0.0110678515199195,0.015783746156485555,0.013713713415444473,0.014840666129482524,0.01542787038012955,0.01389153487529313,0.014772435721932292,0.01153984255900135,0.015383029085240404,0.015586438863470699,0.01437977614715989,0.015841237931780393,0.014210947256045253,0.013412594706641995,0.01301734106540763,0.015050234841540612,0.015695043593858978,0.016802891398280617,0.016340501083951967,0.014994277543467915,0.014520008366533416,0.014070137755799732,0.014086727028901323,0.016152896262540864,0.015586928069117836
paired_deficit,2,115000,100.76817396190017,101.56351316696964,0.6401677131652832,0.8357239365577698,49,0.725,0.27499999999999997,0.0159,0.0159,0.0163,0.0154,0.0133,0.0154,0.0148,0.0133,0.0148,0.0145,0.0133,0.0146,0.0176,0.0132,0.0156,0.0166,0.0137,0.0118,0.0146,0.0156,0.0155,0.0141,0.0142,0.0156,0.0121,0.0127,0.0137,0.0132,0.018,0.0171,0.0159,0.0132,0.0135,0.0141,0.0136,0.0156,0.0164,0.0148,0.012,0.0133,0.0161,0.0167,0.0174,0.0151,0.0137,0.0138,0.0153,0.0168,0.0153,0.0,0.0,0.01849698261916925,0.018639942017465026,0.02288213151532175,0.021013107514896656,0.020308924241087926,0.017773559355936122,0.016744297882579424,0.01881094940623951,0.018981337848166337,0.02151501394488872,0.022697401944429256,0.01889231570383948,0.01976945538509139,0.021151169496727195,0.018969542930118228,0.021787099264780452,0.019738653875164498,0.02484972677859818,0.020537883269048728,0.020992367768733037,0.017995696883367898,0.01966866385769217,0.02413274867873094,0.0218345030205042,0.02714669704098581,0.01936813383476116,0.0211324311165848,0.019526410311208147,0.019292932864882997,0.021309164299064737,0.019537493048519667,0.02565077312699219,0.021185231505892483,0.022884357651668935,0.0192048796766487,0.018004702770640486,0.021822636186157558,0.022009786932624155,0.021239943863208214,0.018400837011862216,0.0190961660386154,0.01963218607857817,0.01618767269640583,0.020082831946052135,0.019603184768229524,0.02149697263349598,0.023054295101807218,0.01742028914493783,0.017526515147599203,0.015881961434172046,0.015882211458760356,0.013571342731166714,0.014433215357675132,0.014816808572160542,0.016197910342625164,0.016797647501901613,0.015710932763691794,0.01565717873058052,0.014120746902134296,0.013593846377919279,0.01574473470063701,0.015032551092567858,0.014358008175996195,0.015507353834238829,0.013972532529039274,0.015127454750402138,0.012304212396351915,0.014809274095954113,0.014327325521499899,0.016076904275916827,0.015087455756489856,0.012772900399298815,0.013868585048283089,0.011248285000009264,0.015368352452423973,0.01440727812587525,0.015243071229776188,0.015370254546217803,0.01423288039106995,0.01515890907582956,0.011867854483346842,0.014300390910392528,0.013492005076977016,0.015301032692061385,0.01618918595469574,0.01399223682726003,0.013968414281641434,0.014309649679183037,0.01581714780321622,0.01563369030623144,0.015224513976326678,0.017178985674337552,0.015018093938856104,0.015279374502600085,0.01420869963432856,0.013438496714838499,0.01650753646032454,0.01637154644799271
paired_deficit,2,116000,101.62575425975956,102.4312626250321,0.6472688913345337,0.8237570524215698,49,0.7313000000000001,0.26869999999999994,0.0162,0.0162,0.0164,0.0157,0.0135,0.015,0.0149,0.0132,0.0149,0.0148,0.0132,0.0146,0.0168,0.0134,0.0158,0.0166,0.0138,0.0124,0.0142,0.0146,0.0156,0.0139,0.0151,0.016,0.0124,0.0127,0.0136,0.0134,0.0185,0.0176,0.0161,0.0134,0.0145,0.0143,0.0144,0.0161,0.0169,0.0154,0.013,0.0133,0.0158,0.0169,0.0165,0.0155,0.0129,0.014,0.015,0.0169,0.0154,0.0,0.0,0.01805618762406082,0.019871931921001305,0.02207765494327165,0.0202032732774141,0.022001319628906245,0.019331541064199424,0.018107435970134075,0.018905264180601067,0.018295394977623135,0.021694248867199575,0.02309414408474645,0.022583478245137692,0.018823417118709572,0.01985097181325894,0.019135784981224188,0.021438860770593576,0.021005585972211673,0.02399134517266901,0.02243129955961454,0.018695321610755353,0.01804601215027929,0.019848158974948963,0.022520991144005797,0.019165935735649002,0.027032252990558753,0.020625725296532057,0.02030174399547653,0.019802884352691855,0.019972809355704488,0.01918885317983944,0.018334865974444406,0.025099764341845153,0.018815028030448964,0.02055891332261351,0.01946133185648875,0.01935780944655232,0.019249900575340848,0.021671762049640695,0.0228967896601942,0.0205758346320839,0.020280528262452448,0.01878570170385815,0.01819418737139996,0.021955280159138273,0.01971110385616643,0.021673817343747577,0.021120310024991103,0.017160116600243316,0.018997125829331434,0.01623927408008128,0.015072930142147618,0.013971469227100262,0.014934796505936952,0.014051354650349014,0.015479110157013675,0.016172804772160643,0.01566801381719155,0.015994162256769178,0.014293696254961148,0.013349741851835538,0.01370096289590652,0.015711784336164436,0.015396639277483803,0.015661922425510677,0.014274023784680682,0.014427607319413305,0.012948057847897553,0.013899533158928489,0.015858412795319566,0.016205653263116925,0.015163768539087935,0.013617192512934865,0.015567673277152758,0.011439015764797849,0.014865125823011884,0.014960260917595499,0.015266105693644224,0.015097107479671166,0.015399167389127388,0.01620742878964381,0.012277167742429831,0.015872520688372936,0.014822730813856206,0.015448762586510019,0.015543187240062315,0.015600895203983686,0.014188534350649672,0.013455283888221637,0.014813681564193442,0.015049731757304265,0.01577101644571637,0.016048286489771756,0.014075975833301826,0.015237063456930617,0.014148372711748151,0.014639692203781415,0.016796603743543165,0.01565795015498473
paired_deficit,2,117000,102.57312888046727,103.38931195798796,0.6375597715377808,0.8441991806030273,49,0.7185,0.2814999999999999,0.0167,0.0156,0.0156,0.0154,0.0134,0.0131,0.0154,0.0131,0.0151,0.0145,0.0132,0.0149,0.0168,0.0138,0.0154,0.0158,0.0137,0.0115,0.0142,0.0143,0.0155,0.0136,0.015,0.0155,0.0127,0.0128,0.0139,0.0134,0.0168,0.0177,0.0155,0.0134,0.0141,0.0139,0.0147,0.0147,0.0175,0.0144,0.0123,0.0138,0.0156,0.0166,0.0164,0.0135,0.0131,0.0137,0.0144,0.0166,0.0159,0.0,0.0,0.01677642278085708,0.017638898013809638,0.02072146783359482,0.021860291272672777,0.019057056611890374,0.01857256481550624,0.01901426755761787,0.021358647434849082,0.02049271804269105,0.021652316889745053,0.022938670143772627,0.020096581740458044,0.0187816288622536,0.020497069555537855,0.019032240087564472,0.022415212948152283,0.02203588596197051,0.023970007013109914,0.02059376086950295,0.021395715396316593,0.020727401154635235,0.021515998723501614,0.022382370120653992,0.019761984508074638,0.025732871823513963,0.020402718449317937,0.02252210632421216,0.0198149346052447,0.01849012245164621,0.018879191925832643,0.018813816979615205,0.023830093165377583,0.018555969698787474,0.02151096719770574,0.02089601323356581,0.016856124177810995,0.01906179856547468,0.02187476084421329,0.022964664600686212,0.02058019792094588,0.021701823278071918,0.01819624559494066,0.018552441193388922,0.01930515931878031,0.022006465256125707,0.019962279409084287,0.019882054898322017,0.017442062742333314,0.018875938006264036,0.016931422899472574,0.016421887162638742,0.014584120354421717,0.014001963914915407,0.015570168161917475,0.015756329503084587,0.015515384243603644,0.0143537315554243,0.01463077650805918,0.01407634975218483,0.01333559199647031,0.015159365644556388,0.015642286763048917,0.014745590293132719,0.015544642874443107,0.013621133646546898,0.01382805343761895,0.012733943608036018,0.014692845966435775,0.014216323783411679,0.014502758775968905,0.01418977270505517,0.01367811164228467,0.015029385718108138,0.011928565167284171,0.014757995555505648,0.013640949177811402,0.015117689370022456,0.01576223864319149,0.015667191904015606,0.015624728406374883,0.012888390475963938,0.015960694504513043,0.014114392361524081,0.014527969755933443,0.016692633934558075,0.015411331464738838,0.013994070881123633,0.013243287231282149,0.014700244444751273,0.014166531919312421,0.016039733582434115,0.015728244275558766,0.015395767649742735,0.014039414693780162,0.014920126475872594,0.015081075795122205,0.016373009205053815,0.015747091890720558
paired_deficit,2,118000,103.48142305971123,104.30831208301242,0.6023461818695068,0.8036320209503174,49,0.7307000000000001,0.2692999999999999,0.0179,0.0158,0.0166,0.0158,0.013,0.0125,0.0157,0.014,0.0146,0.0145,0.013,0.0146,0.0164,0.0131,0.0162,0.0154,0.0143,0.0117,0.0141,0.0138,0.0159,0.0146,0.0147,0.0158,0.013,0.0128,0.0137,0.0137,0.0185,0.017,0.0158,0.0137,0.0142,0.0137,0.0142,0.0148,0.0174,0.0154,0.0131,0.0142,0.0156,0.0171,0.0169,0.0152,0.0137,0.0143,0.0151,0.0175,0.0161,0.0,0.0,0.01851301593298952,0.018176387334875276,0.021768206101733203,0.022256074819615126,0.019134135190709407,0.01856246670458126,0.01899954268390166,0.02069676955225644,0.02139396074877204,0.02053744865540905,0.02375952913772731,0.020897674348954655,0.020586195476641665,0.019360418132483043,0.01985944906141346,0.02235043010515505,0.01977800663474598,0.024783236146812694,0.023419794009255628,0.020096456966799965,0.020183006173699065,0.02096143371094625,0.02370739829535043,0.018448081167700178,0.026537675343319474,0.02124953382033811,0.020191689217572972,0.019304255688654598,0.01887418918056564,0.021677022412266947,0.016813475631607074,0.024744899956115885,0.01863501083106922,0.021179517596279833,0.01948104734297272,0.01755426221248311,0.01930475613047969,0.020719501308595394,0.02290788897437288,0.020017307258434345,0.020074379690483216,0.018291497438652767,0.018232457571834917,0.020338161641440825,0.018857380114828737,0.020007801361626706,0.02035252253732253,0.01882418948198286,0.017600460164171067,0.016067635695315358,0.016318092622509064,0.014596502746817782,0.014151433224268019,0.015749663071184163,0.01615950761958186,0.01577950317249001,0.014871571007978458,0.014631842003584368,0.014914070435128279,0.013381762490588877,0.014924970831281012,0.015006302736150404,0.015711945936364477,0.015378349588435036,0.014064066960746156,0.015576292808861237,0.012818628646841915,0.013516622259085677,0.015217954470457233,0.015212709411011712,0.014736080188774092,0.013408450088087623,0.016061815567790155,0.011881407494927321,0.014666716688526805,0.015169201757827816,0.015662572451342952,0.015999926005491695,0.014447870359625723,0.016898627186929013,0.012955441780733556,0.01608330724955452,0.014663497937080498,0.015493941633741366,0.016597517683869124,0.015662316257708038,0.0148989963286053,0.013856809311138562,0.015375661468372374,0.015307381598666679,0.01614197624322023,0.01625032581144461,0.015406717412388117,0.016008531152852896,0.015263340368689345,0.015204053068613149,0.01610364759610861,0.01673011734016278
paired_deficit,2,119000,104.36702100315597,105.20473966700956,0.5936108231544495,0.9042584896087646,49,0.7237,0.2763,0.0171,0.0159,0.0163,0.016,0.0138,0.0144,0.0151,0.0129,0.0143,0.0137,0.0138,0.0147,0.0167,0.0138,0.0136,0.0156,0.0136,0.0123,0.0146,0.0143,0.0157,0.013,0.0141,0.0157,0.0132,0.013,0.0131,0.0133,0.0135,0.0169,0.0156,0.0145,0.0141,0.0144,0.0143,0.0157,0.0176,0.016,0.0136,0.0141,0.0163,0.0165,0.0164,0.015,0.0132,0.0148,0.0143,0.0181,0.0152,0.0,0.0,0.018113116332568,0.02123632799638272,0.021306992140587528,0.021347973540933,0.020061765462734322,0.020138767298903782,0.018940310449015837,0.01698709701130791,0.01880042032413111,0.021572056705122883,0.021874515465875,0.021218010225077313,0.018648618557527252,0.02180559129735083,0.01855649186219504,0.020159932247670903,0.022806476497469357,0.024138036808540743,0.02138367055318258,0.019488345204231164,0.02008823804838515,0.02247206037354596,0.020930241709472677,0.020676368707755573,0.02672349578662729,0.020048564191037354,0.020084013383000254,0.018751559819661243,0.018818629787300895,0.01958688464987666,0.02087899819484696,0.025671788899675287,0.018262180814664686,0.019757498367881605,0.019517774199506538,0.01673817937621703,0.021697856054280366,0.023541374707245342,0.02240676223624877,0.019434415377712698,0.017573590029159657,0.01918297067455118,0.019124862950646488,0.01942563698078261,0.01970008860778917,0.020464826553011246,0.02199725022057558,0.01846203055084331,0.019397342766891014,0.016403377013004386,0.014770895314496723,0.01465671844989638,0.014752997808815591,0.015448265800368535,0.015174605533380611,0.015786041567421933,0.016821606426351263,0.015857411565573357,0.01444336119174746,0.014445300934225365,0.014858365786918612,0.01605204621783537,0.014441402587407812,0.016177172977830764,0.01524193247057504,0.013891702364115275,0.013251421293452349,0.014695723189122628,0.015623629349437094,0.0152785098549666,0.014101379324327432,0.014848931285465522,0.01505657876375465,0.0119323560439312,0.015337813405776335,0.015358790220550544,0.015921402016110003,0.016043433850457478,0.015612418393327478,0.01479695001467531,0.012351734785754596,0.01624920138526744,0.015486311144824648,0.015647677584919622,0.01694860074543513,0.014496367611601753,0.013555830007802751,0.014095631026756174,0.015573018597652264,0.016639573337089555,0.015779427191755926,0.015730947945171887,0.015811872213803257,0.015515600806800768,0.015047317132042293,0.014226433367593595,0.016069115826483293,0.015670057528624822
paired_deficit,2,120000,105.22166479809675,106.07027400005609,0.6575791239738464,0.8028589487075806,49,0.7468,0.2532,0.0173,0.0169,0.0174,0.0155,0.0142,0.0146,0.0151,0.0136,0.0153,0.0151,0.014,0.0148,0.0167,0.0138,0.0155,0.0165,0.0153,0.0127,0.0143,0.0151,0.016,0.015,0.0154,0.016,0.0138,0.012,0.0136,0.0133,0.0184,0.0178,0.0159,0.0151,0.0141,0.0145,0.0145,0.0164,0.0181,0.0156,0.0141,0.014,0.015,0.0166,0.0163,0.0158,0.0137,0.0154,0.0144,0.017,0.0153,0.0,0.0,0.019105278917578496,0.019862161571233924,0.021721129392945755,0.02238833080700199,0.020871898639420204,0.021144394639942922,0.016906529686544835,0.020526722321393402,0.019868312978372497,0.020792041968195014,0.023102511292709828,0.020257478194927986,0.019480203200962366,0.021114905345430902,0.01896000544891578,0.020662576791640658,0.021954949414967735,0.023832745159550098,0.0199668270260714,0.021900254417740052,0.018093570351105776,0.019851150324318972,0.021167125166731464,0.01880765496957284,0.024136541816180586,0.019830983598483357,0.02190778381820168,0.02014689068062135,0.018203357904657363,0.019467577761446288,0.02215405655695333,0.023531844929805548,0.02019244386939451,0.021096145583469294,0.019696056425873566,0.017278093854339465,0.019899579752887968,0.02254417994703337,0.022888533631275337,0.02063100153324593,0.01931030186106235,0.01955401713944936,0.020249689078534115,0.02048521388092458,0.01937423341987886,0.017902093030102702,0.02155754519586874,0.01715945607476444,0.018463620628270914,0.015839941011959974,0.015497949209789289,0.014640172610460722,0.014265206033372127,0.01502865727461318,0.01489146854024068,0.017142218838531318,0.015202437080975913,0.01553391476980363,0.014951673798289012,0.01378846273526922,0.015298926151920675,0.015846497024436183,0.014867252492973495,0.015874016771844558,0.014977790837374848,0.01448339288587536,0.013420824825738137,0.015406192647292476,0.014589054207259085,0.016349288002455116,0.015386305347219662,0.014762837304568384,0.016106967968933725,0.013424127704496778,0.015396458331441515,0.014507138513384924,0.015237414188794707,0.016294015207651877,0.01557941583082154,0.014461276940095857,0.013611376234242713,0.015331667831775031,0.014915759638016748,0.015581575224927252,0.01679890400888195,0.015518173440699865,0.014030493427561644,0.013935252778058377,0.0149936874733928,0.01589297174239301,0.015614022728370716,0.015341910100374619,0.015223334600215719,0.01586078525296317,0.01652381269741966,0.014722529448422703,0.016858632470207767,0.016241110344503828
paired_deficit,2,121000,106.08354316756595,106.94338750001043,0.624327540397644,0.8097938299179077,49,0.7464999999999999,0.2535,0.0171,0.017,0.0179,0.0153,0.014,0.0151,0.0151,0.0139,0.0149,0.0158,0.0141,0.0153,0.0174,0.014,0.0156,0.017,0.0147,0.0126,0.0144,0.0151,0.0161,0.0152,0.0152,0.0158,0.0131,0.0125,0.0136,0.0132,0.0183,0.0173,0.0156,0.015,0.0142,0.0142,0.015,0.0163,0.0171,0.0154,0.0135,0.014,0.0159,0.0161,0.0166,0.0157,0.0136,0.0151,0.0139,0.0171,0.0156,0.0,0.0,0.01656875121041826,0.01773129803592754,0.02148429907663401,0.0231495910900106,0.02274967015441822,0.018231547350739216,0.0192726505798968,0.01729424693571427,0.018930513311253123,0.02085718813301163,0.021165695545193115,0.020945233063506173,0.020279320018271572,0.02067377964842737,0.019022777471192805,0.02152677654566744,0.018821729743828314,0.02328444534846147,0.022649949763866216,0.020968708537976666,0.017191023632412483,0.020942068391449558,0.022081214485668074,0.019501030275893495,0.025716731331480565,0.02213501245274153,0.023309258591492795,0.020262610931190937,0.017860230926452832,0.021874179043959968,0.020288278108211655,0.023442332785889496,0.02042657110197266,0.021194104252558382,0.018820142747505417,0.01773807470382093,0.021864924873436886,0.021819914226839765,0.022330436632506577,0.019671665247817757,0.020739464142900225,0.017439320361662587,0.020194671683789776,0.018551788699288595,0.019659733272484773,0.0205930252381544,0.022257802422573227,0.017517991612686138,0.01896822625874368,0.017219441659877904,0.01665287341345239,0.014784782463321188,0.013973200895076086,0.014168102724590063,0.016448138957622885,0.015940756357671827,0.0168268081622623,0.01602937226485837,0.01512946804864227,0.014900991682406023,0.015047496772167745,0.015528280096789025,0.01541416483941692,0.01606253224309932,0.01492033103038551,0.016199575534789866,0.013985604550303543,0.014333889047078927,0.015114180978461284,0.01699430163244662,0.015244351577955593,0.014532937699080331,0.0159466428063586,0.01280022777754362,0.014467656711190423,0.014051636793879534,0.01538017328548381,0.016629100352691654,0.0146338366087695,0.015406726863558064,0.013986782964933078,0.015300267148023298,0.014926209173188348,0.016239411458882573,0.01668863329822802,0.014638346637140264,0.014738407616451753,0.014411479060506497,0.015746296198526837,0.015225903441652767,0.01691235649697112,0.01549140853912601,0.016174881546889543,0.015634923757492605,0.015336333074270389,0.014525002408383288,0.016717765991661165,0.016050055325804037
paired_deficit,2,122000,106.92608680191915,107.79701591702178,0.622810959815979,0.8563617467880249,49,0.749,0.25099999999999995,0.017,0.0169,0.0187,0.0167,0.014,0.014,0.0151,0.0132,0.015,0.0161,0.0142,0.0143,0.0167,0.0136,0.0157,0.018,0.0146,0.0126,0.0144,0.0143,0.0167,0.0152,0.0151,0.0153,0.0138,0.0124,0.0138,0.0132,0.0176,0.017,0.0159,0.0147,0.0146,0.0142,0.015,0.0169,0.0183,0.0162,0.0136,0.0137,0.0157,0.0167,0.0164,0.0155,0.0138,0.0152,0.0147,0.017,0.0157,0.0,0.0,0.019086480134585623,0.017922861322918662,0.01750637771282868,0.022855283801012427,0.021483918528133302,0.02080453691684444,0.019962536132721503,0.018433753537810075,0.02234585068774379,0.019873993891617918,0.021035618173568693,0.0213498674737227,0.01829659619576528,0.018385225618866984,0.018965947520490342,0.020735065920101273,0.02002736746955927,0.021347526240813076,0.023168544217772175,0.022085915747734344,0.020127181841109048,0.019455742515906406,0.024420331672441602,0.020066106468888838,0.024708806097631448,0.02234821294576293,0.022107237400985046,0.019905811185690653,0.020311231701426388,0.02033994423430139,0.019803296405587846,0.023718021371751254,0.02070532011243194,0.020458506574343574,0.020350038495967573,0.0166853933855987,0.018190649675535076,0.020481177696199886,0.020137590920519748,0.020437301877489406,0.020695977962662603,0.016652973344908284,0.018613716396274214,0.021575656660216307,0.019274181738675192,0.022189914807269933,0.02282938370563779,0.018189264973179735,0.019547760586996553,0.016020028990195036,0.016656511069350115,0.016817296294149842,0.014289711065419347,0.01506494181853809,0.015156564927461313,0.015755907590737604,0.01637229931427647,0.014495097677360107,0.015720269173653552,0.015280056660313717,0.01501207809402874,0.0165162386274527,0.016317460210660113,0.016116928504923904,0.015307087762399684,0.015881048575043195,0.014974139023760137,0.014100332010235521,0.014580763750341933,0.015559715612717014,0.015881902652571528,0.013655917617477118,0.01578433484624458,0.0133612445051615,0.01445490165882762,0.014531470154116558,0.015705001792955555,0.015471400142568786,0.015496685067102934,0.015715130533776444,0.013875730451454377,0.015204173649973715,0.015361668479222098,0.015648091382552937,0.017172179308254702,0.016567076572825582,0.015311727346757634,0.015593783364335348,0.015449968454464117,0.015325843937125262,0.01734398591411608,0.016285944972974194,0.01494279670218776,0.01600808624776826,0.014648047784933033,0.014224014105820743,0.01652867851581574,0.01591587320878957
paired_deficit,2,123000,107.80791256017983,108.68947562505491,0.6522030234336853,0.8257738351821899,49,0.7493,0.2507,0.0173,0.0161,0.0169,0.0161,0.013,0.0129,0.0152,0.0138,0.0155,0.0166,0.0144,0.0144,0.017,0.0144,0.0155,0.0177,0.0142,0.013,0.0141,0.0147,0.0162,0.015,0.0156,0.0151,0.014,0.0121,0.0145,0.0135,0.0183,0.0178,0.0161,0.0152,0.014,0.0149,0.0148,0.0167,0.0182,0.0161,0.0137,0.0134,0.0155,0.0166,0.0168,0.0157,0.0139,0.015,0.0146,0.0176,0.0156,0.0,0.0,0.017330596986228453,0.02111737730423586,0.016830966061357058,0.022911831204040466,0.020891206794265142,0.018959699398805194,0.01839452278773907,0.02012334942109168,0.018926253577101083,0.016951593119353913,0.025102359090857798,0.02185588367523531,0.02190978621460006,0.021928661592177885,0.018524002001389154,0.020031924383332657,0.021987322374046832,0.022926897423596035,0.024321455001668567,0.021858456199426276,0.018079938812667874,0.021912859707250966,0.01913291008671153,0.020617799186635102,0.022483949952702593,0.021973782953604165,0.021266989038328882,0.019973776987093277,0.01794279463411585,0.021354370335001642,0.019437037798532602,0.023514112392016555,0.022437064570526386,0.02235461188305274,0.018173405113708775,0.01867575371670762,0.018892938754442826,0.020124610344924323,0.02027192882165623,0.021835464219279784,0.022074197149547815,0.01788673807992339,0.017674382200313563,0.020092543006542056,0.019108090356099464,0.021963222374715912,0.021210505169560474,0.017405537140717083,0.019244540603071927,0.0171182073027027,0.01503899287142572,0.0172002130034612,0.014261408486569656,0.015224970309418526,0.016185097989969525,0.016415547529394493,0.015591133385843618,0.016161984578168195,0.017025502874650992,0.013373075914265842,0.014843076213642517,0.014856434565540965,0.014691183588843928,0.0165881786315567,0.015673793140044318,0.014780397909051612,0.014332348957911994,0.013784522992027612,0.014763724471014459,0.01664368611281564,0.014659656429390627,0.01606343765270273,0.015472535890329686,0.014426386894175946,0.014708729363095693,0.015123898511472018,0.015857771505020647,0.016591897651864862,0.015004104569387788,0.015879347778509148,0.0139351401325048,0.014448744816853765,0.014566188485606129,0.016481927954869406,0.016437688792883414,0.016295058697716677,0.015590532097419715,0.015481218807964539,0.014813751004802074,0.0147389705083747,0.016618628970797272,0.016719893717209132,0.01572301133737695,0.016075273273788708,0.01483095281663296,0.01507270860108528,0.01692622108595984,0.01604926764531075
paired_deficit,2,124000,108.67855652642902,109.57143550005276,0.6429194808006287,0.7992421388626099,49,0.7544,0.24559999999999998,0.017,0.017,0.0182,0.018,0.0134,0.0137,0.0149,0.0135,0.0161,0.016,0.0156,0.0148,0.0171,0.0144,0.0156,0.0187,0.0146,0.0137,0.0145,0.0147,0.0161,0.015,0.0151,0.0153,0.0138,0.0121,0.0141,0.0133,0.0179,0.0171,0.0158,0.0157,0.0138,0.0147,0.0148,0.0163,0.0179,0.0168,0.0136,0.0132,0.0156,0.0168,0.0159,0.0145,0.0142,0.0157,0.0145,0.0175,0.0158,0.0,0.0,0.01892328044949517,0.01814397216714902,0.018416272482597175,0.020667921114588757,0.020035828371413274,0.022799763513326063,0.01770572483272606,0.02031521423461084,0.0191265712082873,0.02107508267541626,0.02058890199279169,0.02344161497506222,0.01999852151166135,0.01849716360037462,0.020916684409920637,0.021689633207132047,0.021587634909483656,0.02172818570186389,0.02197217344531964,0.02175815263948621,0.019379367137187693,0.020679307114013598,0.01993972708629728,0.01957343024769252,0.022498855545282727,0.022671316683059998,0.022006789379081612,0.021081764720212094,0.019310644576100967,0.0218527033259725,0.019414401427142226,0.02390750806579418,0.020335446652441184,0.021019401733381224,0.019738755983158426,0.018526170561517778,0.018044469460886198,0.019822135915591507,0.01995753257651201,0.021000529384078204,0.021085448213774942,0.01886090271417456,0.01914226260321344,0.02174962039632943,0.017218234927794052,0.020392686817608086,0.022683906359583936,0.019232066906936733,0.019486316042475003,0.016229904131337018,0.016638137747746046,0.016470082121752456,0.015481564230789337,0.015780996931503907,0.01443261301771085,0.016689492698671416,0.015609584765316563,0.016055476964301152,0.015171497620718788,0.015479934384942148,0.014089494951940978,0.01579866980291606,0.016353637672397225,0.015324658477304614,0.0149584999533191,0.014928693220002107,0.014783987004184696,0.014746531007957489,0.014808853674282713,0.016091973386147387,0.015398045496096248,0.015709334186621106,0.015921917507467142,0.0144970330579926,0.014454397888132435,0.014652007872326265,0.01509020722649284,0.01631984089059633,0.01488125096317101,0.015919127068325413,0.013751606252776286,0.015756250337116216,0.015197874596300131,0.015882662494724496,0.0164570840991,0.016607148811854308,0.01576503905304265,0.01570089943384138,0.01532400223772976,0.015166587295171452,0.01633757848774582,0.016048043693137323,0.014812895537821209,0.0169594871629771,0.015572884731961237,0.014448433951853485,0.01620081442139578,0.016119434935420576
paired_deficit,2,125000,109.54525589838158,110.44995279202703,0.6305558085441589,0.7719033360481262,49,0.7629999999999999,0.23700000000000002,0.0166,0.0174,0.0179,0.0168,0.0139,0.0147,0.0153,0.0134,0.0157,0.0158,0.0154,0.015,0.0168,0.0143,0.0154,0.0183,0.0144,0.0137,0.0148,0.0149,0.0161,0.0154,0.0158,0.0157,0.014,0.0132,0.0143,0.0132,0.0183,0.017,0.0158,0.0155,0.0142,0.0147,0.0151,0.0171,0.0184,0.0169,0.0138,0.0138,0.0159,0.0175,0.0174,0.0158,0.0139,0.0157,0.0153,0.0173,0.0154,0.0,0.0,0.01875455665855993,0.021411040040212444,0.0183602766989662,0.019903771178251428,0.02004171285918182,0.01957980562463174,0.018779487087874962,0.018293160966918614,0.01799745533260122,0.018296966095593604,0.018545045457653647,0.021695902919317094,0.02080307734445115,0.020322684617602498,0.01777675660998123,0.02343578919057211,0.01871021260136369,0.023474759269809922,0.02205875963434193,0.020084445274873273,0.02201961659889831,0.017992803662550426,0.023904533544554935,0.019966895308189833,0.025232101285424517,0.020434654912958084,0.023373434553426047,0.021508920885818773,0.019482666445283826,0.019390720952289622,0.020390753860547915,0.024218122800879593,0.021338755791512697,0.023896838948822413,0.020888452864315486,0.019036928121118346,0.019736024303312956,0.01990026080499995,0.02108012507726498,0.019093658451507886,0.02206947750488633,0.020581017681488952,0.020692012054884988,0.02055475050492192,0.01758724116261052,0.01852414287129013,0.02173184671946129,0.01829363185903929,0.018753945004981426,0.016470529571624627,0.015069377838437214,0.01649905008758169,0.01585385079890043,0.015750145004364856,0.01600567003555731,0.016419783981537275,0.01656956487963337,0.016590953234922934,0.016606844190882705,0.0164515248266653,0.014974945698731418,0.015432411006466373,0.01550128635164828,0.016811566272684424,0.014276774273622332,0.016295997925757366,0.014063199314492838,0.014648650986028527,0.015769181910105543,0.014901369497229288,0.016788445636422962,0.014018045178782943,0.015785206582218516,0.01331778514381647,0.015566001468151956,0.014110682884656393,0.015179758161561852,0.016090254647069785,0.016133342853221502,0.015469387217964713,0.013714838562602392,0.01514231474062997,0.013865401079587648,0.015353339171800493,0.016103827478758354,0.015815274133355484,0.01577737085709093,0.015263516260897787,0.016311617073739824,0.014878003294861341,0.01545834931858869,0.015445396779168862,0.015548783845484318,0.016783190963465314,0.0164613203579198,0.014919038937854085,0.016413094206535542,0.016353628709442597
paired_deficit,2,126000,110.43982102663722,111.35567754204385,0.6248036623001099,0.8284547328948975,49,0.76,0.23999999999999996,0.0169,0.017,0.0164,0.0175,0.0133,0.0135,0.0151,0.0142,0.0162,0.0153,0.0163,0.0151,0.0174,0.0141,0.016,0.0186,0.0131,0.0138,0.0147,0.0146,0.0159,0.0157,0.0153,0.0155,0.0143,0.0127,0.015,0.0132,0.0192,0.0174,0.0158,0.0154,0.0147,0.0151,0.0145,0.0167,0.0181,0.0161,0.0135,0.0137,0.0157,0.0173,0.0179,0.0155,0.0143,0.0153,0.0145,0.0174,0.0152,0.0,0.0,0.016973036105813737,0.01919087824765205,0.02264918118999944,0.022217668479367788,0.022573246686032535,0.01962283273886131,0.020475623634544776,0.01653936630470249,0.02008108861806313,0.017171835137476436,0.021188731446582607,0.022142851682959847,0.017394050254030825,0.021571598507100474,0.01668272909856873,0.022175936065796202,0.02108147051506759,0.023069461619408288,0.022242537500954417,0.022065592631721892,0.019531535513851166,0.02056241614117593,0.022984193156601523,0.0189522362836795,0.022867174209809705,0.021021391408881582,0.021977895241288008,0.021177714473041353,0.01840818454851686,0.020566174861118246,0.019243485383594234,0.022498227765784577,0.021197809558862853,0.020789012297689667,0.019914753043170925,0.01907680651687939,0.020711939672913182,0.021044154009335098,0.02114130373255324,0.022593876747171324,0.021014591739437188,0.019113402496668652,0.01563424300967865,0.019797983479532016,0.019309010281806163,0.020297823039661517,0.023049746829403653,0.0187586722523648,0.019654525840824402,0.017332044646031317,0.016197043916357692,0.014570895293076244,0.01480798782297241,0.014605743193775868,0.016076936144296956,0.01564651041812415,0.017531064608973808,0.015827570626048452,0.01712362419457117,0.015358313122855714,0.014920447784757693,0.017060707621671483,0.0151435450791427,0.01734808498360681,0.01482713968316935,0.015290349863419837,0.014338957487320409,0.014835637419095075,0.014916841047356216,0.016118834312653877,0.01568480455738827,0.01457340143309893,0.016267499106325127,0.014470853826934978,0.015396046397006263,0.014918024677821332,0.015246181537886691,0.016595300601883297,0.015644017103744478,0.016094776423108456,0.014679233414335326,0.01515883449100846,0.015502689935430006,0.016021092931622273,0.016444706272337947,0.015459935143103199,0.015346537672973313,0.015301953673199281,0.014674400635756327,0.01536010440472291,0.016388849126912235,0.017985506746136554,0.01584030587841653,0.016220955703910276,0.01564998175643073,0.01458238000865136,0.016473517108796215,0.016101454030025768
paired_deficit,2,127000,111.33125647751149,112.25917562504765,0.671387255191803,0.8312081098556519,49,0.7659,0.23409999999999995,0.0174,0.0167,0.0176,0.0176,0.0143,0.0148,0.0154,0.0137,0.016,0.0151,0.0161,0.0149,0.0174,0.0145,0.016,0.0189,0.0136,0.0139,0.0151,0.0149,0.0163,0.0154,0.0156,0.016,0.0142,0.0127,0.0151,0.0134,0.0186,0.0178,0.016,0.0157,0.015,0.0142,0.0151,0.0163,0.018,0.0165,0.0132,0.0137,0.0156,0.0176,0.0172,0.0154,0.0137,0.0151,0.0154,0.0173,0.0159,0.0,0.0,0.018506201397464457,0.017576629354300502,0.020109808095767075,0.018037775727828206,0.020357064829289794,0.019281231227875666,0.019802730448646867,0.019557118685419865,0.018964393627516295,0.02164384412299946,0.022213305772209202,0.02087836867728956,0.020241197315800156,0.020464225588952632,0.017878934053649206,0.02212415842503518,0.02232929086395586,0.022835693513774097,0.023344573123769845,0.021176831731094498,0.018651773683607535,0.020819420271243082,0.020690991508691754,0.020489416149933007,0.023391533065681,0.020315660527936485,0.021092460726694264,0.02011658761523203,0.018757511516743004,0.018437186963422593,0.02018523247794478,0.020843847707930657,0.02204546599169613,0.021606780534629586,0.020248771833228603,0.018541451202410488,0.021658618627013237,0.020287626835595457,0.022932612551782444,0.020069349963965297,0.021282529642509353,0.018685530085851207,0.01686437933324427,0.021424052613592,0.019535410160265304,0.02105029183151288,0.023333144180970492,0.019150466309788578,0.02016851950424601,0.01652400854107244,0.016949180350988118,0.015751481252276107,0.016855446664501617,0.015794639863955226,0.016208584438169676,0.016009121297047527,0.01600427280151282,0.016275376033913692,0.015206087007517763,0.014906561596813198,0.015556203583303254,0.015691385864408446,0.0156284386974268,0.016889035878370776,0.01490827370834105,0.014736324317892015,0.014582828613770495,0.014389137486547958,0.01530250371967054,0.01653555103912633,0.015622228168355984,0.015563781988967696,0.015734104426216505,0.014250471238727677,0.015696390048101538,0.01549734370622301,0.01586556790540526,0.016409063197083715,0.016672762170935822,0.015638858311725838,0.015415742938340665,0.014905203904717279,0.015066789316986486,0.015648858897820868,0.01654694832796129,0.015199329378931212,0.015631087223422865,0.014499436851602671,0.015965298673170054,0.015566659137202673,0.016520111385208452,0.01747026494449281,0.015267553729051576,0.016014201943636272,0.015477568603706898,0.014355302407414538,0.01622933178002693,0.01576369006622858
paired_deficit,2,128000,112.24368532316294,113.18362016696483,0.6382107138633728,0.8184247016906738,49,0.7632000000000001,0.2367999999999999,0.0179,0.0168,0.0187,0.0166,0.0146,0.0149,0.0148,0.0138,0.015,0.016,0.0157,0.0152,0.0168,0.0135,0.0157,0.0184,0.0145,0.0133,0.0149,0.0157,0.0159,0.016,0.0154,0.0167,0.0144,0.0127,0.0151,0.0132,0.0186,0.0174,0.0164,0.0152,0.0144,0.0148,0.0142,0.0167,0.0179,0.0171,0.0138,0.0127,0.0161,0.0167,0.0174,0.0157,0.0137,0.0158,0.0151,0.0174,0.0139,0.0,0.0,0.016457166786226184,0.02080073857698838,0.01961134616237069,0.02085230750071844,0.018772078557350236,0.017772138710877648,0.019942077587195454,0.01954383038732152,0.020865878295383146,0.01957576861647265,0.02191409652967653,0.021971915435842447,0.02100949045884084,0.019315213754933835,0.018266557684557885,0.022027541760394505,0.018206201873088877,0.0243147228394266,0.019689338769915833,0.019349381319780687,0.021163134420266932,0.01937902033824336,0.021548187836388025,0.022050855167406652,0.022927121939388517,0.022485680382492865,0.019690909009158444,0.01992734365833668,0.020904148490479914,0.02225580329678723,0.020845884692709246,0.023586886339705022,0.018799233011781963,0.02126591966860966,0.019811618743389995,0.01812768749970562,0.018745709149557747,0.021239861092758088,0.020146330487138008,0.020740457510968625,0.020848338273098177,0.018969719267954644,0.017891871540574183,0.021098943993512836,0.0196184566537282,0.02017563942547687,0.022689454935387314,0.021976913814581358,0.02083107775305142,0.017770222470668416,0.015534817489313912,0.016150184499452328,0.0155115240901759,0.016373027059337353,0.017059069386734186,0.01588360743440629,0.016219743503598213,0.01566164423688674,0.016127192181201556,0.01499285732731895,0.015083928345499476,0.015557712912747539,0.01616675837869372,0.016718555556411215,0.014902552240732305,0.01678488044439909,0.0139085076304564,0.01603683066770721,0.016268512577628184,0.015371125280656806,0.016216062296050195,0.015197198770999305,0.01504827170304563,0.014613404322998229,0.015008113545619404,0.01599705889928013,0.01600745016901182,0.015370920300308294,0.014877572760544133,0.015514425237218021,0.014315392373125704,0.0165170115416631,0.015285635249462255,0.01590347247642269,0.01674221995490275,0.01654118797576366,0.01541459326481092,0.015986660023217084,0.015679233615193577,0.015591441968454925,0.016400941337694663,0.01684873672628069,0.015595432243272492,0.016146972729625123,0.01585623383701506,0.014681694701160163,0.01492542060532212,0.015638300950399815
paired_deficit,2,129000,113.13175751478411,114.0831674579531,0.6177540421485901,0.8141524195671082,49,0.7686,0.2314,0.018,0.0161,0.0177,0.0174,0.0143,0.0139,0.0148,0.0142,0.0152,0.0162,0.0161,0.0148,0.0172,0.0142,0.016,0.0179,0.014,0.0135,0.0143,0.0158,0.0163,0.0157,0.0153,0.0169,0.0149,0.0127,0.0153,0.0132,0.0188,0.0173,0.0163,0.0157,0.0145,0.0148,0.015,0.0161,0.0181,0.0168,0.0134,0.0135,0.0162,0.0175,0.0178,0.0163,0.0144,0.0156,0.0151,0.0177,0.0158,0.0,0.0,0.019513853722316135,0.01959631705124791,0.01761749427791289,0.0201767546855473,0.019799436723267706,0.01913614091118846,0.021692445083356646,0.01949507345621638,0.02348874052543482,0.01967573577141722,0.020656558445082955,0.02211620004954712,0.019697394621274424,0.020904012526490087,0.021512748528733576,0.023691224698354392,0.020942264455093833,0.02323991855194494,0.022329153686990167,0.019605108895883946,0.020123194698309685,0.020104373996910507,0.017825753673601077,0.021194580993718275,0.022165045201351263,0.023244858944312607,0.02043704898391442,0.020428431771724646,0.020355633873002855,0.02044546661431374,0.019742742250300364,0.023167508224207913,0.019794895328193896,0.02141789707710131,0.020888078931132134,0.018621287755815806,0.019821910587193823,0.020325392242511533,0.022456051879721252,0.022388974253269835,0.02290331400661133,0.01899054286429325,0.014742959089996567,0.018323078968264545,0.017991460129834973,0.019110537750583106,0.020785479849495345,0.01840731981638398,0.018909603576628936,0.01635311535058721,0.01615998654343622,0.017005882538189507,0.01586134384147501,0.016147273454433196,0.016326721545726963,0.015105379920763197,0.016244326660345546,0.014341112818954253,0.016085406829866956,0.015568643580599055,0.014954933000274704,0.016075720675338113,0.01573141599509797,0.015263867848982166,0.01425055893444631,0.015675246672994074,0.014530514645807239,0.014898759518061792,0.016234179701888785,0.015807171651359503,0.015971838544375318,0.017225245889566934,0.015406157025486825,0.014933088733774911,0.014567367730061627,0.015666811423094833,0.015826915166457397,0.015820408951811575,0.015780234435628877,0.01617262805219409,0.0146410226037468,0.016071179432751596,0.015189099305845184,0.015504166732053291,0.016556971409199917,0.016137222813688935,0.015833933451407555,0.014842008789730046,0.014950131885636344,0.014681049123062881,0.016391835122422996,0.01821329172917039,0.016846584741838748,0.016838639538025155,0.016338171653728327,0.015550050542403493,0.016691723502101626,0.01642803235602219
paired_deficit,2,130000,114.01053755509201,114.97456158301793,0.6489067673683167,0.8305867910385132,49,0.773,0.22699999999999995,0.0178,0.0173,0.0178,0.0171,0.0144,0.0148,0.0151,0.0137,0.0159,0.0152,0.0161,0.0142,0.0178,0.0143,0.0153,0.0187,0.0143,0.0137,0.0149,0.0152,0.0163,0.0157,0.016,0.0157,0.0151,0.0127,0.0156,0.0135,0.0181,0.0177,0.0155,0.0162,0.0147,0.015,0.0151,0.0161,0.0183,0.0175,0.0144,0.0141,0.017,0.0181,0.0167,0.0164,0.0138,0.0162,0.0146,0.0176,0.0157,0.0,0.0,0.016162310850347618,0.01965318819916216,0.01850529057942764,0.021471686835662435,0.020782971350671683,0.02042047818072045,0.019595782103652475,0.019697085442783972,0.019988465888860864,0.019544688816654776,0.02115561373628322,0.022232464588298174,0.02086542843866874,0.02074192204254033,0.02055235448351173,0.02044127707185898,0.02103376882251886,0.02294082813379192,0.021660063037939884,0.02213187015336124,0.019013307262789526,0.02097121522887486,0.02095023465438099,0.02009123828959572,0.02239733247193437,0.02374610762163335,0.021360670394133485,0.020552882029295654,0.020033974493202385,0.019948312490165925,0.018063287227012725,0.02154298105928007,0.020437494645721144,0.020669468425848436,0.019438544525600936,0.015533842158800285,0.020987229231312597,0.021667561844650213,0.019548275499147366,0.021706101775588585,0.022065690367638665,0.020935178802778683,0.01723503155402246,0.020457902076380683,0.017759723357063932,0.019671233578831375,0.025185515345038927,0.01786550035204465,0.020586624480514844,0.017780338992849788,0.01616773119120068,0.016750436839425037,0.015407437367931506,0.015710175608593734,0.01590857900757843,0.01623202765317283,0.016265622806915216,0.01609847838407319,0.016293549197803636,0.01562449842514533,0.015033960260757397,0.01567392999731538,0.015689157127633403,0.01573342272255452,0.015782248951837746,0.015599932718686054,0.014722585334266652,0.01532463295696219,0.015078178494435747,0.01640994075946752,0.01562742936323607,0.015597589281417135,0.016092365283313287,0.015039614386903884,0.014446734126814648,0.015495299296615046,0.01577225332957988,0.016039411694950698,0.015998941088754853,0.01686660298024162,0.015297973610058692,0.01586203659056064,0.015681943019204288,0.016223019478309925,0.01805659458770241,0.015581327598068358,0.015438524211124793,0.01629197260199407,0.015382520737469055,0.015107269101999658,0.01564326987281349,0.017269741315218596,0.01593119110886109,0.01715629036319541,0.01608167399479709,0.013696827062239621,0.017109794034797288,0.0158355461811233
paired_deficit,2,131000,114.87277450901456,115.84781979199033,0.6224749088287354,0.8414532542228699,49,0.7716000000000001,0.2283999999999999,0.0175,0.0168,0.0168,0.0173,0.0143,0.0138,0.0151,0.0136,0.0158,0.0158,0.0164,0.0148,0.0177,0.0141,0.0156,0.0189,0.0144,0.0139,0.0158,0.0148,0.0165,0.0158,0.0157,0.0156,0.0151,0.013,0.0151,0.0134,0.0184,0.0169,0.0156,0.0159,0.0144,0.0145,0.0149,0.0163,0.018,0.0165,0.0138,0.014,0.0166,0.0176,0.018,0.0173,0.0146,0.0157,0.0153,0.0178,0.0161,0.0,0.0,0.018438028845226984,0.019789873798379758,0.018643922687916537,0.01912281222283168,0.019384050329800374,0.02220667188509166,0.02080006316358868,0.019156386344163882,0.020527823600582695,0.020364156421289435,0.021588270149378357,0.023035633311275255,0.019420846782512987,0.021409320174883787,0.022386973269530947,0.021350234015429213,0.019226931544015252,0.0217757340269083,0.021629862075833978,0.019915878435851627,0.017997662391421858,0.0209903606913443,0.022443637215365318,0.020919690373633053,0.02180299273724958,0.022223207565598035,0.021611134735835247,0.020159282811679065,0.021307076822116064,0.020808881402518645,0.021662165833613713,0.021796130740448838,0.02120913843630033,0.021831207268571785,0.019137701655748664,0.018294234070676527,0.01987291472806548,0.022487054951555095,0.019043730719089495,0.017725410673814966,0.020872929856907814,0.01780892823771909,0.019562076739417476,0.019055428391073076,0.019292543520288155,0.020451021293698322,0.021274197252204856,0.01959882720662251,0.018586958592931184,0.01686156144461848,0.016306957987673943,0.01665395516925211,0.01652177468018469,0.016328926338279055,0.015128427805184076,0.01570708090248692,0.01642890552419049,0.015904760560225724,0.01589851039497578,0.015243750412199546,0.01484251240454667,0.01635182958772236,0.015439524223156104,0.01497112301930557,0.015504534551945916,0.016515112930297376,0.015200487700283198,0.01538173521783472,0.01621256024859218,0.016937761930122874,0.0155844487862704,0.015141551411442787,0.015537358825972087,0.015305704472188906,0.015003978621387684,0.015311834374159335,0.015910356132535858,0.015367237137009417,0.015703208351688314,0.015367548945044718,0.015230592934559545,0.01552743451428957,0.015215188993015927,0.016358985949969797,0.016807521765112268,0.016153302864021935,0.014809984408349455,0.016361191012427043,0.016979196925583848,0.015557893819163553,0.016903457486870437,0.016133558113055904,0.01647324145168945,0.016525361773383367,0.01574317597769564,0.01545980127907947,0.016234606557145276,0.016678971088335205
paired_deficit,2,132000,115.75025141821243,116.73643499996979,0.654238224029541,0.7919842004776001,49,0.7797000000000001,0.22029999999999994,0.0183,0.0173,0.018,0.0185,0.0139,0.0152,0.0146,0.0155,0.0157,0.016,0.0174,0.0154,0.017,0.0147,0.0158,0.0194,0.0144,0.0136,0.0149,0.0152,0.0164,0.0161,0.0158,0.0164,0.015,0.0126,0.0149,0.0135,0.0186,0.018,0.0163,0.0154,0.0147,0.0151,0.0149,0.0151,0.0185,0.0172,0.0139,0.0135,0.0174,0.0176,0.0179,0.0172,0.0142,0.0153,0.0149,0.0174,0.0151,0.0,0.0,0.01860344790416385,0.019898491905068958,0.019341024688942103,0.018132266775224188,0.02052683558570455,0.01924916421569741,0.02023919880092403,0.018321059932383504,0.0195985222460998,0.01927720889752823,0.017240644613586466,0.0209456476442717,0.01850424264495131,0.02140811567094387,0.01932264231793101,0.02244568106329871,0.024077514232807122,0.02366951573010139,0.021625937826033587,0.021093521654875762,0.021259106347088823,0.01936629299992873,0.021696002603916808,0.019334999486414907,0.024200337222372206,0.0205638248683729,0.020045150843658648,0.021536247470282113,0.020066809497415836,0.01919007237172199,0.019933401787485955,0.020360941931924607,0.017943958271978123,0.021344933071563377,0.020430897202016074,0.01979765765712817,0.01967883816570834,0.020081662745987577,0.023267626866162412,0.02256071410578908,0.01918082734735435,0.020006019896244807,0.020466328257913394,0.020979835010786492,0.0179994001920864,0.02116008883914624,0.021540597657179934,0.020774491839882205,0.021712251091951927,0.016853792003399877,0.016183908231644596,0.016421822967949903,0.016898631737111154,0.016032932480492076,0.016500089495804192,0.016116627028481764,0.016896183973543324,0.016350991178854177,0.016409995642946977,0.017318218948400608,0.01593231771321433,0.016778943124224316,0.015578696539749115,0.016546855659245914,0.015214011470241024,0.014517580995072953,0.01457451827474808,0.015563859838880536,0.01579108334064224,0.015681352939025044,0.016489164009052676,0.015494895234017415,0.016385331891755596,0.014426100346831644,0.015860896268895086,0.016238504925060834,0.015445887708359564,0.016151136488409674,0.016525308594022892,0.016129946962301002,0.01586935724010484,0.017096185161057504,0.01568378648232481,0.015917626870756645,0.016187879568999287,0.01627765161236129,0.01606667244888413,0.01474603559508916,0.014969605399930933,0.01652925416691208,0.01621614265202669,0.01617594317604425,0.015722414797753038,0.01711158626999945,0.01576267393174044,0.015444031144352329,0.01584911324287142,0.015448898237002337
paired_deficit,2,133000,116.63782682479359,117.63584750005975,0.6441663503646851,0.7886528968811035,49,0.7858,0.21419999999999995,0.018,0.0175,0.0176,0.0184,0.0141,0.0145,0.0152,0.0151,0.0161,0.0168,0.0176,0.0148,0.0178,0.0144,0.0161,0.0196,0.0146,0.014,0.0151,0.0159,0.0169,0.0161,0.0162,0.0161,0.015,0.0129,0.0156,0.0134,0.0195,0.0181,0.0164,0.0154,0.0152,0.0154,0.0148,0.0155,0.0184,0.0173,0.0139,0.0138,0.017,0.0178,0.0179,0.0165,0.0144,0.0147,0.0149,0.0178,0.0157,0.0,0.0,0.01891153392853036,0.020548443638583762,0.019728431473055013,0.02091707456662089,0.022575815687247418,0.02130061965134447,0.02049199754606284,0.018500374031572883,0.021448712479022032,0.020284849427701854,0.019016336181718996,0.023000090512506677,0.017843091444189604,0.02310770507743983,0.019017988496957,0.022677787227727484,0.023117972424864998,0.020951181890349307,0.0236177055550437,0.017281140836151867,0.017981276452351588,0.018824198338353658,0.02011446096011393,0.020336726149976607,0.022912636597333294,0.02006944649878544,0.019303116759895128,0.021317668735437473,0.02047418026278654,0.018516896540717014,0.018831268270501886,0.023089210740119843,0.021285116055258513,0.02198384237911321,0.019524038552218622,0.020143457324140544,0.02024293163055224,0.0200916060810965,0.022551186500229407,0.021821030823293765,0.020219157603109095,0.020169820786388466,0.017501101347962962,0.019962678109884602,0.018435526735698232,0.01876935507877873,0.02325914448555325,0.017487145261533908,0.02044292286212447,0.01650386992070331,0.015918113085425026,0.016348379014810135,0.015837935510102395,0.015399053529512638,0.015712290791998425,0.016059540444680845,0.016719498372193956,0.015414319728225372,0.015992246845556897,0.016497926792261558,0.014787168084699022,0.01692363272262756,0.01493626725457544,0.01653627973227208,0.014964638504748398,0.014814670608691259,0.015667038672919416,0.014717255818257936,0.017399328300176965,0.017059603911307047,0.016619499773906785,0.016026354910403606,0.01593090672826873,0.014824723750653884,0.016280060640988275,0.01633571102262266,0.015626844339256558,0.016028129288106936,0.016751465548526367,0.016655526206172642,0.014827021847883315,0.015758011059973126,0.015457954368851503,0.016240839740780083,0.016092027891999056,0.01593212276391708,0.01607523206764469,0.014979942634557186,0.015371621151785966,0.01605951963454716,0.016041644030575345,0.01714861982466491,0.016091535594534086,0.016864533492018826,0.01676023882254115,0.014714984056093311,0.017232738039707686,0.015924364772035723
paired_deficit,2,134000,117.50060348783154,118.51192112499848,0.6494316458702087,0.7933691740036011,49,0.7833000000000001,0.2166999999999999,0.0179,0.0174,0.018,0.0179,0.0144,0.0154,0.0154,0.0145,0.0159,0.0163,0.0163,0.0152,0.0175,0.0143,0.016,0.0191,0.0149,0.0143,0.0155,0.0154,0.0168,0.0161,0.0162,0.016,0.0157,0.0128,0.0156,0.0135,0.0194,0.0175,0.0162,0.0158,0.0146,0.0149,0.0144,0.0161,0.0184,0.0176,0.0142,0.0139,0.0169,0.0178,0.0173,0.0164,0.014,0.0151,0.0151,0.0174,0.016,0.0,0.0,0.017358881821809276,0.01634155191856219,0.01670551336166157,0.022606108071048958,0.022437007024339362,0.019999883113292885,0.01774548993414092,0.019255211428985064,0.022755852846458605,0.020232178554692698,0.018556893008393475,0.024649337699606526,0.02164373522791332,0.02110162754244224,0.018827754756623245,0.020634453172903695,0.01774492352321692,0.02254462334211497,0.022519969784660844,0.02308768662470581,0.02100575043521591,0.017952920355135283,0.022977474102381337,0.02294786117283368,0.02268956310923874,0.020748783024706285,0.022619603631812785,0.021179190009775497,0.0196009646225252,0.021240730103724872,0.018693857159484593,0.02205154128268442,0.021563723160528372,0.020809972190248563,0.01909799941276435,0.02039179935518859,0.020185235923676298,0.020265317609397843,0.020782957576390024,0.020536547256802908,0.020833546294912925,0.01722899133451575,0.016860268597166952,0.018163804516105466,0.02052997018212857,0.020643555103707474,0.022932840124164022,0.0197733009193824,0.018943248675828275,0.017407446965725028,0.017715679776758232,0.017563480780313494,0.015291321491136368,0.015205785051858042,0.016185862959462914,0.017284840234464714,0.016614452354310104,0.015150577208318632,0.01616684818345074,0.01686740804697316,0.014241584697385798,0.015459385221139214,0.015842330238586846,0.01667601586706316,0.01603769013606109,0.017089764592450197,0.015160782769673843,0.01540546723177334,0.01489462564692353,0.01599961099510767,0.017080910848734712,0.015096963592807535,0.01507028443242879,0.015139235313538602,0.01598988043248411,0.015090365506521014,0.015731770677416376,0.016547992563607415,0.015745098746701824,0.016810133281362112,0.015288851574081157,0.015610031639907521,0.01592523025069694,0.01683644423865392,0.01617822400958139,0.01622554084336639,0.016270177812061127,0.015936527043795678,0.016195819286499796,0.01583724718704755,0.017305513713250384,0.01745970375633009,0.01703178720079434,0.01612044464422025,0.015955758950652415,0.01499844083551809,0.016241551107311087,0.016705844381455275
paired_deficit,2,135000,118.37450809660368,119.39807254204061,0.6107760071754456,0.8271434307098389,49,0.78,0.21999999999999995,0.0183,0.0163,0.0173,0.018,0.0151,0.0141,0.0157,0.0135,0.0154,0.0153,0.0162,0.0153,0.0177,0.0146,0.0159,0.019,0.0143,0.0138,0.0158,0.0152,0.017,0.0165,0.0154,0.0155,0.0153,0.0133,0.0154,0.0135,0.019,0.0178,0.016,0.0156,0.0146,0.0148,0.0147,0.016,0.0178,0.0174,0.0143,0.0144,0.017,0.0182,0.018,0.0164,0.0136,0.0161,0.0159,0.0177,0.016,0.0,0.0,0.016395883148999826,0.018793161421551456,0.019180607275357617,0.021510007538705404,0.020506868435392636,0.017919837352990978,0.01878555821977554,0.016380700404471024,0.02222891874455578,0.017611175148239025,0.02086706965226889,0.02354178053542108,0.019341466883519697,0.01984718413633988,0.0198739613674137,0.022228157217778537,0.022527617212816892,0.0231165548703188,0.022867045973800737,0.02264044992604477,0.019874107440912947,0.020819922815576847,0.02365042328833693,0.021530296437561575,0.02229874945287516,0.01948813376029228,0.019519717095552464,0.01972540893061297,0.021062876634893323,0.022159602378267862,0.018187527326241116,0.022126049735755958,0.02269829754305739,0.02088392679829206,0.017300644218992176,0.02033990619030924,0.020926864902067237,0.02122034066140934,0.020706047784955887,0.02302026871849227,0.020702829015135597,0.01855216574621151,0.020396814404732486,0.019746224573893544,0.01706889087334164,0.02139111989451458,0.021072304246182783,0.01801079180791289,0.01935574185785765,0.017655481911576353,0.016731742364899167,0.016569821961611022,0.01579163732296443,0.016015554210934018,0.01713578227785479,0.016734919875990698,0.01770088954623962,0.015334941747831506,0.01738196511535103,0.015865019818247852,0.014708148828043008,0.01650259591603458,0.016291247825141384,0.016475369651627086,0.015296197503199771,0.015210110430197668,0.014924920575684814,0.014951069710383381,0.015084830664569195,0.01624093360495521,0.01604097330645386,0.014662745120160591,0.015626908237041093,0.015266695772664863,0.01651942626130352,0.01650622703273448,0.016537452314894518,0.01586131365324319,0.015246722770461314,0.016984847452989133,0.015299807506997179,0.01513878013298478,0.01593609992189512,0.01755080392551964,0.016085330655286736,0.01584003033683529,0.01579550668066528,0.015893251174763284,0.015004222743709798,0.015933658855005306,0.01691058367547108,0.016178735216485614,0.01652875309325727,0.01753047020475736,0.015567885050214239,0.01581831118948558,0.0170977708192803,0.01665288015442164
paired_deficit,2,136000,119.25725076592062,120.29188166698441,0.6532280445098877,0.7810803055763245,49,0.7909999999999999,0.209,0.0176,0.0172,0.0177,0.0178,0.0147,0.0145,0.0154,0.0146,0.0162,0.0164,0.017,0.0157,0.0177,0.0146,0.0155,0.0196,0.0144,0.0143,0.0157,0.0161,0.0172,0.0164,0.0159,0.0164,0.0156,0.0134,0.0155,0.0135,0.0194,0.0186,0.0167,0.0159,0.015,0.0146,0.0146,0.0162,0.0187,0.0177,0.0149,0.0137,0.0172,0.0185,0.0183,0.0168,0.0139,0.0155,0.0157,0.0171,0.0154,0.0,0.0,0.01713346017381455,0.02064280378360584,0.01969923534464723,0.02167888474354092,0.022196553073536143,0.023206409835904756,0.020472344213282766,0.01710851948268343,0.017713854022636675,0.021384313849932453,0.018557114813187905,0.02430620483066423,0.017358400946610612,0.016644254659920463,0.01654260563194486,0.022245927745953284,0.02251556838556284,0.020275427198474062,0.022196447498610033,0.020528664591327486,0.02120792657874117,0.02124370647128177,0.02199899287628832,0.02047211346238009,0.024487855412750132,0.023217661719389167,0.020788829363200194,0.021196528992390745,0.017905194751008973,0.021058155549946066,0.021527743887098105,0.02343015738762392,0.02036740089208339,0.022236540725413076,0.023265254860542806,0.019147045291677378,0.01946064000271438,0.018601515503708282,0.01906774562208516,0.01903301089324823,0.021453204524454587,0.01870422929260529,0.02069352277779453,0.018110818017975365,0.01877215437846073,0.019802974960223207,0.02126114344263175,0.019127859917985237,0.01995307761845736,0.017508832329151854,0.016025644529945884,0.01645299361733806,0.015521163238674411,0.015386263235976465,0.014931635929201253,0.016291102619938415,0.017558158139630096,0.01734812023202377,0.01591581921345779,0.01696204861098307,0.014518123260602499,0.017416267252334812,0.017553894636431883,0.017869161592096953,0.015365945130511198,0.015333110671235738,0.016254948177555212,0.015425369180973226,0.016033551296432136,0.015988404103713202,0.01581743036794775,0.01538943596873928,0.016134947575934016,0.014443372472314388,0.015083255681664869,0.015887428738826127,0.01579778180924127,0.017152194364586624,0.015737536179628385,0.015622421510534354,0.01491768687319502,0.016256162705805717,0.015369807970789493,0.015102733191749124,0.016797412108124708,0.016629302667653507,0.016943777342161234,0.016790982109187662,0.01672715075103411,0.01580934510404622,0.016784322228152272,0.016161023224424875,0.017028516108778882,0.01706887046684258,0.016488428866763286,0.015849317403169156,0.01668811955561467,0.016309472822460813
paired_deficit,2,137000,120.11755096900743,121.1642564580543,0.6808690428733826,0.8426870703697205,49,0.7907,0.20929999999999999,0.0178,0.0172,0.0177,0.0175,0.0148,0.0144,0.0157,0.0143,0.0163,0.0162,0.0167,0.0158,0.0177,0.0142,0.0157,0.0195,0.0146,0.0141,0.0162,0.0163,0.0166,0.0165,0.0157,0.0168,0.0157,0.0135,0.0154,0.0136,0.0197,0.0186,0.0169,0.0161,0.0147,0.0155,0.0145,0.0165,0.0188,0.0171,0.0147,0.0143,0.0168,0.0181,0.0186,0.0168,0.0137,0.0152,0.0152,0.0169,0.0155,0.0,0.0,0.018774447538747005,0.020432983860696072,0.02138551839231284,0.017493746551662654,0.0171932749565734,0.02026051509356095,0.02102394022107331,0.021022104757221077,0.018678446256132845,0.02129043620686268,0.021263672654539767,0.023692300859762642,0.01843796344714297,0.01907821440513735,0.021315095400656757,0.02243434230945631,0.02223683633928248,0.023311892131282694,0.020256697177030013,0.022443284539912386,0.018619374163802983,0.020698913618140198,0.022361226580368924,0.018539351433178693,0.023250349728381074,0.02297990855190732,0.022237812383447242,0.021557784288372038,0.02032912730434927,0.02038720740898855,0.021407011316516594,0.02174037711121857,0.020658033188783266,0.02194999989694909,0.01680732185190434,0.018414458023186142,0.01976007190697463,0.019677475757200517,0.021618408328056372,0.019823325683938665,0.020189234169950644,0.01875617697242596,0.01808852887660723,0.018721910717077364,0.01742184222130106,0.02157737947299958,0.01925737276094359,0.020040724025699695,0.02110357915828419,0.016893398895040393,0.01620735968905311,0.015813352017892864,0.017266899782409542,0.017430249759137532,0.01620057490300992,0.015923853201374925,0.01584648742512369,0.017011233995341955,0.0158917444416012,0.015824689953559255,0.014702921400072632,0.016915395129503387,0.01661149835783734,0.015842481879349384,0.015379515075152889,0.015578399211616401,0.014899336680704128,0.0162412166511643,0.015375816198860187,0.016996606155458633,0.015902047644737457,0.01540975876416016,0.016873456865917544,0.015002918163424719,0.015114783817205695,0.015343620479388809,0.01574209571980211,0.016055006555399095,0.01618723222241158,0.015726336655674106,0.015549380277756559,0.015958019980793076,0.015345484125328369,0.017550833423029995,0.017042305444840214,0.01660289139913824,0.01644174408217267,0.015599831610084026,0.01630328952133727,0.01615193464059962,0.016822831356789015,0.016981810717576325,0.016837005296967716,0.01737476738681048,0.015655865341146755,0.016654578553380563,0.01625242707740272,0.0158127862437423
paired_deficit,2,138000,120.98191782459617,122.04056008299813,0.650739848613739,0.7936079502105713,49,0.7952,0.20479999999999995,0.018,0.0171,0.018,0.0179,0.0153,0.0148,0.0156,0.0149,0.0161,0.0164,0.0168,0.0156,0.0178,0.0152,0.0157,0.0186,0.0146,0.0143,0.0165,0.0164,0.0168,0.0168,0.0164,0.0166,0.0155,0.0133,0.0154,0.0136,0.0201,0.0184,0.0163,0.0166,0.0148,0.0155,0.0148,0.016,0.0182,0.0168,0.0147,0.014,0.0172,0.0176,0.0188,0.0166,0.014,0.0159,0.0156,0.0175,0.0158,0.0,0.0,0.019813756138517834,0.018780674998508256,0.019773232985815962,0.01834637147622694,0.018293503363653693,0.021020224855621224,0.020234613517528317,0.02096195949157455,0.020373681443907672,0.02276757474034847,0.02023916216559519,0.021484159737029645,0.020927533444163912,0.021488718560553004,0.018531989686442582,0.021572649191540713,0.02129430000762811,0.02300672987640523,0.023516320672837022,0.02160946481543768,0.01959038231355529,0.017422193268160024,0.018918594803294147,0.02017140407958822,0.021428717860285426,0.02021508618999069,0.023522908353623855,0.018072011977102835,0.018034069100829116,0.020909593057343884,0.018817855894076474,0.02105428100916565,0.01815771028500264,0.02089590439690481,0.019471995282969473,0.020196129151622465,0.020161180005328096,0.018621311499777894,0.02216185714099276,0.022850785762934755,0.021037069165693985,0.01872716298025692,0.019080416546525182,0.01953596481424796,0.021594993105625605,0.020188440842448988,0.022958125778439545,0.02304565946532451,0.019121574699552675,0.016468870941683478,0.01681329400785188,0.01636825811248723,0.016990931665111203,0.01701255563816098,0.015819154355602945,0.01629673298973913,0.015882048397917514,0.016239851800951673,0.015299770510740598,0.0163339350139547,0.015746584459620114,0.01593519174713237,0.015783782321897873,0.016875948104572304,0.015632265741206474,0.01578517787491553,0.015162889420949975,0.014993520465539346,0.015695332513851454,0.016599297202103777,0.017407999047293093,0.0169521949206671,0.016361649243844964,0.015730198646760875,0.016187532504668457,0.014912700990082187,0.017298461948690863,0.017157731241777732,0.01594252967584245,0.01695433637806143,0.016039599799381257,0.0173415348575486,0.015987191074876568,0.01660865704658002,0.0162343487614573,0.016522081067169056,0.017034726436993622,0.015469394492248042,0.0151094857623399,0.015851327241252697,0.016913306349468298,0.016729757026978865,0.01650436740114358,0.015545001693631648,0.016237493412973564,0.015143706838226433,0.015146966545313681,0.016634797630051754
paired_deficit,2,139000,121.86771556956228,122.93945654202253,0.6302556395530701,0.8433024287223816,49,0.7931999999999999,0.2068,0.0178,0.0172,0.0181,0.0173,0.0148,0.0138,0.0157,0.0153,0.0167,0.0168,0.0168,0.0155,0.0175,0.0155,0.0157,0.0189,0.0151,0.0143,0.0165,0.0169,0.0174,0.0167,0.0164,0.0168,0.0157,0.0135,0.0155,0.0135,0.0202,0.0186,0.017,0.017,0.0154,0.0161,0.0148,0.0164,0.0183,0.0165,0.0147,0.0143,0.0165,0.0174,0.0178,0.0141,0.0131,0.0153,0.0149,0.0175,0.0156,0.0,0.0,0.016419378274368228,0.021196366722264194,0.019953019287994082,0.01973276808958058,0.02018762228211924,0.022685809324365737,0.02257932418051175,0.018601133277050045,0.021968407998525327,0.018732700478898093,0.01890239813565578,0.021486752799035298,0.01987534126335782,0.019536185357379856,0.019679258742210437,0.021794301990654654,0.023338901699093036,0.02297866934963927,0.02230139955738582,0.018903158059545337,0.01796083395078753,0.019031613821513617,0.02126843365820375,0.020127145238607598,0.022760704401986017,0.020864172705042226,0.021082429390162277,0.020311961020405545,0.017873305440887652,0.018914310948151054,0.01931271248912096,0.02230735591543411,0.018997637938073166,0.021694029412432658,0.022722738355061733,0.019430118590117885,0.018209483135390864,0.020163171219367587,0.019588241214220255,0.022287675355823336,0.02200085359534862,0.019163382848057152,0.019416903450157365,0.019939587719241137,0.019530856298796674,0.021827938541931567,0.02049078020140203,0.020265062465401065,0.021603663809239913,0.01785393207127989,0.01591850945869279,0.01660740374272994,0.01661671365951414,0.01635802147640671,0.015366295766292247,0.015603880543395354,0.017065947971864864,0.015612025928840985,0.016896531165382193,0.016907289900844436,0.015881357526532334,0.01667730272248104,0.016577565211991448,0.016559830702091827,0.015798329712518232,0.015146094853207557,0.015210974230592757,0.015518898050543257,0.016867925727652534,0.017202945324033693,0.016934119094866654,0.01600708795864123,0.016382029542219213,0.015492814055743362,0.016245695730373624,0.016041865091818527,0.01658209921213108,0.017315817231357996,0.01690256077438931,0.01662721656136202,0.01563372100644978,0.016752294278759787,0.0159943857367112,0.015429760747417962,0.0167368589027224,0.0171432995267765,0.016406790514452246,0.01651783767341842,0.015485283758908019,0.015794458235322436,0.016725559668386535,0.016703042524746085,0.016456485782258688,0.016618743231893794,0.01586310173608501,0.016198611901630758,0.01636634191448027,0.015834946408127402
paired_deficit,2,140000,122.72394661942963,123.80789425002877,0.6518223285675049,0.7860496044158936,49,0.7978000000000001,0.20219999999999994,0.018,0.0168,0.0183,0.0179,0.0156,0.0139,0.0155,0.0151,0.0163,0.0166,0.0162,0.0154,0.0177,0.0156,0.0159,0.0196,0.0148,0.0146,0.0162,0.016,0.0167,0.0167,0.0164,0.0167,0.0148,0.0136,0.0154,0.0139,0.0199,0.0189,0.017,0.0165,0.0148,0.0157,0.0157,0.0165,0.0185,0.0169,0.0143,0.014,0.0164,0.017,0.018,0.0178,0.014,0.0166,0.0154,0.0175,0.0162,0.0,0.0,0.016767505536437653,0.020355326379413622,0.021166513376087055,0.020058191387404833,0.022065425468080144,0.021135810236007403,0.017388192981526295,0.01864648356147056,0.02249525468686982,0.01766392688383687,0.019439240740295974,0.022489043353206,0.01940907490941122,0.017469978812496526,0.017004638017151033,0.02186144072405042,0.021471271951355342,0.02018165402787285,0.02128518328433538,0.021136293145929255,0.021596893391859287,0.018915996937589857,0.01947083123783272,0.021206141299147444,0.022616566135529897,0.022899276156353364,0.02364917494548361,0.017541786453291332,0.018410126854713514,0.018836726805585582,0.018799754002508468,0.023043877775973075,0.02088688381537,0.019413931543958762,0.021317697347141853,0.02127181628932253,0.020870090196893912,0.021659409597071272,0.02160866354741875,0.022977404155367163,0.019238735672624442,0.021224309769286236,0.018721413313764153,0.01988052442567326,0.02148237694953207,0.01904702419725159,0.0255576105087407,0.019977540762325302,0.01838696644915153,0.017610465544475276,0.016249466811194196,0.015963151174956648,0.016407714197425427,0.015563522809954433,0.01601452912199503,0.017634936869108577,0.016973969405161913,0.015508299964764287,0.01736808625100296,0.016577858719502563,0.015354541415168906,0.01662902114451565,0.01756306896004647,0.01759347348153872,0.015684406364909045,0.015879970865801847,0.01631912915328309,0.016032738560887185,0.01585808542025796,0.01582958239760614,0.016826801424708694,0.016604249841320376,0.015947255876090628,0.015381515292911605,0.01522905395879759,0.014928259356104739,0.017417078438763778,0.01706877529461432,0.016975785252702887,0.016912490546834875,0.01524917728263446,0.016153439394628752,0.016588010582350023,0.01586344672811513,0.0160381002443735,0.01600392554338711,0.015726381297496136,0.015785798728141065,0.0153539657558785,0.016697346528947474,0.01590090575563284,0.016904851562497384,0.016518041331987213,0.015797391500008903,0.016813307108931468,0.014319009897596983,0.01651818925996635,0.017195252748259
paired_deficit,2,141000,123.60277465521358,124.69902000005823,0.674509584903717,0.7829038500785828,49,0.7998000000000001,0.2002918367346938,0.0176,0.0169,0.0181,0.0177,0.0154,0.0146,0.0158,0.0142,0.0161,0.0172,0.0168,0.0154,0.0177,0.0153,0.0159,0.0196,0.0148,0.0146,0.0167,0.0166,0.0174,0.0166,0.0165,0.0168,0.0151,0.0131,0.0158,0.0138,0.0205,0.019,0.0172,0.0162,0.0148,0.0158,0.0149,0.0164,0.0184,0.0171,0.0146,0.0145,0.0176,0.0177,0.0173,0.0162,0.0136,0.0159,0.0167,0.0174,0.0159,0.0,0.0,0.01859441161030585,0.019673073794693387,0.01872411762962841,0.020048415360685044,0.021549734723678802,0.017693401904947007,0.021709938904317827,0.01933176090735668,0.01927169882115116,0.018586298053399376,0.020767259347731937,0.019630165638496802,0.018202856920698236,0.018899814845897735,0.021524361605222135,0.020400295931064648,0.02048132903727152,0.02047061887306078,0.021088770306639422,0.020008887416869674,0.018252698219339038,0.019655450366546784,0.021102915019965814,0.022865723272403767,0.024237582613587057,0.021814839230433224,0.020528226168423914,0.02232452136934733,0.019676006078403453,0.018687033270926686,0.021154518781915897,0.02465882737280006,0.02213871379728781,0.02305179803960026,0.017936440609162628,0.020479493551767997,0.020820249068070326,0.01974842512775665,0.0234785176907074,0.022084484259148024,0.021050556452467326,0.019209267481949933,0.018469625328843907,0.01868807956698882,0.02046741630576505,0.01934559183921048,0.02438005420731685,0.01811067421368453,0.018925059063062445,0.017205998732117686,0.01658005527549398,0.016997966600520626,0.016430208826843887,0.015869904256373368,0.01725320604082085,0.01588407143847427,0.016794441560360716,0.01670123246065495,0.016896737882263882,0.01610416447257506,0.01655812286554195,0.017284192895797246,0.01688876104608404,0.01588003388771826,0.01628972863866903,0.016218315543135853,0.016378841328758473,0.01605393365014679,0.016406926945192205,0.017225232408805843,0.01658709102202483,0.015931099200138646,0.015266401231774272,0.014718718084077424,0.015646879906800547,0.016316780446994666,0.015638713588101424,0.016578884628967724,0.01693464667396683,0.01598862259038947,0.014550545846042012,0.015556642968506187,0.015192115179884117,0.017156178453122128,0.01625811081831764,0.016083009550959357,0.01658903549662154,0.015099882217747215,0.015578292858735403,0.016147314648564642,0.01676521923047052,0.01721675427203533,0.017012353964436757,0.016262932379761903,0.016867044880356164,0.014622777091823245,0.017360057211861662,0.016878682875601937
paired_deficit,2,142000,124.48481470625848,125.59253100003116,0.6565132141113281,0.7859801054000854,49,0.7759,0.22409999999999994,0.0175,0.012,0.0166,0.0177,0.015,0.014,0.0158,0.0149,0.015,0.0161,0.0164,0.0152,0.0174,0.0154,0.0158,0.0175,0.0153,0.0142,0.0163,0.0151,0.0169,0.0168,0.0156,0.017,0.0151,0.0133,0.0156,0.0137,0.0185,0.0172,0.0164,0.0162,0.015,0.0153,0.0149,0.0157,0.0171,0.0162,0.0144,0.0145,0.0172,0.0175,0.0176,0.0164,0.0139,0.0154,0.0159,0.0175,0.0159,0.0,0.0,0.020598645038124648,0.021365276302161403,0.018095504369572486,0.020520202139108254,0.021076351042630927,0.017155216086908016,0.021336982189695024,0.01988801368975176,0.019669331552460048,0.019562387473408112,0.022777386366309424,0.021296840689074514,0.01979571960260559,0.021081337934438157,0.01950492020753867,0.020308687875967964,0.022000096501681447,0.022039686179604293,0.020611358483896475,0.01942320955671093,0.0215213053579423,0.021349843321904705,0.020277637169172094,0.02100392483879423,0.02395039697744314,0.018821664562642254,0.0199842281558479,0.021094809086763963,0.018329143020458967,0.01946382611390346,0.018281288391778068,0.020451905429169637,0.0204410500501794,0.01994915170944044,0.02079999997452054,0.01838322419953828,0.018979977682102696,0.01937756329263672,0.024657447694857587,0.019299993909866236,0.021358957022659383,0.022407995363973764,0.019899362063102298,0.019353952573763416,0.019498472805875782,0.021854335567680273,0.022590353695296644,0.01915133189807448,0.019359704788963133,0.0163609110657323,0.01594011096337652,0.017235054193758013,0.01611853967772634,0.016015472899278682,0.017607441005849617,0.015990378914445696,0.01652515825684965,0.016533638977104595,0.01657599254611576,0.015380866341481985,0.016045338842632602,0.016522647420335105,0.016130685416949772,0.016715939078990338,0.016319494170907965,0.015766825119799113,0.01563395873256291,0.01623868859972352,0.016748299334176597,0.01591738053907115,0.015868097959479015,0.016527103829056252,0.016161343691047693,0.014877250905873853,0.0169474695408909,0.016408928987162154,0.01612535037283374,0.017064400174744337,0.01669315126709051,0.017083352269486818,0.016262775046512197,0.016306136653552822,0.016500945477993204,0.016124917518731057,0.01708204464982284,0.01692383454805275,0.016805439339847864,0.014558171768955913,0.016992409509075067,0.015903551117500643,0.015409970505763187,0.016403476406922777,0.01685385250442012,0.016796617473939297,0.01578548901131213,0.015533062774041016,0.016895034828135078,0.01669532442745141
paired_deficit,2,143000,125.35297369689215,126.47284854203463,0.6261969208717346,0.8285002112388611,49,0.8040999999999999,0.19609183673469388,0.0179,0.0166,0.0184,0.0182,0.0156,0.0139,0.0156,0.0153,0.017,0.0164,0.0166,0.0155,0.0176,0.0154,0.0159,0.0197,0.0152,0.0147,0.0163,0.016,0.0172,0.0173,0.0172,0.0172,0.0157,0.0133,0.0157,0.0137,0.0206,0.0187,0.0169,0.0168,0.0149,0.0153,0.0153,0.0168,0.0186,0.017,0.0148,0.0144,0.0176,0.0176,0.0175,0.017,0.0139,0.0157,0.0156,0.0178,0.0162,0.0,0.0,0.017181540445509076,0.017657768173302144,0.01956512535892736,0.020581980691695048,0.02111787753533209,0.020495322058195244,0.019833970628450992,0.01951663805452649,0.021868422172832525,0.021738702503102794,0.022463338240264724,0.022912142161699657,0.01895770796632169,0.02268421718859969,0.019783878439818395,0.01887755615266086,0.019198773225572806,0.021337377932707007,0.020995489314320444,0.021138247444949937,0.018898920788357622,0.019663831446724296,0.020207130743269935,0.019595407572890446,0.025537205147080785,0.021984935318521494,0.018807167530349892,0.021362456872377866,0.020281635000618622,0.021966293881172043,0.02095892537581931,0.021384908470364616,0.017074854709325217,0.02042694667420103,0.021148029281705432,0.018474156311841003,0.021921429331266805,0.024325196481775876,0.02287718242910121,0.018226205789877083,0.023716838731337946,0.02000392012998569,0.01726909750795448,0.01802802009959123,0.019566645657862335,0.018669959485777946,0.020540865220787408,0.017083866021675647,0.02209189229959774,0.01752105590103394,0.017569642073300883,0.016747407407054153,0.016194455683858588,0.01598538838148506,0.01634545097158546,0.01656439887224226,0.016766323566107556,0.01580976888973608,0.015899438408115064,0.015694864152520072,0.015363524065196074,0.016945314236496298,0.015647756027654867,0.016701128638392453,0.017015646044500964,0.016968455906508653,0.01597788056521833,0.016150322710959817,0.01601650404973197,0.016968248644222396,0.01655264959393942,0.016536006902079466,0.01661840602746458,0.014378481192248691,0.015764314080010153,0.017121231477528465,0.015929034118315803,0.016350690852737736,0.01577158658975767,0.01612552475473788,0.01595933766576589,0.017640801782609426,0.016411188487962504,0.016051750400696924,0.01705583531859378,0.01582815191802072,0.014890379808223764,0.01553341276651115,0.017152567268715536,0.014971465995723743,0.016576222149723343,0.017565022612798884,0.01734707216315267,0.016707751798882477,0.017135697405775807,0.016327683398856197,0.017715411235193317,0.015605399878744538
paired_deficit,2,144000,126.20766500208993,127.3402294999687,0.6462147235870361,0.7756128907203674,49,0.8077999999999999,0.1922918367346939,0.0177,0.0177,0.0185,0.0174,0.0154,0.0147,0.0161,0.0152,0.0165,0.0164,0.0171,0.0162,0.0179,0.0158,0.0159,0.0196,0.0153,0.0149,0.0167,0.0159,0.018,0.0169,0.0165,0.0174,0.0163,0.0136,0.0153,0.0139,0.0205,0.0185,0.0166,0.0172,0.0151,0.0152,0.0151,0.017,0.0183,0.0172,0.0149,0.0144,0.0172,0.0175,0.0179,0.0164,0.014,0.0162,0.016,0.0178,0.016,0.0,0.0,0.016485170615882075,0.02044250414631281,0.019893045103892233,0.02098434776872326,0.018857892653413845,0.020833683692780113,0.02142394657742498,0.01901714126754185,0.0239608850656213,0.017353177734559952,0.02235101926013021,0.022707142209504462,0.017153942311751155,0.021732407023711233,0.017000067841750947,0.01960320509804351,0.02008066683209294,0.021220410284412197,0.019635753480150647,0.02157676726202014,0.019342419861272303,0.021385982580780664,0.020746037218727257,0.020270592945555454,0.023232069482735682,0.020813326098378465,0.022721615291378793,0.022187136376063083,0.017853341604498744,0.021600780266382583,0.021651153794994625,0.021875256295871455,0.021794551150196968,0.022611977300214275,0.021197364463873575,0.018680976077731684,0.022652337050388084,0.020534628063328612,0.022070191056356644,0.020817700236152828,0.019912882539730517,0.020599025492040096,0.01571931892016272,0.019422063201435233,0.018168317420542507,0.01740006257175661,0.022852170658569496,0.01754250057332291,0.022031045177838226,0.01791526903324169,0.016491970761667977,0.01647148570306477,0.016202920302814772,0.01683538080295099,0.016183444861537326,0.015953671058472386,0.017007764509490236,0.015122357686729291,0.017538314211134987,0.01563184856711644,0.01541509427741333,0.01777212131661278,0.015794533026566047,0.017792958097232164,0.016662437787668433,0.01647657450318202,0.015993839879505596,0.016806017559309303,0.015776994488771613,0.01680301711550043,0.016007511943011598,0.016334750826703014,0.016402641266776888,0.01524981640799401,0.01626949453714984,0.015409460287625314,0.015734706359873174,0.017577988582751992,0.01592389685828542,0.016021475269616472,0.015777988065241316,0.01600471695399104,0.015413076971503577,0.016119998510789067,0.016982374768757934,0.015514553483180522,0.016456109345819855,0.015780230094396584,0.016267791800457954,0.016541888511488453,0.016352916122003708,0.018213394938303543,0.016928264059685658,0.017221001788907963,0.017637250678198636,0.015593013519883648,0.017425553313689945,0.015756406054437837
paired_deficit,2,145000,127.0858670665184,128.2309850830352,0.6660356521606445,0.8028930425643921,49,0.8111,0.18889999999999993,0.0179,0.0175,0.0189,0.0177,0.0154,0.0149,0.0161,0.015,0.0165,0.0165,0.0172,0.0157,0.0179,0.0156,0.0158,0.0197,0.0151,0.0152,0.0162,0.0168,0.0176,0.0171,0.0172,0.0171,0.0168,0.014,0.0155,0.014,0.0202,0.0192,0.0165,0.0171,0.0148,0.0155,0.0152,0.0169,0.0182,0.0174,0.015,0.0146,0.0181,0.0174,0.0175,0.0161,0.0144,0.0163,0.0161,0.0181,0.0156,0.0,0.0,0.016717487011649382,0.023246301255233564,0.018423090782025954,0.018549265474641707,0.02018879957220355,0.01848435578593427,0.01834627514794313,0.019567287013957168,0.02063541946792176,0.01883499634433365,0.019981809035459052,0.02085589399548008,0.019073582347774454,0.020343912618876414,0.019048728385714343,0.022186767044098388,0.02064551758557906,0.021502596350218797,0.022952590279785592,0.020228292391361032,0.019707953918624094,0.01824362707920453,0.0215018338364052,0.019557474159341375,0.021721376527391652,0.021252367233209175,0.017502560724610514,0.020914843778500093,0.02029691108034884,0.019685761476469235,0.02124936698464265,0.02202788479259834,0.023402262431574575,0.020845347232889055,0.022048128461663766,0.017687718288121292,0.021820468354074654,0.018450499305925745,0.020339743606602387,0.021419930969448414,0.021806207663706896,0.020377887076738523,0.019257467998381177,0.021353515698449163,0.02197122612134523,0.020315877055666315,0.023696878400700387,0.017622837698715504,0.024109074154459825,0.01791793633701401,0.015508640707240343,0.017062599062045204,0.017170022702402435,0.01661369019087969,0.01727326608184467,0.017131387236014844,0.0167760745597739,0.01624554728250007,0.01705945220751638,0.016498477702856854,0.01612116681301299,0.01684993806286024,0.016475540432783396,0.016937680906699896,0.015762403185766848,0.016436952070785237,0.015831847140994677,0.015426986797730628,0.016793719985992408,0.016682577586943293,0.017249234397543146,0.015949329714221517,0.01666268438203132,0.015864372341512153,0.016123991871031584,0.01769225800957607,0.016410854763726977,0.016454666318872036,0.01665210299105893,0.016086090390032223,0.01578482402915187,0.015252975244784348,0.016359623138773816,0.01585511525008107,0.017620606796490988,0.015826026354159382,0.01709105516850095,0.016477153733267247,0.015981024016421912,0.015831544874412653,0.016540518191733283,0.01685690404734347,0.015967662517473342,0.015689561977133032,0.016564514474407398,0.015060841445025687,0.01737227641525219,0.014901332293871486
paired_deficit,2,146000,127.9404766515363,129.10104708303697,0.6696512699127197,0.7991493940353394,49,0.8121,0.18809183673469382,0.0181,0.017,0.0188,0.0184,0.0153,0.0145,0.0158,0.0156,0.0166,0.0167,0.0171,0.0158,0.0182,0.0158,0.0159,0.02,0.015,0.0156,0.016,0.016,0.0174,0.0169,0.0167,0.0174,0.0164,0.0135,0.0152,0.0137,0.0206,0.0188,0.0169,0.0171,0.0155,0.0155,0.0155,0.0162,0.0179,0.0175,0.0151,0.0145,0.0178,0.0178,0.0182,0.0166,0.0146,0.016,0.0163,0.0181,0.0162,0.0,0.0,0.01709923228818134,0.018306600425666734,0.020189920045339392,0.018085862533614532,0.021569652768345625,0.019773866843877042,0.021064156410406973,0.019418903354689515,0.019778373638038436,0.020842512216893802,0.016005490444595698,0.021783298196234605,0.020669063754633954,0.01863923289852385,0.019484853078715315,0.0203059786536517,0.02217319552296052,0.02118057782842645,0.021839862640854146,0.022876267352120682,0.019123824698785787,0.018551277172161727,0.024909601157220376,0.021940280986293526,0.024633883535122872,0.0220722981396796,0.020868866611113302,0.01996433194954056,0.020404405452381206,0.019690349780529214,0.020595344797394152,0.022198906497584665,0.020496573831052085,0.019097894325532595,0.019331459343006372,0.019967464437597504,0.021871762924417146,0.017970959214320955,0.022357146015536122,0.01942285587955813,0.022804267644333166,0.021267240211409126,0.016849060500830702,0.021621306498912602,0.01963478570511562,0.021672414094550917,0.018840364511063287,0.01834480849219535,0.022409364696990952,0.017645828996926634,0.017191028849032782,0.016794106416085006,0.017469490492060695,0.01607906623154951,0.016794578340146114,0.016191355249621182,0.017006413550286027,0.016792880688379853,0.01631390828482741,0.01813595257198963,0.016037651229134114,0.016301119103985295,0.017261042947366502,0.016786258632046497,0.016633201121498575,0.015890781888828615,0.01610843828925456,0.016133531625708245,0.015704068715653028,0.01688319090902297,0.017255112245461588,0.01466470035615319,0.016056642818272137,0.014924809660878634,0.015928788643697792,0.0163821059213195,0.016683770068881356,0.016478937504257208,0.016865100650607374,0.016367950593090035,0.01576390939325973,0.01663953135387278,0.017049208549251623,0.01692216509200097,0.01664352760066177,0.01600432769655804,0.01755183560403773,0.015860552589060918,0.016965862184679097,0.01573119008546015,0.016192981177082302,0.017779128012164566,0.016137733931351032,0.016768843427737528,0.01600129485320088,0.017068091739273646,0.01729382385864941,0.015723694979082745
paired_deficit,2,147000,128.8229069907684,129.99565325002186,0.6445023417472839,0.8236496448516846,49,0.8084,0.19159999999999996,0.0176,0.0175,0.0184,0.0175,0.0153,0.015,0.0155,0.0152,0.0167,0.017,0.0167,0.016,0.0179,0.0156,0.0157,0.0202,0.0151,0.0156,0.0167,0.0162,0.0182,0.0168,0.0166,0.0177,0.0164,0.0138,0.0155,0.014,0.0203,0.0185,0.0168,0.0171,0.015,0.0146,0.0154,0.016,0.0178,0.0175,0.0151,0.0142,0.0178,0.0183,0.0187,0.0154,0.0142,0.016,0.0159,0.0176,0.0158,0.0,0.0,0.015219251397368133,0.021472470279017157,0.021688851806304022,0.021109631093598417,0.022711911774791753,0.019552510665300997,0.020022807509592542,0.019587924241306537,0.019242413695875187,0.017911118677525362,0.019243200398154713,0.021972631793435553,0.01996423905048703,0.020781931307518722,0.0185431792711568,0.024410851183685148,0.021016022350923917,0.021801814124864666,0.021902835900610068,0.021914883743366444,0.01951063177671376,0.018872270885214086,0.023246735175360383,0.02115011513481324,0.02281590878591126,0.02104179299653193,0.02033455457604849,0.02194806454657229,0.017124108962627446,0.02221759460910438,0.018059273101128873,0.02251868752024145,0.01998027795910518,0.023004175865237207,0.020405952493545904,0.017549051995023105,0.022813644047797378,0.020365760825214064,0.023219287391999886,0.020092254680378265,0.02079720769829367,0.01789087178830849,0.018090591758773096,0.018676403082221703,0.019470150871800644,0.0207522469803125,0.020009079152927718,0.018824591401495578,0.019148233672414826,0.018379865122832493,0.01595920445117748,0.01587544179020409,0.016060599300088775,0.015557533790666767,0.016741495489319268,0.016598503099425538,0.016805911669541533,0.017017785992058,0.01733782623346721,0.01713466895461826,0.01584371375814919,0.01666023782124272,0.016265578964748086,0.01713221407069528,0.01486080107497962,0.016174960837815,0.01579265086055945,0.01587073219073621,0.015827005894427364,0.01671864457258453,0.01700482062060228,0.015311437761769109,0.016162115171084075,0.015595400888368572,0.016125922357525947,0.016321573833665576,0.015814161395155155,0.017720607683388474,0.015670762099250755,0.01739766221685851,0.015671394624557237,0.01681027905803724,0.015366271508433692,0.016293935247171945,0.01736079704160222,0.015400965082849867,0.01646574369678013,0.015243937972714441,0.016376307159350855,0.016415915377033723,0.017306601432639145,0.01730741356593836,0.01704157978885358,0.016890564987506955,0.016238007455994775,0.016525692433322043,0.016984215151016,0.016858931176198095
paired_deficit,2,148000,129.68613542139065,130.87131466704886,0.6474081873893738,0.8036202192306519,49,0.8108,0.18929183673469385,0.0183,0.0172,0.0189,0.0183,0.0152,0.0154,0.0156,0.0148,0.0168,0.0166,0.0163,0.0163,0.0183,0.0155,0.0156,0.0191,0.0151,0.0153,0.017,0.0162,0.0174,0.0174,0.017,0.0168,0.017,0.0144,0.0157,0.0135,0.0205,0.0187,0.0164,0.0168,0.0147,0.0154,0.0142,0.0164,0.0182,0.0172,0.0153,0.015,0.0182,0.017,0.0184,0.017,0.0146,0.0166,0.0166,0.0179,0.0147,0.0,0.0,0.015822309051862153,0.018131333402956598,0.022034105311102753,0.019672814270260096,0.020037040590105363,0.021352916391276032,0.02061378071324966,0.017272400825812974,0.019857181150796988,0.018892971431805593,0.020050791341812937,0.02181122149368374,0.020175799642676545,0.01969584532991775,0.020029397473217463,0.022169926063544357,0.01919821259064311,0.020377533809199766,0.023292272280579604,0.01844502342315166,0.02341051182100616,0.0208140764150806,0.019345552637296492,0.021572634658791744,0.023618442431544005,0.019860036025311854,0.020978112817417786,0.019899022123096362,0.020100759628799127,0.017119243123951737,0.01940162322610723,0.025278147811495063,0.020526313841884327,0.02087495934590918,0.02203234520846614,0.019091730021813517,0.022340448966492524,0.0206809093397554,0.019462442556679116,0.022132469528157075,0.01941944107982658,0.018550076200082054,0.018626776370482684,0.02300767871885019,0.018686773780783518,0.02268615887128459,0.022652661036054476,0.019144673626606712,0.01975310219931857,0.01823121421122234,0.017356172386533263,0.015799029354423386,0.016850128479778674,0.016516786572091345,0.01609623932483903,0.01645447164899368,0.017603553667674215,0.01670213469234871,0.017067537435498326,0.016589700504109607,0.015961619753064833,0.016776701602817867,0.016802337990202556,0.016714995553865013,0.015825682901127184,0.01695186140095465,0.01646587620371621,0.015400351794843309,0.017315419520421482,0.015433668023919688,0.016378566379166425,0.016778837026297073,0.016130161062122693,0.01527674438294065,0.01666199029184664,0.016433589652639958,0.016608153384583803,0.01660982672004649,0.017895970236113418,0.016835713177049953,0.014647772400280406,0.01633136862324845,0.016394556315700644,0.015916883873557268,0.016953152178858396,0.015761060511122367,0.016429032178942784,0.01685172721592187,0.015918002656178723,0.016789898315506764,0.01719748308509805,0.017168416324918792,0.015586328091185174,0.01718474184366462,0.015551923196003667,0.015642742738115792,0.01701121335037521,0.0167806395808927
paired_deficit,2,149000,130.55069725576323,131.74795679200906,0.68269944190979,0.7763862013816833,49,0.8165,0.18349999999999994,0.018,0.017,0.0192,0.0189,0.0151,0.0156,0.0159,0.0154,0.0167,0.0168,0.0164,0.0155,0.0179,0.0158,0.0156,0.02,0.0149,0.0158,0.0169,0.0164,0.0182,0.017,0.0165,0.0168,0.0164,0.0142,0.0157,0.014,0.0199,0.0186,0.0168,0.0176,0.0147,0.0155,0.0149,0.0159,0.0181,0.0175,0.0153,0.0147,0.0182,0.0181,0.019,0.0169,0.0148,0.0162,0.0166,0.0184,0.0162,0.0,0.0,0.016330087457188946,0.021141278823014087,0.01794321814825729,0.018104570957608934,0.021552380564924437,0.02140078861333173,0.021085737670503084,0.022880907956208243,0.022817161725562543,0.020112045990094023,0.021161508387894302,0.025673894530136424,0.01879170851375926,0.02095661723504411,0.019049546241889953,0.021434053388293354,0.020263411975551378,0.022302212538347542,0.021378236959854923,0.022449914950687985,0.016677797022660742,0.019860382417784858,0.01867169397578953,0.020390509759081535,0.022023679600563624,0.02052418848729228,0.019944525310268114,0.021258686535643945,0.019100005030239803,0.01997289367563196,0.017888895038051147,0.02295040603713623,0.022063324457634273,0.018888286174370245,0.0219352197262815,0.019865215782636073,0.020652805186453786,0.02103378300774442,0.02263001556734763,0.021768001416255976,0.020607377431059608,0.018435565260925185,0.020344242134536363,0.0169778659841162,0.019340582993786916,0.02049493687948655,0.02029473800863631,0.020327618739995702,0.018247475730436898,0.018042927360978858,0.016183841220395737,0.01751082180271233,0.017371658713564504,0.0162236382083177,0.016046608866522157,0.016282976860569662,0.01556482011749638,0.015667059653367336,0.016768501793491472,0.01613712608645932,0.014508262353345017,0.01722890922469114,0.016292759278002587,0.01701418439454763,0.015955900148223425,0.01655499161592518,0.01578373457362984,0.016172327422416873,0.015688797787659785,0.01802857994974861,0.016746516004720373,0.01700087197583686,0.016506911846674324,0.01592816318628307,0.01633915507451549,0.01651937312387243,0.016178489604156052,0.016995096359861617,0.01666489166638486,0.0175313716701542,0.01565571721650286,0.015874103449297523,0.01711424990042527,0.01588350163643392,0.01674468759308095,0.016368625715283292,0.016341693268982237,0.015698792598049682,0.015946758583465087,0.016385810562542395,0.017363634512110888,0.01652441440769569,0.017876004483389912,0.017060338219098546,0.01658459565343003,0.01642595380350875,0.016530702864909354,0.0173175993247099
paired_deficit,2,150000,131.4358482529642,132.64558416698128,0.6528384685516357,0.8164587020874023,49,0.8158000000000001,0.18419999999999992,0.0177,0.0169,0.0182,0.0178,0.0154,0.0148,0.0161,0.0148,0.0164,0.0157,0.0163,0.016,0.0182,0.016,0.016,0.0199,0.0142,0.0169,0.0173,0.0163,0.0179,0.0168,0.0169,0.0167,0.016,0.0142,0.0155,0.0142,0.02,0.0188,0.0168,0.0171,0.0147,0.0159,0.0156,0.0167,0.0186,0.017,0.0155,0.0151,0.0188,0.0179,0.018,0.0175,0.0149,0.017,0.0167,0.0183,0.0158,0.0,0.0,0.01639242978401994,0.02427736182360258,0.022439193237322182,0.020686932138574768,0.01904078342107937,0.019673418903962108,0.01996965653007775,0.01753976648981812,0.019991957001404527,0.020305042334595836,0.020371000838119692,0.024930817754083158,0.021105523844282055,0.023012643174008363,0.017500451930949294,0.02166657616779189,0.022622948688054496,0.021696201689840135,0.020809045702508723,0.018290112637058428,0.017827871114319153,0.019067805771363487,0.022771137174609164,0.01947963185896757,0.022595136097829954,0.020339743265104532,0.01838667649853958,0.023329784167458005,0.017537913533694764,0.021765814275090976,0.018869579847552876,0.01995178870967249,0.0221249071346099,0.01976434507385301,0.021128322389970252,0.015893604631789092,0.020491582837583955,0.02369704945268871,0.021676811496864644,0.023052685889431476,0.02182730565958621,0.016532503198987858,0.01756857928519678,0.019881101097307858,0.015891299957220294,0.02214984491969413,0.021808799116777085,0.02004346644323501,0.02222304500984773,0.01805543541224504,0.015118633924727906,0.015764210963964985,0.016416853621566408,0.016951848934835558,0.016716219151616214,0.016879320748064024,0.017628101336649195,0.01679288977192675,0.01655909131477198,0.016534524580361226,0.014875249411199007,0.016300008532533012,0.015628750276907407,0.017603681836029207,0.016051977928561143,0.015773894881868023,0.01600188118289067,0.01644949651792785,0.01738769184243214,0.017559857129939772,0.017098034259818425,0.01579682597968067,0.016944646575485504,0.015706128887618877,0.016780541695533086,0.017351725915190838,0.015354378758974212,0.017706916483916417,0.0159368909586074,0.017093739977063552,0.016612538250451035,0.015842206656644126,0.016838603024470242,0.016291517044901387,0.018319351544207677,0.016645862919282006,0.01549102557637043,0.016048165704245807,0.01557477357021184,0.016148363035849347,0.01796420152872844,0.017656432297061687,0.01675605387656542,0.01820302243736413,0.015911043393414575,0.015959943435138492,0.016773704697834853,0.015883779476291347
