method,seed,step,training_seconds,wall_seconds,d_loss,g_loss,coverage,valid_fraction,mode_tv,mode_0_mass,mode_1_mass,mode_2_mass,mode_3_mass,mode_4_mass,mode_5_mass,mode_6_mass,mode_7_mass,mode_8_mass,mode_9_mass,mode_10_mass,mode_11_mass,mode_12_mass,mode_13_mass,mode_14_mass,mode_15_mass,mode_16_mass,mode_17_mass,mode_18_mass,mode_19_mass,mode_20_mass,mode_21_mass,mode_22_mass,mode_23_mass,mode_24_mass,mode_25_mass,mode_26_mass,mode_27_mass,mode_28_mass,mode_29_mass,mode_30_mass,mode_31_mass,mode_32_mass,mode_33_mass,mode_34_mass,mode_35_mass,mode_36_mass,mode_37_mass,mode_38_mass,mode_39_mass,mode_40_mass,mode_41_mass,mode_42_mass,mode_43_mass,mode_44_mass,mode_45_mass,mode_46_mass,mode_47_mass,mode_48_mass,reference_weight_0,reference_weight_1,reference_weight_2,reference_weight_3,reference_weight_4,reference_weight_5,reference_weight_6,reference_weight_7,reference_weight_8,reference_weight_9,reference_weight_10,reference_weight_11,reference_weight_12,reference_weight_13,reference_weight_14,reference_weight_15,reference_weight_16,reference_weight_17,reference_weight_18,reference_weight_19,reference_weight_20,reference_weight_21,reference_weight_22,reference_weight_23,reference_weight_24,reference_weight_25,reference_weight_26,reference_weight_27,reference_weight_28,reference_weight_29,reference_weight_30,reference_weight_31,reference_weight_32,reference_weight_33,reference_weight_34,reference_weight_35,reference_weight_36,reference_weight_37,reference_weight_38,reference_weight_39,reference_weight_40,reference_weight_41,reference_weight_42,reference_weight_43,reference_weight_44,reference_weight_45,reference_weight_46,reference_weight_47,reference_weight_48,ema_mass_0,ema_mass_1,ema_mass_2,ema_mass_3,ema_mass_4,ema_mass_5,ema_mass_6,ema_mass_7,ema_mass_8,ema_mass_9,ema_mass_10,ema_mass_11,ema_mass_12,ema_mass_13,ema_mass_14,ema_mass_15,ema_mass_16,ema_mass_17,ema_mass_18,ema_mass_19,ema_mass_20,ema_mass_21,ema_mass_22,ema_mass_23,ema_mass_24,ema_mass_25,ema_mass_26,ema_mass_27,ema_mass_28,ema_mass_29,ema_mass_30,ema_mass_31,ema_mass_32,ema_mass_33,ema_mass_34,ema_mass_35,ema_mass_36,ema_mass_37,ema_mass_38,ema_mass_39,ema_mass_40,ema_mass_41,ema_mass_42,ema_mass_43,ema_mass_44,ema_mass_45,ema_mass_46,ema_mass_47,ema_mass_48
dual_slot,0,0,0.0,0.004421166959218681,nan,nan,1,0.9789,0.9795918367346936,0.0,0.0,0.0,0.0,0.0,0.0,0.0,0.0,0.0,0.0,0.0,0.0,0.0,0.0,0.0,0.0,0.0,0.0,0.0,0.0,0.0,0.0,0.0,0.0,0.9789,0.0,0.0,0.0,0.0,0.0,0.0,0.0,0.0,0.0,0.0,0.0,0.0,0.0,0.0,0.0,0.0,0.0,0.0,0.0,0.0,0.0,0.0,0.0,0.0,0.02040816326530612,0.02040816326530612,0.02040816326530612,0.02040816326530612,0.02040816326530612,0.02040816326530612,0.02040816326530612,0.02040816326530612,0.02040816326530612,0.02040816326530612,0.02040816326530612,0.02040816326530612,0.02040816326530612,0.02040816326530612,0.02040816326530612,0.02040816326530612,0.02040816326530612,0.02040816326530612,0.02040816326530612,0.02040816326530612,0.02040816326530612,0.02040816326530612,0.02040816326530612,0.02040816326530612,0.02040816326530612,0.02040816326530612,0.02040816326530612,0.02040816326530612,0.02040816326530612,0.02040816326530612,0.02040816326530612,0.02040816326530612,0.02040816326530612,0.02040816326530612,0.02040816326530612,0.02040816326530612,0.02040816326530612,0.02040816326530612,0.02040816326530612,0.02040816326530612,0.02040816326530612,0.02040816326530612,0.02040816326530612,0.02040816326530612,0.02040816326530612,0.02040816326530612,0.02040816326530612,0.02040816326530612,0.02040816326530612,0.02040816326530612,0.02040816326530612,0.02040816326530612,0.02040816326530612,0.02040816326530612,0.02040816326530612,0.02040816326530612,0.02040816326530612,0.02040816326530612,0.02040816326530612,0.02040816326530612,0.02040816326530612,0.02040816326530612,0.02040816326530612,0.02040816326530612,0.02040816326530612,0.02040816326530612,0.02040816326530612,0.02040816326530612,0.02040816326530612,0.02040816326530612,0.02040816326530612,0.02040816326530612,0.02040816326530612,0.02040816326530612,0.02040816326530612,0.02040816326530612,0.02040816326530612,0.02040816326530612,0.02040816326530612,0.02040816326530612,0.02040816326530612,0.02040816326530612,0.02040816326530612,0.02040816326530612,0.02040816326530612,0.02040816326530612,0.02040816326530612,0.02040816326530612,0.02040816326530612,0.02040816326530612,0.02040816326530612,0.02040816326530612,0.02040816326530612,0.02040816326530612,0.02040816326530612,0.02040816326530612,0.02040816326530612,0.02040816326530612
dual_slot,0,1000,1.7750374047318473,1.784912584000267,0.6881483793258667,0.7091455459594727,0,0.10970000000000002,0.8902999999999999,0.0006,0.0019,0.0024,0.0014,0.0013,0.0012,0.0003,0.0015,0.0024,0.0031,0.0034,0.0031,0.0028,0.0008,0.0014,0.0028,0.0036,0.0047,0.0026,0.0031,0.0021,0.0013,0.0035,0.0035,0.0035,0.0027,0.0035,0.0018,0.0015,0.0028,0.003,0.0035,0.0029,0.0022,0.0013,0.0014,0.0025,0.0033,0.003,0.0035,0.0021,0.0013,0.0006,0.001,0.0015,0.0019,0.0015,0.0019,0.0007,0.021254495975079626,0.021033444353128018,0.020826518890993434,0.020784944474281,0.020631836366880197,0.020901792145107977,0.021227903337729392,0.020859307207036083,0.02030060455648089,0.019844691503783284,0.019936512209154662,0.01990166098279239,0.020114757243568673,0.020960154846999014,0.020794730557091086,0.020292863668894587,0.019921759023364835,0.020030416646800622,0.01967455242293779,0.01964122015469331,0.02070042533953701,0.02081508227311886,0.02014318828132694,0.019927855067793345,0.019793806865895196,0.019391733274052643,0.019930294438065557,0.02077195179592365,0.02088014242565566,0.019908914163643744,0.019882753645046942,0.02000766467774792,0.01987987707691992,0.020066475483116013,0.020699845207059,0.02093292918658912,0.020376874117664527,0.020043562252674334,0.019748613141547744,0.02007871524827603,0.020113671528066715,0.020807769282282777,0.021266938827883247,0.0208451707480111,0.020792733119132913,0.020679177945654572,0.02065530708920229,0.020749284088093678,0.021175076843221577,0.0007024903815474593,0.0010925986836536764,0.0014968398689905286,0.0015702097224734126,0.0018013499167105905,0.001324936356120404,0.0007494206348233086,0.0013999130828686185,0.00238590242086154,0.003190490350711063,0.003106571665374683,0.0031680765420296062,0.0027138827317549786,0.0012610013103886374,0.001513876902918148,0.002399563413196391,0.003093545347368343,0.0028627256432582956,0.0035688740294964093,0.003549573273604641,0.0016803052148887832,0.0014779605259449835,0.0027418330993814436,0.0031609121474484637,0.0032802907308872244,0.0039898636571143046,0.0030784821865225934,0.0015931389896239939,0.0013631434283963514,0.003077151246597209,0.0031233189037350073,0.0029028779476764324,0.003167457924314311,0.0027990895962267033,0.0016813290232372386,0.0012699862124499958,0.002329428141502949,0.002878588992117601,0.003399110379535973,0.002777489058023922,0.0027939237847895574,0.0014908663730642938,0.0006805314375789764,0.0014248608755124445,0.0015955269488940448,0.0017568647695517664,0.001798991668229125,0.0015940800912086317,0.0008426479719345482
dual_slot,0,2000,3.293692830600776,3.309222084004432,0.6893501281738281,0.692508339881897,0,0.10980000000000001,0.8902000000000001,0.0015,0.0017,0.0008,0.0022,0.0015,0.0021,0.0012,0.0015,0.004,0.0034,0.0041,0.0038,0.0036,0.002,0.0007,0.0027,0.004,0.0025,0.0028,0.0026,0.0016,0.0012,0.002,0.0029,0.0034,0.0022,0.0023,0.0018,0.0017,0.0027,0.0032,0.0031,0.0031,0.0032,0.0013,0.0015,0.0037,0.003,0.0022,0.0028,0.0036,0.0012,0.0011,0.0011,0.0009,0.0009,0.0008,0.0014,0.0012,0.02105567188423298,0.020889986064779875,0.020757043871878947,0.021048686454564147,0.021003563173207146,0.020878867240226674,0.021166336220384042,0.02074379785623394,0.02012185157860344,0.019859468588701065,0.01986726119880709,0.01993849333912617,0.01964507646579669,0.020890677015563387,0.021084932385429432,0.019910542229887238,0.01963834896555776,0.01982375118757293,0.01993418085220449,0.01990937592334855,0.020846518037818076,0.020948627057357855,0.01999943163867384,0.019981236762659667,0.019927281193569457,0.020047032931899453,0.020086146596321464,0.02099191846098256,0.02098935153870512,0.01999929701490527,0.019832155089026606,0.020024880094374274,0.02002661625690409,0.019805295914745606,0.021023243078653518,0.02075771445916077,0.019639241624188893,0.019838045406817495,0.020002545299940992,0.020057730388423352,0.019710419254165945,0.02070449149790724,0.021049582978656254,0.02073531741949127,0.021004362359077416,0.02100668525346898,0.020900490746201015,0.020838515471793485,0.021057913678003942,0.0011183532732144128,0.0014488232508080836,0.0016435788845922735,0.0011306392156470323,0.0012100018409121087,0.0014293164896609838,0.0009237173341593705,0.0016668759176154933,0.002799814746690078,0.0032612927748237796,0.0032475871670514154,0.0030832418975150822,0.0036383646809032204,0.0014476080096629449,0.0010668900346890518,0.003249589683326797,0.0036892594782090993,0.0032850498800459254,0.0030908266802089196,0.0031735159780462902,0.001486212122052291,0.001306623235556963,0.00301512638904912,0.003047127455537019,0.0031810867689312313,0.002892342947601877,0.0029016750097011785,0.00126954500864741,0.001234997200058641,0.002976300664730666,0.0033093316357876326,0.0029703677590782753,0.0029673142041924346,0.0033175089312831667,0.0011753889113063029,0.001642399458682766,0.003726751974204477,0.0032989717712238855,0.003009650095550159,0.00291259080895274,0.0034843775772136942,0.0017360077646931978,0.0011290624130869502,0.0016817912717974675,0.0012085962363808731,0.0012045107401229779,0.0013912851641467495,0.0015393494993544124,0.0011144104163649969
dual_slot,0,3000,4.805880322121084,4.826623791945167,0.6924663782119751,0.7028551697731018,0,0.11909999999999998,0.8809,0.0016,0.0026,0.0016,0.001,0.0014,0.0017,0.0013,0.0016,0.0052,0.004,0.0029,0.0034,0.0042,0.0019,0.0005,0.0033,0.0028,0.0022,0.0022,0.0038,0.0014,0.001,0.0022,0.0036,0.0025,0.0012,0.0032,0.0017,0.0009,0.0034,0.002,0.0037,0.0023,0.0027,0.0011,0.0024,0.0049,0.0046,0.0032,0.0036,0.0042,0.0013,0.0017,0.0021,0.0009,0.0015,0.0019,0.0022,0.0025,0.02067143207127614,0.02101686289747673,0.021109610088459588,0.02094973624538346,0.020981587769867947,0.02084044919638051,0.020727974626154,0.02075184997307663,0.01921857951304661,0.019711525350484798,0.019739972141499165,0.01983134401719794,0.01937100788811547,0.020795540050111614,0.021014155562004096,0.019743912797997955,0.020362004674826045,0.020236899106913536,0.020433950702566164,0.019838971646072998,0.021074620081039486,0.021171126537012204,0.019659188984735457,0.020315829875082098,0.02035143506212931,0.02056008227341416,0.019798746527171732,0.02102431097285494,0.021059902045553643,0.019767830206669994,0.020022266157324633,0.020249090290833743,0.02063296653836083,0.019735307591367303,0.02112209834320753,0.020764112668078948,0.01920356814230266,0.01995086001960366,0.019990036009489794,0.02004486685733273,0.01919078069816245,0.020931748433368258,0.02063556682332554,0.020826152157438927,0.020908277533560882,0.021163803167687123,0.021090302070703698,0.02075926057584028,0.020648497037436583,0.0019017519929248245,0.0012574090757222576,0.001094893011160396,0.0013750316064944034,0.001319219841688809,0.0016055921014560054,0.001763612923579236,0.0017217773986345241,0.004486572242027229,0.0035446839658174966,0.003533900637862198,0.003373794466528727,0.004141354951886301,0.00168428405575792,0.001262152998441622,0.0034879331310454244,0.0024439454783101258,0.0026240989387770614,0.0022788157069968257,0.003360428970349519,0.001156204175893745,0.000987100947393841,0.0036363902493708683,0.002485792671173006,0.00246246605927019,0.0020578019351079257,0.003469975847839454,0.0012443582017690928,0.0011819938217028873,0.0034460239034913966,0.0030001890599208785,0.0026808619631520647,0.001969153139681137,0.003503011585729983,0.0010730104938207977,0.0017002901178707612,0.0045519383839072,0.003164372810117231,0.003056664266672245,0.0029605870322719986,0.00453528265521153,0.0014065507111466315,0.0019255342959824708,0.0015915815569821092,0.0014867400445094374,0.0009999333054354436,0.0011287254434629325,0.0017087921859890818,0.0019810023563059066
dual_slot,0,4000,6.336343151750043,6.362720333971083,0.6931119561195374,0.6952950358390808,0,0.11570000000000003,0.8843000000000001,0.0009,0.0009,0.0009,0.0011,0.001,0.0013,0.0011,0.0029,0.0042,0.0046,0.0034,0.0034,0.0032,0.0013,0.0023,0.0025,0.0019,0.0016,0.0017,0.0038,0.0015,0.0022,0.0039,0.0021,0.0023,0.0024,0.0044,0.0019,0.0017,0.0028,0.0021,0.0023,0.0023,0.0029,0.0016,0.0021,0.0053,0.0035,0.0035,0.0032,0.0035,0.0012,0.0025,0.0024,0.0017,0.0016,0.0015,0.0023,0.001,0.0209204011814891,0.020657821651265403,0.02095431277088084,0.02090646331524505,0.02055068477421632,0.020611035106617825,0.0209197154358774,0.020636919955518584,0.019303128078709264,0.019892066148570593,0.019788863580715833,0.01951897775090896,0.019723877096689033,0.020686279030506488,0.02064959705546842,0.020222400660980043,0.020642067179124094,0.0205198006850221,0.02051968566076471,0.02004403969070309,0.0208676221355266,0.020931469316653295,0.020247754617361398,0.02043813897901036,0.020516895039833245,0.020465085422196966,0.019952795757396787,0.020520117404417202,0.02060490258681233,0.020146431365670715,0.020580557282439113,0.020743065756618564,0.020621886735197395,0.019863232940002626,0.020626954463800813,0.020779232250394915,0.019186757293876578,0.01950017940181338,0.01958544764942622,0.019599484805138026,0.019522466782017755,0.020999672964700983,0.021054825215771417,0.020786144305370544,0.02101203310024735,0.020889347711229404,0.02075708903132387,0.02051936716984082,0.021012905706638142,0.0015211901907008485,0.0020180353124015,0.0014620685360746688,0.001545489544670586,0.002165755843106777,0.002060540736035289,0.0015223857234359201,0.0020154129456777547,0.004340753164119895,0.0033139952389657215,0.0035329816730155015,0.004003502138276419,0.003646279472762313,0.001929360058259483,0.002032374118717294,0.0027380882023426522,0.0020064392472535003,0.0022195993369546066,0.0023369873708883205,0.00312716871556524,0.0016522679746454475,0.001501893941947237,0.002693885972972936,0.0023619688119809207,0.0022246650550292553,0.002354052732207533,0.003286243899253986,0.0022190471665896527,0.002110294705365736,0.002870533496710526,0.002152738445182689,0.0018303577623256162,0.0020806844460723195,0.0034033257160583797,0.002032786839679361,0.0018063673947827602,0.00454363464130392,0.00407533778523608,0.0038485556454096277,0.0039022081896264377,0.003997419341925848,0.0013829873204515683,0.0012868345774475413,0.0018333793794764596,0.001400501091005018,0.00161439148444564,0.0018059095067667937,0.00222035512974647,0.0013599172841424923
dual_slot,0,5000,7.827982762246393,7.85993154195603,0.6947264671325684,0.6912585496902466,0,0.12770000000000004,0.8722999999999999,0.0016,0.0029,0.0016,0.0026,0.0022,0.0029,0.0022,0.0022,0.0059,0.0032,0.0046,0.0038,0.0044,0.0027,0.0015,0.0028,0.0017,0.0011,0.0027,0.0035,0.0023,0.0023,0.0028,0.001,0.0012,0.0016,0.0035,0.0029,0.0018,0.004,0.0013,0.0019,0.0023,0.0029,0.0024,0.0019,0.0051,0.0046,0.0035,0.0045,0.0029,0.0015,0.0013,0.0015,0.0011,0.0027,0.0027,0.0023,0.0018,0.021088318106690106,0.020429371687937688,0.020665595598340622,0.020961076673039234,0.02077478634650523,0.020792815591782733,0.02090350311217109,0.020630897667862413,0.019274278031839415,0.020118582660430716,0.019852348519344108,0.019781770470500275,0.019170565253848186,0.020851410959185274,0.020435527512704034,0.020070246321716487,0.02080282693408998,0.020847498899092032,0.02073635558807406,0.01987552726095458,0.020722775042690135,0.020384141056690397,0.020476585941250108,0.020869093428838522,0.02097686024678657,0.020933743975227667,0.019788265709945598,0.020782433135810897,0.02045644722770392,0.020231039410771125,0.020794523458770364,0.020871456490057172,0.020748623157490542,0.020013692621611887,0.020734705248740038,0.020513372055166117,0.018518477916174184,0.01932112514763076,0.0194207782977043,0.01922165866852047,0.019193636322112524,0.020524928160095025,0.021273375889924506,0.020731703645013436,0.02097748785609375,0.020867469840596703,0.020932357557057985,0.02060432649900725,0.021051612796409748,0.00129733747060839,0.0024052797678773257,0.001994093136079889,0.0014797596477468555,0.001843091150716556,0.0017726457791568519,0.0015799759151584678,0.0020544906002457285,0.004454973067492359,0.0029462592699193296,0.003448746152134313,0.0035325363732387496,0.004635502243323154,0.0017097133891387877,0.0023945645407553494,0.003108521630423702,0.0018333443885934836,0.0017555854742073974,0.001909986216883991,0.003447462233874377,0.0018945628933960672,0.002484011132898436,0.0023230955818681746,0.0016398716376812257,0.0014522857374393739,0.001566399211101302,0.0035212303389525303,0.0018297806541910423,0.002436275330465233,0.0027895722697248567,0.0017696729553093229,0.001635758340337318,0.0018495699913440907,0.00312883766216358,0.001951921404373249,0.0022590632904196046,0.0058096301800038795,0.0044124904448212005,0.004199965220167933,0.004585628237910595,0.004751593248260378,0.0022389479860276387,0.0009361514123019537,0.001957146190146322,0.0014511932800472976,0.0016426977604875126,0.001568812500325422,0.002178867096996587,0.0013612291100174477
dual_slot,0,6000,9.341350139351562,9.378904500044882,0.6905872821807861,0.6951269507408142,0,0.11960000000000004,0.8804,0.003,0.0029,0.0017,0.0026,0.0025,0.0025,0.0034,0.0026,0.0038,0.0033,0.0031,0.0025,0.003,0.0023,0.0021,0.0019,0.0023,0.0018,0.0021,0.0027,0.002,0.0031,0.0017,0.0008,0.0015,0.0012,0.0019,0.0027,0.0017,0.0031,0.0014,0.002,0.0023,0.0021,0.0036,0.0022,0.0049,0.0036,0.003,0.0047,0.0028,0.0028,0.0019,0.0016,0.0016,0.0024,0.0018,0.0012,0.0019,0.020755864192039584,0.020524729398544748,0.02053308921973336,0.020561396174417608,0.020944283701738016,0.020561206614787823,0.021059352978029307,0.020310568831164083,0.019595566868068886,0.019626644457191256,0.019764131459681776,0.01970191866194268,0.01950536447589281,0.020519365305930733,0.02073670335404993,0.02016370334885589,0.020676405247216492,0.020694048836881734,0.02071628375188024,0.019904415435861706,0.020694803237134105,0.02056947700354947,0.020438368569802738,0.020733558808518505,0.020818273029013144,0.020813021176436346,0.020112536469418806,0.020746167142747456,0.02058793755833473,0.020509274289871635,0.020623150415819302,0.020642710789500432,0.020783890480762714,0.020269695166578137,0.020797075439542678,0.020390558551534994,0.019187301751387616,0.019858008480137534,0.019818519424009,0.019467968852109774,0.019702231275246562,0.020348858528860987,0.02089032910880946,0.020556076769098215,0.0205864596948409,0.020694515476044242,0.02069265473154845,0.020795552570855046,0.021015982894578344,0.0018031775048794015,0.002323433316015874,0.0021916674007243153,0.0021423038399835093,0.001513661462415149,0.0022207594067436246,0.0012739334626124766,0.0026187758364222442,0.003904706578829389,0.003772386400456008,0.0035326273704149188,0.003719243207889512,0.004062007543020631,0.002293725079465433,0.0018365914556380592,0.0028358271867998976,0.00194174332705729,0.0019109752553999543,0.0019503255235597153,0.003327053290593295,0.0019096596817857567,0.0021282119496994273,0.002395910104967943,0.001920200124442219,0.0017334073010766883,0.0017035033328427628,0.002925055413191051,0.0018200878679713673,0.002174144199627368,0.0022331974681540534,0.0020346126637182087,0.0020786269758998987,0.0017933658882124577,0.002650991566348204,0.0017313105752850392,0.00244022191234591,0.004577604093972378,0.0034079808436712996,0.0034768445007669476,0.004127220532783943,0.0036796355519027046,0.002552003700772472,0.001568688590034337,0.0021515801747400243,0.002137658896827065,0.0019882864988196567,0.0019134063895175641,0.001733966255551631,0.001349565114715165
dual_slot,0,7000,10.82919542491436,10.872488041990437,0.6954969167709351,0.6977345943450928,0,0.11950000000000005,0.8805,0.001,0.0014,0.0012,0.002,0.0015,0.0021,0.0031,0.0021,0.0039,0.0025,0.0038,0.0036,0.0027,0.0029,0.0016,0.0021,0.0021,0.0019,0.0033,0.0029,0.002,0.0019,0.0023,0.0023,0.0019,0.0022,0.0026,0.0023,0.0022,0.0036,0.0024,0.0025,0.0024,0.0019,0.0031,0.0019,0.0027,0.0026,0.0021,0.003,0.0028,0.0026,0.003,0.0025,0.0017,0.003,0.003,0.0029,0.0024,0.020446879509230048,0.02050126932759133,0.02039456194473244,0.020226121601999783,0.020601004886995285,0.020490309181632985,0.020464904510027873,0.02030048341605159,0.020227239567338375,0.02000517033576376,0.020278262847244766,0.02016813045471255,0.02016645545550906,0.020436542933349996,0.020223367393757807,0.02034769869744697,0.020665511449989224,0.02048326617268608,0.020561808718324845,0.020534731422253594,0.02026494520755321,0.020393125828135926,0.020244694536219715,0.02067049269039783,0.020526249746675426,0.02041555103955034,0.020247911454819755,0.020595611817896563,0.020561751356179506,0.020270595915697635,0.02057222668986229,0.020554931726006115,0.020642357978894355,0.020341224016808115,0.020562084749648865,0.020514860020614457,0.019908386013765267,0.02017243075580475,0.020324506321111505,0.020280348008137064,0.020209334149405386,0.020289978052024295,0.020591110012244833,0.02063828346394579,0.02055534487873381,0.02045155777779456,0.020378100081914895,0.020599377497263073,0.020698908386256265,0.0023330194028177787,0.0022381230824650455,0.0024633626702522528,0.002718185481986635,0.002064110043243465,0.0022963082336029355,0.0023406328871452705,0.0025884431379067773,0.0027552974184416423,0.003103688923160117,0.0026272123465462677,0.0028584277001102963,0.0029004126452626035,0.002351054083675652,0.0028011158708539526,0.0025060645493430464,0.0019515625913276474,0.0022695339826430917,0.0022106223313576204,0.002218802786743042,0.0026504482212115774,0.0024658683263605627,0.0027248429626516254,0.0020209966009950594,0.002272663641049859,0.0024267420687175533,0.0026801677625688603,0.0020735195692962484,0.0021325974136282414,0.0026405891809270316,0.002114320635898256,0.0021444959238479822,0.0019919594758272758,0.00255642371086166,0.002210140727304867,0.002214410799582039,0.0033506778080233347,0.0028509247747034103,0.002546529313535713,0.0026235742741646216,0.0028256002926038064,0.0026848973109062997,0.0020813740686154926,0.001999068462168667,0.0021437750780208867,0.0023248570208542064,0.002492084409993321,0.002066949422046697,0.0019714184803380627
dual_slot,0,8000,12.3112164727645,12.360340834013186,0.6925342082977295,0.6921672821044922,0,0.12309999999999999,0.8769,0.004,0.0049,0.0037,0.0038,0.0038,0.0025,0.003,0.0037,0.0025,0.003,0.0028,0.0024,0.0025,0.0031,0.0042,0.0018,0.0026,0.0018,0.0019,0.0021,0.0028,0.0034,0.0024,0.0021,0.0019,0.0022,0.0015,0.0031,0.0023,0.002,0.002,0.0019,0.0019,0.0018,0.0027,0.0038,0.0024,0.0025,0.0019,0.0027,0.0018,0.0028,0.0012,0.0004,0.001,0.002,0.0026,0.0019,0.002,0.02013476452484427,0.020458514231142172,0.020262776564265172,0.02005205789350804,0.02030196192724025,0.020531694999396437,0.020635173125796803,0.02034266750732506,0.020447024683235032,0.02053761228960766,0.020296335112299887,0.020471068497223247,0.020526462282230457,0.020476224716296985,0.020201831358468765,0.020569371882131895,0.020592408037591863,0.020486821134134775,0.020319923930965614,0.020271658957629418,0.020495408711780246,0.02027025121755892,0.02027004189908809,0.02046445204928627,0.020544220640102986,0.02046089505721767,0.02035664594457571,0.02048256161978411,0.02048180740566947,0.020387192600592116,0.02048751275581664,0.0205385638389624,0.02047544570565678,0.020659342683798508,0.02064621446530077,0.020275508611523253,0.020333700497016147,0.020493284849051437,0.02035560992563184,0.020329612079115586,0.020047969007829645,0.020243119662826693,0.020375638101158427,0.020676157462932394,0.020507757475543592,0.02027789520845693,0.020179835868715655,0.020380727590565008,0.020586273409108923,0.0030148560430823534,0.0024531974673765466,0.002831836303822563,0.0031583399995279834,0.002685730407689036,0.002287176995624977,0.0021076575212899073,0.002615112156339412,0.0024731301591674384,0.0023550363591551327,0.0026954921118811483,0.002431417644664863,0.0022962549975917607,0.002383409855743682,0.0028985048572191334,0.0022218130929477714,0.0022209112191933188,0.0023650266145095414,0.0026545689479781543,0.0027773641453463604,0.0023501284183558746,0.0027407438692853446,0.002741107006338162,0.0024038337179337304,0.002304509333767877,0.002449067080980654,0.002590861604125563,0.0023724162513705303,0.0024127872029835024,0.0025378676060554507,0.002363826751648794,0.002275260559648913,0.0023847613257160834,0.0021047893592426453,0.0021275649057823217,0.0027316230566684116,0.002669731112887384,0.0023928755107803664,0.0026317214460631786,0.002715886422333228,0.0031263711205002207,0.0028268756641484684,0.0025579129792826,0.0020365556670672432,0.002328705112227321,0.002727482658674285,0.002975726327579145,0.002549083456612577,0.002192491405902174
dual_slot,0,9000,13.793994223000482,13.849274083971977,0.6937978863716125,0.696563720703125,0,0.12349999999999994,0.8765000000000001,0.0035,0.0029,0.0033,0.0041,0.0032,0.0027,0.0036,0.0029,0.0022,0.0025,0.0029,0.0022,0.0023,0.004,0.0015,0.0021,0.0017,0.0028,0.0019,0.0023,0.0038,0.0025,0.0017,0.0032,0.002,0.0016,0.0017,0.0034,0.0028,0.0023,0.0023,0.0021,0.0021,0.0018,0.0031,0.0026,0.0024,0.0022,0.0017,0.0027,0.0019,0.0035,0.003,0.0013,0.0017,0.0021,0.0034,0.0022,0.0018,0.020374786250686963,0.02048837447804385,0.020249796102651776,0.02000233973872286,0.020262684711582515,0.02035223046183242,0.0200720508980205,0.020031625054160153,0.02058237101516113,0.020646144835257098,0.020489401529871498,0.020417135415234086,0.020496277263451254,0.02035884371144192,0.020153686767955238,0.020623568610363963,0.020690032780033125,0.020463945223928456,0.020582269100625925,0.020566109226102136,0.02013705280349771,0.020014477508382544,0.020444555716123365,0.020537365546446047,0.020541152847672522,0.0206539058786116,0.020756408858303856,0.020501233960177744,0.020345974298849615,0.020669089373007873,0.02056864734514311,0.020625543266423272,0.020644475143415726,0.020497044030598745,0.020476339745321738,0.02029362360104031,0.020617083728922743,0.020588432097260266,0.02018057495455829,0.020676390709409513,0.020570408962996282,0.019950735791103052,0.020023589373532102,0.02058431423594322,0.020280702111250735,0.019955993141209334,0.020406966832422182,0.020332371047024,0.020221873916225628,0.0026964412131708125,0.0024614140327053127,0.002873014215114966,0.0032999308808194243,0.0028507785293442837,0.0026962924109930324,0.003218726295272626,0.0032494072692133696,0.0022992493278792105,0.0021892254586105774,0.0024987046423614835,0.002584317087934045,0.0024477799893437343,0.002684883100567815,0.0030778864605596483,0.002267236913095096,0.0021525715989626783,0.0025035598702461376,0.0023384876528726147,0.002327304491437053,0.003067521208554838,0.0032789905579684512,0.0025760735367078708,0.002376893662166077,0.0023703597343819904,0.002214898451472079,0.001998995761871788,0.0025173535970667983,0.002785210668431702,0.0022277660834214823,0.002361988177730552,0.002263830196988184,0.0021921060443524606,0.002446457147333204,0.002599364094171891,0.0027974021387830983,0.002239362260190309,0.0023669176278807076,0.002992435923537043,0.0021370446719076127,0.0023589489993955026,0.00342802154281636,0.0033023330860661843,0.002295896844540955,0.0028978195512687384,0.003418951457318541,0.0026799851302711734,0.002730554270410339,0.002921186129302043
dual_slot,0,10000,15.294305029790848,15.3557536250446,0.6932137608528137,0.6891180276870728,0,0.12969999999999993,0.8703,0.003,0.0036,0.0036,0.0041,0.0043,0.0024,0.0036,0.0022,0.0023,0.002,0.0026,0.0021,0.0024,0.0024,0.0023,0.0026,0.0023,0.0024,0.0026,0.0025,0.0033,0.0013,0.0016,0.0029,0.0024,0.0024,0.0014,0.0027,0.002,0.0023,0.0021,0.0021,0.0024,0.0024,0.0034,0.0021,0.0021,0.0022,0.0012,0.0023,0.0016,0.0027,0.005,0.0023,0.0023,0.0037,0.0054,0.0031,0.0037,0.01998821775162258,0.02012990762850413,0.020092899354042834,0.020027286879257693,0.02004307990310116,0.020031635904267302,0.02010061626389494,0.020227055336082763,0.020785382259638906,0.020752616050137916,0.020428018739300002,0.020295087206417782,0.0206552136406242,0.020823078849492572,0.020124241643603557,0.020529283965385815,0.0206246420882892,0.020614787290447797,0.02055563043718895,0.020185017480091036,0.02039591974516564,0.020002653658020397,0.02052475637280035,0.020605080102762123,0.020601691052097023,0.020717086748681363,0.020619746184797408,0.020352794315650735,0.02004882312445753,0.020570147777604433,0.02069069751462012,0.020669166068949606,0.020771845062244738,0.02061814851154781,0.020566016936105512,0.020582687784276764,0.020586138275293153,0.020590474320718033,0.020661824702644355,0.0206935494477233,0.020652420575165926,0.020412339033188218,0.02009960112045802,0.020312690398187696,0.02035482061813973,0.020026091726932965,0.019883361734802207,0.020038072612746732,0.020337655802826905,0.0034018237098618394,0.0031183063751210895,0.0031821560432596175,0.0032562934911566856,0.0032681085891638133,0.0032487902014834515,0.0031688422062789955,0.0029506992932020974,0.0019483660300880308,0.002004896944680758,0.002564918477090655,0.0027942627084341773,0.0021729434589771277,0.001961453824567191,0.0031280817905071216,0.002468332519239461,0.002264750473534564,0.0022817527677756566,0.002383814955318271,0.003023226402163477,0.002620298257771944,0.0032987927166428467,0.0024370813881361875,0.0022985003930381326,0.002304347457334464,0.0020661949689798195,0.00231225978219397,0.0026947017365328355,0.003336324919197757,0.002319705965546041,0.0021507863098070967,0.0021488716012298768,0.0020107839978509875,0.002236891217295729,0.002326832827381081,0.0022980709318640284,0.0023702428657046753,0.0022846369694607418,0.0022006000201114442,0.002145865924167883,0.0021777622813944396,0.0026310328741682635,0.003131531113835915,0.0028029547583375797,0.0026912057956019596,0.0032583554646050485,0.003582729790292874,0.003237685071447036,0.002798944923181156
dual_slot,0,11000,16.819011118612252,16.889819292002358,0.6947060823440552,0.6913020610809326,0,0.12239999999999995,0.8775999999999999,0.0023,0.0035,0.0043,0.0051,0.0044,0.0031,0.0051,0.0014,0.0012,0.0028,0.0028,0.0015,0.0023,0.0044,0.0015,0.0016,0.0025,0.0025,0.0021,0.0023,0.0041,0.0013,0.0023,0.0029,0.0024,0.0018,0.0026,0.0035,0.0008,0.0024,0.0016,0.0029,0.0027,0.002,0.0036,0.0006,0.0018,0.0025,0.0024,0.0024,0.0019,0.0035,0.0025,0.0018,0.0014,0.0017,0.0022,0.0022,0.0019,0.02013854551777747,0.020245044797469438,0.019936192072799633,0.01951576239407141,0.020238640902521497,0.020477488649246235,0.020357601577753293,0.020361475356372453,0.020745011284588243,0.020565457744976028,0.020477711999310727,0.02078262974398289,0.020754703885027686,0.020433260839982613,0.020366180016323697,0.020656831189293325,0.020450021025440742,0.020240296697862037,0.020541406602679266,0.020624834396379323,0.020253366393152665,0.02014212210622321,0.020579571037044386,0.020685232607957266,0.020535139726818537,0.020554273255234908,0.02072394578695981,0.020148467434360343,0.020517650909650235,0.020744363911823688,0.02074602197357366,0.020367014971022213,0.020706730872175422,0.020634562886276717,0.02039544544398721,0.02056611235886787,0.020630514144031418,0.020712441984933896,0.0205649069996542,0.020712301722837285,0.020827283531078912,0.020273820806681414,0.020091350596233064,0.0203749207771069,0.019834476127266763,0.019588523589038464,0.019663731022198747,0.02017515874931229,0.020341451580640477,0.0031657434087611464,0.003021733032646624,0.00347452764792147,0.004275373690836519,0.0030327413650019738,0.0026221607106271952,0.002750122278072927,0.002743463230281316,0.0021232252573128345,0.0023928163276320503,0.0025827142705779735,0.0020976214086173756,0.0021065636212472165,0.0026591260698723917,0.002735375892687056,0.0023529323497775445,0.0026693777143914255,0.0029517700432603986,0.0024732228799753475,0.002368872521365087,0.0029293031616653667,0.003120532732591942,0.002407617997156275,0.0021869226472652,0.002444933175729403,0.002451105030012971,0.0021203744692490515,0.0031877500769222004,0.002474996553323154,0.0020852755948293626,0.0021605503771169026,0.0027339406007440012,0.002228092007064898,0.0022740241911142303,0.0026850684537205443,0.002391691042575931,0.0023200465023884204,0.0021401495712894377,0.002393763062017153,0.0021794531826425908,0.001942736291021097,0.0029722669068214394,0.0032468717511323244,0.0027203504744810455,0.00364937794502461,0.004072171776976858,0.0040210147655523045,0.0031028050525552303,0.0027778842162685287
dual_slot,0,12000,18.342315984191373,18.41918941703625,0.6901370882987976,0.7069479823112488,0,0.13850000000000007,0.8614999999999999,0.0,0.006,0.0054,0.0053,0.0049,0.0044,0.0043,0.0,0.0046,0.0021,0.0028,0.0028,0.0031,0.0027,0.0,0.0043,0.0031,0.0026,0.0031,0.0029,0.0038,0.0,0.0048,0.0023,0.0018,0.0021,0.0029,0.0038,0.0,0.0038,0.0019,0.0022,0.0029,0.002,0.0032,0.0,0.0025,0.0027,0.0022,0.0028,0.0025,0.0024,0.0,0.0031,0.0032,0.0037,0.0043,0.0034,0.0038,0.020270302732452734,0.020086706936478557,0.019427895581819607,0.019905431727607455,0.020033317870217157,0.020347218031569525,0.020223333654080626,0.02045196062560236,0.020579990479964016,0.020626178830012998,0.020550101521938022,0.020632886794229862,0.020574740540725715,0.020687283970987944,0.02049037600891382,0.02055385358578468,0.02039182998285888,0.02040833920942606,0.02040403270521947,0.020394878049501908,0.020296370325081345,0.02039765514356386,0.02056693384375318,0.020562214465586953,0.020398363264074185,0.020296112266798862,0.020747862072353955,0.02047832684483015,0.020277318542874526,0.02072130920598604,0.020653068421001643,0.020729583938770856,0.020852184145399064,0.02058764164905671,0.020266607158060383,0.020816012801681005,0.020753616833063683,0.020519060533970495,0.020611455413599038,0.020529538908534067,0.020549073128046033,0.020538252193296257,0.01999912597451895,0.02035125105883099,0.020264868891832585,0.020059289742601766,0.019873125039602424,0.02033266802779682,0.019930451326042688,0.0028706474610018535,0.003303976004612903,0.004360284982796088,0.0034989336352202667,0.00339590880207017,0.002855391389495133,0.002951525421061983,0.002557843370822212,0.002337383574580703,0.0022578499822689686,0.0024669755830306907,0.00224629926675954,0.00234642365777479,0.0021526305629717205,0.002491694365032822,0.0024214522521936663,0.0026613847621109374,0.002632956855641372,0.002679434899809816,0.0027342611725971705,0.002864823116538391,0.0026513541817553103,0.002437991325756137,0.0023679928143325746,0.0026501348403431112,0.0029043299775560506,0.0020483186745419817,0.002512442309112043,0.002858566652632821,0.002133103631528949,0.002250610205507575,0.00211885503370941,0.0019468072680047183,0.0023632712163603655,0.0028770110203575547,0.0019309671710503724,0.0020384093187920177,0.0024423013185374642,0.002361327829843342,0.002463320680608848,0.002429683916161866,0.0024092544223616526,0.0033375977133284726,0.0027312592563645817,0.0029190667114402454,0.003273061782175129,0.0035545638309299977,0.002763258130812809,0.0034949138744415076
dual_slot,0,13000,19.83639206062071,19.91966308397241,0.6925039291381836,0.6904866099357605,0,0.12519999999999998,0.8748,0.0014,0.0036,0.0051,0.0062,0.0053,0.0038,0.0054,0.0011,0.0023,0.0023,0.0021,0.0025,0.0027,0.0015,0.0009,0.0017,0.0018,0.0025,0.0038,0.0027,0.0023,0.001,0.0024,0.0042,0.0024,0.0026,0.0017,0.0021,0.0009,0.0024,0.0027,0.0029,0.0027,0.0011,0.0011,0.0005,0.0013,0.0025,0.0018,0.0029,0.0016,0.002,0.0044,0.0021,0.0034,0.0045,0.0035,0.0027,0.0008,0.019696382945341578,0.020276804085736868,0.019860115183457695,0.019598887700937647,0.019763400209239272,0.02038090980587104,0.01983070087200503,0.0200858341944919,0.020947792691562023,0.020606168938748913,0.020641418093072274,0.020751767840722295,0.02098738471371272,0.020433278886371996,0.01985000318436066,0.020824478520504917,0.020607598596184815,0.020474078988399105,0.020685091761968706,0.020762100818615167,0.02015152160493995,0.019715685780854537,0.020837087753281174,0.020669874428769396,0.020386214800031163,0.020633177661908295,0.020742630006374524,0.020295947127189875,0.020068726178567822,0.021030035904286155,0.020522897969178493,0.020570099087673595,0.020671903886282976,0.02097573414806648,0.020327305952245463,0.02025396162530148,0.020953483465152342,0.020625687517277863,0.020690563797905022,0.02069342438061385,0.020715958488722264,0.02008095630185762,0.01974519970853201,0.020663712101062603,0.020173254442339725,0.020134421128210525,0.019940616038342962,0.020314576079909337,0.02035114460381783,0.003943798777067172,0.002986213119013038,0.003662652171308851,0.004150271540049737,0.003867785122921623,0.0027683894282267045,0.0036740973411531325,0.0032360048282898094,0.001873112971016598,0.002342531747550295,0.0022820049984635642,0.002170647112533133,0.0017270040310738623,0.002639403346903116,0.0036800156072227127,0.001967669725132384,0.002379139365481103,0.0025693449983976743,0.0022851374135424585,0.0020747792312570726,0.0031232121815819203,0.0038715911448169763,0.00194601825907384,0.0023112672803720217,0.002720217658611591,0.0022961547424504205,0.0021082127983773884,0.0028752173710752593,0.003265381209286345,0.0016147046560439767,0.0024855173362303075,0.0024044677249528777,0.00222965747433725,0.0017079468582121904,0.0028213707534122446,0.0029473111840151965,0.0017852162748774208,0.0023090161603587897,0.002275741314473738,0.002192704373317059,0.0022321357838238406,0.0032443807167108086,0.0038209124227486114,0.002282786187786153,0.00312495696371068,0.003152575616936156,0.003524423180048223,0.0029213543711176975,0.002780437116563818
dual_slot,0,14000,21.33457933133468,21.424532791948877,0.6928588151931763,0.6966207027435303,0,0.10860000000000003,0.8914,0.0001,0.0001,0.0002,0.0001,0.0001,0.0,0.0001,0.0,0.0023,0.0018,0.0029,0.0016,0.0014,0.0037,0.0001,0.0017,0.0023,0.003,0.0045,0.002,0.0038,0.0,0.0025,0.0029,0.0026,0.0025,0.0031,0.0043,0.0,0.0024,0.002,0.0024,0.0025,0.0026,0.0046,0.0,0.0014,0.0028,0.002,0.0027,0.0014,0.0029,0.0002,0.0042,0.0054,0.0045,0.0037,0.005,0.0062,0.020018516191453596,0.020326914600878324,0.01980884972812042,0.01963270136316332,0.0198052359158545,0.020320150058053287,0.020330605434155352,0.02040959653872116,0.02091733678834981,0.0208632934252919,0.020636775810461673,0.020563627724518852,0.020739308196509175,0.02038048017962491,0.020201898269800518,0.020959762971776215,0.020473702566946254,0.0204482594389601,0.020501725378445974,0.0207115298298325,0.02026790315477872,0.02013057616923848,0.0207935475725698,0.020630660981082467,0.020447209191951386,0.020458293120168967,0.02076776635808708,0.020119453142831225,0.020176090454055044,0.02089756140286494,0.02078886822550918,0.020628016587379484,0.02046426170810764,0.020776368265176093,0.020469287760918466,0.020332550143195176,0.020755228743467382,0.0208462406238644,0.020650060281374814,0.020744684199490358,0.020889244142537483,0.020330781636948618,0.019903450141827664,0.020391563841537994,0.019759557679353706,0.01974464117006431,0.019706806442647773,0.0202754915831877,0.019803564864865758,0.003459523805483836,0.0029333605334704907,0.0038172389849642848,0.004117768421022384,0.0038234045656812088,0.0029449016240783664,0.002927063546021303,0.0027922956069913263,0.0019260321538956343,0.002018236367238357,0.0024437640555966685,0.0025295006306404817,0.0022688319739730283,0.002959158975293547,0.003146652819697599,0.0018536481894895966,0.0026829233257606474,0.002765394737941552,0.0026351131758405827,0.0023552875728189235,0.0030731033697404602,0.0032683365529846344,0.0021372308398300835,0.0024541966600967018,0.0027671865805245196,0.0028264011200308924,0.0021812165665853105,0.0032873137195013184,0.0031906839312765586,0.0019597712433787867,0.0022233393458568917,0.002419645800885795,0.002699030520302948,0.0022056032205329534,0.002690455494260536,0.002923745648002907,0.002241669683819199,0.002164517914165594,0.002382036715347777,0.002220597392559865,0.002052086449211064,0.002965825423724269,0.003733964763409061,0.002940248969146131,0.003979461907880667,0.003926786193917406,0.0040303991045708,0.003060156635259717,0.003865318071487546
dual_slot,0,15000,22.828492855769582,22.9250994999893,0.6916601657867432,0.704127311706543,0,0.14490000000000003,0.8551,0.0006,0.0003,0.0004,0.0008,0.0006,0.0005,0.0014,0.0042,0.0014,0.0013,0.0023,0.0019,0.0014,0.0055,0.0045,0.0029,0.0026,0.0035,0.0019,0.0026,0.0041,0.0053,0.0022,0.0038,0.0024,0.0031,0.0019,0.0064,0.0036,0.0016,0.0027,0.003,0.0021,0.0022,0.005,0.0036,0.0014,0.0022,0.0017,0.0029,0.0016,0.0041,0.0064,0.0044,0.0045,0.0058,0.005,0.0046,0.0067,0.01963828106381,0.020086177867634086,0.019824161853850025,0.019250360680743615,0.019691010803674282,0.0205259633350059,0.01925686666479096,0.02034475151196511,0.02109096136919494,0.020929374965245467,0.021005246718598623,0.02101780228767371,0.021083823809915345,0.020473659255952327,0.020115283413607438,0.02122940180414244,0.020666557099024388,0.020610058687166175,0.020649701887046935,0.021016440707558627,0.020266323060466655,0.019831944234745755,0.020963463495455744,0.020593135776564627,0.0203640632973628,0.020777225421520037,0.020688211821830026,0.01983912763199001,0.01997394628030666,0.02104026574959939,0.02067038210558212,0.020719650046985897,0.02105333175048313,0.020923308926717482,0.019996102627609855,0.020356382469409927,0.021141836961249688,0.021085043204883584,0.02078801216774249,0.02096146022522597,0.02102285035707542,0.020193983921137217,0.01939381204563506,0.020495970939972352,0.019881157992317877,0.01951810600106122,0.019615501202276814,0.019707322151803874,0.01963219234638789,0.004483307825249376,0.0037369504482022706,0.0041735634874616795,0.005129722885898578,0.004395441088980055,0.0030041094788347523,0.0051188815734640476,0.003384198636158289,0.0020626192801243316,0.0023709429215044973,0.002205450756588057,0.0022626536568494376,0.002074513024346115,0.0031303294108994337,0.0037665751267783993,0.0018709901587006285,0.002808892135696528,0.0028639763367263125,0.00287604148894857,0.002225860039669445,0.0034367636809330727,0.00423872023820666,0.002314139153810892,0.0028921760002665205,0.0032738932468979604,0.002624478855238075,0.00281187006894833,0.004148625111428045,0.003923968690851825,0.0021470964394745824,0.002841580797264906,0.002681357663934452,0.002164386276520026,0.0024201136262654186,0.003887048237039762,0.0033648172723777436,0.0020169047218432643,0.002072481073186142,0.0025674417513812824,0.0023174773234549795,0.002215179255255933,0.0035573067386794055,0.004968806250593106,0.0031322126101754476,0.004195774894653064,0.0047616877586488925,0.004560329778315889,0.004446385508761212,0.004493453821215291
dual_slot,0,16000,24.321386268245988,24.424834041972645,0.6935707330703735,0.6981859803199768,0,0.1511,0.8489,0.0032,0.0005,0.0003,0.0004,0.0002,0.0,0.0002,0.0047,0.0018,0.0018,0.002,0.0018,0.0014,0.0053,0.005,0.0017,0.0019,0.0026,0.0026,0.0022,0.0051,0.004,0.0022,0.004,0.0022,0.0033,0.0019,0.0054,0.0042,0.0017,0.0025,0.0028,0.0023,0.0022,0.0064,0.0035,0.0012,0.0017,0.0016,0.0018,0.001,0.0045,0.0078,0.0048,0.0052,0.0058,0.0062,0.0065,0.0097,0.019373698089250303,0.020000818325729385,0.01985210138447089,0.01961104671425596,0.01954610832900181,0.020186569580574697,0.019850605518698824,0.02052253510315855,0.021048318628422744,0.020900103261636695,0.02080617456169427,0.020905126186740737,0.02089455331203901,0.02060850342918274,0.020198091464235162,0.02090322382221342,0.02061386494713039,0.020739535059634186,0.020764805873289195,0.020857610184113452,0.02055203911791749,0.02013909328808683,0.020855006666721278,0.02055503672125822,0.020443986732812308,0.020684918928958542,0.020946493316282632,0.02045692404131078,0.02015430235686397,0.021030018435318917,0.020569148239349362,0.020450425287664473,0.020603143075340537,0.020886215265829254,0.020236258450315726,0.020156619614300375,0.020995106549968327,0.02078126497092491,0.02059181330789044,0.020812414154530813,0.020886521152088094,0.02032296952878187,0.019463169827960657,0.020040172835437554,0.019590473493712256,0.019654030903677892,0.01971923040155707,0.020361472558335068,0.019878337001331958,0.004663443984287053,0.0035171344891212976,0.00377044656801815,0.004181039060865365,0.0042916497097244015,0.003200741238127928,0.0037729945014631635,0.002667547986744114,0.0017329095240642084,0.0019853672626871026,0.002145357604400337,0.001976811629485657,0.001994820585613635,0.00252111668443123,0.003181115819005257,0.00198005195912905,0.002472921820318112,0.0022979282942584773,0.002254884090362173,0.0020968089396325705,0.002656355799879629,0.0033206709093234,0.0021012435547979637,0.002612187431459237,0.0028404032531767045,0.002351894372480122,0.001906350298761819,0.0027793044170111984,0.0033728900454895855,0.0018031430521939945,0.0025490885442540673,0.002829436353905562,0.002530247065703873,0.002009022920609615,0.0031161053467115185,0.0032908180217437583,0.0019407340564133433,0.0021877865312519788,0.002549545250039268,0.0021347296004922494,0.0020085018993764117,0.0030074714016140648,0.0045501077599491065,0.0034501012877672242,0.004333269275040549,0.0041468858647246065,0.003996767958319371,0.0029028260407953036,0.0037257589985188063
dual_slot,0,17000,25.801619237405248,25.911969334003516,0.6951519250869751,0.689233660697937,0,0.1553,0.8447,0.0002,0.0042,0.0045,0.0067,0.0063,0.0053,0.0095,0.0004,0.0008,0.0026,0.0022,0.0024,0.0027,0.0045,0.0006,0.0016,0.0017,0.0019,0.0028,0.0023,0.005,0.0007,0.0015,0.0033,0.0028,0.0025,0.0021,0.0062,0.001,0.0019,0.0016,0.0026,0.0018,0.0016,0.0053,0.0009,0.0017,0.0025,0.002,0.0023,0.0013,0.0039,0.0029,0.0039,0.0051,0.0058,0.0061,0.0052,0.0086,0.01949183204619028,0.01980185962558192,0.020116298605679934,0.01949879528137251,0.02000346770917022,0.019882987034588913,0.019385263316802008,0.02048255464550605,0.02132834533408029,0.02094695125826284,0.020831938241905375,0.020828257274594475,0.02122191020057539,0.020697361894412798,0.020151481143917647,0.0209016786498583,0.020604749201487773,0.02059226220673184,0.020500972511130863,0.020722638057820958,0.020109700509060857,0.01993629620722969,0.020941829651291762,0.02077062630213797,0.020423743663399545,0.02062593009034779,0.020651570446000418,0.020067695370099944,0.02021963573227782,0.02084981415318738,0.02096864269613498,0.020463635910284238,0.020613897638918056,0.02076774232204785,0.0202051126099747,0.02050503681098917,0.02117210245940551,0.021084564222754343,0.02087052416629986,0.021294764417220332,0.021176243432563878,0.02063631696574015,0.01925319991573237,0.02040275560424782,0.01950221423940824,0.01931322060759641,0.019570493332901995,0.019828187578396828,0.019782898704679718,0.004588046441102706,0.004183966532465783,0.0035380944791374713,0.004693526248624848,0.0037668661306691216,0.00393037479918601,0.004923476646679772,0.0029222868882372915,0.0015002097899757007,0.0021805323416167577,0.0023739104182182464,0.002341036942740498,0.0016791653730205765,0.0025611189617780854,0.0035180025304512273,0.002217589312379889,0.002794959071197204,0.002776891682054307,0.002891319859091986,0.0025186206775096045,0.0036273132429029777,0.0038798054853533,0.002189143597425378,0.002516060250073597,0.003021169214455517,0.0027593464103160257,0.0026381107884358612,0.003776063927168082,0.0033643477553673942,0.002304792108443908,0.002144061264974456,0.002993158558579862,0.0027795772710305254,0.0024818467536076964,0.0034278288259446256,0.0028844863152530163,0.0018410350263853824,0.001910093157206646,0.002309033658355645,0.0015957338394468454,0.001795010067265669,0.0027028198523433933,0.004989272527199277,0.0030955201595280622,0.0046096527555423315,0.004927418745576986,0.004572976142732888,0.004061574813467844,0.004215846632047428
dual_slot,0,18000,27.303012613090687,27.42016112501733,0.6931982040405273,0.695892333984375,1,0.13990000000000002,0.8600999999999999,0.003,0.002,0.0013,0.0018,0.0013,0.0005,0.0001,0.0049,0.0017,0.0018,0.0013,0.0026,0.0012,0.0,0.0058,0.0018,0.0025,0.0029,0.002,0.0018,0.0001,0.0057,0.0027,0.004,0.0034,0.0024,0.0022,0.0001,0.0063,0.0029,0.0034,0.0025,0.0019,0.0019,0.0,0.0056,0.0014,0.0019,0.0019,0.0021,0.0012,0.0,0.0141,0.0062,0.0076,0.0062,0.0053,0.0065,0.0001,0.020902247500538824,0.020273578458432934,0.020121375367424067,0.020045143673205666,0.020465890944356788,0.0201865635183979,0.019377117922837334,0.02028410145138899,0.020750931545327554,0.020874707490341798,0.020892373336732297,0.02063042292416231,0.02095025693013418,0.02056739357944546,0.020064788037863095,0.02093885346298828,0.020620290545850902,0.020331186907910408,0.02062641947835859,0.020792533884509766,0.02016191968775697,0.019987667912429268,0.020630027788983915,0.02026166935858718,0.02011208700004841,0.0203370897522162,0.020693293199572006,0.020238506221377614,0.020221945282673022,0.020596785549765594,0.02043417337919673,0.02038860730765176,0.020439629634395717,0.020579747844465982,0.02027471121684777,0.020654643697476063,0.020855155920723283,0.02079450441146632,0.020680016219043133,0.020803865370432086,0.020986909512765772,0.02040060592326416,0.019511886446323103,0.02020726275591537,0.019781361154618156,0.01984287858203776,0.019641014547980735,0.020078698990291077,0.020707158371487677,0.0018134690412782669,0.0028574114534377663,0.0031196109322864495,0.003250934878228201,0.0025261157271085875,0.003007311641259225,0.0044017393884590045,0.002839283547816942,0.002035077755869918,0.0018218495746180224,0.0017914167122739888,0.0022817398352007897,0.0017307634448525656,0.002351257661837977,0.003256156132683512,0.00171134563881314,0.002260132330990558,0.002875357175033977,0.002249574050611608,0.0020024721210103857,0.003049765441034621,0.0033890105744919016,0.002282420532531993,0.0029560521982391116,0.0032137369547959715,0.002787063375632824,0.0021734335364375496,0.00291783021508714,0.002946359658666802,0.0023396867663583445,0.002580755412808744,0.0026592518489394453,0.0025713559501555363,0.002447162533289057,0.0028554600563665093,0.0022009523340980994,0.0019336559626284037,0.001999077504398844,0.0021572432222274687,0.002022013928731932,0.001628559730040421,0.0026385818957891916,0.0043258243490438995,0.003088840671686289,0.00390066416072973,0.0036384384062124187,0.003986188535182927,0.003349379306777067,0.0021104855763832385
dual_slot,0,19000,28.83756455872208,28.961586709017865,0.6926250457763672,0.6929072737693787,0,0.14700000000000002,0.853,0.0069,0.0051,0.0051,0.0065,0.0053,0.0037,0.001,0.0054,0.0021,0.0021,0.0017,0.0016,0.0017,0.001,0.0038,0.0023,0.0025,0.003,0.0021,0.0014,0.0016,0.0033,0.0018,0.0027,0.0025,0.0029,0.0015,0.0017,0.0026,0.0024,0.0025,0.0031,0.0021,0.0021,0.0008,0.0027,0.0016,0.0025,0.0034,0.0022,0.001,0.0007,0.0076,0.0058,0.0065,0.005,0.0044,0.0042,0.0015,0.019135104835112667,0.0197911369963929,0.01933953010299068,0.018971102120362644,0.019416024563905794,0.01959634429423608,0.01929484139498372,0.020520095596490873,0.02107485464761394,0.021216677730233946,0.020956664792398553,0.02139205678053933,0.021182280012938252,0.0206705145621448,0.020414245921061714,0.021031911798510647,0.02078942078357545,0.020474774055398933,0.020566383088126583,0.02115154705739756,0.020315488049084007,0.020429845053558313,0.020945728323844337,0.020611433823728185,0.0205742496771723,0.020595068359338203,0.02103052767008695,0.019910143669777433,0.020281250527235714,0.021007168945415503,0.020779305070110686,0.02092084865369262,0.021018044635166835,0.02102738504093376,0.020508170292622592,0.02073016257808369,0.02157323921440673,0.021179400863736902,0.02112038899627175,0.02123019034032814,0.02121168538786882,0.020521330024973,0.019293491817310944,0.019862884957619596,0.019494010126438168,0.019146248543581858,0.018746941379354363,0.01970338665098274,0.019246470192860785,0.005434316760229508,0.004382721105766944,0.005016333292080243,0.005628847445046919,0.005006348204374368,0.0045893778645949455,0.005090628588373449,0.0030536347258233788,0.002209468840436699,0.0019736869524745724,0.00236689781901582,0.001603993028530063,0.0019527484031971027,0.0028035621209130837,0.0032296105673564196,0.0022417991338310995,0.002605879678383762,0.0031289821116409792,0.0030157439403265423,0.0020038421613228913,0.003393796234991464,0.0032036768981491747,0.002385079776111341,0.0029408467705711212,0.0029636031798434396,0.0029680544720253727,0.0022050377572229475,0.00406768416114671,0.0034507163596383373,0.0022438718038511603,0.002622697124280042,0.0023873799054653015,0.0023039158919495955,0.0022493249006393496,0.003073460628692235,0.002743459368321955,0.0013027759379575178,0.0019965975093114083,0.0020556426605206637,0.0018730971416662944,0.0019038617573191524,0.003090644979653765,0.005092872270895086,0.004146252107699455,0.004798571649578182,0.005415790265294925,0.006001516278254646,0.004450481681851705,0.005210108557440183
dual_slot,0,20000,30.354388980427757,30.48494400002528,0.6915856599807739,0.6966978907585144,0,0.13490000000000002,0.8651,0.0087,0.0062,0.0062,0.0066,0.007,0.0055,0.0025,0.0028,0.0016,0.0024,0.0018,0.0025,0.0019,0.0005,0.0031,0.0022,0.0024,0.0034,0.0031,0.0026,0.0011,0.0024,0.002,0.0037,0.0028,0.0028,0.0015,0.0008,0.0024,0.0027,0.0023,0.003,0.0021,0.0015,0.0006,0.0041,0.0013,0.0025,0.0026,0.0023,0.0012,0.0003,0.0042,0.0014,0.0027,0.0033,0.0022,0.0019,0.0002,0.019142309414709312,0.020295756383173887,0.019843856561911594,0.019485866288892775,0.020018362236535886,0.020097743852456135,0.019516187107229317,0.020290813641581418,0.021235751727858534,0.02117164538461376,0.02074243678942866,0.020885848491681222,0.02106565898365862,0.020137005216605698,0.02004876252805431,0.020898110275507052,0.020720390369622702,0.020524250102628178,0.020687724407141783,0.02094626640405308,0.020127914959304768,0.019848372727392854,0.020782918062970484,0.02081769557259368,0.02035071644547822,0.02063810599272099,0.02108636106253857,0.019775385261307246,0.019917564942987354,0.02107520027488482,0.020596327675989304,0.020650752955227746,0.020872000033587915,0.021013230158508582,0.020098412821108573,0.020094435502324235,0.021304070266264963,0.02094647659075772,0.021225100374988117,0.02092541208193972,0.021020017908965613,0.020560463075305728,0.01923953992358432,0.020483449160656746,0.019861932312676356,0.019670574197680583,0.01970972125612115,0.02028166770868265,0.019271434526107016,0.005242381402699588,0.003267523047255329,0.004143120621573729,0.004704862584844094,0.003733065420738828,0.0036779666078560853,0.0045758510542325565,0.0033148808039518444,0.0017290192246356838,0.0018366070001934241,0.002556935062424477,0.002277188953699689,0.0019754183351522424,0.0035730129242319423,0.003760170512641964,0.0022566103653819405,0.002554872415260855,0.0029231113111545938,0.0026487572317725866,0.002175791362339487,0.0035492063335967987,0.00409647877491962,0.0024889965410291814,0.0024306304775413433,0.003292472703875921,0.002732030345851984,0.0019406746498415602,0.004179908975677225,0.0039412930305582974,0.0019594054689206397,0.0027630831563844552,0.0026717428235719224,0.002300430410406631,0.0021415330782492727,0.0035987188975969914,0.0036835189138127392,0.001575299746800608,0.0021754386122236776,0.0017078325744191174,0.0022107905529558376,0.002091078897867126,0.0028232736525741916,0.005118264821867184,0.002952523822599342,0.004034659624886298,0.004316747776838286,0.004251048429097169,0.0033302301520221553,0.004986612055907843
dual_slot,0,21000,31.869746149284765,32.007541417027824,0.6928858757019043,0.6926652193069458,0,0.13429999999999997,0.8656999999999999,0.006,0.0036,0.0034,0.0049,0.0047,0.0037,0.004,0.0042,0.0016,0.0033,0.0018,0.0026,0.0013,0.0042,0.0046,0.002,0.0022,0.0036,0.0025,0.0011,0.0049,0.005,0.0021,0.0035,0.003,0.0036,0.0023,0.0048,0.0057,0.0026,0.0022,0.0031,0.0022,0.0015,0.0041,0.0056,0.0014,0.0014,0.0017,0.0022,0.0013,0.0036,0.0,0.0001,0.0001,0.0003,0.0004,0.0,0.0003,0.019249200669499894,0.01984102633621468,0.019408344531174807,0.01902047071594315,0.019412119621544575,0.02006383499006091,0.018915428472809463,0.020242894863240112,0.021403468467831834,0.02130235448794876,0.020958623633213096,0.0210893358554538,0.02146820883658928,0.0202722243186875,0.020067176107375184,0.021278145558995126,0.020830270030913506,0.020709977891695652,0.020800364307052607,0.021226448189801503,0.019800534040692545,0.020248391952930267,0.021170306199784134,0.020803766293577605,0.02060896551032159,0.020940452767185078,0.021280142345287058,0.020131778192156072,0.01976909436713762,0.02100907367842196,0.020870526168842194,0.021018904833532415,0.02101437851300733,0.020972288861071206,0.02014486914977571,0.020376270976981047,0.021327322227010753,0.021378382199423274,0.02102299458009462,0.021239535120687277,0.0212783381102881,0.02073965908991599,0.018545635336515966,0.019980982656227303,0.01929298512455014,0.019053484159985985,0.01920125111870664,0.01995146129094614,0.019268307248898484,0.005495389325575401,0.0044472012268242204,0.005156411178633407,0.005870301229542222,0.0051502234174933895,0.004042932441705766,0.005925288762841587,0.0037494349048341194,0.0018861979769493082,0.0020128716830130297,0.0026153443844194628,0.0023620311168660126,0.0017410193581946795,0.0037013609127176388,0.004154643507009775,0.0020525526058911563,0.0027866666314578497,0.0029838378119050085,0.002874747686736022,0.0021763524077314674,0.0044745097611995814,0.003818549609811692,0.0023074373999437737,0.002908233981147194,0.003149407487569617,0.002723253301538124,0.002049279667918313,0.003970629049906293,0.00456510511769381,0.0024935890747967986,0.002759745183651686,0.0024774748010720944,0.002563018905652119,0.0025538831713748543,0.003988234124809101,0.0035308177453027873,0.002011009492372734,0.0018882544493717024,0.0024707712860906235,0.0021939640828649645,0.0020522369945305294,0.0029351872772296647,0.006531417722541927,0.0041787359328648134,0.0053064346033477065,0.005699001301457757,0.005456796067836692,0.0042271244849243755,0.005346884178064752
dual_slot,0,22000,33.377850800636224,33.52294145897031,0.6950135231018066,0.6877136826515198,0,0.10129999999999995,0.8986999999999999,0.001,0.0004,0.0001,0.0,0.0,0.0,0.0,0.0013,0.0013,0.0022,0.0021,0.0016,0.0013,0.0,0.0022,0.0028,0.0026,0.0027,0.0028,0.0017,0.0,0.0023,0.0028,0.0035,0.0034,0.002,0.0023,0.0001,0.0029,0.0037,0.0034,0.0029,0.0023,0.0015,0.0001,0.0017,0.0016,0.0022,0.002,0.0025,0.0016,0.0001,0.0097,0.0046,0.0056,0.0043,0.0033,0.0022,0.0006,0.01939090497184599,0.019829059732331414,0.01964335762030485,0.019394584999632168,0.01918830051765973,0.020123713541741535,0.01865653780327728,0.020614962999348882,0.02149736179717694,0.02109860060212921,0.020879772334923045,0.02111145667168493,0.02099040643110268,0.020400188929218105,0.020144649514207084,0.021171641078245367,0.020688252682553403,0.02057290936466517,0.020694174706894365,0.02118669029978994,0.020250084112005136,0.020058111019125177,0.021207718521874808,0.02086689876730779,0.02045713541125349,0.020559305574714602,0.021241375611376328,0.020114569407326144,0.020029877133091595,0.021272951548902845,0.02068709208227565,0.02066266782656079,0.020829849831495793,0.02122441403003928,0.020043902280146703,0.020594233541248758,0.0212548918534684,0.021336371303929666,0.021171606305121642,0.021154025073221394,0.021312272874204008,0.02047865638294688,0.018905699894962158,0.020126319735095145,0.01940036236444803,0.01905152828048505,0.01955619681112304,0.0194891219447928,0.019385233878724782,0.005026750882926576,0.004302885900013051,0.00460967991042204,0.005020671197183542,0.005361468847887771,0.003816095400515199,0.006239981288866504,0.003004513940477513,0.0016248490262356235,0.0022055078434421527,0.0025670287812192432,0.0021842686389223222,0.00238425284138465,0.003359337036392854,0.003781507581968474,0.0021239019226831457,0.0029615588106580775,0.0030739897428585083,0.002912712676118459,0.002059976964303931,0.0036073216088455752,0.003963538256488425,0.0020252367423711595,0.00258829689386403,0.0033043196176904734,0.00317458923832951,0.0020086951711294214,0.0038312022059166107,0.0039711202832045985,0.0019174668212073793,0.002924413710572423,0.0030038269383064423,0.002688567053136756,0.002036716993307333,0.003947949673755646,0.0030778230815885843,0.0019473028113780567,0.0018908175632762112,0.002123959370527792,0.002153004902556182,0.0018915675016992922,0.0032297028359342776,0.005867409066376314,0.0038899147709123335,0.005011126551179727,0.005665551984268188,0.004753676195157641,0.004942613974907601,0.005036119960009601
dual_slot,0,23000,34.90340317832306,35.05632579198573,0.6990473866462708,0.6870254278182983,1,0.1794,0.8206,0.0095,0.005,0.0047,0.0062,0.0033,0.0018,0.0,0.0044,0.0016,0.0022,0.0016,0.0016,0.0031,0.0,0.006,0.0023,0.0025,0.0036,0.0016,0.0033,0.0,0.0064,0.0027,0.0022,0.0028,0.0024,0.0072,0.0,0.0061,0.0024,0.0029,0.0036,0.0023,0.0068,0.0,0.0044,0.0017,0.0022,0.0033,0.0024,0.0056,0.0,0.015,0.0061,0.0068,0.0057,0.0051,0.009,0.0,0.019732728905277233,0.019402292909158462,0.019496244793470893,0.019044813028973977,0.01957072796965168,0.01967723799324171,0.019278886379921933,0.021031089431133507,0.021163618149666736,0.02093134231343579,0.02096918291018076,0.021112790012963324,0.021125258145544314,0.02077441990698129,0.020513462943496173,0.020767915183909386,0.020736910036778425,0.020255253434716493,0.020630141217694332,0.0205427252502796,0.020473494155849325,0.020578562508081023,0.020742059346736633,0.020634021368800735,0.02024500871596805,0.02052305368433728,0.020624480545363703,0.020597948216185796,0.020708673322387856,0.020617797771156,0.02059917533251848,0.020596261357193973,0.020623105102967824,0.021015803588036775,0.020496587912227672,0.020899043478295985,0.021186128024182488,0.021085492174994155,0.02098399814585465,0.021168696600920956,0.021302554327152712,0.020660015901608375,0.0196484926332991,0.019805052278053688,0.019473461067473868,0.019393743719736935,0.01958442952506284,0.019553618388172517,0.0194221998909045,0.004189113839936284,0.004745838140848922,0.004548483875642863,0.0053871889469767655,0.004462055827772592,0.004243543391567603,0.004914693103002671,0.001962550993182039,0.0017392643081874048,0.00216966916817076,0.002066852174058723,0.0018249004350176302,0.0018038939088631891,0.002394992261922804,0.0029127820828593136,0.002405951532242539,0.0024581895422170178,0.003425942944426567,0.002677138001561753,0.0027853554405490154,0.0029019971899371783,0.0028812262066566156,0.0024885763954341704,0.002631538155638426,0.0032869534243690247,0.0028575609362447925,0.002686675200544255,0.0026923148292065492,0.0026229507486648733,0.0026979344545076207,0.00269024736231288,0.002734219378511076,0.002728055069763358,0.0020664298469142135,0.002863088428403333,0.0022240868061542407,0.0017013392809488226,0.0019099548061766907,0.002080953707879846,0.0017697705453787731,0.0015051822251489926,0.00258774211563411,0.004291974072868977,0.004145387166324599,0.004664995292609735,0.0047602419635558125,0.004517096209428069,0.0044908823475821105,0.004673236012521441
dual_slot,0,24000,36.479596050223336,36.64001008402556,0.6914312839508057,0.7014713287353516,1,0.18820000000000003,0.8117999999999999,0.0056,0.0057,0.0052,0.0069,0.0062,0.0035,0.0048,0.0035,0.0018,0.0019,0.0023,0.003,0.0019,0.005,0.0034,0.0017,0.0021,0.0027,0.0022,0.0018,0.0047,0.0038,0.0025,0.0046,0.0035,0.0023,0.0016,0.0062,0.0041,0.0027,0.0029,0.0027,0.0023,0.0024,0.0051,0.0028,0.0012,0.0027,0.0018,0.0026,0.0015,0.0049,0.0033,0.0039,0.0067,0.008,0.0076,0.0068,0.0118,0.01827389726960789,0.020070618034740927,0.019791125221003673,0.019486841369719305,0.01962066236153518,0.020414866649307882,0.020040077441389383,0.020305813882463226,0.021636522373286705,0.02141006226080211,0.021097132891183347,0.021042950427700415,0.021146651965765054,0.020009255904420153,0.0197895864605137,0.021287179721603332,0.020629527132948414,0.020967309541319354,0.020814824828416567,0.021196906064351373,0.019931276711514564,0.019873912271792468,0.021097262866448932,0.020662785363122597,0.020562945054986445,0.02079306453817339,0.02135202778966092,0.020104033849613366,0.019891638486026618,0.02130065276736288,0.02104895235879417,0.020953471326230808,0.02095333441435957,0.021293210855327552,0.020319568148432117,0.01982172432943144,0.021233525978077906,0.02122078063921541,0.02106780314141144,0.021400255114986836,0.02159917967228537,0.020446904005430117,0.01824412140863976,0.019621884056994516,0.019229141729377765,0.01915356425547151,0.01926927009776702,0.01975526383327457,0.018766633133711914,0.0069642845162565335,0.00405554504959912,0.004553159307885436,0.005091447148096684,0.004793767840877619,0.0034516887526262145,0.0040665891787936125,0.0037087319055258924,0.001447371100374661,0.001818914401874897,0.002332324069692004,0.0024212188915879937,0.0022510802680553036,0.004156219240017616,0.004672871385597554,0.002020522463487736,0.0031385670912813953,0.0025453196188466786,0.002834557185169099,0.002168630544358595,0.004362281325549341,0.004378271678090765,0.0023321108249013045,0.0030449392530176437,0.0032478054237865027,0.0028702583512148563,0.0019141290459552501,0.004000721168943886,0.004466376545889454,0.001998417820653084,0.0024504342831083367,0.0026852108791886684,0.002568248004567922,0.0020106274435166653,0.0036471033768697815,0.004424831675538921,0.0021085498374414533,0.0021294605630776653,0.0023804441202513226,0.0018740670613935993,0.0015086376530790157,0.0033991264495592485,0.007130323982140204,0.004752700958033292,0.005397056290372619,0.0055601154795294665,0.005409344413796063,0.004572933034040531,0.006273061618026993
dual_slot,0,25000,37.986847893567756,38.15785204200074,0.6926877498626709,0.695575475692749,0,0.13650000000000007,0.8634999999999999,0.0008,0.0041,0.005,0.0047,0.0048,0.0038,0.0066,0.0007,0.0016,0.002,0.0024,0.002,0.0033,0.0025,0.0004,0.002,0.0024,0.0026,0.0035,0.0025,0.0032,0.0001,0.002,0.0028,0.0022,0.0024,0.0022,0.0037,0.0004,0.0018,0.0018,0.0019,0.0034,0.0019,0.0032,0.0002,0.0016,0.0017,0.0023,0.0024,0.002,0.0014,0.0002,0.0037,0.0059,0.0069,0.0064,0.0054,0.0057,0.017278517518522697,0.020203679825876085,0.019691374691610412,0.019240186533987503,0.019433354052250128,0.02023776432006489,0.017362644030123282,0.01957680305227683,0.02161379800899215,0.02130068835585571,0.0214198775084683,0.021530995925226448,0.021717082145636456,0.020465696930525544,0.019570193180939624,0.02148748913524155,0.021315359563617256,0.021169350607740854,0.021014040845904462,0.021485396798416392,0.02003109573637149,0.019342615449332,0.021452958863105928,0.021174784519902783,0.02066063721884651,0.021128509660735914,0.021298713518150915,0.019486719495561605,0.019699532285526768,0.021485567449791482,0.02121690287582359,0.020864076886266614,0.02111662157298623,0.02146754284534505,0.020352546513315042,0.020223951491330633,0.02176619471482901,0.021332263519729305,0.021399967095188474,0.021603929514526048,0.021684046484218157,0.0203651700518584,0.018015603347247385,0.019681003341255773,0.019562738957468316,0.01932227421596905,0.019111346704247578,0.019668099144540572,0.01837029349525278,0.008903803875697126,0.0042313258024566595,0.005127776165342477,0.005809414451107153,0.005539922792838578,0.004215943784511676,0.008886612753408782,0.005271723500815755,0.001978887954914164,0.0025180929547413368,0.002288644881691097,0.0021502135159556937,0.0018529705963364253,0.003812795462033859,0.005243219211145617,0.0021806461416553863,0.0024555955511801086,0.0027669464624788453,0.0029759664209860156,0.0021839883144684313,0.004507001231465586,0.00560673817151966,0.002235802718441268,0.0026801416585019214,0.003540472087656519,0.002754058331178832,0.0024821849415370546,0.005493742548148881,0.005036620716191409,0.0021837157262410115,0.0026128643337441832,0.0031764473170644886,0.0027730476464737515,0.0022125071436755496,0.004032597622894738,0.004198945065118998,0.001735458636593339,0.0024285941898928966,0.0023595110765648086,0.0020727762935476646,0.001866677271990016,0.003973371042801725,0.007726427371099526,0.005183405235682907,0.005294188638715133,0.005639230032443797,0.006015215434494128,0.005243080122234238,0.007237991693360904
dual_slot,0,26000,39.609865057398565,39.789086833945476,0.691757321357727,0.6947391629219055,1,0.1905,0.8094999999999999,0.0096,0.0055,0.0065,0.0075,0.0055,0.0029,0.0112,0.0039,0.002,0.0027,0.0029,0.0026,0.0028,0.004,0.0055,0.0014,0.0012,0.0026,0.0016,0.0022,0.0062,0.0053,0.0019,0.003,0.0023,0.0027,0.0021,0.0045,0.0056,0.0025,0.0022,0.0024,0.0027,0.0015,0.0037,0.0044,0.0011,0.0026,0.0023,0.0023,0.0025,0.0042,0.0092,0.0039,0.0066,0.007,0.0043,0.004,0.0034,0.017975031104403218,0.019734238939137602,0.019320000689004517,0.01898267091002291,0.019472221889118277,0.019670750042121876,0.01850317577084161,0.020223265472680628,0.0215481288431322,0.021525018248311625,0.021036037358235546,0.021301036500752452,0.021537722172541428,0.020566972345042234,0.01939158751601465,0.021297271600621302,0.021138813974864116,0.020882467586540727,0.021108395161836067,0.02115562757012448,0.02025366663592545,0.019705508952864895,0.021203502120059135,0.02110697513929412,0.020962129468013017,0.020974138602191487,0.020868857356367194,0.020315105491516848,0.019545335072865745,0.020940002530763672,0.021259959588229807,0.020933350310687812,0.0208133106620616,0.02122185410233131,0.0199422373024064,0.019920359810102033,0.02154838180837622,0.021170518368058527,0.021099027113119492,0.02133001109776823,0.021492455733572884,0.02077379785885191,0.018090472406685952,0.020188911356742823,0.01985624684254482,0.019147883559605602,0.019612845891280185,0.020293552594574105,0.019059168527791166,0.00774080812690606,0.004727717440625686,0.005439476289191266,0.006026340713592155,0.0051922788238246646,0.004908944337138658,0.006805010064330719,0.00405075721679673,0.001782076581228663,0.0018977317048808958,0.0026136803066471384,0.002222401196506456,0.0018380388467739432,0.0033754118017797893,0.00532322387377661,0.0021894526528350284,0.0024467776734360593,0.0029802552657626747,0.0025352383747008957,0.002458535973173838,0.003923262677647782,0.0047743730955628625,0.0023417282748008817,0.0025375444002273674,0.0027337019798434423,0.002753262416215339,0.0028851699065908856,0.0038234899169162385,0.005151672702970597,0.002769634706692768,0.002250044967729482,0.002780437485415993,0.0029753741753233277,0.0023509883327051404,0.0043899414398976405,0.004425469084155963,0.0018207282818978132,0.002395291772439426,0.0025504514849407143,0.0021362858094121006,0.00195061114022475,0.003039540433345635,0.007397088856518067,0.004028421097572796,0.004529584431199811,0.005758045967572412,0.005002976964076131,0.003897552939127154,0.00590211348896928
dual_slot,0,27000,41.45443489565514,41.64356975001283,0.6944730281829834,0.6940705180168152,1,0.2016,0.7984,0.0071,0.0051,0.0047,0.005,0.006,0.0046,0.0079,0.0044,0.0028,0.0022,0.0028,0.0028,0.0016,0.0047,0.0057,0.0022,0.0015,0.0032,0.0027,0.0017,0.0043,0.0057,0.0025,0.0031,0.0033,0.0035,0.0016,0.0048,0.0067,0.0022,0.0024,0.0023,0.0015,0.0021,0.0039,0.0058,0.0019,0.0026,0.0026,0.0022,0.0025,0.0047,0.0136,0.0054,0.0061,0.0065,0.0054,0.0049,0.0088,0.017335039054209005,0.020082388724311808,0.018991901126464636,0.019209006555249868,0.019368487081076823,0.020016945875873198,0.01781786913073862,0.01977608216770202,0.02157427630424032,0.0214157364310468,0.02124579468622989,0.021478074359706643,0.021370474829635507,0.02055947828286996,0.01986750513183247,0.02144361226814997,0.02113500139755345,0.020959930357894382,0.02122014654884999,0.02141958217692426,0.020308619202123096,0.019174495554922837,0.021424002439873732,0.021218576789038053,0.02100708567810608,0.021122835682239282,0.021206536909614417,0.0203168068076561,0.01929696011405427,0.021459750519448668,0.021159591093384795,0.021060355285633756,0.021448834147793812,0.021282705929460657,0.020383790347286376,0.019461843536167797,0.021526841035552184,0.02136273057429664,0.02130141116426753,0.02161007688122622,0.021636613989119185,0.020450980348113462,0.016866446117568656,0.02013335219818684,0.019358724654989563,0.01920824851968137,0.019611389466492817,0.019815063896398734,0.019497998626743458,0.009045934263559836,0.004530577338390764,0.006299871738361739,0.005955399468083125,0.0057804832654553325,0.004673475319158259,0.008201722604411928,0.005016581375908303,0.002202523066903591,0.002532196774617761,0.002684648863916553,0.0023551627425862985,0.0024868239992970618,0.003773598923422979,0.004910586812223493,0.002370779828368656,0.00289950252628201,0.0031382180571163025,0.0027253437104761617,0.0024089073875266103,0.004171626727464493,0.005971094155403386,0.0024409564377849205,0.002727834383921013,0.0031415236465657365,0.002918805367290102,0.0027860000662879737,0.004236760789919172,0.005893972167387744,0.002345173927612072,0.002821424565471664,0.0029788779473617533,0.00236249448632953,0.0026260833097263548,0.004169543257693151,0.005515170911045709,0.0022777866602080366,0.002499111491291721,0.0025964044816285474,0.0021066572612441254,0.0021036144216694014,0.003984810641962706,0.009789431437371647,0.004449715686771807,0.005717847906117576,0.005995664711997417,0.005356017523221761,0.004954730667436026,0.005535930113228436
dual_slot,0,28000,43.222108360845596,43.42014229204506,0.6919093132019043,0.7024924755096436,2,0.21030000000000004,0.7897,0.0104,0.0048,0.006,0.0065,0.0057,0.0041,0.0098,0.004,0.002,0.0035,0.0025,0.0022,0.0024,0.0059,0.0061,0.0016,0.002,0.003,0.0023,0.0021,0.0059,0.0045,0.0024,0.003,0.002,0.0026,0.0017,0.007,0.0052,0.0023,0.0027,0.0026,0.0021,0.0028,0.0056,0.0048,0.0009,0.0023,0.0023,0.003,0.0012,0.0061,0.0093,0.0049,0.0064,0.0066,0.005,0.006,0.0122,0.01849629212111005,0.019912766436410843,0.01972281743816478,0.019324650521089063,0.019645560861291052,0.019920394599183454,0.018927609376343118,0.020158690037772133,0.021299455307519394,0.02098465584184441,0.02106700671018729,0.021074461894843695,0.02108335628113122,0.020905612145507752,0.02005756134603809,0.02101053547571622,0.020598497398357944,0.02075417551935282,0.0208962771981124,0.021196604193032518,0.020365494078221226,0.019815380846328688,0.02087962215253808,0.02090654010493602,0.020917913486085397,0.020610123210943323,0.02101895090053026,0.020222708027864376,0.020402759689435807,0.02078554077878348,0.02108715171685202,0.020793280701540667,0.021075173776697348,0.021029017373910393,0.020226327735782305,0.020051769328112617,0.021231085661771718,0.02091137637424105,0.021047871996979987,0.02099988487520687,0.021199524931784123,0.02040094559307626,0.018782841013037656,0.019795242683037118,0.01965960159800665,0.019335866384205327,0.01971955637668253,0.020201753816751964,0.019489714083648496,0.006590714422877022,0.004212873007377322,0.004526502917443036,0.0051448645446913015,0.004615000833558022,0.004200277942247046,0.00599574237890669,0.003845884421611325,0.0018842111414911448,0.002443047523006869,0.0023070757849577212,0.0022557038286568193,0.0022410180677567603,0.0025735587002293676,0.004012860729917648,0.002361254462073691,0.003080644135887596,0.002823599794839932,0.0025889718834475246,0.0021712188884233778,0.003465362197126468,0.004373668979670883,0.002616471478043162,0.002532964021409154,0.0025923101252846217,0.0030223859434161337,0.0023473595273703625,0.0036620575929067105,0.003364769442154377,0.002810874269710771,0.002234751321552433,0.0027199696746580673,0.0023326534213432724,0.0023698010018843516,0.003695143495613507,0.004022424086807329,0.0020361606061240975,0.002524978726823795,0.0024167946256083888,0.0024179024556047835,0.002049208877957677,0.0033677647455429205,0.006195710825019055,0.004367857143798321,0.004591817794773765,0.005282595730836297,0.0046100123439408915,0.003735718155583361,0.004950448648141902
dual_slot,0,29000,44.91904751386028,45.126044958946295,0.692064642906189,0.6973612308502197,0,0.1794,0.8206,0.0062,0.0038,0.0056,0.0065,0.0063,0.003,0.0042,0.0024,0.0015,0.0024,0.0034,0.0029,0.0025,0.0043,0.0028,0.002,0.0019,0.0027,0.0025,0.0029,0.0041,0.0035,0.0025,0.0025,0.0026,0.0025,0.0026,0.0055,0.0033,0.0034,0.0026,0.0029,0.0019,0.0024,0.0037,0.0034,0.0017,0.0027,0.0022,0.003,0.0017,0.0038,0.0087,0.0041,0.0061,0.0068,0.0041,0.0061,0.0092,0.017356568953927908,0.01979683356846374,0.019394448983840844,0.01960242669687519,0.019635904214203248,0.019852393502692127,0.018116884226595607,0.020201084017921728,0.021633981035340547,0.021359204712377695,0.021628440673088,0.02147080769469982,0.021460775252778848,0.020205518463517244,0.020028050645397054,0.02127734057532293,0.0210364952809887,0.021141125391423057,0.021140389151155493,0.02120484502882048,0.019880493071725798,0.019884529595638897,0.021344708220213185,0.021366549815869263,0.021258941779362973,0.021245943170658203,0.02154766299169757,0.01982815430731144,0.019745145222428324,0.021344062416463666,0.021280378099452595,0.021373871902350072,0.020977751500725596,0.02116839938926173,0.019757798914198293,0.019720891918496262,0.021224936913220714,0.021377180874754768,0.021115005314251985,0.021084598450832822,0.021569824351033065,0.020050207474074447,0.01771436568567069,0.019809879435903816,0.019676605533234463,0.019593961842522843,0.019725039649255566,0.01990391755823351,0.017885676531727165,0.00886490285074434,0.004969580683653514,0.005533770284635982,0.005240844117907871,0.005148342448003762,0.004880892005338563,0.007768421587955871,0.004363350157868417,0.0020760590658031723,0.002397488876177313,0.0020067779820602404,0.002219340339185346,0.0022353548292418884,0.004239084083633448,0.004639558208268747,0.0025281661748029157,0.002912620388608776,0.0027846649405992158,0.00274677767914403,0.0026829511696603334,0.004796974995097928,0.004790531611465257,0.0024596916974921027,0.0024248266049046196,0.0025965981281497763,0.002578284922438365,0.0021747835036703004,0.004880521815392319,0.004973964260343395,0.002421660074900283,0.0025623799649519955,0.002413138575004853,0.0030063913461002485,0.002741128265218469,0.004953765546747544,0.005051741591460064,0.002611816589355324,0.002368794060307948,0.0027872971465768147,0.0028358347225441237,0.0021003454817870516,0.004487002418540913,0.008332825019417855,0.00487063095164472,0.005161497137281014,0.005371543814332581,0.005045120691630759,0.004759583180700954,0.008176554087028208
dual_slot,0,30000,46.79199764714576,47.00891162501648,0.6920303106307983,0.7007726430892944,1,0.1795,0.8205,0.0067,0.0047,0.0057,0.005,0.0043,0.0025,0.0064,0.0038,0.0022,0.0029,0.0027,0.0033,0.0027,0.0061,0.0032,0.0022,0.0023,0.0024,0.0033,0.0032,0.0051,0.0035,0.0027,0.0037,0.0022,0.0032,0.0027,0.0034,0.0044,0.003,0.0027,0.0027,0.0019,0.0026,0.0025,0.0051,0.0022,0.0029,0.002,0.0025,0.0029,0.003,0.0101,0.0053,0.0053,0.0052,0.0045,0.004,0.0026,0.01737457993864601,0.019903988083654324,0.019464065288697034,0.01910568469377813,0.019967093994497538,0.020249407645740493,0.018044555643918443,0.020307814860095086,0.02163480186436198,0.021194865837548413,0.02126763529399344,0.021278185764124595,0.02145227088006066,0.020414839030380105,0.019855453971566808,0.021365440824910736,0.02144797195503058,0.02106950319661011,0.021233120625033207,0.021144561674350554,0.02004207459081224,0.019533506219464238,0.02134188808584335,0.021060959800194835,0.021147527290178963,0.021388560110037307,0.021225165172017703,0.01997232915990084,0.01965977891620086,0.021302314186392297,0.021069851994446817,0.021143441130281673,0.02138016223185793,0.02123393932350618,0.020291124881809647,0.019927505524304466,0.02146068686545917,0.021065280800771153,0.02119547611105011,0.021268370463832897,0.021263895245370937,0.020109535951134204,0.017356668691905847,0.02007876210705638,0.019917707286569955,0.01903497293342062,0.019228366158289704,0.0198617705779321,0.018662537122959323,0.008764652988878359,0.0046765289379951,0.0054198172379846905,0.00595444826796422,0.0046536343703413065,0.004162645852472984,0.0076921598550209165,0.004069147930279572,0.001905852507213225,0.0026491619886798304,0.0025326730745630246,0.0025157839445757897,0.002198047023878279,0.0038978242734899597,0.004754222056659105,0.0023761065609766417,0.0022439912175597713,0.0028107792604842355,0.0025488614518499255,0.002729688594659096,0.004455480876640402,0.005347719108023916,0.0023747471459310936,0.002863517978775581,0.0026858787544367527,0.002339097346518845,0.0025615964938353396,0.004606191448625325,0.0050674575242971665,0.0025162218093699533,0.0028102209069767463,0.002731482354956073,0.0023525406200815622,0.0025866133841919475,0.004056802648492852,0.0047170073585375335,0.0021845747643866043,0.0028566009466906486,0.002648185066479233,0.002609621219045981,0.0024995976222072316,0.004347489131303058,0.008988637706387852,0.004474876718313494,0.004654567319367412,0.006223893234392992,0.005875248007475599,0.004744110470667636,0.006663836270019484
dual_slot,0,31000,48.55241885245778,48.77836133399978,0.6917624473571777,0.6897522211074829,0,0.16159999999999997,0.8383999999999999,0.0001,0.0043,0.0061,0.0073,0.0069,0.0051,0.0087,0.0,0.0023,0.0028,0.0035,0.0025,0.0021,0.0051,0.0,0.0029,0.003,0.0024,0.003,0.0027,0.0069,0.0,0.0019,0.0024,0.0025,0.0027,0.0021,0.006,0.0,0.0029,0.0027,0.0016,0.0027,0.0032,0.0052,0.0,0.002,0.0028,0.003,0.0029,0.0029,0.0058,0.0,0.0032,0.0034,0.0057,0.0032,0.0034,0.0097,0.01803963072716388,0.019821820998501334,0.019886717182048493,0.01964578299674017,0.020135826904197705,0.02003229637056741,0.018526759107624205,0.020171380309970496,0.021375576419861424,0.02106661182147137,0.021129164682053003,0.02112131215517716,0.021206411032543802,0.020448834035508463,0.01999179349583318,0.02098925478449585,0.020882736064632028,0.020944953128549382,0.021053000970537323,0.020813738787971665,0.020149026819451094,0.020013458419908127,0.021182134083994428,0.0210781773902561,0.021097172947738496,0.021244680676877917,0.02125081326295713,0.02063119858357379,0.019402774721238213,0.021219815753768273,0.02091060100716214,0.020915415453141344,0.02103750223594112,0.021158516721464748,0.020219768682881067,0.020075646848384223,0.021128152634398736,0.02117621552332611,0.02130026702870505,0.021288260115323344,0.02131201309260637,0.020476237266378736,0.017938885780825194,0.020016715606301607,0.01919950969237108,0.019091382491907116,0.019461693837624864,0.02027024155419689,0.01847011979184833,0.007527791069971177,0.004722702469371703,0.004539588926880246,0.0049293703834971045,0.004136581150161129,0.004382197044618859,0.006739718553602201,0.004079063126008284,0.0021309239976194027,0.0026698270289637017,0.002568629496194087,0.0025422707532797456,0.0024436609493931846,0.003669263140406385,0.0043695972812758145,0.002834037143501244,0.003006362302475061,0.002827583018944904,0.002691846558056589,0.003039860561602265,0.004193351429625719,0.004334547935112587,0.002443873508495647,0.00261205384147141,0.002620385475881443,0.002342686115559479,0.0024108898653569634,0.0033742351887306355,0.00532250728714526,0.0024219748953459735,0.002883157614534419,0.002875368841163893,0.002716920290698124,0.0024820814944503415,0.004039843291551403,0.004233939977777244,0.002531204279041018,0.0024534485100481266,0.0023308839466296325,0.0022721836379884113,0.0022337562555374032,0.0035858679060085863,0.007690775462909967,0.004329278484223756,0.005651347874584976,0.005865337721000406,0.00522718839755565,0.003919126171739189,0.006831349199442895
dual_slot,0,32000,50.289497720310465,50.52396104193758,0.6920350790023804,0.6941642761230469,2,0.2126,0.7873999999999999,0.0095,0.0046,0.0051,0.005,0.0056,0.0041,0.0121,0.005,0.0021,0.0032,0.0032,0.0029,0.0035,0.0057,0.0053,0.002,0.0025,0.0029,0.0023,0.0029,0.0073,0.0054,0.002,0.0031,0.0027,0.0029,0.0024,0.0067,0.0058,0.003,0.0023,0.0027,0.0018,0.0027,0.0041,0.0058,0.0012,0.0022,0.0026,0.0022,0.0026,0.0052,0.0117,0.0045,0.0053,0.007,0.0045,0.0045,0.0089,0.017275513057961142,0.01979723656047712,0.019862761226609606,0.019782710471493527,0.0196783333653743,0.020103750888669905,0.01714033045335813,0.02019062830561353,0.021513360772322493,0.02137852522205836,0.021269765458676385,0.021410733083369205,0.021452664268625174,0.020419067910440476,0.019576871090706365,0.021192285354377678,0.02118584613010909,0.020991741252116933,0.021205938263526337,0.021279286809468764,0.019922382186411524,0.02015500979524489,0.021407757325101966,0.021196907482098556,0.02129075059721007,0.021405845343836855,0.021466149941717222,0.02035451593724532,0.019814624731092682,0.020995641012991045,0.021118242170155094,0.02123715536400646,0.021316830322531018,0.021307017960023447,0.020482247093041927,0.020178504058655553,0.021516875785791333,0.021567932678937158,0.021330474347358415,0.021573912359109618,0.021585244374968976,0.020110682260714552,0.017064318089032762,0.019618283352572104,0.01933409235142662,0.019217589564538784,0.019350186940247257,0.01966810161849649,0.017705375010087784,0.009067621782299534,0.005029357354542168,0.0049645042702795615,0.005013331782662161,0.005335113461130986,0.004504193705478511,0.00951638290845025,0.00440547728841132,0.002307755541561628,0.0025215912741502877,0.0026550109098585346,0.0025095753189133224,0.002364951641821444,0.004043194862487722,0.005378835007678635,0.0027778866264726227,0.00282716109383641,0.0030959295679613913,0.0027952969744693026,0.002718035997276622,0.004791826375350084,0.004461964692834524,0.0024361695746870087,0.0027705563929742863,0.0026217305734558974,0.002478264286249314,0.002382627209521757,0.004106505352779889,0.005079906450452543,0.0031288074362244103,0.0029343742306859938,0.002745789767079377,0.0025803707306044257,0.0027131196587375965,0.00394299898113841,0.004463767634667493,0.0023021810808300514,0.002221209941333445,0.0025977951682484074,0.002211726765065626,0.0021546928183051378,0.004493201240834666,0.009480680935876779,0.005313159291319953,0.005724795370485499,0.00594861966909113,0.005777395958085119,0.005195089991040878,0.00838590360586218
dual_slot,0,33000,52.12560718646273,52.37017895898316,0.6911758780479431,0.6941717863082886,3,0.21089999999999998,0.7890999999999999,0.0119,0.007,0.0058,0.0066,0.0059,0.0044,0.0101,0.0044,0.002,0.0031,0.0025,0.0024,0.0022,0.0053,0.0056,0.0025,0.0025,0.0021,0.0032,0.0038,0.0064,0.0049,0.0024,0.0028,0.0023,0.003,0.0021,0.0061,0.0058,0.0022,0.0022,0.0033,0.0014,0.0026,0.0061,0.006,0.0017,0.0023,0.0022,0.0021,0.0026,0.0057,0.0113,0.004,0.0043,0.0062,0.0057,0.0045,0.0054,0.016908310757031406,0.019198613786301007,0.01926653296796528,0.019816782620092618,0.019638715847387758,0.01997058131379027,0.018042017524197915,0.01987844373508258,0.021331447640308948,0.02136037875551303,0.021361957406446606,0.021520417570795265,0.021402298423541653,0.020767212525133076,0.019878968311796776,0.021461520810205623,0.021169183676009437,0.021012501834356226,0.021548190608375296,0.021041593463759136,0.020488422634619058,0.02015009568760791,0.021478311516721766,0.021249404425657648,0.021331657377732766,0.021434351195561453,0.021369234649179586,0.02006436859998966,0.019549220533747795,0.02150499045127305,0.02093674988844596,0.021352015949804917,0.02113022052507582,0.021103479933533557,0.020041616241886787,0.019930651937444477,0.021492295612885716,0.021318105114709537,0.021313112667696782,0.02108004053358605,0.021365098861615087,0.01980774952934527,0.01730708851304766,0.020117007561351898,0.019556775009878076,0.01908339362968515,0.019721050095835947,0.020101363412471616,0.01804645833151903,0.009635800374466402,0.005868236222354318,0.005838108911717112,0.005039223988886506,0.005244908939487703,0.0047550309740924486,0.007711665645074713,0.0048237585354340565,0.0025079027454875595,0.0024227286759219216,0.0024202125588683667,0.0021676524055454878,0.0023559154309144405,0.003407203259182737,0.004979172444067427,0.002261524420293692,0.0028055880474435824,0.003016251338865696,0.002123386626456545,0.002930821435344357,0.003929674747036708,0.004351726278888187,0.002234762720092588,0.0026386665053044597,0.002468505957585394,0.0023048284397515833,0.002447676298082247,0.004566486542910449,0.0054266126529907656,0.002231303266209358,0.0030979253227147617,0.002436057650434423,0.0028676890771514954,0.0028321843024151677,0.004602750162063808,0.004701484512541653,0.0022124743078233834,0.0024901060969080256,0.0026152507588116563,0.0029086054563637652,0.002454268081863956,0.005092683790527004,0.008961149923291391,0.004443525959079407,0.005375509526517986,0.006051878720394131,0.005074618818354824,0.004429397729822156,0.007743650208594534
dual_slot,0,34000,54.07570718112402,54.330174000002444,0.6903765201568604,0.6961595416069031,1,0.1976,0.8024,0.0078,0.0048,0.0049,0.0048,0.0054,0.0044,0.007,0.0032,0.0031,0.003,0.0027,0.002,0.0026,0.0032,0.0051,0.0016,0.0019,0.0031,0.0032,0.003,0.003,0.0049,0.0025,0.0037,0.0023,0.0025,0.0027,0.0035,0.0047,0.0032,0.0034,0.0027,0.0015,0.0023,0.0038,0.0042,0.0014,0.0023,0.0038,0.0036,0.0029,0.0033,0.0116,0.0063,0.0068,0.0074,0.0054,0.0066,0.0085,0.01721766367543738,0.019994850174419945,0.01957876615200061,0.019472891674789588,0.019932731401676885,0.0194100835109335,0.017135306485472415,0.02014254943397814,0.021441811738717224,0.021434401246628,0.021137585508565895,0.0216927934212901,0.021584561852919838,0.02033263157300994,0.019935672295532378,0.021346333911092273,0.021291805624014393,0.021270956078413852,0.021128396825417457,0.021033095063247936,0.02031270130892813,0.0193883580174097,0.021519619554844188,0.021319557635263782,0.021215457238014185,0.021493335363351185,0.021414946921094268,0.020263308601547195,0.019796103723626703,0.021438770921747428,0.021419023988246445,0.02112172633799536,0.02158074823891086,0.02094416523918672,0.020339694797691446,0.02022603312016186,0.02135544664931789,0.02140444628438396,0.021482914042654983,0.02148412770355467,0.021564729183252702,0.020551917699608405,0.0168718175478987,0.019611492330328203,0.019274675428747078,0.01886254641321985,0.019443253240486597,0.019526463766033356,0.018257731054936367,0.00917875098813483,0.004743023999161934,0.005362679178536474,0.005686542896381064,0.0048804289771763034,0.005707851774424479,0.009387258637144257,0.004509195954201679,0.002452286762399047,0.002424956080707409,0.0028948558212484373,0.002015886074432524,0.0021872313886250397,0.00420827003836013,0.004875773141644542,0.0026034411678942113,0.0026507043732538114,0.002761837043709758,0.0029484652581984634,0.0030602784280970366,0.004239822360963045,0.005703183689749668,0.002290043891813466,0.002606769159539337,0.002849699267170005,0.00233165534693216,0.0024948174277644713,0.004357080244181108,0.0050967292006269555,0.0024180382898305766,0.0024493003751538643,0.002959025548327924,0.002193268859026847,0.00324012895209319,0.004197087991657034,0.004337967408245821,0.0025499519621009327,0.00251144136589492,0.002348153717009204,0.002463419826500767,0.002257691705976865,0.003822047732530343,0.009843460013302538,0.005310869180840808,0.005961283711510207,0.0064965525762908,0.005616277074725839,0.005484543479263586,0.007532182666109082
dual_slot,0,35000,55.753689714940265,56.017958375043236,0.6866020560264587,0.6983493566513062,1,0.19920000000000004,0.8008,0.0099,0.0067,0.0065,0.0057,0.006,0.004,0.0083,0.0043,0.002,0.0019,0.0022,0.002,0.0024,0.0052,0.0044,0.0026,0.0021,0.0037,0.0029,0.0036,0.0053,0.0039,0.0014,0.0025,0.0026,0.003,0.0022,0.0067,0.0035,0.0027,0.0019,0.0029,0.0019,0.0033,0.0067,0.0038,0.0013,0.003,0.0021,0.0022,0.0027,0.0056,0.0081,0.0045,0.0048,0.0058,0.0049,0.0034,0.0101,0.01742050174445243,0.019441234486813473,0.019305834729289012,0.019148124410687146,0.020018219602457844,0.019597405919494916,0.016532630555523894,0.020451078301418915,0.021548468873591117,0.021543678695533763,0.0215380295920492,0.021702411832862485,0.02162593858152952,0.020425857597074798,0.01989512968934762,0.021295465839598023,0.021272339442061645,0.02106921542951487,0.021255882051263483,0.020973896613565787,0.019726584490553593,0.02002143044992806,0.02159041755771124,0.021329601746824023,0.02142426769459593,0.02172123302247529,0.021608247098392402,0.020056947893595786,0.01978669287968502,0.021342651139350438,0.021276386216122704,0.021160447768399836,0.021511672873579593,0.02133190912118928,0.019940286143265106,0.020371425643053265,0.02130274135907767,0.02143203828427393,0.021217327304585705,0.021592442413178287,0.021348624453322668,0.019936300797048535,0.017474189761724237,0.019930845435457346,0.019342357054291374,0.019633905446818957,0.0193354663231134,0.019750074001801936,0.017442141638454388,0.008912414920311092,0.00570053609871572,0.005952194035810348,0.006199819989730082,0.0048336560394364085,0.005494388898199034,0.010384614525355242,0.004114948420506165,0.0023919008122981343,0.002399422022206355,0.0024082918580646396,0.0021501901082887475,0.00227026317629437,0.004193610745217099,0.005026923400900334,0.0027891488693215028,0.002825460356746306,0.003183454286324337,0.002890363125991548,0.00329405487073848,0.005369686542525836,0.004789552086380257,0.0023260358580388853,0.002735551002899753,0.002625975507437248,0.002198763363843036,0.002337103632910788,0.004772847525943241,0.00523624596169256,0.0027541242394129176,0.0028191063889396913,0.0030402075086562873,0.002488737874445113,0.002770990621509929,0.0049950843259363095,0.004279076075943642,0.0027777253463245233,0.002652837159080639,0.002950899151844868,0.0024009815684970046,0.002705682850424874,0.004923216843943546,0.00878905516817915,0.004931782479533987,0.005894849179441705,0.005398017337185389,0.005983793534169264,0.005332804918789701,0.008878437439050122
dual_slot,0,36000,57.51000266405754,57.78392366704065,0.6893233060836792,0.6992092132568359,2,0.21019999999999994,0.7898,0.0074,0.0049,0.0052,0.0044,0.0051,0.0046,0.0095,0.0044,0.0019,0.002,0.0019,0.0023,0.0025,0.0059,0.006,0.0026,0.0023,0.0027,0.0028,0.0025,0.0056,0.0049,0.0022,0.003,0.0025,0.0026,0.002,0.0062,0.0056,0.003,0.0024,0.0026,0.0015,0.0026,0.0068,0.0057,0.0014,0.0027,0.0026,0.0028,0.0029,0.007,0.0115,0.0048,0.0056,0.006,0.0044,0.0054,0.013,0.017861875919616185,0.019741306415113423,0.019404413300121916,0.01989346281511306,0.020004629893924528,0.020342977742238,0.016948141193256203,0.019967590579519218,0.021576095963286065,0.021616480805767658,0.021879825638814594,0.02190865661064447,0.021358539973176757,0.020255150331206506,0.019573574804005275,0.02109658282906319,0.02131685103691247,0.021006095055165208,0.021052284402226062,0.021254513963772616,0.019786149056705716,0.019688873667082066,0.0215225900585859,0.021517907419359522,0.021447825647840243,0.021607378970208035,0.021471570419373122,0.020285570770288038,0.019294121360037317,0.021029365860694878,0.021147995124665038,0.021398801133625786,0.021354628788003135,0.021520670935684445,0.020154278975327355,0.020106482983027803,0.021309719623111747,0.02148504163623522,0.021602383883132244,0.02132444419016335,0.0211574884455688,0.019740321140709602,0.01696403677327342,0.019723118518307877,0.01956776817706632,0.0189579205537298,0.019799594258095462,0.019945047629348844,0.017029854727805507,0.00824979453260476,0.005306301127478378,0.005794867962314537,0.0050289369924779274,0.004893893791770891,0.004363986108280894,0.009680851519026586,0.004951903373898904,0.002393660196256785,0.0024085359737947547,0.0019179701938856918,0.0018728162093952006,0.0028515757112947,0.004501538098514045,0.0055299335727348855,0.003144655644951523,0.0027996798564258476,0.003325436695518518,0.0032530966761422,0.002936372337487476,0.005197007767592055,0.005388419326801379,0.0025165216332207136,0.002484792906783745,0.0026336148433688134,0.002344665926562885,0.002596426674622645,0.004571082250152901,0.00604572805363895,0.003249928334512925,0.003103198139870722,0.0027494576949835727,0.0027405137625147965,0.0024804647913802503,0.004659519024921161,0.004734375311685828,0.0028108488086919406,0.0025362660610783443,0.0023524890442045564,0.0027877877451870357,0.0030492675574702735,0.005268781727218882,0.009773143959026528,0.00537384882787739,0.005539027693609158,0.00653321062063411,0.005254075398502784,0.005026271795196637,0.009591937352354587
dual_slot,0,37000,59.240706163225695,59.52509925002232,0.6879441738128662,0.7037197351455688,3,0.2027,0.7972999999999999,0.0083,0.0042,0.0054,0.0054,0.0065,0.0051,0.0117,0.0033,0.003,0.0024,0.0023,0.0023,0.0021,0.0043,0.0047,0.0019,0.0024,0.0031,0.0024,0.0031,0.0036,0.0044,0.0017,0.0029,0.0018,0.0035,0.0021,0.0031,0.0048,0.0035,0.0028,0.0032,0.0015,0.0025,0.004,0.0038,0.0025,0.0017,0.0026,0.0033,0.0033,0.0038,0.0113,0.0056,0.0062,0.0075,0.0048,0.0059,0.0111,0.016556169093713533,0.01940820066183085,0.01972225933280761,0.019687014581323062,0.020046855655538747,0.019832536960781855,0.016614554326663013,0.0199999848071475,0.021388578450739916,0.02170656791494012,0.021346787356771032,0.021877911272953344,0.02141796490975908,0.020316575293469107,0.0198253505562746,0.021364435223830254,0.02121575913776013,0.021192768746067542,0.020965963127977355,0.02111895509599268,0.020180190856652083,0.019909240459977565,0.021471571341065178,0.021482204024547383,0.021325866391509254,0.021590099394256913,0.021406504252008837,0.020146538217163133,0.019535703473287917,0.02113768640852564,0.02115854372893979,0.021428547492595807,0.021415943205168354,0.021531253241969178,0.019928723168999567,0.0197228458184956,0.021282822280030644,0.021529282505345797,0.02153949030106879,0.02180582814661585,0.021534806185603987,0.020271877461437944,0.017125929120141666,0.019676077052345545,0.01963943441850397,0.019542326579908745,0.01968150866959398,0.019845460200754575,0.017548503097144997,0.010352579923460795,0.005798600884665761,0.005305730894507184,0.005321979971364163,0.004757261072962976,0.005093603491553435,0.010221890183557757,0.00483081813958836,0.0026906822964154046,0.0022307059906933905,0.0027172049178486057,0.0018836821925323189,0.002683626968423186,0.004333974828775348,0.005143944021571675,0.002728571624458328,0.002922834893972331,0.0029979775126712537,0.0033929788645053836,0.0030747549379718936,0.004587073119676221,0.004973228362995004,0.0025213743715378698,0.00258281290150048,0.002828162368901814,0.002374424110837974,0.0026234878251900334,0.004600823605358622,0.005598503529504099,0.0031234838324764903,0.0030126262628732284,0.002667019124155211,0.0026086747434930016,0.002427712197461558,0.004981715548598897,0.00526574798943011,0.0028566514214027044,0.002430804985624835,0.0024538478159182673,0.0019968063093034442,0.0024611988625741583,0.0044431841582349245,0.009341235870658073,0.005378207352635363,0.005474775205137537,0.00558810951463779,0.0054087457092596835,0.005151447321992467,0.008795254188800603
dual_slot,0,38000,60.93738792173099,61.23187825002242,0.6874589323997498,0.7024785280227661,3,0.22299999999999998,0.7769999999999999,0.0097,0.0056,0.0059,0.005,0.0051,0.0044,0.0116,0.0054,0.0022,0.0026,0.0024,0.0023,0.0024,0.0059,0.0064,0.0019,0.0026,0.0037,0.0031,0.0028,0.0049,0.0054,0.0023,0.0027,0.0034,0.0036,0.0026,0.0051,0.0073,0.0033,0.0028,0.0026,0.0024,0.0029,0.0055,0.0051,0.0011,0.0032,0.0031,0.0024,0.0025,0.0054,0.0139,0.0062,0.0057,0.0069,0.0047,0.0049,0.0101,0.016338043239349096,0.019302638930715543,0.019305265761049392,0.01921046531556126,0.019950708541322526,0.01969924276756351,0.016198786316347063,0.02032646900850982,0.021642735112701615,0.0215947331199412,0.021567726323260587,0.021700316690130457,0.021323775837785365,0.0205447118986629,0.019669756515711744,0.021366340381577198,0.02125748281144757,0.021091680695124355,0.021021425023527517,0.020929924391126363,0.019909798563726114,0.019927025432946256,0.021642881580734692,0.02109785899364472,0.021473919900624278,0.021513070686528725,0.021284886454492093,0.020441733258733916,0.020007853418779954,0.02158945801248919,0.021117359718483962,0.021429851118677692,0.021691565352209542,0.021335040801867506,0.020024096680792046,0.02027238926826332,0.02142653997783916,0.021519285601448206,0.021583707792968778,0.021596486006585917,0.021594137738792957,0.019996309042998185,0.01736360981413903,0.01995980446888984,0.019607363635333136,0.01967724618903937,0.01940714955425915,0.019960484548526322,0.017506857704770853,0.010644014920473066,0.0059857950856275054,0.006020730090873486,0.006091563451978528,0.005006556600005203,0.005362618082179351,0.010784702004278206,0.004377067936160951,0.002230715928904193,0.0023452031606609964,0.002387638490490167,0.0021402389553047733,0.002731891325350243,0.004073209017673526,0.005408949338623916,0.0027040728665976956,0.0029532439535321286,0.0030965785574957167,0.003246032624175741,0.0033898060439352187,0.005031775266451501,0.005004706973757408,0.002230485786123232,0.003164995699929516,0.0024959724600434733,0.0024735179822036302,0.0027929975656207848,0.004117830139496597,0.004838640805797673,0.00235349184914403,0.0031343545357719344,0.0026042795031556735,0.0021539897868273843,0.0027141908749046518,0.004774055538727727,0.004422980031318457,0.002570419743608588,0.002424690089899337,0.002323464573307213,0.0023815113790702724,0.0023070761731432236,0.004856780291193328,0.008993496742198397,0.004953201820510308,0.0054679237324166165,0.005358118439663862,0.005860641783465787,0.005030258222704147,0.00876841371742567
dual_slot,0,39000,62.620819294126704,62.92502137494739,0.687792956829071,0.7067079544067383,3,0.22750000000000004,0.7725,0.0097,0.0057,0.0071,0.0067,0.0066,0.0058,0.0106,0.0042,0.0026,0.0024,0.0028,0.0023,0.002,0.0063,0.0061,0.0025,0.0028,0.0035,0.0029,0.0035,0.0053,0.0041,0.0023,0.0027,0.0026,0.0029,0.003,0.0068,0.0056,0.0025,0.0031,0.0023,0.0018,0.0023,0.0047,0.0041,0.0023,0.0023,0.0027,0.0028,0.0028,0.0069,0.0112,0.0057,0.0069,0.0074,0.0057,0.0063,0.0123,0.016314432426965616,0.019753337898974457,0.019668268043580926,0.019452483637902702,0.01964896834302338,0.019754034101951583,0.016882102116668102,0.02044386729512742,0.02141058678894641,0.0216083928759574,0.021600681492426433,0.021664335345529827,0.021755258635447368,0.020670826411929542,0.019902953166943488,0.021355618139325898,0.02124607942909922,0.021029152115612123,0.021092934372939826,0.02082388261655623,0.02033727687958628,0.019745373393420012,0.021234369053669197,0.021307650825804474,0.0214757645153593,0.021379439745659954,0.020939205332278582,0.020680004253555387,0.019503632860698845,0.021105840073613068,0.021356909927174424,0.021165010258767422,0.021399055346360343,0.021492043004613264,0.020280650558313178,0.020288387266933924,0.021475243104517025,0.02139433647576918,0.021124530605339635,0.021495838991081602,0.02132892777471656,0.020263813748158027,0.01704201300466506,0.020073354128860188,0.019530979683813933,0.019456250813300324,0.019775599763607286,0.019690647035694495,0.017579656319761047,0.010631625481367613,0.00516121583839975,0.005295573679813301,0.005636379795252354,0.005365117789248793,0.005199178767596916,0.009695995404151253,0.004031543290098584,0.0025047234331578897,0.002270436959712759,0.00224355368396017,0.0021430199019164126,0.0019603547484144607,0.0036730880313985952,0.005003041101508967,0.0025915399567579852,0.0028426684794417654,0.003185279683480354,0.0030064181020510073,0.0034704162393457637,0.0041998903277328985,0.005212857339142979,0.002783038641536982,0.002667298692603156,0.0024408453722674418,0.002553916528444383,0.0032882775595663547,0.003697655208890059,0.005516533107562372,0.002986035064177427,0.0025894997296283004,0.0029316452088559964,0.0025229359918495778,0.002376072911112362,0.004289324948942126,0.004316168226690946,0.0024416688794302805,0.0025303888935102785,0.002995578065336903,0.0023700775964904954,0.0026336942517060855,0.00435497921236139,0.00952155994509787,0.004733912803218001,0.0055905295135342415,0.005669492484331559,0.005126055838843252,0.005299291191162728,0.00878960299865964
dual_slot,0,40000,64.34529125678819,64.65933799999766,0.6857782602310181,0.7029202580451965,2,0.23160000000000003,0.7684,0.0096,0.0055,0.0077,0.0067,0.0069,0.0052,0.016,0.0047,0.0026,0.0032,0.0031,0.0026,0.0019,0.0061,0.0063,0.0021,0.0024,0.0034,0.003,0.0033,0.0061,0.0053,0.002,0.0022,0.0021,0.0028,0.004,0.0064,0.0064,0.0032,0.0029,0.0026,0.0022,0.0027,0.0054,0.0051,0.0014,0.0024,0.0032,0.002,0.003,0.0061,0.013,0.0068,0.0058,0.0064,0.0054,0.0056,0.0068,0.016485881609221625,0.020155545961949954,0.019439306851194348,0.019640643944819822,0.01981730208698211,0.01949643900063109,0.01629190025833059,0.020437884768423637,0.021873152777949937,0.021697736155886528,0.02154201086149629,0.021818340036289893,0.021587597538017412,0.020319856614809263,0.019514829573329815,0.02157475222118275,0.021122644216098996,0.021357752174257782,0.021406547316383834,0.021262169879187328,0.019680243165080137,0.019678819703206785,0.02155829050087537,0.021523072166919514,0.02133575036127983,0.021371322199450656,0.02115313004277733,0.02020579181393538,0.019478007704937305,0.021487698461007766,0.021098069959180857,0.02147642211719901,0.02141170152521467,0.021539023126821245,0.020112963324392507,0.019724877756659258,0.021880579470762815,0.02156382156323335,0.021464858210977333,0.021614415316912473,0.02151695426726609,0.019663446381251518,0.017294739622692984,0.019676369460018977,0.019492900770960605,0.019571378410129514,0.019643572344757783,0.019534500930492093,0.017404985475163805,0.010464031596360557,0.004650383804498155,0.0058479588002744165,0.005572340343560301,0.005296231494535304,0.005719601282053233,0.010767215853090905,0.004248163259537085,0.0019658404529238308,0.002279071361042186,0.002561525596469056,0.002090572839555806,0.0024121506408708695,0.004471698534174735,0.00569085763175439,0.0024322273019472757,0.00313885208238896,0.0028495137606916,0.0026951241155100635,0.002920779652931513,0.005549511016812125,0.00539548582465099,0.0024579562414199113,0.002513000936977713,0.0028057766195440062,0.0027501794125608875,0.0030912040860232,0.004610914264082876,0.005748408580589036,0.0026073509720185143,0.003216323057142861,0.0026249753977717638,0.00276519331547449,0.0024880702933888933,0.004834126080295774,0.005362561627794352,0.0019542328611110386,0.002488373936018622,0.0026430492708354116,0.002370235640670542,0.0025225629430708487,0.0056148261457228356,0.009238884859296047,0.005438377946190858,0.005725131378260211,0.005602474305340125,0.005528700884205594,0.005621049672086608,0.008949387976536126
dual_slot,0,41000,66.09151151229162,66.41765029204544,0.6876784563064575,0.7005940079689026,2,0.19779999999999998,0.8022,0.01,0.0057,0.0062,0.0071,0.0054,0.0044,0.0133,0.0036,0.0021,0.0031,0.0024,0.0024,0.0024,0.0037,0.005,0.002,0.0016,0.0032,0.0029,0.0034,0.0033,0.0048,0.0026,0.0021,0.0026,0.0033,0.003,0.0047,0.0064,0.0026,0.0021,0.0029,0.0023,0.0035,0.0031,0.004,0.0023,0.002,0.0022,0.0029,0.0022,0.0033,0.0068,0.004,0.0046,0.0056,0.0042,0.0061,0.0084,0.016694544854998737,0.019806872948722264,0.018910607951742965,0.0194457889533546,0.01943794310058234,0.019814220333143964,0.015798593240423257,0.01995875096377086,0.021423058061738984,0.021795793284640593,0.021571755068831716,0.021748079813323766,0.021874330820805386,0.02027292236987927,0.019300821734648352,0.021467203939237907,0.0212674796458511,0.021405810135606905,0.021280916669982643,0.021141855836977162,0.019772220498596543,0.019740424517459495,0.021480370344365125,0.021529043397558168,0.021545841797383083,0.02153150995642932,0.021296232813474904,0.020408198225939617,0.01930295507955755,0.021554501941615324,0.02135170692413315,0.02156045877213924,0.02151366447939814,0.021455924737025654,0.020186023332728467,0.02022266555166059,0.021748916613471284,0.021640085442917546,0.021730782607297494,0.021477937055504423,0.021585313824967017,0.020084445791809798,0.017291770733675927,0.01979299050505323,0.01942612188112367,0.01956651280870584,0.019791005780976707,0.019655293827335954,0.017339731029433918,0.010180574486901068,0.0052584818928096575,0.006731536498670101,0.005976716079449005,0.005871739713825703,0.0052470465649880746,0.01157501635041465,0.005061164370846683,0.0027430824626230384,0.002202027029506365,0.002550715800270857,0.002237224858719863,0.002079792718519283,0.004572194035987623,0.006085152770881375,0.0027134371678218527,0.0030242842172924817,0.002808989303172334,0.002964308591332053,0.003180740197641278,0.005312414299808569,0.005400963453404253,0.0026929452280756746,0.0025781289240830747,0.0026691717176337212,0.0026133525192886652,0.0029404708401346174,0.004361653295009586,0.006238082473889544,0.002538505735687769,0.002854132001089501,0.0026073596392119434,0.002602064376566247,0.0027700544012426455,0.004668379526315217,0.0046504127814098566,0.0022749849790621745,0.0024053052200567623,0.00230320839754882,0.0026576698520656126,0.0024905507129607263,0.004904597857635199,0.009172938614156278,0.0053191507611726856,0.005890138032465669,0.005671636292535399,0.00532223974755856,0.0056115842224244514,0.009215481632129065
dual_slot,0,42000,67.78896738390904,68.12659287499264,0.6826934814453125,0.7007576823234558,4,0.21199999999999997,0.788,0.0103,0.005,0.0057,0.004,0.0036,0.003,0.0107,0.0047,0.0028,0.0028,0.0026,0.0019,0.0023,0.0049,0.0064,0.0021,0.002,0.0023,0.0037,0.0034,0.0047,0.0046,0.0025,0.0022,0.0019,0.0024,0.0031,0.0061,0.0073,0.003,0.0031,0.0026,0.0019,0.0028,0.0044,0.005,0.0024,0.0023,0.0026,0.0026,0.0026,0.0049,0.0123,0.0057,0.0055,0.0067,0.0058,0.0062,0.0106,0.016774057827485325,0.019652835383368532,0.019351678268468283,0.018916485994479617,0.019559794330300695,0.019625439813449205,0.015502211573889316,0.020293887502452035,0.02202701634976359,0.021926803190931002,0.021733139318702382,0.02185034870684395,0.021729379955313776,0.020299179694214332,0.01918426069218018,0.021474708947930243,0.021309419505849574,0.021385545417801903,0.02139174568622593,0.021432783398434727,0.020025905685879065,0.01946280795250664,0.021677908255204624,0.021705759078929122,0.021314432248026524,0.021248689501584997,0.021443361389334947,0.0204179759669887,0.019479253780862224,0.021765208410738035,0.021726298601028482,0.021573631100485068,0.021659944162436495,0.02134262335298502,0.019940071701683368,0.019735917146566098,0.021643130662522714,0.021570762517417373,0.021456920995451587,0.02149495221008646,0.02123478092086359,0.020189456591136884,0.016935394250403357,0.01947492107325888,0.019803258441116214,0.019603244204380605,0.019826545578448637,0.01971992166801076,0.017106200993578912,0.010113036516013044,0.005561953004362237,0.006029881927069146,0.0067451331732833585,0.005706517411362779,0.005565456921972986,0.012128255705823036,0.004565905384563894,0.0018339590896604033,0.001989667300203995,0.0023296389357202003,0.002147522492140955,0.0022964176221755713,0.004674870035201991,0.006407197852527875,0.002770242820622262,0.0029880021147653366,0.002830657448389374,0.0028210236566554186,0.0027572604861569295,0.004943225020431968,0.005974399445986178,0.0024545178111726735,0.0023331190338082533,0.0029802134658156202,0.0030823625800026288,0.0028189497201017806,0.004373100437716705,0.005792596409498896,0.002279810939149697,0.0023012053383537965,0.0025774780370412787,0.002482429881519017,0.0029364109696417636,0.0051156537992583465,0.005393800544251194,0.0024694916950826987,0.002542872655661924,0.002719756209452143,0.00266066444501143,0.0030649108169613385,0.00468910451283453,0.009784231804878116,0.005877453441056269,0.005328230153798115,0.005678068795855188,0.005292047295928401,0.0054577163406810715,0.009518837393221312
dual_slot,0,43000,69.47913447197061,69.82631912501529,0.6860643029212952,0.7045396566390991,3,0.22709999999999997,0.7728999999999999,0.0096,0.0062,0.0067,0.0072,0.0064,0.0053,0.0103,0.0046,0.0029,0.0028,0.0022,0.0018,0.0018,0.0049,0.005,0.002,0.0026,0.0033,0.0027,0.0031,0.0054,0.0056,0.0021,0.0027,0.0025,0.0036,0.0034,0.0068,0.006,0.0025,0.0025,0.0026,0.0019,0.003,0.0052,0.0045,0.0019,0.0022,0.0036,0.0024,0.0031,0.007,0.0117,0.0062,0.0059,0.0076,0.006,0.0064,0.0114,0.0162012065599159,0.019343494845363785,0.019305942095924525,0.019212749287667467,0.01956506463496947,0.019631755824190668,0.016294020282972596,0.02026988489259377,0.021605628255416107,0.021922147781697016,0.021684833750920306,0.02192517135864158,0.021957256028367733,0.02045464715990225,0.019484888031841886,0.021283875362699368,0.02102778228151366,0.021053743932486227,0.02144065653959111,0.0211197026260138,0.01965959226762551,0.019436014165038727,0.02154367306886731,0.02165996526106825,0.021441166532022132,0.021330481428145774,0.021309656101046452,0.020153864351225674,0.019875131107470898,0.021990585648118604,0.021154823515735676,0.021651189611721564,0.021584022977935435,0.02135192963344698,0.020149568295102,0.020219790967571948,0.021866724027614824,0.021834104226569326,0.02153894817832392,0.02140749209814779,0.021471910730076486,0.01996439692597328,0.01789784974921458,0.020100303513900988,0.019730377036653375,0.01907366027228751,0.019373370486075035,0.019522107226775283,0.016922849063555467,0.011055038823280221,0.006101258748190741,0.0061204640571104465,0.006265064407958133,0.005757465381369377,0.005693048122145519,0.01087196417074953,0.004663848197348975,0.002513149545809071,0.002022029732956994,0.0023902522680772846,0.002017338273442295,0.0019675548772124345,0.0042990413259053435,0.005803744454589769,0.0030123895842116806,0.0034488126754600506,0.0033694674121285337,0.002847248890121567,0.0032671242120048227,0.0056107938827580014,0.005996765899495975,0.002609280801850617,0.0025069638545844783,0.0028073950727888794,0.0029791369180392864,0.0029723875295486466,0.004882931144217478,0.005198233292224247,0.001954902284602476,0.0032516922389779113,0.0024424553771271477,0.0025857353483288263,0.0029067948327406784,0.004811472015054113,0.004663450215870769,0.0021470891509109487,0.0021586403706172017,0.002616612063168618,0.002820582687834198,0.002720629086776008,0.005098788659371816,0.00834435874715008,0.004887912512763462,0.005461899920142671,0.006519940990601996,0.006054902938022105,0.005785056697394035,0.009935319811003467
dual_slot,0,44000,71.16985421651043,71.52725000004284,0.6838617324829102,0.70565265417099,3,0.22120000000000006,0.7787999999999999,0.0079,0.0055,0.0053,0.0061,0.0053,0.0053,0.0118,0.0047,0.0026,0.0027,0.0017,0.0014,0.0017,0.0062,0.0063,0.002,0.0029,0.0029,0.0024,0.002,0.0057,0.0054,0.0023,0.0016,0.0034,0.0037,0.0032,0.0064,0.006,0.002,0.0023,0.0021,0.0021,0.0034,0.0056,0.0048,0.0021,0.0021,0.0037,0.0031,0.0029,0.0065,0.0115,0.0056,0.0057,0.0074,0.0045,0.0062,0.0132,0.015935768865735236,0.019462296119857708,0.01978445330413742,0.019399851580613355,0.019892430565051238,0.01946791722852218,0.015826992210351654,0.020086546999328575,0.021732762868648933,0.021683408690001425,0.021514374317194187,0.021878203647070056,0.021605192669052635,0.020033501968092657,0.019760019975720244,0.02139740173076117,0.021566559828623974,0.02121801367890966,0.021522828593054075,0.021240338404697863,0.01975091266411247,0.019296992759397454,0.021600379751720373,0.021406929807528882,0.021261322911011748,0.02151787395617321,0.021557097845458943,0.02009790438017709,0.01920141199075455,0.021860053010831278,0.021680444617626454,0.021491381509205314,0.02175187545927368,0.02155405617151756,0.01942130086210199,0.02002414312376504,0.021565450774124896,0.021406933634310697,0.021406875671109347,0.021610861276948654,0.02140618184567282,0.019929895432515013,0.018110200132068204,0.0198950612091311,0.019897822902379538,0.019628798908326868,0.019857107110752677,0.019666336565304206,0.01713553047127564,0.011290450292432842,0.005860263770631025,0.005396128080988577,0.005879674944381328,0.005110283897649778,0.0057733587966252616,0.011577543101813914,0.0048070808555490795,0.0021966870749670028,0.0023128390659316227,0.002576864810302717,0.001969513695098648,0.0023959472393265463,0.0048508728284273476,0.005317104580509346,0.002759571875682899,0.002495352877127157,0.003039769702520096,0.002563659528797214,0.0030439617661335663,0.005331329880881857,0.006118461804958241,0.002403464846900342,0.0027446893549314005,0.002972122205422363,0.0025323359973207955,0.0024710696619961777,0.004828403526170975,0.006228693103428937,0.0019978643504367567,0.0022784063427171027,0.0025737162675862307,0.00216683388071572,0.002593008149698688,0.005807109421196096,0.004904553514060335,0.002497085181242611,0.002705620877632815,0.0027838364141144125,0.0023870930731919424,0.0027849201450402604,0.005051765092535698,0.007855002642224095,0.005106174924132582,0.0051799862564238545,0.00552206727194498,0.005165457890726154,0.005463434772171156,0.009455527367398001
dual_slot,0,45000,72.82067341229413,73.18786145898048,0.6754897832870483,0.7165461182594299,3,0.21209999999999996,0.7879,0.0092,0.0059,0.0072,0.0069,0.0054,0.0055,0.013,0.0032,0.0024,0.0035,0.0016,0.0021,0.0026,0.0045,0.0038,0.0021,0.002,0.0024,0.0033,0.0034,0.0038,0.0054,0.0019,0.0018,0.0031,0.0042,0.0027,0.0051,0.0059,0.0026,0.002,0.0021,0.0018,0.0026,0.0045,0.0049,0.0016,0.0023,0.0035,0.0028,0.0022,0.0047,0.0105,0.0052,0.0062,0.0072,0.0044,0.0062,0.0109,0.016614939388856026,0.019856991834887195,0.019806726555169622,0.0194387068520284,0.01973553889374028,0.01993864400596759,0.01634956921667055,0.020123505569964093,0.021575486900902087,0.02166621413709243,0.02135082920765774,0.021886782657745754,0.02167777474758065,0.020220492667059477,0.0194757954146552,0.02136382601763791,0.021781606143336164,0.021242922431131246,0.021662631011374424,0.021230653802612146,0.019638628556285495,0.01960203909766008,0.021653245336141914,0.021476958184134726,0.021159745330479887,0.021312504315132937,0.021419126456189846,0.019851051802423844,0.01951165750047395,0.021631608498348456,0.021753100610491242,0.02144829931167723,0.021950232715050574,0.021524959147646534,0.01953839357940186,0.019992570003827405,0.02167257128334135,0.02149503727553404,0.021734323538988465,0.021480497305202205,0.021386899226810252,0.020096012266268143,0.017886530306206933,0.01946971630768412,0.019697198633070127,0.01884149941153526,0.019679402138714677,0.019648610440675812,0.016447943964533675,0.010317702986229551,0.005219709633697909,0.005376269075647071,0.005833343177380198,0.005370163509921554,0.005092298774579801,0.010770851739847737,0.004803838953180548,0.002538152856284031,0.002318456175390916,0.002810585953209246,0.001974278864010177,0.002300416883909205,0.004613436823127996,0.005814532315714361,0.002829368101769009,0.0021383973422167157,0.00301802725955316,0.0023631098203662332,0.003076233849405719,0.005521383363468171,0.005617540418290729,0.0024558803212629565,0.0026137730449915545,0.0031087551339267798,0.002870388496333127,0.0027821392479411566,0.005189916019378855,0.005758572760647106,0.0023724551579575857,0.0022219401589227456,0.002658492634352755,0.0018752707640988997,0.00257793436455001,0.005716853517415951,0.005008152111665525,0.0023475989212141854,0.002663687251123086,0.0022121775878803686,0.002608250565310191,0.0027933644369017856,0.004885802277464172,0.008372562383204342,0.005824018214639123,0.005508115033652162,0.006804294101878301,0.005496822360285256,0.005466745031877167,0.010500159305748345
dual_slot,0,46000,74.48138976795599,74.85883266699966,0.6761135458946228,0.7156785726547241,3,0.2228,0.7771999999999999,0.0083,0.0064,0.0055,0.0062,0.0051,0.0059,0.012,0.0051,0.0026,0.0027,0.0025,0.0017,0.003,0.0066,0.0059,0.002,0.0024,0.0026,0.003,0.0016,0.0054,0.0054,0.0024,0.0029,0.003,0.0045,0.0023,0.0065,0.006,0.0026,0.0022,0.0017,0.002,0.003,0.0055,0.0051,0.0021,0.0023,0.0032,0.0025,0.0032,0.0072,0.0109,0.0062,0.0055,0.0057,0.0048,0.0067,0.0109,0.017206719676125495,0.019161904501111764,0.019859230735868857,0.01979648111929821,0.019554574765394905,0.019820432746572345,0.015427195660244565,0.019997386972601727,0.021505713926639157,0.021871198083620202,0.021549762965951447,0.02176796509538655,0.021422091187003656,0.020248222460871174,0.019162762173070804,0.02118802403522556,0.021373646913155478,0.021436952342906972,0.021672995474793844,0.021136551971347846,0.019647157096871336,0.01978643054221886,0.021588819600451684,0.021789359964521936,0.021379441752876777,0.021544629853082795,0.021519667638863507,0.019870969077644303,0.019294356573120394,0.021990890735070143,0.02193848389104324,0.021424309214160518,0.021734373521773223,0.021389530601222926,0.019868494021262853,0.020487014694026064,0.02178483055220442,0.02135243455312588,0.021166014499107114,0.021624229614214355,0.021793635467075093,0.019776225518347464,0.01769404121641456,0.020017043809648354,0.019030174952683193,0.019257252421231788,0.019478637290750642,0.019525095176677977,0.017086643343118015,0.009448128775192622,0.006373210516994593,0.005251395206070563,0.005387890328478553,0.005685378307904784,0.005272575143361959,0.012211232376153597,0.00503687717102014,0.0026558043351471725,0.0021273720549496705,0.0026264709843148858,0.002248601542571524,0.0028247095857630937,0.004686462240706845,0.006293753792074149,0.0031490879745473717,0.002860867507809253,0.0028406968628245776,0.002435125329016542,0.0032290097085504984,0.005541623814453199,0.005481621066570229,0.0025658269432870975,0.002254443788490931,0.0028518697407895212,0.002634441274417712,0.002790388118704012,0.005233168840964169,0.006167549456027895,0.0019415228091522404,0.001983833495551211,0.0028212656093011515,0.0023007598709697957,0.0028362045781134258,0.005315136911998412,0.0043938096207233575,0.002261476700310655,0.0028938043762412593,0.003183262634715845,0.002549907585405685,0.0022087426275933476,0.005380279117377812,0.00861332957985619,0.005045418095170463,0.006538687200713195,0.006225161837079831,0.005959537989238066,0.005770214372639887,0.009712698771249004
dual_slot,0,47000,76.17173943575472,76.56076679204125,0.6815366744995117,0.7155117988586426,3,0.23320000000000007,0.7667999999999999,0.0114,0.0065,0.0063,0.0064,0.0066,0.006,0.0128,0.0055,0.0026,0.0024,0.002,0.0023,0.0032,0.0067,0.0052,0.0013,0.0023,0.0031,0.0029,0.0035,0.0059,0.0059,0.0026,0.0025,0.0023,0.0041,0.0028,0.0062,0.0069,0.003,0.0021,0.0012,0.0018,0.0027,0.0059,0.0051,0.002,0.0028,0.0032,0.0032,0.0033,0.0068,0.0089,0.0054,0.0062,0.0065,0.0052,0.0074,0.0123,0.016559629205312194,0.019291111577205144,0.019252067550922264,0.019542838166088858,0.01986256096609445,0.02004030703441388,0.015917467037522882,0.020077884034150104,0.02158988335658613,0.021829504858685518,0.0218949150526502,0.022094857308387998,0.021821283185006903,0.019737681044140892,0.019215912296937768,0.02170420125573526,0.02161585386067718,0.021319919793269013,0.02167683733209889,0.02126336865259761,0.01956982233110642,0.0189952301801804,0.021512200961301083,0.02174660632133018,0.021446314197423072,0.021356024325189522,0.021244378248508722,0.01982096980765461,0.019012636526008854,0.021700894422207163,0.021867670959614772,0.021802570112795447,0.021763038754713283,0.02164231382804554,0.019631378736283435,0.019637696900241808,0.021750405491332246,0.021661078950264596,0.021373925816899963,0.02145911108381449,0.021789861792849613,0.01963404894037843,0.01843100116051806,0.019460662682540344,0.019706181987726237,0.01975207463942919,0.019681560097134412,0.01950028153685846,0.016741975639166524,0.010430417695746583,0.006252174137347651,0.0063124566455862036,0.005824455250880233,0.005330815271597697,0.005095444526670457,0.01150001693279818,0.004998364552248975,0.0026638944606900508,0.0022548653729774306,0.0021538744933997816,0.0018842336698382991,0.0023066218279418843,0.005484562674691499,0.006446403998035097,0.0024873919235966304,0.0026628594790552122,0.0030807080498384274,0.0025296407926066254,0.0031289583842967414,0.005821855214895959,0.006669941387039662,0.002783833157581411,0.0023828575970600585,0.002846497343182702,0.002985901510348805,0.003158278854031278,0.0054731554560957015,0.006604004143687007,0.002453435050202775,0.002195938348468444,0.002296451607687384,0.0024356115378967634,0.0025438812845276207,0.005726814440275695,0.005717059432733348,0.002376991821453572,0.0025149086415278475,0.0030754497803754813,0.0028658019318512948,0.002316072775757558,0.005683629245572318,0.007541089774242115,0.005990393607077261,0.005572258533199802,0.00546233950487129,0.005688398806309613,0.005890161085970064,0.010266069159441001
dual_slot,0,48000,77.83963217923883,78.23997362493537,0.682248592376709,0.7221883535385132,2,0.2197,0.7803,0.0105,0.0072,0.0066,0.0068,0.0069,0.007,0.0131,0.0052,0.0027,0.003,0.0023,0.0024,0.0027,0.0067,0.0059,0.0018,0.0025,0.0021,0.0034,0.0033,0.0054,0.0058,0.002,0.0027,0.0018,0.0031,0.0028,0.0051,0.0061,0.0032,0.0027,0.0019,0.0016,0.0024,0.0045,0.0042,0.0021,0.0025,0.0042,0.0029,0.0033,0.0062,0.0065,0.0051,0.0061,0.0057,0.0049,0.006,0.0068,0.0164957986906544,0.0198578875546144,0.01976437293745145,0.0189447762101726,0.019680697335820646,0.01953818039954465,0.015882351595168865,0.019925696397512654,0.02163634233686645,0.02166482580464238,0.021434328002511396,0.021690407228706268,0.02144245986626316,0.020373450461787006,0.019809379109290343,0.021262711794564633,0.021330511913020142,0.02139542804886758,0.02148187707682697,0.021341551781466593,0.019740559127536403,0.01927577253161411,0.021450675445005913,0.02144517373585665,0.021269306332288174,0.021434522577450765,0.021106960480175026,0.020133065197292382,0.01925049951272245,0.021741831267962385,0.021664171194761814,0.0216561220420073,0.021563482158064848,0.021185732812597086,0.019807040577391428,0.01985610631600976,0.02177362368821905,0.02130100035783822,0.021092254170561653,0.02151892439521979,0.021495280216961933,0.02004882036307067,0.018647651280338483,0.019335560942114326,0.019915816599869445,0.01923174208107059,0.019683962030849544,0.02010050523050593,0.01832080278889123,0.010532451088217477,0.005340687752418974,0.005408055240950234,0.006644142776971739,0.00549917743164305,0.005720909010573797,0.011408743132442122,0.005118001480173553,0.0024565337624713425,0.002373155937932311,0.0027317704502987077,0.0023333556889429635,0.002758181183874004,0.0043823114898664025,0.005259908461053558,0.002998775437582815,0.002893290239053723,0.0028313545161361316,0.002657792356184548,0.0029151766228265328,0.005445105389590766,0.006129170038353755,0.0027453991714756106,0.002753958874542207,0.0030275779832225343,0.0027314677255162747,0.003319222408308225,0.004834434174919468,0.006129427962505608,0.0022533488229717962,0.002491361897114729,0.0024648224796054775,0.0025308290353017173,0.0031185413521621942,0.005380734310178058,0.005265334050052648,0.0022429478435724835,0.002939205088882637,0.0033421028696486387,0.002639215668751537,0.0026369394000207904,0.00492644199257326,0.007184542518159135,0.006036149664716903,0.0051724352278875955,0.0061976737655258015,0.005533160633684497,0.0048069668232954554,0.007575874454329035
dual_slot,0,49000,79.51341599505395,79.92578824993689,0.674407958984375,0.7128322124481201,1,0.20530000000000004,0.7947,0.007,0.005,0.0055,0.0073,0.0061,0.0058,0.011,0.0059,0.0024,0.0026,0.0024,0.0028,0.0031,0.0056,0.0055,0.0014,0.0026,0.0021,0.0028,0.0031,0.005,0.0056,0.0021,0.0026,0.0026,0.0029,0.0029,0.0049,0.0056,0.0033,0.0017,0.0018,0.0016,0.0032,0.0043,0.0044,0.002,0.0025,0.0036,0.0033,0.0023,0.005,0.007,0.0061,0.0056,0.0053,0.0065,0.0058,0.0058,0.016508471773631257,0.019775686589366348,0.01962665162450105,0.019500103294039665,0.019386534712797308,0.019740427441438065,0.015553044106950983,0.019622870776391674,0.021675719053023554,0.02163843462977753,0.021851207635002947,0.021530248956831886,0.021402382459528753,0.01963504746563728,0.019027406332742032,0.0215126788117163,0.021744287376480202,0.02147687923229028,0.021640562897908264,0.021156826388521864,0.019819033539002724,0.019256638451396156,0.021626570765861358,0.02157754337239548,0.02156375950062549,0.021767976717038312,0.021322662618368134,0.019880324606750828,0.018975874195797698,0.021943302113096114,0.021785781172201535,0.021363878482403214,0.021878001030696315,0.02137179694049963,0.01979189113199797,0.019742473359273798,0.0217410545877463,0.02147721074392897,0.021363543226354843,0.021585597884550452,0.021581116018434456,0.019544212889756,0.019124062533608363,0.019278933233032074,0.019921194981448544,0.019467803024965022,0.019972438223227796,0.019608613146033745,0.017661239950931402,0.01058216796551243,0.005516114854558948,0.005706360009958112,0.006018256858727417,0.006114870351236427,0.00560942766119078,0.012130329734051731,0.005751239785227474,0.002631756063338273,0.0026500599919826056,0.0022836214362726335,0.002777453752990672,0.0030132537550069723,0.005732504530289425,0.006784618700914936,0.0028044874680998757,0.0024481307097755528,0.002898631791549,0.002607722903529076,0.0034301328765126314,0.005410358022803934,0.0063537933817766085,0.002707376428708464,0.0027437482850432627,0.002725893877525157,0.0024116818996172034,0.003135912017662704,0.005394179574918853,0.006824844396883547,0.002180985853102419,0.0023842876712035664,0.0030724966093678982,0.0022814591756791635,0.0030993756391191054,0.005491182277958335,0.005606279778259579,0.002453104731849114,0.002859059222273152,0.0031120749398542546,0.002692292979775652,0.002777313852913888,0.005911326607133294,0.006518714375836463,0.00628042776298036,0.0052922332422176525,0.0059898295855458465,0.005252452045115608,0.005734114310487824,0.008730374832035268
dual_slot,0,50000,80.84316600917373,81.26686033396982,0.6722491383552551,0.7145617008209229,1,0.2208,0.7792,0.0072,0.006,0.0058,0.007,0.0061,0.0058,0.0106,0.0053,0.0024,0.0024,0.0026,0.0029,0.0032,0.0061,0.0055,0.0016,0.0027,0.0026,0.003,0.0035,0.005,0.0061,0.0018,0.0027,0.0018,0.0028,0.0036,0.0058,0.0063,0.003,0.0027,0.0021,0.0024,0.0042,0.005,0.0051,0.0022,0.0024,0.0035,0.0034,0.0027,0.0064,0.0095,0.0073,0.005,0.0062,0.005,0.0054,0.0091,0.016537611997601703,0.01940071086944917,0.020086022363477583,0.019355297249783035,0.019552993958307244,0.019807898409427614,0.016461542730266843,0.019727345088533892,0.02147197112340591,0.02198190523500612,0.021525949796053937,0.021589616006830105,0.021769919630764686,0.01960281709493232,0.019466470278367513,0.021657640393842423,0.02170677801503592,0.02186996408671476,0.02179566058310249,0.021385282019835146,0.019326153136029582,0.018912217080877425,0.021808438188360896,0.021717968959248227,0.021548951079730393,0.021728343973009292,0.02144837517203291,0.01966835287907915,0.019420891162497858,0.0218883610091454,0.021718862864449913,0.021642290734671263,0.02193911520088702,0.02166819738398083,0.01940296659189692,0.02000192910198157,0.021634171017502115,0.021384709474943545,0.02129757229976265,0.021344336382298598,0.02132234834301657,0.019617723812416207,0.018694064321621504,0.0190475774799069,0.01964046243809201,0.019675752311340222,0.020029983679618703,0.019526380330823802,0.016190106660040074,0.010541223510960011,0.006098708879309779,0.00504469834935677,0.006129492622585255,0.0059426221659665815,0.00551151608001496,0.010697280705307618,0.005713532258237556,0.002874043719837907,0.002089763975674484,0.002791024406927405,0.0026931056398484636,0.0024157982841836296,0.00578786907626473,0.005997570769052802,0.0025884839884835935,0.0025129102229680795,0.0023400546989437265,0.002415271144944424,0.0031245592448191826,0.006174316331292838,0.00681095086122456,0.0024346816609819586,0.002651948527056555,0.0027947108838945684,0.002479741733907959,0.0029493968430480996,0.005765199901380196,0.0061457965458399716,0.0022336351932633327,0.002494323698962231,0.00265115429681392,0.0021555751388193825,0.0026503723152810402,0.006095239573405386,0.005174033963726621,0.0026636424390253,0.003008252320075653,0.0031813319801427455,0.0030703462221119402,0.0031041638731191374,0.005804005013188001,0.007341782767213849,0.006602766280695996,0.005690907958716717,0.005753819558883673,0.005091823463874614,0.0058663664814289284,0.011192874956474475
dual_slot,0,51000,82.11216579412576,82.54752266698051,0.6678750514984131,0.7399646639823914,1,0.20579999999999998,0.7942,0.0076,0.0053,0.0064,0.0069,0.0042,0.0057,0.0077,0.0055,0.0035,0.003,0.0022,0.0025,0.0028,0.0049,0.0062,0.0017,0.0028,0.0018,0.0024,0.0028,0.0024,0.0067,0.0022,0.0015,0.002,0.0025,0.003,0.0031,0.0053,0.0025,0.0023,0.0014,0.002,0.0028,0.003,0.0047,0.0018,0.0026,0.0035,0.0036,0.0028,0.0052,0.0089,0.0077,0.0051,0.0078,0.0065,0.0063,0.0107,0.01726376984832682,0.01913806804299431,0.019747864801254678,0.019058062629859096,0.019236459262645826,0.02027753117739272,0.016915171271070752,0.019993200869877346,0.021496955038263647,0.02184273401847259,0.021350400953412958,0.021529609307819643,0.021495274668941786,0.01998430796180308,0.019311174397782065,0.02196033779055351,0.021771113915268567,0.021678021027928897,0.02201201064795398,0.021112603725395376,0.01975254458903638,0.019672828621110534,0.02179494283423491,0.021432827819227326,0.0215046740330475,0.02156175461125766,0.021278486420964825,0.02010725348755981,0.019061910228127095,0.021483767575156264,0.02175573256143947,0.021730240145383103,0.021684498051107063,0.021547000800187142,0.01990794346365448,0.020214293501853928,0.02163760224932524,0.02128389003876082,0.02101431436168464,0.021116834647696932,0.021507546721615138,0.019842343810716728,0.018371017869168477,0.019628556724899555,0.019433162057688677,0.018914672618549427,0.019607565741850158,0.01979666594563352,0.016180457112045535,0.009408477430276093,0.006443452840564783,0.005543272046067859,0.0065666816816381274,0.006330967645298746,0.004688387576913127,0.009867283582702998,0.005204454122417442,0.0028101623011015636,0.002277574050770841,0.0030358931525902334,0.0027989288569173756,0.0028127505005244996,0.005140026480043869,0.006215887188206223,0.002096434100716555,0.0024269498654520523,0.0025703367710311884,0.0020168446569167205,0.003441224329555073,0.005536063973486146,0.005697909494754213,0.0023511847230534605,0.002908934653789091,0.002798273070808389,0.0027103543509994325,0.003146659963767598,0.005028783860273574,0.0066388803941920494,0.002869536874144351,0.0024506410924855864,0.0025289684467458486,0.002521297995319674,0.002733079001349807,0.0053357723788959935,0.004863914804630488,0.0026325920491398216,0.003216462007451148,0.0035926151405673216,0.0034347076248539684,0.0027938483941636195,0.005436812657166553,0.007624906698017086,0.005727037061506047,0.00602799492733963,0.0067875390489430245,0.005720306055248804,0.005507168276321909,0.011194244189860925
dual_slot,0,52000,83.39972495683469,83.84425383398775,0.6711868643760681,0.7211882472038269,1,0.22710000000000008,0.7728999999999999,0.0059,0.0075,0.005,0.0061,0.0061,0.0055,0.0098,0.0051,0.0039,0.0019,0.0027,0.0028,0.0033,0.0058,0.0053,0.0021,0.0016,0.0021,0.0025,0.0041,0.0061,0.006,0.0024,0.0024,0.0032,0.0026,0.0035,0.0058,0.0052,0.0026,0.0033,0.0024,0.0016,0.0036,0.0045,0.0053,0.0024,0.0039,0.0042,0.0041,0.0032,0.0073,0.0072,0.0072,0.0061,0.0069,0.0065,0.0062,0.0123,0.01766028379470521,0.01928146273215803,0.02012940360995507,0.019353506228272064,0.019534836447858955,0.019769600481128746,0.017071586896009357,0.019864151590719165,0.021508351171444923,0.021931506851475276,0.02161997288836709,0.02180778577739477,0.0214136615224517,0.01998606476902223,0.019688972775899476,0.021369390213442675,0.021706561342541904,0.021876743895080028,0.021726208418766497,0.021125970219851055,0.020131165665330453,0.019047215594953322,0.021532422827328368,0.02146368246575628,0.021402913208269488,0.021805715542466447,0.02121791000106655,0.020246755493951468,0.018748155387701276,0.021605247882992895,0.021865950304855886,0.021841275366984214,0.022057401880106135,0.021434249695738684,0.020156418168426424,0.02016171791302549,0.021550357040022568,0.021019735287848527,0.020963537403748598,0.02091535890662887,0.02130054339745134,0.020150407475242965,0.01876546164175432,0.018791682035388866,0.01901248289179701,0.019318063284719897,0.019901348454036308,0.019708402742045432,0.015458400413817705,0.008868111247152317,0.006425442347321502,0.005010210903489261,0.006315156799977357,0.005920385567984106,0.005561004342718516,0.009769299601333634,0.005416263714686381,0.0028992918784454366,0.002290579654824804,0.002845606741632123,0.002479974216568126,0.00304424458521737,0.005346824214015338,0.005762555759840717,0.003151078442925692,0.002595867997211141,0.0023744118249165165,0.0025657918810866307,0.0034846478760743476,0.005007513515772026,0.006666844798307911,0.0028624425320397055,0.002967671578512031,0.003099760807989733,0.0024831433713775994,0.0033439047189404696,0.004947753918469767,0.007202776823572767,0.0027509605585438975,0.0023518723571107594,0.0024287077190017587,0.0020587946623116054,0.0030127278198985794,0.00508604400610469,0.005038868556769647,0.0028349884998251206,0.0036863368205825703,0.0037333031051620083,0.003807055660377504,0.0032564704518377526,0.005056182788988108,0.007137221582330782,0.007097082907508732,0.006798139277649566,0.006252226028758972,0.005437447052333912,0.005654686999933599,0.012355983499385714
dual_slot,0,53000,84.68925199785735,85.14302420895547,0.6586290001869202,0.7457665205001831,1,0.22019999999999995,0.7798,0.0093,0.0058,0.0061,0.007,0.0065,0.006,0.0082,0.0046,0.0037,0.0045,0.0023,0.0025,0.0042,0.0068,0.006,0.0018,0.0028,0.0024,0.0027,0.0034,0.0041,0.0046,0.0021,0.0033,0.0028,0.0028,0.0041,0.0054,0.005,0.0025,0.0021,0.0014,0.0026,0.0028,0.0032,0.0044,0.0021,0.0035,0.0037,0.0045,0.0036,0.0042,0.0075,0.0065,0.0059,0.0057,0.0062,0.0066,0.0104,0.0177099224815625,0.019308169045488995,0.019796918025240445,0.019379024424090063,0.01917022379561738,0.020160393863894288,0.01767219576468324,0.019661480083500313,0.02109484106632666,0.021667559591254063,0.021419943766535075,0.021850936069141763,0.020928592101081736,0.019428320157774896,0.01954371266828299,0.021516466954701365,0.021486383038514467,0.0215070076228059,0.021856623079359077,0.021178926527474436,0.019381333869362978,0.019519536063935805,0.021574575348241393,0.02139066036341454,0.021676274958208595,0.021693663959439335,0.021019523279539824,0.01926234407199893,0.019103055863528957,0.021676898016414533,0.02170563193624426,0.022115927961667392,0.022034318936370416,0.020945215198387566,0.019904231192765243,0.020480649331591112,0.02157001507086244,0.021052673919809986,0.020693060041600604,0.021115753565389327,0.021921446368756217,0.02009172486558336,0.01872903940305132,0.019501686737314384,0.0197898567410386,0.01937427975469652,0.019830007260244108,0.020057369388270605,0.016451606404941976,0.008714382715148159,0.006298583235955952,0.005469753485611808,0.0061506888580248565,0.006471400777974029,0.004911464772965242,0.008733267396113227,0.00583403237253216,0.00347618002992903,0.0025965004089265756,0.0030158938836765546,0.0023148392725254783,0.0037315337863964705,0.006074971991121683,0.006093044825400814,0.0028285744688250005,0.002874782521887217,0.0028431037378019303,0.0023061041840398374,0.003386089615583072,0.006186204114738712,0.005934866912852744,0.00273932160309513,0.003060872371079242,0.002583113849271585,0.0025564048301871985,0.0036309285419081,0.006329906612364086,0.006574568841291961,0.002621219349309815,0.0025380223528589907,0.0019078191440684556,0.0020722308222755363,0.00370600117429922,0.005343985964531644,0.004458623840152036,0.002746326061483998,0.003580010086507092,0.0041714294360267615,0.0034831215168153124,0.0022455999262573144,0.005016938431978514,0.007109985153974595,0.005923220478850389,0.005558724420464816,0.0061970390373860705,0.005418929346981105,0.00510876998334746,0.010725245982210752
dual_slot,0,54000,86.076942911488,86.54002379195299,0.6742079257965088,0.7407979369163513,1,0.23340000000000005,0.7666,0.0086,0.007,0.0058,0.0077,0.0074,0.0055,0.0108,0.0053,0.0045,0.0025,0.0023,0.0028,0.004,0.0056,0.0057,0.0017,0.0018,0.0021,0.0021,0.0034,0.0056,0.0055,0.0019,0.0028,0.0028,0.0022,0.0037,0.0062,0.0063,0.0027,0.0031,0.0027,0.0021,0.0043,0.0062,0.0051,0.0027,0.0052,0.0036,0.0047,0.0055,0.0069,0.0086,0.0064,0.0059,0.0062,0.0063,0.0061,0.0055,0.017075235225103062,0.01911550367877115,0.020286734840594386,0.019991863896464263,0.01892085969203646,0.020398276312801916,0.017458744429838188,0.02000358759515124,0.020962803822756306,0.021784342266393975,0.021540629756112498,0.021577870265816868,0.020940254366683227,0.020272690940731745,0.019633966354317654,0.021490689893843805,0.021651647889413386,0.022110749606630942,0.022110157893949236,0.021206480684977366,0.019809210677967592,0.01922183034183861,0.02202997299676477,0.021434859459749333,0.02166283806071957,0.02187885188843432,0.021234998644402814,0.01972922878345973,0.018727766605194072,0.02191139163357502,0.02186629051474062,0.021854183975515945,0.022201651427075596,0.021121552833702047,0.019989415105747275,0.019791155742124138,0.021454714081649003,0.020678692926418343,0.020969102732673897,0.020662373365629757,0.021289617926684868,0.019643393680548737,0.018227836898970326,0.019013739111860793,0.019463650299218205,0.01931052476498442,0.01941086187876404,0.01976656527517623,0.017110638954022254,0.009873284144323417,0.006653750889818762,0.004872826415937253,0.005360257178458889,0.007066905788030785,0.004742283679855646,0.009290136298761999,0.005420555619025866,0.0038838870700078497,0.0026346905252102606,0.0030443319410544526,0.0029486431000603375,0.0038791123173819437,0.00501136847495973,0.005904461015179489,0.0030812058794242605,0.002836459971937856,0.002138369355119746,0.0021392690883497915,0.003474299859093748,0.005677054422595625,0.006531137571538601,0.002222132345182619,0.0031270367717000343,0.0027803821716319097,0.00245192069877017,0.003509061658436694,0.0057986715021606265,0.007243327453585791,0.0024415046411772074,0.002471020991322026,0.0025675546818538547,0.0019610853989058797,0.0037206250509349906,0.005324918205855911,0.005665445492963329,0.0030968466749767315,0.004276831559812524,0.0038743092145027487,0.004340708892408123,0.00342600989228446,0.005851063722394375,0.008159749380405331,0.0068866147780007325,0.006241561391440301,0.006396272590119147,0.006243704226679612,0.005663774214986091,0.009819450734357874
dual_slot,0,55000,87.37175236211624,87.8443688750267,0.6516458988189697,0.7390624284744263,0,0.21750000000000003,0.7825,0.0053,0.0061,0.005,0.0063,0.006,0.0022,0.0024,0.006,0.0051,0.0033,0.003,0.0041,0.0047,0.0058,0.0063,0.002,0.002,0.0025,0.0019,0.0039,0.0051,0.005,0.0026,0.0028,0.0034,0.0036,0.0045,0.0071,0.0061,0.0035,0.0024,0.0021,0.0016,0.0048,0.004,0.0049,0.0028,0.0052,0.0048,0.006,0.003,0.0034,0.0078,0.0065,0.0049,0.006,0.0064,0.0053,0.008,0.018468223852507862,0.019310247072946846,0.020381292569808602,0.01913282559300733,0.01906240218777285,0.02056632304682803,0.018389002286037133,0.019716094092042842,0.02094180213286643,0.021190106233483733,0.021424126972019578,0.021367641424733203,0.020667465632021587,0.019900921134328387,0.01986737935772122,0.021835998934755983,0.021644503675967527,0.0218338933577486,0.02219234858747464,0.020982411378126037,0.019776179922200855,0.019129910192353106,0.02163437571458504,0.021472771137285747,0.021729791241549966,0.022043746723475168,0.02076570644754549,0.01972574634096115,0.019725563158831824,0.02189789167250636,0.02162076214499948,0.02202950380059602,0.02188917520497804,0.02116094306922863,0.0200760435829819,0.019720786011015234,0.02097913262834915,0.020247566407832,0.020340556040553924,0.020198091144043657,0.020943341747148316,0.02028649454097103,0.020043335850433698,0.018860778600920697,0.0196215474331052,0.019799053218604395,0.019059683415329536,0.020169158755968468,0.016177354329447464,0.007677289588438204,0.0065141577244433365,0.004729353717777458,0.006666744443064956,0.006773825159144444,0.004448009810736897,0.007758685649599495,0.005740806218504699,0.003916146078584497,0.0034995303942270363,0.003143695453039047,0.00322958327444484,0.004333282240339191,0.0054597716395477,0.005549835329361153,0.002595557855312741,0.002847669140059725,0.0025206344428099665,0.002014655950348728,0.003815336109154864,0.005688506568405197,0.006632114889592799,0.0028630689826781228,0.0031087931677173616,0.0027570495611424144,0.002279671653759274,0.004183904390184034,0.005804254709714635,0.005765470743158394,0.0024233232527400787,0.0028837687880165024,0.0022232034080142842,0.002436576880301947,0.0036219987840586136,0.005232555660951356,0.005733672027227264,0.0038203215379733896,0.0049326880089174355,0.004830357226007035,0.005086041502300245,0.0038747425529092718,0.0048734967165014265,0.005477601163934331,0.007080399344058642,0.005923629502412496,0.0056537270948788226,0.006817021627093281,0.005051908990630869,0.011121556929663708
dual_slot,0,56000,88.67516568198334,89.1576802090276,0.664724588394165,0.7363357543945312,2,0.24480000000000002,0.7552,0.0072,0.0059,0.0068,0.0078,0.0077,0.0065,0.0108,0.0055,0.0048,0.0029,0.0026,0.0035,0.0048,0.0054,0.0058,0.0019,0.0027,0.0027,0.0021,0.0046,0.0059,0.0054,0.0028,0.0033,0.0032,0.0028,0.0042,0.0072,0.0065,0.0034,0.0023,0.0014,0.0018,0.0051,0.0052,0.0051,0.0037,0.0054,0.0057,0.0069,0.0033,0.0056,0.0058,0.0074,0.0045,0.0063,0.0062,0.005,0.0114,0.018756004257070576,0.019136280208179157,0.020276505684772267,0.01971190578827246,0.019146571758473008,0.020093898671910557,0.01822797603509994,0.019623033354406273,0.020670730556810513,0.021456393735690825,0.021671318064119354,0.02133662781464078,0.020877421059336834,0.020345975814732697,0.019406075050684236,0.02163382148731304,0.021522330163826067,0.021790237359433254,0.022203508990005345,0.020762148018267243,0.019702291849230447,0.018747413570751277,0.021711497213832587,0.021553860495615477,0.0217191899998745,0.021938989653743475,0.02078889982048287,0.019940886170735084,0.019082837150088263,0.021858392805429838,0.022024065902846883,0.021895106078151115,0.0222569600388818,0.02070320155257923,0.0199021877633618,0.020141309678620628,0.021122931128273435,0.02042095204478414,0.020223657322260884,0.020181552026476788,0.020900928933453834,0.020141853452646723,0.01948074980846283,0.019111051498691006,0.02005052712991052,0.019991807643859716,0.019203417340338605,0.0202827864711443,0.016271931582427526,0.0073749432303107055,0.006721137577890138,0.0049559450284928,0.005888789439031561,0.006705557717080346,0.005271447108735368,0.008135236120611825,0.005984266450565598,0.0043982103056502955,0.0031697718009828556,0.0028444086607419396,0.003351079410277749,0.00412437444066925,0.004967965189819985,0.006273646223790233,0.0029011728440579416,0.003148078955924488,0.0027425077156036076,0.0020387515621712333,0.004220755504741905,0.005825218498219116,0.007309823238622739,0.002861708465109167,0.0030612842711185617,0.002771937742904987,0.0024391940924789386,0.004180257295722844,0.005464022544945668,0.006762979837866219,0.0026393306109170015,0.002310401434288047,0.0025446897322920444,0.001957834705346449,0.004349054096917174,0.005522606119161555,0.005316861468216745,0.0037917715848947912,0.004776337442916787,0.005114074508716228,0.005138753100091285,0.004010662051381959,0.005276975776044851,0.006199662360611054,0.006759330053368874,0.00529804260662422,0.005425997585733093,0.006697627047348365,0.004985499361631793,0.011252643520640425
dual_slot,0,57000,89.92254535690881,90.41470220894553,0.6585537195205688,0.7436999082565308,1,0.24450000000000005,0.7554999999999998,0.0078,0.0053,0.0059,0.0068,0.0075,0.0046,0.0043,0.0045,0.0048,0.0032,0.0033,0.004,0.0058,0.0073,0.0057,0.0022,0.0025,0.0024,0.0026,0.0051,0.0058,0.0067,0.0024,0.0026,0.0026,0.0032,0.0039,0.0077,0.0074,0.0033,0.0028,0.0016,0.0014,0.0045,0.0053,0.0058,0.0036,0.0057,0.0046,0.0067,0.0044,0.0059,0.0078,0.0059,0.0053,0.006,0.0068,0.0061,0.0131,0.017156428336171346,0.018651705685684875,0.020367059051721145,0.019718802632785998,0.018958242856099067,0.020690713136840302,0.018907107939683476,0.020089229733020318,0.020046864243456263,0.02174863265472034,0.021442516351065827,0.02133763235460867,0.020847764711590236,0.02020023745664184,0.01941915159848915,0.021928597917944152,0.02164749462006036,0.022039198382431603,0.02185060506678877,0.021137045049280392,0.01948803279000931,0.019226848258159554,0.021808304285206352,0.02189021947159364,0.021595477516963522,0.022160588400080537,0.02080077662113098,0.02025319498539551,0.018914381163184748,0.021958223426104657,0.022267981652948673,0.022221453075674507,0.02204214694147265,0.021024023642466364,0.019925929434873875,0.019832764262825802,0.020777322954064918,0.020315507878561873,0.020423682863768066,0.020395786423280354,0.02057448022723984,0.01999565607561957,0.019053802885024854,0.019065300250746015,0.019849501379553082,0.02032079460010714,0.018804015581316978,0.020322920710212536,0.016505852463329883,0.009974682465476004,0.007701924405987423,0.005100409396481026,0.005990671622340159,0.007204946378413125,0.004538799046437967,0.007242270935148443,0.0054763776703235295,0.005500602162496307,0.0030365683150054387,0.003415730137669207,0.003572409376623769,0.004304190125729214,0.00546680060191847,0.006555487908346174,0.0027677301563481162,0.003148589210329318,0.0025243864653250957,0.0028451759986662206,0.0039111159348630764,0.006491653369424989,0.006803694601254628,0.0029474288278812577,0.0027859986693679413,0.0031872316071785015,0.0023430499771632954,0.004452507514480263,0.0052314408656163325,0.007192343449436433,0.002684412076574071,0.0022607473266484032,0.0022521282791597838,0.002559044308731442,0.004079951110899002,0.005798446144055373,0.0058594944092496045,0.004409418390597977,0.005099293271530028,0.0049767603429753,0.004979370483347478,0.004712431673271682,0.005616161144666375,0.007062195595526208,0.00712314544419691,0.005873554441764539,0.005169520789204248,0.007474398764908002,0.005166344734472367,0.010946534569534937
dual_slot,0,58000,91.21733095194213,91.71898837503977,0.6613733768463135,0.746580183506012,2,0.26270000000000004,0.7373,0.0051,0.0085,0.0044,0.0069,0.0079,0.0046,0.0087,0.0042,0.0073,0.0039,0.0035,0.0049,0.0044,0.0047,0.0061,0.0025,0.0024,0.0032,0.0028,0.0048,0.0063,0.0073,0.0022,0.0027,0.003,0.0035,0.0046,0.0086,0.0085,0.0032,0.0027,0.0014,0.0019,0.005,0.0053,0.0058,0.0041,0.0067,0.005,0.0077,0.0037,0.0066,0.0107,0.0048,0.0062,0.007,0.0065,0.0065,0.0144,0.018507158534378128,0.019078432298598236,0.020590072409103634,0.019969944233027132,0.019352275232259464,0.020709681271464858,0.018905821259036195,0.019699017976055583,0.01983625703681994,0.021276611917913593,0.021134006823348293,0.021425023508398984,0.020562601079325313,0.02021436497608879,0.019347031397940383,0.021551611715295,0.022079742920301765,0.02255373876342663,0.02233738304374379,0.02096560138043909,0.019339304754393227,0.018742591669718867,0.021834676425784995,0.021699287823279435,0.022383325192834334,0.022207847716274973,0.020912691947997615,0.019864544161813595,0.019097774024591944,0.021845196169377273,0.02258549217541995,0.022434238004108945,0.02229638373821525,0.020982268386595032,0.01987868200849077,0.01935135089747779,0.02025303905345781,0.020618775808763583,0.020239503778172914,0.019837623158373972,0.020657664209422135,0.01956034250889809,0.018853995286555784,0.019213437490921734,0.019743991775384082,0.020377772249670006,0.019227301561669068,0.020129786274662304,0.015734733970709618,0.007970256751125945,0.007081411764628894,0.004793750830307979,0.005677142845845874,0.00679125178317406,0.004576767475491257,0.0074553620420971,0.006236401705566442,0.005876005536767551,0.0038115704737041053,0.003984636237658748,0.003512679917351569,0.004834615047060992,0.005391686530197763,0.0067209271038706185,0.0033634396316212407,0.0026168951657560714,0.0018336907600707737,0.0021945872264720503,0.004196080596153096,0.00669335815875974,0.007580982202745293,0.002903312051119699,0.0031437681219195065,0.0020871847533551697,0.0023482114198929115,0.004313847058903155,0.0059120528064069075,0.007130765515120323,0.0028876636975157777,0.0017864568503615,0.002050513309195214,0.0022165121093676364,0.004327538052156274,0.005891022443636019,0.0066754392518113765,0.005295095476134912,0.004790116382081674,0.005315229500498388,0.006030223400436859,0.004732269017337674,0.006364559560964347,0.0074152668339506475,0.006802463525040266,0.006091377174353475,0.005109552060237586,0.006820902910081143,0.005556561738052484,0.012016175225371673
dual_slot,0,59000,92.53656631312333,93.04799524997361,0.6558177471160889,0.7384556531906128,1,0.258,0.742,0.0085,0.005,0.0052,0.0063,0.0078,0.0053,0.0055,0.0043,0.0062,0.0049,0.0036,0.0043,0.0066,0.0053,0.0063,0.0026,0.0033,0.0028,0.0027,0.0056,0.0064,0.0077,0.0013,0.0028,0.0027,0.0028,0.0055,0.0083,0.009,0.0035,0.0027,0.0011,0.0017,0.0041,0.0056,0.0066,0.0048,0.0041,0.0045,0.0072,0.0053,0.0075,0.0079,0.007,0.0051,0.005,0.008,0.0054,0.0123,0.01942372052046766,0.018968198169808534,0.02069356126251802,0.01934668694159674,0.018704803874604853,0.020955479499080422,0.019271763454144084,0.02033998208553867,0.019772205045436447,0.021158703001712388,0.020857469231844207,0.021067846420764605,0.019993771150979753,0.02089717770994915,0.01912179726812644,0.02169984417834943,0.02168295851778207,0.022098547652181805,0.022716046810936273,0.021117855385555353,0.019609516393183802,0.019291468070765105,0.021968039779610864,0.022114432885247566,0.02234854073648027,0.022309865675491904,0.02062251239354426,0.01930496726902811,0.018842349865610467,0.02197528472400613,0.0220715422001849,0.02244747741021028,0.022553737856711824,0.02074270196323835,0.01960690021883703,0.020010297798716725,0.0202859623478179,0.02020584364159648,0.02006935849251417,0.019972398190191164,0.0204923433211081,0.019606043648441686,0.018318221300908454,0.0187934254417405,0.01993330150882129,0.01983212455240384,0.019094788136578476,0.0207168765270154,0.016971259468618046,0.0066846997899723875,0.007317460596226595,0.004733760855582242,0.006759249615634943,0.007744987956394682,0.004386535448082184,0.006908812390722882,0.005450546629851203,0.006131677820356479,0.004086812975081209,0.004570147566089322,0.0041817495390546276,0.005765840413780357,0.004433458851250336,0.007169051258404784,0.003249652963702156,0.0032745566381195195,0.002739753499880517,0.0017509150610265417,0.00418611923809199,0.006371617810322424,0.006879751202687542,0.002893169437691403,0.002638200297546607,0.0022929283028626044,0.00238903039116204,0.004838546682206351,0.006859842023707164,0.007581191908826829,0.002843421792406626,0.00270145726354315,0.00214701238203257,0.0019902950565502562,0.004700348606578577,0.0064145387530461315,0.00578052872641527,0.005413029685524353,0.005453067085302543,0.0056934235590853826,0.005797362145174342,0.005030525443489005,0.006337677058686802,0.008237011012632037,0.00761428518373742,0.005933148556746061,0.006121431039648667,0.0072088854488223395,0.0048946870339052605,0.010379816338091204
dual_slot,0,60000,93.80381370685063,94.3253382089315,0.6607347130775452,0.7626596689224243,1,0.25540000000000007,0.7445999999999999,0.0055,0.0061,0.0052,0.0074,0.0084,0.0056,0.0095,0.0053,0.0068,0.0043,0.0034,0.0045,0.0045,0.005,0.0065,0.0022,0.003,0.0022,0.0028,0.0064,0.0064,0.0058,0.0017,0.0021,0.0026,0.0021,0.0045,0.0067,0.0068,0.0044,0.0031,0.0012,0.0017,0.0045,0.0068,0.0053,0.0039,0.0064,0.0051,0.0047,0.01,0.0078,0.0081,0.0059,0.0059,0.007,0.0069,0.0063,0.0071,0.019238270981042874,0.018696402301546608,0.02079743477205572,0.019506016299755864,0.01877530177706074,0.020798676799074427,0.018956835799236727,0.02047830334754079,0.019471110798184157,0.020960256730987926,0.020980673368722634,0.02091888585313583,0.020103854581700407,0.020877575628904715,0.019639049218226595,0.0219368604861287,0.02206454245331062,0.022249334790767794,0.022775272160839268,0.02086740643421383,0.019459469200522148,0.019052277449764454,0.02202990248426471,0.02200753559687494,0.022188959096608896,0.02244119148724758,0.020863273483415882,0.01956816963333428,0.01965614774377436,0.021830301679196966,0.022486687438780788,0.022420273678906318,0.022599682408648104,0.021060057157444342,0.019578217482109896,0.020297407611081217,0.020171434394929123,0.02052810621292923,0.020410671907062854,0.019923791399427362,0.020569872988757405,0.019316294279177786,0.019393342985617713,0.01914816241317123,0.019219251381803526,0.020045871251438623,0.018746637829995638,0.02008821906821045,0.014806725673067848,0.006936135755500986,0.007849131715433439,0.004763477427058079,0.006581977540221429,0.007694194516499469,0.004722590840067361,0.007583836911964148,0.00515404068506069,0.006711366055718897,0.004446226053299995,0.004377178921141963,0.0045460473604341115,0.005664907544225837,0.004528592089408646,0.006386600457222404,0.002972887021455921,0.0027853685441771602,0.002513975656852836,0.0017415645094017607,0.004621651946269595,0.00665033833824715,0.007287417760666286,0.002836242088749181,0.0029081534299549186,0.0026026456427811796,0.0023103327895990125,0.004588659251249926,0.0065688218470455655,0.00632242642780917,0.003207508241380304,0.0021653907461107952,0.0023410534595161123,0.002077567138352511,0.0043387179418508965,0.006436877703300832,0.005380648379496118,0.0056828448215739905,0.005159023347987727,0.005214304229407443,0.006046542518673814,0.00525393311038798,0.006938735343194782,0.006786516252434184,0.007263785043615986,0.007042193645058778,0.005828189015716831,0.007658166453326803,0.005726932939815716,0.013483530218771102
dual_slot,0,61000,95.04023586469702,95.57150479196571,0.6444127559661865,0.77305006980896,1,0.27049999999999996,0.7294999999999999,0.0055,0.0076,0.006,0.008,0.0087,0.0049,0.0071,0.0049,0.0085,0.0048,0.0034,0.005,0.0067,0.0056,0.0069,0.0022,0.0028,0.0023,0.0021,0.0048,0.0073,0.0077,0.0017,0.0023,0.0027,0.0028,0.0052,0.0087,0.0071,0.0037,0.0025,0.001,0.0018,0.0052,0.0056,0.0059,0.0048,0.0044,0.0052,0.0068,0.0035,0.0069,0.0094,0.0072,0.0062,0.0076,0.0078,0.0063,0.0154,0.019382071416656533,0.018860008068739244,0.02028310227344459,0.019652363476728024,0.018690080405038403,0.021441205414974747,0.018167734537002135,0.02035083030784627,0.018775118699773177,0.020740747792832852,0.021199564388280988,0.02093419604138723,0.020079977153251154,0.021377946081584727,0.01872851585987692,0.021738571985362713,0.022523814368313664,0.022565051420532105,0.02289034744643899,0.020919769754056128,0.019026491379899167,0.01907414244806222,0.02228264039890569,0.02218572410360489,0.022532652803767476,0.02252359465924738,0.021109096692473097,0.01952514584725905,0.01931387572508228,0.022094985861423014,0.022650650927830147,0.022863691070913416,0.022849019157102905,0.02108063086056384,0.02016655930553656,0.019818216779492408,0.02057092796970604,0.020657263673835927,0.02067866878775196,0.020521908738645026,0.020025398258072466,0.019283115566430337,0.017816504823032236,0.019777445319986736,0.019344507435649506,0.02028506474571208,0.018345194319394964,0.02062310215653709,0.013672763291961446,0.006967229787877665,0.007761454197250953,0.00570295585383993,0.006615316232986402,0.008085378676351713,0.003988703200962784,0.008762824249603314,0.005644050105387109,0.007884246226627561,0.005001911497392647,0.004338235685533776,0.004722089614998437,0.005957712780579804,0.004041144996713609,0.00799071949142971,0.0035585640081352856,0.0023836524974822403,0.0023240033165649516,0.0018925268120257859,0.004703894664366885,0.007520636956132865,0.00760795993461097,0.002732509386125792,0.002911760801706076,0.0024099302467047697,0.0024230328055004865,0.004547221735587254,0.0067212108703713965,0.007026811999991035,0.0030430131956781905,0.002200184075795643,0.0018920226201682134,0.0019523079669577967,0.0046274599129495,0.005832472148962325,0.006297285295725962,0.005325679985665636,0.005122670840019502,0.005169833454401603,0.0053575235476822905,0.005997598367740196,0.007188493909018023,0.009270876198640286,0.006473448499213035,0.0070606283904485366,0.005700117147942415,0.008506129600106552,0.005289272796585729,0.01546008920714443
dual_slot,0,62000,96.30356953351293,96.84474266704638,0.6421674489974976,0.7750782370567322,2,0.28759999999999997,0.7123999999999999,0.0104,0.008,0.0062,0.0082,0.0088,0.0049,0.0096,0.0035,0.0076,0.0049,0.0049,0.0053,0.0064,0.0049,0.0065,0.0025,0.0027,0.0024,0.002,0.0051,0.0076,0.0081,0.0023,0.002,0.0021,0.0023,0.0051,0.0088,0.0084,0.0046,0.0027,0.0014,0.0016,0.0041,0.0059,0.0064,0.0054,0.0063,0.005,0.0073,0.0073,0.0084,0.0093,0.0062,0.007,0.0075,0.008,0.0065,0.0152,0.017932375789806283,0.018257498798101193,0.02085391557115846,0.020171093854692797,0.01870009816577233,0.021297393772754067,0.01688800112289566,0.02109602098809666,0.018381149984399617,0.020479569247444922,0.02083265711198544,0.020984453118757185,0.020771554149953245,0.021270289772056805,0.019327715947767294,0.021455483579409344,0.022583474007328887,0.02250420541962164,0.022941099902235654,0.02152093272044943,0.01876528859604816,0.019507484710339532,0.02202280248842032,0.022329178899083375,0.022778493677797555,0.022837513022663253,0.020826620438672977,0.019250819661281518,0.018880607494847462,0.022140354254011514,0.022528183186251695,0.022947473813101117,0.02273910531401469,0.02129264470346494,0.019844784270688372,0.019765970534068242,0.01995507831253851,0.020720005578480416,0.02032293833847272,0.020659673591272867,0.019842017575821772,0.019518613773772144,0.019065725675008596,0.01967219559823121,0.019826450803293844,0.02020418687457224,0.01872578927785358,0.020554950806875555,0.014226065704364885,0.009184338345053524,0.008719103439044466,0.005081884761251154,0.005980843784762322,0.00812482818697934,0.004408226941410705,0.010717849215676608,0.0046963814126497645,0.008542164721796641,0.005500368291243992,0.00503417956238158,0.004816967002392764,0.005082552371703454,0.004407948922653639,0.007265800756809943,0.004182008265820868,0.002489784886673705,0.0027594643057260787,0.0019780399613424397,0.004049291289812398,0.008070606413248225,0.0069694980700963785,0.0032920780334102736,0.002853668579198633,0.002210721406865753,0.0021262676504081235,0.005081880242607153,0.007414898030427703,0.007905590786315735,0.003123867284799055,0.002647028310441729,0.0020079817108979983,0.0022670842026533385,0.004375960124115372,0.0064477766217839695,0.006599617671481162,0.006563388816024724,0.005273503321819874,0.0058026243565781795,0.005320772904390866,0.006490798124971618,0.007070760432078018,0.007562570848244443,0.006655679955515428,0.006474010904693822,0.005972551813991671,0.008009940479298112,0.005392501016945411,0.014566009326876746
dual_slot,0,63000,97.68684740841854,98.23999745899346,0.6366312503814697,0.7860656976699829,1,0.28769999999999996,0.7122999999999999,0.0083,0.0079,0.007,0.0079,0.0098,0.0054,0.0086,0.0049,0.0092,0.005,0.0049,0.005,0.0088,0.0048,0.0072,0.0026,0.0026,0.0025,0.0018,0.0049,0.0074,0.0072,0.0019,0.0019,0.0018,0.0023,0.0046,0.0091,0.0081,0.0045,0.0027,0.0016,0.0015,0.0045,0.006,0.0052,0.005,0.007,0.0058,0.0078,0.0063,0.0086,0.0081,0.0057,0.0073,0.0075,0.0077,0.0061,0.0154,0.017890371517918575,0.018057256616856178,0.02056493526935982,0.02001277557886204,0.018588212369717128,0.02143746890372007,0.017747360597441142,0.02060573005087393,0.018112510995511137,0.02054453942480009,0.02077062154219588,0.021039800578454608,0.01974764500497834,0.020888387801663043,0.01964623678915657,0.02179755125741368,0.022414030485230396,0.02290318761965962,0.02332057034472919,0.021517536519433462,0.018960554889531335,0.01889586509253744,0.02214265661126586,0.022527204432550192,0.02276742713077585,0.022891608036813813,0.021023933721388853,0.018811965028512852,0.019746213016225762,0.022375993953658333,0.022777370681372002,0.02296710597649322,0.023381319799286544,0.021143891350307566,0.01985765783552499,0.01948597616773627,0.01919105326870454,0.020565923266488657,0.02059168194537552,0.020062827492442266,0.019975975607862358,0.019273702500780653,0.019572692062788246,0.020052537710813566,0.019189518231539547,0.020460119367166324,0.01881137003979351,0.020717067007747166,0.0141720585065418,0.009464791284816292,0.009229074911013723,0.005648048973934943,0.006388882826770776,0.008440065498373015,0.00433751637360706,0.00974491164452011,0.005512303503145222,0.009111968524194746,0.005598732025407877,0.005357527994635226,0.004938264345853813,0.006802428236616585,0.005113064383131811,0.006945661976833461,0.0038679815978569588,0.002958174801148388,0.0023063287258392015,0.0017558602067874879,0.004224425102096744,0.007914151386556888,0.007927397302633268,0.0034196010420793842,0.0028373850876136216,0.0024980832344745794,0.002283621774033358,0.004921612942081059,0.008084964204641464,0.006765388344975468,0.003011899389810113,0.0024449759952847525,0.0022160474281790197,0.0015919298159532914,0.004791241637153721,0.006607978433296546,0.007093896626586629,0.007588584619649852,0.005685715980256841,0.005610270708997996,0.006396312146652438,0.006440860839039735,0.007432784451598182,0.007088602512213508,0.0064108459188596525,0.007590752778439867,0.005757033390880674,0.00820299209473183,0.005433170941436944,0.014677649209613116
dual_slot,0,64000,99.43877705931664,100.00668241700623,0.6286352872848511,0.7812583446502686,4,0.30300000000000005,0.6969999999999998,0.0102,0.0102,0.0073,0.0077,0.0094,0.0042,0.0092,0.0045,0.0101,0.0051,0.0065,0.0055,0.0066,0.0047,0.007,0.003,0.0024,0.0023,0.0019,0.0052,0.0096,0.0068,0.003,0.0026,0.0027,0.0016,0.0045,0.0084,0.0079,0.0046,0.0026,0.0013,0.0017,0.0051,0.0066,0.0062,0.0066,0.0063,0.0051,0.0075,0.0082,0.0093,0.0098,0.0068,0.0077,0.0074,0.0083,0.006,0.0158,0.01900033765089213,0.01810406511396415,0.020423980788313235,0.020168965612552645,0.01814730488767407,0.02155099120616168,0.016862492036105535,0.020726009375667803,0.01793769803796117,0.02054620014539854,0.02041503413163885,0.020792472884921726,0.01983154625931209,0.021747361295450088,0.019859289472285067,0.022166076850012185,0.0226124265576322,0.02306549983308986,0.023563939977325928,0.02131054907636486,0.018368603626019928,0.019122001973146154,0.022012416253775806,0.02241942393758159,0.022855290657846708,0.02293017171432099,0.0211365136662173,0.018710490558594514,0.019338736801297406,0.021916152181970655,0.022806255247516567,0.02300403363797974,0.023589128066367693,0.021467642141905736,0.020786714769072435,0.019785949696522306,0.019081465565641987,0.021018909067535323,0.020739838072122183,0.020117787046359255,0.01987795001075217,0.0191424074436443,0.01847773606372482,0.019924443330607187,0.018808015374874205,0.020170974562947024,0.018877221623919645,0.021351967171330023,0.013329518543682556,0.007825769408042547,0.009126089115362817,0.0058614455565217894,0.006181246811855103,0.00906524102062875,0.0042754882124437605,0.010990449409735535,0.005436423348518648,0.00943833003995509,0.005650392909946229,0.0058349730163242625,0.005342894230291248,0.006656071793799389,0.00399915129458389,0.0066951558482446815,0.003409924257885132,0.0027818097474811725,0.0021442336636776646,0.0014037536835769587,0.004574781911763568,0.00891007388219196,0.00765456032041104,0.0035870968052609457,0.0030143453781177327,0.002479107790606471,0.0023737332886791264,0.004897813908612888,0.008233649510487958,0.0073495656309385295,0.003761624523001963,0.0024699866506430377,0.0021916679360265206,0.0014073708725430597,0.004353716607439303,0.005311934695423253,0.0067983614212739326,0.00786785417037518,0.00510237255134873,0.005416963259815368,0.006409516574608267,0.0067470212701985,0.0076649077302189846,0.008834624977005146,0.006642532203676244,0.008213597641482027,0.0063346697664423916,0.00799902137098668,0.004516497329076994,0.015923075873745366
dual_slot,0,65000,100.747275982867,101.32578262500465,0.6253840923309326,0.7758300304412842,5,0.3084,0.6915999999999999,0.0108,0.0099,0.006,0.0076,0.0106,0.0039,0.0136,0.0058,0.0095,0.0054,0.0061,0.0052,0.0074,0.0044,0.0073,0.0033,0.0028,0.002,0.0018,0.0053,0.0099,0.0078,0.0026,0.0023,0.0024,0.0019,0.0055,0.0086,0.0079,0.0055,0.0022,0.002,0.0013,0.0053,0.0065,0.0054,0.0058,0.006,0.0048,0.0065,0.007,0.0097,0.0111,0.0059,0.0082,0.0078,0.0084,0.0057,0.0157,0.01743665975236077,0.01946533325472279,0.020588695098645096,0.02037383547292318,0.018798197920302163,0.02131403111537821,0.016729549742442083,0.020709286585061725,0.018295996834156475,0.020718691692737722,0.020627106793930657,0.021554964024285833,0.019190011092012974,0.021363799552876254,0.018957255786622287,0.022057131879962638,0.02285816980885506,0.023040082920213582,0.023388120483092793,0.021431227986854026,0.018647462706660598,0.018907133486327332,0.022313801435381815,0.02239860752622841,0.022682893671919738,0.02293604191250693,0.020900887381079196,0.01885991372565199,0.019619638268474064,0.02189295630339405,0.02280485136226943,0.023348852635512632,0.023122183357371436,0.021579514942827734,0.020222182563491273,0.020249883716140588,0.018513671133369915,0.020972311688396656,0.021117339859678952,0.020496898366540818,0.019569481550488363,0.019289091170181558,0.019204495342372674,0.019321309301452563,0.018673970633584405,0.020263623696732676,0.018776372730159897,0.021431744593478318,0.012984737140889685,0.010170666655188176,0.0073844892720554625,0.005741910119653145,0.00611926019611703,0.008274515337592356,0.004731768152125579,0.011311676104877162,0.005769280426592588,0.008973907593802823,0.005599932367550338,0.005766540925849586,0.004396232018483349,0.00772885523104231,0.004662457948006011,0.008053002793986696,0.00377501104081199,0.0026594425168607943,0.0023279755291646664,0.0018823421910567641,0.004607615982497206,0.008523499807232535,0.008122805806478742,0.003378496706442441,0.0032213286808793476,0.0028254164968368922,0.002629118634985744,0.005346196847942169,0.008188566586109686,0.0071695958066901105,0.003964588283095717,0.002694634154663165,0.0018979662086156897,0.00225270054252084,0.004401103588227014,0.006330460198296418,0.006213757082506735,0.008827012651575924,0.005285790014200953,0.005005690978848554,0.005869751188400924,0.007239446751110319,0.007629933482645575,0.007747746184588008,0.007546002279366874,0.00852564594179615,0.0062727470461802675,0.008343972771806804,0.004645959028313404,0.016409716143682862
dual_slot,0,66000,102.02512828039471,102.61432316701394,0.6359943151473999,0.7717788815498352,6,0.31220000000000003,0.6878,0.0111,0.0112,0.0062,0.0076,0.0103,0.004,0.0123,0.0055,0.0113,0.0054,0.0054,0.0053,0.0084,0.006,0.0076,0.0037,0.0027,0.0021,0.002,0.0054,0.0074,0.008,0.0028,0.0028,0.0022,0.002,0.0044,0.0087,0.0073,0.0055,0.0022,0.0014,0.002,0.0044,0.0068,0.0055,0.006,0.0058,0.005,0.0081,0.0085,0.0095,0.0094,0.0058,0.0085,0.0073,0.0082,0.0064,0.0168,0.016169684399611185,0.017401063732720313,0.02077882874436087,0.020232149673905468,0.018683735397547366,0.021874099497660088,0.016991955452314092,0.020619370681609357,0.01727780312775027,0.020865071683297116,0.02055994410796913,0.02142663431744119,0.01844583928506801,0.021170691442623405,0.019471150490634595,0.02177743419711471,0.02277672840551193,0.023336667696940726,0.023460934104793312,0.021232401020557075,0.019061811669609435,0.01880846815691819,0.022103382942417628,0.023246238967710442,0.02327247909173848,0.023174529623090863,0.021250739432165933,0.019501649102586033,0.019637418644401917,0.021979366916423083,0.023145884476966798,0.023794628403175214,0.023770544765064978,0.02152331373869932,0.020828691104964436,0.01965457405898463,0.018883066198531882,0.021348233302099888,0.021197016450116582,0.020438758059458093,0.019258099071986962,0.01931710140727509,0.018396346768920484,0.020463384263091897,0.0182299635181137,0.0206343450091634,0.01921507523418646,0.021171384796535662,0.012141317366172296,0.012080886161416029,0.010435150633468974,0.005774561949403789,0.0065225392745531675,0.008641110903221224,0.004315052924277286,0.010994900830270538,0.005992735685506439,0.010681923278100738,0.005617500121708991,0.006113106821590095,0.004888221304670792,0.008966605160258566,0.005199345005759072,0.007563753698711817,0.004369187337238641,0.0030800578557170348,0.0022358126289081753,0.0020657888244957094,0.005153975217176166,0.008201944325835871,0.00858763652725994,0.003962280192846775,0.002437664039268064,0.00232363677257669,0.0024576532102241347,0.0051679467327138285,0.007522024882993297,0.007453449758791122,0.004092898919753419,0.0024968460766321035,0.0016092215582322131,0.0016812357774164748,0.0047950050714655745,0.005706339262409723,0.007351852374708964,0.00836838248284091,0.005073616154411208,0.00520238909979946,0.006278916016251963,0.007894317444784006,0.007813589260166265,0.009073384318611882,0.006284284447980333,0.009418220736622306,0.00616756000866723,0.00799224602701553,0.005354646344958432,0.017787891647726095
dual_slot,0,67000,103.47339103429113,104.07363875000738,0.6356221437454224,0.7968558073043823,6,0.32730000000000004,0.6726999999999999,0.0126,0.0138,0.0063,0.007,0.0092,0.0035,0.013,0.0041,0.0142,0.0056,0.0056,0.0063,0.0065,0.0046,0.0077,0.0036,0.0022,0.0032,0.0012,0.0048,0.0082,0.0092,0.0036,0.004,0.0025,0.0027,0.0048,0.0085,0.0079,0.006,0.0029,0.0026,0.0014,0.0054,0.0066,0.0069,0.0099,0.0045,0.0057,0.0064,0.0072,0.0092,0.0119,0.0076,0.0096,0.0079,0.0081,0.0049,0.0162,0.016903166358541083,0.01637092598458377,0.020719412909789875,0.02030279928979286,0.019057802575712563,0.02243569825048818,0.015742137412723376,0.02152593883293725,0.016234238094829167,0.0208159069634464,0.02073316958169622,0.020931075146990285,0.019200292759208558,0.02178193250708462,0.019347567407381167,0.02215140152424206,0.022960531599674296,0.02341421810067449,0.02373205238298764,0.022057703087977696,0.01918147181482928,0.019112762340957677,0.021240752495176814,0.023037981022560564,0.02306734605242397,0.02362240734692945,0.021358758760065745,0.018888047998113233,0.019605130799404267,0.021557524275505852,0.023226056172621884,0.023605168998026012,0.023744303525931765,0.02199337867450092,0.020629706042230224,0.019755899976022978,0.017426807577260686,0.02202891711126729,0.0212329810390326,0.020855026877394305,0.019494417946665427,0.018362527890529234,0.018055714557303815,0.019468168729689997,0.01878133754165772,0.020365087609599066,0.019105068003442464,0.02163645172099269,0.013142826329102493,0.011243055983136296,0.011886192432911814,0.005993373816608252,0.00651888205993817,0.008284154782849029,0.0036285004356024393,0.012894540430608389,0.004900416414136818,0.012305798975566384,0.005862610641846533,0.005935669068464835,0.005706541363574278,0.008091060306451148,0.004553508555238272,0.00785241969953986,0.00401376295789872,0.0029563390584846994,0.002302466785558252,0.0018717561020655921,0.004179800173250081,0.008116565364491393,0.00836592647962434,0.0053259469866355005,0.002929509068655786,0.0028115902742570195,0.0020203407294962883,0.005166031704253687,0.008592321393249563,0.007464322149533341,0.0048576136445358424,0.002557452975370799,0.002043701145447797,0.0018942165599176357,0.0043060314075106295,0.006075876888325071,0.007377195959271665,0.010533447612452621,0.004218809268221554,0.005336478415665893,0.005809597591296893,0.007653416320527174,0.009265413425728942,0.009642126654817793,0.007688987745051781,0.008697866747698957,0.006473535022357485,0.008337290901937699,0.004789718223745941,0.016534164356561153
dual_slot,0,68000,105.34590611804742,105.95840504195075,0.6178863644599915,0.8057113885879517,8,0.3287,0.6713,0.013,0.0114,0.0051,0.0062,0.0088,0.0054,0.012,0.0042,0.0125,0.0065,0.0062,0.0054,0.0095,0.0043,0.0077,0.0036,0.003,0.002,0.0014,0.0052,0.0081,0.0088,0.0037,0.0035,0.0024,0.0023,0.0055,0.0099,0.0076,0.0068,0.0025,0.0019,0.0016,0.0051,0.007,0.0064,0.0095,0.0064,0.0048,0.0071,0.0107,0.0092,0.0109,0.006,0.0103,0.0077,0.0077,0.0059,0.016,0.015731760544941836,0.017650794848506273,0.021127505156138836,0.020972508960316816,0.01874507819859538,0.021674387788320648,0.017303557813285415,0.02113570964009276,0.01669091403132483,0.020037946484817562,0.020923342346657832,0.021819331091682673,0.017358806120870814,0.02059760913493642,0.019290577738403904,0.02171401274131064,0.023397126122355425,0.02348099895029975,0.02390447531228252,0.02178825786000642,0.020031060093150366,0.019611556474463415,0.02182079760252218,0.022974206871675534,0.023230607300315086,0.02372971358507947,0.021121041814203212,0.01917198947903829,0.01919598669060691,0.021145989010853232,0.02305223150985118,0.023684969968320438,0.023731913141436974,0.021368241936169166,0.020457723722416634,0.01976996323543216,0.017257655689515542,0.021315698080720702,0.02150003979877819,0.020515257374520472,0.019082404258972122,0.018751329317210397,0.017808073259108437,0.02016717797404803,0.018407730576717893,0.0205434688755775,0.01937939315644622,0.02183375574583133,0.013995322571872214,0.012841181148067937,0.01037508127099714,0.005655882603156326,0.005786404064252566,0.008745773514826069,0.004763452432832917,0.010842510669352035,0.005488588225369962,0.011550027003796313,0.006966330283846202,0.005813526672149108,0.004646463564742811,0.010650951254621384,0.006212946429902242,0.00808958017941755,0.004749174228768409,0.0024444067628092377,0.002331502258025051,0.00176144411035879,0.004649229961185655,0.006975600325884736,0.007657498107913906,0.004644489436957287,0.0030137149610901864,0.0026685642831946296,0.0020748227288272993,0.00558645816135113,0.008171091488637757,0.008138787900517953,0.005552875761036763,0.002908682934030905,0.0020569288670427106,0.001993736819706011,0.00517556737728,0.006440314172662888,0.007444260551246385,0.01082617631931343,0.0052853612228690484,0.004998149102801837,0.006323803366001268,0.008291685668605869,0.008932671138770571,0.010046175131033449,0.006831429205274916,0.009199890385828479,0.006324889257436494,0.007970022260160026,0.004627045971783876,0.015373980939756955
dual_slot,0,69000,107.24185002385639,107.86779341695365,0.6337764859199524,0.8102990984916687,8,0.33730000000000004,0.6626999999999998,0.0136,0.014,0.0061,0.0071,0.0103,0.0046,0.0137,0.0055,0.0134,0.0074,0.0059,0.0057,0.0093,0.0046,0.0077,0.0041,0.0024,0.0018,0.0015,0.0051,0.0074,0.0078,0.0043,0.0035,0.0019,0.0028,0.0054,0.0089,0.0074,0.0066,0.0033,0.0017,0.0016,0.005,0.0072,0.0065,0.0091,0.0058,0.0046,0.0088,0.0074,0.0106,0.0119,0.0074,0.0099,0.0086,0.0071,0.0052,0.0158,0.01605528711356024,0.016620147726839625,0.021157704711937182,0.02073032608356329,0.018666768795149724,0.022261571428710335,0.015599203802780508,0.020724551040927124,0.01600209578644929,0.020035719078938363,0.02094833176214253,0.02182002975373372,0.018260967689739123,0.020754809610414475,0.019932809328109716,0.021510851720944135,0.023355137613294847,0.023649839708954408,0.02414681183495561,0.02154557845345694,0.019723730022642542,0.019110494483687263,0.02135147202863525,0.02300612106947363,0.023430649603392827,0.02391006758849313,0.02072916086958197,0.01899569296343149,0.020000175062479496,0.02106522135933655,0.02374680382269098,0.023977394738926253,0.023997765262477558,0.021522567672998733,0.020698016092413177,0.020294281889707638,0.01730652437152241,0.0218367623517536,0.02183877009324999,0.021336054946920403,0.019041570381655718,0.018535735645114758,0.017302955253007363,0.02005562193293136,0.017983765478152162,0.02106295443518722,0.019529407068592637,0.02179332760527223,0.013038392861670453,0.012474093695681678,0.011802214169478343,0.005660198248585296,0.006383908429287347,0.0090457112451157,0.0044288930180262105,0.01319685456965918,0.006274388853044674,0.012661907001677184,0.0071499362180974585,0.006016322203228046,0.004780783455825588,0.009545458955353761,0.006312337456357714,0.007325639115918518,0.005230363025954777,0.002781577016879946,0.0023902806502540874,0.0017304163666853627,0.005223316440009399,0.007564185678666655,0.008456545941371574,0.005441982472958833,0.0032449904350434935,0.00268131452198354,0.002044758086085143,0.006307330564526453,0.008530850864405111,0.007197130468496378,0.005782994795942772,0.00222247218625508,0.001955363169225819,0.0018892533154088963,0.005175744445634859,0.006309621140480138,0.006884749480961174,0.010851801899127605,0.004836691427491476,0.004834025610165323,0.005462452799257307,0.008508998741381685,0.009258755526281772,0.010934665864773128,0.007123509821517163,0.009991644514854951,0.005903192248013401,0.007939389212456825,0.004894362746202115,0.016675145471532038
dual_slot,0,70000,109.12071495410055,109.75985220901202,0.6173700094223022,0.8024203777313232,9,0.3487,0.6513,0.0132,0.0125,0.0063,0.0063,0.0096,0.0062,0.0149,0.0043,0.013,0.0079,0.0058,0.0057,0.0125,0.0072,0.007,0.0042,0.0023,0.0025,0.0018,0.0055,0.0077,0.0094,0.0046,0.0033,0.0016,0.0026,0.0058,0.0091,0.0081,0.0081,0.003,0.0014,0.0024,0.0053,0.007,0.0064,0.0109,0.0055,0.0038,0.0092,0.0097,0.0109,0.0102,0.0089,0.0094,0.0088,0.0086,0.0052,0.0131,0.015537386349437715,0.01573136502067132,0.020941301762779755,0.02036266925904673,0.01891248610103966,0.022666338201556578,0.01474879182288924,0.021597408003904976,0.01614922618084897,0.02025871381629743,0.02014454448680586,0.022018239721607897,0.01861983497230066,0.019821969973085517,0.01997988708851397,0.02185247632419448,0.0233155183120643,0.023805956503641132,0.024060272393772047,0.02155912993750462,0.01963394704891057,0.019409388054370945,0.021009957208446336,0.02333158066808753,0.023796642828661264,0.024258815849239047,0.02101555161916478,0.019332342199907798,0.020181045128498935,0.020369672932222214,0.02329434784449817,0.024109229223731383,0.02400960206654297,0.021337994119644363,0.020464029251462415,0.020542461142425947,0.01694136025172696,0.022011815033547155,0.021869344242970504,0.021093317136440495,0.018786162817580793,0.018814116509049787,0.019562586227781793,0.020198214441238652,0.01830761306935253,0.020576203795901506,0.019311329974634462,0.021779745556447995,0.012568067525549778,0.013417868969147581,0.013007692548979106,0.006187661368156095,0.006945116192089308,0.008843468292139962,0.003929514507096001,0.014411110607625548,0.005328790091228514,0.012616944325635392,0.007198385835896601,0.0072697133965645535,0.004777903280374125,0.009304686201305555,0.007652914803135755,0.007524319509873266,0.004955832194081988,0.003040647332914669,0.002398642655240443,0.0021047947215199606,0.005417960225795762,0.007938107394355196,0.00819300227243935,0.00605872593814622,0.003058683518328059,0.0024108346562022476,0.0018058303025409422,0.0062467151140010845,0.00829385860828407,0.007221932487354114,0.006896885582800945,0.0030683603851186765,0.00200164562635301,0.0021320618582796116,0.005629311518437542,0.006851494104352217,0.006709760887140072,0.011580006771458134,0.004825375973255584,0.004972813863219248,0.005949604208595002,0.009086955901073432,0.009050363317156473,0.008031521777154483,0.007121332118835379,0.009713398095296876,0.006626527803077686,0.008360427014523658,0.005090102395900548,0.017226709966459294
dual_slot,0,71000,110.99247020040639,111.64744329196401,0.6174392700195312,0.8186286687850952,8,0.3637,0.6362999999999999,0.0137,0.014,0.0066,0.0076,0.0079,0.0051,0.0174,0.0063,0.0149,0.0087,0.0064,0.0053,0.0122,0.0093,0.0075,0.0045,0.0022,0.0033,0.0019,0.0063,0.0076,0.0087,0.0054,0.0028,0.0016,0.0025,0.0059,0.0097,0.0077,0.009,0.0025,0.0017,0.0027,0.006,0.0068,0.0067,0.0111,0.0061,0.0039,0.0086,0.0099,0.0097,0.01,0.0079,0.0097,0.0078,0.0086,0.0055,0.0165,0.015567849144994983,0.016238748291630117,0.02080105557272751,0.020977312292977585,0.01923009680914871,0.022556217150668037,0.013571997470154012,0.020247096523708288,0.015500310087342739,0.019557144905919772,0.021373025734503517,0.022527330021295217,0.017624881678094746,0.020758879311032444,0.020063025384924188,0.0211560639835461,0.02370021315033369,0.02417311933680614,0.024372030248874688,0.021743780735787407,0.019833522671068943,0.019898606032161148,0.02137086577843819,0.023593197282667424,0.02390537350987914,0.023983850336135114,0.02103048480880202,0.01932708536253732,0.019665245465160942,0.020701912999813027,0.02365037450334713,0.023991674541475126,0.024693905589380012,0.021608262053453415,0.02040408466025624,0.020046867042090646,0.016209930159377745,0.022269080414777834,0.02250917967666905,0.021034731381720857,0.018122545590817753,0.018008481340604496,0.018032817096109034,0.020638636288105833,0.018588510807282615,0.020823150168657482,0.019464804391423278,0.02150364733883582,0.01334899487448239,0.013297211300685268,0.01254560267952052,0.006520351517107254,0.006370228865205314,0.008593762826689652,0.0043255900801814,0.015959909857260417,0.007315838397034871,0.013384672540738541,0.008248369449398376,0.005740603236740301,0.004245810625901179,0.010711535199088844,0.00661403112721938,0.00767139300809184,0.00602156279469816,0.002726958920396809,0.0021145582897763677,0.0018960365765168378,0.00529954810857904,0.00785140527141582,0.007845249091520347,0.005743400321012733,0.002865541554162026,0.00250034434287507,0.00239871899039927,0.006262309405507962,0.008390040291793346,0.007991194669588128,0.006726863448619096,0.0027914986107559206,0.0023885868575970527,0.001440154277695885,0.005475041110988775,0.007034418036195905,0.00761419262194571,0.012661046375848643,0.004619299332224331,0.0043474398278190145,0.006178685209244813,0.010106136487316631,0.010175721584498702,0.010066082443969539,0.006730680066769884,0.009463661723800178,0.0066479896171831926,0.00828982290053112,0.005649576816957765,0.01640494214458466
dual_slot,0,72000,112.92882762441877,113.5988942499971,0.6206318736076355,0.8290000557899475,9,0.3608,0.6392,0.0137,0.0142,0.0058,0.0074,0.0082,0.0049,0.0163,0.0074,0.0155,0.0079,0.0059,0.0056,0.0109,0.0062,0.0075,0.0041,0.0026,0.003,0.0009,0.0054,0.0072,0.0087,0.0048,0.0036,0.0021,0.0024,0.0069,0.0092,0.0077,0.0088,0.0034,0.0016,0.0021,0.0057,0.0071,0.0064,0.0114,0.0053,0.0038,0.0075,0.0089,0.0108,0.0128,0.0087,0.0098,0.0078,0.0099,0.0057,0.0173,0.015531871761313737,0.016546527012689716,0.020983665632254414,0.02126825003767308,0.018996942297766738,0.02166095975983823,0.01362709337995808,0.021103895613075203,0.0161005626164468,0.019475667913311016,0.020565172121372034,0.022364297541711153,0.01602176320688718,0.019480130161558258,0.020842121416212306,0.021404750311038355,0.023983169186506184,0.02426063693088152,0.024674599572638303,0.021555471724598464,0.02106458484180175,0.019979997345710356,0.021173203167587883,0.02351677501017757,0.02398389537526429,0.0243382526101645,0.020916657137783783,0.019816526384727175,0.020281522663277863,0.020252715273400185,0.02300367223448975,0.024433462342671478,0.024424934501097013,0.021805497142049452,0.020678346339625724,0.019917130246844453,0.015464559620212034,0.02223380100699312,0.022644114163196637,0.021386463111605677,0.01777141948992071,0.01901896727907247,0.017787264589769574,0.019913218089268426,0.01935569559084252,0.020795979474890168,0.019653176857177386,0.02122540077129556,0.012715219141351703,0.013481027283766569,0.012139269455112707,0.0064034545414648585,0.006116207386692206,0.008954168395904568,0.005533890327480229,0.015965596172412277,0.006288156203961691,0.012789959111870508,0.008495792273159174,0.007018874884842942,0.004630889193184508,0.012852065577974803,0.008372875783003062,0.006585180293917212,0.005862832450093757,0.002552452673485038,0.002274342455700769,0.0016256767034348208,0.00570838677960275,0.006299564007086091,0.007731106428476751,0.006121048638325086,0.003112184211155196,0.002590582834445129,0.002096568256925997,0.00652854789047357,0.007980045984703053,0.007343984179680039,0.007302844404142701,0.0037709464736097645,0.0019352679095280482,0.001946216632621421,0.005309259209600339,0.006834510298007831,0.007811820223539233,0.013489322978535521,0.004798431051320225,0.004310700799647488,0.005925373515096804,0.010644779809864299,0.009004015968451497,0.010507249107060017,0.00785590546342289,0.008571697308321878,0.006605358497923672,0.008150704635003468,0.006093095692019845,0.017175395540271005
dual_slot,0,73000,114.24478958628606,114.92720170901157,0.6131958365440369,0.8589209318161011,11,0.37240000000000006,0.6275999999999999,0.0127,0.0134,0.0071,0.0074,0.0077,0.0058,0.0162,0.004,0.0154,0.0095,0.0066,0.0047,0.0141,0.0134,0.0062,0.0048,0.0031,0.0025,0.0014,0.0056,0.0083,0.0088,0.005,0.0042,0.0023,0.0023,0.0076,0.011,0.0071,0.0094,0.0038,0.0024,0.0024,0.0061,0.0072,0.0074,0.0109,0.0056,0.004,0.0086,0.0083,0.0074,0.0129,0.0092,0.01,0.0085,0.0091,0.0055,0.0155,0.014723128220326665,0.016847899224841915,0.021230553309679122,0.021128516820660893,0.019026699412672377,0.02222008875571454,0.013104570462734326,0.020723697213849382,0.015019600677401473,0.019557959637611054,0.021161552151446026,0.022689552995358284,0.016328232858125315,0.019009022239810956,0.020400178512688636,0.02153603311194118,0.023550644131424065,0.024549967498492354,0.0250615498495842,0.022554043822725592,0.020004229544488612,0.01958022405855884,0.02099005354313026,0.02364222676516553,0.024493193533150874,0.02425697421890015,0.02011582458979776,0.01880665167401486,0.019621891297783224,0.020479490369421254,0.0235674976376564,0.024521974481461782,0.024593052218472425,0.021523877186913065,0.020667509810589058,0.02087559154419872,0.016280234041476847,0.022425111191906082,0.023032852301997454,0.021799876625332906,0.01899112449187544,0.018022160537850614,0.0180121369555133,0.019474657436744112,0.019165938513903233,0.020701266238653915,0.01917752472916652,0.022030113381273614,0.012723250173514708,0.014648170702761785,0.01192335719721484,0.0063054739878348484,0.006473512552738232,0.009169312275236745,0.005093744843198172,0.01665499602585036,0.006946149743551351,0.014156236372155774,0.008380601735669633,0.006431755265630024,0.004422208105645223,0.0125411628792411,0.009152594058308617,0.00739414604164502,0.005958404201411457,0.003372835014401897,0.0020706087512167297,0.0014239589188605804,0.0045934942799603275,0.007894633076355425,0.008430584083674968,0.006648532771890773,0.003296135321610728,0.0021423721243899966,0.0024409578352408653,0.0077535748143045076,0.00936933180662948,0.008495103399947194,0.007293894344629781,0.003312469361631884,0.002145054957733048,0.002055211344824801,0.0059347070220969475,0.007017171691085842,0.00675415241790746,0.012679959297386743,0.004912717580205603,0.004027333745602239,0.005585838476879017,0.009136154652473912,0.01036094353952606,0.01033455103845038,0.008603084803647184,0.008954248900155365,0.007130752923286299,0.009017728703459944,0.005255752333640486,0.017058867131798106
dual_slot,0,74000,115.53450268344022,116.22807458403986,0.6159501671791077,0.8356241583824158,10,0.3657999999999999,0.6342,0.0117,0.0136,0.0084,0.0078,0.0078,0.0052,0.017,0.0092,0.0161,0.0107,0.0067,0.0046,0.0114,0.0054,0.0072,0.0045,0.0033,0.0026,0.0009,0.0062,0.0066,0.0082,0.0055,0.004,0.0031,0.0022,0.0069,0.0079,0.0076,0.0095,0.004,0.002,0.0022,0.006,0.0065,0.0066,0.0122,0.0058,0.0045,0.0074,0.0088,0.0109,0.0113,0.0098,0.009,0.0084,0.0084,0.0045,0.0157,0.01570463757565677,0.015724885227550892,0.01998357731515397,0.021569255487818562,0.020029527834516996,0.02204995126827946,0.013270570174514865,0.019288280397623515,0.014814423476705776,0.01866975891232811,0.020850887109896108,0.022875183367680692,0.016182302778937247,0.020198869789900445,0.020784827524606683,0.02104799498581852,0.02367060985168299,0.024046992006446215,0.025279285467587984,0.022169424570723347,0.020759805390755663,0.019706236746095042,0.02122074432721155,0.023532615655892285,0.02437220304656538,0.024852575048862503,0.020932043794439144,0.019249383441436257,0.020265165566762722,0.019696271300351682,0.023721358980081535,0.02476182353301603,0.02488455393362551,0.0216119801109222,0.02107496924110182,0.02015889054872941,0.01596354176728193,0.022308767963663528,0.02283641689117713,0.021754412987908076,0.018260976818142604,0.01792995118642174,0.01770281458632266,0.01856202339742334,0.019488211807399156,0.0213335452499141,0.019376874352016342,0.022125624914978,0.013344972288073471,0.013416061847735604,0.013468912437130531,0.00811387882969053,0.0060564091909642405,0.008095582960435149,0.005417311556271823,0.016532545036555647,0.008942730292158833,0.014566346368983619,0.009910120762935973,0.006992184921923292,0.0045043917117847275,0.012858872172787299,0.00776701203012886,0.006996519709939028,0.006668017298531339,0.003433364637610894,0.002924477924232873,0.0013862506233237105,0.005346302359472069,0.007105878933466418,0.008421010518354694,0.006491443051665352,0.003605617794854456,0.0025575912601393924,0.0019188977860034138,0.0070080674716400185,0.009030346453941691,0.0076451949127262385,0.008511575023384572,0.0033309538384746953,0.002032179616732752,0.001878979702246392,0.006042140091185906,0.006751533812514728,0.00785597916906278,0.013249131121361675,0.005172365048287035,0.004435595000503659,0.005786221288950107,0.01022507614735399,0.01063828345557256,0.010882747347885281,0.009810228104626298,0.008693163153710172,0.006389700244861214,0.008793079167257523,0.005322850883565502,0.01640060907262024
dual_slot,0,75000,116.80739968887065,117.51229316694662,0.6101524829864502,0.8749051690101624,13,0.3842000000000001,0.6157999999999999,0.012,0.013,0.0087,0.0077,0.0075,0.0066,0.0161,0.0135,0.017,0.0103,0.0066,0.0049,0.0148,0.0142,0.0062,0.0043,0.0037,0.0026,0.0016,0.0054,0.0067,0.0068,0.0058,0.0046,0.0023,0.0022,0.0069,0.0097,0.0071,0.0093,0.0038,0.002,0.0022,0.0057,0.0067,0.007,0.0098,0.0054,0.0043,0.0076,0.0076,0.0108,0.0136,0.0092,0.01,0.0085,0.0102,0.0049,0.0168,0.014596014260811327,0.01697203822557415,0.01891879660056924,0.021351977825934336,0.020295347775366367,0.021603148467711476,0.014469509959319424,0.019102376796952866,0.015263871132329425,0.018081299099301833,0.020238202547659106,0.02318970842603736,0.0151834123814874,0.017912429113117807,0.02084542158572355,0.021389293494493276,0.02380653000212945,0.025136606318934954,0.02549013142154556,0.022455415083273554,0.02064863309195726,0.019839930647116654,0.02157536075565851,0.023634590149143386,0.025064700817041503,0.025075367656005574,0.021294777777810442,0.018880286874817107,0.01928265427683333,0.019808334614736883,0.023226684033126575,0.025022809551372968,0.025134852554525244,0.021963184606377563,0.021147838769267575,0.020420938619901772,0.015249232444536173,0.022933685234076483,0.023013738639890154,0.022396421688814058,0.018225158174003935,0.01825939510364691,0.017089010693978605,0.019454043159490716,0.019791457408203615,0.02122101614628317,0.019621981477626078,0.021701063283904892,0.012721321231580384,0.01493302321766447,0.012096121393262344,0.009629614387062068,0.006605401633630634,0.007862666521970953,0.006258190239031523,0.015049162617022402,0.009326263882259257,0.014152725002365089,0.010813348839142475,0.007971837688433781,0.004350780436718729,0.014173310882575342,0.01090333961127408,0.007148745545637223,0.006559620877025065,0.0035159074127744843,0.0019231647628727036,0.0014503797194587499,0.0052125862877456805,0.007585488160219288,0.0084604578752267,0.006253219114886504,0.0037659144533478232,0.0019723195830470947,0.001959232963478866,0.0066755775565636695,0.009676860073651358,0.00914415281773268,0.008460158991796918,0.004266354384788237,0.0020627764144776376,0.0018862538700845017,0.005777417126036692,0.0067777247919475715,0.007747647797981044,0.01409255948771718,0.004703945186234344,0.004488544103883172,0.005402149879006668,0.01055873022295449,0.010399539119550426,0.011796363630641966,0.008855759235529864,0.008441802305582915,0.006805134570803613,0.00876691148105867,0.006177125871650073,0.01735017929911494
dual_slot,0,76000,118.0968819539994,118.81365391693544,0.6035922765731812,0.8494643568992615,12,0.39259999999999995,0.6073999999999999,0.0139,0.0136,0.0113,0.0067,0.0081,0.0058,0.0167,0.0063,0.0169,0.0116,0.0061,0.0043,0.0147,0.0133,0.0076,0.0045,0.0039,0.0032,0.0008,0.0063,0.0078,0.0084,0.0068,0.0047,0.0022,0.0021,0.0078,0.0094,0.008,0.0096,0.0052,0.0026,0.002,0.0053,0.0074,0.0083,0.0118,0.0055,0.0038,0.0073,0.0096,0.0118,0.0129,0.0091,0.009,0.0077,0.009,0.0052,0.0167,0.01585416455040685,0.016926186133077607,0.01768267408136507,0.021200642209864957,0.019846414149093678,0.022344119352486223,0.013292052767897012,0.017729285500887985,0.014978298567301731,0.017162593343484352,0.021966549259076172,0.02372957297913502,0.015692948008377998,0.018515810734221035,0.02107662599449471,0.021663280351457252,0.02338405176563519,0.025074635146775853,0.025594467411581605,0.022036869883886402,0.021245981965651445,0.01997382668637288,0.021543953887749438,0.023760534872990693,0.02501149918580222,0.025234479556417954,0.021115872648151807,0.018898627821350957,0.019898998676071387,0.02010805260172666,0.02327166492701841,0.02470341627477011,0.024964744692428063,0.021994499390718278,0.02110833440577465,0.02020983602853095,0.015225697642396507,0.022269428663542534,0.02304961799277369,0.02211898835095083,0.016999185310425702,0.017325672030674054,0.017281152787271603,0.019467216147623295,0.0198210286130804,0.022038359475491872,0.020011366414404094,0.022714615318317248,0.012882105441015564,0.013410455141349593,0.012177353056660078,0.011173941193904472,0.006753803858070551,0.00844927005444578,0.00547236447931594,0.01670051365559555,0.011077866636757255,0.014403632452954607,0.011849132630819676,0.005856058663603816,0.0036605802014065165,0.01368576973139644,0.01007677762030532,0.00698361742774378,0.006266059969353831,0.004122261779976793,0.00205445012943614,0.0013795626086276418,0.005770047048395707,0.006698347217307462,0.008293427324681624,0.0064510748397754265,0.0036617721263424415,0.002131673931069204,0.001819876342492866,0.006974675973261439,0.009608540654519469,0.008424014580700348,0.008207375913941231,0.004220663552281663,0.0025085009127320938,0.0021888609868469444,0.005782809380219792,0.006866708761113532,0.008043818545409014,0.014179154993045888,0.005446533772780013,0.004570381922191802,0.0057086675797743255,0.012049002710178095,0.011571540385910281,0.011665055929284414,0.008991205390007664,0.008480319991236274,0.005807287576814363,0.00836469867062083,0.005019197907841188,0.017084747066323715
dual_slot,0,77000,119.37177238997538,120.09997133398429,0.6116579174995422,0.824602484703064,13,0.3992,0.6008,0.0131,0.0136,0.0115,0.0076,0.006,0.0059,0.0146,0.0118,0.0183,0.0119,0.0052,0.0044,0.0153,0.0161,0.0078,0.0056,0.0035,0.0026,0.0013,0.0061,0.0076,0.0085,0.0073,0.0055,0.002,0.0019,0.0087,0.0093,0.0087,0.0095,0.0045,0.0016,0.0016,0.0052,0.0071,0.007,0.0115,0.0064,0.0037,0.0066,0.0101,0.0084,0.0171,0.0095,0.0088,0.0068,0.0085,0.0057,0.0179,0.0159980513006366,0.017011290336193256,0.017721742525226895,0.02187552270893486,0.020110270769905035,0.021205307801864613,0.013445788645762943,0.018671597927736358,0.01466754492688535,0.016837714592001847,0.02178752153316811,0.024146487016308307,0.015368817310856004,0.01899457791846799,0.021289734550877876,0.0213391362934141,0.023621444400623883,0.025142648842573674,0.026009897368587276,0.022483925771115347,0.021162759086996615,0.019719308544297837,0.021519587634314732,0.023089754960327613,0.025431676000728598,0.02524273848692269,0.020871131822251924,0.019136008659805002,0.019823363810735038,0.019946027426818228,0.022856337982840508,0.02505305425178976,0.025238638531543442,0.02136864557082007,0.021115691935998288,0.02019056651845469,0.015545770744513143,0.022149976409312253,0.02383028135341133,0.02249860131733495,0.01800697077837162,0.017779007813790382,0.01600216172989411,0.018773620552366903,0.020005071565234775,0.02133234946821809,0.019757345541398776,0.022213881614921993,0.012610647345446252,0.01350364067866805,0.012127811308439086,0.011311742094328382,0.006233943332516561,0.008397741233097247,0.007001581172317174,0.016614719526300843,0.010090329071512864,0.015144159565998924,0.012375797260220317,0.006339865444431699,0.0034223851320503034,0.014143827071751124,0.009779701052856568,0.006860898898721,0.00684049927385582,0.0040934121735940404,0.0023014856471167827,0.0011795019187500842,0.005462579966303077,0.007052794689623341,0.008829258179957377,0.0067014250494184585,0.004811502127567293,0.0018754747612083316,0.002102888319128994,0.007481935178958029,0.009531343749917265,0.008625887653623336,0.008595431793662813,0.005053390637560786,0.0023702631639042726,0.0021078232069727506,0.006765918100875647,0.00714850929673593,0.008262031214583071,0.014126150583362154,0.005825473705713489,0.0038420467697521657,0.005444915829028269,0.010890303738708753,0.011242815057260701,0.013342443184000626,0.009967530122864315,0.008485301154143098,0.006926793197187777,0.008783475165938108,0.005982929570468108,0.017463682576085167
dual_slot,0,78000,120.64302611746825,121.38389045896474,0.6009701490402222,0.9074603319168091,14,0.40460000000000007,0.5953999999999999,0.0127,0.0137,0.0137,0.007,0.0077,0.0079,0.0162,0.0108,0.0178,0.0129,0.0059,0.0041,0.0154,0.0131,0.0078,0.0056,0.004,0.003,0.0008,0.0057,0.0066,0.0079,0.0073,0.0054,0.0019,0.0023,0.0079,0.0079,0.0092,0.0096,0.0061,0.0021,0.0021,0.0063,0.0074,0.008,0.0122,0.0068,0.0037,0.0074,0.0094,0.0123,0.012,0.011,0.0098,0.0081,0.0095,0.0047,0.0139,0.01662333117577644,0.016331231725246857,0.015250731282143992,0.02177396495228149,0.021081012934769626,0.02069024848110612,0.013033817276424131,0.01949717024617884,0.015016316391074324,0.01614700917651109,0.021865797766614386,0.02429339838507178,0.014713549878906131,0.0182231360290189,0.021016886539397553,0.021605975142070494,0.023338624027986934,0.025325494287906182,0.026228041248305058,0.02237042919336146,0.021753074950066197,0.020636779396726868,0.02156009060875605,0.02303136878552341,0.025514901727380433,0.025498487756232608,0.020762303283920425,0.019992126354962066,0.02073471615500034,0.019525620278498232,0.022236928296381832,0.02552573198199879,0.025611404459922084,0.021685081209740824,0.02111883848509205,0.01988668197303308,0.014455523440280333,0.02202176781829333,0.023600852463131927,0.022797829347115342,0.017672793257675977,0.017674955415705792,0.017140932254750944,0.018456224282647163,0.019892431551880738,0.022041575720401226,0.02021484917410185,0.02255964262692658,0.011970320803701735,0.012766123309845022,0.013074402691182893,0.014281124533630956,0.006602328898264639,0.007309145883733763,0.007773812490430097,0.01715168073874767,0.00927065306127961,0.014833309936545976,0.013254403275850549,0.006454065978883129,0.0034501651885184624,0.014919898755499813,0.010746572671224844,0.007424462490927629,0.0066849017765142,0.004663633376743386,0.0022228772495591267,0.0011887013074725345,0.0058149351499946125,0.006627169659373425,0.007837393754715368,0.006817589084306474,0.005028997343620804,0.001997648697272918,0.0020171669113892925,0.007766255539561741,0.008603964865790046,0.007877185001338168,0.009275885002091545,0.005895559002938795,0.001984770203295308,0.0018828951754347551,0.006590835011513321,0.007264166689874232,0.00880747609958583,0.015226723668948658,0.006190473559878033,0.004312749276810854,0.0052676417265203725,0.011361934865391075,0.011437488795721262,0.011994382482226004,0.010430339802070723,0.008878764148916373,0.006166919547807698,0.008378182762773403,0.0055508747944021004,0.018220995286014823
dual_slot,0,79000,121.99825131357647,122.75236433395185,0.6108569502830505,0.8490182757377625,14,0.4065,0.5934999999999999,0.0141,0.0138,0.0143,0.0066,0.0066,0.0081,0.0151,0.0068,0.0168,0.0128,0.0064,0.0039,0.0159,0.0042,0.0075,0.005,0.0042,0.0029,0.0008,0.0063,0.0061,0.0089,0.0074,0.0058,0.0019,0.0021,0.0092,0.0091,0.0101,0.0091,0.0062,0.0015,0.0024,0.0077,0.0075,0.0091,0.0115,0.008,0.004,0.0061,0.0139,0.0107,0.0157,0.0105,0.0092,0.0066,0.0096,0.0054,0.0191,0.016240080161731143,0.017050014966538112,0.015422286478427433,0.02262671045319857,0.021546442307404302,0.019335843589639898,0.01602888318328681,0.018413279797614455,0.014557032655151948,0.016022952543195388,0.021857942049272834,0.024167363167940988,0.013419488848213054,0.018882111668602878,0.020604611310925423,0.02173363628405453,0.02321572142186968,0.025603120606085893,0.026087087104427156,0.021887814166272578,0.021665370155406302,0.0198899645078029,0.02178334360083716,0.023046790929428636,0.02584986369794031,0.025214431125655173,0.021137622731750485,0.01958832262269626,0.019143869782997702,0.01952080428067953,0.022598961868479886,0.02544425672511453,0.025854810038497766,0.02110332333212124,0.02119042957175769,0.0196802769005291,0.015606169400522764,0.02205894704540679,0.023870133160515235,0.02298501811839765,0.016937257622948627,0.018333004852732853,0.016993860665304297,0.01881138245622747,0.020735481415871018,0.02175056687263132,0.019617220181808358,0.022134370502140868,0.012751723069944997,0.013315767826513274,0.012198524940535822,0.014090772822672064,0.005503614665799427,0.006824422309846865,0.009525436990490679,0.013488229407828674,0.010502877398484,0.015117402081962513,0.013456203650666892,0.006532950850795062,0.0036756202521229246,0.016506167668517136,0.009907542850332237,0.00794191088057814,0.006641377945453537,0.004765686840718692,0.0019330222627753633,0.0013587928813522288,0.0064975073907098,0.0067223761487593,0.00875078143606765,0.0065823998924971336,0.004966123962937685,0.0016402599879244998,0.002394204846029353,0.007348551881319698,0.009225868984293617,0.009714152654093772,0.00926691743392312,0.005536538541094492,0.0021215152853571425,0.0016343911228515042,0.007311123340888266,0.0072077712240042075,0.00903863963872396,0.013872594545929814,0.006138207122430474,0.004028285578936792,0.005117542802880465,0.012371374758216327,0.010598124139944674,0.012226089882253917,0.010069588518415828,0.007747570154363606,0.006504102192570534,0.009308769343447196,0.006244029203044742,0.017454726084708407
dual_slot,0,80000,123.2595803498989,124.02643724996597,0.6209304928779602,0.9183360934257507,15,0.42190000000000005,0.5781,0.0137,0.0137,0.0153,0.0065,0.0068,0.01,0.0164,0.0083,0.0172,0.0131,0.0059,0.0041,0.0159,0.0053,0.0078,0.0048,0.0047,0.0028,0.0011,0.0067,0.0067,0.0091,0.0075,0.0063,0.0015,0.0021,0.0093,0.0092,0.0102,0.0087,0.0068,0.0017,0.0028,0.009,0.0084,0.0095,0.0125,0.008,0.0038,0.0063,0.0131,0.0125,0.0143,0.0118,0.0085,0.0065,0.0098,0.0064,0.0195,0.016157106628696866,0.016917385307597253,0.015161201419978513,0.023431141269416,0.022154135810101897,0.019738982368421625,0.013822916711041886,0.017406331366170816,0.014175126827564381,0.015357461447287904,0.022617361181906905,0.024923243054574846,0.013728920284517407,0.018647993752801198,0.02180885212616855,0.022133333313034763,0.023188371004682285,0.02577180223797148,0.026811567550007458,0.02260655219017997,0.021555896562821045,0.019992493185841967,0.022000930461518516,0.022757515610658415,0.025965874124341343,0.025897704924615857,0.02038004313583508,0.01967070429252,0.019239344728126315,0.019477492199937052,0.02206201598374267,0.025861711369353328,0.026243336533078754,0.02100629924584083,0.021304245340076258,0.019421767604431456,0.014815597340370317,0.02095332216870624,0.024489075776188907,0.023265444871723717,0.016349953059085015,0.01867244468769651,0.016005150337885438,0.017969477739396906,0.020559892787540182,0.02228143591909057,0.020432479151489623,0.022384993690274444,0.01242357131569126,0.013360535646360968,0.012598724571548293,0.014668204571297899,0.004989700223696886,0.006427051583399735,0.009297463796111429,0.016215466627298575,0.011955303055186627,0.015691070298418024,0.014285047926293516,0.005891492119569207,0.0032255395734672662,0.01628507839009916,0.010441626199615505,0.006826252395557784,0.006451102455510215,0.005348504825308851,0.0022835377170017657,0.0010032847963014776,0.005903988969193977,0.007118707762049165,0.008965303970885402,0.0065651179268039,0.005885702137987131,0.0021372858979950204,0.002059849931674737,0.008478174382899498,0.009376403707323046,0.00987512141815279,0.009599786473051288,0.0064944937090441945,0.0021014639932764156,0.001660246865482603,0.007832251420698377,0.0074877801110692175,0.009703275138601895,0.014989650809918487,0.007932563534282695,0.0037275034316192612,0.0051422081326339955,0.013332888142124015,0.010647732174687827,0.013575282887711667,0.01142140711274076,0.008348365645025922,0.006279873163854441,0.008417550319239235,0.006160144522492228,0.017950511687059294
dual_slot,0,81000,124.5307378397556,125.31024195894133,0.5799877643585205,0.8851057887077332,15,0.42169999999999996,0.5783,0.0105,0.0138,0.0159,0.0063,0.0069,0.009,0.0168,0.0136,0.0175,0.0134,0.0061,0.0038,0.0157,0.0044,0.0076,0.005,0.0053,0.0025,0.0016,0.0065,0.0064,0.0082,0.0064,0.0071,0.0016,0.002,0.0094,0.0084,0.009,0.0092,0.008,0.0017,0.0021,0.0087,0.0085,0.0097,0.0118,0.0078,0.0039,0.0054,0.0138,0.0125,0.0142,0.0122,0.0105,0.0077,0.0095,0.0054,0.0184,0.017282810718042597,0.016371253037141306,0.014713164022900963,0.023291015763489818,0.02222893101000712,0.018766670817265848,0.012611539262054192,0.0162216347194074,0.014966008479371457,0.015644734843117226,0.02254485286813003,0.0254937673110229,0.014070203081743032,0.019381649049066647,0.02197019230584457,0.02216951125375972,0.023874187356865147,0.026419752457452268,0.027015672418693154,0.02277901315945051,0.02178260995586624,0.020086970501301364,0.022080707258156404,0.022672005875040355,0.026615187406425746,0.026209071897362365,0.020739228546026296,0.020052395553899715,0.019595843409801722,0.019878622070786237,0.02075868118306949,0.0261214952049623,0.026316205274081864,0.021291786796838172,0.021043312863764783,0.01774433430095197,0.014400249086851776,0.021225317937129378,0.024075235939238535,0.024264758042517903,0.01543420984399815,0.01895373946119374,0.0162384960521737,0.0177506659605279,0.018460585546389498,0.0227338112774487,0.021233498215091455,0.023129485185868645,0.01129492541840955,0.012175292329762772,0.013287318255918222,0.015246070015352992,0.005399768225788568,0.0066043989730119575,0.010609465838420883,0.017668823456909538,0.013535142355071174,0.014920227947591964,0.014150407418638669,0.006246076171778937,0.002940440428826748,0.015858137423158378,0.009833824294217534,0.006897863875421012,0.006710856156094849,0.004738327196733604,0.0018120506781058507,0.0011361502795350297,0.00601955093428579,0.00714968478823067,0.009111964259829186,0.006811578836868922,0.006101857528941053,0.0015903857423806252,0.002051007390076648,0.008333101952682945,0.009190242128082128,0.009669007182510122,0.009348275839212335,0.008271976011305058,0.002150338047125723,0.0019685577798359286,0.007706382986633118,0.008027267948241976,0.011729951102874326,0.015561919825311531,0.007781772857239521,0.0044712327028475374,0.004295336695873266,0.014506375191273613,0.010397290077891436,0.013437893005698073,0.011722769649811273,0.010917569350700767,0.006070819514041963,0.007811557176452497,0.005543915869594088,0.019162144505981676
dual_slot,0,82000,125.84144715545699,126.63273325003684,0.611102819442749,0.9149823784828186,17,0.42410000000000003,0.5758999999999999,0.0112,0.0124,0.0157,0.0056,0.0065,0.0088,0.0155,0.0125,0.0171,0.0139,0.0061,0.0028,0.0171,0.0062,0.0078,0.0057,0.0051,0.0028,0.0013,0.0072,0.0065,0.0081,0.0075,0.0072,0.0017,0.0014,0.0094,0.0093,0.0102,0.0089,0.0084,0.0017,0.0018,0.0093,0.0095,0.0108,0.0116,0.0076,0.0038,0.0049,0.0149,0.013,0.0124,0.012,0.0102,0.0061,0.0095,0.006,0.0191,0.018185332459538378,0.0167928892641599,0.014565380166994778,0.023303985433479814,0.022737735186449125,0.020075410934320116,0.013361069535285906,0.015291288679917185,0.015260082304757847,0.014924800170141504,0.022901711231148376,0.025393270438767865,0.013307157693410107,0.018746913041673786,0.022305248444582787,0.022049895123297265,0.02364455407716081,0.026272764643435934,0.02713930876936492,0.022863698486925335,0.0221405988831943,0.02064205749471791,0.022311116293055443,0.022173791528925263,0.026677096835218315,0.026501527781023257,0.020011527335370614,0.01978815906839588,0.01975866549965128,0.01997768008186932,0.019582245660788568,0.025919064688412694,0.026547822592400648,0.02127350583250325,0.02011309797473218,0.018202482679562378,0.014557313530588485,0.020407135321879676,0.024912029876650137,0.02435849958048129,0.01626375677258226,0.017516404284728178,0.0164648165670783,0.016503506835748704,0.019805398257768784,0.023253218063482288,0.02016984177951551,0.02270920087292963,0.01233594194193363,0.01127308870070129,0.012922982992608639,0.015359237328145382,0.005456166402130068,0.006134403809064688,0.009139596062856534,0.016757707863690446,0.014617967531192502,0.014653192826091415,0.014992591842556992,0.0059883725741661144,0.0032149998778844657,0.016818562753722434,0.010600122342460258,0.006583525949040472,0.006910827502752132,0.005149862552392445,0.0020659898228274167,0.0010878476251863405,0.005992218297833121,0.006730317439620027,0.00846091130325255,0.00661596490843968,0.00681003757186654,0.00160958562272617,0.0018468278753429358,0.009172644424842589,0.009463841722141823,0.009536196126483324,0.009288975704168957,0.009618148732254235,0.0025043036026639563,0.0017555084767210578,0.007748141755416767,0.009214242988835882,0.011292792285901292,0.01544646782805696,0.00868702547866797,0.003641029609343074,0.0042267839238071606,0.013715572425967566,0.012106289934437723,0.013332369102575306,0.0131324460993292,0.009405319880056169,0.005513471858796343,0.009072066420943964,0.00608848792029052,0.01799298173472933
dual_slot,0,83000,127.11794612184167,127.92165708402172,0.6118185520172119,0.901829719543457,17,0.44619999999999993,0.5538,0.0153,0.0145,0.0164,0.0062,0.0062,0.0094,0.016,0.009,0.0175,0.0139,0.0051,0.0042,0.0166,0.0164,0.0078,0.0057,0.0059,0.0022,0.0014,0.0076,0.0078,0.0083,0.0076,0.0072,0.0016,0.0019,0.0093,0.0099,0.0118,0.0089,0.0089,0.0019,0.0015,0.0074,0.0094,0.0123,0.0127,0.0095,0.0032,0.0052,0.0147,0.0101,0.0138,0.0124,0.0104,0.0065,0.0087,0.006,0.02,0.01615848832681098,0.015475338016982022,0.014181896572449944,0.0238540052673636,0.022999190753816595,0.018984341620295105,0.013167422015403865,0.017619520872617138,0.015446050153692815,0.015004697585271828,0.023054523795572657,0.02541602104362803,0.012042240009810752,0.01890209289358185,0.02118457048748667,0.022332772676324913,0.023537482928986303,0.02666222737259176,0.027430882034984665,0.022576471353325613,0.022027982824460952,0.02107272791888169,0.02132395193452737,0.0226166775609567,0.026918950786791324,0.026703766360091134,0.020241321545788737,0.01965330188922259,0.0188932539212361,0.020415882910281617,0.02057771365341351,0.026156512681310813,0.027052984936870555,0.020634514416744992,0.020321987067458414,0.01736501281635829,0.01408846481748183,0.021191025980345245,0.024862317810845257,0.024758410040771714,0.014750918220331635,0.017769116346129474,0.01754270332442235,0.01678585560450495,0.019172107347891286,0.023074213970352076,0.021368199162793342,0.023305416121883714,0.013324472246855186,0.013712556278194813,0.014436194417626651,0.015802127339607615,0.005003737321879498,0.005958091827319381,0.010596705309121615,0.017012858710729804,0.011964204390380834,0.014390767744388536,0.015000701688774765,0.0058572529572850605,0.003337955579514441,0.018347189003761036,0.010610406596183335,0.008023080419341978,0.006702111827777408,0.005357117517132971,0.00182944562779424,0.0010103464698479666,0.006430035340212525,0.007042393331810074,0.00814794664184589,0.007789343517754036,0.0064242097682492135,0.0015428277205050593,0.0017830695786710867,0.009115229715359885,0.009693597088427503,0.01058121233420215,0.008920341324908668,0.008700603489641202,0.0025502989264542713,0.0013931857888535464,0.008676250987276667,0.008986108491719743,0.012521786469481995,0.015984563877247494,0.008015873208190579,0.003838948008035049,0.004033080454034558,0.015479345223145449,0.011836251576675519,0.012128092058251716,0.013051196898893311,0.010269887456268743,0.0059915199344001725,0.00789619386323292,0.005577145146525378,0.016954708060065958
dual_slot,0,84000,128.39818501239643,129.21380050003063,0.598860502243042,0.9003129601478577,19,0.4484,0.5515999999999999,0.0136,0.0147,0.0171,0.0061,0.0057,0.0101,0.016,0.0132,0.0173,0.0137,0.0056,0.0038,0.0175,0.0174,0.0078,0.0052,0.006,0.0022,0.0012,0.0075,0.0069,0.0081,0.0075,0.0067,0.0019,0.0021,0.0099,0.0079,0.0105,0.0092,0.0096,0.0019,0.0019,0.0074,0.0084,0.0121,0.012,0.0099,0.0036,0.0046,0.0149,0.011,0.0153,0.0124,0.0118,0.0067,0.0094,0.0058,0.0173,0.017255381026900635,0.01580347338149351,0.013767571291679529,0.024384316907941975,0.023361429674698668,0.01947473249537291,0.013779180928137343,0.016187003832292324,0.015901468401446885,0.014117458523696367,0.023141419414142196,0.025568976142418445,0.013208973419590951,0.01959290112549958,0.021011467591108286,0.022473031610808596,0.0239846945795239,0.026844785670068476,0.027549270315145383,0.022700316249927986,0.021958171451092405,0.021151957682636804,0.021325022646026037,0.022054045287587826,0.027076108148030617,0.027023991917282324,0.020690301881225073,0.020651758626599293,0.0194322693933563,0.020322394666446468,0.019145164706878944,0.026593395487798224,0.026777779042034974,0.021038431381586606,0.019692126679700047,0.01726922302567273,0.014137488383036764,0.019566260733873235,0.025304429462715,0.024827322943900706,0.01434624927033579,0.017879309520378646,0.01681173774097799,0.016179006060663383,0.018484299155131993,0.023332885743774935,0.021016654963446187,0.023460103669153583,0.012344257746763067,0.012624813940319196,0.014139481509564523,0.016411998548236263,0.0048041263546669795,0.005770018792197157,0.010190109130609953,0.016477387378177416,0.01387498542833539,0.014110102605925377,0.01598909773386885,0.006128565106775068,0.0033873269738900294,0.017024799605296233,0.010138599083519282,0.00842613293399375,0.006822746990391114,0.005164400778502466,0.0019877200899111646,0.0011758137307473228,0.006495282932608647,0.007387566274310825,0.008311072976861518,0.008043089766144682,0.007282389381801161,0.00169488888419283,0.0017520621798466876,0.008739400251814178,0.008859808526343847,0.010236692612398974,0.009143007106371923,0.010434468817331056,0.0022635037567083766,0.0020221661629664573,0.008435615229461863,0.009834432741534425,0.012609628792105778,0.01600618679001976,0.010167824508399748,0.0036384812703805615,0.004240008513153951,0.015855293924392562,0.011940342947073928,0.01311150586693621,0.013727509258586507,0.011315711032519504,0.0060357074650855035,0.008381379708319942,0.005700832530202744,0.018090609906854675
dual_slot,0,85000,129.6586444635177,130.48642562504392,0.6064223647117615,0.9263331890106201,19,0.44100000000000006,0.5589999999999999,0.0147,0.0158,0.0176,0.0053,0.0056,0.0108,0.0168,0.0132,0.0165,0.0143,0.0053,0.0036,0.0172,0.0049,0.008,0.0054,0.0062,0.0023,0.001,0.0075,0.0055,0.0087,0.0079,0.0072,0.0018,0.0014,0.0103,0.0082,0.0095,0.0096,0.0108,0.0022,0.0022,0.0085,0.0083,0.0126,0.012,0.0106,0.0038,0.0041,0.0162,0.0097,0.0132,0.0131,0.0122,0.0072,0.0092,0.0062,0.0168,0.016002078663680357,0.01552565259647428,0.012522432997950694,0.024130117099147662,0.0226723020005367,0.018508657293591534,0.013175686953039884,0.016430008097926323,0.01547119498313364,0.013211341060559895,0.023107784422561808,0.02598130199700984,0.012884924804155746,0.02016838745362846,0.021978620239585578,0.021680938798610813,0.02326437542205649,0.02714957539528584,0.027727090606558383,0.023158807833861532,0.022221896324111534,0.020715538290549743,0.022204539445783565,0.02267269206303378,0.027236938319096182,0.026831043983424813,0.021726035041647856,0.02100410714711034,0.01979133783292017,0.02025767694195853,0.01954664320471071,0.026235337168725212,0.02728833753501054,0.021543791764948673,0.019776450439814543,0.01757586903223882,0.01548887735550284,0.019060657868408243,0.025220325880500872,0.025135212611794022,0.013493179210106527,0.017955018777675247,0.016970403838141735,0.015637507211101027,0.018832664391240282,0.02345931857906726,0.02139235942840879,0.023154792920599954,0.012820168673012734,0.013928343752948685,0.014447235965896393,0.017952521964919824,0.005114876676981222,0.0067416963436343754,0.0113545917196228,0.017045727844359267,0.013618520910999625,0.014623735148113716,0.017241270714832373,0.00615020977979517,0.0030205617697829008,0.017479594521383934,0.00939067183143195,0.007458146794746048,0.0077042370136291985,0.006018723571719666,0.0017481545471588675,0.001119162628757914,0.00609463840655626,0.0071541238432803935,0.008794750810041933,0.007133965323615225,0.006858459012991742,0.001731129545960635,0.002134140695067573,0.0076941836256545024,0.00848046042402964,0.009840392197463013,0.009332486041756571,0.010263147634230193,0.002743883221963388,0.001636086370835143,0.007892671121722549,0.009856606575485826,0.01229239888299789,0.01448728916088898,0.0106362011798841,0.0038493673458742973,0.003942067169394673,0.016856185976107413,0.011801328698025526,0.012912769600559336,0.014442598711737887,0.0108845168117283,0.0058454666939544335,0.008057601350414324,0.006216198688338142,0.017511060177804467
dual_slot,0,86000,130.9582457530778,131.79826833400875,0.6006251573562622,0.9213016033172607,23,0.46920000000000006,0.5307999999999999,0.0151,0.016,0.0166,0.0054,0.0057,0.0114,0.017,0.0135,0.017,0.0146,0.0054,0.0035,0.0186,0.0116,0.008,0.0059,0.0066,0.0025,0.0012,0.0081,0.0059,0.0086,0.008,0.0078,0.0019,0.0024,0.0104,0.0102,0.0108,0.0092,0.0109,0.0024,0.0021,0.0079,0.0095,0.0134,0.013,0.0119,0.0038,0.0042,0.0155,0.0124,0.0142,0.0135,0.0131,0.0068,0.0092,0.0068,0.0197,0.015359323962165355,0.015434523041857396,0.01391716901334517,0.02408654839510931,0.024104226807851868,0.018287054761833215,0.013007491267637943,0.016700970295843998,0.015465570800176926,0.015374689714666257,0.023344828766037374,0.025833963300585995,0.012150259570619677,0.019287152664073152,0.021830531002226972,0.022546693914643173,0.02335884920650321,0.027208837544650658,0.027831726593853433,0.023041515349013122,0.022027023478731533,0.02126256734083186,0.0217665116019903,0.022498339814599956,0.027481205840747376,0.02766296806869078,0.021120200968306795,0.020924242117389392,0.02019378021915367,0.02075508896424639,0.018683476939952422,0.02686707288524997,0.027297865252913417,0.020389079398548567,0.01924651275923852,0.015672402683729252,0.015439777293155207,0.018715873711288626,0.025612557060988604,0.02562950343553433,0.013062316891730562,0.01759954538677736,0.017238150842554194,0.015650813731638492,0.017699694709736716,0.024160682839726465,0.021854872885563197,0.023355094479111438,0.011960852425180486,0.014861201696896646,0.014702291556702139,0.016605797648233493,0.005329437365982305,0.005310445736594383,0.011598800930038334,0.017309612057694816,0.013341768005333678,0.014707999958236575,0.014805632020544714,0.006087192120461758,0.003413155640760253,0.01830864703566792,0.010485349626723813,0.007831164916859456,0.006983677824682515,0.006189317690804374,0.00197521324905896,0.0012669912411029775,0.006452099258687727,0.007541951266219138,0.008402256479902405,0.007821814910442725,0.00703562384273178,0.0017216749476286614,0.0014482857618619337,0.008555198343160845,0.00888290122856911,0.009511374487116697,0.009064619691706716,0.011133868574094322,0.0023814279274669953,0.0018405097395857567,0.009457817776025279,0.010607133411153123,0.014407678851876018,0.01477477200055266,0.011138127753030254,0.003690071239216551,0.0037109285264789534,0.017211651287307575,0.012415505996129263,0.012803746238432235,0.014469934009664478,0.012268854718064569,0.005249795945819121,0.007726889830103495,0.0061152263329709924,0.018433999031141922
dual_slot,0,87000,132.23924769519363,133.09281020902563,0.6015481948852539,0.9136854410171509,22,0.4597,0.5413918367346938,0.0153,0.0165,0.0169,0.0044,0.005,0.011,0.0107,0.0107,0.0181,0.0143,0.0052,0.0033,0.0187,0.0215,0.0082,0.0058,0.0067,0.0021,0.0009,0.0083,0.0069,0.0084,0.0079,0.0075,0.0022,0.0019,0.0102,0.0085,0.0098,0.0104,0.0111,0.0023,0.0017,0.008,0.0089,0.0132,0.0137,0.0123,0.004,0.0042,0.015,0.0102,0.0129,0.0135,0.0139,0.0072,0.0082,0.006,0.0161,0.016419741161829274,0.01541377430253582,0.01273925448029271,0.024799095347107322,0.023083439891233168,0.018520996927058303,0.013191128256660568,0.015948424941426547,0.015527146668451003,0.01448013887778386,0.023878748908796293,0.025787126719074738,0.01378704462257434,0.0218156777066986,0.022298702501860713,0.02208769857508311,0.023144104958823564,0.027681624177656454,0.027711440216157512,0.02345367092740299,0.021615026408278035,0.020185241074708395,0.021889550246961365,0.022854779712152412,0.027736163628829184,0.027568578898600794,0.02150146638010813,0.020114389026503234,0.02007285960533232,0.020254098501846028,0.017716935341058525,0.026685358530349382,0.02775524972575314,0.020622463089353393,0.02009073281785083,0.015341543554007306,0.014659570013938132,0.017953738872627738,0.02550705501659086,0.025287423151414794,0.014619650730652108,0.016821058780673324,0.017278085671297086,0.01456804121660959,0.016907632421164182,0.024070520998220057,0.02312380387337483,0.023442532878563422,0.011987469664674491,0.013799907862420111,0.01506962928480566,0.017887050508467527,0.004616080087390728,0.0064484620515692466,0.011438503347197784,0.017052870502098905,0.014264228100914485,0.014636043505124222,0.015715223123845753,0.0056381058091629025,0.0035998894129628907,0.016533597809977853,0.008075915332450539,0.0074428399134189695,0.007511949724722761,0.006500857069297987,0.0015764977334730113,0.0015446531279576508,0.00609210443913703,0.0080558431629262,0.00954384301621501,0.0077626417925589315,0.0068098668777455676,0.0014791851306782294,0.0016581716725802356,0.008294316872670524,0.009658578061545565,0.009859182982620073,0.009626550798192895,0.012297270148673125,0.002601482911231231,0.0014588004901315043,0.009076874120313305,0.009683843746405008,0.014795211831854354,0.015562646692744854,0.012083417928053935,0.0038599536021539566,0.00409452836314666,0.015722469428430315,0.013175973657427356,0.012805039938999572,0.015738527752595648,0.013161634883966562,0.0054332862944463595,0.006483476861451779,0.006143062777395162,0.01845560883191865
dual_slot,0,88000,133.50565930490848,134.371831833967,0.596642017364502,0.9967249631881714,23,0.46520000000000006,0.5350918367346937,0.0143,0.0162,0.0162,0.0046,0.0049,0.0137,0.0158,0.0137,0.0171,0.014,0.0047,0.0026,0.0179,0.0058,0.009,0.0063,0.0065,0.0019,0.0013,0.0078,0.0066,0.0098,0.0078,0.0077,0.0018,0.0018,0.0101,0.0086,0.0102,0.0095,0.0107,0.0021,0.002,0.0103,0.0101,0.0126,0.0118,0.012,0.0038,0.0045,0.0165,0.0147,0.0163,0.014,0.0147,0.0062,0.0084,0.0056,0.0207,0.015506895321886056,0.015450675985537125,0.013557373887106271,0.024709271758217036,0.02369244936675222,0.019269998452457957,0.013473633171913996,0.016752109095529284,0.015636844551346132,0.014188254479366377,0.024225164734394844,0.026372814891907334,0.01209029790964856,0.020201475954465826,0.020779527792509647,0.022333548439259623,0.022970283579009262,0.027260937506749232,0.027872925880434656,0.022532720740842407,0.021747776046274668,0.02111109038738063,0.022371040557021472,0.022732458065133285,0.02801805744130123,0.027338969732469152,0.02177934736248039,0.021715148823006677,0.01970131682636693,0.02097744625439462,0.017861524383304645,0.0269572799977598,0.02768931253218842,0.020866594841306603,0.019271015982485547,0.016070592522101638,0.014936458539333406,0.017749163978027248,0.025842929693119486,0.02610083812336548,0.013675661837605619,0.016954540197480356,0.01691029131350256,0.014711242823436277,0.016707828028917442,0.02447479816150027,0.022012919828691066,0.023474639829618685,0.011362512391092499,0.01471753566223513,0.014855484420564306,0.01683111036294756,0.004807974581652446,0.005929051579887306,0.010595979080859842,0.016763969993784926,0.013236236796481138,0.014501129924624998,0.016081656767894636,0.005362181931795199,0.002998713269941643,0.018314120808966355,0.009565718737055298,0.009028730935896684,0.0072969514880265,0.006658455489582924,0.002092712449606176,0.0014024248205795817,0.007124072040476622,0.007959342336414255,0.008754035681608265,0.007296118116998909,0.006950591344599487,0.001247988358197134,0.002009677299842353,0.007886684370628205,0.007994061407226864,0.01017606984907856,0.008857185716175463,0.012368192941416086,0.0024158385235227135,0.0015978102748531434,0.008936081708354485,0.010712083813356407,0.014117697825885945,0.01528548267956023,0.012331507172650757,0.0036016337969689235,0.0034443774382522103,0.016588051050445078,0.013177077115259244,0.013106975452861339,0.0155642002775169,0.013400544380060626,0.005057481116156796,0.007677199241317691,0.006160825662569338,0.01904950475044235
dual_slot,0,89000,134.7647670081351,135.64365583402105,0.5859934687614441,0.9383416175842285,22,0.4737,0.5263,0.0158,0.0168,0.017,0.0056,0.0047,0.0108,0.017,0.0141,0.0176,0.0145,0.0041,0.0037,0.0182,0.0085,0.009,0.0064,0.007,0.0023,0.0012,0.0083,0.0061,0.0095,0.0074,0.0075,0.0012,0.0018,0.0106,0.0068,0.011,0.0097,0.011,0.0024,0.0017,0.0096,0.0104,0.0135,0.0129,0.0133,0.004,0.0042,0.0172,0.0138,0.0151,0.0139,0.0146,0.007,0.0075,0.008,0.0194,0.015644683268953907,0.014657096605000006,0.013956034041337204,0.025580419904898396,0.024537562144599106,0.018303952253222466,0.013742808142815933,0.016169542612350655,0.015538969283510014,0.013583713370153691,0.025595840595003347,0.026773386264111236,0.011428497950446927,0.019204588466875054,0.02207460512733959,0.021771744952682786,0.023142440840751472,0.027431038467378807,0.02827305847601809,0.022333894391072834,0.021697496975892967,0.02040546339842078,0.023002029228452216,0.023123510671026713,0.028323676607281224,0.028087102506371794,0.0210967591383375,0.02224017635766798,0.019507980625114066,0.020986674317146008,0.01849685520691286,0.02727294462514092,0.027934225003940834,0.020836254717755857,0.01942004484160835,0.01497375273377251,0.014024014246598944,0.017195241108863304,0.02598658140853058,0.026352808268073437,0.013351050032779272,0.01518757781419984,0.017589485263356318,0.014969271290444532,0.016097039840465295,0.025111379618764564,0.021810892451339513,0.02319635237216739,0.011979482171052892,0.01473845161504855,0.01576603490629592,0.016573615054722837,0.0042831365096645865,0.005446354341255543,0.011893358940306558,0.016639226465552798,0.014192335804441843,0.014848446949188042,0.01676570197460002,0.004228028791488082,0.002963730777055852,0.01924257723828597,0.010917185036901767,0.007891872040071864,0.00828512285780579,0.0068198521642668375,0.0023185065808137466,0.0014033228011788084,0.007661144227244645,0.0083623778300962,0.009745800439846483,0.006887825356923835,0.006800486493739769,0.0013506546680228596,0.0015968098684820565,0.00894838266527124,0.007797720280971497,0.010523380690591319,0.009101988351206375,0.011653581040555302,0.002483003122395578,0.0017558788118360938,0.009141312348020856,0.010771127817001928,0.015436554407141579,0.01646381919469258,0.013046972175829556,0.0038214632253012405,0.0034013419125327802,0.017124975528106066,0.015135944547922171,0.012636761385611879,0.015441217346053759,0.014072462392147054,0.004732110126944021,0.008322514910529318,0.006724694750361501,0.018591153509677306
dual_slot,0,90000,136.05770463182125,136.94936758396216,0.5693989992141724,0.9396599531173706,19,0.4718,0.5282,0.0141,0.0172,0.0157,0.0056,0.0057,0.0141,0.0183,0.0147,0.0181,0.0144,0.0054,0.0026,0.0183,0.0043,0.0099,0.0075,0.0072,0.0027,0.0012,0.0088,0.0083,0.0091,0.007,0.0075,0.0011,0.0019,0.0097,0.0077,0.0098,0.0098,0.0097,0.0023,0.0019,0.0085,0.0102,0.0122,0.0117,0.0118,0.0039,0.0039,0.0174,0.0155,0.015,0.0137,0.016,0.0069,0.0079,0.0072,0.0184,0.015258673994901828,0.01608276049833031,0.014813742946359999,0.02522924511615257,0.024370589667542512,0.01703633184517697,0.01350569316994537,0.01573558285417244,0.0156064611382313,0.014377202112473897,0.024575594860329873,0.02630805981787669,0.013850377427115096,0.019399974200846777,0.020807088348766663,0.021577431295743667,0.022871042514900047,0.027181491686936288,0.028218279394552508,0.02190693207648814,0.02089821734211966,0.020701152096756312,0.022339828181408797,0.02270360573775202,0.028184474562312024,0.027956495952044087,0.020709003306289737,0.02110547806705569,0.018969097376340602,0.02027815043487696,0.018445658469852758,0.027274639539625896,0.027542917210500256,0.021059451103021383,0.019536847968663784,0.015363908939632076,0.01478560582974709,0.017314101487426056,0.026375648259697917,0.025834217874350793,0.014630622059684935,0.016282818046161013,0.017742068466125423,0.015208394191642115,0.015652345431318528,0.02482550782951587,0.022824518846129408,0.02308255144867575,0.01366011897443006,0.015018212355178785,0.013990998273257636,0.015488452992052752,0.004363284840360864,0.005231721797485703,0.013178496194087435,0.01687091025580165,0.01447511237240652,0.014611579085928562,0.01591076364283837,0.005015055029152192,0.0032231025265611656,0.01658474387819804,0.010485087213036932,0.009154180371003219,0.008261892009770002,0.0069337571304074926,0.0022609236027497336,0.0011651589589237665,0.007913647809920276,0.008979742569250146,0.009188017731860369,0.007456126715932132,0.007032593430321831,0.001200886755161594,0.0014808962675972894,0.009257844911819873,0.008838816964415323,0.01105766166127093,0.009674144044405676,0.011649938520120778,0.0021624771002730987,0.0018789386436415178,0.008809337139778566,0.010496677477645244,0.014828866194970867,0.015635378168664026,0.012767738321995983,0.0031516693639812745,0.003723898634253503,0.015799178080983033,0.0138967480931684,0.012315426744091577,0.015071352289521943,0.014680272197248425,0.0047899884372890065,0.0069438647652050435,0.006632091660374706,0.01674676254853775
dual_slot,0,91000,137.34530774818268,138.24967408401426,0.5813125967979431,0.9577030539512634,24,0.48039999999999994,0.5196,0.0145,0.0164,0.0161,0.0057,0.0062,0.0138,0.0176,0.0127,0.0172,0.0142,0.005,0.0029,0.0184,0.0189,0.0089,0.0077,0.0072,0.0021,0.0014,0.0102,0.0084,0.008,0.0076,0.0071,0.001,0.0016,0.0098,0.0089,0.0112,0.0105,0.011,0.0031,0.0017,0.0083,0.0106,0.0151,0.0126,0.0125,0.0036,0.0036,0.0165,0.0109,0.015,0.0146,0.0155,0.0067,0.0077,0.0062,0.014,0.01661221877975822,0.013410275471126472,0.014481734553130652,0.02549999830526623,0.024561957229227983,0.017731731647871167,0.013061964605125837,0.016777166869848124,0.014988258111736343,0.015933101452978393,0.025204572691279854,0.02673639013972756,0.013514768569042818,0.018673688854187798,0.021379076742619095,0.02098240369852111,0.022544026734733238,0.02783240298760139,0.02810509329807577,0.022002422890376523,0.020799828343557265,0.02195931185102554,0.022695890631522872,0.023127496449256414,0.028414875841092244,0.028080696062490397,0.020759459670003692,0.021320818421193287,0.01881495936605799,0.020054171907806125,0.018637827697232708,0.027238721720657826,0.02801221540525451,0.019390524448557572,0.01819946724369624,0.01574755861746794,0.015102419214628467,0.01718765590863537,0.02665804340121468,0.02625600762714205,0.014001744702963413,0.015402297251660967,0.01699665032258411,0.015626175212056125,0.01600245318370094,0.024771709600118146,0.0232552715242016,0.022764425266830243,0.01268806947515672,0.013562068351233239,0.01711524716177478,0.01588749581306181,0.004349913820891608,0.005400315340968578,0.012479821909731608,0.01751533273992225,0.013547350193097473,0.01551873579433416,0.014305033748528692,0.004734246507575642,0.0031074602114492624,0.017006940406122613,0.011464423833376081,0.008738423098571781,0.00907144841679964,0.0074918937260334065,0.0019323839643849853,0.0016497413457413515,0.00805326434668412,0.009338812177564555,0.008137011298557064,0.007295424791637633,0.0068090042673139405,0.0013286527488786987,0.0016750290009628363,0.009458779176220473,0.008720682658979989,0.011396122407946241,0.010072620144588278,0.011579718805758834,0.0025477326639287558,0.0017850714791436317,0.01072142607457353,0.011995015488092146,0.014692660793214967,0.015361345683013675,0.013121879641373431,0.003188666350739455,0.0035663126211194075,0.01646312872941434,0.015011460574344049,0.01324173130920286,0.014623161797573787,0.01442846340551609,0.005104782691712644,0.006676565818301696,0.007302513865361547,0.017707561324344097
dual_slot,0,92000,138.6220297625987,139.53934908402152,0.5895380973815918,0.9970536231994629,26,0.49040000000000006,0.5095999999999998,0.0145,0.0159,0.0168,0.0061,0.0056,0.0144,0.0169,0.015,0.0171,0.0148,0.0046,0.0025,0.0188,0.0165,0.0101,0.0076,0.0076,0.0026,0.0013,0.0108,0.0081,0.0091,0.007,0.0072,0.0009,0.0017,0.0104,0.0079,0.0107,0.0102,0.0114,0.0031,0.0014,0.0089,0.0113,0.0143,0.0122,0.0126,0.0035,0.0037,0.0166,0.0134,0.0154,0.0147,0.0153,0.0064,0.008,0.0064,0.0191,0.015260801563588482,0.01490292594389393,0.014036249036075806,0.0261431001972314,0.02474984543173012,0.01681862567882499,0.013172084647316985,0.01404151244229219,0.015481552539128425,0.015750574938591673,0.024813180968679523,0.02757012755931837,0.013397720546207829,0.019784389451073817,0.020579476343050872,0.020713418365926294,0.022447307950859488,0.027968384974623547,0.02871899348916905,0.022142249239962573,0.021017311571482462,0.022408659618160333,0.022849974945984793,0.023232676319474642,0.02872245835032919,0.02877811700063207,0.021258952836226745,0.021728306886404026,0.018609167508337326,0.02020834319395088,0.018127353212341622,0.027763212977686226,0.028422381815713063,0.02002216484775427,0.017962923724156553,0.014868392565359802,0.015831595688646134,0.017266242257871184,0.0266123922520835,0.026407850106117126,0.013240891038121837,0.016961916750476418,0.01668252027810692,0.014119971063717283,0.015909790215881493,0.02601892397812005,0.022789151976149453,0.021992174342616418,0.011693661370552767,0.015255294454197155,0.01554122913821003,0.016657257159085885,0.004067763002633231,0.005485093107742792,0.013514301253124403,0.017419166744758373,0.01649565280159821,0.014952603918078212,0.01463987033139014,0.005381600637385308,0.0025770142129594,0.017111506874173243,0.01057541430158862,0.00972752586674847,0.009630331835594742,0.007749293266492134,0.0021328124388855334,0.0014082959645590806,0.008176810869418107,0.00932118737785586,0.007866734439530378,0.007378730715384014,0.006989416290380928,0.0013657087308536018,0.0013090883031777894,0.009153495569875589,0.008597906116321743,0.011692818992833906,0.010066009669297288,0.01237827150433509,0.0023415297928004045,0.0016709705658600374,0.010294467663587254,0.012467417321950853,0.01565448425097871,0.014752762048749264,0.013176137392599855,0.0035122366156792157,0.0037984382348448084,0.01731010888459424,0.013485721622321225,0.013848071045130379,0.016337713420980487,0.0146341538258494,0.00419408497765399,0.00747966720165298,0.008212291549923773,0.018923137066725104
dual_slot,0,93000,139.88463827827945,140.81635020894464,0.5862014293670654,0.9565087556838989,26,0.5053,0.4947,0.0142,0.0179,0.0171,0.0062,0.0054,0.0144,0.0185,0.0135,0.017,0.0138,0.0052,0.0029,0.0189,0.018,0.0104,0.0086,0.0085,0.0026,0.0014,0.0113,0.0091,0.0086,0.007,0.007,0.0013,0.0021,0.0107,0.0087,0.0128,0.0105,0.0122,0.0037,0.0014,0.0097,0.0119,0.0149,0.0129,0.013,0.0035,0.0031,0.0191,0.0128,0.0164,0.0157,0.0159,0.0059,0.007,0.0084,0.0142,0.017576582849582606,0.015366514855623552,0.015119021229031838,0.026070142743450576,0.024889558881323666,0.016706532323565206,0.012754997977165556,0.015634100239403082,0.014889520230788683,0.01607399253528928,0.02539097424757841,0.027536564706062437,0.012950108445850298,0.01911718268949064,0.02088178916536792,0.0208964333597297,0.02195281070034935,0.02789737089391213,0.02892196207917623,0.021173859941941715,0.020879750743127125,0.021765440246820658,0.023210869922329118,0.02343269882142436,0.02937041328069171,0.028958277916079363,0.021507642765733012,0.022197200726342542,0.019035312042450528,0.020146213219784534,0.01636117793934551,0.02749751100535492,0.02879478474343484,0.01915156861997963,0.019213946738107515,0.015378973886038032,0.014449064775868402,0.01595405967438264,0.026809228606285006,0.027475054062948492,0.012042994389290596,0.015672814234300485,0.01720136577332357,0.013661399580954737,0.015035990413090162,0.02539675284178209,0.023513449480811494,0.02107025108691827,0.01301577236831769,0.012955340459615553,0.015163438190231505,0.015449773677629558,0.004391227527224362,0.0056098214053945114,0.013941802840420797,0.0179288769158953,0.015013278857335591,0.0156400075770073,0.014417528722988255,0.005069790548154193,0.0028870503716484624,0.01765581538710985,0.011298926555909144,0.009574955716905451,0.009521262077761616,0.008700201491674582,0.0026437533405115196,0.0015419505725990598,0.009322207819806968,0.009655117321904137,0.008692092405484509,0.007365138822504636,0.007065382682641022,0.0010548366628392797,0.0014666046110628503,0.009027785061549432,0.008221654338032357,0.01157603671572209,0.010544250900618331,0.014091536843124874,0.0029260692561986846,0.0016299520304519125,0.011498946280286223,0.011319436271904237,0.01515099026697345,0.01615819536833557,0.014498292164415439,0.0036918630553321712,0.0029485061783656712,0.018483995756525748,0.014857411875749644,0.013291160531934855,0.016827970864102232,0.01557179297205993,0.005064017105535152,0.006906579012018285,0.009503849308111545,0.017512085003664676
dual_slot,0,94000,141.15483922848944,142.09966829197947,0.578493595123291,0.9766809344291687,27,0.5028,0.4972,0.0161,0.0183,0.0183,0.0062,0.0061,0.0121,0.0159,0.0138,0.0172,0.0153,0.0036,0.0025,0.0164,0.006,0.0123,0.0086,0.0095,0.0035,0.0014,0.0116,0.0084,0.0091,0.0073,0.0075,0.0015,0.0017,0.0109,0.0077,0.0126,0.0101,0.0129,0.0031,0.0017,0.0114,0.0113,0.0138,0.0118,0.0139,0.0034,0.0034,0.0186,0.0148,0.0173,0.0154,0.0155,0.0061,0.0065,0.0102,0.0202,0.014027246918763218,0.014574682104764432,0.013449854413368685,0.02653672669579296,0.02566951879934215,0.017477374234851035,0.012364576006361986,0.014748303473459748,0.016321931122237274,0.01572208422284047,0.02645776707047568,0.027939298824444757,0.014157234224825954,0.017285654533703065,0.019559905264593943,0.021401021782971815,0.02153944496909628,0.02740903127429941,0.02950585290945689,0.02139453501616021,0.021074503189770267,0.021836135325939872,0.02350646964335016,0.023318588887671833,0.02898531039391404,0.02946890308412635,0.020696968993051436,0.02262876594836143,0.018501222515087415,0.01908581806466689,0.01638088999119401,0.027857676656497812,0.02875637455791366,0.019352180949180703,0.0189129724773304,0.01589816605811899,0.015328389426710637,0.016883547556419555,0.027396166257739968,0.02724434418262848,0.012887128711036956,0.01696592004108479,0.01659427768323469,0.014660122127883927,0.01570501119431855,0.025554927964798815,0.024190055358631408,0.02100884719244217,0.0117782717050848,0.01671372323033481,0.016018539086592214,0.01716496199056702,0.004164126365359723,0.005017867515128456,0.01327810994506138,0.018233387265301167,0.015847613859157127,0.014376547847781924,0.015006142310961857,0.004202797338013253,0.0027442720775433835,0.01642950447845014,0.013232477458547783,0.011071668240121546,0.009298204655325586,0.009083806022947224,0.003266305179177874,0.0012020447855793461,0.00922646569006845,0.009580590288260766,0.00883078542797818,0.007186389491916829,0.0074494776743655846,0.0017145038712747963,0.0012384208223873072,0.009991324310744457,0.00801140095247773,0.01215297335749524,0.011538393408115124,0.014396629542620387,0.0028246267465850683,0.001939884595608779,0.01135429183452045,0.011708554901188516,0.014715607325175212,0.015276535977232886,0.01394084017442139,0.003278970416745707,0.003467497368691353,0.017718949206411472,0.013820684340221802,0.014069368017355055,0.01593442584930178,0.0150229502148797,0.005169741385085273,0.006474356580879066,0.009723351723050517,0.01884964943141967
dual_slot,0,95000,142.4170121542411,143.37522620894015,0.5820285677909851,1.01088547706604,28,0.5182,0.48179999999999995,0.017,0.0188,0.0183,0.0067,0.0057,0.0135,0.0173,0.014,0.0166,0.0146,0.0044,0.0027,0.0178,0.0137,0.0131,0.0088,0.0099,0.0035,0.001,0.0127,0.0094,0.0093,0.0071,0.0069,0.0013,0.0014,0.0103,0.0078,0.0126,0.0116,0.0126,0.0028,0.0015,0.0109,0.0131,0.0139,0.012,0.0132,0.0034,0.0032,0.0187,0.0141,0.0183,0.0155,0.0154,0.0053,0.0068,0.0103,0.0194,0.014513356741619202,0.013988408065751634,0.013161747783491246,0.026956715405541905,0.02486372747479762,0.019158503228803865,0.012651364266326213,0.015390993537025322,0.01583897970006006,0.014386718316765138,0.026391329463048376,0.028733739802901337,0.015477891634634743,0.016515628217926636,0.019224162440118292,0.019608161043944673,0.020637937999105932,0.028250615485196237,0.02978232962832656,0.021179265738642674,0.020625159511492762,0.022397277377785012,0.023262434971286935,0.02404126282553662,0.02993302081378034,0.029684116380201728,0.022151036819303103,0.021621085275940068,0.017438504509891754,0.019398913014018207,0.017637267265562133,0.028614452380752053,0.029453828443947463,0.01878696707185923,0.01824219888682596,0.01529953511713766,0.01468119911627868,0.017274214721352665,0.027319335379062275,0.02809903558021018,0.011677503040133942,0.017874551381732422,0.015949749828565767,0.013454294366274181,0.015490093445644029,0.02623018390085962,0.024264353898742118,0.020522989241052225,0.011863859460743127,0.01626420546739668,0.016807009724281105,0.017600274517728214,0.00416728461124476,0.0062147823466105106,0.011689526482971611,0.017972852020367112,0.01526577351409688,0.014874947632239219,0.016385727942940853,0.00470983004679377,0.002462048588936655,0.015260510932849365,0.01422563441581854,0.011821832277776077,0.011297096480544607,0.010426108037944665,0.002925655611455844,0.001416757279924304,0.009789461400127347,0.010243057799183723,0.008620655093504674,0.007790448206303184,0.006925896002578826,0.0012721537291447383,0.0015110029013233233,0.008817885506027743,0.009287365524162709,0.013457228054793598,0.011654141291666968,0.013266494932971523,0.00253745452817671,0.001771050146939242,0.012319490792256475,0.01260787638817543,0.01543166218935512,0.016103143602537444,0.013497693351193317,0.0037802512886864537,0.0030320494792042837,0.019063621122130635,0.012960671639680576,0.014807714904326589,0.01724142125541179,0.015209739551586197,0.004825403137553065,0.006711817380557268,0.010419225586791508,0.018806668143244474
dual_slot,0,96000,143.67521265265532,144.64654566696845,0.5961340665817261,1.0737287998199463,28,0.5224,0.47759999999999997,0.0165,0.0188,0.0185,0.0053,0.0055,0.0127,0.0152,0.0137,0.0164,0.015,0.0051,0.0026,0.0184,0.0078,0.0136,0.0098,0.0107,0.0045,0.0013,0.0136,0.009,0.0084,0.0071,0.0078,0.0012,0.0012,0.0104,0.0077,0.0137,0.0119,0.0135,0.003,0.002,0.0121,0.0135,0.0147,0.0123,0.0143,0.004,0.0032,0.0195,0.0155,0.0185,0.0148,0.0156,0.006,0.006,0.0109,0.0196,0.01528681271257127,0.014398672796243895,0.014230067294611352,0.026615125601776625,0.02628600677346011,0.018522929533625623,0.01369946424485351,0.015803055000672438,0.014765206610769476,0.016081750110658283,0.02622890460350242,0.028955037432467405,0.012888228316231931,0.01701724572522688,0.019420532880114402,0.019579500283471305,0.019875656193575654,0.028147327724388826,0.02950934978302997,0.020334296248342168,0.020768337224023093,0.02232179261655569,0.023325479863864712,0.02418293693297175,0.03022251593550771,0.03014770076670533,0.021995516080973762,0.022905956334781694,0.016640572142793707,0.017846095801706756,0.01687669515666937,0.028164429943852674,0.029040493319318163,0.01761572222803628,0.01676552450396142,0.01537140054524362,0.01610231310175745,0.016623848621651192,0.027937036755644365,0.02833071921446633,0.012857388160219287,0.016066850919343418,0.016199906313177154,0.015217302743455821,0.014101111024253536,0.026290422463849647,0.025066101883544217,0.020933065848240423,0.012437593683837811,0.015583908326289553,0.01627592632607723,0.016554149997285997,0.004686040694709553,0.005000384150122503,0.012414947870738232,0.01709999479523805,0.014895529581790332,0.016043035082867637,0.014707471135745151,0.005015860290491062,0.0023339887416992514,0.01775762381443396,0.013735848411803489,0.011518578789498954,0.011288623026352286,0.010966700160692386,0.0030663748455567893,0.0017654990419696116,0.010606775170226809,0.01023128241435085,0.008630379933909329,0.007710814454201011,0.006891851834073569,0.001084349580542214,0.001155806017109333,0.009020133697719682,0.008111504005854878,0.014212799210884473,0.013022333509605594,0.013948214140620536,0.003050040408572445,0.0022133067886419785,0.01332048975349956,0.014249706427694653,0.01546405545721791,0.014687831294084311,0.014228771950728922,0.003306287567634323,0.0029693414841249354,0.01790426694070754,0.01476076394673869,0.014711806906270303,0.015572172733389606,0.01659919193923457,0.004878979196559659,0.006048335455255002,0.010073949073056563,0.018383340275824108
dual_slot,0,97000,144.9752930367831,145.96012520894874,0.5947659611701965,1.0301700830459595,31,0.5389,0.4613918367346938,0.0139,0.0187,0.0192,0.0055,0.0056,0.0147,0.0167,0.0142,0.0159,0.0143,0.0041,0.0026,0.0182,0.0145,0.0139,0.0105,0.0104,0.0043,0.0015,0.0138,0.01,0.0088,0.0078,0.0069,0.001,0.0012,0.0104,0.0081,0.0148,0.0123,0.0131,0.0035,0.0018,0.013,0.0156,0.0156,0.0125,0.0136,0.0038,0.0036,0.0195,0.0148,0.0188,0.016,0.0153,0.0056,0.0053,0.013,0.0207,0.016222590233930287,0.014880988461914098,0.013396470419719997,0.027046523678633194,0.02669865407229558,0.017436297625984837,0.01490195337387901,0.014948465818996944,0.01671699536654223,0.015851536057929414,0.027054961106048166,0.0291425661027849,0.012826556906028668,0.01705730937809503,0.018096644053338374,0.0191440234564431,0.019289503465951804,0.028364097448192765,0.029842303327565815,0.019680004717040272,0.019848923030030916,0.02261240605841429,0.023837916761916576,0.02454476209176716,0.030470810088527644,0.03021389422091581,0.022436186991628578,0.02325075284321159,0.016354706804789003,0.019227214415517085,0.016452647256618613,0.02810958636687301,0.029403472488532513,0.01797004935872088,0.016410679680418788,0.015316362936971523,0.016283391797030415,0.017123645909609984,0.028107903938244763,0.02855438708302039,0.01145991400218686,0.016406687736447878,0.01541330617895923,0.01276275885399784,0.015749552150654912,0.027523633785968372,0.025607794513380834,0.01887329813248763,0.011074909451842333,0.014559958173222514,0.015943999782602948,0.017345807548089634,0.0043781452613817955,0.00462850822965204,0.01349199777792746,0.01584607793570729,0.015802156942560097,0.014288411440466029,0.014988463977328819,0.004331115427247175,0.002359821840697596,0.01784490569446853,0.013849870605215513,0.012946567709234975,0.011957543299324136,0.011702981243235233,0.00309491792857158,0.0016990706422492167,0.011334236862467035,0.011291917373563606,0.008526152461065178,0.007329858878634222,0.006740520604885077,0.0010665187853431894,0.0013091205241288807,0.008692553440525101,0.007962433819598038,0.014513327508612676,0.011839924844372022,0.014420843832410865,0.00329618636430688,0.002074389416445612,0.012987984150255073,0.01449953567509546,0.015611007300239342,0.014580669183708775,0.013904417529372003,0.0033368375560229283,0.0028761678261233535,0.019213530763043805,0.014581430206956139,0.015402277774095308,0.017983274222817675,0.015045703326891235,0.003849492457444747,0.005736715288124009,0.012174122597300382,0.01945989719306071
dual_slot,0,98000,146.3183554041898,147.3169743339531,0.5690542459487915,1.0085997581481934,30,0.5416000000000001,0.4583999999999999,0.0173,0.0194,0.0187,0.0059,0.0054,0.0142,0.0167,0.0144,0.0155,0.0142,0.0044,0.0031,0.0168,0.0062,0.0158,0.0125,0.0117,0.0043,0.0018,0.0148,0.0107,0.0088,0.0075,0.0068,0.0014,0.0016,0.0104,0.0079,0.0146,0.0134,0.014,0.0031,0.002,0.0143,0.0142,0.0155,0.0127,0.014,0.004,0.0031,0.0198,0.0158,0.018,0.0155,0.016,0.0057,0.0054,0.0129,0.0194,0.013742697138200206,0.013032534537189324,0.01415841830325707,0.02793802218855556,0.02730731143650971,0.016618000398376083,0.014481609519965775,0.01416111471658298,0.016798056194607648,0.015343740957771706,0.02685796166293404,0.029519728732494005,0.014199826617078887,0.015774886016177842,0.016823799294565046,0.01803321877998642,0.018273288137802934,0.028672986094811455,0.030373841129969312,0.018736923564954218,0.019814130413720342,0.0226614561656758,0.02415867646063167,0.024583564018656363,0.03119216169626246,0.03121960210781665,0.023185013901648732,0.024053416838582965,0.01655922002560634,0.01896744863110878,0.015632861088670742,0.028798896933695445,0.029972790604383716,0.017805814448977064,0.016487122186586142,0.014515845647209695,0.016146596684590342,0.015829836991027066,0.028023781027998927,0.029205519160075,0.012575577617125055,0.015394315570606023,0.016723185540367374,0.01457506954436866,0.015164471643026714,0.027325343451673707,0.026110920109985565,0.019437460346817412,0.013031935721314942,0.01723082542296539,0.017687089915702538,0.016654087111243734,0.003933121094395565,0.004511800701741886,0.014436473319579608,0.016474745392776918,0.016690675641361948,0.014271271415020766,0.01576186139175359,0.005002205894667829,0.002520961589991118,0.01673328231968131,0.015170971596934247,0.014247652019082294,0.013138004862013122,0.012878677777547871,0.0033369138060901854,0.0016982475901595297,0.01260954044101449,0.011543073900533763,0.00885251627149736,0.007439748234393997,0.0070499122209020364,0.00094743523687414,0.0009222585508384371,0.00841121247982849,0.007497261853572219,0.014646654543874944,0.012319907781864719,0.015262217529153941,0.0031823276138593314,0.0020662130321931513,0.01334664923433513,0.014595617096080956,0.01644333361074164,0.014947113089797608,0.015042428860363402,0.003932562020317882,0.002770187614329871,0.018223537195592505,0.01575452148462525,0.014418090536148377,0.016271807951066537,0.015770091696440607,0.004573381256572815,0.005687619471540205,0.01173242017538315,0.017765764331633595
dual_slot,0,99000,147.62110365310218,148.63325408403762,0.5637316703796387,0.9538004398345947,30,0.5482,0.4518,0.0172,0.0203,0.0187,0.0064,0.0053,0.0152,0.0165,0.0142,0.0163,0.0141,0.0044,0.0029,0.018,0.0176,0.0153,0.0115,0.0133,0.0043,0.002,0.016,0.0108,0.0079,0.0073,0.0066,0.0014,0.0012,0.0097,0.0081,0.0149,0.0125,0.0131,0.0029,0.0018,0.0137,0.0144,0.015,0.0126,0.0131,0.0039,0.0028,0.019,0.015,0.0172,0.0157,0.0161,0.0062,0.0057,0.0116,0.0185,0.01279889086907603,0.014704367363870954,0.013797238110699493,0.027656236706067296,0.026882479567190816,0.017819923800214958,0.014440888093665866,0.014853594343064545,0.01565193427605626,0.01752876038633872,0.02717529077706466,0.030029068682365725,0.01346850922542332,0.015652664578737492,0.015548999023960416,0.01730492305059192,0.017998205887205056,0.028570410390973307,0.030434212074727844,0.017174877050375244,0.019673970662191613,0.023970826653703668,0.024606412242139247,0.0251473395410182,0.030999992202110263,0.031590619063910384,0.023327282622697905,0.02382353423802866,0.016235498632571864,0.01726432176005822,0.014882647626743902,0.029472309936117706,0.02992997231899961,0.017257660529536915,0.016041892484939133,0.015094208600083626,0.015355462212147432,0.016652186401933035,0.028546467690173168,0.029469154430095193,0.012662266499955811,0.016593330714256845,0.01669622917127599,0.013400217318023398,0.014541863019295175,0.027785413890406924,0.026410870565643375,0.020613205082760606,0.012463369631512162,0.018061814851857778,0.01626710802697754,0.017123373779321466,0.004482002517088578,0.005296242667748356,0.013460404523876944,0.01673884293548454,0.01617173679296653,0.015413475802303869,0.013761766677373237,0.004993396068409607,0.0023443953331978634,0.017458577444704325,0.015608130396361346,0.01538901932437098,0.013924351955932647,0.013456045987867763,0.0036584531652177586,0.0019794148227067114,0.013963381169579531,0.011790153983164877,0.007919256116250401,0.007268552723263324,0.00682031140588556,0.0014697219001248412,0.0009376453623026046,0.008420879011410635,0.007973822064882459,0.015004949145882102,0.01396092833857878,0.016223688634256196,0.0028459611868114558,0.0025117930252151455,0.013966929224590991,0.01498405012992101,0.016033100231470344,0.015758682846024066,0.014668631181473775,0.0037190848659632548,0.002848803879597929,0.018067707804179357,0.014526339857033667,0.014433641982454904,0.01744197440383074,0.016413502907798614,0.004365630991419103,0.005642974884679483,0.011100278229289245,0.018364075026589266
dual_slot,0,100000,148.89690023032017,149.9228067919612,0.5539743900299072,1.0097342729568481,30,0.5495999999999999,0.4504,0.0164,0.0194,0.0174,0.0044,0.0061,0.0162,0.0173,0.0139,0.0155,0.0136,0.0042,0.0031,0.0185,0.0165,0.0155,0.0134,0.0125,0.0052,0.0017,0.0159,0.0113,0.008,0.0065,0.0069,0.0011,0.0015,0.0092,0.0071,0.0155,0.0157,0.0137,0.0038,0.002,0.0147,0.0155,0.015,0.013,0.0144,0.0037,0.0039,0.0187,0.0143,0.0119,0.0167,0.017,0.0067,0.0056,0.0113,0.0182,0.01563021230837211,0.013610610359789875,0.013552479139645131,0.028304494058371828,0.027685771034289042,0.014828038420026106,0.013986325392831256,0.014812363528549016,0.015417621967417047,0.017431074261641453,0.026943188451944447,0.030163125592550404,0.01358579302056211,0.01688755740357812,0.01573792823351705,0.017738952832072778,0.018068079256494826,0.028146682656676393,0.030106198809780313,0.017555221280810458,0.01920210571400079,0.02384845307815662,0.024250559766800982,0.02509537194655591,0.03143298090057107,0.031431042763827424,0.023746148314907317,0.023627743238144507,0.016405043745211668,0.01690068897733162,0.015007677489432221,0.02941322699355082,0.029741819258432667,0.017310287585682416,0.016605876064140563,0.014281110709134837,0.016027655424326506,0.01615498639648407,0.029160504389022318,0.029870792071795424,0.013754003114544664,0.015910515096282312,0.01724205020670972,0.012857281143581267,0.014376174079504906,0.027814545379971772,0.02716824594924258,0.01921439925309347,0.011956992940639734,0.015510970889973694,0.017433086982850905,0.017211601651668993,0.004066712953734816,0.004619668885482865,0.016149752797570804,0.01694105853582264,0.01620282402827,0.015661901465207493,0.013745281349888906,0.00524425623806261,0.0024056444436667077,0.017299016365873766,0.014387275146342441,0.015492829616642554,0.0136654411965179,0.01325411172734035,0.004207749810726399,0.0024565202006416736,0.013907768023773932,0.012240626481067614,0.00808816207297387,0.007728797268324677,0.007012846801575947,0.001270768258846038,0.0012334378815685191,0.008140529863237666,0.008363536586050872,0.01474037507116031,0.014453664391703364,0.016028270942285074,0.003036770157756656,0.0027431055696927166,0.014126666520087039,0.014795265200360366,0.01656041989064515,0.015233898944094392,0.015041977602905782,0.0032626296422457184,0.002627841906620063,0.01730493614438987,0.015182337854507854,0.014070463114748504,0.017950091157090144,0.016514523770241426,0.004504582593991132,0.005082183701428309,0.012268702182291938,0.018871870829552613
dual_slot,0,101000,150.1634976073401,151.20528954197653,0.5622910261154175,1.029962420463562,30,0.5528,0.4472,0.0131,0.0192,0.0179,0.0056,0.0049,0.0159,0.0168,0.0138,0.0156,0.0138,0.0041,0.0028,0.0178,0.018,0.0144,0.0139,0.0125,0.0045,0.0015,0.0155,0.0106,0.0068,0.0071,0.0069,0.0009,0.0015,0.0087,0.0069,0.0153,0.0165,0.0159,0.0032,0.0017,0.0139,0.0152,0.0156,0.0129,0.0154,0.0039,0.0033,0.0178,0.0142,0.0148,0.0163,0.0186,0.0061,0.0049,0.0166,0.0197,0.017508981872813474,0.013494023140543744,0.013270831668937805,0.027814922847926665,0.027671115117028557,0.016189192743280487,0.014321073440765544,0.017280243440364842,0.01574964970073044,0.016082305249361113,0.027888085794161493,0.03029280638449052,0.014766538523599694,0.016734160827859293,0.014062761789691704,0.015761460164640348,0.01639846616384837,0.028009746878470146,0.0308132398306371,0.017977766229436414,0.018635022177291946,0.024395663715101042,0.024609762049665217,0.025976573130273337,0.031769324433,0.03188341582345536,0.024627584841835144,0.024687075653575703,0.01617326535099351,0.015882116327317758,0.014937072565084308,0.029244143057222255,0.030711224068609468,0.016798551859558846,0.01601680451236523,0.014451064805995617,0.014814928522410679,0.01569513315436077,0.028955772126605196,0.029574534615590765,0.013112172260241278,0.016283780325866963,0.017199551024285803,0.013089820397990809,0.012368636128391708,0.02795663946356993,0.028082631859676133,0.016955117041468994,0.013025246899608475,0.013924870093866814,0.017618213230236386,0.01781484016340222,0.0047283680808891965,0.004894122129130596,0.01493132620937582,0.016694287029469113,0.014126383781401183,0.015513866768894099,0.015259866815130935,0.004702975583410928,0.0025063429567756357,0.016301841778582505,0.014646533433072158,0.0168437290927901,0.01558158700171746,0.014903210782761142,0.004556732259156694,0.002047852174415444,0.013472818559403927,0.012893790066953233,0.007779725056790168,0.007552046483701171,0.006386977530723619,0.0012055620015113083,0.0011441124163297102,0.007614469983372283,0.007562059845207396,0.01510160790277424,0.015279978992018484,0.016268792419905857,0.003430193014668052,0.0021767883881274324,0.014511681305483602,0.01523944656945211,0.01657976740513348,0.01625921122019405,0.01560095718520439,0.0037233041630927634,0.0031391250881095483,0.017993678223487165,0.014926121563553213,0.014119347081456736,0.017818057238101197,0.018453405220523574,0.004564456260652732,0.004570647142948998,0.014373750714596616,0.017874945114951277
dual_slot,0,102000,151.4220062699169,152.47730829194188,0.5824165940284729,0.9621656537055969,31,0.5797,0.4203,0.0166,0.0199,0.0182,0.0057,0.0051,0.0144,0.0171,0.0144,0.0161,0.0142,0.005,0.0027,0.0177,0.0179,0.0173,0.0137,0.0154,0.0053,0.0026,0.0182,0.0114,0.0087,0.0066,0.0068,0.0016,0.0015,0.0102,0.0078,0.0173,0.0155,0.0158,0.0034,0.0021,0.0146,0.0161,0.0151,0.013,0.0152,0.0046,0.0037,0.0189,0.0158,0.0162,0.0168,0.0174,0.0063,0.0044,0.0167,0.0187,0.013633927324329852,0.014220423447767194,0.014764120584386906,0.02815166775378996,0.027302248997717153,0.016320138646837897,0.01378326994537811,0.01682055392059123,0.01752914845432458,0.016023636282961867,0.028622412990728728,0.030925226323208314,0.013613998462552726,0.014375185323567977,0.015228750121104136,0.016828649688221606,0.0165225012527165,0.02794816384980925,0.030817267347256365,0.01746677308328072,0.01836073828130607,0.024219112067719675,0.02561078319419572,0.026531942813664514,0.03252538700609033,0.032585863877100246,0.024700063424700894,0.02565035762531669,0.014313809130746043,0.01566925480748401,0.013492349341418472,0.029654552074804295,0.0308266300467777,0.016983226839895477,0.016032842394516016,0.014797737472731835,0.015209614557134857,0.014475690140129758,0.02887420175044557,0.030823622224438033,0.01322910818330344,0.016712174173106227,0.016231932550041496,0.013286299568508936,0.012279883633716694,0.027927803705658782,0.028569741907045976,0.016513038928924664,0.013014174478546432,0.017449660344089266,0.017140574807651937,0.016477672229613032,0.004807872122268723,0.005616513720000223,0.015178529029699064,0.017204035294712705,0.01459191219282193,0.014138757156432953,0.015355401810863553,0.00440302209225909,0.002383495482152321,0.017388674551574394,0.016694976594126214,0.01611714432035776,0.014624012175708807,0.01492636826548073,0.004982889424980987,0.0024763422944497305,0.014192401184789321,0.01330638628336581,0.00818994625194747,0.007032144603132619,0.006239929472055021,0.00100732627288365,0.00095531499136231,0.007815381260837355,0.006919984825147127,0.016904011309840858,0.015738301750096193,0.01753235765413665,0.0034762999700833283,0.0024682901913486337,0.014608260328513433,0.015230296876449972,0.01644876105391261,0.016055476276348634,0.016686665503416617,0.0041864788775250695,0.00258806447687279,0.01791500015351844,0.014646058376795185,0.015059075482977653,0.017592376953483944,0.018614164168586578,0.005078524543668363,0.004526445245349858,0.01493450604738586,0.017904534806485545
dual_slot,0,103000,152.69301208120305,153.76221862493549,0.5735328197479248,1.0523048639297485,31,0.5816,0.41839999999999994,0.0161,0.0204,0.0181,0.0054,0.0048,0.0161,0.0181,0.0141,0.0155,0.0139,0.0051,0.0035,0.0181,0.0175,0.0165,0.0142,0.0152,0.0055,0.003,0.0178,0.0112,0.0084,0.0068,0.0068,0.0014,0.0014,0.0101,0.0073,0.0167,0.0157,0.0148,0.0033,0.0018,0.0155,0.0154,0.016,0.0134,0.0143,0.0041,0.0035,0.0192,0.0162,0.0177,0.0167,0.0165,0.007,0.0045,0.0177,0.0193,0.01627788650785092,0.013525643886817797,0.012541227659260471,0.028450298740787403,0.02860466186977198,0.01467190958213771,0.013353473682256754,0.015733364990663586,0.015867314084790703,0.016980289288653246,0.027773917111159716,0.030743782415855736,0.014608689517252062,0.01474275702125006,0.01439069240532781,0.01495669092577629,0.015833041067730057,0.02879781272779043,0.03128955851564858,0.01597741957481255,0.018490146401170485,0.025091856022201334,0.02520446871491039,0.026663129242946566,0.032978826620324565,0.03258939875139577,0.02507888233655993,0.02476789650749,0.014488882488602011,0.016497039743745542,0.01499727961334748,0.029990383142723183,0.031518766050362516,0.01686246214234043,0.015113590703196188,0.014073108588303152,0.015209277656930613,0.015026206916195897,0.029713262158096727,0.031171929554481483,0.0125281235799336,0.01714807264972851,0.01774967313279229,0.012357654876894006,0.013314077805316609,0.0291295128412859,0.02892872772691099,0.015617459575934713,0.012579472880285264,0.015219211147548,0.01782226100910937,0.018343011753470816,0.004837851326911027,0.004629066969082764,0.01650045165912467,0.01781174301462834,0.015680116755171936,0.015605799183548257,0.014741855786956026,0.005332243805374534,0.002818426573885335,0.016632088745425055,0.016518608446773123,0.016777548046970583,0.016298463412576226,0.01563480928738224,0.004504638567863791,0.0023955215354839075,0.015512601327853981,0.013268537573858255,0.00768057660593348,0.0076243190498458185,0.006350585750307387,0.000926592413780592,0.0012562203217491386,0.0077306205718167004,0.007915726882216135,0.016850685885989494,0.015189960754699406,0.016185982463146918,0.0035342599817371517,0.0022015107669012502,0.014607214572952991,0.016321906930251488,0.01708542666816515,0.01616278852198278,0.016239622193648037,0.0037688266825433143,0.00245602506934964,0.018432228589980237,0.014365461987799966,0.014012492374908214,0.018420270374005912,0.017806026819642634,0.004223873827566193,0.004393826680156531,0.015856348907812033,0.018427826911370918
dual_slot,0,104000,153.96352855011355,155.04812158399727,0.5719997882843018,1.093859076499939,30,0.5734,0.4266,0.014,0.0199,0.018,0.0057,0.0048,0.0148,0.0183,0.013,0.0156,0.0135,0.0053,0.0032,0.0173,0.0187,0.0153,0.0149,0.0145,0.0062,0.0021,0.0181,0.0112,0.0067,0.0076,0.0066,0.001,0.0015,0.0099,0.0076,0.0157,0.0168,0.0151,0.0037,0.0023,0.0156,0.0151,0.0143,0.0138,0.0143,0.0047,0.0038,0.0193,0.0177,0.0141,0.0174,0.0163,0.0066,0.0043,0.0177,0.0195,0.017141900050492424,0.012703348330928513,0.01270005757630535,0.028864891987155736,0.028130925391659477,0.016259992891421778,0.01230809757794472,0.016446242148191844,0.015426805205425866,0.016596614991350598,0.028258870566957285,0.03163858810956844,0.014402049740917779,0.011683553441034174,0.014879453524429057,0.016539778185831657,0.016126052783878957,0.028440113863417993,0.03115164018921094,0.017114090983210747,0.01775975951744091,0.025512117428460462,0.02565202254603719,0.027201929614447035,0.032659308836946954,0.032989632216728994,0.025793376019229902,0.025316578533124814,0.014322263729251602,0.014972415216726249,0.015862259843398854,0.029720894582755376,0.03102927507887592,0.016310607745857676,0.013839609880567977,0.014898992633323619,0.015413677836978272,0.01596249074317259,0.029489072922912044,0.03069247710227025,0.012264255354336825,0.014632457997322608,0.018554544158180447,0.012680179159163687,0.014879329838584908,0.027961767992481013,0.028777563388851922,0.0161709058194554,0.011867166723783178,0.014630180263657554,0.018214834742379213,0.018256670759392413,0.004593546793846276,0.005173086733966946,0.015217220113507096,0.018508897866563775,0.015138370333707032,0.016036635669658725,0.015011632947732414,0.005026189356839636,0.0021386300293180552,0.016744071067279695,0.01915246426367789,0.016341705145976097,0.014942348699458614,0.01544729514526185,0.0049515587053780025,0.0025490399493242463,0.014497368328800414,0.014148497846584635,0.007302148009449996,0.007184233042134869,0.005917001358773094,0.0012783451927701848,0.0009999417204378824,0.007065097370330321,0.007584139791464149,0.016772253891259078,0.016302417582028148,0.015552437868011654,0.00383302735338492,0.0027693593306705676,0.01521362335264628,0.01741341967759923,0.016481487175207227,0.01593051219110585,0.015663273663545835,0.003950286510282345,0.002936032228997146,0.018663036512120777,0.016549878156443466,0.013283324182399792,0.018468737206268227,0.016498059390999596,0.005237531137722327,0.004589024168034068,0.015370429566178057,0.019075836138066904
dual_slot,0,105000,155.23021449986845,156.3286768749822,0.5822796821594238,1.0267939567565918,31,0.5885999999999999,0.4115918367346939,0.0172,0.0206,0.018,0.0055,0.0043,0.0154,0.0173,0.015,0.0158,0.0134,0.0046,0.0029,0.0172,0.0194,0.0174,0.0153,0.0137,0.0067,0.0016,0.0177,0.0116,0.0077,0.0076,0.0063,0.0014,0.0018,0.0103,0.0072,0.0179,0.0177,0.0148,0.0029,0.0024,0.0168,0.0156,0.0151,0.014,0.015,0.0049,0.0039,0.0195,0.0168,0.0162,0.0177,0.0162,0.0072,0.0044,0.0178,0.0189,0.015081384656958678,0.013303498838638931,0.01389698604320501,0.02781236047106333,0.029418000835653893,0.01661173045453382,0.013434253690929097,0.015379107492476136,0.01623968484093382,0.018820194391113664,0.027768925177293978,0.03192508353260831,0.013905734344162516,0.012259228421822234,0.014513505911997838,0.0160637397229033,0.015866171779229495,0.029363304051510074,0.031504081528477425,0.013589254162457752,0.017609577638806946,0.025445997840439542,0.026637315921440412,0.027620632868970964,0.03347059251103389,0.03362686467399322,0.02493330754565414,0.02534892927340688,0.013699860983711221,0.015978052737988285,0.015715661465121166,0.030369134181382547,0.03189477135261438,0.01613735537291223,0.014877959991820303,0.014952814120670722,0.014359649335507211,0.015259356817446171,0.03026963865289342,0.03142124075807783,0.011189749197927836,0.014715335476637717,0.01818061965766172,0.012693795133551632,0.01433043101651546,0.027604552738915947,0.028743165295020467,0.013368889701632598,0.012788517390275788,0.016283383472111536,0.018092606271597953,0.01729351555388429,0.0058454589289705025,0.004450894936882412,0.015145864797718758,0.01779008994827891,0.016156472755503644,0.015450899077735294,0.013257055348791472,0.005842008335354875,0.0024344402168094306,0.01740353046109891,0.01879253697388874,0.016866165721179226,0.015517028681039303,0.01571807399510812,0.0046129274600748334,0.0027405505626144494,0.01766300752745026,0.014210558265280613,0.007785602005261227,0.006769796762368728,0.006119840839885988,0.0011282394916562086,0.0010391769312538615,0.00828407362197869,0.00798237447918563,0.0175723227542594,0.015509157076845876,0.015763350007298144,0.0036710758375340454,0.0024592926909743932,0.015651984880689085,0.016489230618939293,0.016505983909488896,0.016992310280663503,0.01609840442894364,0.003791713138548026,0.002847532892417963,0.01963032347607592,0.016622563871875027,0.013820494998269268,0.018358117640113712,0.01693814091559413,0.006015837182712256,0.005004181861232514,0.017804618343280034,0.01828045636868569
dual_slot,0,106000,156.49174256343395,157.60417762503494,0.5705615282058716,1.0340367555618286,30,0.5943,0.4094836734693877,0.0177,0.0214,0.0171,0.0055,0.0043,0.016,0.0154,0.0146,0.017,0.0125,0.0052,0.0025,0.0182,0.0232,0.0171,0.0149,0.0138,0.0063,0.0025,0.0186,0.0142,0.0076,0.0074,0.006,0.0013,0.0014,0.0099,0.0073,0.0182,0.0168,0.0148,0.0036,0.0023,0.0152,0.0144,0.0164,0.0151,0.0155,0.0058,0.0037,0.0195,0.0156,0.0188,0.018,0.0161,0.0065,0.0046,0.0169,0.0176,0.016435811192719734,0.012438093148831974,0.014985371759884281,0.029091793029923013,0.02878947192688721,0.015511040433622048,0.013637813340662108,0.01525219167019836,0.016430661948674537,0.01814723888853365,0.028783369605115225,0.032271610428474345,0.013827577599499615,0.011594220473842296,0.013819315085956374,0.013204883767764887,0.018560202468243754,0.029087739564789883,0.03196025469809885,0.01578149448686709,0.01636493480475181,0.02575979099058943,0.026680508212866348,0.027474110296160294,0.03384010061870861,0.03399954906274077,0.025239511607783142,0.025791264523404446,0.014237630173583333,0.013770446800540544,0.01415920324033581,0.030805718168071844,0.03209865422478636,0.015391489073442757,0.014431792425955907,0.015087816776988769,0.015728997586203004,0.015504891434012891,0.029943098757647238,0.03160485970417846,0.012184725585290622,0.014959023054147981,0.015934379213086033,0.011274595002940207,0.013806730436384737,0.02853914988957234,0.029228107287050033,0.013705667057654998,0.012843098472531992,0.015428999144343952,0.018589551185389266,0.016408733218159513,0.004941615463377673,0.005147472791308645,0.016021935003086275,0.017617620149157378,0.01615351152230297,0.01527692070879268,0.013808142775474999,0.0051524164739803705,0.0023264829428442835,0.01738576115852548,0.019234136463459353,0.01747057988044885,0.01808553750372417,0.013629837999547298,0.0051792743028879215,0.0025787220063537195,0.015802831673815323,0.015291105833977622,0.007758162544778108,0.006973198083622441,0.006291213591957842,0.0010557997399647735,0.0009266255437738,0.008140594725875049,0.007693602346588905,0.017053564679752563,0.017510169614460603,0.017117100803441098,0.0036312358379752075,0.0024666001996996203,0.016079724817628663,0.016974392736323014,0.01656011428981755,0.015845361063091975,0.016026916500941034,0.004291008435656416,0.0029057011614745587,0.018872937212299747,0.016625391632851993,0.01579616245173137,0.01953213760369852,0.017324525100619412,0.005467454041698046,0.0048311829991373725,0.017601712220287224,0.018417693642794095
dual_slot,0,107000,157.87200574052986,158.99857879197225,0.556745171546936,1.0575850009918213,29,0.5796,0.42039999999999994,0.0134,0.0196,0.0166,0.0059,0.0041,0.0165,0.0175,0.0158,0.0159,0.0134,0.0053,0.0022,0.0159,0.0135,0.0166,0.0141,0.0132,0.0063,0.0019,0.0174,0.0094,0.0073,0.0065,0.0062,0.0013,0.0015,0.0094,0.0077,0.0196,0.0172,0.0154,0.0035,0.0026,0.0172,0.0165,0.0162,0.0144,0.0159,0.006,0.0041,0.0194,0.0169,0.0186,0.0182,0.0166,0.0066,0.0043,0.0175,0.0185,0.018441475285405063,0.012119763828309751,0.014145820255393928,0.02833237553517346,0.029434775356902622,0.014665630182898714,0.012746278226100421,0.014448339263246216,0.01483483705725775,0.01887625806122029,0.02821114919608679,0.03270202470432349,0.014129979987558803,0.012719254559107534,0.015303555105568432,0.016105658120238155,0.017701341459157405,0.028621617119143503,0.031873204369560725,0.015144072550312332,0.018544531621768452,0.026961535531666934,0.02710707086551492,0.028525281870454958,0.03409229855732278,0.03390129450978686,0.02587386544180706,0.02545176843571538,0.01541836665493847,0.015600623352654924,0.015065029108336448,0.030218304030024318,0.03224658896348338,0.015185353700358242,0.014291039995949021,0.013518813154470434,0.014052771353523216,0.015891388091570702,0.029617760013731592,0.03145323288920522,0.010953999304004125,0.01511502504377665,0.013119504270957613,0.011853137836797265,0.013913414025772185,0.027337419618126975,0.029599940972691863,0.012546426534987977,0.011986804027636586,0.013711679275429217,0.018970375941537467,0.017100708832448887,0.005611243671374045,0.004721463058437807,0.01679834184161082,0.018230322009183182,0.016895598988689378,0.01662270729813566,0.01324356529926907,0.005670026657349686,0.0020453036815499897,0.017152556497092058,0.018447446137330036,0.01636157812563658,0.01551886375023409,0.014387188923533122,0.005377787942518943,0.002714269923146875,0.016412176373746167,0.01347224935437975,0.006717690565246288,0.006600224546109941,0.005455543068142065,0.0009231711333692614,0.0010773363419804467,0.007595582361083045,0.008053457264505966,0.016268910212637107,0.01600461775760227,0.016475974753302845,0.0040890531021936195,0.0024128997974511577,0.016339794594963132,0.01710068503831163,0.01760678544057096,0.017449248947042653,0.015808995143804887,0.004534708045338681,0.0030923042497390777,0.019755050143928,0.016474684004686997,0.018124392353287416,0.018951202934023817,0.017444541008504275,0.006453365522676854,0.004588152838355926,0.01843069092152952,0.018882379363226644
dual_slot,0,108000,159.16447405784857,160.3083296669647,0.5916524529457092,0.9541969299316406,31,0.602,0.39959183673469384,0.0152,0.0204,0.0181,0.0058,0.0046,0.0163,0.0163,0.0168,0.0172,0.0131,0.0061,0.0025,0.0173,0.022,0.0172,0.0149,0.0151,0.0076,0.0025,0.0185,0.0137,0.0076,0.0071,0.0054,0.0016,0.0013,0.0101,0.0079,0.0178,0.0168,0.0149,0.0041,0.0025,0.0159,0.0156,0.0168,0.0153,0.0152,0.0062,0.0035,0.0195,0.0165,0.0168,0.0172,0.0169,0.0076,0.0042,0.0186,0.0179,0.017471497833074952,0.01287021631488423,0.014878983106844379,0.02772496854114346,0.028982059203193897,0.015337122712026752,0.014608995824116879,0.012963439029574622,0.015921157062087354,0.01652021801303955,0.026920694524680155,0.032653846932294874,0.014649512040558824,0.01062583621018629,0.01479342576486296,0.014859706552986407,0.018883577270052382,0.0278693739572562,0.03215300077259641,0.015277303319601173,0.016944752950418914,0.02662054696064023,0.026954079975659406,0.028708779729849594,0.033885592617788035,0.034410784556002716,0.025448783715274585,0.02641864132229118,0.014096598910683095,0.0147053468022361,0.015980596668306687,0.03008598913945707,0.03237830214103817,0.014239811609156201,0.01453240272000968,0.01428654490365751,0.01418944584252784,0.014625803416926592,0.029756302390568035,0.031696728824282976,0.011789275418464838,0.015163382978165791,0.017458123532401497,0.013021899497742196,0.014290750423786224,0.027598631478754944,0.02994016050351822,0.012286078006466444,0.012520927978863367,0.01461718589642416,0.018224731939929222,0.016732877791637884,0.006169681590001015,0.005240864799140599,0.016209653532395542,0.016871015218991956,0.018150059642923926,0.015624648863652285,0.01534010774211441,0.006931100363789257,0.0022606647796162556,0.016721373837363086,0.020100627132820334,0.016762347550890774,0.016670193497904606,0.013486096596319113,0.006054011453629675,0.002779034902490673,0.016257569444871535,0.0149609886471268,0.007132458968472181,0.0068262332943327085,0.005420701803052166,0.00127402456035631,0.0008142782331860729,0.008149177672468333,0.007294187339544793,0.017281450107437306,0.0167157121526938,0.015655162163604408,0.004278481232465583,0.0024423163251073876,0.017166735349442647,0.016776117036920078,0.017090239028097417,0.017168016316129527,0.0167403646744282,0.00458162601019708,0.003066388150499219,0.01897338856312034,0.01634882074128421,0.014666961340747263,0.01802510724193506,0.017321245365758457,0.006309941300109978,0.0043952913816965745,0.018731694880323058,0.01842639027872662
dual_slot,0,109000,160.43620858667418,161.59431841701735,0.5721144676208496,0.9367485046386719,30,0.6045,0.3961836734693877,0.0165,0.0208,0.0176,0.0073,0.0049,0.0167,0.0179,0.017,0.0168,0.0128,0.0064,0.003,0.0163,0.0207,0.0173,0.0141,0.0152,0.0082,0.0023,0.0183,0.0143,0.0074,0.0068,0.0056,0.0017,0.0014,0.0095,0.0076,0.0178,0.0161,0.0142,0.0047,0.0025,0.0146,0.0148,0.0175,0.0151,0.0159,0.007,0.0039,0.0189,0.0172,0.0183,0.0169,0.0172,0.0071,0.0043,0.018,0.0181,0.014945314817324737,0.013949535160179709,0.012800992262081399,0.027854870157155577,0.02963360114656663,0.016000540276506325,0.013759779566509403,0.014529005379150611,0.015546375365707885,0.01959579895008212,0.027164622534391766,0.03402171955380701,0.014247489394799757,0.011918474415953754,0.015479456995698967,0.01490731524495674,0.01794742300934375,0.027179600352905432,0.03175258507588303,0.015422566068140079,0.015684966538139868,0.026870800234656822,0.026946516424190867,0.027965074107246093,0.03392315017598294,0.03474418692347476,0.026337968596766063,0.02549792916686664,0.013375536931659993,0.015966401687797255,0.014443567760882618,0.030725579573929726,0.03294377986204937,0.01524736489499164,0.014781348869689528,0.012468999481431322,0.012630846167811276,0.01518988884836668,0.029353215196689778,0.03156335800561906,0.012125783445006501,0.014450229538804728,0.01638512508981495,0.013434973580602326,0.01376394918962649,0.02744261726144564,0.030554105561137863,0.013952043376133951,0.012573627782040601,0.01655579962814402,0.01745562745499599,0.018319270671789168,0.006331314900685478,0.005050495730288476,0.015882687437070345,0.017604767255941418,0.017039251085239765,0.016083391680593535,0.013017905006747515,0.006951945083646835,0.0014844343756506007,0.017143323138420534,0.019247267047351614,0.016175049164433974,0.016585665670822168,0.014391583170319033,0.006862048157304545,0.0033460022655818697,0.01637601300631668,0.016052589931876908,0.007143814375686311,0.007162429681046831,0.006283761797624753,0.0016009682012840289,0.0009166058462369901,0.007601659810488885,0.008261894963183183,0.017828640573713046,0.015870456411316496,0.016989213908111825,0.004114122274242457,0.0023316489844554074,0.01651371365367764,0.01660654486758809,0.018541140333333244,0.018452998242820238,0.016402637374182925,0.005192742124584147,0.0034166016696786945,0.018849955995090432,0.017140228034881272,0.015463232681628379,0.01782098840343289,0.017640552610063018,0.006733453088471563,0.004209831032577667,0.01737553110426578,0.018341719452886825
dual_slot,0,110000,161.72307904076297,162.90067545895,0.581210196018219,1.0739381313323975,30,0.5938999999999999,0.4066918367346939,0.0147,0.0202,0.0162,0.0077,0.0046,0.0161,0.0166,0.0162,0.0177,0.0131,0.0078,0.0033,0.018,0.021,0.0152,0.0152,0.0142,0.0097,0.0026,0.0183,0.0131,0.0063,0.0066,0.006,0.0018,0.0015,0.0096,0.0067,0.0187,0.0177,0.0146,0.0053,0.0025,0.0153,0.0157,0.0151,0.015,0.0164,0.0082,0.0037,0.0178,0.0171,0.0156,0.0141,0.0159,0.0068,0.0039,0.0163,0.0182,0.020096710235736077,0.011617724332591653,0.01616231551481454,0.028190096682419244,0.02950874208253086,0.015317299235034776,0.013068743419024724,0.013300472239414995,0.0154376204078828,0.019208496024670736,0.0257452231739555,0.03315371113520957,0.01511290150308631,0.01020408163265306,0.014779959364567156,0.014615151374830191,0.017589859268320563,0.025888696986392554,0.03244945804763739,0.015649819124328092,0.014679745357148936,0.027599124856346836,0.027098649602639878,0.02788776657914252,0.03362242471407296,0.03452807560254624,0.026414093057601506,0.026674442808026673,0.01426436586048379,0.01514456267774888,0.015301621021750051,0.029061919256384974,0.032911376946387745,0.016346406844907332,0.015097910102049514,0.013491998685716114,0.01564018077057137,0.016452619105699298,0.02812064228103521,0.03225801753422867,0.013563518477876286,0.014918905273152193,0.013129646295189586,0.012342782820895268,0.012962941021814205,0.027219838949200555,0.030384249689993523,0.013537579166883505,0.012247512855405564,0.012473114212488447,0.019210942796180467,0.01568051826926597,0.00623346195135714,0.005080562445575219,0.0162270372562222,0.018071259687810138,0.0180455014531903,0.016249720135603263,0.013326999924127544,0.008075629431139595,0.002178608823941356,0.016661016160996907,0.020381651669141816,0.0167272085129198,0.016856654695801804,0.014520211040273609,0.007923877386214341,0.002770817285581803,0.01623930155418228,0.016884045235284115,0.006580445194523007,0.006973536641865234,0.006431860498615552,0.001849526649974623,0.0010991330383964464,0.00755027472339217,0.00742391157047794,0.017249361883378313,0.0164798983241149,0.01631747649455104,0.005392450827030943,0.0023689469002376356,0.015731238750273352,0.016516540952033212,0.017777882123797783,0.016051559367399895,0.015413440781782986,0.0062098889615956445,0.0028821191201585474,0.017721707880604697,0.01677432534818604,0.01806248685616961,0.018719580516911468,0.018115298234552622,0.006995537626070214,0.0044319694620572675,0.017624894057875824,0.018716284009120038
dual_slot,0,111000,162.98555641132407,164.17754841700662,0.5534551739692688,1.091792345046997,30,0.614,0.3886836734693877,0.0183,0.0203,0.0169,0.0091,0.0053,0.0151,0.0154,0.0159,0.018,0.0127,0.0085,0.0037,0.0169,0.0217,0.0154,0.0147,0.0138,0.0093,0.0031,0.0181,0.0141,0.0062,0.0066,0.0062,0.0018,0.0018,0.0088,0.0076,0.0191,0.0167,0.0142,0.0056,0.0026,0.0143,0.0164,0.0176,0.015,0.0156,0.0075,0.0034,0.0182,0.0175,0.0218,0.0176,0.017,0.0088,0.0039,0.0171,0.0188,0.019308974292946868,0.0136919738146602,0.01541572430833027,0.025326525395343795,0.02983962157148303,0.01491128250855701,0.014583919873196398,0.01400856550830526,0.0149476731460572,0.019840184377912094,0.02400468832748329,0.03312830697506408,0.014814364395884804,0.01097814270230094,0.014945069408616257,0.01551876821312824,0.019386141390731988,0.02535353609081367,0.03354345100342404,0.01554892805912193,0.01735189806843005,0.02686892975676239,0.027124454575510132,0.03013049025055089,0.034206077543954425,0.03508936263598831,0.026212642490712625,0.026115116481625157,0.011853862336277901,0.014392528116953001,0.01540956189801464,0.028439052436841708,0.03331592423553921,0.015959671228783976,0.014074354427103627,0.012115253892648066,0.014110886046507301,0.015284830377022534,0.027705584062576276,0.032306503858063246,0.013329356029818242,0.015542186705068307,0.011691222698661016,0.013440460766185094,0.013667511959016047,0.026658351867919074,0.03105135264842064,0.015081228285954089,0.01237550295573062,0.013343185830494052,0.017500997182350483,0.016438543859899762,0.008562451418780205,0.0050648432761392255,0.016634169128011925,0.01700505966786453,0.017841579023536953,0.01656690421772218,0.012853377886875336,0.009625925522556086,0.0025161422520033855,0.016943654776405352,0.019760441403320998,0.016764234590357578,0.016241498278794293,0.013244319537482913,0.008541518377531651,0.002116284437702336,0.016139999674773614,0.014820839454300388,0.007367102185527749,0.007130010294657665,0.0048784852176929705,0.0016418174463650329,0.000918217101480476,0.007875718797286043,0.007873175559825703,0.019042704219040595,0.01719244902351863,0.01636519467137309,0.006189334009544105,0.002331678095950231,0.01582167748559902,0.01736090571488052,0.018918253160322522,0.017293531544908654,0.016383735456111406,0.006640577772268708,0.003192094630146586,0.01789921013969286,0.016184286662333847,0.019246873446471975,0.017930292488055007,0.01771526739611192,0.0075693606179726425,0.004125762805442571,0.016463400209262402,0.018716562523423463
dual_slot,0,112000,164.387596743647,165.59741433395538,0.5869216918945312,0.9857825040817261,31,0.6128,0.3899755102040816,0.0186,0.0206,0.0177,0.0097,0.0055,0.0169,0.0131,0.0163,0.0178,0.0125,0.0088,0.0039,0.0172,0.0225,0.0161,0.0155,0.0142,0.0104,0.003,0.0183,0.0159,0.0075,0.0062,0.0058,0.0022,0.0016,0.008,0.0072,0.0191,0.0157,0.0138,0.0054,0.0022,0.0137,0.0145,0.0176,0.0149,0.016,0.0075,0.0033,0.0186,0.0138,0.0209,0.0174,0.0167,0.0091,0.0036,0.0182,0.0178,0.016693157644902312,0.011670470027654976,0.01662040778300519,0.02392716820016707,0.029076177524805784,0.015875481632976418,0.017722670122604468,0.013779354481523497,0.013313018734184973,0.018600263107185377,0.02381328868787156,0.033230262782948244,0.014877387423365227,0.01226899302048545,0.016238004029683412,0.015124173520889846,0.01913144502306769,0.02459056697079177,0.03310672405449076,0.016392190776610104,0.017984618870594594,0.027847375611461396,0.027820512639218774,0.02927858411815141,0.033607789226300366,0.03511848221825779,0.026870300706034536,0.026515804033131807,0.013505480432999498,0.015664537177646196,0.016028752327896967,0.02727150185231756,0.033309757171453826,0.016482557691017245,0.014963465656669854,0.014253547367293205,0.011733565601785905,0.014384518711602463,0.026384737306957895,0.03185918181082955,0.012827270265663134,0.014497522662735074,0.012703078813347443,0.012598991085103522,0.014906938994319925,0.025518880246677207,0.031199309925489208,0.0153777938437204,0.01343393808210908,0.015483485160232431,0.019301087576696435,0.015344599349115768,0.009716348041877296,0.005566392216983256,0.016000508485231026,0.014411530951527755,0.017509131832847517,0.018027083992055173,0.013730846960990827,0.009804675959524365,0.0023834379276246394,0.016774656366386184,0.018719670044841177,0.015758389166341067,0.016544180137444048,0.013436035923449548,0.009084611165982096,0.002440195285063962,0.015638797907032986,0.014169294175717861,0.006636670505823255,0.006618443627193362,0.0054094003880942884,0.0020906185791235185,0.0008798232231084841,0.007394515266851115,0.007591347125193282,0.017838743182546867,0.01612506000238772,0.01572537773973292,0.0070052082017502525,0.002282717508128946,0.015490581973089917,0.01674695434527719,0.01737571047230108,0.019134961505013155,0.0171569381842994,0.007810193393855012,0.0034078215625053536,0.01832571816374402,0.01706928937470902,0.018500169290818963,0.018619964945563623,0.01679079789778514,0.008520837195644799,0.003958697894256853,0.016425590605242076,0.017894233294423433
dual_slot,0,113000,165.73901094507892,166.9657673339825,0.5464596748352051,1.0542402267456055,32,0.6086,0.3951755102040816,0.0146,0.0206,0.016,0.0117,0.0055,0.0172,0.0154,0.0154,0.0172,0.0114,0.0096,0.0037,0.0169,0.0221,0.0161,0.0154,0.0141,0.0125,0.0027,0.0175,0.0151,0.0071,0.0066,0.0059,0.0021,0.0013,0.0072,0.0071,0.0199,0.0171,0.0145,0.0064,0.0025,0.0146,0.0148,0.0176,0.0148,0.0148,0.0083,0.003,0.017,0.0165,0.0223,0.0167,0.016,0.0094,0.0031,0.0157,0.0156,0.018407049168064755,0.0114810823924982,0.015213118399627298,0.02269397205019259,0.030557465129524758,0.014159423238971462,0.016064755872671185,0.015914166006652603,0.016105311725345524,0.019445749635578848,0.023348563994963878,0.033798868654074825,0.016746665227130173,0.011999764427337899,0.01456697832868451,0.015646393906575715,0.017992927377002244,0.02262300636878817,0.03307038171884482,0.016473675721738457,0.015801702979657314,0.027021175564458072,0.02834061689258035,0.02959372244547332,0.03398514691764159,0.03591922775549567,0.02598219734699149,0.027700280792612407,0.012214430206573076,0.015275407035613683,0.016284585204199457,0.027624163460109555,0.0339376286138015,0.01668709122313592,0.015888872857768216,0.012318038244402633,0.013319006509082023,0.016287785911968052,0.026219342115151943,0.0326031906974029,0.01358165990969379,0.012992735374323754,0.01390507432875205,0.012772282969535129,0.014351126641359976,0.02332326558456204,0.03164683882637583,0.015921814926408855,0.012192269320601508,0.01412866851605564,0.019429277098708897,0.016476921589687554,0.010754774331197016,0.004898192024288476,0.017316459434792843,0.015869008735150392,0.016100596945594535,0.01587726160312615,0.01333958439928238,0.010257491310016766,0.002279499657821913,0.015311910615150639,0.01899618016034268,0.017006846357625047,0.016304019123300276,0.014326082711113304,0.010964935823281195,0.0028329195202800297,0.015636483872149415,0.016146970806799426,0.007467467094949912,0.006426046140710188,0.0055131444129528666,0.002177049543090527,0.0006686967929776196,0.00829582471391562,0.006990624224812974,0.018794039504409405,0.01666397691009796,0.01585825791120257,0.006970324343764637,0.002252210937804574,0.015396230532273937,0.016197936745887844,0.018715330136715547,0.018033035570386737,0.01569957638475041,0.008076607129958512,0.003187837060079723,0.017833501986720166,0.018163711028237814,0.01762687173005366,0.01833118519096684,0.01717082542894879,0.010315772607400653,0.004070612266407902,0.0160947861837061,0.018810874774711765
dual_slot,0,114000,166.9454266311368,168.18692783394363,0.5545225739479065,0.9658029079437256,35,0.6351,0.3681755102040816,0.0155,0.0208,0.0156,0.0125,0.0055,0.0175,0.0163,0.0169,0.0181,0.0117,0.011,0.0035,0.0168,0.0217,0.0166,0.0165,0.0135,0.0136,0.0028,0.0176,0.0132,0.0065,0.0069,0.0061,0.0028,0.0009,0.0093,0.007,0.0186,0.0184,0.0133,0.0085,0.003,0.016,0.0165,0.0174,0.0157,0.0152,0.0105,0.0028,0.0181,0.0174,0.022,0.0179,0.0161,0.0115,0.0028,0.0182,0.0185,0.017521792530918442,0.012472939329897629,0.016654691087088714,0.02126924042868457,0.0316637243735749,0.014788245026970417,0.01567609951339066,0.01273596994653708,0.016215886549347545,0.02022609049421472,0.020958201235128468,0.03460142628269179,0.015250066503957372,0.010556646623881727,0.014357475335135277,0.013986506387479307,0.018956362313509053,0.022289075549999447,0.03386421786180958,0.014745552455141744,0.017315755298519767,0.028120544370833098,0.028392094746607484,0.030551428326641532,0.03379934785281206,0.036289888896215795,0.02733874974938203,0.026785267421558567,0.012916838186468993,0.015161948068651968,0.018252420401883185,0.025661020426865334,0.03475221453112663,0.015952248380413793,0.01405250829144915,0.011778350744764497,0.012899868287186483,0.015828089578014844,0.023704638807264554,0.03368035681078728,0.014447925078930116,0.015208332761288948,0.014699215873358854,0.01301757234202783,0.017168408524345247,0.022945493231804635,0.032079078667778455,0.015804435105538348,0.01260574940812201,0.014966959110450848,0.01875412909002957,0.015493480048342171,0.012028723392959819,0.004390315257806029,0.01711344503474645,0.01637620520038042,0.018441676054999717,0.015975484532478934,0.01292031211162032,0.012454941463273101,0.002131334118810448,0.016731541009511585,0.02005953613546578,0.017276984705718992,0.017474255212785755,0.013901980288919983,0.011349755347480794,0.002678614122071069,0.017027951137515717,0.015041789575994793,0.006942534009350478,0.006740943677051531,0.005098860843524161,0.002726771546389676,0.0008388108627205735,0.007522913384920897,0.007933801000411547,0.018307405246181196,0.01660164482353517,0.01426831429742718,0.008885593588325694,0.002097518735660284,0.01601495109494172,0.017464320005764727,0.019230706987464995,0.018398128157805088,0.016185247627247896,0.010220761363748127,0.0027760441983259196,0.01732702520267781,0.016567210308113832,0.017023287436974465,0.01827168592407894,0.015307425118490592,0.010901514310431171,0.003964781986044489,0.016124682952669264,0.0184211601266607
dual_slot,0,115000,168.11818358569872,169.37586512498092,0.5775657892227173,0.9674684405326843,36,0.6329,0.36879183673469385,0.0135,0.0204,0.0157,0.0132,0.0046,0.0163,0.0152,0.0172,0.0185,0.0121,0.0113,0.0033,0.0171,0.0221,0.0164,0.0157,0.0131,0.0153,0.0028,0.0191,0.0148,0.0068,0.0071,0.0053,0.0032,0.001,0.0092,0.0078,0.0194,0.0183,0.0138,0.0106,0.0028,0.0144,0.0149,0.0169,0.015,0.0149,0.0117,0.0026,0.0171,0.0165,0.0188,0.0176,0.0159,0.0142,0.0043,0.0172,0.0179,0.019560777519220883,0.012093209100763688,0.018113824252552854,0.02233149959179953,0.03114919202596001,0.015925661973087445,0.015298210558812846,0.012598693711444425,0.015821975061056197,0.020052091123866765,0.020305038449333932,0.03460787774273618,0.014421326878186813,0.01020408163265306,0.014369881283022058,0.016112989648977533,0.019612180250052118,0.020115978977491573,0.034295055003880116,0.01639052742355906,0.016727238056143245,0.028112215697667448,0.02859143519152306,0.029606682464972063,0.033939093574329095,0.03636443077042462,0.028227588485491936,0.027598331205151184,0.012695428618236757,0.015111901316518716,0.019283148893263644,0.023272854501048122,0.03437867648288579,0.016735304325596972,0.013948453437096149,0.012587667566449034,0.014329465755792966,0.017830429874964217,0.022663445528768707,0.03365318429626292,0.01394141914484506,0.01595373155052169,0.013788774498647622,0.013237227272246405,0.015308368468831221,0.020674448518802485,0.03234888287481323,0.01416902685859648,0.011541072561651971,0.013329406320109772,0.019034678396195735,0.014443674987616763,0.01119240524614753,0.004718254159013726,0.016108723366072324,0.016457784255692092,0.018580936447463628,0.016146708832909897,0.013081507103030236,0.012776358781722594,0.002109101594730215,0.017265631486448857,0.021063665031982873,0.017264797326289844,0.016008585881455276,0.013330272332020204,0.012916845634223793,0.002341554809289799,0.015646102318962008,0.015552148420080486,0.006974979206030787,0.006579816915351545,0.005864466570719246,0.0026060636453831675,0.000764774652242177,0.00688924766522089,0.0073568379629566595,0.01846999189654167,0.016674352459762874,0.013613832392702882,0.010571025550624228,0.002318479621754114,0.015468029513528554,0.01753889063410812,0.018628192286789764,0.01729482941173503,0.014888635491405542,0.011023866910896891,0.002818517928604153,0.017778492696091837,0.016126927844274483,0.01777473281591148,0.01802832810473933,0.016684611086893328,0.012540918991854996,0.003904909455393633,0.01745311130585611,0.019288711593196242
dual_slot,0,116000,169.31250838877168,170.58470895898063,0.6186809539794922,1.0568124055862427,36,0.6431,0.3579836734693877,0.0131,0.021,0.0164,0.0148,0.005,0.0175,0.0169,0.0157,0.0181,0.0116,0.0114,0.003,0.0178,0.0209,0.0173,0.0162,0.013,0.0154,0.0022,0.0178,0.0143,0.0072,0.0067,0.0055,0.0035,0.001,0.0098,0.0069,0.0181,0.0179,0.0143,0.0118,0.0026,0.0144,0.0155,0.0167,0.0156,0.0152,0.0135,0.0024,0.0174,0.0172,0.0203,0.0179,0.0163,0.0163,0.004,0.0176,0.0181,0.01980538261635109,0.01380344792462022,0.016375124682708783,0.019745282207866793,0.03235512822289935,0.014264811099580815,0.01418433550377951,0.013366584754744538,0.01531435630558486,0.0201946916312066,0.019484282863240374,0.03592988539540076,0.013976540727082046,0.013893331274060687,0.01634287120821316,0.015477801429986657,0.01818853048382281,0.018815346969502253,0.034723608810630274,0.01369902646925031,0.014619542179636734,0.029628522948689763,0.029602944804654273,0.030558980936355555,0.034396665927227746,0.0372582128683876,0.027914342822626885,0.027837795523859427,0.014306236727997931,0.013665358312947741,0.017424734459212367,0.022406376418065553,0.03531500300059041,0.015612775762958022,0.015029124043022502,0.012811510106367198,0.0119898215500824,0.01708224872885178,0.021149331171971483,0.035245794183246686,0.016109071405823103,0.016457077064576386,0.014825438496100539,0.011947756546148375,0.016805811355426137,0.018278804965602746,0.03401264677747312,0.01548180562727813,0.012285894704287453,0.013325206900717756,0.0176887882901961,0.015796779150621918,0.013524760496159041,0.004321916439357121,0.017668866518300512,0.01741435086036012,0.018003557298404006,0.016678272348675218,0.01316188915115108,0.013634690957264519,0.001707166979770699,0.017564071322697238,0.017663087965795427,0.01601533095042633,0.01648238173405723,0.014568307520703299,0.014077610694143263,0.002537251870521636,0.01780308862256308,0.017217962890576245,0.006247429799990185,0.0063049218852357005,0.00565514045025218,0.0028509460240818524,0.0007891418832897078,0.0075606572654236225,0.007537686187693808,0.017326518490656168,0.017944534730059254,0.015040513456607528,0.011607386720909371,0.002150202545423987,0.01650231741734993,0.017000975631617513,0.018637875137716396,0.018995543847858308,0.015404469054961166,0.012395926489010492,0.002161006439060976,0.016027538575129424,0.015893980753458836,0.0170305478083583,0.019103977558872658,0.01560364793719459,0.014464200377309716,0.003049514815722624,0.016518559126552142,0.018977529476809342
dual_slot,0,117000,170.4763425126439,171.76317749998998,0.5563998222351074,1.1045304536819458,35,0.617,0.38349183673469384,0.0178,0.0209,0.0155,0.0137,0.0047,0.0173,0.0175,0.0152,0.0161,0.0112,0.011,0.0033,0.0147,0.0112,0.0157,0.0153,0.0121,0.0157,0.0023,0.0174,0.0093,0.0068,0.0071,0.0061,0.0032,0.0006,0.0097,0.007,0.0198,0.0191,0.0144,0.0117,0.003,0.0171,0.0144,0.0161,0.0153,0.0144,0.014,0.0021,0.0174,0.0156,0.02,0.018,0.0156,0.0164,0.0033,0.0175,0.0134,0.01564507709474467,0.01221833248900434,0.015816536627779557,0.021548458397910322,0.03228616544514496,0.014616178678727616,0.01605028783648087,0.014772288288327391,0.014910295046548873,0.018095389265999788,0.01994504340469988,0.03541188849682083,0.013807237709848744,0.014120646811838347,0.015150428373499758,0.01434544306554169,0.019563929671643075,0.018019857256186676,0.03509113345322921,0.014815425578685378,0.01621826279253584,0.02895424146158676,0.0301736935319777,0.03093100859725368,0.03398271816380279,0.03753876631135843,0.028868128865449767,0.02831038373486866,0.013930778353271105,0.013845504584813848,0.016370645981657536,0.022806481127935534,0.035499027692475385,0.015312488354844018,0.014583629735567835,0.015015459284239814,0.013122000568738704,0.01702212912033035,0.020137585621433134,0.03478002166276439,0.013248424612032204,0.01676241123922833,0.015837619067758622,0.01324504170947937,0.01770380385945325,0.017065951305132405,0.034345925041012824,0.014867355328836653,0.01329046929749907,0.01642733042039294,0.019114112074706032,0.016343685059685784,0.012202477606273406,0.004517859333119755,0.0172808661495039,0.016176397127368757,0.017169143716281594,0.017148501889119868,0.014595598844675525,0.013310925659697081,0.0022027587503381397,0.017781673180709775,0.017557376754896756,0.016820396487946934,0.017357435084758652,0.013700863528496945,0.01472777958118096,0.002393249921186813,0.0170992092984428,0.016056183062014402,0.006863343535332532,0.005990622420653337,0.005370512324249248,0.003342755720576754,0.0006806233403792671,0.0068859089440575574,0.007324131004229192,0.017654196768713066,0.017676161856486197,0.01610337750345848,0.011302152758829918,0.0021013336386288394,0.016782540572421234,0.01706978534092458,0.01695605185689701,0.01827207451433285,0.0154027577819296,0.013251254626470145,0.0026159022378762667,0.018103472049359602,0.015705816694345842,0.016211409561587762,0.018262143079721058,0.014993030940417481,0.015371395708014005,0.0030046956903821923,0.01698391991081541,0.018190569572346223
dual_slot,0,118000,171.6404400112806,172.94602729193866,0.5485743284225464,1.0180686712265015,36,0.6438,0.3564918367346938,0.0182,0.0207,0.0161,0.0153,0.0048,0.0185,0.0158,0.0151,0.0177,0.0115,0.0118,0.0031,0.0175,0.0202,0.0148,0.0152,0.0117,0.0165,0.0027,0.0177,0.0131,0.0065,0.0074,0.005,0.0039,0.001,0.0093,0.0069,0.0193,0.0192,0.0142,0.0123,0.0023,0.0162,0.0152,0.0151,0.0153,0.0147,0.0156,0.002,0.0184,0.0166,0.0188,0.0175,0.0163,0.0175,0.0028,0.0183,0.0182,0.016645481582298356,0.0123476804318194,0.017715067562778186,0.019349747612044516,0.03336022536027492,0.015688910858519006,0.016683443924868084,0.013271368328296514,0.016899558409791196,0.018892619627489185,0.02012734555866582,0.036103742425428804,0.014504217243003497,0.013163385516195194,0.015125325835928854,0.015700966699416848,0.020165822473901446,0.017394516482355404,0.035870831269601916,0.01542423507644466,0.017521563192146226,0.029411256243474786,0.029646294385934482,0.030549438400039118,0.03351450283317272,0.03799624599241913,0.02770432245689937,0.029270542572072053,0.013198556341829303,0.013956922399885179,0.017036481400546036,0.020756910265174934,0.0363204664039185,0.014484201390957161,0.01583325554171217,0.01202801520176585,0.013540582395273332,0.0170891917692248,0.02019868873659758,0.03579081618270751,0.01444531979085379,0.014541878825528291,0.014199235379926766,0.011930596225586653,0.016718323612969748,0.01554007571553099,0.03445481485096348,0.014630122141171738,0.01325688707259645,0.015713178813791345,0.018930953870258706,0.015156296537036157,0.0138895073994264,0.004036528420274145,0.016503082219903886,0.015686481496964576,0.018320425571798183,0.01565168478091551,0.01425004876000093,0.01330359301043501,0.0020290034056800028,0.01745341484886885,0.018122927836084837,0.016782240332118798,0.01676804135470628,0.013276533816322435,0.015342664112577238,0.00215373751301998,0.016806405051184692,0.015136130011880659,0.006774609597767058,0.006648379670301698,0.005896049019152259,0.003888969070649531,0.0006980853457386433,0.007975024246015336,0.0068735675970105535,0.01833256867556015,0.017877366763887143,0.015399142607735295,0.012938971665112563,0.0018375280584730631,0.01731124115468842,0.016284383182980436,0.01911669846454079,0.01805297365586559,0.015440198625227485,0.013370607857860307,0.002210008753969287,0.017416709946626044,0.01730974154391582,0.017511645749514602,0.019068021627896677,0.015818202081205827,0.016607751708094982,0.0031886247277582882,0.017247683736201492,0.01817435962908506
dual_slot,0,119000,172.81093811593018,174.1315493750153,0.5715143084526062,1.052320122718811,36,0.6396,0.3619755102040816,0.0185,0.0212,0.0166,0.0163,0.0046,0.0194,0.0169,0.017,0.0186,0.0116,0.0119,0.0021,0.0183,0.0209,0.0175,0.0156,0.0142,0.015,0.0031,0.019,0.0154,0.0067,0.0066,0.0051,0.0034,0.0007,0.0086,0.0073,0.018,0.0162,0.0132,0.013,0.0025,0.0142,0.0116,0.0163,0.0152,0.0147,0.0153,0.0021,0.0163,0.0109,0.0207,0.0181,0.0161,0.0179,0.0025,0.0171,0.0156,0.015253005021842913,0.011819230499857345,0.016452873972484648,0.01929757675144008,0.033776057998147126,0.014755433330236684,0.017495195158495597,0.014582178576905483,0.015667504824693874,0.019073672238791264,0.019364453627396198,0.036792358719310525,0.014938511363526235,0.011279759876725425,0.015552489305340058,0.014105701655420726,0.02054662010360103,0.017119288699809117,0.035844770210270716,0.014411718791796197,0.01759413343337179,0.030714627306696836,0.029804948099063096,0.03189554869222021,0.03379152962300157,0.03850162905474512,0.028673941297965785,0.029494957046674167,0.0125046954491554,0.013799887566841584,0.01631167667642609,0.021107158799875632,0.03664359336786174,0.017657237733182514,0.01441701211115967,0.014167747685429593,0.014189575274472427,0.017746185907239642,0.01960298148228347,0.03603025197581369,0.012273186482526687,0.015152185810944577,0.015409622712172407,0.010680573997888583,0.015860140275562873,0.016728203566305805,0.03526278878307775,0.014422776179914838,0.01143280288203526,0.01689485896335995,0.019278294529343452,0.01602294902006739,0.014126522186624966,0.0038814737695233702,0.01716210610669891,0.01533852039681214,0.017399552388520874,0.016607148292236192,0.014164750243300134,0.014041039421207099,0.0017878131722732552,0.01703502883557969,0.019652749363737294,0.016686982328429526,0.017652157328348256,0.013142354536957418,0.015482255335772452,0.002406486391349181,0.01747880864002831,0.015269845822617728,0.006006459771393054,0.0066378820628765975,0.005264889123683675,0.0038707346773944238,0.0005623199141465903,0.007422931231901762,0.006813989107256934,0.01880250279376748,0.01778630257807825,0.016160018729070753,0.012636088529834485,0.0019301359846085073,0.015265106660169492,0.017357946965864506,0.01749190272720217,0.017711126862836657,0.015047116368190606,0.013875473578378456,0.0022777406528022826,0.01888507171859394,0.01700390162409879,0.01662989822216147,0.020146778473081377,0.016473437070974945,0.015909963525747084,0.0028104486269101333,0.017432071037327152,0.019702769866242642
dual_slot,0,120000,173.98365907080006,175.31962824997026,0.54984450340271,1.0424473285675049,36,0.6701000000000001,0.3300918367346938,0.0183,0.0206,0.0162,0.0161,0.0044,0.018,0.0174,0.0178,0.0182,0.013,0.0118,0.0026,0.0185,0.0197,0.0176,0.016,0.0141,0.0169,0.0032,0.0194,0.0125,0.007,0.0071,0.0055,0.0036,0.0009,0.0092,0.0073,0.0197,0.0174,0.0149,0.0137,0.003,0.0166,0.0171,0.0174,0.0144,0.0159,0.0162,0.0018,0.0183,0.0175,0.0193,0.0181,0.0171,0.0186,0.0026,0.0186,0.019,0.01693524438838685,0.011391393557549274,0.014514474311129332,0.018977836139106634,0.03425877421387569,0.015008458606032813,0.01621052111362062,0.013276348496316079,0.016054243496712577,0.020113734288390653,0.019902085645619787,0.037226375085226214,0.014219442083084163,0.011551797045388727,0.015867317976133416,0.014700098476856167,0.01899249396634678,0.016287758634172898,0.03659031417713424,0.013839122447847326,0.015597280427051552,0.029182547307095907,0.03000160755538689,0.03164218170392532,0.03414547855651678,0.03901342729444744,0.029119882131150424,0.02912202899161332,0.013074062966108264,0.016743344158340685,0.017600480749841555,0.020636294688351015,0.03688578670538606,0.015314399778644665,0.014103831047730313,0.011569359294758833,0.01545305874263269,0.01848078992942559,0.01953127774178086,0.03651181742160575,0.014090489173759511,0.016061324967354525,0.01577436526726095,0.012326983846708295,0.016280266692025105,0.014509231367094474,0.0357356087626474,0.013338201384511661,0.012236757197913907,0.015619657694400272,0.019786058645939235,0.01738557019094444,0.014267562847907523,0.0038210416589528474,0.01716631753805297,0.016308560804227247,0.018346013727082264,0.01641499751865018,0.013532993977523725,0.01367714249088287,0.0018389466015590228,0.017625571645756396,0.019403374405648488,0.016503245241610322,0.01729820878771146,0.014374767274177021,0.016177831291307166,0.002233089026036564,0.017923660186759807,0.016804348455605425,0.007395518336460962,0.006798614710730061,0.0056031363392592005,0.003937266952744135,0.0005827682444386999,0.007360072995700307,0.007358610823583047,0.01832753526235778,0.016023793565588886,0.015400957109880896,0.013255216365494244,0.0020318501939403013,0.017075136278253755,0.017782436384674596,0.019391413203796205,0.016746324180707935,0.014723275893161731,0.013929690333290107,0.0022865511719062943,0.017752460696066993,0.016292987008910693,0.01676186547002877,0.018914476869983054,0.01618293386276068,0.017389141026922197,0.0028933321688477706,0.018225762296392056,0.018936865448141726
dual_slot,0,121000,175.3377402824117,176.6889062919654,0.5368919968605042,0.9879642724990845,36,0.6456000000000001,0.3552918367346938,0.0182,0.0201,0.0163,0.0169,0.0041,0.0175,0.0133,0.0167,0.018,0.0124,0.0117,0.0024,0.0186,0.0213,0.0148,0.0151,0.0128,0.0171,0.003,0.0187,0.0143,0.0062,0.0066,0.0051,0.0035,0.0007,0.0078,0.0059,0.0197,0.018,0.0148,0.0129,0.0024,0.016,0.0141,0.0165,0.0142,0.0155,0.0155,0.002,0.0181,0.016,0.0184,0.0178,0.017,0.0178,0.0026,0.0188,0.0184,0.014669935966685543,0.012532441827181523,0.01663506413651149,0.0189719264145347,0.03446093558107209,0.013432462219719263,0.015064133518972447,0.0117731568951158,0.01674096777165064,0.019404408535138445,0.01990714614661717,0.03757092974961457,0.014763878874108818,0.012082230623913762,0.014102480258597682,0.014342259787218889,0.019612860938197342,0.01735569625503134,0.037613736541700506,0.01541606074465468,0.017773919262445197,0.03086725014763879,0.03161992561043102,0.0315873605064796,0.03478120638308669,0.039547263048418636,0.02951586418513112,0.030002666858508296,0.013504813234242175,0.014589914303208572,0.017886233591481143,0.019196952227449215,0.03722930250228445,0.013950856470506206,0.015149695110155598,0.011513638717465937,0.014891106269642495,0.01535372654065107,0.01959134715827527,0.03664140288697701,0.013618708605466648,0.014098582862576887,0.013560917066158116,0.013281740954899448,0.01572263294149783,0.01768710895930199,0.036204709560704214,0.01389823097256969,0.010280210276109907,0.017352035207068107,0.01887002266083796,0.016067344712248483,0.014454121052425401,0.00386413823752789,0.018185624386496728,0.017242745178482302,0.019225243473875275,0.01611319322462909,0.014084666707527832,0.013746011738848424,0.001769178652859019,0.017405940725285396,0.019134232200686548,0.017773348190544373,0.017572764994855158,0.013983311143676555,0.015503786273503187,0.0017794055684465235,0.016849429359515045,0.015143937176791675,0.006363047758350437,0.005856029227296194,0.00591702828825146,0.0037265218727508226,0.0004378776399152398,0.007234308179010193,0.0069063873305566775,0.01825407467249535,0.017288752036721818,0.015341717306598026,0.014263476279914547,0.001999306182813099,0.01791454776570002,0.016950734033263207,0.019439123052043043,0.0173593000897613,0.016735169032502526,0.014036865792860015,0.002395328125995286,0.018099227277961743,0.01773691106110989,0.018099094413397014,0.01840434100238432,0.016642915672555127,0.015397726981494504,0.0026894942304497163,0.017910934943521035,0.020348112225795818
dual_slot,0,122000,176.62742290471215,177.99419929203577,0.5699616074562073,1.0484521389007568,36,0.6606,0.3402918367346939,0.0148,0.0201,0.0163,0.0186,0.004,0.0188,0.0183,0.0161,0.0186,0.0128,0.0132,0.0025,0.0189,0.0213,0.0141,0.016,0.0139,0.0183,0.0026,0.02,0.0153,0.0055,0.0063,0.0055,0.0041,0.0008,0.0085,0.0066,0.0191,0.0174,0.0149,0.0145,0.003,0.0159,0.0147,0.0161,0.015,0.0161,0.0173,0.002,0.0186,0.0171,0.0144,0.0171,0.017,0.0189,0.0024,0.0187,0.0186,0.016870095521418292,0.01270668798447908,0.018509241519554822,0.01460901026780892,0.0348783716892595,0.0135790850327321,0.016276074143788538,0.013834532218679989,0.01636820982968412,0.01903644850132321,0.018588946236211643,0.037957748003418,0.013885324880207753,0.011994155030380977,0.01620311694675714,0.014958058983299476,0.015680944309063506,0.017436610436280864,0.03734288997796964,0.015462038929661557,0.017337360680432165,0.030863189712960863,0.03104521905653207,0.0324350451970152,0.03457356032217053,0.039571186698104846,0.030041314363731274,0.02948250075292378,0.014882120508961667,0.014793931084587106,0.016574022365681826,0.018366935583567875,0.037315406750303516,0.013033743385871781,0.01585881546174158,0.012939000554891274,0.013301604216492981,0.0161101246435847,0.01867349108085889,0.03691428264262503,0.012852362213546001,0.013550883959214742,0.017693120872294937,0.012223003974548514,0.014726151737950048,0.014537373734133843,0.03662089066665659,0.014727603994186812,0.012778163342450369,0.01589821669288216,0.018763255023837196,0.014761938080104828,0.01741174823640778,0.003765661643842926,0.01821834995830563,0.016452094376816672,0.01808642050962974,0.016351357834820814,0.014291847302530651,0.01486483511491464,0.00166531765150441,0.017935233276413498,0.01908396231684835,0.01638374316853012,0.017334351035233595,0.016694214042848356,0.01547993886159224,0.002037830528779744,0.016840745535300225,0.015585437439543937,0.006375230336251311,0.006370570527352858,0.005323057335174822,0.003930634625555916,0.000546247065097588,0.007081629546202339,0.0073385022571379795,0.017307057942652394,0.017327027925122123,0.016018277966346632,0.0148181327238164,0.002095289828247689,0.01850526726849881,0.016653275155349298,0.01852962398853176,0.01828690333978311,0.0166413031153842,0.014651992251371874,0.0023637954004594487,0.018587618202724032,0.01808097727142846,0.015308235191626208,0.019047962273323754,0.0172942732529198,0.017459700498806106,0.002521124438344497,0.017254238637595926,0.018598223149680296
dual_slot,0,123000,177.97121771797538,179.35390049999114,0.5725486278533936,0.9291852712631226,36,0.6738,0.3271836734693877,0.0167,0.0206,0.0159,0.019,0.0039,0.0188,0.0151,0.0179,0.0179,0.0127,0.0132,0.0022,0.0195,0.0212,0.0167,0.016,0.0138,0.0182,0.0029,0.0189,0.0146,0.0058,0.0061,0.0056,0.004,0.0009,0.0088,0.007,0.0197,0.018,0.0142,0.0146,0.0024,0.017,0.0161,0.0166,0.0159,0.0152,0.0177,0.0017,0.0183,0.018,0.0203,0.0176,0.0174,0.019,0.002,0.0191,0.0191,0.014753954490162358,0.011954105578725761,0.015731228795071498,0.015527379212161376,0.034979295854247104,0.015576230726593178,0.01952643121562548,0.01572719735922141,0.01708347571407663,0.018445041055846222,0.018928792072944428,0.03781158289343551,0.01405599514480076,0.013029358540038768,0.015646772105337034,0.013079239742976758,0.01768469029319199,0.015272907622767642,0.037782727280501034,0.0161468828627881,0.015259122490469013,0.0321288224649239,0.03159812407905416,0.03345818858856837,0.03442792153814592,0.03973029735639031,0.02908441654373474,0.030237778836607408,0.01170741693135091,0.01503128107109536,0.017261893004277627,0.018757822342647317,0.03756039391502612,0.013849974203571525,0.01471465243082563,0.014981714516428567,0.014487152770229383,0.017031827521414664,0.017621815101492327,0.03747271705828964,0.013609231726639802,0.012951134845853368,0.014698529679715088,0.012118207277221564,0.015640410781475447,0.013454458031100493,0.036509057910494996,0.013093597434272235,0.012778750988171031,0.017287641371972667,0.01915444065394084,0.01679229372210011,0.01688914793298108,0.0036852073710599664,0.016778451185380044,0.014144654980722655,0.01683404418198234,0.01581255807906466,0.014748484377583547,0.014582193383431495,0.0017967799671784605,0.01783113077054497,0.018515640734201744,0.016692355220591936,0.018560507441781757,0.015333573254087358,0.016902566867051445,0.001894144447311399,0.016437031369441184,0.016950820604111346,0.0056248230240255,0.00597866617664582,0.004816593151462406,0.004091898700311775,0.0005174770851139629,0.007693743194016518,0.006924738876894595,0.019357982811363778,0.017180858872128047,0.0156154733495316,0.014618062452344725,0.002003322720351248,0.017968495234600926,0.017391971020319932,0.01713578237281094,0.017660843920669328,0.0157298070118959,0.015375495288608258,0.0020617812652149814,0.01812901028283786,0.018645921382866117,0.017324595864739598,0.01920127584528085,0.0168528466333227,0.018232205645459087,0.0026652385089828905,0.018550934451006564,0.01883898332122368
dual_slot,0,124000,179.25875766284298,180.6573097090004,0.5623934268951416,1.03886878490448,35,0.6569,0.3440836734693877,0.0176,0.0203,0.0172,0.0178,0.0036,0.0173,0.0099,0.0151,0.0184,0.0137,0.0131,0.0024,0.0205,0.0213,0.0121,0.0154,0.0144,0.0181,0.0027,0.0195,0.0153,0.0062,0.0065,0.0057,0.0043,0.0006,0.0083,0.0076,0.0196,0.0187,0.0145,0.015,0.0028,0.0161,0.0142,0.0163,0.0163,0.0155,0.0179,0.0023,0.0184,0.0154,0.0176,0.0179,0.0162,0.0194,0.0023,0.0185,0.0171,0.016348031435746598,0.01193866819041141,0.015020156574371196,0.014467561539211592,0.03573116187741869,0.013166992549445568,0.018619254813720565,0.014300770269202467,0.01537772435961302,0.018979037585546622,0.017574969618704334,0.03813355906872027,0.014101991024677598,0.012307227177769532,0.018142980261101675,0.014787768736161689,0.01676316851749378,0.016287270506605986,0.037983810735798325,0.013686500275510893,0.015193628388337856,0.03290466869084111,0.03119316204277045,0.03386890143593644,0.03576918936447809,0.04042227604043963,0.030742803466950443,0.03165991677880381,0.013338050410889734,0.015657103430182583,0.018523098786283387,0.017042448703376734,0.038892285391409924,0.014835416586681655,0.016026921548789274,0.012971625531611835,0.010478468120585496,0.016070910049197473,0.017892863681454842,0.038667033049774924,0.012055307399022256,0.012887330412209866,0.01575616788141445,0.010788076931897428,0.015524548764868678,0.01507426347708907,0.03778989333324103,0.012651231807294095,0.011603803376935657,0.016311390582040765,0.01922824532741771,0.01713897203180831,0.017538688353808226,0.003543709264098697,0.018543760994421017,0.014790003160961268,0.017608482982768202,0.016944666187602566,0.014711439195049837,0.015432498443563779,0.002014835619405433,0.01789446721798703,0.019065828521998236,0.01533522105095157,0.017407828578223736,0.016079511858070536,0.016585421496279115,0.002073507093057252,0.018048451764708914,0.016986692313527896,0.005466558711001326,0.006544519301566507,0.004798185046966591,0.0035970154407716564,0.00048203091977045955,0.006877510503971543,0.00623988956590778,0.018432119253928084,0.016684203086141703,0.014969947357270582,0.01589723829417859,0.0015196492157654943,0.01729860597816089,0.016716277002623802,0.01851501822338863,0.020259376964394032,0.016453192695107713,0.01553752334620077,0.0016275987458349121,0.019073995183860458,0.018570033840710418,0.01681486069297789,0.019940121776449188,0.016926965529482012,0.017103658900093063,0.00220006822360448,0.018606937236961645,0.019446796467310668
dual_slot,0,125000,180.48161106125917,181.8960809590062,0.5470298528671265,1.0632286071777344,36,0.6890000000000001,0.31377551020408156,0.017,0.0207,0.017,0.0187,0.0037,0.0194,0.0174,0.0175,0.0189,0.0137,0.014,0.0027,0.0195,0.0226,0.0171,0.016,0.0146,0.0182,0.0024,0.0193,0.0161,0.0061,0.0052,0.0057,0.0043,0.0006,0.0088,0.0066,0.0191,0.0182,0.0146,0.0153,0.0027,0.0181,0.0161,0.0183,0.0165,0.0159,0.0183,0.0019,0.0186,0.0169,0.0207,0.0178,0.0177,0.0199,0.0019,0.0185,0.0182,0.017673153780099732,0.01231087195134954,0.0156996324574662,0.015138592732811429,0.0364900968071814,0.014045099261713826,0.015429475827138616,0.0137014520231745,0.01587078096442574,0.016774999482585894,0.017314686829815962,0.03829267075146486,0.013085490514272278,0.011510393553223584,0.01781857197364989,0.014709685051914712,0.019571016072120504,0.01534087670615018,0.03850735330766744,0.0158296790772992,0.01475039350640263,0.03159631869823573,0.03313072855084162,0.03319026098393074,0.035732348418235735,0.040631415933893036,0.03117082579780795,0.029870757423190106,0.014270567577936027,0.015633644333986924,0.016910195239135742,0.01870720429156903,0.03871526022911393,0.013037643860416073,0.015978333328715698,0.013630889297710799,0.013301846645490951,0.01608052146236419,0.017076389985712034,0.03817857996253777,0.01156045676598898,0.012881768406440524,0.013875723550881732,0.012595922432834182,0.014497370463402898,0.013915021732838373,0.03738902812275043,0.014719001576622112,0.011857002295488535,0.015424873334024657,0.018873043192909066,0.01682549345413371,0.017190352285675527,0.0031486598011372905,0.017784292238208016,0.016844933388630325,0.018007775040594573,0.016675128596162873,0.016087091604312796,0.01569705628321812,0.0020545237397949934,0.018447413447320416,0.019471740266828467,0.015603741572968712,0.017508344687453124,0.014307831263703115,0.016980676718204697,0.0017977225490591392,0.016819045730183675,0.017403745912984707,0.006331211916771443,0.005372407489839431,0.005255566988919948,0.0036023809306093978,0.0004163889752142675,0.006568858597346754,0.007492452121664558,0.017872039285156828,0.016751219759645608,0.015921045261854304,0.014947715695475976,0.0016625152311190393,0.018556654379850688,0.016605184475916236,0.018327101329626286,0.018423898886905835,0.016538728855392447,0.015812964464043545,0.0020505949688824085,0.01951730784796824,0.01885333677132952,0.018011629200411945,0.018843917396803158,0.01749016842676164,0.017868885063118144,0.0025640612156508772,0.017385098407353618,0.019246331520981128
dual_slot,0,126000,181.67695550166536,183.10612429201137,0.5761289596557617,1.049865961074829,36,0.691,0.31255918367346935,0.0192,0.0207,0.0179,0.02,0.003,0.0205,0.0192,0.0181,0.019,0.014,0.0142,0.0023,0.0201,0.0225,0.0169,0.0158,0.0158,0.0178,0.0019,0.0204,0.0158,0.0062,0.0054,0.0055,0.0039,0.0004,0.008,0.0075,0.0176,0.0178,0.0142,0.0152,0.002,0.0162,0.0152,0.0174,0.0158,0.0153,0.0184,0.0021,0.0185,0.0169,0.0214,0.0181,0.0172,0.0205,0.0023,0.0188,0.0181,0.014132742400364669,0.01379652612062669,0.015797196096805688,0.014158944745981887,0.03716815778775168,0.012315871186217318,0.01020408163265306,0.011831688114513184,0.015120883333108563,0.019665916669118044,0.02009743312887513,0.03902354665698887,0.012498161612641622,0.011284951454231902,0.01647333811314354,0.015751652313934675,0.017633564981508885,0.015570816122510402,0.03936516415702856,0.012622863680610344,0.014482240940160648,0.03338296115088203,0.03330790836649433,0.034448184024216046,0.03691422458469002,0.041775965188259157,0.03228396120777742,0.03037075729120252,0.013626863007638277,0.014272348168608086,0.016826465292215688,0.017206777144917616,0.03965121755978398,0.014594165965290902,0.015765663824688338,0.01142469185442017,0.013912362944759091,0.01835882009187509,0.01639181758791683,0.0391483114744015,0.01188159707666369,0.014305210684336381,0.01515602912512957,0.012153137066989412,0.0146905772216721,0.014297733007344946,0.03797840339866676,0.014021785656055392,0.012856318784329364,0.017860543167546483,0.018149258029680263,0.016857071157514007,0.017844131266387467,0.0033931937493617997,0.01895948225033809,0.020841355542282804,0.019419001462635442,0.017280681256874122,0.014433888875584337,0.014241732520262928,0.002152941542191123,0.018923429210539067,0.019683326263108664,0.016394505506166272,0.016963722613649125,0.015667794662647987,0.017155114789915882,0.0019389686129447795,0.01876719677528401,0.017719758930406174,0.005842185616750994,0.005811070105789652,0.005057793250252612,0.0035131829117786813,0.00042895768428158923,0.006452421830799873,0.007611699129632066,0.018099276921838794,0.017851225764369653,0.01636863596223179,0.015974176733663924,0.0017988608874693528,0.0176105919261571,0.016876821470744326,0.019752049532894705,0.01811576586087283,0.015330716908678533,0.016328378579978896,0.0021138573036734434,0.019309615866132782,0.017713454749906925,0.017258667606904362,0.019217661150864186,0.017511142007661826,0.017757200910578964,0.0028466319943284556,0.01796910368681287,0.018620971618831354
dual_slot,0,127000,182.8669523197459,184.31243370904122,0.578604519367218,1.061274528503418,36,0.6961999999999999,0.30786734693877554,0.0172,0.0206,0.0193,0.0187,0.003,0.0214,0.0189,0.0175,0.0191,0.015,0.0136,0.0022,0.0202,0.0222,0.0175,0.0167,0.0159,0.0185,0.0026,0.0196,0.0153,0.0065,0.0047,0.0052,0.0041,0.0001,0.0086,0.0068,0.0181,0.0181,0.0148,0.0162,0.0018,0.0182,0.015,0.0178,0.0162,0.0155,0.018,0.0018,0.0192,0.0172,0.0215,0.0184,0.0173,0.02,0.0021,0.0193,0.0187,0.016371856298782454,0.012487516662969704,0.015533649460537298,0.014915489988167139,0.03692449470276414,0.011448555553394168,0.01441433540943857,0.014388121312011067,0.014404758984067066,0.018313494181062866,0.01779303498411396,0.039694330973998854,0.011960319794952136,0.011114996783547331,0.017491443911733455,0.01582531313560672,0.016556974142606033,0.014612094253341739,0.03985584456103419,0.014682409546009176,0.01440899679498904,0.03282736123780493,0.03390005178797871,0.03489235942438986,0.0356586745718521,0.04166332571665821,0.031967289352771176,0.03176839712328037,0.012500008095353654,0.015257921431513197,0.015705687560489623,0.016708856208701633,0.03987608568620608,0.014787251418010298,0.015429171966807938,0.01469748523315837,0.012328995329240417,0.015776677847540808,0.016871384949757234,0.03893894039327207,0.01093004694307078,0.01429230484762033,0.013597185985401486,0.012221451220856999,0.015401443254880926,0.014407549523381406,0.03917703276301141,0.012898863678540528,0.012320165013322342,0.01650346584932313,0.019127754348473896,0.01691043032451351,0.017453231106064993,0.003534192774151669,0.019582130556418716,0.017766615762847587,0.018017383102205287,0.017850729144288435,0.015250247982573326,0.015731954306286804,0.001763081469156105,0.019301173908631754,0.019790713307214835,0.015764296845831076,0.01684523313805715,0.016309581970898504,0.01744763964676421,0.0016620829306069661,0.01759898221254739,0.017769954133737473,0.006252484146628368,0.0054254535648106915,0.0047658759557830535,0.00432574217649529,0.0005318191644187115,0.0065949963896118,0.006758431240421865,0.01896369313928511,0.017160975047706063,0.016959100541357845,0.016175543766445085,0.0016494256421492274,0.017572484433407823,0.017014825248686805,0.017511430003371735,0.018875319255210368,0.01695377101604926,0.016230160426364194,0.002235446340047732,0.019945429628889545,0.01788198706527222,0.01823853750336204,0.01913788181123147,0.017110289714869702,0.017809921649345993,0.0021256236482519904,0.01887052863655832,0.019193341075504397
dual_slot,0,128000,184.08079655305482,185.54133404197637,0.5735141038894653,1.0579384565353394,36,0.6930000000000001,0.3086836734693877,0.0184,0.0202,0.0192,0.0188,0.0037,0.0203,0.0179,0.0174,0.0192,0.0153,0.0144,0.0024,0.0201,0.022,0.0153,0.0167,0.0169,0.0189,0.0031,0.0203,0.0164,0.0056,0.0049,0.0051,0.0044,0.0003,0.0078,0.0081,0.0185,0.0183,0.0146,0.0161,0.0024,0.0172,0.0142,0.018,0.016,0.0154,0.0188,0.0017,0.0187,0.0156,0.0205,0.0182,0.0168,0.0201,0.0016,0.0187,0.0185,0.015827956416253983,0.012590554933832777,0.01326539913859177,0.0160652324240465,0.03714371576910276,0.014112648117070985,0.013560176648103234,0.014151279686614442,0.014598169907580772,0.016366304942188804,0.018170820527312996,0.039556286648073036,0.011653487382894349,0.010316018013881755,0.01753571777450024,0.013372793790293894,0.016845674985713467,0.015040204303584784,0.039054365765088424,0.012908295101464403,0.016769493418879906,0.03340992189187089,0.033814817387664946,0.034022981657977076,0.03615312279984871,0.04151276089342839,0.03250218960199264,0.03105266050003718,0.01389644671286044,0.013918547169276495,0.017145074891743634,0.018674329967650855,0.04002347981164598,0.014660938104769157,0.013408864727697225,0.013151017842879137,0.01350059811421356,0.015795633298951832,0.017598965041000003,0.03901901725922281,0.011850986840324887,0.013570226310408147,0.016819589684269918,0.013318515855679358,0.016660909062219155,0.01217600564596872,0.038721585333724426,0.013318796910413419,0.011397420987187656,0.016916287729945252,0.01886571050896303,0.018443063248197954,0.01672862196117362,0.003488344745175803,0.017912440835772956,0.018258447441984335,0.01792730882253352,0.017569301552785688,0.016461938662551304,0.015448978546727886,0.0018211290049239097,0.01937446027318717,0.020407414648428945,0.015846736187510372,0.01845392819759275,0.016239839648831144,0.017253397931060767,0.0021354763532722477,0.018822963450771647,0.016287551298891905,0.005670527443189465,0.005456008492853698,0.005325637574623759,0.003952491870965578,0.0006348739060980216,0.0063171548665926025,0.0071859159798360805,0.017930657819680146,0.018112129054837042,0.015896078888177637,0.015016448802951561,0.0016066562328162076,0.01784249054378872,0.018275087379179794,0.018514698954594767,0.01841294830108455,0.01689746883119544,0.01565087514284481,0.002235739721018289,0.019367956106137268,0.01840840345262378,0.016099926576856306,0.018487921851569535,0.016238368948200396,0.019398775519627404,0.002343892957816469,0.01837055833018173,0.019652019248493934
dual_slot,0,129000,185.26179473102093,186.7377259170171,0.5475677251815796,1.0541774034500122,36,0.6950999999999999,0.30818367346938774,0.0201,0.0203,0.0183,0.0192,0.0034,0.0193,0.0184,0.0172,0.0184,0.0146,0.0139,0.0025,0.0193,0.0225,0.0147,0.0155,0.0168,0.0185,0.0029,0.0198,0.0156,0.0063,0.0055,0.0048,0.0037,0.0004,0.008,0.007,0.0196,0.0192,0.0151,0.0153,0.0026,0.0192,0.0162,0.0177,0.0153,0.0153,0.0183,0.0017,0.0191,0.0176,0.0216,0.0182,0.0173,0.0191,0.0018,0.0191,0.0189,0.01600616655705025,0.014216273204099225,0.016424582524979366,0.013494064929652537,0.03752669415291172,0.01048542876354124,0.014537193471088236,0.013900620962796708,0.015279800571964994,0.015605202859405594,0.016544289136396356,0.03961857017763563,0.01175861131381988,0.011291919163776882,0.015423223606617614,0.014544207118874237,0.017502609643991404,0.015507878773640286,0.039621893216599986,0.014272753709530857,0.014879653581107129,0.034148804489571416,0.03360069294148033,0.03480509759747334,0.03693168785333601,0.04229471889444595,0.032589436509084455,0.03123954082162455,0.012463358488548144,0.014094003781435,0.014971032202499082,0.018218693222488216,0.040294924100276984,0.01449828143450145,0.015334109023071193,0.013357712350911238,0.01370991046853844,0.015831614052690055,0.016917719114480454,0.04005168434123457,0.011758708411988417,0.014016578152331736,0.012233820055664825,0.013042394179151593,0.015338889110082587,0.015046974958728528,0.03960872858592931,0.013731633298917856,0.011427614120034076,0.01676296454630645,0.017794596387145103,0.016542603778456497,0.018320499782297016,0.003263711356429965,0.020342142802183796,0.017751871704621343,0.018068429826161303,0.01733050827539231,0.016972504682690057,0.01631213414369748,0.0019667213850463206,0.0195527532877311,0.019685858407812427,0.01712439665397627,0.01782564815301802,0.015757025634980028,0.016993784364406274,0.0019646610582581396,0.0177986402492059,0.017461417043090816,0.005436171281641922,0.005776007473018288,0.005029261135353809,0.003710747895325599,0.00034653734910865746,0.006363936934211475,0.007200889577846558,0.018998613498407854,0.01802665499775495,0.017326636125558674,0.015430232129888935,0.0015473732762655412,0.01758068516649608,0.01721871133899951,0.018405040130343265,0.01818667277916959,0.01691025183829189,0.016119665266663308,0.0016981850473222967,0.01947456808562096,0.018387159881069322,0.01914093027147574,0.01871772894195721,0.01713762262373014,0.017513925642449406,0.0020118857981590893,0.018212266845658628,0.019523600794142768
dual_slot,0,130000,186.43065108708106,187.92177054204512,0.5778371095657349,1.1100918054580688,36,0.699,0.3043673469387755,0.0198,0.0213,0.0192,0.0208,0.0038,0.0187,0.0163,0.0175,0.0191,0.0149,0.0147,0.0022,0.0194,0.0219,0.0161,0.0159,0.0175,0.0188,0.0027,0.0204,0.0149,0.0062,0.005,0.0051,0.0045,0.0002,0.0065,0.0068,0.0187,0.0197,0.0157,0.0158,0.0022,0.0182,0.0145,0.0176,0.0161,0.0163,0.0191,0.0023,0.0191,0.0165,0.021,0.0184,0.0184,0.0197,0.0014,0.0195,0.0186,0.015860090339663766,0.01020408163265306,0.014053667869940603,0.014802549656204866,0.03843761006045231,0.013835101663083584,0.015526616350948002,0.012667701313432672,0.016386636007725986,0.017609721516432995,0.0173956372087306,0.039852856862109626,0.010456948261306937,0.012613978152810866,0.017648817821198336,0.013505200409731695,0.014352858450332889,0.01541207271768921,0.040040272927524406,0.014794703597560103,0.015032196983501103,0.03358501723765982,0.03487199508194616,0.03476244882891852,0.03698286656703519,0.04265468969272905,0.032544830174921824,0.03245333112558731,0.014137624569930833,0.013424071758355768,0.01506121576623716,0.016747558931933266,0.04055721154920385,0.012877258440281418,0.013181420694288078,0.014879203267076882,0.013350280634956286,0.01672350417827409,0.016174449091996532,0.03983625105703748,0.011657431632923116,0.01358731665184108,0.014323707871951332,0.010354839485910972,0.014504859390871698,0.015352473237524339,0.03983175297098531,0.012413997597881164,0.012679072708707793,0.016859536475342527,0.02033105132328458,0.01816046107395707,0.0178192991140698,0.002923887691566724,0.018294233459265386,0.017219887610418587,0.018774360173085793,0.01645914175669145,0.015944933211739298,0.015919712472439073,0.0020967552606114773,0.020127440840784647,0.01919786617260546,0.015725692008302435,0.01833989791901513,0.017782030432427355,0.017211868484804434,0.001982048168073441,0.017550663756154213,0.0173662445828188,0.0060110810592149885,0.005184330020603142,0.005290439772691305,0.0038142563808740678,0.0003428445854207681,0.006569597498668346,0.006820911547393252,0.017913763283514364,0.01835048981603957,0.017348483777792405,0.01643355313397011,0.0016265958954985312,0.01880235175143851,0.018499003221221052,0.017498946143850044,0.018512840814705153,0.016370150729110796,0.016745259727850015,0.0020678562629497803,0.019548940824058038,0.018211514071879105,0.017956121902338435,0.020346186020812937,0.01768899899505476,0.017053033557158547,0.0021487342946703435,0.019203075799924082,0.01876740036583969
dual_slot,0,131000,187.61965709214564,189.12542670895346,0.5409880876541138,1.0788933038711548,36,0.6812,0.3222836734693877,0.0135,0.0207,0.0183,0.0201,0.0028,0.019,0.0149,0.0148,0.0198,0.0152,0.0142,0.0024,0.0196,0.0236,0.0111,0.016,0.017,0.0186,0.003,0.0198,0.0168,0.0043,0.0048,0.005,0.0038,0.0003,0.0071,0.0073,0.0173,0.0201,0.0151,0.0157,0.0023,0.0188,0.0168,0.0177,0.0165,0.0162,0.0186,0.0018,0.0196,0.0177,0.019,0.0178,0.0179,0.0187,0.002,0.0189,0.0189,0.013417598907341902,0.012283992401594543,0.012504204021176381,0.012871037580701235,0.038247236430313025,0.013000466984900715,0.0165004204267214,0.011654214735053077,0.014996728857282468,0.015816258614669954,0.016583431393860967,0.040233726653787716,0.012740470231106363,0.011086866347233847,0.016744481063317242,0.013757856155998654,0.016184633020706878,0.014712206205531996,0.040359241963014755,0.01658766118750909,0.013840031287536515,0.03412694455472505,0.034219962259196164,0.0344259731021845,0.0372955506997435,0.04223552907312404,0.03288781432540766,0.0314828454791927,0.01385245817154849,0.013099568723684257,0.016327548641433105,0.018037487988741087,0.040580648819838326,0.014271401491508108,0.016008068553906223,0.012585821156643594,0.012185477101471803,0.015364385305217549,0.018909449898017145,0.04005882901105597,0.011168481570332579,0.013183796094650509,0.015663690845971037,0.013213719866510992,0.013925598691898534,0.015921276355752047,0.03897017991825386,0.013703107867765442,0.012171619962866961,0.018381211548842237,0.019352807238416758,0.019099997240776653,0.018756886677972595,0.002972108650561664,0.018638112039716964,0.016482583515358605,0.01946723310482994,0.01744772978294058,0.016943003135008298,0.016548646761714015,0.0017486819932541217,0.018798237146624888,0.019777585433776036,0.01633227304049077,0.018288843631237086,0.01663800610569265,0.01750577224010115,0.0016323179423106914,0.016428854243958135,0.018199171646577597,0.0054706246681466685,0.005530525030305908,0.005286460914439424,0.003597289158291584,0.0005158249605147439,0.006272834621130758,0.007255305181089344,0.018035268258210585,0.018577077906459946,0.016628113164262114,0.015614069358902897,0.0015740843297448444,0.017816314675633046,0.01690299747922902,0.019049731411101934,0.019218167699651872,0.01722129992498336,0.015037988638848868,0.0018173343140419074,0.019610133281878363,0.018486142001951165,0.01695884057845073,0.01842865024428421,0.018146472951031035,0.016800200492797044,0.00248780442501889,0.018166311650321676,0.01926576444389976
dual_slot,0,132000,188.83079929091036,190.3515482089715,0.544379711151123,1.1057426929473877,36,0.7108999999999999,0.2952510204081633,0.0192,0.0213,0.0183,0.021,0.0031,0.0205,0.02,0.017,0.0197,0.0144,0.015,0.0021,0.02,0.024,0.015,0.0163,0.0168,0.0196,0.0035,0.0208,0.0165,0.0062,0.0046,0.0048,0.0039,0.0003,0.0066,0.0078,0.0191,0.0195,0.0151,0.0152,0.002,0.0182,0.0169,0.0182,0.0162,0.0159,0.0194,0.0022,0.0191,0.0181,0.021,0.0181,0.0185,0.0195,0.0016,0.0197,0.0191,0.014262264672357156,0.013968383736124447,0.014353408092524913,0.014586355956531736,0.03911485911337401,0.014064827245445027,0.012605187469687966,0.01373034397107002,0.01548990917782937,0.016288521114917354,0.017476021911613078,0.04138940818373207,0.011136243067335004,0.01020408163265306,0.016576530603701532,0.012211376239854263,0.016841527930930085,0.012619037061373786,0.04082367161963843,0.012738148436940908,0.014763295207761012,0.03498854308484857,0.03549066974882902,0.03535034081078442,0.038030794959285824,0.04338887853323173,0.03240887248119056,0.032538403762669435,0.014228071132349526,0.014387847753364873,0.015102408868416845,0.015987650512521753,0.04163960921894249,0.012871022561603426,0.017006178443661705,0.011712750036178044,0.011945626454646911,0.015090201177059559,0.016725397602840076,0.040544474190405404,0.010765697083894491,0.012979366312486263,0.014536390011943737,0.012063012796335997,0.013938557340806276,0.013109043933819915,0.04048566640757576,0.013600095471367767,0.013841026863544326,0.01813933525336898,0.01811900429282246,0.017811629463031907,0.017829178476234872,0.002990129563412277,0.01806158024229525,0.01896973625439449,0.018377924581190145,0.01725212553810855,0.01662036886534185,0.015991436374060725,0.001674888164031176,0.019805307394093235,0.020527780036503566,0.01644888328219821,0.01920421793304207,0.01652547451825651,0.019117739979882597,0.002011737012341082,0.01881244410923908,0.01768476343800378,0.005486068444026504,0.005187093975691598,0.0052706481317511536,0.0036746616776729174,0.0004453081560496849,0.006982984219097475,0.006944921665219844,0.017847194649070516,0.017869248522941732,0.01736566209101551,0.017033887166905952,0.0015259143555385198,0.018694266171589292,0.016310251396895993,0.01961829566978073,0.019284324722831224,0.01749011825108667,0.016477432924237752,0.002177975750399147,0.02014312406266707,0.018746944021651904,0.017819866520847712,0.01929255596571013,0.018293013418800567,0.018669731834619605,0.0022520533708193045,0.018494539178585664,0.018194834667904714
dual_slot,0,133000,190.0324953238014,191.56812275003176,0.5359082221984863,1.1216158866882324,36,0.6944,0.30826734693877544,0.0182,0.02,0.0177,0.0208,0.003,0.0201,0.0198,0.017,0.0201,0.0148,0.0151,0.0028,0.0196,0.0215,0.0183,0.0167,0.0167,0.019,0.0034,0.0196,0.014,0.0058,0.0043,0.0046,0.004,0.0003,0.0074,0.0055,0.0176,0.0195,0.0159,0.016,0.0018,0.0198,0.0153,0.0179,0.0157,0.0154,0.0188,0.0019,0.018,0.0146,0.0207,0.0177,0.0183,0.0213,0.0018,0.0191,0.0172,0.014563615184111062,0.013046621749536372,0.015874097745111244,0.013371180645990228,0.038361113353007445,0.013135239773701261,0.015984186446255606,0.011549450594578863,0.013412918019722253,0.017019764943255744,0.016083469078974778,0.04004865074567977,0.011324278944323491,0.010415014330507674,0.017649355429575547,0.014175155423841863,0.015562474098888165,0.015472971089876582,0.0400553733087538,0.014250081672431133,0.01464734954177698,0.03476826440248829,0.03443739350388707,0.03528733093831924,0.03709275564384975,0.04294792019942506,0.032391773368642275,0.03279473605046128,0.014781050261060948,0.015032589870192292,0.015404924879521019,0.017114138336631446,0.04113557715847314,0.013035594854184969,0.013486068548475597,0.01205291249414767,0.010944346343407844,0.01472341542085016,0.01594217294080961,0.04024198593380512,0.012495580427243694,0.014199501961321422,0.016242406437874377,0.012796282454736196,0.015099194420988813,0.014585285175327672,0.039726621506396206,0.01389696237403587,0.01134085197354299,0.017822646680184576,0.018590216633051083,0.016790212894864258,0.01850975398006379,0.00305698849177112,0.01857531245327433,0.01691848348394733,0.019619152697206023,0.018249961718686716,0.01605346100948647,0.01677989726177678,0.0020293105341561615,0.019521902920417097,0.020270940158793452,0.015943489959297043,0.018059211235602734,0.01725342322815711,0.017229803846758998,0.002025216621973915,0.017857332584968785,0.017576341559788745,0.005323089703451736,0.005485521244878737,0.005006988122695474,0.0038684565489648785,0.00030277345471090727,0.006770327235821699,0.006485868178895026,0.017573045381969497,0.01738080007672095,0.017193117685853937,0.016113176920069448,0.0013673931622344743,0.018675056801166927,0.018478851947429726,0.019312554041121435,0.01983139959907486,0.01756908139601279,0.01690500640425059,0.0019115731067483289,0.019042977746479832,0.01796625966048764,0.016683107453686067,0.018977043469856673,0.01749648918069124,0.01780945007049064,0.002225420174366957,0.018033312975837476,0.019746185262978076
dual_slot,0,134000,191.21217939408962,192.76415095897391,0.5345027446746826,1.1181715726852417,36,0.7059,0.30045918367346935,0.0179,0.0211,0.0193,0.0215,0.0033,0.0192,0.0175,0.0161,0.0192,0.0143,0.0158,0.0023,0.0204,0.0236,0.0177,0.014,0.0174,0.0198,0.0027,0.0204,0.017,0.006,0.0043,0.0047,0.0039,0.0002,0.0064,0.0075,0.0176,0.0184,0.0157,0.0159,0.0021,0.0184,0.016,0.0184,0.0154,0.0168,0.0194,0.0024,0.0191,0.0176,0.0214,0.0179,0.0188,0.0208,0.0016,0.0197,0.019,0.014195036223715561,0.012704320673573405,0.015185635484734557,0.010598739160937964,0.03844245008335736,0.014788971404863238,0.014984704833918174,0.012461987760853317,0.01653664195213616,0.016287417007132134,0.015070085685273585,0.04041394419239868,0.012620734689960883,0.01148146918302988,0.017646026007857123,0.014124400152193671,0.01587115559592845,0.010861030126889529,0.04122976644658635,0.01470788939738589,0.01438195901503621,0.03505650877943206,0.03625884520994938,0.03673239552759499,0.038009865142509314,0.043203328281102515,0.03439335597065532,0.033186720958194145,0.012594106407946878,0.01605095806191224,0.014480323104480178,0.017610326609603728,0.041146829775949856,0.012386502210851087,0.016051409104011,0.01350336770063637,0.012951457319021977,0.015549239572422824,0.01592587419870827,0.04044228062468837,0.011057942256600546,0.012942010189004694,0.01211950236264815,0.012341829685522453,0.011628603745482805,0.013997262093601172,0.04062366195654629,0.012732796779712618,0.012428331293448624,0.017996399198622493,0.018815849411102804,0.017517136663532187,0.02020082926318375,0.0032405311527179442,0.017560659698413306,0.017403744081393946,0.019118010558004682,0.016586494231151137,0.016697492641796395,0.01743046038991704,0.0020925367097232228,0.01882711489419403,0.019513078409740356,0.015957585145665865,0.01803892990603947,0.01683094043205876,0.020003838666523596,0.0015622592136236432,0.017726667511639975,0.01792291355748246,0.0052792413446299995,0.004633427175288476,0.004270172643406731,0.003461932508589333,0.0003348947717877567,0.005639469992554186,0.006444122382432646,0.01911658555751914,0.016722679512264575,0.01782462502440413,0.015940017621665577,0.001612196238673032,0.01900721118644683,0.016761470435163503,0.018334734952325335,0.018745170887164906,0.017181019391025027,0.017071431296792203,0.001997350051494109,0.020080588341678536,0.018555546601614528,0.019167974549692157,0.019073171474834463,0.01954167467169746,0.018076418542803705,0.0019272009802679183,0.018954953653807876,0.01898202546426344
dual_slot,0,135000,192.43812094128225,194.00530004198663,0.4957873821258545,1.0873196125030518,36,0.7029,0.3028673469387755,0.0195,0.0201,0.019,0.0215,0.0027,0.0194,0.016,0.0174,0.0192,0.015,0.0157,0.0023,0.0202,0.0233,0.0176,0.015,0.0173,0.0195,0.0024,0.0202,0.0161,0.0059,0.0036,0.0047,0.0033,0.0004,0.0054,0.0066,0.0179,0.0185,0.0159,0.0161,0.0021,0.0188,0.0155,0.0182,0.015,0.017,0.0194,0.0027,0.0191,0.0173,0.0208,0.0183,0.0187,0.0218,0.0016,0.0197,0.0192,0.012285513221467823,0.013120798327479172,0.013734238539450765,0.01236107895360735,0.04006568389335817,0.01320337492782407,0.012905008486346372,0.013741950645896632,0.014539408543796348,0.01608471443194096,0.0152874724359773,0.04215101573868658,0.01203617510575868,0.010518900753120545,0.01810787889157476,0.014211865724286723,0.014574277531939274,0.011790822153401341,0.042110837482386254,0.015048753855666723,0.014041095958707691,0.035769860957497124,0.0367970238204175,0.03684651661334794,0.03863620245218345,0.04437118679042233,0.0340396379424918,0.033593673444851514,0.014213855101311845,0.01484838562907352,0.016413216151300144,0.015624355065064561,0.04170348261951079,0.011713218091437471,0.016336091509461352,0.013576806584005969,0.013395676573696419,0.015305711013960626,0.01471203417734131,0.04220604468801495,0.012484787831570882,0.013870889321858884,0.012423687405320566,0.01191365520039058,0.011850695949652856,0.01152707515454899,0.0405481201210697,0.012158117623995077,0.011199126563528257,0.019266248885344398,0.01878016228880738,0.018384113817585993,0.01906602409244293,0.002865455358383117,0.018614920084699314,0.018788551730965955,0.01837962582714127,0.017720239931504338,0.016860025676333004,0.017441160929795148,0.0016128528921477141,0.01948947394181585,0.020333375498973072,0.01572172595672617,0.017949913006516084,0.017699948239902147,0.01947600486859568,0.0016362342642316412,0.017580081043895374,0.018127415923761755,0.005365370579174794,0.004767622461157466,0.004699758078907288,0.00369732912645676,0.00032084447190709037,0.006450383180259987,0.006631783177502498,0.01806594280658775,0.01757949601725197,0.016746982078245137,0.017166990137254413,0.001873290734475046,0.019325853349063293,0.01675280156451636,0.018358542417116076,0.01850301188487887,0.017274297154649648,0.017815094508717218,0.0016198917938606936,0.019228407832191857,0.018304591133346988,0.019185839671442592,0.019677960790241693,0.01948022435555475,0.019551365044012243,0.0025847059684002537,0.019379448098597953,0.019781274254077025
dual_slot,0,136000,193.6454807590926,195.23089400003664,0.5325114727020264,1.1285507678985596,36,0.7011999999999999,0.30258367346938775,0.0192,0.0205,0.0178,0.0204,0.0025,0.0186,0.017,0.0174,0.0197,0.0153,0.0155,0.002,0.0196,0.0241,0.014,0.0157,0.017,0.0195,0.0026,0.0198,0.0169,0.0053,0.0048,0.0045,0.0039,0.0004,0.0064,0.0073,0.0191,0.0193,0.016,0.0171,0.0022,0.0201,0.0158,0.0188,0.015,0.017,0.0199,0.0026,0.0192,0.0185,0.0196,0.018,0.0169,0.0186,0.002,0.019,0.0188,0.01354247864831162,0.013673677313483613,0.016558268965814867,0.015110845122227354,0.03897513660140707,0.013271655802640005,0.012569938794850095,0.012137147054812732,0.013170669084367911,0.016127658931767527,0.014400436486992909,0.041789869744005705,0.010896755727857756,0.010210972939084382,0.01805013377675253,0.014035035519145722,0.014829822364107298,0.013533115683298229,0.040881391338069846,0.01475987830556287,0.014097800054018433,0.035397885892208755,0.03602485029536987,0.036812974186015,0.03857744234725757,0.04376238656286038,0.03393261327398299,0.03284965387245548,0.01428162812231874,0.014553490212310746,0.014197722618342524,0.01498824181199088,0.04177076922318827,0.01278628245448919,0.014435380305423934,0.012362421926525358,0.01461551269837057,0.014366689397709898,0.01573834019165019,0.04144060919999957,0.01151657784491091,0.012969435486483586,0.014783516690056356,0.013649990594012467,0.012056470850145367,0.013222868403235244,0.041236706388123906,0.012639265612439301,0.012407585279544468,0.018380403792282035,0.018302592828344812,0.016826181695430105,0.01741117857315508,0.0031406190000506846,0.018580085202926477,0.018879070205258718,0.01933106170753537,0.01860091564378306,0.016964379277178768,0.01787156838334116,0.0015103268708360098,0.019871397277454468,0.02031718205451469,0.015667952884093925,0.018166404441296753,0.017577846821410142,0.018425019255279392,0.002010062386725524,0.017619329062177523,0.017972930213800878,0.005301268069265709,0.005007554647736504,0.004462011175508448,0.0033764824764595395,0.000301409213725515,0.006248413151943396,0.0068516294039967585,0.017863905940006523,0.01770267067703693,0.017913668398606766,0.017562016826288315,0.0015216549581649394,0.018828886668916852,0.017968031494169964,0.01896308127110951,0.01770494904192571,0.018165020519494233,0.016999962925456212,0.0016784029080972704,0.019581919784439076,0.018720262743903388,0.017722497170433366,0.018433828386472114,0.01933984644168013,0.018569957407183556,0.0017993330587261448,0.018955141536155587,0.019209733406880026
dual_slot,0,137000,194.90663928107824,196.51082429196686,0.5348121523857117,1.0402053594589233,36,0.7224999999999999,0.2839510204081633,0.0197,0.0216,0.0181,0.021,0.0032,0.0201,0.0196,0.0174,0.02,0.0154,0.016,0.0025,0.0202,0.0227,0.0175,0.0168,0.0175,0.0199,0.0025,0.0196,0.0159,0.0059,0.0049,0.0047,0.004,0.0004,0.0069,0.0067,0.018,0.0188,0.0163,0.0171,0.0024,0.0199,0.0172,0.0192,0.0155,0.0169,0.0206,0.0022,0.0191,0.0187,0.0213,0.0177,0.0187,0.0217,0.002,0.0189,0.0196,0.012468655259661603,0.013356622507318554,0.014244227633539679,0.014426141899138965,0.040663562740367115,0.012153340527966886,0.014585358611160382,0.012388766596270915,0.014032929291040039,0.017256854123216515,0.015262993003104276,0.04210185949629385,0.01020408163265306,0.011189535311528822,0.0180139114582529,0.01346030615206829,0.01316458228198384,0.014195812357760013,0.04149270132114668,0.013491845414338741,0.015849346390772553,0.03656576631912795,0.03675629421993186,0.036875890922835566,0.038277131211460404,0.043895243552649725,0.03550095822252812,0.033979184623986754,0.014002920718302888,0.015989460312812356,0.015140702623341381,0.015936501955821265,0.041904205614509145,0.012069797551328192,0.01481467486533366,0.013446531666195445,0.01226710126944454,0.013480612687863207,0.016191350307708536,0.04152900776302422,0.011437322456057771,0.010680711767850364,0.01305985516003861,0.010886044369371711,0.013701278307223829,0.013286559087750786,0.0413923665626991,0.012418865096837362,0.01051022677438153,0.01911535027375936,0.01859654395284665,0.018038886706054875,0.017854475949337905,0.002446799310137343,0.01922145197391273,0.01783957653114049,0.019162026256061317,0.018201402988811448,0.016317783310840196,0.01740459739487267,0.0016064558737189354,0.02056417302431272,0.01990175510654008,0.01591452529536332,0.018575027945685073,0.018552495932183208,0.017910923955578435,0.0019233018968496237,0.018595663224786993,0.01710107536305173,0.004880052238626753,0.004690608854409181,0.004620732937712383,0.003841102720414136,0.0005195856007221654,0.005619367607118187,0.006352233465844488,0.018101748384600883,0.017019211996363456,0.017436984627028012,0.017011091099699196,0.0016828752042632679,0.019309325535877442,0.017666533051023208,0.01850495086677339,0.019194048292974122,0.018445976090153894,0.016901255162079812,0.0019411518897604007,0.019678857270422824,0.020003729326727275,0.018613684104359096,0.020000948605106695,0.018277986855035577,0.018676541909680704,0.001981923773982147,0.019027253318777373,0.020181462383742643
dual_slot,0,138000,196.13157106447034,197.75247095897794,0.5094984769821167,1.1516588926315308,36,0.7193,0.2866673469387755,0.0197,0.0203,0.0186,0.0205,0.003,0.0204,0.0195,0.0173,0.0194,0.0155,0.0157,0.0027,0.0201,0.0233,0.0186,0.016,0.0185,0.019,0.0023,0.0198,0.0168,0.0059,0.0043,0.0047,0.0038,0.0001,0.0063,0.0063,0.0178,0.0189,0.0168,0.0169,0.002,0.0196,0.0168,0.0185,0.0155,0.0174,0.0199,0.002,0.0192,0.0191,0.0217,0.018,0.0186,0.0221,0.0019,0.0187,0.0195,0.013673475310225353,0.010707776085910762,0.012838254631937922,0.013006977550265354,0.040016746802980105,0.014597127458889018,0.014044919842165288,0.012966826181736592,0.014162825817813038,0.015100359958120396,0.01657192598781757,0.04288463907319787,0.01020408163265306,0.01020408163265306,0.016608737314833172,0.013396941095521408,0.015978662278870175,0.01370250935551015,0.042304357687265856,0.01290258920944442,0.015418168858513812,0.036000744325019915,0.0367973157567829,0.036475493915721885,0.03891417034278516,0.04487164675692365,0.03587657793056666,0.03384623355670867,0.014003819363036275,0.014165942924541314,0.01344287266650073,0.015562188989328516,0.0425269929615693,0.013564200570285088,0.015037031327042049,0.012118256511574261,0.013919867649479447,0.014082772313641925,0.014197385212987053,0.04188567191962969,0.011767346128331,0.012478846037096283,0.014404250990943043,0.011208546700982518,0.0115627552350298,0.01182775031027792,0.041295822931917754,0.014175970802655017,0.012697542102317674,0.01848024272744911,0.020070362508241766,0.018882941383947274,0.01886393520336925,0.0030413903226816285,0.017714135438009773,0.018188282842039164,0.018730799726669835,0.018159468691223743,0.01777599475340319,0.016694461897316222,0.0013903889961383456,0.020498033079802934,0.020557819083863626,0.016634207684375776,0.018600376707753496,0.017153182160116884,0.01826821577559263,0.0017635105359046412,0.018845904960400665,0.017280537073442306,0.005470528479743765,0.00493382959808701,0.005158159966067974,0.003715189077352391,0.00024649933342313596,0.005424821657063231,0.006632722083574569,0.018133818753666927,0.018118611720979234,0.01841768461109436,0.017314814406455468,0.001596280343893528,0.018543150509053245,0.017499952069113513,0.01929743319180685,0.018299335959732696,0.01808836675829803,0.018100510880695742,0.0019654789717422744,0.019538509384667238,0.019050784866091977,0.0180986089443984,0.01982113909235742,0.01973441420497175,0.019464673129195746,0.0023441084322190268,0.017995651326285785,0.019081134915964876
dual_slot,0,139000,197.3068092650501,198.9444505419815,0.5334247350692749,1.2028403282165527,36,0.7222,0.28287551020408164,0.0204,0.0203,0.0185,0.0202,0.0026,0.0193,0.0196,0.018,0.0197,0.0157,0.0152,0.0024,0.02,0.0239,0.017,0.0166,0.0189,0.0197,0.002,0.0198,0.0173,0.0057,0.0045,0.0045,0.0042,0.0,0.0061,0.0073,0.0193,0.0189,0.0163,0.0178,0.0023,0.0198,0.0165,0.0185,0.016,0.0173,0.0201,0.0023,0.0191,0.019,0.0208,0.018,0.0189,0.0216,0.0019,0.0186,0.0198,0.012827361995249574,0.012818813732783412,0.012822497874659687,0.013465059074562566,0.04098573413059299,0.010643521939458774,0.014261321869818242,0.012883296022231885,0.017520018445144565,0.015497234882450233,0.015612401902973628,0.04287796632441288,0.011253588133464065,0.01020408163265306,0.016918023150407732,0.012765724107618615,0.013019203512232671,0.013206000267511547,0.04289134005255915,0.012752171524201637,0.013099010644389134,0.036224160322651855,0.038350952767225985,0.038529609243035404,0.0397576629499837,0.04508426528206299,0.03520442258152696,0.03332941703654514,0.012718947919560701,0.015717334078181346,0.01425175662554069,0.016626306915037605,0.04248791833094669,0.010275249065740115,0.013833735595246406,0.012112537129571613,0.013205102485391286,0.012735691939833833,0.01723990791262288,0.04257574759375049,0.01184513117379382,0.01207088882775372,0.013301070004490254,0.012229938825946501,0.013339589008584398,0.01290568385693347,0.04205275899871878,0.011256240374230729,0.012413601935716442,0.01893950547356557,0.018749077479283883,0.018864159848313352,0.018653248232989198,0.002693467606395891,0.020070171473924654,0.018198261012825907,0.018712232083767814,0.01625810590794416,0.017296743690333218,0.017348124370229805,0.0015341148121308626,0.019877827613480704,0.020460420712454873,0.01652396302959502,0.01877941306838482,0.018751761590146535,0.018605962800411224,0.0015264730192093017,0.01894340705980532,0.018706159528332992,0.0053751842805400745,0.004198990475728844,0.004018780568865152,0.0033951915798846434,0.0002734282202525362,0.0059969283310211995,0.007107375260615333,0.018923328638440477,0.017288165774916917,0.018008414125347247,0.01665158816061128,0.0017569895380816943,0.02043685382373826,0.0184035227379518,0.019308896288823107,0.018606475796112697,0.01899188604934323,0.016457224501597985,0.0017458661040280286,0.019461692944901177,0.019371756767557702,0.018668827135235953,0.01916368756747592,0.018607754747670346,0.018894752100259808,0.00200564103364092,0.019798187114250024,0.019254054353248572
dual_slot,0,140000,198.46141570690088,200.11965954198968,0.5243771076202393,1.1458802223205566,36,0.6761000000000001,0.32568367346938765,0.0156,0.0202,0.0183,0.0199,0.003,0.0197,0.0143,0.0169,0.0191,0.0155,0.0151,0.0017,0.0194,0.0187,0.0161,0.0163,0.0183,0.0189,0.0015,0.0176,0.0142,0.0053,0.0043,0.004,0.0039,0.0001,0.0065,0.0059,0.0192,0.0188,0.0162,0.0179,0.0017,0.0195,0.0113,0.0191,0.0155,0.0164,0.0198,0.0023,0.0182,0.0148,0.021,0.018,0.0185,0.0216,0.0019,0.0181,0.016,0.014112757929801118,0.012139863187455325,0.013028325680435217,0.014659533666958458,0.040457229150187485,0.011877077179913287,0.01582282559432891,0.012161234808081879,0.01355950836961372,0.016274860003990962,0.017303768640397732,0.04217871136079242,0.01020408163265306,0.01020408163265306,0.014221290974470856,0.013238349390647742,0.014550615674456284,0.013116319640239753,0.04306703784164321,0.0128503068031659,0.014127560777633236,0.0376057278860793,0.0369091244726566,0.037802525124401125,0.039523058505110634,0.045244060357107846,0.03669774961330697,0.03465781043497513,0.01360107503372639,0.014188509705759762,0.014497872811396209,0.013716997108975261,0.04318918561986611,0.013717531612781357,0.015111637602733066,0.01169406231146219,0.013027192941552572,0.014863345971084675,0.01206996393862588,0.0432224364507532,0.012067650879785289,0.012384693892461902,0.012734926129714535,0.012139446362665028,0.012607272201186584,0.011243425862048132,0.0424145623038493,0.013683881875883434,0.010228933050531878,0.01813412489333362,0.019296859766659277,0.01867364387260998,0.017744580952899956,0.0029732454699599262,0.0193293433922564,0.01712108453739253,0.019167499949933095,0.018449231033054982,0.016902688508547817,0.016277605789328332,0.0020318289004438643,0.02080841639975475,0.020735047508017163,0.018111371838113836,0.018632148785514727,0.018040990757142612,0.0187407139590807,0.0015649404728040129,0.018735972942076143,0.018125693855023026,0.00475358271810768,0.00503314928411362,0.004563370836277335,0.0035053071777206555,0.0002468810737559903,0.005153538925166831,0.006315396802709071,0.018425556525179725,0.018208167578738055,0.017797593226756114,0.01835953250949359,0.0014172455758874748,0.01847641558009477,0.01764333282509934,0.019550767954260934,0.018752414029881325,0.017745686104168993,0.019180421244251067,0.0013983073937047172,0.019337988658840535,0.01915741517620402,0.018957938599576882,0.01910178467136786,0.019069707052790992,0.019846492767638113,0.001897498779709335,0.018456518461252874,0.020502427379458996
dual_slot,0,141000,199.67549613211304,201.35120191704482,0.49305421113967896,1.1248393058776855,36,0.7199,0.2868428571428571,0.0184,0.0208,0.0191,0.0204,0.0033,0.0195,0.018,0.0174,0.0208,0.0161,0.0154,0.0025,0.02,0.0243,0.0156,0.0163,0.0185,0.0193,0.0018,0.0206,0.0171,0.005,0.0046,0.004,0.0043,0.0002,0.0067,0.0069,0.0192,0.0186,0.0162,0.018,0.002,0.0205,0.0165,0.0186,0.0157,0.0167,0.0203,0.0018,0.0192,0.0192,0.0208,0.0182,0.0189,0.0218,0.0021,0.0188,0.0199,0.011438681319009183,0.013924817009991014,0.013481822965077255,0.011753128988844846,0.04056183833028666,0.013432866057626038,0.01999333465657608,0.013037729947935454,0.016496500425232905,0.016179408625497976,0.01590305252778052,0.042887813798427245,0.01020408163265306,0.01079457032071491,0.016876009689726287,0.012064792966496509,0.013584924993866945,0.01309565129639312,0.04264011683725348,0.015256985846827865,0.014910563773522616,0.037367737860988084,0.03787326212308728,0.0375129323380126,0.03975254023926539,0.044852928892011326,0.03608273586944796,0.034687598612907926,0.011197340584263039,0.01352908538367222,0.013709905334349902,0.01649435715522682,0.04241750758894097,0.01031386796630398,0.012377391456902028,0.012049132001992808,0.013159292940355272,0.013745169889758692,0.013012346030550483,0.04251407298960936,0.010739323748873415,0.012288310125691879,0.013734471817952787,0.012030798731849077,0.012354342730196588,0.012047078517988535,0.041660891999298955,0.012224471771987254,0.011752413288775462,0.019810527090802776,0.018193419805276258,0.018407700928217828,0.01951351028425485,0.002881863197929654,0.018435698867341636,0.014801023555334806,0.018778860541788022,0.016839888678340832,0.01698216763489596,0.016983962773022738,0.0015516623549664734,0.020746559045952215,0.02017888737861692,0.016427538831878617,0.019335272941913093,0.018387800465157474,0.018550423433382094,0.0016542551351127201,0.017548753995126655,0.017746869125850745,0.0047866605747310395,0.004380369079958359,0.004625500384387431,0.003305629742186768,0.00042783375496197756,0.00544341466342688,0.006280341448806666,0.019792297312081084,0.018419734549402628,0.018394450526345175,0.016802051891856663,0.0017815630168219853,0.02037567098612815,0.019039313661581785,0.019305166782368866,0.01882652744829731,0.01833522059896943,0.01867618983646866,0.0017654007824558706,0.020132357310481415,0.019246508335543783,0.018302276213424725,0.019276588886240873,0.01924780748533724,0.019345403648217047,0.002214263494074001,0.019243954316855993,0.019396732085577517
dual_slot,0,142000,201.06775427807588,202.76540766702965,0.5394734144210815,1.1871426105499268,35,0.6891,0.3142510204081632,0.0201,0.0215,0.019,0.0207,0.0026,0.0169,0.0081,0.0177,0.0206,0.0156,0.0153,0.0009,0.0183,0.0144,0.0187,0.0166,0.019,0.02,0.0013,0.0198,0.0144,0.006,0.0047,0.0041,0.0035,0.0006,0.0055,0.0079,0.0193,0.0188,0.0155,0.0173,0.0011,0.0182,0.0142,0.0191,0.0167,0.0169,0.0206,0.0018,0.0191,0.0175,0.0209,0.0178,0.0187,0.0215,0.0019,0.0186,0.0198,0.012759397252851362,0.01309213990202891,0.013180669246258069,0.012497735948554186,0.04026591174857915,0.01334180423789929,0.020524827312756396,0.012578218316369391,0.014045683498310188,0.01482312725709873,0.015520357934450751,0.04188913439918226,0.012193455814290384,0.011013073861457104,0.015877607957502444,0.012707869551666548,0.014998898728629806,0.014276555593992985,0.04262686813973493,0.014024102752436384,0.01326651518838829,0.03600592790310706,0.03696437471722031,0.03696750186160003,0.039919433535181195,0.04494606264737782,0.035975686640017476,0.03485091810085431,0.013962615456939791,0.01338464782793821,0.01385721817464887,0.015542146690791278,0.04293829131702304,0.012488312637903537,0.014199590755802181,0.01155026813368347,0.010333505677239889,0.016358547492934424,0.014334967123610948,0.042045124405501115,0.012192011610672559,0.010603051614183984,0.015664855060706258,0.01020408163265306,0.013840247600605917,0.010912814417960432,0.042212406316215714,0.011663566107107576,0.010577869898081911,0.018895180188055503,0.01870439421654257,0.018614571295574863,0.01900614746713874,0.003084598455479583,0.018561243186793617,0.014403622277994101,0.01903812597292996,0.0182748446455776,0.017750953636369707,0.017429304719572387,0.0020366973510090444,0.019180613773670512,0.019857414052156797,0.017107279357971527,0.018924724830302813,0.01765017085110547,0.018025281097064003,0.001652762532339179,0.01817003098336991,0.01844816196750371,0.0054880997764886336,0.004899488828082493,0.004897695804915732,0.003205135041887526,0.00032299678586282125,0.0055445018293610576,0.006150352324439492,0.018205286197680477,0.018692927787771638,0.018304780755147108,0.017338686613994365,0.0014351380909186418,0.019050613048113767,0.018108473231371065,0.019510338343236282,0.020168935755263913,0.017026833650440373,0.017874601946825403,0.001986319242853128,0.019259566842422655,0.020209697633110868,0.017190203829607953,0.02065182530433937,0.01854888624044534,0.02007115020663125,0.001890404150720785,0.01967975123518193,0.020185073673474635
dual_slot,0,143000,202.36511844373308,204.08042616699822,0.5025192499160767,1.115617036819458,36,0.7174,0.28855918367346933,0.0191,0.0207,0.0179,0.0191,0.0029,0.0187,0.0189,0.0179,0.021,0.0161,0.0155,0.0022,0.0193,0.0236,0.0149,0.0168,0.0184,0.019,0.0023,0.0202,0.0169,0.0049,0.0049,0.0039,0.0041,0.0003,0.0066,0.0068,0.0195,0.0194,0.0158,0.0183,0.0016,0.0203,0.0172,0.0188,0.0164,0.017,0.021,0.002,0.0191,0.0194,0.0183,0.0181,0.0188,0.0217,0.0022,0.0192,0.0204,0.011185034522025076,0.010821884211914625,0.011153546703128708,0.012911879802954381,0.04052886743342288,0.013173356176597789,0.015681575619226555,0.014941448360448098,0.013101238713821975,0.01449493078067391,0.014741778100169361,0.04268722825233614,0.013601104871345915,0.01020408163265306,0.016738743341050823,0.011477923028440248,0.01343361831272383,0.012501099976980167,0.04260389076983928,0.013981615428689182,0.015597292184857944,0.03781327156430096,0.03755233282569969,0.03839201045085264,0.03960199531046915,0.04531071019863052,0.03577198853769767,0.03447470717752314,0.01491669416695092,0.01578052379912817,0.01492273850758742,0.014397309152840345,0.0427106767634364,0.011402137057399264,0.012498991532157012,0.012086093571015867,0.010383882443870384,0.015724241392404033,0.012676859954627319,0.04295353086979557,0.013108504165249536,0.011012583329290561,0.017047185117894346,0.013020743610089838,0.01387348620204363,0.011185148795114284,0.04215846697809999,0.012131370935592882,0.011529677366938492,0.019920262755220904,0.02008749744692913,0.019977212748169382,0.01897834486761787,0.002977280565212199,0.018673556259556984,0.01724869549860954,0.017591019471780628,0.018831712002264113,0.01784467565818936,0.01778257247339964,0.0017511663000214534,0.018508687237449292,0.021159705937288754,0.01653095575865525,0.019636692149727512,0.018486644931410712,0.019133574272528327,0.0017985083733296269,0.018370653095601465,0.01729657494503623,0.004598072020443674,0.00474630521062037,0.0041911790042697605,0.0036991274249924128,0.00026082760843905645,0.005718614632007097,0.0064165073100930815,0.017761331749739075,0.017231547853471196,0.01779696060129015,0.017939194720145556,0.0018159707496734438,0.019679744386119326,0.019017584530684604,0.019408392198608838,0.020219128500005075,0.01722445807145191,0.0190337291428566,0.0015998860158060264,0.018866647169354652,0.019901040741625263,0.016472924704252916,0.018838376886721395,0.018353953778514343,0.019724885339353466,0.0020515432043556477,0.019265483687500938,0.019724479221327335
dual_slot,0,144000,203.67806291405577,205.41061787493527,0.4961194694042206,1.1513972282409668,36,0.7176999999999999,0.2852510204081633,0.0195,0.0195,0.0185,0.0189,0.0028,0.0182,0.021,0.018,0.0203,0.0164,0.0153,0.0028,0.0191,0.0208,0.0147,0.0167,0.0172,0.0186,0.002,0.0206,0.0172,0.0053,0.0047,0.0041,0.0041,0.0001,0.0066,0.0067,0.0199,0.0195,0.0163,0.0183,0.0018,0.0209,0.0172,0.0195,0.0165,0.0174,0.0208,0.0018,0.0196,0.0195,0.0204,0.0173,0.0184,0.0213,0.0018,0.02,0.0198,0.014383926872269037,0.01086594670848077,0.011982781975226252,0.01020408163265306,0.042367839315187186,0.010278971886019863,0.01020408163265306,0.013774959106700093,0.013181824417027435,0.014050303413889046,0.01468130111479143,0.043761376725053217,0.011955149465453048,0.011242902698033908,0.016873040374811493,0.011191421578167268,0.012335299413405028,0.01399069522103142,0.044294811461992274,0.014016440621074898,0.015120444983624507,0.03919608863109193,0.0389743431667682,0.03870315240588302,0.04193866924712956,0.04663676097899057,0.03761035224936946,0.03535705303166149,0.012592399330962395,0.01335946508732792,0.014690806829178647,0.01577274995095205,0.04460713484042184,0.014215379943577102,0.011926815782931189,0.01020408163265306,0.011927867381424082,0.0138747998274291,0.014806783731991905,0.04444915463556276,0.010215498096644907,0.011311884884880526,0.013772638093472673,0.01020408163265306,0.015214460670995016,0.01020408163265306,0.04358839656479828,0.011004872562663508,0.012882626558388378,0.018199634187609445,0.02015588586392249,0.0192738080687983,0.0205374218123413,0.0026758395085961627,0.020319518786507968,0.021246981828772157,0.01853150257643376,0.018854742434020594,0.01830332353947932,0.018037574524810123,0.0019164051983965491,0.019406054422511254,0.019755144137641855,0.016725957667344384,0.01993944973807097,0.01923794708878351,0.018296745640541755,0.0016647624481350765,0.01832177770261852,0.017720129849037872,0.004482469445634494,0.00452518878935023,0.004751104273457253,0.0029097237748427363,0.00034941069793482184,0.005385708685121963,0.0065355612944477835,0.0190587731736466,0.01860168382381901,0.01799333170772821,0.017325581540479782,0.0014554934737500995,0.018330549493010433,0.01930430789344541,0.020650144235567058,0.01949904730515198,0.01851615500581789,0.017852002922481038,0.0015415877451007967,0.020471297516788868,0.019834738502995428,0.018376517456060854,0.02097166106238668,0.017590769239444137,0.020483640233914614,0.002088798976365025,0.019884863117829922,0.01886154591057606
dual_slot,0,145000,205.14304591913242,206.89430412498768,0.5150854587554932,1.195770263671875,36,0.7351,0.273334693877551,0.0207,0.0205,0.0186,0.0203,0.003,0.0183,0.0195,0.0187,0.0208,0.0164,0.0163,0.0026,0.0203,0.0243,0.0192,0.0172,0.0183,0.0197,0.0017,0.0211,0.0183,0.0056,0.0048,0.0041,0.0044,0.0001,0.0059,0.0069,0.0202,0.0195,0.0166,0.0185,0.0017,0.0207,0.0169,0.0188,0.0159,0.017,0.0202,0.0022,0.0191,0.0179,0.0221,0.0173,0.0196,0.0215,0.0016,0.0204,0.0198,0.013409220575966862,0.012094471172399819,0.013304141865636958,0.012848995052159251,0.04134372554309446,0.011731736519242636,0.01225184941789146,0.011187728904527836,0.015139413991221434,0.01352601773385553,0.015546261963977282,0.04356256695437864,0.011628696524104044,0.01020408163265306,0.015897356368251146,0.01380258243841189,0.012294694538475537,0.011592211387248185,0.044535450017712315,0.010800647723926965,0.014072579166192027,0.03896522415046719,0.03843260732222497,0.039776331835391754,0.04015484167737999,0.046573639727336344,0.038101347064180335,0.035908033481787116,0.012022822135851655,0.011554881984686254,0.014278910333753272,0.015616600380496733,0.04444988147643988,0.01020408163265306,0.012135610907450033,0.012709281990436446,0.014259897850871409,0.014968412036934796,0.015883987231761487,0.04345232369088127,0.012584076537467367,0.012314329121246928,0.011059842436456926,0.012611984143818866,0.014008645346985423,0.013026115697935662,0.04328789158692853,0.010679887094195827,0.01020408163265306,0.01865168458488145,0.019173283309692642,0.018748044777293263,0.018996228848443195,0.0032241459921037996,0.019800764049811896,0.019126530040978133,0.019902089954296952,0.017551988573706163,0.018548934515760482,0.017681703565984155,0.002053310765959348,0.0197397625643626,0.022795414380324102,0.017334007562122555,0.018515315831292848,0.019220354801438737,0.019681532309383798,0.0014837511334713633,0.020113158955380378,0.018250903556531424,0.004560166179992641,0.004811530875969465,0.004117882500475164,0.003872424809356113,0.00037235980888908983,0.004992161646123634,0.006227201967054712,0.019329539850841418,0.01962376241860806,0.018255582064588376,0.01740897418438001,0.0015304102515987376,0.020350763308323916,0.01934616298883474,0.019150537083004904,0.018187824258787174,0.017801483126744285,0.017341297532355263,0.0021134246042669794,0.01906255955713387,0.019287773386402453,0.019854636841863695,0.019047341998413764,0.018207640616563478,0.01889964787357573,0.0022421492259787033,0.020061820240505998,0.020963233419868346
dual_slot,0,146000,206.47144664963707,208.24273995903786,0.4868437349796295,1.2081513404846191,36,0.7243,0.27885918367346935,0.0204,0.0204,0.0191,0.0195,0.0031,0.0183,0.0198,0.0183,0.021,0.0167,0.0162,0.0024,0.0202,0.0197,0.0171,0.017,0.0194,0.0189,0.0022,0.0219,0.0169,0.0057,0.0047,0.004,0.0042,0.0002,0.0064,0.0063,0.0204,0.0201,0.0164,0.0178,0.0017,0.0207,0.0162,0.0195,0.0164,0.0171,0.02,0.0018,0.0195,0.0177,0.0208,0.017,0.0188,0.0208,0.0017,0.0199,0.02,0.010629066664331891,0.0117607690908045,0.010548995018224957,0.011349945012417071,0.042139096851643534,0.015021139764024794,0.011549166099286017,0.012252609361637789,0.014063945055729152,0.013557429324879123,0.017570642733268173,0.04394155039923305,0.011233690443993796,0.01020408163265306,0.015002429275832521,0.012101524879346647,0.014201206298733813,0.013918873897490778,0.04423626665584598,0.011528852110626847,0.013062751735522522,0.03803289279430999,0.03958896163991447,0.03858159145446714,0.040879735985471836,0.04633084072619376,0.03746944571918142,0.03589692774275013,0.012821612977161036,0.01363632904322929,0.01475639498905188,0.01539090623991107,0.044575817747177615,0.010755464354704534,0.01393735929075196,0.01289312243227268,0.013811704410763683,0.014322662707327835,0.013696838647886598,0.04388972179052966,0.01020408163265306,0.011593288656856184,0.012532900206529664,0.011970029301408886,0.013134067676741266,0.013123882998213515,0.04342375590392089,0.012671548992440771,0.01020408163265306,0.020283085696233837,0.019700366490715264,0.02017082878444805,0.019613582094174752,0.0026973584524753263,0.01775279856968161,0.019933813235090383,0.019117638844924453,0.018395889473540598,0.018635117633375584,0.01627392168706719,0.001667989123823017,0.019911829859786692,0.021292600944984294,0.017802141015175355,0.019395960415930148,0.01828141268814134,0.0183193446947021,0.0015451281602036934,0.019671536678302064,0.018945966663117913,0.004914332965609656,0.004098457702738571,0.004612866095213647,0.0033892784562807978,0.0003552615200595727,0.005223902933074397,0.006126940702961947,0.018883140994402678,0.018513643427530355,0.01782013005529053,0.01758870339798095,0.001319508972031757,0.02005739008080075,0.018270125921215134,0.019039164658468475,0.018573538420612715,0.018136556919420503,0.01836321064652363,0.0016964648785447714,0.021365513722034483,0.019636133850955407,0.019041766013426185,0.01942914442067003,0.018828659147887415,0.018638942329788424,0.001991539079953002,0.019199964382047394,0.021087310649461018
dual_slot,0,147000,207.7951782734599,209.58655654196627,0.5197128057479858,1.1311993598937988,36,0.7354,0.2731428571428571,0.0204,0.0213,0.0193,0.0204,0.0029,0.0198,0.0193,0.0185,0.0217,0.0168,0.0169,0.0028,0.0205,0.024,0.0202,0.0178,0.0195,0.0192,0.0022,0.0208,0.0176,0.0054,0.0046,0.0036,0.0037,0.0001,0.006,0.0063,0.0204,0.0197,0.0165,0.0182,0.0014,0.0199,0.0162,0.0191,0.0158,0.017,0.0191,0.0019,0.0193,0.0186,0.0221,0.0174,0.019,0.021,0.0017,0.0195,0.02,0.013780854800597094,0.011933278518075323,0.012903925201764387,0.012546922607526795,0.04183926546933874,0.012657915761823159,0.01400920843450383,0.01196999334771672,0.011784760900383984,0.012344837675073219,0.015731663911501784,0.044042099500844374,0.01020408163265306,0.01020408163265306,0.016338524088837948,0.013268872344095942,0.011235975384919843,0.012168602622667946,0.04442190892653229,0.01137090082426519,0.014189050156686332,0.03846765325936874,0.03951115886120743,0.03995504893563701,0.042010653647267214,0.04677874659474273,0.039507337752785934,0.03644269859123233,0.011544789319542946,0.013902212454558152,0.013098701387438544,0.014886811902508613,0.04456874665814079,0.01020408163265306,0.011819848770332759,0.012494018222297499,0.014602637393572027,0.014531533488755355,0.014597293862631002,0.0440903760244238,0.01020408163265306,0.010424638059306842,0.011255751971504854,0.01230869354603722,0.014252273889422979,0.013215978262682785,0.043549147349277596,0.012624281154904608,0.01020408163265306,0.018452852712543127,0.019497397973645532,0.018773842869102858,0.019202504815504222,0.0030267334799481105,0.018985850433665626,0.018328578741015997,0.01947741713245891,0.01950009881327193,0.01935154540830766,0.017508376372315164,0.0018669758472142813,0.021290408990287096,0.020913006222454733,0.017060925135719555,0.018809607363112213,0.019837819820940548,0.019291205552192825,0.0016212145312324276,0.019686266078333643,0.018347893285462217,0.004822560281308941,0.004332791601525124,0.004052156495356885,0.0029334610884403428,0.0002995204730550954,0.004256746114388796,0.005963637907875713,0.019786945471159754,0.018230557791886794,0.01878502982188792,0.01785097185327327,0.0015022404144789312,0.021658371528459938,0.01936381589150718,0.019035983791037867,0.017966562004199535,0.0181615079710273,0.018047595045559153,0.0018016404335141722,0.02080369854047253,0.020279363535297676,0.01986611956268651,0.019254028164418086,0.018196298343690732,0.018838393231132063,0.0020961863788274636,0.019043217464716922,0.02085152041278751
dual_slot,0,148000,209.0899296667194,210.90011537494138,0.4887217879295349,1.2491397857666016,36,0.7303,0.278034693877551,0.0205,0.0217,0.0201,0.0204,0.0024,0.0203,0.0209,0.0177,0.0206,0.0165,0.0165,0.0025,0.0194,0.0234,0.0178,0.0177,0.0189,0.0188,0.0014,0.0209,0.0167,0.0046,0.0042,0.0037,0.0036,0.0,0.0059,0.0061,0.0198,0.0194,0.0166,0.0181,0.0008,0.0204,0.017,0.0188,0.0164,0.017,0.0204,0.0016,0.0195,0.0187,0.0222,0.018,0.0189,0.0214,0.0018,0.0204,0.0199,0.01020408163265306,0.010556022787935609,0.011348955985922782,0.012060513152571058,0.0422299429533143,0.01117407689305766,0.015755584920713158,0.012075081002774062,0.014488580697987242,0.014320212659996726,0.013778484617422352,0.04392096792010617,0.011947642588544487,0.01300876559406975,0.016495619894877116,0.012172004350151422,0.01288014202634489,0.012618598947165048,0.04520868550318945,0.012806545807357511,0.013660590413375175,0.038300888601044365,0.039494852188575916,0.03959824910373172,0.040953192323055,0.04668606295279814,0.037446203059946434,0.0359317085871454,0.01020408163265306,0.012239806158337434,0.013607635669788003,0.015083587907039557,0.04429790088554474,0.01020408163265306,0.01239398411444754,0.01020408163265306,0.012016881187519736,0.015345055338689701,0.01438889312499082,0.0445619256101518,0.01020408163265306,0.01429532202633952,0.0120751487758631,0.011774713622426351,0.013428179824726463,0.014309050948778289,0.04388568119103641,0.01260579854899827,0.011751851368884052,0.021013604188167403,0.020168694957728217,0.01969786970643024,0.019349479794603202,0.0028046335095678588,0.019988406215806578,0.01737652620433688,0.019224359904964187,0.018066426980970968,0.0181581056337225,0.01845308381184762,0.0018838477560781401,0.019450001829136976,0.018833143633996238,0.016934504744726103,0.01924970884358236,0.018825055890127798,0.01904559460131594,0.0011436057771785672,0.018943255017526906,0.018478216285687417,0.004904993752166679,0.0043329895801117995,0.00423762607433134,0.0034607788357019172,0.0003391539595880548,0.0054094439817456525,0.006312231515817953,0.020615378743893478,0.019329977350507434,0.018467988353143436,0.01782056258277867,0.001639540205642891,0.020506730524133994,0.019246025387481318,0.020981507633843877,0.019568550484224873,0.017678190062684097,0.018120708200241913,0.0014957752052665548,0.021489659064213563,0.01813259641727358,0.019380573001609072,0.019544163968368646,0.018643829465417407,0.018086058335043495,0.0018639993528849624,0.01920881458963807,0.019361300271767662
dual_slot,0,149000,210.34378126088995,212.17219429195393,0.5085071921348572,1.2809772491455078,36,0.7352999999999998,0.2744428571428572,0.0203,0.0218,0.0189,0.0213,0.0029,0.02,0.0198,0.0191,0.0215,0.0164,0.017,0.0027,0.0204,0.0239,0.0197,0.0177,0.0184,0.02,0.0014,0.0217,0.0171,0.005,0.004,0.0035,0.0035,0.0001,0.0059,0.0059,0.0208,0.0202,0.0163,0.0185,0.0012,0.0198,0.0172,0.0192,0.0163,0.0168,0.0202,0.0019,0.0186,0.0189,0.0216,0.018,0.0186,0.0204,0.0019,0.0192,0.0198,0.01020408163265306,0.010700673580848584,0.01263919917303102,0.013039553527319562,0.04325990689594807,0.01508600305256017,0.012336064755925177,0.01212768191033921,0.01275216467907453,0.01263561463920745,0.015927689572516425,0.04430279879690916,0.010244632182999314,0.01020408163265306,0.013823293227297494,0.01234455759651568,0.012282574256865887,0.0129660168828197,0.04533834743930091,0.014608091199360941,0.014414020159070617,0.03875129574823229,0.03967018762450209,0.039883460088695574,0.0417214324604071,0.04765870325953958,0.03933218896420991,0.03718750795269271,0.010794862030968999,0.01427864273186831,0.011415655079538138,0.013161172380476366,0.04544379972907978,0.011128785483312762,0.013622212950206847,0.012540280065364433,0.013573142800785604,0.016453711566311067,0.01228065184574634,0.0456181031369056,0.01020408163265306,0.01020408163265306,0.010906583330531058,0.010341267343561465,0.014665402910057966,0.013370571295953614,0.044026686727051165,0.01020408163265306,0.010324400802825947,0.020969122125085303,0.020096160846220786,0.019025865697228476,0.018969140184821764,0.0026194562924648336,0.01788049550896426,0.019343373360894842,0.019454226266177484,0.019082959217292493,0.019105897552791892,0.017237433119514298,0.002064671675755212,0.020377822557007992,0.02085548566005239,0.018435028621405728,0.01937791794556015,0.01933276606894744,0.01908638429112163,0.0015137934340850652,0.018095666591614365,0.018198906081347374,0.005096015976992667,0.004607195345722898,0.0044546788221627755,0.003476937220350392,0.00031850200615185124,0.00474793715432454,0.005966962790183801,0.020046055650130595,0.018231859975368987,0.01979393891252669,0.01874819290529444,0.0014967587411619948,0.019868419219788998,0.018463871797446595,0.019156612449474794,0.018568100523070945,0.017113856504752736,0.019294726229220408,0.0013649724898194921,0.020583232980674302,0.0207459387483574,0.020025686047629155,0.020326415790435405,0.018065178623088846,0.018793049483833025,0.002211554328409718,0.02054506821139026,0.02029632574225764
dual_slot,0,150000,211.58564359298907,213.43237029202282,0.48115402460098267,1.1498539447784424,36,0.7372000000000001,0.2752183673469387,0.0199,0.0228,0.0185,0.0209,0.0026,0.0201,0.018,0.0189,0.0221,0.017,0.0165,0.0022,0.02,0.0242,0.0174,0.0182,0.0188,0.019,0.001,0.0221,0.0189,0.0053,0.0044,0.0032,0.0038,0.0001,0.006,0.0066,0.0209,0.0209,0.0167,0.018,0.0009,0.0195,0.017,0.0189,0.0169,0.0165,0.0203,0.0018,0.0198,0.0197,0.0208,0.019,0.0186,0.0211,0.0015,0.0192,0.0207,0.011640975948548843,0.01020408163265306,0.014444412978008449,0.012939990545337926,0.0425530076358092,0.01156481225607012,0.010797054433705754,0.012982033129052512,0.011414730174247028,0.015367343502842664,0.015567712853556698,0.04446225749115236,0.0107432530614334,0.01077394820760547,0.01472791399380742,0.011432186092479878,0.01422891910533259,0.01298454884328342,0.045049498129676374,0.011606251180059902,0.01390970051224824,0.04009326538799566,0.039084491187395404,0.0405551872814504,0.04182745646077321,0.04753892751009119,0.038817697187847715,0.03817824256795154,0.012167503629490567,0.01020408163265306,0.014570626309366959,0.015439745938831134,0.04545427647704118,0.01114964836951899,0.011754386863779737,0.010263628011579906,0.011015234932362911,0.01327846956377598,0.012877300736808633,0.04542771337227006,0.011148788884118483,0.012249480728823581,0.013337805975325015,0.010317005404147733,0.013360754244659573,0.012344885550264023,0.044935635526102205,0.01300904692601074,0.01020408163265306,0.019673348594561817,0.021093227515179044,0.01814153037704407,0.01902072034277429,0.0030182007009548284,0.0195185912367748,0.020083651874203065,0.01903739628421789,0.019793818456950114,0.01772821939922812,0.017504340544740534,0.001962513390843507,0.019995112175179477,0.020095955325559026,0.017990573620102902,0.019823586144377982,0.018217212637545766,0.018840744233244437,0.0016498233566091794,0.019613713610979747,0.018387188055205315,0.004367010580852785,0.004904156034738972,0.00408198694805213,0.0034045374203123067,0.00032426836752950575,0.005007154249511298,0.0053867093412522105,0.019353924096807716,0.020475632444288093,0.0180352626321848,0.017689667026141703,0.0014342896435253277,0.020052154973482148,0.01961296029606935,0.020484874768305312,0.01992841405676277,0.018723301760455096,0.018936913499849446,0.0014484337909077875,0.019896362626617297,0.01915402346993472,0.018808894198156203,0.020261140225254402,0.018679487354580325,0.01925947293787803,0.0017104521671409282,0.018866762155222837,0.02057258355443213
